chr,start,mappability,gc_content,end,LL_RS2L_G1_1,LL_RS2L_G1_2,LL_RS2L_G1_3
chr1,0,0.746601,0.58805,20000,1900,2977,2479
chr1,20000,1,0.5914,40000,1681,2859,1917
chr1,40000,1,0.59945,60000,1638,2688,1756
chr1,60000,0.853838,0.6343,80000,1418,2036,1447
chr1,80000,0.92555,0.58985,100000,1390,2203,2033
chr1,100000,0.917584,0.63165,120000,1429,2079,2486
chr1,120000,0.930242,0.59895,140000,1510,2180,2602
chr1,140000,0.995396,0.59285,160000,1565,2613,2493
chr1,160000,0.993975,0.5966,180000,1584,2557,2606
chr1,180000,0.994887,0.62375,200000,1928,2947,3070
chr1,200000,1,0.59895,220000,1495,2428,2459
chr1,220000,0.990375,0.64915,240000,2354,3437,3584
chr1,240000,0.940738,0.63195,260000,1797,3005,2984
chr1,260000,0.962425,0.6117,280000,1675,2728,2715
chr1,280000,0.942304,0.63695,300000,1885,2788,3293
chr1,300000,0.987891,0.67015,320000,2513,3513,4189
chr1,320000,0.997667,0.6255,340000,2093,3232,3397
chr1,340000,1,0.64365,360000,2339,3494,3808
chr1,360000,0.999144,0.6574,380000,2433,3561,3709
chr1,380000,0.81864,0.61675,400000,1623,2316,2719
chr1,400000,0.966195,0.65755,420000,2138,3122,3482
chr1,420000,0.971133,0.6216,440000,1899,3075,3115
chr1,440000,1,0.6282,460000,1938,3027,3239
chr1,460000,0.995684,0.6324,480000,2145,3310,3452
chr1,480000,0.97762,0.6379,500000,2152,3326,3437
chr1,500000,0.91955,0.6569,520000,2186,3244,3666
chr1,520000,0.995899,0.65205,540000,2318,3335,3773
chr1,540000,0.98208,0.6722,560000,2537,3762,4200
chr1,560000,0.989524,0.6379,580000,2011,2980,3340
chr1,580000,0.980771,0.63615,600000,1969,3223,3392
chr1,600000,0.980442,0.69085,620000,2671,3765,4335
chr1,620000,0.920926,0.65855,640000,2892,3840,4376
chr1,640000,0.892129,0.63535,660000,2618,3632,4104
chr1,660000,0.999775,0.6499,680000,3421,4694,4723
chr1,680000,0.998261,0.6517,700000,3329,4514,4701
chr1,700000,0.928666,0.67915,720000,3419,4463,5116
chr1,720000,0.99895,0.6679,740000,3727,4816,5149
chr1,740000,0.986638,0.61155,760000,2910,4069,4145
chr1,760000,0.995074,0.67685,780000,3788,4944,5553
chr1,780000,0.995525,0.6271,800000,3141,4199,4541
chr1,800000,0.997518,0.6393,820000,3129,4214,4518
chr1,820000,0.999217,0.6251,840000,2965,4144,4387
chr1,840000,0.942868,0.65305,860000,2996,3953,4345
chr1,860000,0.961811,0.64125,880000,3174,4149,4589
chr1,880000,0.996121,0.653,900000,3488,4710,5022
chr1,900000,0.996712,0.6493,920000,3244,4207,4667
chr1,920000,0.852041,0.65685,940000,2673,3522,3874
chr1,940000,0.87115,0.59985,960000,2120,2768,3057
chr1,960000,0.96355,0.6311,980000,2152,2759,3279
chr1,980000,0.997161,0.648,1000000,3239,4327,4594
chr1,1000000,0.960218,0.61695,1020000,2350,3331,3607
chr1,1020000,0.999325,0.63,1040000,3017,4240,4313
chr1,1040000,1,0.61945,1060000,2815,3875,3869
chr1,1060000,0.959713,0.6592,1080000,3423,4420,4849
chr1,1080000,0.960433,0.64305,1100000,2902,3770,4301
chr1,1100000,0.955225,0.65415,1120000,3386,4261,4741
chr1,1120000,0.956083,0.63645,1140000,2895,3773,4034
chr1,1140000,0.9998,0.6002,1160000,2571,3654,3613
chr1,1160000,0.99905,0.59775,1180000,2446,3459,3632
chr1,1180000,0.967218,0.656,1200000,3273,4344,4740
chr1,1200000,0.976629,0.62335,1220000,3200,4238,4355
chr1,1220000,0.99675,0.62255,1240000,3050,4133,4447
chr1,1240000,0.971455,0.65865,1260000,3250,4225,4810
chr1,1260000,0.995091,0.6582,1280000,3497,4759,5133
chr1,1280000,0.938609,0.6698,1300000,3045,3949,4671
chr1,1300000,1,0.6226,1320000,2692,3746,3934
chr1,1320000,0.941875,0.6388,1340000,2951,3925,4264
chr1,1340000,0.963977,0.65765,1360000,3198,4279,4777
chr1,1360000,0.937671,0.6873,1380000,3776,4506,5294
chr1,1380000,0.9909,0.65055,1400000,3457,4427,5110
chr1,1400000,0.976692,0.61375,1420000,2721,3857,3761
chr1,1420000,0.661957,0.6266,1440000,1954,2648,2884
chr1,1440000,1,0.62925,1460000,3085,4295,4117
chr1,1460000,0.727249,0.62215,1480000,1934,2370,2998
chr1,1480000,0.994853,0.59555,1500000,2190,3186,3226
chr1,1500000,0.995175,0.61905,1520000,2849,3978,3983
chr1,1520000,0.994983,0.6475,1540000,3269,4509,4819
chr1,1540000,1,0.6406,1560000,3164,4288,4491
chr1,1560000,0.897817,0.63305,1580000,2833,3868,4013
chr1,1580000,0.957119,0.65145,1600000,3350,4247,4947
chr1,1600000,1,0.6345,1620000,3168,4163,4405
chr1,1620000,0.937956,0.67455,1640000,3520,4316,4990
chr1,1640000,0.991725,0.56965,1660000,2946,4071,4345
chr1,1660000,0.891884,0.64095,1680000,2821,3558,4127
chr1,1680000,0.978202,0.6178,1700000,2862,3969,4233
chr1,1700000,0.960046,0.6487,1720000,3283,4240,4454
chr1,1720000,0.996761,0.6467,1740000,3341,4506,4783
chr1,1740000,0.997675,0.61565,1760000,2730,3817,3630
chr1,1760000,0.980992,0.6799,1780000,3674,4965,5531
chr1,1780000,0.986257,0.6376,1800000,3037,4095,4542
chr1,1800000,0.998063,0.64975,1820000,3387,4490,4640
chr1,1820000,0.99255,0.62125,1840000,2842,4150,4064
chr1,1840000,1,0.6247,1860000,3102,4209,4548
chr1,1860000,0.987946,0.61305,1880000,2653,3814,3911
chr1,1880000,1,0.63005,1900000,2999,4231,4405
chr1,1900000,0.994929,0.62305,1920000,2874,3962,4085
chr1,1920000,0.839144,0.63825,1940000,6868,8565,6109
chr1,1940000,0.957829,0.65005,1960000,3031,3851,4534
chr1,1960000,1,0.62165,1980000,2944,4107,4077
chr1,1980000,0.766715,0.5938,2000000,2117,2854,3241
chr1,2000000,0.99885,0.63,2020000,2853,3815,4450
chr1,2020000,0.995175,0.62905,2040000,3004,4253,4254
chr1,2040000,1,0.6199,2060000,2721,3873,4100
chr1,2060000,0.953555,0.64955,2080000,3412,4360,4843
chr1,2080000,0.986292,0.6647,2100000,3278,4354,4890
chr1,2100000,0.700219,0.6435,2120000,1740,2307,2471
chr1,2120000,0.514929,0.61305,2140000,351,601,662
chr1,2140000,0.758444,0.6079,2160000,2019,2765,3388
chr1,2160000,0.997733,0.64395,2180000,3228,4257,4769
chr1,2180000,0.844464,0.64415,2200000,2675,3578,3906
chr1,2200000,0.932166,0.66415,2220000,3266,4322,4727
chr1,2220000,1,0.61805,2240000,2367,3476,3327
chr1,2240000,0.961376,0.60455,2260000,2607,3610,3563
chr1,2260000,0.997533,0.64205,2280000,3077,4367,4670
chr1,2280000,0.99945,0.62275,2300000,2902,4011,4251
chr1,2300000,0.998992,0.61975,2320000,2821,3799,3967
chr1,2320000,0.764567,0.61465,2340000,2273,3127,3406
chr1,2340000,0.985504,0.62265,2360000,2947,4071,4140
chr1,2360000,0.99595,0.6453,2380000,3179,4250,4481
chr1,2380000,0.974712,0.6649,2400000,3250,4211,4538
chr1,2400000,0.996317,0.64725,2420000,3124,4324,4559
chr1,2420000,0.99443,0.634,2440000,3100,4366,4244
chr1,2440000,1,0.62275,2460000,2785,4049,3941
chr1,2460000,1,0.6193,2480000,2747,3984,3881
chr1,2480000,0.997733,0.6219,2500000,2946,4276,4241
chr1,2500000,0.985025,0.64715,2520000,3206,4220,4286
chr1,2520000,0.967525,0.62605,2540000,2730,3964,3888
chr1,2540000,0.975678,0.6797,2560000,3952,5086,5593
chr1,2560000,0.97937,0.6158,2580000,2758,3841,3787
chr1,2580000,0.999504,0.60265,2600000,2527,3751,3636
chr1,2600000,1,0.64295,2620000,2993,4225,4016
chr1,2620000,0.978762,0.63495,2640000,3446,4471,4973
chr1,2640000,1,0.61565,2660000,2737,3676,3901
chr1,2660000,1,0.6231,2680000,2742,3924,3906
chr1,2680000,0.944417,0.6483,2700000,2957,4028,4396
chr1,2700000,0.998825,0.6226,2720000,2962,4034,4212
chr1,2720000,0.978562,0.61185,2740000,2585,3791,3751
chr1,2740000,1,0.61035,2760000,2419,3561,3434
chr1,2760000,0.989152,0.628,2780000,3000,4166,4473
chr1,2780000,0.984375,0.62945,2800000,3102,4113,4431
chr1,2800000,0.9919,0.6289,2820000,2995,4134,4199
chr1,2820000,0.79848,0.57485,2840000,1882,2542,2951
chr1,2840000,0.720992,0.5963,2860000,2207,2806,3330
chr1,2860000,0.981399,0.64685,2880000,2982,3938,4291
chr1,2880000,0.993775,0.62705,2900000,2798,3753,4009
chr1,2900000,0.969275,0.60725,2920000,2718,3925,4010
chr1,2920000,0.996992,0.63145,2940000,3931,5582,5583
chr1,2940000,0.976881,0.63145,2960000,2910,4062,4079
chr1,2960000,1,0.6294,2980000,3109,4656,4344
chr1,2980000,0.9987,0.6018,3000000,2874,4120,4012
chr1,3000000,0.88405,0.6223,3020000,2740,3649,3897
chr1,3020000,0.991727,0.6246,3040000,3070,4229,4148
chr1,3040000,0.843998,0.63565,3060000,2090,2715,3259
chr1,3060000,1,0.628,3080000,2927,4179,4151
chr1,3080000,0.921805,0.6568,3100000,3136,4301,4587
chr1,3100000,0.950342,0.6685,3120000,3290,4239,4938
chr1,3120000,0.999699,0.6226,3140000,3142,4213,4469
chr1,3140000,0.990161,0.6394,3160000,3063,4004,4583
chr1,3160000,0.829763,0.6076,3180000,2279,3037,3314
chr1,3180000,0.99955,0.64795,3200000,3339,4511,4834
chr1,3200000,0.877382,0.6229,3220000,2432,3356,3393
chr1,3220000,0.969161,0.6487,3240000,3296,4157,4739
chr1,3240000,0.974048,0.61985,3260000,2872,4103,4080
chr1,3260000,0.925049,0.64645,3280000,3171,4190,4361
chr1,3280000,0.895216,0.60925,3300000,2268,3104,3184
chr1,3300000,0.994883,0.65915,3320000,4105,5006,5461
chr1,3320000,0.526775,0.64895,3340000,811,973,1237
chr1,3340000,0.767454,0.60775,3360000,1541,2133,2180
chr1,3360000,0.98705,0.65245,3380000,3181,4248,4835
chr1,3380000,0.9741,0.6322,3400000,2879,3827,4130
chr1,3400000,0.989378,0.63225,3420000,3109,4215,4541
chr1,3420000,0.9942,0.6582,3440000,3577,4775,5217
chr1,3440000,0.999475,0.64055,3460000,3201,4473,4626
chr1,3460000,0.917527,0.6429,3480000,2949,3953,4493
chr1,3480000,0.764006,0.59875,3500000,2116,2865,3328
chr1,3500000,1,0.6248,3520000,2996,4143,3887
chr1,3520000,0.993392,0.6496,3540000,3227,4594,4978
chr1,3540000,1,0.62775,3560000,2927,4254,4187
chr1,3560000,0.994783,0.63855,3580000,3266,4253,4741
chr1,3580000,0.999967,0.61165,3600000,2716,3875,3767
chr1,3600000,1,0.6414,3620000,3066,4237,4125
chr1,3620000,0.996252,0.6572,3640000,3377,4702,5045
chr1,3640000,0.664182,0.5346,3660000,1537,1753,2273
chr1,3660000,0.992981,0.62395,3680000,3005,3165,4170
chr1,3680000,0.993484,0.6218,3700000,2938,3223,4129
chr1,3700000,0.946015,0.65615,3720000,2861,2898,4376
chr1,3720000,0.81851,0.63845,3740000,2738,2696,4098
chr1,3740000,0.59395,0.59085,3760000,1418,1547,2123
chr1,3760000,0.98423,0.6152,3780000,2669,2943,3636
chr1,3780000,0.934191,0.6416,3800000,2825,2881,4351
chr1,3800000,1,0.63645,3820000,2930,3131,4266
chr1,3820000,0.9984,0.6497,3840000,3360,3408,4766
chr1,3840000,0.887577,0.6257,3860000,2560,2455,3810
chr1,3860000,0.958854,0.67965,3880000,3466,3289,5294
chr1,3880000,1,0.6196,3900000,2942,3038,4110
chr1,3900000,0.984617,0.63125,3920000,3064,3248,4419
chr1,3920000,0.936812,0.63365,3940000,2818,2890,4041
chr1,3940000,0.984907,0.6353,3960000,3157,3217,4562
chr1,3960000,0.931607,0.6315,3980000,2915,3018,3991
chr1,3980000,0.760813,0.58525,4000000,1897,1892,2812
chr1,4000000,0.92292,0.63045,4020000,2717,2849,4013
chr1,4020000,0.992827,0.6376,4040000,3103,3518,4606
chr1,4040000,0.988569,0.6273,4060000,3095,3271,4652
chr1,4060000,1,0.62935,4080000,3002,3234,4295
chr1,4080000,0.976272,0.64535,4100000,3150,3248,4434
chr1,4100000,0.98358,0.6254,4120000,2758,2972,4054
chr1,4120000,0.945673,0.6744,4140000,3725,3402,5410
chr1,4140000,0.934469,0.65325,4160000,3069,3095,4439
chr1,4160000,0.955367,0.6195,4180000,2855,2943,4278
chr1,4180000,0.99795,0.6085,4200000,2620,2736,3591
chr1,4200000,0.986613,0.63485,4220000,2931,2876,4314
chr1,4220000,0.9973,0.60565,4240000,2505,2830,3491
chr1,4240000,0.909963,0.5958,4260000,2242,2470,3242
chr1,4260000,0.970852,0.6232,4280000,2844,3042,4079
chr1,4280000,0.965558,0.6423,4300000,2997,3261,4454
chr1,4300000,0.465518,0.64945,4320000,1251,1246,2146
chr1,4320000,0.971651,0.63695,4340000,2911,3014,4034
chr1,4340000,0.994186,0.63965,4360000,3065,3123,4288
chr1,4360000,0.99455,0.6545,4380000,3542,3479,5020
chr1,4380000,1,0.63485,4400000,3139,3224,4503
chr1,4400000,0.984642,0.62315,4420000,3027,3196,4387
chr1,4420000,0.984705,0.64295,4440000,2996,3018,4558
chr1,4440000,0.982986,0.652,4460000,3241,3118,4640
chr1,4460000,0.973812,0.632,4480000,3049,3020,4633
chr1,4480000,0.950166,0.63595,4500000,3034,3026,4131
chr1,4500000,0.953248,0.63165,4520000,2795,2893,4098
chr1,4520000,0.994225,0.6012,4540000,2805,2925,3923
chr1,4540000,1,0.61255,4560000,2836,3060,4107
chr1,4560000,0.492505,0.6104,4580000,1124,1211,1698
chr1,4580000,0.80921,0.6055,4600000,2054,2049,2985
chr1,4600000,0.993522,0.65575,4620000,3359,3440,4986
chr1,4620000,0.969945,0.65525,4640000,3104,3171,4459
chr1,4640000,0.791269,0.6057,4660000,2032,1955,3335
chr1,4660000,0.969063,0.62395,4680000,2513,2676,3625
chr1,4680000,0.890688,0.6312,4700000,2748,2944,3953
chr1,4700000,0.934853,0.6546,4720000,3233,3121,4766
chr1,4720000,1,0.63105,4740000,3179,3397,4561
chr1,4740000,0.959452,0.66285,4760000,3282,3251,4813
chr1,4760000,0.894987,0.6387,4780000,2625,2621,3856
chr1,4780000,0.976742,0.6499,4800000,3270,3221,4545
chr1,4800000,0.96529,0.6496,4820000,3136,3015,4508
chr1,4820000,0.974228,0.65075,4840000,2899,2873,4464
chr1,4840000,1,0.6319,4860000,2952,3130,4294
chr1,4860000,0.988478,0.6377,4880000,3030,3117,4508
chr1,4880000,0.999258,0.63295,4900000,2833,2978,4033
chr1,4900000,0.99195,0.61755,4920000,2766,2930,3722
chr1,4920000,0.940333,0.61625,4940000,2423,2507,3572
chr1,4940000,0.990689,0.60705,4960000,2642,2751,3769
chr1,4960000,1,0.63295,4980000,3127,3223,4274
chr1,4980000,0.994755,0.6557,5000000,3533,3451,4980
chr1,5000000,0.959652,0.64135,5020000,2907,3150,4400
chr1,5020000,1,0.64525,5040000,3150,3262,4617
chr1,5040000,0.984125,0.64935,5060000,3245,3450,4588
chr1,5060000,0.969891,0.6546,5080000,3413,3470,4986
chr1,5080000,0.730133,0.59605,5100000,1992,1877,3070
chr1,5100000,0.696762,0.68425,5120000,1674,1569,2653
chr1,5120000,0.603329,0.5922,5140000,1718,1661,2619
chr1,5140000,0.962012,0.5993,5160000,2556,2634,3679
chr1,5160000,0.984409,0.6351,5180000,2970,3102,4360
chr1,5180000,1,0.6148,5200000,2927,2978,3854
chr1,5200000,0.972314,0.6109,5220000,2581,2789,3684
chr1,5220000,0.943191,0.6659,5240000,3402,3150,4574
chr1,5240000,0.99935,0.63165,5260000,3156,3340,4377
chr1,5260000,0.970071,0.6685,5280000,3622,3474,5224
chr1,5280000,0.853428,0.58645,5300000,2260,2260,3472
chr1,5300000,0.929967,0.65375,5320000,3317,3116,5072
chr1,5320000,0.999,0.64285,5340000,3276,3386,4811
chr1,5340000,0.951585,0.6593,5360000,3482,3319,4981
chr1,5360000,0.9405,0.6434,5380000,3105,3146,4490
chr1,5380000,1,0.6413,5400000,3175,3246,4527
chr1,5400000,1,0.63245,5420000,3264,3289,4396
chr1,5420000,0.861239,0.61145,5440000,2317,2573,3143
chr1,5440000,0.900336,0.6222,5460000,2302,2489,3270
chr1,5460000,1,0.6542,5480000,3513,3529,4908
chr1,5480000,0.973799,0.6337,5500000,2940,3069,4259
chr1,5500000,0.977725,0.6212,5520000,3037,3251,4361
chr1,5520000,0.991996,0.67925,5540000,3955,3877,5540
chr1,5540000,0.990672,0.694,5560000,4015,3855,5915
chr1,5560000,0.998303,0.63925,5580000,3279,3395,4779
chr1,5580000,1,0.64295,5600000,3353,3393,4647
chr1,5600000,0.72573,0.62365,5620000,2286,2330,3354
chr1,5620000,0.996533,0.6598,5640000,3250,3387,4775
chr1,5640000,0.61625,0.5792,5660000,1206,1280,1804
chr1,5660000,0.929398,0.6368,5680000,2902,3109,4185
chr1,5680000,0.956662,0.6546,5700000,3334,3254,4850
chr1,5700000,0.71432,0.5654,5720000,1860,2088,2897
chr1,5720000,0.910662,0.65775,5740000,2914,3044,4113
chr1,5740000,0.994197,0.6374,5760000,3031,3076,4294
chr1,5760000,0.998167,0.6453,5780000,3229,3317,4497
chr1,5780000,0.931808,0.62475,5800000,2656,2733,3853
chr1,5800000,0.98049,0.6408,5820000,3318,3351,4505
chr1,5820000,0.995186,0.67775,5840000,3755,3617,5319
chr1,5840000,0.928065,0.64055,5860000,2549,2516,3937
chr1,5860000,0.987846,0.6487,5880000,3331,3333,4638
chr1,5880000,1,0.6175,5900000,2061,2090,2791
chr1,5900000,0.9781,0.63445,5920000,2648,2748,3720
chr1,5920000,0.98009,0.6459,5940000,3349,3349,4878
chr1,5940000,1,0.614,5960000,2877,3114,4002
chr1,5960000,0.792902,0.67015,5980000,2375,2203,3519
chr1,5980000,0.908638,0.6567,6000000,3032,3006,4449
chr1,6000000,1,0.62035,6020000,3029,3085,4367
chr1,6020000,0.990275,0.63635,6040000,2940,3048,4157
chr1,6040000,0.840743,0.57905,6060000,2157,2168,2734
chr1,6060000,0.98425,0.6385,6080000,3123,3159,3311
chr1,6080000,1,0.6324,6100000,3050,3003,3359
chr1,6100000,1,0.6402,6120000,3299,3248,3553
chr1,6120000,0.980689,0.63185,6140000,3344,3364,3941
chr1,6140000,0.833442,0.6786,6160000,3387,3239,3606
chr1,6160000,0.837925,0.6383,6180000,2579,2616,2758
chr1,6180000,0.812887,0.6487,6200000,2408,2414,2668
chr1,6200000,0.9653,0.63125,6220000,2864,3089,3203
chr1,6220000,0.986806,0.70505,6240000,4403,3951,4921
chr1,6240000,0.993239,0.65915,6260000,3544,3545,3751
chr1,6260000,0.997425,0.65535,6280000,3497,3510,3838
chr1,6280000,0.989175,0.65735,6300000,3474,3691,3839
chr1,6300000,1,0.6451,6320000,3195,3451,3527
chr1,6320000,0.622002,0.6294,6340000,1910,1742,2512
chr1,6340000,0.984883,0.6739,6360000,3698,3578,4051
chr1,6360000,0.993995,0.65405,6380000,3382,3500,3921
chr1,6380000,0.9806,0.67535,6400000,3506,3495,4047
chr1,6400000,0.886042,0.6517,6420000,2737,2662,3100
chr1,6420000,1,0.65925,6440000,3602,3782,4059
chr1,6440000,1,0.6083,6460000,2666,2874,2884
chr1,6460000,1,0.65365,6480000,3554,3660,3780
chr1,6480000,1,0.6264,6500000,3035,3055,3121
chr1,6500000,0.91244,0.6671,6520000,3353,3277,3816
chr1,6520000,0.991483,0.64015,6540000,3234,3306,3346
chr1,6540000,0.990533,0.6748,6560000,3891,3505,4260
chr1,6560000,1,0.6358,6580000,3287,3395,3343
chr1,6580000,0.95365,0.61645,6600000,2626,2777,2982
chr1,6600000,0.508379,0.66005,6620000,1000,927,1104
chr1,6620000,0.627415,0.65425,6640000,1349,1462,1617
chr1,6640000,0.85873,0.6442,6660000,2603,2766,2821
chr1,6660000,0.905506,0.6399,6680000,2732,2831,2979
chr1,6680000,0.963782,0.6473,6700000,3271,3394,3461
chr1,6700000,0.989316,0.6576,6720000,3710,3565,3981
chr1,6720000,0.901829,0.66135,6740000,3128,3008,3292
chr1,6740000,0.997083,0.63835,6760000,3117,3270,3232
chr1,6760000,0.756515,0.62575,6780000,2340,2157,2696
chr1,6780000,0.919634,0.62375,6800000,2897,2859,3271
chr1,6800000,0.970039,0.6268,6820000,2775,3098,3081
chr1,6820000,0.997425,0.63545,6840000,3014,3009,3240
chr1,6840000,0.787813,0.64965,6860000,2752,2574,3003
chr1,6860000,0.965871,0.6637,6880000,3418,3407,3738
chr1,6880000,1,0.6535,6900000,3462,3592,3738
chr1,6900000,0.992125,0.62405,6920000,2940,3144,3125
chr1,6920000,0.803404,0.62165,6940000,2608,2511,2981
chr1,6940000,0.984367,0.6482,6960000,3301,3482,3722
chr1,6960000,0.985444,0.6604,6980000,3517,3292,3891
chr1,6980000,0.984825,0.6435,7000000,3277,3362,3622
chr1,7000000,0.991207,0.6292,7020000,2944,2989,3175
chr1,7020000,0.983996,0.6535,7040000,3346,3360,3708
chr1,7040000,0.893316,0.65645,7060000,3063,3141,3393
chr1,7060000,1,0.6565,7080000,3736,3693,3965
chr1,7080000,0.846146,0.5991,7100000,1992,2261,2176
chr1,7100000,0.9995,0.61495,7120000,2889,3181,3040
chr1,7120000,0.825612,0.5887,7140000,2552,2310,2863
chr1,7140000,1,0.5883,7160000,2502,2818,2664
chr1,7160000,1,0.5905,7180000,2436,2624,2540
chr1,7180000,0.9447,0.5969,7200000,2457,2739,2543
chr1,7200000,0.9984,0.6038,7220000,2541,2691,2591
chr1,7220000,0.977532,0.63555,7240000,3139,3172,3439
chr1,7240000,1,0.6081,7260000,2800,2859,2713
chr1,7260000,0.997818,0.61895,7280000,2885,3148,3015
chr1,7280000,0.97871,0.6143,7300000,2704,2826,3001
chr1,7300000,0.684905,0.6619,7320000,1808,1796,2125
chr1,7320000,0.997133,0.61695,7340000,2958,3023,3125
chr1,7340000,0.739725,0.6145,7360000,1878,1879,2001
chr1,7360000,0.891166,0.6287,7380000,2705,2652,2955
chr1,7380000,0.934595,0.615,7400000,2440,2429,2687
chr1,7400000,0.994893,0.6123,7420000,2548,2732,2863
chr1,7420000,0.993067,0.6436,7440000,3251,3371,3625
chr1,7440000,0.991474,0.61265,7460000,3010,3191,3403
chr1,7460000,0.931492,0.66765,7480000,3122,3214,3703
chr1,7480000,1,0.6121,7500000,2723,2977,2995
chr1,7500000,0.98775,0.62415,7520000,2962,3125,3119
chr1,7520000,1,0.6167,7540000,2875,2943,2910
chr1,7540000,1,0.5966,7560000,1860,2791,2548
chr1,7560000,1,0.60115,7580000,1644,2794,2666
chr1,7580000,1,0.6101,7600000,1787,2911,2853
chr1,7600000,0.974969,0.6404,7620000,1945,3059,3278
chr1,7620000,0.758819,0.59545,7640000,1325,1932,2380
chr1,7640000,0.893362,0.63315,7660000,1714,2758,2944
chr1,7660000,0.926073,0.5993,7680000,1573,2372,2731
chr1,7680000,0.994498,0.6898,7700000,2732,3826,4437
chr1,7700000,0.99955,0.65815,7720000,2345,3482,3784
chr1,7720000,0.984878,0.63045,7740000,2066,3259,3298
chr1,7740000,1,0.6148,7760000,1924,3182,3005
chr1,7760000,0.941891,0.62805,7780000,1784,2856,2870
chr1,7780000,1,0.60555,7800000,1549,2588,2550
chr1,7800000,0.900815,0.63275,7820000,1755,2398,2888
chr1,7820000,0.999525,0.6129,7840000,1855,3051,2910
chr1,7840000,0.998904,0.64915,7860000,2198,3381,3615
chr1,7860000,0.981942,0.6193,7880000,1744,3032,2819
chr1,7880000,0.996578,0.6688,7900000,2407,3402,3821
chr1,7900000,0.99905,0.6244,7920000,2031,3032,3200
chr1,7920000,0.935312,0.6608,7940000,2125,2935,3465
chr1,7940000,0.92279,0.6393,7960000,1937,2887,3001
chr1,7960000,0.961219,0.6614,7980000,2192,3261,3678
chr1,7980000,0.982457,0.6319,8000000,1954,3038,3191
chr1,8000000,0.984575,0.5945,8020000,1658,2654,2731
chr1,8020000,0.99103,0.6198,8040000,1796,2981,2998
chr1,8040000,0.937699,0.63695,8060000,1924,2892,3323
chr1,8060000,0.757716,0.6497,8080000,125733,137907,125005
chr1,8080000,0.866208,0.6356,8100000,1610,2468,2733
chr1,8100000,0.979305,0.65315,8120000,2292,3390,3768
chr1,8120000,0.401138,0.6847,8140000,289,385,650
chr1,8140000,0.434305,0.69955,8160000,410,474,824
chr1,8160000,0.639373,0.66555,8180000,1064,1575,1838
chr1,8180000,1,0.6188,8200000,1893,3042,3041
chr1,8200000,0.9951,0.6266,8220000,1813,2998,2986
chr1,8220000,1,0.61885,8240000,1709,2718,2885
chr1,8240000,1,0.6232,8260000,1781,2808,2844
chr1,8260000,1,0.60885,8280000,1786,2742,2646
chr1,8280000,0.980736,0.65645,8300000,2199,3029,3559
chr1,8300000,0.958755,0.6469,8320000,2047,3075,3342
chr1,8320000,0.999767,0.6409,8340000,2046,3299,3407
chr1,8340000,0.985899,0.63235,8360000,1931,2991,3166
chr1,8360000,0.936502,0.6204,8380000,1766,2686,2881
chr1,8380000,0.989407,0.6392,8400000,2055,3153,3215
chr1,8400000,0.949129,0.6294,8420000,1730,2876,3007
chr1,8420000,0.903477,0.61125,8440000,1696,2647,2837
chr1,8440000,1,0.6439,8460000,2210,3332,3448
chr1,8460000,0.993203,0.61855,8480000,2121,3341,3333
chr1,8480000,1,0.61585,8500000,1858,2918,2948
chr1,8500000,0.978745,0.6423,8520000,2164,3268,3438
chr1,8520000,0.87835,0.6234,8540000,1352,2326,2289
chr1,8540000,1,0.6413,8560000,3273,5195,4038
chr1,8560000,1,0.62725,8580000,2067,3287,3238
chr1,8580000,0.999975,0.6335,8600000,2135,3373,3496
chr1,8600000,1,0.61825,8620000,2012,3182,3059
chr1,8620000,1,0.6177,8640000,1939,3042,2997
chr1,8640000,0.9141,0.6282,8660000,1852,2617,3229
chr1,8660000,0.877709,0.64835,8680000,1782,2729,2979
chr1,8680000,0.921341,0.5613,8700000,1431,2127,2258
chr1,8700000,0.908021,0.63235,8720000,1741,2980,3004
chr1,8720000,0.981525,0.6462,8740000,1948,3027,3109
chr1,8740000,0.899607,0.67605,8760000,2332,3484,3998
chr1,8760000,1,0.6585,8780000,2367,3438,3799
chr1,8780000,0.9995,0.66115,8800000,2325,3389,3584
chr1,8800000,0.978349,0.6761,8820000,2409,3651,4135
chr1,8820000,0.927734,0.67615,8840000,2222,3070,3784
chr1,8840000,0.999775,0.6414,8860000,2192,3128,3365
chr1,8860000,0.964836,0.64065,8880000,1976,3089,3319
chr1,8880000,0.993667,0.6681,8900000,2483,3558,4072
chr1,8900000,0.994958,0.65085,8920000,2271,3257,3701
chr1,8920000,1,0.63065,8940000,1844,3132,3037
chr1,8940000,0.907454,0.6462,8960000,2065,2982,3511
chr1,8960000,0.874008,0.6464,8980000,1917,2923,3078
chr1,8980000,0.992787,0.64255,9000000,2148,3259,3390
chr1,9000000,0.955161,0.6441,9020000,2097,3172,3318
chr1,9020000,0.952637,0.6604,9040000,2255,3228,3660
chr1,9040000,0.875433,0.6271,9060000,1651,2735,2653
chr1,9060000,0.969104,0.6438,9080000,1913,2985,3352
chr1,9080000,0.998925,0.6255,9100000,2094,3320,3224
chr1,9100000,0.991267,0.6208,9120000,2023,3133,3166
chr1,9120000,0.983229,0.6516,9140000,2235,3306,3574
chr1,9140000,0.9994,0.66355,9160000,2483,3628,3893
chr1,9160000,1,0.6168,9180000,1966,3137,2979
chr1,9180000,1,0.63175,9200000,1915,3007,3077
chr1,9200000,0.995554,0.66885,9220000,2499,3583,4077
chr1,9220000,1,0.6423,9240000,2280,3521,3744
chr1,9240000,0.912917,0.6828,9260000,2407,3195,4033
chr1,9260000,0.972191,0.6345,9280000,1970,2960,3214
chr1,9280000,0.899946,0.61795,9300000,1864,2807,3155
chr1,9300000,0.889985,0.6215,9320000,1581,2361,2595
chr1,9320000,0.84761,0.64155,9340000,1784,2792,3043
chr1,9340000,0.540943,0.6362,9360000,1135,1750,1928
chr1,9360000,0.719277,0.63705,9380000,947,1486,1587
chr1,9380000,0.883469,0.6326,9400000,1742,2604,2665
chr1,9400000,0.968103,0.6671,9420000,2304,3318,3585
chr1,9420000,1,0.63605,9440000,1974,3175,3100
chr1,9440000,0.911702,0.63685,9460000,1896,2946,3390
chr1,9460000,1,0.62615,9480000,2043,3395,3239
chr1,9480000,0.859073,0.68525,9500000,1819,2623,3020
chr1,9500000,0.991813,0.6356,9520000,2197,3436,3665
chr1,9520000,0.858025,0.628,9540000,1679,2543,2696
chr1,9540000,1,0.6499,9560000,2381,3552,3581
chr1,9560000,0.995731,0.65355,9580000,2378,3568,3721
chr1,9580000,0.916809,0.6521,9600000,2333,3214,3616
chr1,9600000,0.969644,0.655,9620000,2234,3382,3559
chr1,9620000,0.984658,0.6182,9640000,1907,3143,3108
chr1,9640000,0.992762,0.6346,9660000,2101,3300,3403
chr1,9660000,0.978883,0.632,9680000,1803,3013,2947
chr1,9680000,0.994726,0.6522,9700000,2320,3438,3781
chr1,9700000,0.970625,0.63075,9720000,2038,3062,3304
chr1,9720000,0.942426,0.6416,9740000,2131,3229,3350
chr1,9740000,0.984403,0.6281,9760000,1967,2926,3069
chr1,9760000,1,0.61045,9780000,1706,2874,2868
chr1,9780000,0.938947,0.65685,9800000,2215,3269,3647
chr1,9800000,1,0.63275,9820000,2242,3441,3643
chr1,9820000,0.959558,0.6883,9840000,2665,3776,4426
chr1,9840000,0.983525,0.63045,9860000,2086,3191,3431
chr1,9860000,0.993506,0.6279,9880000,1961,2852,3335
chr1,9880000,0.882192,0.6294,9900000,1691,2641,2731
chr1,9900000,0.899875,0.65465,9920000,1999,3023,3293
chr1,9920000,0.996975,0.6785,9940000,2654,3847,4142
chr1,9940000,0.956559,0.6468,9960000,2181,3119,3675
chr1,9960000,0.924097,0.64995,9980000,1995,3089,3329
chr1,9980000,0.966854,0.64905,10000000,2071,3212,3558
chr1,10000000,0.97555,0.63085,10020000,1875,2914,2995
chr1,10020000,0.942103,0.60895,10040000,1632,2743,2775
chr1,10040000,0.818693,0.61335,10060000,1533,2261,2533
chr1,10060000,1,0.67965,10080000,2597,3839,4144
chr1,10080000,1,0.655,10100000,2309,3708,3597
chr1,10100000,0.810933,0.62465,10120000,1441,2360,2328
chr1,10120000,0.814979,0.63215,10140000,1451,2252,2398
chr1,10140000,0.894887,0.6485,10160000,2027,3125,3421
chr1,10160000,0.944797,0.6547,10180000,2168,3215,3619
chr1,10180000,0.968958,0.65755,10200000,2331,3227,3644
chr1,10200000,0.606423,0.6315,10220000,994,1360,1625
chr1,10220000,0.738102,0.5869,10240000,2233,3526,2903
chr1,10240000,0.997608,0.61255,10260000,1871,3079,2882
chr1,10260000,1,0.611,10280000,1793,2825,2859
chr1,10280000,0.969192,0.64495,10300000,2005,3057,3249
chr1,10300000,0.98099,0.61775,10320000,1929,3168,3251
chr1,10320000,0.970458,0.63665,10340000,2201,3343,3446
chr1,10340000,0.877225,0.62965,10360000,1493,2360,2285
chr1,10360000,0.986367,0.6458,10380000,2229,3446,3625
chr1,10380000,0.99675,0.65255,10400000,2256,3357,3493
chr1,10400000,0.981919,0.67695,10420000,2973,3946,4398
chr1,10420000,0.989237,0.659,10440000,2670,3636,4052
chr1,10440000,0.9997,0.6411,10460000,2489,3550,3589
chr1,10460000,0.980643,0.6582,10480000,2351,3347,3872
chr1,10480000,0.968903,0.6543,10500000,2236,3354,3709
chr1,10500000,0.999375,0.6287,10520000,2164,3382,3658
chr1,10520000,0.99885,0.64195,10540000,2170,3262,3611
chr1,10540000,0.763634,0.61095,10560000,1599,2234,2721
chr1,10560000,0.9975,0.65615,10580000,2385,3522,4098
chr1,10580000,0.906133,0.6443,10600000,1805,2812,3021
chr1,10600000,0.990895,0.6749,10620000,2546,3660,4262
chr1,10620000,0.959158,0.6589,10640000,2341,3372,3632
chr1,10640000,0.985843,0.66125,10660000,1754,2455,3025
chr1,10660000,0.99205,0.6401,10680000,2182,3480,3568
chr1,10680000,0.973674,0.64045,10700000,2163,3421,3439
chr1,10700000,0.987796,0.64955,10720000,2110,3294,3438
chr1,10720000,0.945842,0.64565,10740000,1984,2917,3231
chr1,10740000,0.998075,0.7018,10760000,2833,4035,4383
chr1,10760000,0.982868,0.62685,10780000,1708,2795,2725
chr1,10780000,0.793182,0.63525,10800000,1081,1581,1590
chr1,10800000,0.967356,0.6462,10820000,2061,2959,3371
chr1,10820000,0.961225,0.6321,10840000,1567,2523,2453
chr1,10840000,1,0.64545,10860000,2232,3249,3288
chr1,10860000,0.885659,0.6194,10880000,892,1369,1341
chr1,10880000,0.943501,0.6444,10900000,1578,2117,2395
chr1,10900000,0.736758,0.6263,10920000,315,503,581
chr1,10920000,0.951078,0.6351,10940000,760,1004,1222
chr1,10940000,0.999733,0.6583,10960000,2267,3258,3608
chr1,10960000,0.990471,0.61915,10980000,1811,2834,2826
chr1,10980000,0.9831,0.61635,11000000,1618,2690,2506
chr1,11000000,0.988875,0.62815,11020000,1903,2993,3068
chr1,11020000,0.994275,0.62095,11040000,1795,2910,2739
chr1,11040000,0.985037,0.64525,11060000,1960,3103,2948
chr1,11060000,0.998837,0.6635,11080000,804,1318,1316
chr1,11080000,0.966456,0.6612,11100000,1876,2913,2945
chr1,11100000,0.983818,0.6724,11120000,2054,3024,3398
chr1,11120000,0.911023,0.6713,11140000,1736,2659,2834
chr1,11140000,0.991521,0.66235,11160000,2430,3636,4008
chr1,11160000,0.845817,0.62835,11180000,1544,2539,2519
chr1,11180000,0.774366,0.6897,11200000,1831,2512,3079
chr1,11200000,1,0.63065,11220000,1369,2308,2240
chr1,11220000,0.997525,0.6461,11240000,1958,3064,3314
chr1,11240000,0.980107,0.63485,11260000,1828,2789,3094
chr1,11260000,0.984,0.64805,11280000,1146,1659,1200
chr1,11280000,0.973521,0.65075,11300000,2045,3200,2271
chr1,11300000,0.980755,0.6699,11320000,2121,3179,2327
chr1,11320000,0.978533,0.6723,11340000,2236,3175,2380
chr1,11340000,0.997675,0.6367,11360000,2133,3573,2225
chr1,11360000,0.976,0.63185,11380000,2040,3140,2115
chr1,11380000,0.950392,0.64955,11400000,2170,3256,2321
chr1,11400000,0.979762,0.6393,11420000,2080,3319,2273
chr1,11420000,0.990379,0.6569,11440000,2428,3643,2682
chr1,11440000,1,0.6387,11460000,2266,3452,2511
chr1,11460000,1,0.61895,11480000,1802,3085,2022
chr1,11480000,0.993258,0.61755,11500000,2038,3045,2252
chr1,11500000,1,0.63115,11520000,1112,1741,1294
chr1,11520000,0.94754,0.6601,11540000,2109,3254,2405
chr1,11540000,0.811095,0.6435,11560000,1883,2685,2108
chr1,11560000,0.651555,0.5556,11580000,981,1380,1132
chr1,11580000,0.997483,0.6372,11600000,1996,3241,2270
chr1,11600000,0.994189,0.64595,11620000,2320,3642,2431
chr1,11620000,0.888092,0.65385,11640000,2164,3119,2416
chr1,11640000,0.937123,0.68825,11660000,2564,3691,2901
chr1,11660000,0.9998,0.63955,11680000,2235,3512,2289
chr1,11680000,0.98496,0.6675,11700000,2390,3639,2612
chr1,11700000,0.834267,0.64875,11720000,1713,2599,1897
chr1,11720000,0.486491,0.6671,11740000,309,443,416
chr1,11740000,0.261308,0.6575,11760000,84,87,93
chr1,11760000,0.360341,0.6828,11780000,168,260,229
chr1,11780000,0.315113,0.65365,11800000,61,60,98
chr1,11800000,0.567642,0.68465,11820000,1325,1826,1569
chr1,11820000,0.967199,0.65635,11840000,2374,3480,2546
chr1,11840000,0.8207,0.62165,11860000,1055,1445,1218
chr1,11860000,0.801165,0.6061,11880000,1108,1896,1310
chr1,11880000,0.742643,0.60455,11900000,1264,1848,1448
chr1,11900000,0.837549,0.6241,11920000,1808,2718,2018
chr1,11920000,0.967178,0.6272,11940000,1984,3063,2173
chr1,11940000,0.938711,0.6211,11960000,1885,2949,2056
chr1,11960000,0.8881,0.63655,11980000,1816,2709,2145
chr1,11980000,0.985408,0.651,12000000,2160,3414,2337
chr1,12000000,0.98205,0.6544,12020000,2176,3459,2254
chr1,12020000,0.85088,0.65445,12040000,1995,2980,2485
chr1,12040000,0.991008,0.6663,12060000,2601,3889,2734
chr1,12060000,0.988829,0.66665,12080000,3018,4526,3299
chr1,12080000,0.755271,0.6485,12100000,1724,2577,1862
chr1,12100000,0.940483,0.6384,12120000,1981,3059,2239
chr1,12120000,0.968142,0.66125,12140000,1926,2700,2090
chr1,12140000,0.775755,0.67635,12160000,2060,2535,2290
chr1,12160000,0.99315,0.6335,12180000,2990,3578,3133
chr1,12180000,0.798413,0.68685,12200000,2177,3019,2631
chr1,12200000,0.99285,0.6375,12220000,2347,3728,2556
chr1,12220000,0.9923,0.65015,12240000,2355,3658,2574
chr1,12240000,0.986875,0.6815,12260000,2605,4012,2964
chr1,12260000,0.88397,0.6761,12280000,2288,3241,2728
chr1,12280000,1,0.61745,12300000,2076,3278,2249
chr1,12300000,0.996208,0.6642,12320000,2430,3600,2580
chr1,12320000,0.735176,0.60995,12340000,1221,1921,1363
chr1,12340000,0.985421,0.6558,12360000,2049,3042,2259
chr1,12360000,0.983299,0.6441,12380000,2067,3238,2190
chr1,12380000,0.943875,0.63715,12400000,2024,3171,2050
chr1,12400000,0.994275,0.66635,12420000,2316,3554,2568
chr1,12420000,0.96825,0.63895,12440000,2048,3223,2266
chr1,12440000,0.960469,0.64425,12460000,2039,3157,2439
chr1,12460000,0.982983,0.62965,12480000,2017,3325,2166
chr1,12480000,0.828995,0.65425,12500000,1802,2783,1997
chr1,12500000,0.959842,0.6623,12520000,2527,3503,2631
chr1,12520000,0.971008,0.64545,12540000,2223,3334,2381
chr1,12540000,1,0.63385,12560000,2094,3204,2090
chr1,12560000,0.990464,0.61535,12580000,1896,2960,2087
chr1,12580000,0.793068,0.62385,12600000,1410,2304,1584
chr1,12600000,0.83089,0.59525,12620000,1603,2523,1660
chr1,12620000,0.71961,0.60575,12640000,1406,2140,1425
chr1,12640000,0.979437,0.68515,12660000,2702,3894,3037
chr1,12660000,0.99545,0.6383,12680000,2120,3302,2367
chr1,12680000,0.994002,0.64825,12700000,2350,3411,2631
chr1,12700000,0.988717,0.64215,12720000,2473,3668,2760
chr1,12720000,0.969624,0.67445,12740000,2694,3895,2868
chr1,12740000,0.678911,0.54915,12760000,1130,1702,1277
chr1,12760000,0.961212,0.61425,12780000,1786,2838,1976
chr1,12780000,1,0.6575,12800000,2239,3523,2361
chr1,12800000,0.71086,0.6051,12820000,1455,2048,1648
chr1,12820000,0.936887,0.6562,12840000,2258,3377,2572
chr1,12840000,0.970575,0.65455,12860000,2286,3338,2377
chr1,12860000,0.967754,0.63765,12880000,1882,2962,2125
chr1,12880000,0.997475,0.6411,12900000,2080,3232,2261
chr1,12900000,0.946433,0.64275,12920000,1356,1924,1539
chr1,12920000,0.901772,0.66245,12940000,1561,2306,1762
chr1,12940000,0.982705,0.64855,12960000,2008,3068,2122
chr1,12960000,0.818646,0.63755,12980000,1522,2419,1536
chr1,12980000,0.442425,0.62805,13000000,0,0,0
chr1,13000000,0.50384,0.6782,13020000,3,3,5
chr1,13020000,0.390641,0.6336,13040000,0,0,0
chr1,13040000,0.49915,0.6689,13060000,3,2,2
chr1,13060000,0.429672,0.6237,13080000,0,2,1
chr1,13080000,0.486261,0.72185,13100000,8,3,13
chr1,13100000,0.77034,0.63305,13120000,59,125,51
chr1,13120000,0.99385,0.62155,13140000,1733,2662,1900
chr1,13140000,0.99305,0.60835,13160000,1860,3068,2001
chr1,13160000,0.921915,0.64965,13180000,1704,2547,1787
chr1,13180000,0.904254,0.63415,13200000,1314,1956,1467
chr1,13200000,0.980267,0.603,13220000,1623,2764,1845
chr1,13220000,0.96321,0.62795,13240000,1746,2951,1906
chr1,13240000,0.908725,0.633,13260000,1751,2614,1944
chr1,13260000,0.996256,0.62675,13280000,1499,2621,1642
chr1,13280000,0.959989,0.64345,13300000,1953,2771,2153
chr1,13300000,0.98325,0.6062,13320000,1705,2806,1820
chr1,13320000,1,0.59745,13340000,1325,2166,1428
chr1,13340000,0.9991,0.6276,13360000,538,948,562
chr1,13360000,0.9995,0.6215,13380000,642,1132,707
chr1,13380000,0.864909,0.64455,13400000,1688,2655,1838
chr1,13400000,0.83376,0.6066,13420000,1989,3035,3176
chr1,13420000,0.630601,0.638,13440000,1055,1536,1413
chr1,13440000,0.986439,0.60765,13460000,1348,2307,1527
chr1,13460000,0.98935,0.6459,13480000,2234,3403,2518
chr1,13480000,0.99835,0.6346,13500000,2457,3425,2504
chr1,13500000,0.986237,0.6348,13520000,2097,3190,2194
chr1,13520000,0.996599,0.6459,13540000,2656,3765,3091
chr1,13540000,0.983731,0.63825,13560000,2035,3047,2243
chr1,13560000,0.995125,0.6222,13580000,1911,3175,2027
chr1,13580000,0.933337,0.63575,13600000,1927,2923,2172
chr1,13600000,0.99275,0.63375,13620000,2132,3376,2295
chr1,13620000,0.999296,0.628,13640000,2101,3369,2224
chr1,13640000,0.964162,0.63205,13660000,2000,3141,2177
chr1,13660000,1,0.6666,13680000,2334,3624,2446
chr1,13680000,0.985832,0.6842,13700000,2599,3753,2709
chr1,13700000,0.976416,0.5904,13720000,1825,2730,2018
chr1,13720000,0.939748,0.5511,13740000,1494,2355,1573
chr1,13740000,0.984908,0.6623,13760000,2416,3630,2441
chr1,13760000,0.995866,0.6389,13780000,2116,3378,2307
chr1,13780000,0.951282,0.6731,13800000,2724,4009,2965
chr1,13800000,0.997947,0.6758,13820000,2506,3753,2878
chr1,13820000,1,0.64795,13840000,3407,4128,3545
chr1,13840000,0.971117,0.6714,13860000,2568,3716,2721
chr1,13860000,1,0.665,13880000,2679,3980,2746
chr1,13880000,0.92712,0.63955,13900000,1896,3050,2186
chr1,13900000,0.664613,0.61435,13920000,1044,1579,1165
chr1,13920000,0.98372,0.65735,13940000,2178,3434,2519
chr1,13940000,0.88743,0.66235,13960000,2245,3113,2502
chr1,13960000,0.962476,0.644,13980000,2365,3566,2610
chr1,13980000,0.997933,0.63015,14000000,2172,3271,2322
chr1,14000000,0.986427,0.62445,14020000,1576,2482,1864
chr1,14020000,0.976933,0.63875,14040000,2928,4096,2947
chr1,14040000,0.9971,0.693,14060000,2744,3853,2900
chr1,14060000,0.997042,0.6497,14080000,2197,3463,2581
chr1,14080000,0.9775,0.63275,14100000,2194,3270,2368
chr1,14100000,0.929525,0.63335,14120000,1894,3163,1945
chr1,14120000,0.951017,0.6631,14140000,2346,3416,2587
chr1,14140000,0.876237,0.66125,14160000,1858,2875,2248
chr1,14160000,0.612937,0.66825,14180000,844,1140,1024
chr1,14180000,0.85355,0.6696,14200000,1902,2926,2023
chr1,14200000,0.972636,0.6578,14220000,2417,3543,2521
chr1,14220000,0.991458,0.6409,14240000,2243,3500,2540
chr1,14240000,0.925697,0.61575,14260000,1824,2833,1958
chr1,14260000,0.998983,0.6412,14280000,2192,3469,2269
chr1,14280000,0.995088,0.66245,14300000,2268,3181,2410
chr1,14300000,0.931316,0.67055,14320000,2522,3613,2810
chr1,14320000,0.958783,0.67745,14340000,2502,3706,2858
chr1,14340000,0.961846,0.65815,14360000,2968,4048,3399
chr1,14360000,0.959585,0.5959,14380000,1472,2319,1793
chr1,14380000,0.998219,0.6713,14400000,2560,3782,2627
chr1,14400000,0.985758,0.6896,14420000,2786,3843,2839
chr1,14420000,0.852745,0.64315,14440000,2009,2910,2141
chr1,14440000,0.978796,0.65145,14460000,2398,3720,2537
chr1,14460000,1,0.6354,14480000,2123,3405,2297
chr1,14480000,0.99745,0.6296,14500000,1997,3227,2066
chr1,14500000,0.9994,0.6394,14520000,2203,3628,2315
chr1,14520000,0.926567,0.69505,14540000,2375,3476,2701
chr1,14540000,0.730146,0.6591,14560000,1591,2458,1891
chr1,14560000,0.459782,0.64745,14580000,776,1059,913
chr1,14580000,0.916191,0.68285,14600000,2569,3750,2775
chr1,14600000,0.908854,0.70085,14620000,2456,3475,2756
chr1,14620000,0.927867,0.6503,14640000,2042,3114,2303
chr1,14640000,0.946482,0.6504,14660000,2120,3377,2450
chr1,14660000,0.880367,0.6967,14680000,2645,3643,2910
chr1,14680000,0.9854,0.59165,14700000,1527,2632,1785
chr1,14700000,0.996375,0.6449,14720000,2279,3493,2413
chr1,14720000,0.998637,0.6247,14740000,1940,3452,2126
chr1,14740000,0.998016,0.63695,14760000,2111,3293,2262
chr1,14760000,0.948575,0.6163,14780000,1907,2996,2074
chr1,14780000,0.983533,0.6447,14800000,2193,3464,2268
chr1,14800000,0.894303,0.6478,14820000,1780,2837,2042
chr1,14820000,0.961365,0.6637,14840000,2392,3608,2644
chr1,14840000,0.975956,0.66265,14860000,2454,3707,2675
chr1,14860000,1,0.6471,14880000,2564,3928,2772
chr1,14880000,0.988752,0.65945,14900000,2359,3423,2441
chr1,14900000,0.940134,0.65015,14920000,2211,3310,2472
chr1,14920000,0.948049,0.66315,14940000,2313,3343,2678
chr1,14940000,0.998,0.65,14960000,2244,3512,2441
chr1,14960000,0.878755,0.6689,14980000,2449,3368,2818
chr1,14980000,0.896885,0.62765,15000000,2022,3080,2133
chr1,15000000,0.75949,0.62605,15020000,1495,2113,1718
chr1,15020000,0.782633,0.6098,15040000,1524,2237,1647
chr1,15040000,0.895937,0.64705,15060000,1957,2897,2043
chr1,15060000,0.938907,0.57665,15080000,1814,2928,2306
chr1,15080000,0.9811,0.6713,15100000,2637,3780,2845
chr1,15100000,1,0.6248,15120000,2040,3265,2290
chr1,15120000,0.999725,0.64685,15140000,2377,3563,2463
chr1,15140000,0.995944,0.68575,15160000,2947,3918,3196
chr1,15160000,0.995825,0.6846,15180000,2685,3872,2859
chr1,15180000,0.996682,0.65245,15200000,2564,3762,2919
chr1,15200000,0.776237,0.6442,15220000,1436,2218,1673
chr1,15220000,0.807015,0.642,15240000,1714,2510,1961
chr1,15240000,0.567771,0.61385,15260000,995,1657,1054
chr1,15260000,0.882129,0.64045,15280000,1871,2798,1926
chr1,15280000,0.99985,0.6247,15300000,1793,3031,1992
chr1,15300000,0.994483,0.6314,15320000,2388,3886,2691
chr1,15320000,0.993158,0.66775,15340000,2661,3799,2878
chr1,15340000,0.894972,0.6983,15360000,3141,4154,4014
chr1,15360000,0.971931,0.63565,15380000,2051,3233,2275
chr1,15380000,0.920907,0.6375,15400000,2018,3081,2188
chr1,15400000,0.976393,0.61225,15420000,2265,3461,2514
chr1,15420000,1,0.6145,15440000,1905,3241,2046
chr1,15440000,0.627185,0.6299,15460000,1374,1955,1588
chr1,15460000,0.973914,0.65315,15480000,2058,3389,2357
chr1,15480000,0.97071,0.67265,15500000,2597,3775,2778
chr1,15500000,0.987966,0.64645,15520000,2302,3334,2513
chr1,15520000,0.963442,0.6305,15540000,2193,4321,3742
chr1,15540000,0.987125,0.642,15560000,2507,3574,2493
chr1,15560000,0.954833,0.64595,15580000,2386,3591,2255
chr1,15580000,0.3245,0.62325,15600000,277,396,358
chr1,15600000,0.568166,0.6294,15620000,800,1183,960
chr1,15620000,0.956165,0.6277,15640000,2026,3237,2156
chr1,15640000,0.969637,0.66995,15660000,2679,3910,2983
chr1,15660000,1,0.6741,15680000,2780,4241,3125
chr1,15680000,0.907246,0.64525,15700000,2138,3192,2369
chr1,15700000,0.854041,0.64,15720000,2124,3041,2388
chr1,15720000,1,0.63235,15740000,2146,3586,2216
chr1,15740000,0.911817,0.638,15760000,2013,3201,2064
chr1,15760000,0.971008,0.6477,15780000,2110,3406,2445
chr1,15780000,0.758031,0.62805,15800000,1545,2418,1660
chr1,15800000,0.88558,0.6453,15820000,2151,3149,2145
chr1,15820000,0.992528,0.6439,15840000,2334,3753,2511
chr1,15840000,0.719662,0.6148,15860000,1432,2224,1543
chr1,15860000,0.92473,0.6347,15880000,2206,3347,2323
chr1,15880000,0.928937,0.65695,15900000,2195,3278,2408
chr1,15900000,0.9997,0.6359,15920000,2320,3613,2507
chr1,15920000,0.924664,0.68475,15940000,2683,3614,2783
chr1,15940000,0.997976,0.6815,15960000,3022,4665,3142
chr1,15960000,0.991405,0.6429,15980000,2135,3498,2208
chr1,15980000,0.99983,0.6361,16000000,2132,3444,2023
chr1,16000000,0.9995,0.6667,16020000,2726,4117,2911
chr1,16020000,0.993854,0.64745,16040000,2431,3821,2633
chr1,16040000,0.99749,0.67065,16060000,2780,4110,2763
chr1,16060000,1,0.60665,16080000,1769,3033,1865
chr1,16080000,0.980853,0.6652,16100000,2583,3815,2906
chr1,16100000,0.942358,0.6394,16120000,1997,3173,2385
chr1,16120000,1,0.6679,16140000,2474,4029,2698
chr1,16140000,1,0.69615,16160000,3015,4236,3130
chr1,16160000,0.959045,0.69305,16180000,2713,3813,2874
chr1,16180000,0.987833,0.66835,16200000,2479,3854,2555
chr1,16200000,0.5535,0.6507,16220000,316,491,421
chr1,16220000,0.512379,0.56255,16240000,120,229,152
chr1,16240000,0.531433,0.6509,16260000,249,364,310
chr1,16260000,0.528554,0.56345,16280000,242,405,334
chr1,16280000,1,0.61265,16300000,2056,3399,2104
chr1,16300000,1,0.6305,16320000,2182,3651,2297
chr1,16320000,0.665457,0.65565,16340000,1803,2516,2118
chr1,16340000,0.359917,0.6266,16360000,146,172,192
chr1,16360000,0.355614,0.622,16380000,78,91,105
chr1,16380000,0.42228,0.6249,16400000,244,356,320
chr1,16400000,0.570561,0.58455,16420000,1118,1589,1335
chr1,16420000,0.997484,0.6632,16440000,2584,3633,2780
chr1,16440000,1,0.6724,16460000,2552,4043,2924
chr1,16460000,0.979433,0.6576,16480000,2251,3384,2475
chr1,16480000,0.9795,0.7013,16500000,2948,4147,3189
chr1,16500000,0.99975,0.65425,16520000,2396,3666,2434
chr1,16520000,0.992483,0.6132,16540000,1939,3191,2050
chr1,16540000,0.930732,0.65335,16560000,2128,3348,2354
chr1,16560000,0.932482,0.6536,16580000,2148,3259,2317
chr1,16580000,0.7513,0.63035,16600000,1142,1723,1162
chr1,16600000,0.897845,0.6462,16620000,2129,3117,2402
chr1,16620000,0.999375,0.6759,16640000,2622,3856,2875
chr1,16640000,0.81697,0.67585,16660000,2669,3848,2902
chr1,16660000,0.73024,0.60895,16680000,1596,2215,1784
chr1,16680000,0.666366,0.6237,16700000,1588,2464,1734
chr1,16700000,0.998152,0.635,16720000,2208,3522,2389
chr1,16720000,0.924947,0.66225,16740000,2329,3506,2514
chr1,16740000,0.995418,0.64535,16760000,2223,3595,2366
chr1,16760000,0.998825,0.6483,16780000,2308,3637,2442
chr1,16780000,0.944651,0.6536,16800000,2244,3468,2554
chr1,16800000,0.944746,0.6395,16820000,2013,3137,2367
chr1,16820000,0.998825,0.6235,16840000,2266,3360,2304
chr1,16840000,0.950774,0.67075,16860000,2465,3652,2754
chr1,16860000,0.995712,0.6726,16880000,2670,3710,2917
chr1,16880000,0.994258,0.64915,16900000,2342,3601,2448
chr1,16900000,0.998987,0.67875,16920000,2682,3959,3002
chr1,16920000,0.992483,0.69775,16940000,2978,4351,3393
chr1,16940000,0.891456,0.5821,16960000,1622,2186,1839
chr1,16960000,0.914479,0.63245,16980000,2034,2894,2284
chr1,16980000,0.851549,0.64655,17000000,1983,2899,2236
chr1,17000000,0.895612,0.6508,17020000,2041,3197,2369
chr1,17020000,0.829092,0.62345,17040000,1469,2310,1748
chr1,17040000,0.9986,0.6627,17060000,2535,3889,2522
chr1,17060000,0.99502,0.6324,17080000,2314,3400,2436
chr1,17080000,0.972135,0.6845,17100000,2882,4199,3092
chr1,17100000,1,0.63745,17120000,2271,3659,2306
chr1,17120000,0.95979,0.66085,17140000,2760,3832,2984
chr1,17140000,0.998775,0.61335,17160000,2116,3341,2355
chr1,17160000,0.943593,0.69045,17180000,2693,3748,2889
chr1,17180000,0.933284,0.6547,17200000,2156,3138,2578
chr1,17200000,0.857415,0.65025,17220000,2045,3004,2259
chr1,17220000,0.942533,0.70735,17240000,2983,4039,3154
chr1,17240000,0.975752,0.6321,17260000,2285,3561,2595
chr1,17260000,0.985005,0.64295,17280000,2282,3588,2374
chr1,17280000,0.820324,0.6823,17300000,2128,3187,2377
chr1,17300000,0.362023,0.64685,17320000,495,776,670
chr1,17320000,0.428036,0.6737,17340000,801,1157,937
chr1,17340000,0.986937,0.67165,17360000,3010,3919,2959
chr1,17360000,0.962138,0.59205,17380000,1772,2654,2200
chr1,17380000,0.968012,0.6237,17400000,2110,3041,2386
chr1,17400000,1,0.63395,17420000,2280,3559,2339
chr1,17420000,0.9997,0.6358,17440000,2322,3510,2481
chr1,17440000,0.957921,0.6309,17460000,1914,2955,2105
chr1,17460000,0.974284,0.6329,17480000,2084,3361,2177
chr1,17480000,0.898447,0.6491,17500000,2155,3222,2421
chr1,17500000,0.92637,0.66585,17520000,2255,3452,2595
chr1,17520000,0.996883,0.67425,17540000,2849,4086,3148
chr1,17540000,0.941453,0.60965,17560000,1892,3166,1966
chr1,17560000,0.980506,0.6681,17580000,2463,3769,2612
chr1,17580000,0.967391,0.61715,17600000,1775,2582,2145
chr1,17600000,0.798114,0.597,17620000,1202,1642,1408
chr1,17620000,0.968799,0.6419,17640000,2039,3062,2254
chr1,17640000,1,0.61415,17660000,2025,3415,2053
chr1,17660000,0.991521,0.60875,17680000,1901,3277,2074
chr1,17680000,1,0.61805,17700000,1940,3161,2126
chr1,17700000,0.9901,0.66465,17720000,2554,3803,2787
chr1,17720000,0.86805,0.59885,17740000,1524,2474,1538
chr1,17740000,0.925658,0.6147,17760000,1644,2695,1815
chr1,17760000,0.988309,0.68335,17780000,2782,3954,3051
chr1,17780000,0.97295,0.64715,17800000,2265,3516,2572
chr1,17800000,0.960772,0.6389,17820000,2336,3189,2339
chr1,17820000,1,0.61445,17840000,2007,2423,1998
chr1,17840000,0.968954,0.6654,17860000,2285,2339,2567
chr1,17860000,0.822096,0.65385,17880000,1336,1408,1564
chr1,17880000,0.990034,0.64415,17900000,1747,1791,2014
chr1,17900000,0.999225,0.6448,17920000,2507,2505,2667
chr1,17920000,1,0.60015,17940000,2167,2240,2337
chr1,17940000,1,0.66525,17960000,2692,2725,2777
chr1,17960000,0.856953,0.5415,17980000,1193,1150,1409
chr1,17980000,0.980024,0.6259,18000000,2188,2268,2381
chr1,18000000,0.998993,0.68245,18020000,2697,2685,2925
chr1,18020000,0.890973,0.6568,18040000,2178,2214,2307
chr1,18040000,0.999775,0.6677,18060000,2750,2688,2809
chr1,18060000,0.870041,0.66835,18080000,2398,2388,2601
chr1,18080000,0.800627,0.6453,18100000,1686,1561,1956
chr1,18100000,0.966277,0.63765,18120000,2285,2327,2637
chr1,18120000,0.816482,0.6241,18140000,1451,1359,1676
chr1,18140000,0.925948,0.65175,18160000,2394,2589,2424
chr1,18160000,0.997635,0.7033,18180000,3433,3459,3341
chr1,18180000,0.998271,0.694,18200000,2977,2846,3152
chr1,18200000,0.997808,0.6276,18220000,2411,2555,2552
chr1,18220000,0.97027,0.5782,18240000,2224,2512,2580
chr1,18240000,0.933849,0.6851,18260000,2843,2922,3372
chr1,18260000,0.9318,0.6663,18280000,2334,2201,2631
chr1,18280000,0.975334,0.6365,18300000,2371,2458,2435
chr1,18300000,0.763351,0.6274,18320000,1603,1721,1750
chr1,18320000,0.964029,0.5958,18340000,1872,1973,2088
chr1,18340000,0.95246,0.5727,18360000,1586,1481,1756
chr1,18360000,0.969708,0.55125,18380000,3033,3613,4350
chr1,18380000,0.935379,0.602,18400000,1800,1814,2246
chr1,18400000,0.905708,0.62695,18420000,1612,1589,1735
chr1,18420000,0.991234,0.6413,18440000,3075,3197,3404
chr1,18440000,0.924312,0.6613,18460000,2303,2159,2573
chr1,18460000,0.762814,0.62125,18480000,1612,1663,1761
chr1,18480000,0.643652,0.60245,18500000,1414,1421,1643
chr1,18500000,0.73875,0.64365,18520000,1089,1087,1230
chr1,18520000,0.925717,0.6488,18540000,1988,1994,2166
chr1,18540000,0.986317,0.66565,18560000,2526,2528,2728
chr1,18560000,0.999078,0.6567,18580000,2207,2213,2574
chr1,18580000,0.81024,0.64905,18600000,1936,1849,2199
chr1,18600000,0.988774,0.61445,18620000,1981,2104,2235
chr1,18620000,0.885248,0.6467,18640000,2163,1976,2504
chr1,18640000,0.879147,0.64165,18660000,2022,2119,2197
chr1,18660000,0.97104,0.61085,18680000,1916,2107,2241
chr1,18680000,0.962525,0.63415,18700000,2143,2060,2507
chr1,18700000,0.909425,0.632,18720000,1799,1964,1911
chr1,18720000,1,0.62965,18740000,2141,2422,2357
chr1,18740000,0.984313,0.6614,18760000,2518,2531,2730
chr1,18760000,0.827146,0.64215,18780000,1727,1680,2091
chr1,18780000,0.712977,0.65015,18800000,1276,1165,1474
chr1,18800000,0.625159,0.65745,18820000,1031,948,1231
chr1,18820000,0.74194,0.6639,18840000,1741,1584,1871
chr1,18840000,0.829022,0.66515,18860000,1799,1631,2033
chr1,18860000,0.962685,0.66495,18880000,2428,2460,2614
chr1,18880000,0.867754,0.6123,18900000,1668,1644,1965
chr1,18900000,0.456496,0.6612,18920000,866,843,986
chr1,18920000,0.652543,0.63495,18940000,807,827,903
chr1,18940000,0.972183,0.64275,18960000,2550,2654,2599
chr1,18960000,0.956542,0.63015,18980000,1978,1973,2283
chr1,18980000,0.90428,0.6519,19000000,2006,2041,2163
chr1,19000000,0.993892,0.6907,19020000,2336,2279,2595
chr1,19020000,0.989392,0.64065,19040000,1790,1678,1929
chr1,19040000,0.980194,0.56245,19060000,1940,2125,2200
chr1,19060000,0.995062,0.60545,19080000,2114,2077,2210
chr1,19080000,0.980492,0.66265,19100000,2540,2597,2796
chr1,19100000,0.812175,0.70275,19120000,1933,1883,2069
chr1,19120000,0.984083,0.6191,19140000,2075,2116,2367
chr1,19140000,0.960468,0.61835,19160000,1986,2035,2322
chr1,19160000,0.995395,0.6618,19180000,2520,2690,2908
chr1,19180000,0.746931,0.5704,19200000,1324,1396,1514
chr1,19200000,0.93687,0.6195,19220000,2005,2035,2326
chr1,19220000,0.9595,0.6626,19240000,2406,2424,2613
chr1,19240000,0.930202,0.61585,19260000,1829,1952,2107
chr1,19260000,0.781697,0.58505,19280000,1194,1199,1443
chr1,19280000,0.936576,0.59415,19300000,1957,1854,2160
chr1,19300000,0.999571,0.6061,19320000,2127,2276,2356
chr1,19320000,0.991708,0.65715,19340000,2469,2421,2541
chr1,19340000,0.935242,0.68305,19360000,2488,2552,2800
chr1,19360000,0.897365,0.6438,19380000,1974,1933,2245
chr1,19380000,0.671164,0.61735,19400000,1288,1225,1636
chr1,19400000,0.981709,0.63595,19420000,2277,2198,2430
chr1,19420000,0.953441,0.6604,19440000,2552,2621,3175
chr1,19440000,0.992795,0.6641,19460000,2435,2606,2686
chr1,19460000,0.981655,0.64915,19480000,2357,2329,2520
chr1,19480000,0.692999,0.5427,19500000,654,644,741
chr1,19500000,0.404986,0.55595,19520000,202,223,305
chr1,19520000,0.899979,0.569,19540000,1323,1331,1504
chr1,19540000,0.956103,0.5481,19560000,1388,1427,1658
chr1,19560000,0.959999,0.6655,19580000,2602,2515,2902
chr1,19580000,0.520947,0.63155,19600000,886,817,990
chr1,19600000,0.399469,0.63835,19620000,358,307,445
chr1,19620000,0.433125,0.6529,19640000,474,411,591
chr1,19640000,0.982055,0.6689,19660000,2616,2523,2884
chr1,19660000,0.95581,0.616,19680000,2045,2139,2287
chr1,19680000,0.968525,0.67935,19700000,2572,2473,2756
chr1,19700000,0.749662,0.68565,19720000,1472,1316,1635
chr1,19720000,0.996383,0.6193,19740000,2613,2702,2913
chr1,19740000,0.9994,0.6259,19760000,2255,2308,2343
chr1,19760000,0.559886,0.5182,19780000,655,683,762
chr1,19780000,0.863693,0.6594,19800000,2313,2036,2504
chr1,19800000,0.968506,0.61555,19820000,2054,2059,2358
chr1,19820000,0.793918,0.5427,19840000,1104,1053,1218
chr1,19840000,0.938262,0.6823,19860000,2342,2222,2675
chr1,19860000,0.935718,0.6557,19880000,2050,1975,2365
chr1,19880000,0.892732,0.58165,19900000,1921,1960,2134
chr1,19900000,0.910242,0.63045,19920000,2022,2063,2549
chr1,19920000,0.986075,0.60425,19940000,1931,1890,2193
chr1,19940000,0.991825,0.6148,19960000,2056,2266,2382
chr1,19960000,0.997733,0.64285,19980000,2436,2437,2641
chr1,19980000,0.861804,0.6118,20000000,1620,1588,1842
chr1,20000000,0.89781,0.648,20020000,2163,2168,2263
chr1,20020000,0.895388,0.66425,20040000,2412,2659,2896
chr1,20040000,0.956994,0.6579,20060000,2411,2533,2597
chr1,20060000,0.976558,0.69215,20080000,2774,2672,3001
chr1,20080000,0.958817,0.67575,20100000,2473,2483,2829
chr1,20100000,0.9871,0.65765,20120000,2432,2561,2675
chr1,20120000,0.934935,0.60835,20140000,1814,1866,2154
chr1,20140000,0.943412,0.67705,20160000,2342,2170,2696
chr1,20160000,0.978462,0.6729,20180000,2502,2610,2813
chr1,20180000,0.948221,0.64275,20200000,2177,2183,2429
chr1,20200000,0.980822,0.67675,20220000,2453,2338,2646
chr1,20220000,0.966464,0.68595,20240000,2660,2529,2959
chr1,20240000,0.9328,0.6504,20260000,2225,2215,2466
chr1,20260000,0.861382,0.62035,20280000,1807,1937,2207
chr1,20280000,0.998475,0.6251,20300000,2070,2143,2123
chr1,20300000,0.993353,0.63725,20320000,2080,2329,2312
chr1,20320000,0.810528,0.59685,20340000,1765,2009,2610
chr1,20340000,0.979733,0.60115,20360000,2062,2277,2277
chr1,20360000,0.991122,0.6311,20380000,2128,2263,2439
chr1,20380000,0.985077,0.68275,20400000,2836,2710,3007
chr1,20400000,0.912677,0.7043,20420000,2502,2285,2851
chr1,20420000,0.979186,0.70135,20440000,2929,2773,3225
chr1,20440000,0.950032,0.69275,20460000,2688,2664,2839
chr1,20460000,0.797785,0.6645,20480000,2161,2059,2560
chr1,20480000,0.9964,0.6147,20500000,2200,2279,2464
chr1,20500000,0.976405,0.63435,20520000,2400,2286,2654
chr1,20520000,0.968243,0.645,20540000,2228,2377,2352
chr1,20540000,0.944806,0.55595,20560000,1425,1430,1672
chr1,20560000,0.9975,0.6252,20580000,2231,2326,2357
chr1,20580000,0.972124,0.59925,20600000,1718,1801,2025
chr1,20600000,0.93141,0.6689,20620000,2424,2383,2725
chr1,20620000,0.9977,0.5823,20640000,1869,2051,2129
chr1,20640000,0.71717,0.60105,20660000,1513,1415,1698
chr1,20660000,0.735263,0.644,20680000,1713,1761,1851
chr1,20680000,0.981402,0.6908,20700000,2751,2618,3183
chr1,20700000,0.978749,0.68105,20720000,2716,2577,2929
chr1,20720000,0.807666,0.60025,20740000,1454,1483,1732
chr1,20740000,0.987926,0.64635,20760000,2437,2381,2709
chr1,20760000,0.850094,0.57595,20780000,1241,1268,1529
chr1,20780000,0.699487,0.562,20800000,1022,963,1253
chr1,20800000,0.955131,0.59085,20820000,1890,1898,2051
chr1,20820000,0.924731,0.5887,20840000,1644,1736,1960
chr1,20840000,0.899937,0.5928,20860000,1420,1444,1709
chr1,20860000,0.964657,0.5561,20880000,1448,1439,1722
chr1,20880000,0.73456,0.6047,20900000,1358,1282,1750
chr1,20900000,0.43072,0.58025,20920000,562,502,623
chr1,20920000,0.604201,0.618,20940000,750,668,827
chr1,20940000,0.491349,0.61985,20960000,573,493,647
chr1,20960000,0.520779,0.6271,20980000,721,607,739
chr1,20980000,0.329139,0.6276,21000000,252,190,290
chr1,21000000,0.536417,0.612,21020000,688,668,728
chr1,21020000,0.347638,0.62765,21040000,362,315,425
chr1,21040000,0.410128,0.65515,21060000,565,525,738
chr1,21060000,0.596062,0.61655,21080000,1216,1155,1263
chr1,21080000,0.338143,0.62705,21100000,301,298,342
chr1,21100000,0.246394,0.6284,21120000,212,203,204
chr1,21120000,0.177648,0.62545,21140000,78,62,101
chr1,21140000,0.351653,0.62775,21160000,302,287,351
chr1,21160000,0.382919,0.62875,21180000,382,352,465
chr1,21180000,0.29063,0.6267,21200000,117,117,136
chr1,21200000,0.306789,0.60395,21220000,264,285,353
chr1,21220000,0.172643,0.6235,21240000,75,99,86
chr1,21240000,0.213079,0.6235,21260000,140,127,185
chr1,21260000,0.358217,0.62605,21280000,282,260,309
chr1,21280000,0.874005,0.5833,21300000,1815,1772,2016
chr1,21300000,0.787467,0.60665,21320000,2484,2569,3307
chr1,21320000,0.391694,0.6236,21340000,391,396,464
chr1,21340000,0.551763,0.61135,21360000,660,607,735
chr1,21360000,0.469765,0.615,21380000,490,466,667
chr1,21380000,0.496608,0.58805,21400000,701,653,907
chr1,21400000,0.369655,0.62395,21420000,354,344,492
chr1,21420000,0.369663,0.6268,21440000,253,237,294
chr1,21440000,0.33569,0.62735,21460000,175,168,188
chr1,21460000,0.373323,0.62225,21480000,383,378,443
chr1,21480000,0.310406,0.62525,21500000,286,277,322
chr1,21500000,0.429458,0.6225,21520000,449,409,496
chr1,21520000,0.505705,0.60345,21540000,717,630,763
chr1,21540000,0.475112,0.6142,21560000,420,369,482
chr1,21560000,0.482289,0.62105,21580000,523,498,573
chr1,21580000,0.541211,0.6097,21600000,633,609,718
chr1,21600000,0.641179,0.61005,21620000,1009,1014,1226
chr1,21620000,0.684704,0.59865,21640000,998,1007,1256
chr1,21640000,0.641696,0.61715,21660000,723,668,818
chr1,21660000,0.618263,0.6294,21680000,823,735,907
chr1,21680000,0.477273,0.62785,21700000,525,466,595
chr1,21700000,0.42339,0.59555,21720000,695,692,775
chr1,21720000,0.614935,0.6128,21740000,822,805,959
chr1,21740000,0.481299,0.59615,21760000,818,873,1091
chr1,21760000,0.414072,0.6196,21780000,410,346,476
chr1,21780000,0.369716,0.6195,21800000,296,285,394
chr1,21800000,0.122404,0.626,21820000,52,61,79
chr1,21820000,0.200544,0.626,21840000,171,187,219
chr1,21840000,0.230717,0.6256,21860000,269,236,284
chr1,21860000,0.29284,0.6252,21880000,209,213,262
chr1,21880000,0.248201,0.62495,21900000,241,196,260
chr1,21900000,0.299032,0.62525,21920000,248,285,313
chr1,21920000,0.287753,0.62185,21940000,206,191,226
chr1,21940000,0.439888,0.6246,21960000,455,449,543
chr1,21960000,0.389885,0.62555,21980000,337,341,417
chr1,21980000,0.371471,0.6246,22000000,360,315,380
chr1,22000000,0.456231,0.62365,22020000,447,449,470
chr1,22020000,0.690891,0.60655,22040000,1156,1173,1348
chr1,22040000,0.308112,0.6188,22060000,205,219,242
chr1,22060000,0.468129,0.6156,22080000,492,433,570
chr1,22080000,0.411491,0.55115,22100000,331,295,400
chr1,22100000,0.45167,0.5922,22120000,491,468,626
chr1,22120000,0.149391,0.6256,22140000,78,85,130
chr1,22140000,0.215105,0.6235,22160000,188,158,224
chr1,22160000,0.17682,0.62215,22180000,49,42,59
chr1,22180000,0.315162,0.6156,22200000,289,301,353
chr1,22200000,0.53963,0.605,22220000,776,737,890
chr1,22220000,0.390353,0.58115,22240000,422,408,521
chr1,22240000,0.501956,0.6204,22260000,697,586,739
chr1,22260000,0.33415,0.6074,22280000,331,322,390
chr1,22280000,0.520516,0.60995,22300000,539,498,531
chr1,22300000,0.389876,0.60085,22320000,637,547,783
chr1,22320000,0.460392,0.6054,22340000,612,598,746
chr1,22340000,0.370708,0.60925,22360000,359,404,394
chr1,22360000,0.545433,0.6079,22380000,729,671,937
chr1,22380000,0.478715,0.5921,22400000,588,566,675
chr1,22400000,0.435402,0.61455,22420000,384,370,428
chr1,22420000,0.602405,0.59165,22440000,1067,984,1059
chr1,22440000,0.563494,0.6256,22460000,454,406,456
chr1,22460000,0.801202,0.638,22480000,1826,1775,2297
chr1,22480000,0.685819,0.58725,22500000,1359,1423,1920
chr1,22500000,0.743886,0.58865,22520000,1187,1230,1594
chr1,22520000,0.556874,0.59195,22540000,851,829,1036
chr1,22540000,0.479735,0.58015,22560000,616,616,745
chr1,22560000,0.509215,0.59875,22580000,630,589,785
chr1,22580000,0.641382,0.58345,22600000,688,624,860
chr1,22600000,0.744034,0.60005,22620000,1099,1047,1245
chr1,22620000,0.544873,0.61065,22640000,659,586,692
chr1,22640000,0.650012,0.6189,22660000,976,912,1016
chr1,22660000,0.466225,0.6332,22680000,406,400,478
chr1,22680000,0.237766,0.62855,22700000,232,210,293
chr1,22700000,0.260285,0.6299,22720000,214,192,239
chr1,22720000,0.180631,0.6229,22740000,58,38,55
chr1,22740000,0.441148,0.62005,22760000,585,495,550
chr1,22760000,0.594226,0.6073,22780000,834,706,892
chr1,22780000,0.656236,0.602,22800000,1516,1615,2089
chr1,22800000,0.390138,0.62965,22820000,460,458,525
chr1,22820000,0.214151,0.62525,22840000,226,210,274
chr1,22840000,0.228008,0.62575,22860000,220,214,238
chr1,22860000,0.439006,0.62975,22880000,511,484,638
chr1,22880000,0.229632,0.61735,22900000,239,220,241
chr1,22900000,0.476855,0.5923,22920000,533,531,641
chr1,22920000,0.613994,0.5865,22940000,131801,144767,136761
chr1,22940000,0.567533,0.6125,22960000,60840,55117,76352
chr1,22960000,0.54477,0.602,22980000,620,556,697
chr1,22980000,0.512428,0.6286,23000000,712,666,780
chr1,23000000,0.59969,0.6034,23020000,752,712,988
chr1,23020000,0.655119,0.59965,23040000,2347,2976,3494
chr1,23040000,0.649767,0.5637,23060000,2048,2573,3141
chr1,23060000,0.451537,0.62535,23080000,367,266,381
chr1,23080000,0.818962,0.62225,23100000,1305,1184,1303
chr1,23100000,0.574449,0.62905,23120000,725,661,774
chr1,23120000,0.161503,0.6306,23140000,100,80,111
chr1,23140000,0.623714,0.62885,23160000,943,887,934
chr1,23160000,0.414368,0.62645,23180000,430,393,441
chr1,23180000,0.368082,0.6273,23200000,447,396,548
chr1,23200000,0.346747,0.6277,23220000,418,328,393
chr1,23220000,0.264268,0.62765,23240000,253,215,254
chr1,23240000,0.393092,0.63065,23260000,343,308,358
chr1,23260000,0.725179,0.6238,23280000,1119,1036,1230
chr1,23280000,0.47455,0.62735,23300000,478,482,626
chr1,23300000,0.524213,0.59295,23320000,1070,1112,1412
chr1,23320000,0.678754,0.5926,23340000,1217,1312,1482
chr1,23340000,0.302176,0.63,23360000,348,310,369
chr1,23360000,0.323869,0.63005,23380000,385,371,422
chr1,23380000,0.426359,0.61015,23400000,623,560,677
chr1,23400000,0.38957,0.63095,23420000,375,369,451
chr1,23420000,0.311902,0.6291,23440000,216,195,277
chr1,23440000,0.273915,0.62125,23460000,159,130,185
chr1,23460000,0.34919,0.60145,23480000,197,155,219
chr1,23480000,0.565002,0.6125,23500000,695,650,786
chr1,23500000,0.451288,0.6291,23520000,557,492,576
chr1,23520000,0.453963,0.6271,23540000,640,534,690
chr1,23540000,0.621432,0.5804,23560000,853,862,986
chr1,23560000,0.747438,0.60805,23580000,1224,1285,1505
chr1,23580000,0.780137,0.63195,23600000,1428,1276,1634
chr1,23600000,0.586285,0.59935,23620000,864,842,987
chr1,23620000,0.679559,0.63875,23640000,905,825,1022
chr1,23640000,0.792655,0.6158,23660000,1271,1342,1469
chr1,23660000,0.31558,0.6284,23680000,197,198,220
chr1,23680000,0.357715,0.61215,23700000,344,326,436
chr1,23700000,0.582532,0.60635,23720000,902,861,1001
chr1,23720000,0.428336,0.6259,23740000,371,346,393
chr1,23740000,0.730289,0.6254,23760000,1045,994,1038
chr1,23760000,0.477752,0.62375,23780000,464,435,434
chr1,23780000,0.531245,0.6281,23800000,561,477,578
chr1,23800000,0.518397,0.63405,23820000,642,570,629
chr1,23820000,0.979017,0.58655,23840000,1598,1642,1831
chr1,23840000,0.626373,0.5934,23860000,998,989,1221
chr1,23860000,0.997343,0.63785,23880000,2273,2234,2387
chr1,23880000,0.943196,0.61975,23900000,2056,1981,2204
chr1,23900000,0.934818,0.58725,23920000,1779,1803,2127
chr1,23920000,0.99065,0.66785,23940000,2460,2462,2539
chr1,23940000,0.99225,0.60305,23960000,2181,2211,2356
chr1,23960000,0.98018,0.6823,23980000,2548,2466,2742
chr1,23980000,0.995287,0.61545,24000000,2118,2146,2236
chr1,24000000,0.983062,0.6443,24020000,2381,2384,2693
chr1,24020000,0.9381,0.64755,24040000,1978,2052,2170
chr1,24040000,0.980198,0.671,24060000,2718,2572,3105
chr1,24060000,0.979819,0.69575,24080000,2999,2902,3382
chr1,24080000,0.758355,0.61625,24100000,1633,1605,1758
chr1,24100000,0.859526,0.63065,24120000,1899,1967,2191
chr1,24120000,0.998772,0.6484,24140000,2339,2283,2501
chr1,24140000,0.946299,0.6635,24160000,2439,2372,2616
chr1,24160000,0.922607,0.6458,24180000,2192,2086,2398
chr1,24180000,0.976656,0.61785,24200000,2106,2179,2279
chr1,24200000,0.947142,0.61445,24220000,2022,2092,2350
chr1,24220000,0.928832,0.59,24240000,1653,1708,1851
chr1,24240000,0.859255,0.5803,24260000,1481,1597,1703
chr1,24260000,0.483012,0.6598,24280000,510,537,639
chr1,24280000,0.645458,0.66905,24300000,26093,24926,31836
chr1,24300000,0.983707,0.6872,24320000,45956,52495,47683
chr1,24320000,0.995825,0.65965,24340000,2253,2298,2571
chr1,24340000,0.958897,0.6923,24360000,2672,2527,2867
chr1,24360000,0.75669,0.6472,24380000,1340,1335,1622
chr1,24380000,0.993583,0.58585,24400000,1819,1823,1994
chr1,24400000,0.984268,0.6197,24420000,2062,2100,2203
chr1,24420000,0.821551,0.68705,24440000,1821,1878,2056
chr1,24440000,0.644465,0.71425,24460000,970,902,1308
chr1,24460000,0.927165,0.6945,24480000,2484,2424,2684
chr1,24480000,0.920814,0.6558,24500000,2541,2265,2715
chr1,24500000,0.971182,0.6456,24520000,2188,2226,2429
chr1,24520000,0.981393,0.6508,24540000,2353,2312,2489
chr1,24540000,0.920033,0.64495,24560000,2136,2170,2274
chr1,24560000,0.634168,0.58685,24580000,1110,1132,1285
chr1,24580000,0.9998,0.6319,24600000,1882,2047,2078
chr1,24600000,0.788985,0.64645,24620000,1842,1900,2160
chr1,24620000,0.733935,0.58665,24640000,1443,1416,1605
chr1,24640000,0.857573,0.56435,24660000,1319,1157,1523
chr1,24660000,0.977046,0.6704,24680000,2503,2380,2802
chr1,24680000,0.915714,0.6167,24700000,1943,2099,2318
chr1,24700000,0.9978,0.6146,24720000,2154,2081,2404
chr1,24720000,0.776987,0.6382,24740000,1936,1922,1961
chr1,24740000,0.882919,0.6794,24760000,2329,2343,2640
chr1,24760000,0.952149,0.65655,24780000,2307,2552,2537
chr1,24780000,0.951762,0.6232,24800000,2430,2193,2678
chr1,24800000,0.792425,0.61635,24820000,1644,1656,1778
chr1,24820000,0.66552,0.6038,24840000,1275,1205,1412
chr1,24840000,0.91739,0.64395,24860000,1848,1886,2185
chr1,24860000,0.979989,0.6525,24880000,2053,2080,2374
chr1,24880000,0.92217,0.64765,24900000,2047,2075,2339
chr1,24900000,0.929725,0.63875,24920000,1928,2109,2172
chr1,24920000,0.994453,0.64735,24940000,2870,2924,2966
chr1,24940000,0.999825,0.64635,24960000,2367,2528,2536
chr1,24960000,0.954189,0.68405,24980000,2577,2527,2937
chr1,24980000,0.978887,0.63355,25000000,2740,2843,2821
chr1,25000000,0.978994,0.6636,25020000,2453,2466,2887
chr1,25020000,0.984812,0.67475,25040000,2690,2784,2894
chr1,25040000,0.998183,0.67805,25060000,2837,2659,3083
chr1,25060000,0.9357,0.64825,25080000,2207,2124,2427
chr1,25080000,0.739131,0.6262,25100000,1643,1559,1974
chr1,25100000,0.978757,0.68805,25120000,2626,2697,3104
chr1,25120000,0.970792,0.6629,25140000,2412,2356,2639
chr1,25140000,0.79068,0.61745,25160000,1955,1929,1941
chr1,25160000,0.895515,0.64755,25180000,2084,1948,2303
chr1,25180000,0.977244,0.68435,25200000,2638,2508,3048
chr1,25200000,0.953978,0.66985,25220000,2402,2437,2723
chr1,25220000,0.993049,0.70765,25240000,2975,2951,3240
chr1,25240000,0.919447,0.6215,25260000,2090,2162,2291
chr1,25260000,0.847866,0.6234,25280000,1983,1956,2336
chr1,25280000,0.928342,0.6937,25300000,2751,2736,3190
chr1,25300000,1,0.62495,25320000,2036,2259,2230
chr1,25320000,0.996125,0.66925,25340000,2551,2661,2789
chr1,25340000,0.891108,0.66925,25360000,2114,2008,2352
chr1,25360000,0.988942,0.6719,25380000,2641,2731,2899
chr1,25380000,0.974391,0.6636,25400000,2411,2457,2742
chr1,25400000,0.996558,0.67035,25420000,2674,2636,2885
chr1,25420000,0.606187,0.57965,25440000,1206,1172,1413
chr1,25440000,0.985467,0.63525,25460000,2209,2363,2277
chr1,25460000,0.859984,0.6606,25480000,2179,2116,2327
chr1,25480000,0.974261,0.6499,25500000,2343,2432,2673
chr1,25500000,0.9987,0.67025,25520000,2744,2749,2967
chr1,25520000,0.99355,0.60415,25540000,2247,2192,2458
chr1,25540000,0.900613,0.6696,25560000,2255,2346,2550
chr1,25560000,0.86324,0.68665,25580000,2230,1929,2541
chr1,25580000,0.930266,0.6858,25600000,2367,2153,2817
chr1,25600000,0.972123,0.6542,25620000,2174,2243,2336
chr1,25620000,0.682546,0.61515,25640000,1002,969,1026
chr1,25640000,0.952074,0.6124,25660000,1945,2032,2240
chr1,25660000,0.955971,0.5858,25680000,1825,1923,2137
chr1,25680000,0.969025,0.6339,25700000,2234,2290,2568
chr1,25700000,0.898465,0.70395,25720000,2913,2570,3031
chr1,25720000,0.887609,0.6741,25740000,2290,2214,2569
chr1,25740000,0.991421,0.6699,25760000,2668,2558,2986
chr1,25760000,0.999775,0.64235,25780000,2504,2651,2876
chr1,25780000,0.972608,0.64355,25800000,2428,2244,2527
chr1,25800000,0.933142,0.65295,25820000,2089,2161,2464
chr1,25820000,0.99445,0.6732,25840000,2867,2712,3026
chr1,25840000,0.995421,0.64275,25860000,2190,2431,2364
chr1,25860000,0.985731,0.6677,25880000,2504,2515,2753
chr1,25880000,0.9743,0.65605,25900000,2371,2394,2549
chr1,25900000,0.785468,0.6557,25920000,1600,1578,1828
chr1,25920000,0.951589,0.65535,25940000,2258,2358,2639
chr1,25940000,0.994092,0.6592,25960000,2345,2537,2662
chr1,25960000,0.872168,0.64865,25980000,1739,1810,2105
chr1,25980000,0.995367,0.62465,26000000,2309,2424,2518
chr1,26000000,0.939,0.66115,26020000,2351,2381,2540
chr1,26020000,0.943625,0.65545,26040000,2311,2261,2517
chr1,26040000,0.977617,0.66775,26060000,2562,2543,2811
chr1,26060000,0.984633,0.66685,26080000,2016,2015,2217
chr1,26080000,0.814667,0.6146,26100000,1104,1143,1194
chr1,26100000,0.985145,0.63775,26120000,1865,1850,2048
chr1,26120000,0.982978,0.64495,26140000,2215,2239,2458
chr1,26140000,0.967278,0.6574,26160000,2313,2440,2548
chr1,26160000,0.996592,0.65105,26180000,2235,2313,2527
chr1,26180000,0.992347,0.68475,26200000,2732,2521,2798
chr1,26200000,0.936122,0.63395,26220000,2090,2140,2440
chr1,26220000,0.9521,0.63765,26240000,2160,2181,2540
chr1,26240000,0.96826,0.68,26260000,2625,2688,2886
chr1,26260000,0.919158,0.60245,26280000,1746,1757,1891
chr1,26280000,0.919452,0.63445,26300000,2114,1924,2363
chr1,26300000,0.576422,0.6178,26320000,563,566,734
chr1,26320000,0.579179,0.64615,26340000,572,551,803
chr1,26340000,0.479558,0.62325,26360000,492,430,636
chr1,26360000,0.624553,0.6598,26380000,822,762,1033
chr1,26380000,0.489562,0.62015,26400000,495,490,643
chr1,26400000,0.695383,0.68595,26420000,1213,1238,1606
chr1,26420000,0.972283,0.67325,26440000,2534,2348,2742
chr1,26440000,0.860938,0.6468,26460000,1812,1767,1957
chr1,26460000,0.982717,0.67035,26480000,2723,2674,2812
chr1,26480000,0.995447,0.6531,26500000,2553,2568,2720
chr1,26500000,0.902956,0.64865,26520000,2203,2147,2482
chr1,26520000,0.88436,0.5957,26540000,1501,1578,1757
chr1,26540000,0.979705,0.623,26560000,2074,2167,2214
chr1,26560000,0.979456,0.6169,26580000,2030,2036,2392
chr1,26580000,0.902364,0.6772,26600000,2066,2130,2300
chr1,26600000,0.990437,0.6766,26620000,2780,2621,2921
chr1,26620000,0.95901,0.6541,26640000,2336,2282,2598
chr1,26640000,0.888676,0.6401,26660000,2049,2058,2423
chr1,26660000,0.994375,0.6277,26680000,2175,2194,2515
chr1,26680000,0.994772,0.6383,26700000,2577,2572,2789
chr1,26700000,0.976287,0.6598,26720000,2503,2437,2714
chr1,26720000,0.895558,0.69125,26740000,2607,2577,3166
chr1,26740000,0.902296,0.64445,26760000,2023,1951,2331
chr1,26760000,1,0.61925,26780000,1693,1737,1833
chr1,26780000,0.991183,0.65105,26800000,2460,2333,2613
chr1,26800000,0.92812,0.6799,26820000,2321,2207,2711
chr1,26820000,1,0.62945,26840000,1996,2314,2251
chr1,26840000,0.989634,0.6294,26860000,2161,2267,2225
chr1,26860000,0.747533,0.6229,26880000,1657,1643,1944
chr1,26880000,0.918276,0.67655,26900000,2466,2431,2943
chr1,26900000,0.992404,0.6456,26920000,2223,2204,2525
chr1,26920000,0.907026,0.59445,26940000,1808,1839,2048
chr1,26940000,0.795179,0.6006,26960000,1850,1920,2267
chr1,26960000,0.970232,0.6307,26980000,2043,2051,2364
chr1,26980000,0.856701,0.6015,27000000,1596,1709,1813
chr1,27000000,0.982103,0.63665,27020000,2146,2252,2368
chr1,27020000,0.982553,0.6694,27040000,2588,2510,2974
chr1,27040000,0.949797,0.64675,27060000,2048,2038,2320
chr1,27060000,0.918442,0.6628,27080000,2173,2204,2480
chr1,27080000,0.933054,0.53625,27100000,1252,1210,1587
chr1,27100000,0.828067,0.5949,27120000,1511,1614,1685
chr1,27120000,0.992178,0.6202,27140000,1945,2141,2178
chr1,27140000,0.992156,0.63575,27160000,2200,2371,2401
chr1,27160000,0.844158,0.6357,27180000,1757,1895,1912
chr1,27180000,0.777594,0.6247,27200000,1624,1635,1638
chr1,27200000,0.653269,0.60055,27220000,1184,1213,1368
chr1,27220000,0.994275,0.68135,27240000,2739,2697,2914
chr1,27240000,0.992951,0.65705,27260000,2227,2355,2414
chr1,27260000,0.930636,0.62395,27280000,1967,1996,2181
chr1,27280000,0.944588,0.65965,27300000,2316,2357,2544
chr1,27300000,0.942405,0.6256,27320000,1912,1927,2206
chr1,27320000,0.976592,0.6515,27340000,2190,2374,2623
chr1,27340000,0.998825,0.6411,27360000,2387,2413,2644
chr1,27360000,0.905056,0.66595,27380000,2151,2114,2304
chr1,27380000,0.9831,0.63965,27400000,2303,2274,2433
chr1,27400000,0.99775,0.6157,27420000,1981,2035,2243
chr1,27420000,0.97331,0.6415,27440000,2126,2329,2406
chr1,27440000,0.994244,0.65745,27460000,2452,2438,2571
chr1,27460000,0.969567,0.6571,27480000,2418,2513,2744
chr1,27480000,0.992881,0.64175,27500000,2144,2337,2456
chr1,27500000,0.856369,0.6416,27520000,1779,1871,2074
chr1,27520000,0.999175,0.6951,27540000,2865,2798,3154
chr1,27540000,0.778787,0.6606,27560000,1820,1901,2181
chr1,27560000,1,0.6669,27580000,2549,2731,2792
chr1,27580000,0.936155,0.65185,27600000,1857,2057,2211
chr1,27600000,0.700799,0.6204,27620000,1555,1416,1866
chr1,27620000,0.941423,0.6912,27640000,2761,2391,3019
chr1,27640000,0.769617,0.6668,27660000,1356,1326,1455
chr1,27660000,0.903542,0.64995,27680000,2006,2038,2395
chr1,27680000,0.867533,0.6403,27700000,1877,1985,2136
chr1,27700000,0.869035,0.66225,27720000,1885,1855,2156
chr1,27720000,0.972352,0.65755,27740000,2180,2289,2540
chr1,27740000,0.982866,0.6954,27760000,2753,2783,2830
chr1,27760000,0.9896,0.68575,27780000,2804,2683,2968
chr1,27780000,0.877312,0.62395,27800000,1489,1474,1747
chr1,27800000,0.995592,0.68795,27820000,2851,2776,3201
chr1,27820000,0.875975,0.65245,27840000,1919,1948,2129
chr1,27840000,0.72565,0.6359,27860000,1062,1021,1361
chr1,27860000,0.961648,0.6574,27880000,2364,2411,2462
chr1,27880000,0.688496,0.65955,27900000,1107,1073,1252
chr1,27900000,0.757681,0.6499,27920000,1531,1528,1956
chr1,27920000,1,0.6932,27940000,2746,2620,2936
chr1,27940000,0.905211,0.64425,27960000,2330,2236,2581
chr1,27960000,0.820869,0.6673,27980000,1992,1874,2233
chr1,27980000,0.920499,0.6871,28000000,2576,2488,2802
chr1,28000000,0.960407,0.6598,28020000,2479,2421,2813
chr1,28020000,0.957817,0.64245,28040000,2309,2236,2574
chr1,28040000,0.974374,0.66335,28060000,2367,2508,2727
chr1,28060000,0.977937,0.629,28080000,2125,2107,2412
chr1,28080000,0.971212,0.6367,28100000,2059,2095,2288
chr1,28100000,0.928807,0.6445,28120000,2208,2335,2386
chr1,28120000,0.99201,0.6449,28140000,2304,2309,2522
chr1,28140000,0.985167,0.6449,28160000,2331,2360,2511
chr1,28160000,0.949365,0.6374,28180000,1885,1973,2184
chr1,28180000,0.99653,0.652,28200000,2265,2361,2468
chr1,28200000,0.975763,0.68185,28220000,2579,2494,2996
chr1,28220000,0.999975,0.6519,28240000,2715,2646,2980
chr1,28240000,0.935767,0.6604,28260000,2316,2192,2644
chr1,28260000,0.781618,0.6509,28280000,1663,1699,2231
chr1,28280000,0.987367,0.6253,28300000,2138,2283,2372
chr1,28300000,0.820987,0.66505,28320000,1855,1912,2223
chr1,28320000,0.994815,0.67125,28340000,2688,2500,2960
chr1,28340000,0.922083,0.6091,28360000,1692,1767,1861
chr1,28360000,0.975032,0.64145,28380000,2298,2273,2259
chr1,28380000,0.854614,0.6125,28400000,1340,1442,1438
chr1,28400000,0.985125,0.62445,28420000,1919,2093,2035
chr1,28420000,0.989783,0.6448,28440000,2375,2423,2675
chr1,28440000,0.90745,0.6406,28460000,2457,2524,3074
chr1,28460000,0.880825,0.64605,28480000,2005,1965,2248
chr1,28480000,0.99875,0.6112,28500000,2208,2080,2358
chr1,28500000,0.953835,0.64615,28520000,2142,2024,2392
chr1,28520000,0.9407,0.626,28540000,1855,1998,1918
chr1,28540000,0.976652,0.6321,28560000,2097,2132,2429
chr1,28560000,0.99905,0.62885,28580000,1864,1869,2098
chr1,28580000,0.680287,0.603,28600000,699,755,792
chr1,28600000,0.694511,0.57785,28620000,964,985,1199
chr1,28620000,0.432558,0.6378,28640000,474,464,672
chr1,28640000,0.333829,0.6387,28660000,284,260,393
chr1,28660000,0.317444,0.65555,28680000,0,1,2
chr1,28680000,0.300455,0.6414,28700000,2,1,0
chr1,28700000,0.269973,0.6333,28720000,1,1,0
chr1,28720000,0.311689,0.6651,28740000,1,0,1
chr1,28740000,0.267979,0.6379,28760000,84,53,91
chr1,28760000,0.484665,0.63505,28780000,1556,1263,1431
chr1,28780000,1,0.61815,28800000,2824,1966,2111
chr1,28800000,0.722366,0.5882,28820000,2035,1289,1560
chr1,28820000,0.988166,0.67885,28840000,3805,2583,2810
chr1,28840000,0.9984,0.65125,28860000,3330,2334,2463
chr1,28860000,0.321503,0.69925,28880000,881,516,788
chr1,28880000,0.815928,0.6612,28900000,2602,1840,2107
chr1,28900000,0.9979,0.63115,28920000,3009,2188,2205
chr1,28920000,0.985733,0.6524,28940000,3367,2137,2510
chr1,28940000,0.6789,0.591,28960000,1477,1005,1321
chr1,28960000,0.994358,0.6554,28980000,3582,2401,2484
chr1,28980000,0.99375,0.63765,29000000,3435,2384,2480
chr1,29000000,0.993172,0.66105,29020000,3839,2497,2877
chr1,29020000,0.997317,0.6579,29040000,3792,2533,2676
chr1,29040000,0.955259,0.59965,29060000,2945,1948,2191
chr1,29060000,0.821935,0.66645,29080000,2918,1886,2448
chr1,29080000,0.929758,0.6503,29100000,3059,2063,2304
chr1,29100000,0.873473,0.64845,29120000,2609,1779,2059
chr1,29120000,0.97938,0.62825,29140000,3137,2231,2286
chr1,29140000,0.950308,0.67405,29160000,3369,2251,2529
chr1,29160000,0.797551,0.65735,29180000,2658,1778,2104
chr1,29180000,0.991264,0.6393,29200000,3101,2216,2148
chr1,29200000,0.999075,0.68955,29220000,4038,2650,2855
chr1,29220000,0.696173,0.59625,29240000,2330,1562,1743
chr1,29240000,0.632351,0.55095,29260000,1365,950,1041
chr1,29260000,0.578362,0.49495,29280000,727,443,625
chr1,29280000,0.726716,0.5283,29300000,1344,983,993
chr1,29300000,0.916402,0.65855,29320000,3010,2092,2410
chr1,29320000,0.886516,0.67355,29340000,3140,2036,2326
chr1,29340000,0.997925,0.6481,29360000,3852,2656,2817
chr1,29360000,0.971681,0.68105,29380000,3882,2503,2857
chr1,29380000,0.957258,0.63785,29400000,3565,2749,2721
chr1,29400000,0.97768,0.6457,29420000,3368,2208,2421
chr1,29420000,0.92646,0.6364,29440000,3097,2178,2375
chr1,29440000,0.992956,0.68955,29460000,3998,2780,2954
chr1,29460000,0.9872,0.67675,29480000,3492,2311,2711
chr1,29480000,0.967449,0.67615,29500000,22,1215,2721
chr1,29500000,0.82098,0.6535,29520000,70,999,1950
chr1,29520000,0.918867,0.6632,29540000,14,1013,2293
chr1,29540000,0.898308,0.6436,29560000,79,1091,2213
chr1,29560000,0.96166,0.67705,29580000,387,1178,1663
chr1,29580000,0.852905,0.63625,29600000,514,1129,1323
chr1,29600000,0.965095,0.67,29620000,24,1163,1301
chr1,29620000,0.666905,0.65285,29640000,7,680,758
chr1,29640000,0.403026,0.66315,29660000,15,208,327
chr1,29660000,0.834795,0.65055,29680000,31,891,945
chr1,29680000,0.997885,0.6192,29700000,7,1076,1104
chr1,29700000,0.990214,0.61185,29720000,120,1144,1192
chr1,29720000,0.993482,0.64345,29740000,9,1224,1337
chr1,29740000,1,0.61215,29760000,9,1060,1161
chr1,29760000,0.996725,0.6458,29780000,9,1152,1137
chr1,29780000,0.994709,0.61325,29800000,11,1077,1053
chr1,29800000,0.98728,0.6281,29820000,11,1099,1203
chr1,29820000,0.98972,0.58275,29840000,43,966,1001
chr1,29840000,0.997325,0.6103,29860000,325,1438,1421
chr1,29860000,0.6803,0.57005,29880000,20,413,513
chr1,29880000,0.746087,0.6453,29900000,22,531,706
chr1,29900000,0.689448,0.589,29920000,1,320,381
chr1,29920000,0.588781,0.61045,29940000,5,316,407
chr1,29940000,0.657461,0.51245,29960000,26,324,430
chr1,29960000,0.90589,0.62325,29980000,21,870,1042
chr1,29980000,0.952035,0.5904,30000000,22,930,968
chr1,30000000,0.97746,0.5755,30020000,15,891,934
chr1,30020000,0.999775,0.65095,30040000,17,1172,1211
chr1,30040000,0.860487,0.62645,30060000,18,946,919
chr1,30060000,0.873358,0.63655,30080000,10,997,1006
chr1,30080000,0.9956,0.663,30100000,35,1238,1331
chr1,30100000,0.974777,0.70635,30120000,80,1430,1725
chr1,30120000,0.921767,0.63865,30140000,9,1064,1108
chr1,30140000,0.83623,0.60935,30160000,158,1056,1061
chr1,30160000,0.703012,0.62845,30180000,22,614,751
chr1,30180000,0.721883,0.6633,30200000,11,538,727
chr1,30200000,0.690638,0.5652,30220000,10,683,750
chr1,30220000,0.940167,0.68045,30240000,23,1161,1387
chr1,30240000,0.966829,0.6718,30260000,9,1250,1376
chr1,30260000,0.981048,0.64845,30280000,14,1220,1232
chr1,30280000,0.814956,0.63175,30300000,11,791,950
chr1,30300000,0.812912,0.67575,30320000,39,946,1081
chr1,30320000,0.604147,0.56965,30340000,10,544,553
chr1,30340000,0.99905,0.645,30360000,32,1259,1261
chr1,30360000,0.940965,0.6656,30380000,65,1176,1391
chr1,30380000,0.864307,0.574,30400000,29,718,797
chr1,30400000,0.990233,0.64485,30420000,365,1535,1446
chr1,30420000,0.976423,0.65245,30440000,16,1136,1183
chr1,30440000,0.964347,0.6713,30460000,22,1221,1375
chr1,30460000,0.993683,0.65765,30480000,6,1185,1309
chr1,30480000,0.989336,0.6632,30500000,17,1083,1181
chr1,30500000,0.930083,0.64095,30520000,145,963,1137
chr1,30520000,0.99965,0.60175,30540000,11,1074,1153
chr1,30540000,1,0.65345,30560000,7,1260,1277
chr1,30560000,1,0.62705,30580000,5,1070,1213
chr1,30580000,0.988825,0.6177,30600000,6,1135,1183
chr1,30600000,0.738623,0.6328,30620000,39,822,939
chr1,30620000,0.920283,0.66505,30640000,22,1115,1351
chr1,30640000,0.990083,0.68265,30660000,26,1315,1539
chr1,30660000,0.943091,0.62445,30680000,6,1004,996
chr1,30680000,0.880925,0.61695,30700000,7,836,884
chr1,30700000,0.883654,0.6408,30720000,5,915,958
chr1,30720000,0.955095,0.6725,30740000,23,1201,1306
chr1,30740000,0.918843,0.68455,30760000,43,1200,1485
chr1,30760000,0.986403,0.65595,30780000,13,1091,1201
chr1,30780000,0.972274,0.67565,30800000,19,1180,1342
chr1,30800000,0.974917,0.6546,30820000,13,1160,1222
chr1,30820000,0.951721,0.6708,30840000,31,1180,1274
chr1,30840000,0.9899,0.6628,30860000,14,1198,1315
chr1,30860000,0.920063,0.6729,30880000,14,1102,1290
chr1,30880000,0.995309,0.67145,30900000,42,1311,1419
chr1,30900000,0.758144,0.63835,30920000,68,886,1005
chr1,30920000,0.821206,0.6576,30940000,13,860,1163
chr1,30940000,0.968574,0.69605,30960000,20,1266,1555
chr1,30960000,0.985119,0.6365,30980000,12,1120,1171
chr1,30980000,1,0.6108,31000000,6,1050,1057
chr1,31000000,0.99537,0.6514,31020000,13,1206,1361
chr1,31020000,0.970183,0.63145,31040000,4,1018,1119
chr1,31040000,0.979549,0.67655,31060000,49,1414,1627
chr1,31060000,0.906599,0.66985,31080000,28,1030,1211
chr1,31080000,0.978033,0.65735,31100000,7,1175,1267
chr1,31100000,0.986923,0.67035,31120000,12,1180,1347
chr1,31120000,0.983989,0.63325,31140000,15,1121,1088
chr1,31140000,0.98825,0.6353,31160000,6,1009,1071
chr1,31160000,0.987282,0.6629,31180000,66,1313,1293
chr1,31180000,0.408328,0.63225,31200000,4,305,447
chr1,31200000,0.600207,0.60785,31220000,24,585,666
chr1,31220000,0.990417,0.62575,31240000,12,1062,1048
chr1,31240000,0.993289,0.6673,31260000,401,1531,1638
chr1,31260000,0.99783,0.65805,31280000,72,1140,1237
chr1,31280000,0.998582,0.65225,31300000,14,999,1226
chr1,31300000,0.983909,0.67475,31320000,12,1229,1369
chr1,31320000,0.991006,0.64725,31340000,11,1158,1286
chr1,31340000,0.997728,0.62365,31360000,10,1107,1017
chr1,31360000,0.920332,0.62465,31380000,16,981,1087
chr1,31380000,0.871625,0.60705,31400000,232,1131,1302
chr1,31400000,0.964955,0.6591,31420000,16,1029,1260
chr1,31420000,0.972534,0.69775,31440000,20,1336,1585
chr1,31440000,0.988871,0.6499,31460000,652,1711,1709
chr1,31460000,0.980363,0.6542,31480000,239,1283,1500
chr1,31480000,1,0.6393,31500000,52,1185,1190
chr1,31500000,0.866802,0.6517,31520000,6,976,1024
chr1,31520000,0.967284,0.66825,31540000,27,1211,1404
chr1,31540000,0.803754,0.6572,31560000,50,878,1143
chr1,31560000,0.882369,0.61895,31580000,9,825,955
chr1,31580000,0.881542,0.6339,31600000,34,888,972
chr1,31600000,0.971479,0.6364,31620000,37,1092,1124
chr1,31620000,0.979313,0.6175,31640000,49,1091,1060
chr1,31640000,0.972113,0.6548,31660000,7,1133,1213
chr1,31660000,0.986498,0.61505,31680000,7,950,1112
chr1,31680000,0.920123,0.63155,31700000,13,963,1086
chr1,31700000,0.79284,0.6744,31720000,9,858,1060
chr1,31720000,0.751228,0.68285,31740000,19,843,1079
chr1,31740000,0.972618,0.647,31760000,3,1090,1081
chr1,31760000,0.969737,0.615,31780000,5,967,1010
chr1,31780000,1,0.613,31800000,7,1008,1037
chr1,31800000,0.961575,0.6366,31820000,18,1068,1120
chr1,31820000,0.838922,0.62375,31840000,77,957,1189
chr1,31840000,0.980983,0.63265,31860000,18,1085,1191
chr1,31860000,1,0.618,31880000,20,1051,1010
chr1,31880000,0.999075,0.62605,31900000,47,1091,1148
chr1,31900000,0.980096,0.62855,31920000,310,1296,1252
chr1,31920000,0.951035,0.6402,31940000,28,1029,1175
chr1,31940000,0.296233,0.6695,31960000,2,143,180
chr1,31960000,0.266053,0.6566,31980000,10,94,157
chr1,31980000,0.953661,0.67505,32000000,15,1118,1274
chr1,32000000,0.935576,0.60995,32020000,53,893,1004
chr1,32020000,1,0.60255,32040000,8,938,991
chr1,32040000,0.995018,0.65565,32060000,7,1139,1282
chr1,32060000,0.98861,0.64795,32080000,15,1109,1239
chr1,32080000,0.998392,0.64025,32100000,403,1453,1659
chr1,32100000,0.983963,0.6252,32120000,40,1020,1103
chr1,32120000,0.604912,0.6226,32140000,3,216,360
chr1,32140000,0.995633,0.58515,32160000,3,867,791
chr1,32160000,0.69268,0.656,32180000,8,602,617
chr1,32180000,0.711685,0.6299,32200000,2,433,481
chr1,32200000,0.719307,0.61935,32220000,63,491,559
chr1,32220000,0.861292,0.6209,32240000,8,746,927
chr1,32240000,0.928112,0.6717,32260000,24,1111,1254
chr1,32260000,0.951367,0.62045,32280000,14,1031,951
chr1,32280000,0.942446,0.6363,32300000,8,921,1129
chr1,32300000,0.986756,0.6199,32320000,20,1105,1062
chr1,32320000,0.924196,0.61785,32340000,45,948,953
chr1,32340000,0.986704,0.6503,32360000,18,1079,1245
chr1,32360000,0.988479,0.64635,32380000,180,1298,1478
chr1,32380000,0.897497,0.64585,32400000,58,993,1174
chr1,32400000,0.9866,0.5922,32420000,24,954,983
chr1,32420000,1,0.6095,32440000,7,980,1039
chr1,32440000,0.666529,0.5883,32460000,12,517,741
chr1,32460000,0.613491,0.55255,32480000,18,450,551
chr1,32480000,0.967657,0.56935,32500000,101,755,995
chr1,32500000,0.958394,0.5294,32520000,437,957,1273
chr1,32520000,0.907221,0.6113,32540000,51,739,1099
chr1,32540000,0.0789206,0.5029,32560000,21,97,193
chr1,32560000,0.247179,0.51145,32580000,568,396,436
chr1,32580000,0.449261,0.61075,32600000,8019,4790,6959
chr1,32600000,0.359677,0.5769,32620000,3896,2331,2971
chr1,32620000,0.594017,0.61015,32640000,13468,7971,10342
chr1,32640000,0.347459,0.60745,32660000,1263,759,1026
chr1,32660000,0.292548,0.59725,32680000,753,527,588
chr1,32680000,0.362159,0.6017,32700000,2109,1367,1337
chr1,32700000,0.171354,0.60565,32720000,315,224,292
chr1,32720000,0.0716811,0.60355,32740000,133,87,130
chr1,32740000,0.186245,0.60455,32760000,414,290,410
chr1,32760000,0.264445,0.60015,32780000,511,380,523
chr1,32780000,0.243272,0.61055,32800000,468,310,573
chr1,32800000,0.194975,0.6082,32820000,239,174,220
chr1,32820000,0.265167,0.60865,32840000,475,334,353
chr1,32840000,0.233153,0.6057,32860000,1078,905,1861
chr1,32860000,0.12253,0.6056,32880000,228,164,240
chr1,32880000,0.200132,0.6044,32900000,326,219,317
chr1,32900000,0.143326,0.60545,32920000,269,189,243
chr1,32920000,0.242166,0.6009,32940000,1285,924,1172
chr1,32940000,0.254389,0.59895,32960000,315,200,233
chr1,32960000,0.323358,0.5974,32980000,232,195,256
chr1,32980000,0.348554,0.59005,33000000,660,541,631
chr1,33000000,0.293114,0.59355,33020000,541,313,398
chr1,33020000,0.194821,0.5971,33040000,364,256,311
chr1,33040000,0.258897,0.58955,33060000,470,288,407
chr1,33060000,0.465578,0.59115,33080000,1216,1140,1370
chr1,33080000,0.383468,0.5966,33100000,754,487,649
chr1,33100000,0.416884,0.6144,33120000,636,393,537
chr1,33120000,0.338129,0.59255,33140000,630,418,425
chr1,33140000,0.25891,0.61355,33160000,403,260,343
chr1,33160000,0.357333,0.60255,33180000,783,507,571
chr1,33180000,0.211859,0.60025,33200000,340,224,254
chr1,33200000,0.24815,0.595,33220000,449,247,284
chr1,33220000,0.279225,0.6054,33240000,416,299,321
chr1,33240000,0.480688,0.5848,33260000,931,576,718
chr1,33260000,0.406017,0.59425,33280000,1345,1140,1253
chr1,33280000,0.338067,0.6098,33300000,524,376,420
chr1,33300000,0.514326,0.6133,33320000,1056,701,943
chr1,33320000,0.532516,0.5764,33340000,1155,799,1054
chr1,33340000,0.43223,0.60795,33360000,566,339,461
chr1,33360000,0.4433,0.5903,33380000,642,371,504
chr1,33380000,0.27845,0.5859,33400000,350,233,310
chr1,33400000,0.230914,0.59125,33420000,359,218,310
chr1,33420000,0.2687,0.60295,33440000,480,283,367
chr1,33440000,0.394612,0.58815,33460000,586,342,462
chr1,33460000,0.205872,0.6069,33480000,278,184,248
chr1,33480000,0.314537,0.5985,33500000,566,350,371
chr1,33500000,0.452533,0.5848,33520000,666,413,514
chr1,33520000,0.270864,0.5965,33540000,441,272,322
chr1,33540000,0.151163,0.61365,33560000,589,404,533
chr1,33560000,0.369821,0.6007,33580000,744,456,573
chr1,33580000,0.37833,0.5845,33600000,677,415,536
chr1,33600000,0.301874,0.61215,33620000,332,227,283
chr1,33620000,0.269212,0.6077,33640000,350,234,249
chr1,33640000,0.363426,0.59195,33660000,1012,595,880
chr1,33660000,0.416477,0.58435,33680000,900,569,728
chr1,33680000,0.346449,0.5894,33700000,615,381,474
chr1,33700000,0.201007,0.59545,33720000,386,226,291
chr1,33720000,0.4127,0.58615,33740000,762,454,584
chr1,33740000,0.382596,0.5866,33760000,746,421,669
chr1,33760000,0.316057,0.5898,33780000,547,333,458
chr1,33780000,0.287667,0.609,33800000,442,288,390
chr1,33800000,0.295484,0.60415,33820000,419,284,371
chr1,33820000,0.196823,0.6008,33840000,300,179,268
chr1,33840000,0.369119,0.60975,33860000,1010,837,1064
chr1,33860000,0.35114,0.60495,33880000,883,675,647
chr1,33880000,0.315561,0.6119,33900000,515,283,352
chr1,33900000,0.664403,0.59015,33920000,1357,963,1304
chr1,33920000,0.270479,0.61185,33940000,492,263,343
chr1,33940000,0.22002,0.60995,33960000,377,257,315
chr1,33960000,0.237522,0.60035,33980000,477,294,366
chr1,33980000,0.409026,0.59835,34000000,993,598,738
chr1,34000000,0.682594,0.56755,34020000,1194,739,895
chr1,34020000,0.258267,0.61185,34040000,460,254,315
chr1,34040000,0.149271,0.61225,34060000,312,187,281
chr1,34060000,0.226036,0.6069,34080000,464,275,386
chr1,34080000,0.179844,0.6155,34100000,401,231,333
chr1,34100000,0.381898,0.61595,34120000,1002,778,745
chr1,34120000,0.226115,0.6987,34140000,353,220,324
chr1,34140000,0.228612,0.60625,34160000,536,305,389
chr1,34160000,0.397731,0.6132,34180000,1057,610,703
chr1,34180000,0.335432,0.6135,34200000,1231,959,1268
chr1,34200000,0.427726,0.6118,34220000,1070,723,919
chr1,34220000,0.37718,0.57965,34240000,775,497,656
chr1,34240000,0.440254,0.61345,34260000,897,593,681
chr1,34260000,0.328091,0.6098,34280000,1295,752,963
chr1,34280000,0.702743,0.62965,34300000,2134,1333,1494
chr1,34300000,0.954259,0.58975,34320000,2262,1579,1749
chr1,34320000,0.89373,0.53635,34340000,1528,1102,1303
chr1,34340000,0.675735,0.58255,34360000,1760,1100,1297
chr1,34360000,0.755229,0.6016,34380000,1386,789,1186
chr1,34380000,0.689646,0.62845,34400000,1248,801,1155
chr1,34400000,0.944081,0.677,34420000,3292,2060,2497
chr1,34420000,0.958209,0.677,34440000,3543,2284,2903
chr1,34440000,0.987098,0.65285,34460000,3428,2291,2494
chr1,34460000,0.906081,0.6332,34480000,2765,1927,2135
chr1,34480000,0.985175,0.676,34500000,3934,2498,2850
chr1,34500000,0.812369,0.6572,34520000,2731,1794,2030
chr1,34520000,0.858135,0.66165,34540000,3223,2024,2280
chr1,34540000,0.488045,0.59455,34560000,1155,798,975
chr1,34560000,0.782569,0.6332,34580000,2478,1575,1837
chr1,34580000,0.76128,0.6039,34600000,2075,1355,1560
chr1,34600000,0.96845,0.6125,34620000,2933,1969,2413
chr1,34620000,0.9876,0.6146,34640000,2822,1862,1950
chr1,34640000,0.974072,0.59205,34660000,2885,2051,2283
chr1,34660000,0.771953,0.56015,34680000,1785,1288,1663
chr1,34680000,0.855481,0.5898,34700000,1831,1201,1556
chr1,34700000,0.949753,0.653,34720000,3417,2323,2766
chr1,34720000,0.881971,0.65985,34740000,2952,2038,2361
chr1,34740000,0.90295,0.6068,34760000,2583,1746,1983
chr1,34760000,0.981492,0.64425,34780000,3150,2514,2427
chr1,34780000,0.991556,0.64245,34800000,3486,2287,2537
chr1,34800000,0.950362,0.65725,34820000,3325,2373,2379
chr1,34820000,0.403511,0.58255,34840000,849,530,779
chr1,34840000,0.969785,0.56135,34860000,2170,1445,1774
chr1,34860000,0.750306,0.61565,34880000,2425,1750,1732
chr1,34880000,1,0.6481,34900000,3587,2252,2446
chr1,34900000,0.96435,0.59975,34920000,2519,1813,2066
chr1,34920000,0.991629,0.5954,34940000,2611,1618,1920
chr1,34940000,0.933318,0.61495,34960000,2533,1782,2044
chr1,34960000,0.963,0.5924,34980000,2445,1548,1797
chr1,34980000,0.978479,0.57385,35000000,2568,1852,2070
chr1,35000000,0.954305,0.59485,35020000,2602,1875,2065
chr1,35020000,0.562173,0.5881,35040000,1424,928,1281
chr1,35040000,0.854742,0.6375,35060000,2874,1884,2194
chr1,35060000,0.928542,0.64115,35080000,3041,2110,2305
chr1,35080000,0.842431,0.5955,35100000,1852,1247,1540
chr1,35100000,0.832393,0.60635,35120000,1895,1222,1475
chr1,35120000,0.94582,0.59485,35140000,2365,1629,1784
chr1,35140000,0.919653,0.5918,35160000,2294,1536,1681
chr1,35160000,0.566493,0.57945,35180000,1284,772,1038
chr1,35180000,0.789454,0.588,35200000,2069,1296,1523
chr1,35200000,0.699613,0.62915,35220000,1868,1247,1749
chr1,35220000,0.99745,0.628,35240000,3077,2136,2382
chr1,35240000,0.747318,0.59205,35260000,1817,1104,1452
chr1,35260000,0.850652,0.56655,35280000,1767,1149,1487
chr1,35280000,0.958139,0.5819,35300000,2339,1632,1780
chr1,35300000,0.771013,0.5617,35320000,1494,994,1158
chr1,35320000,0.960744,0.6098,35340000,2742,1911,1996
chr1,35340000,0.863684,0.638,35360000,2838,1784,2344
chr1,35360000,0.99845,0.6601,35380000,3939,2559,2939
chr1,35380000,0.838473,0.5452,35400000,1759,1354,1395
chr1,35400000,0.98867,0.6427,35420000,3534,2293,2614
chr1,35420000,0.990359,0.5556,35440000,2283,1625,1773
chr1,35440000,0.938276,0.5635,35460000,2154,1513,1789
chr1,35460000,0.878737,0.58375,35480000,1983,1301,1509
chr1,35480000,0.715669,0.6416,35500000,1651,913,1419
chr1,35500000,0.773091,0.64905,35520000,2015,1278,1554
chr1,35520000,0.93085,0.6582,35540000,3024,2149,2250
chr1,35540000,0.988175,0.6178,35560000,3211,2334,2380
chr1,35560000,0.940897,0.5765,35580000,2484,1686,1918
chr1,35580000,0.960282,0.64085,35600000,3604,2646,2839
chr1,35600000,0.979378,0.7026,35620000,4124,2691,3391
chr1,35620000,0.98027,0.6689,35640000,3845,2500,2856
chr1,35640000,0.952816,0.62015,35660000,2957,2036,2223
chr1,35660000,0.948537,0.57125,35680000,2232,1596,1818
chr1,35680000,0.962855,0.62325,35700000,2825,1999,2245
chr1,35700000,0.949061,0.672,35720000,3742,2495,2724
chr1,35720000,0.894058,0.59955,35740000,2190,1579,1808
chr1,35740000,0.957145,0.668,35760000,3618,2459,2767
chr1,35760000,0.842009,0.58795,35780000,2053,1369,1576
chr1,35780000,0.918165,0.60395,35800000,2713,1881,2252
chr1,35800000,0.932533,0.5368,35820000,2353,1782,2162
chr1,35820000,0.72533,0.57305,35840000,2013,1463,1560
chr1,35840000,0.828978,0.5953,35860000,4897,5188,3653
chr1,35860000,0.995321,0.6176,35880000,26997,37873,22781
chr1,35880000,0.823663,0.6687,35900000,2938,1920,2295
chr1,35900000,0.975406,0.6468,35920000,3420,2388,2465
chr1,35920000,0.986845,0.5746,35940000,2786,1797,2086
chr1,35940000,0.882488,0.5659,35960000,2001,1365,1678
chr1,35960000,0.970692,0.62405,35980000,3067,1969,2241
chr1,35980000,0.656132,0.6193,36000000,1861,1277,1354
chr1,36000000,0.823061,0.6046,36020000,3442,2504,2557
chr1,36020000,0.961733,0.5786,36040000,2495,1637,1887
chr1,36040000,0.983226,0.68035,36060000,3851,2493,2780
chr1,36060000,0.909866,0.63015,36080000,2893,2011,2244
chr1,36080000,0.984814,0.66615,36100000,3750,2536,2728
chr1,36100000,0.780754,0.64695,36120000,2870,1882,2450
chr1,36120000,0.694405,0.64785,36140000,2317,1437,1785
chr1,36140000,0.939525,0.6612,36160000,3129,2038,2277
chr1,36160000,0.93639,0.6881,36180000,3562,2283,2785
chr1,36180000,0.864255,0.6114,36200000,2223,1570,1689
chr1,36200000,0.832645,0.6582,36220000,2486,1636,1832
chr1,36220000,0.863996,0.67205,36240000,2836,1839,2111
chr1,36240000,0.832847,0.6365,36260000,2381,1661,1831
chr1,36260000,0.933358,0.66645,36280000,3595,2506,2699
chr1,36280000,0.913301,0.63035,36300000,2386,1546,1876
chr1,36300000,1,0.63485,36320000,2807,1983,2151
chr1,36320000,0.952618,0.6584,36340000,3407,2357,2433
chr1,36340000,0.952401,0.66055,36360000,3771,2493,2960
chr1,36360000,0.954297,0.6231,36380000,3138,2244,2334
chr1,36380000,0.919578,0.5841,36400000,2518,1654,1930
chr1,36400000,0.938916,0.59805,36420000,2455,1734,1824
chr1,36420000,0.783463,0.68495,36440000,2535,1510,2019
chr1,36440000,0.936425,0.6619,36460000,3498,2366,2460
chr1,36460000,0.957913,0.6389,36480000,3321,2365,2460
chr1,36480000,0.952058,0.65245,36500000,3392,2473,2350
chr1,36500000,0.998725,0.70275,36520000,4523,3028,3345
chr1,36520000,0.944517,0.67035,36540000,3680,2607,2692
chr1,36540000,0.929095,0.63855,36560000,3014,2031,2260
chr1,36560000,0.928836,0.6124,36580000,2354,1636,1997
chr1,36580000,0.683053,0.6407,36600000,2333,1520,1780
chr1,36600000,0.833135,0.6641,36620000,2749,1929,2083
chr1,36620000,0.941233,0.643,36640000,3181,2216,2500
chr1,36640000,0.78856,0.6972,36660000,4184,3140,3643
chr1,36660000,0.860425,0.69385,36680000,2874,1937,2015
chr1,36680000,0.890532,0.6293,36700000,2936,2031,2063
chr1,36700000,0.9937,0.67695,36720000,3956,2576,2654
chr1,36720000,0.698023,0.584,36740000,963,629,827
chr1,36740000,0.759061,0.6128,36760000,1554,973,1288
chr1,36760000,0.832928,0.5869,36780000,1870,1202,1394
chr1,36780000,0.992175,0.6216,36800000,3139,2134,2319
chr1,36800000,0.9667,0.63895,36820000,3370,2300,2348
chr1,36820000,0.887151,0.65425,36840000,2929,2018,2071
chr1,36840000,0.987424,0.6254,36860000,3354,2304,2476
chr1,36860000,0.9972,0.67975,36880000,3937,2671,2887
chr1,36880000,0.933812,0.6734,36900000,3655,2545,2804
chr1,36900000,0.764772,0.6921,36920000,2693,1779,1962
chr1,36920000,0.960891,0.67415,36940000,3688,2537,2742
chr1,36940000,0.894521,0.66845,36960000,3460,2305,2521
chr1,36960000,0.946549,0.6354,36980000,3146,2345,2298
chr1,36980000,0.8906,0.64365,37000000,2851,1849,2175
chr1,37000000,0.71211,0.6456,37020000,2364,1484,1794
chr1,37020000,0.9117,0.6512,37040000,3083,2072,2435
chr1,37040000,0.938566,0.64385,37060000,3216,2214,2264
chr1,37060000,0.993342,0.5609,37080000,2710,1883,1921
chr1,37080000,0.938558,0.56465,37100000,2318,1760,1829
chr1,37100000,0.96704,0.67565,37120000,3999,2827,3147
chr1,37120000,0.693,0.6586,37140000,2571,1899,1967
chr1,37140000,0.939582,0.5721,37160000,2625,1794,1962
chr1,37160000,0.952175,0.65065,37180000,3285,2208,2379
chr1,37180000,0.99311,0.67945,37200000,4073,2796,2832
chr1,37200000,0.917222,0.68445,37220000,3515,2305,2616
chr1,37220000,0.967824,0.65365,37240000,3506,2377,2665
chr1,37240000,0.99925,0.63415,37260000,3450,2442,2451
chr1,37260000,0.976233,0.6469,37280000,3439,2342,2565
chr1,37280000,0.979513,0.6791,37300000,3784,2563,2757
chr1,37300000,0.995117,0.67315,37320000,4047,2703,2800
chr1,37320000,0.663647,0.6185,37340000,2359,1445,1804
chr1,37340000,0.649762,0.6358,37360000,2397,1576,1876
chr1,37360000,0.80499,0.68685,37380000,3363,2143,2551
chr1,37380000,0.993553,0.6864,37400000,4060,2721,2930
chr1,37400000,0.928156,0.672,37420000,3345,2271,2473
chr1,37420000,0.463826,0.66655,37440000,1358,935,1113
chr1,37440000,0.481591,0.6168,37460000,1129,782,924
chr1,37460000,0.475683,0.6018,37480000,1152,825,944
chr1,37480000,0.818121,0.6346,37500000,3135,2013,2173
chr1,37500000,0.564491,0.5393,37520000,1145,727,899
chr1,37520000,0.941135,0.63395,37540000,3242,2295,2417
chr1,37540000,0.868785,0.6619,37560000,2961,2050,2242
chr1,37560000,0.970613,0.6715,37580000,3739,2653,2714
chr1,37580000,0.973479,0.65325,37600000,3307,2310,2482
chr1,37600000,0.745978,0.57285,37620000,1139,763,908
chr1,37620000,0.778892,0.61595,37640000,3205,2139,2237
chr1,37640000,0.636095,0.65295,37660000,1582,1016,1280
chr1,37660000,0.814792,0.5841,37680000,1713,1268,1270
chr1,37680000,0.920714,0.66855,37700000,3722,2379,2609
chr1,37700000,0.836664,0.5739,37720000,2105,1485,1632
chr1,37720000,0.908323,0.71615,37740000,4311,2647,3082
chr1,37740000,0.932841,0.6356,37760000,3203,2168,2401
chr1,37760000,0.811769,0.6458,37780000,2589,1652,2096
chr1,37780000,0.9838,0.6589,37800000,3708,2565,2726
chr1,37800000,0.9969,0.61895,37820000,3283,2629,2424
chr1,37820000,0.979725,0.61595,37840000,3401,2557,2551
chr1,37840000,0.930793,0.6475,37860000,3351,2323,2407
chr2,0,0.655127,0.5863,20000,529,339,518
chr2,20000,0.729404,0.64175,40000,1702,1092,1342
chr2,40000,0.980058,0.64115,60000,3103,1941,2171
chr2,60000,0.979217,0.6588,80000,3681,2465,2573
chr2,80000,0.934281,0.62175,100000,2909,1933,2170
chr2,100000,1,0.616,120000,2888,2085,2075
chr2,120000,0.602081,0.61135,140000,1143,809,1033
chr2,140000,0.9899,0.6331,160000,3014,2108,2105
chr2,160000,1,0.61915,180000,3148,2240,2235
chr2,180000,0.953883,0.60835,200000,2257,1635,1828
chr2,200000,0.968269,0.67,220000,3611,2341,2633
chr2,220000,0.685659,0.57495,240000,1782,1186,1396
chr2,240000,0.884629,0.6471,260000,3194,2073,2335
chr2,260000,0.976731,0.6761,280000,3680,2494,2595
chr2,280000,0.88055,0.65065,300000,2948,2036,2262
chr2,300000,0.99985,0.6429,320000,3491,2441,2521
chr2,320000,0.577088,0.6249,340000,934,624,789
chr2,340000,0.467085,0.6476,360000,282,126,218
chr2,360000,0.614055,0.6443,380000,1244,860,894
chr2,380000,0.935042,0.6387,400000,2583,1822,2068
chr2,400000,0.795742,0.66885,420000,2769,1690,2260
chr2,420000,0.949257,0.62555,440000,2913,2015,2064
chr2,440000,0.712368,0.59815,460000,1456,1140,1028
chr2,460000,0.745125,0.6059,480000,1758,1149,1330
chr2,480000,0.797009,0.6191,500000,2229,1599,1703
chr2,500000,0.834335,0.62355,520000,2575,1876,1772
chr2,520000,0.934052,0.65795,540000,3615,2313,2709
chr2,540000,0.980267,0.66645,560000,3607,2392,2566
chr2,560000,0.734053,0.62195,580000,2117,1411,1624
chr2,580000,0.755788,0.5771,600000,1814,1214,1402
chr2,600000,0.986024,0.6615,620000,3583,2285,2501
chr2,620000,0.965964,0.6448,640000,3244,2370,2292
chr2,640000,0.952666,0.5754,660000,2794,2000,2124
chr2,660000,0.9699,0.65275,680000,3393,2375,2394
chr2,680000,1,0.6351,700000,2946,2059,2114
chr2,700000,0.999067,0.66775,720000,3716,2774,2863
chr2,720000,0.997775,0.6227,740000,2888,2142,2127
chr2,740000,0.947867,0.6633,760000,3473,2448,2555
chr2,760000,0.993442,0.6811,780000,3881,2559,2848
chr2,780000,0.922463,0.67515,800000,3440,2212,2593
chr2,800000,0.9882,0.6422,820000,3066,2258,2309
chr2,820000,0.982179,0.6459,840000,3499,2501,2689
chr2,840000,0.886417,0.632,860000,2833,2030,2057
chr2,860000,0.979184,0.64625,880000,3317,2386,2471
chr2,880000,0.997258,0.66125,900000,3844,2635,2840
chr2,900000,0.994589,0.6571,920000,2643,1728,1935
chr2,920000,0.988832,0.64255,940000,3043,1950,2335
chr2,940000,1,0.644,960000,3511,2435,2411
chr2,960000,0.968436,0.63375,980000,3202,2252,2307
chr2,980000,0.895511,0.6661,1000000,3208,2111,2398
chr2,1000000,0.661275,0.63825,1020000,2038,1354,1451
chr2,1020000,0.872775,0.63185,1040000,2470,1807,1886
chr2,1040000,0.885903,0.6956,1060000,3530,2329,2640
chr2,1060000,0.953275,0.64615,1080000,2854,2059,2157
chr2,1080000,0.829696,0.66865,1100000,2635,1769,2275
chr2,1100000,0.736956,0.6488,1120000,2475,1487,1872
chr2,1120000,0.959614,0.6499,1140000,3411,2415,2425
chr2,1140000,0.942522,0.66615,1160000,3427,2355,2581
chr2,1160000,0.97815,0.6775,1180000,3914,2590,2778
chr2,1180000,0.969546,0.6682,1200000,3839,2868,2938
chr2,1200000,0.958908,0.6768,1220000,4338,3480,3900
chr2,1220000,0.915664,0.6727,1240000,4184,3160,4004
chr2,1240000,0.988905,0.65,1260000,3490,2397,2443
chr2,1260000,0.915458,0.6909,1280000,4082,2568,2986
chr2,1280000,0.970304,0.64655,1300000,3423,2382,2359
chr2,1300000,0.99575,0.6227,1320000,3113,2202,2123
chr2,1320000,0.9999,0.66235,1340000,3838,2695,2624
chr2,1340000,0.905677,0.60905,1360000,2609,1806,1891
chr2,1360000,0.848044,0.57045,1380000,1946,1258,1561
chr2,1380000,0.9833,0.634,1400000,3164,2266,2238
chr2,1400000,0.982059,0.67865,1420000,4004,2634,2868
chr2,1420000,0.671383,0.6284,1440000,2278,1439,1800
chr2,1440000,0.870942,0.65215,1460000,2919,1917,2367
chr2,1460000,0.831828,0.5932,1480000,2414,1703,1673
chr2,1480000,0.915829,0.70435,1500000,4350,2666,3131
chr2,1500000,0.944149,0.57765,1520000,2659,1763,1962
chr2,1520000,0.99426,0.64385,1540000,3420,2396,2443
chr2,1540000,0.755005,0.6622,1560000,2492,1657,2101
chr2,1560000,0.888354,0.64475,1580000,2456,1705,1925
chr2,1580000,0.936718,0.6532,1600000,2410,1704,1881
chr2,1600000,0.766461,0.6188,1620000,1703,1216,1281
chr2,1620000,0.945767,0.6465,1640000,2797,2004,2063
chr2,1640000,0.849705,0.6699,1660000,3282,2086,2393
chr2,1660000,0.766558,0.63065,1680000,2350,1594,1619
chr2,1680000,0.983821,0.6365,1700000,2992,2360,2180
chr2,1700000,0.9977,0.6542,1720000,3630,2601,2613
chr2,1720000,0.976112,0.6314,1740000,3113,2183,2165
chr2,1740000,0.99294,0.64945,1760000,3629,2556,2655
chr2,1760000,0.704801,0.63865,1780000,1781,1317,1256
chr2,1780000,0.432778,0.6635,1800000,156,92,172
chr2,1800000,0.670522,0.64415,1820000,1703,1150,1152
chr2,1820000,0.979665,0.6464,1840000,3452,2448,2436
chr2,1840000,0.945106,0.63895,1860000,3179,2206,2376
chr2,1860000,0.937715,0.6602,1880000,3311,2346,2576
chr2,1880000,0.986711,0.69705,1900000,4181,2779,3022
chr2,1900000,0.849058,0.6565,1920000,3029,1992,2264
chr2,1920000,0.877989,0.55815,1940000,2182,1554,1726
chr2,1940000,0.912913,0.63245,1960000,3173,2157,2301
chr2,1960000,0.9129,0.67125,1980000,3758,2349,2725
chr2,1980000,0.934638,0.6325,2000000,3129,2170,2313
chr2,2000000,0.976887,0.68045,2020000,3900,2524,2985
chr2,2020000,0.982775,0.6805,2040000,4048,2501,2720
chr2,2040000,1,0.64685,2060000,3644,2456,2535
chr2,2060000,0.996825,0.6454,2080000,3496,2367,2516
chr2,2080000,0.837715,0.6455,2100000,2764,1842,2019
chr2,2100000,0.982043,0.68685,2120000,4149,2729,2934
chr2,2120000,0.99701,0.6419,2140000,3243,2371,2269
chr2,2140000,0.915457,0.6617,2160000,3538,2304,2670
chr2,2160000,0.987375,0.64505,2180000,3460,2484,2378
chr2,2180000,0.853259,0.63685,2200000,2777,1992,2122
chr2,2200000,0.958766,0.6616,2220000,3325,2239,2652
chr2,2220000,0.921692,0.5978,2240000,2358,1720,1903
chr2,2240000,0.938207,0.6398,2260000,3235,2215,2405
chr2,2260000,0.984904,0.64625,2280000,3749,2574,2734
chr2,2280000,0.95458,0.61785,2300000,2859,2034,2278
chr2,2300000,0.939951,0.64475,2320000,3488,2983,2991
chr2,2320000,0.81934,0.7074,2340000,3065,2177,2680
chr2,2340000,0.988488,0.61615,2360000,2621,1945,1909
chr2,2360000,0.998594,0.6846,2380000,4184,2746,3015
chr2,2380000,0.986074,0.70615,2400000,4377,2806,3134
chr2,2400000,0.998167,0.6346,2420000,3013,2212,2264
chr2,2420000,0.989404,0.6664,2440000,4007,2650,2928
chr2,2440000,0.991218,0.69395,2460000,4057,2628,2881
chr2,2460000,0.973979,0.7043,2480000,4552,2997,3457
chr2,2480000,0.99785,0.649,2500000,3694,2613,2553
chr2,2500000,0.793005,0.5995,2520000,2112,1446,1682
chr2,2520000,0.85038,0.63195,2540000,2260,1575,1590
chr2,2540000,0.695255,0.62415,2560000,2047,1436,1741
chr2,2560000,0.798457,0.65405,2580000,2884,1889,2193
chr2,2580000,0.976223,0.70365,2600000,4221,2713,3037
chr2,2600000,0.951589,0.6678,2620000,3724,2506,2910
chr2,2620000,0.912682,0.66095,2640000,3271,2212,2503
chr2,2640000,0.946075,0.6517,2660000,3193,2292,2444
chr2,2660000,0.976922,0.66895,2680000,3932,2603,2789
chr2,2680000,0.832617,0.6322,2700000,2782,1856,2085
chr2,2700000,1,0.65535,2720000,3632,2512,2461
chr2,2720000,0.99254,0.62685,2740000,2991,2131,2195
chr2,2740000,0.9907,0.6119,2760000,2713,2103,1828
chr2,2760000,0.983763,0.62865,2780000,2844,2138,2088
chr2,2780000,1,0.6084,2800000,2354,1875,1765
chr2,2800000,0.873734,0.6541,2820000,3232,2169,2421
chr2,2820000,0.933662,0.6408,2840000,3217,2129,2294
chr2,2840000,0.968757,0.62845,2860000,3156,2303,2202
chr2,2860000,0.975674,0.6439,2880000,3384,2319,2618
chr2,2880000,0.98419,0.6702,2900000,3792,2648,2697
chr2,2900000,0.948175,0.6412,2920000,2513,1739,1979
chr2,2920000,0.940848,0.66965,2940000,3506,2419,2721
chr2,2940000,0.638209,0.5771,2960000,1753,1193,1356
chr2,2960000,0.978943,0.69485,2980000,4824,3290,3920
chr2,2980000,0.791298,0.6283,3000000,2104,1494,1846
chr2,3000000,0.910208,0.6219,3020000,2859,2002,2259
chr2,3020000,0.997,0.64085,3040000,3180,2169,2249
chr2,3040000,0.98737,0.59205,3060000,2624,1797,1903
chr2,3060000,0.999296,0.6905,3080000,4245,2856,3086
chr2,3080000,0.828924,0.6743,3100000,3065,2131,2448
chr2,3100000,1,0.6691,3120000,3804,2633,2634
chr2,3120000,0.715144,0.59775,3140000,1956,1251,1456
chr2,3140000,0.904183,0.62615,3160000,2882,1925,2242
chr2,3160000,0.985759,0.6578,3180000,3682,2433,2662
chr2,3180000,0.983028,0.66395,3200000,3592,2512,2539
chr2,3200000,0.682659,0.59085,3220000,2084,1398,1633
chr2,3220000,0.8207,0.6467,3240000,3123,2017,2510
chr2,3240000,0.993087,0.6372,3260000,3117,2231,2272
chr2,3260000,0.838587,0.6243,3280000,2973,1960,2180
chr2,3280000,0.815519,0.5681,3300000,2004,1423,1351
chr2,3300000,0.974167,0.65685,3320000,3465,2493,2697
chr2,3320000,0.9998,0.64495,3340000,3392,2358,2316
chr2,3340000,0.915431,0.6688,3360000,3254,2138,2441
chr2,3360000,0.93956,0.63545,3380000,3224,2187,2406
chr2,3380000,0.995075,0.6266,3400000,3368,2297,2401
chr2,3400000,1,0.61125,3420000,2895,2267,2010
chr2,3420000,0.920371,0.68635,3440000,3533,2457,2531
chr2,3440000,0.973879,0.59625,3460000,2952,1986,2302
chr2,3460000,0.987667,0.62795,3480000,3450,2424,2478
chr2,3480000,0.999125,0.65205,3500000,3247,2323,2457
chr2,3500000,0.986158,0.6186,3520000,2490,1658,1848
chr2,3520000,1,0.62645,3540000,2965,2205,2135
chr2,3540000,0.962424,0.677,3560000,3778,2471,2913
chr2,3560000,0.99955,0.6556,3580000,3214,2266,2462
chr2,3580000,0.800889,0.61065,3600000,2404,1594,1753
chr2,3600000,0.733736,0.65335,3620000,2591,1658,1968
chr2,3620000,0.875213,0.62325,3640000,2817,2080,2279
chr2,3640000,0.81533,0.66875,3660000,2325,1609,1532
chr2,3660000,0.710723,0.6465,3680000,2170,1498,1549
chr2,3680000,0.487284,0.6656,3700000,873,538,743
chr2,3700000,0.898545,0.64965,3720000,3238,2172,2386
chr2,3720000,0.915395,0.66565,3740000,3431,2242,2521
chr2,3740000,0.931585,0.6338,3760000,3174,2179,2274
chr2,3760000,0.999075,0.6508,3780000,3703,2514,2714
chr2,3780000,0.958544,0.65155,3800000,3303,2319,2340
chr2,3800000,1,0.67085,3820000,3622,2507,2507
chr2,3820000,0.990375,0.68595,3840000,3898,2654,2924
chr2,3840000,0.995027,0.6929,3860000,4202,2701,3033
chr2,3860000,0.586983,0.5662,3880000,1468,934,1204
chr2,3880000,0.972983,0.6596,3900000,3736,2602,2514
chr2,3900000,0.996667,0.66315,3920000,3763,2615,2868
chr2,3920000,0.895499,0.66225,3940000,5610,4294,5370
chr2,3940000,0.546161,0.4932,3960000,631,446,586
chr2,3960000,0.949646,0.65725,3980000,3648,2348,2586
chr2,3980000,0.995742,0.61475,4000000,2869,2054,1925
chr2,4000000,0.959434,0.6629,4020000,3467,2295,2606
chr2,4020000,0.843382,0.6724,4040000,2708,1817,1975
chr2,4040000,0.970592,0.65455,4060000,3261,2237,2363
chr2,4060000,0.943878,0.6345,4080000,3319,2316,2336
chr2,4080000,0.840798,0.7053,4100000,3650,2445,2802
chr2,4100000,0.609434,0.5899,4120000,1713,1045,1285
chr2,4120000,0.912286,0.6722,4140000,3573,2364,2453
chr2,4140000,0.881524,0.66845,4160000,3031,2064,2132
chr2,4160000,0.687177,0.59895,4180000,2040,1347,1577
chr2,4180000,0.967314,0.65115,4200000,3790,2713,2938
chr2,4200000,0.817632,0.67385,4220000,2908,2013,2171
chr2,4220000,0.423543,0.60665,4240000,256,166,223
chr2,4240000,0.59477,0.6786,4260000,1419,857,1133
chr2,4260000,0.998398,0.6116,4280000,3059,2333,2201
chr2,4280000,0.959992,0.68285,4300000,3776,2504,2686
chr2,4300000,0.845105,0.64515,4320000,2883,1995,2343
chr2,4320000,0.793419,0.63165,4340000,2455,1594,1860
chr2,4340000,0.81233,0.6157,4360000,2624,1857,2035
chr2,4360000,0.973444,0.66825,4380000,3616,2310,2640
chr2,4380000,0.718544,0.5834,4400000,2389,1601,1704
chr2,4400000,0.978508,0.67665,4420000,3958,2542,2803
chr2,4420000,0.942135,0.69665,4440000,3992,2597,3097
chr2,4440000,1,0.6219,4460000,2702,2070,1937
chr2,4460000,0.948275,0.666,4480000,3583,2365,2532
chr2,4480000,0.974,0.6297,4500000,2782,2012,2074
chr2,4500000,0.994642,0.6416,4520000,3545,2336,2569
chr2,4520000,0.939266,0.6059,4540000,2804,1965,2092
chr2,4540000,0.992708,0.6655,4560000,3651,2445,2534
chr2,4560000,0.981389,0.6344,4580000,3436,2319,2506
chr2,4580000,0.943632,0.53125,4600000,1964,1370,1638
chr2,4600000,0.892873,0.70365,4620000,3556,2242,2692
chr2,4620000,0.999325,0.65625,4640000,3522,2461,2570
chr2,4640000,0.649792,0.6646,4660000,1626,1208,1257
chr2,4660000,0.739982,0.68315,4680000,2362,1498,1869
chr2,4680000,0.992049,0.67,4700000,3403,2248,2484
chr2,4700000,0.975368,0.68435,4720000,4219,2712,3145
chr2,4720000,0.891387,0.6515,4740000,3694,2693,3176
chr2,4740000,0.566291,0.58605,4760000,1248,879,1048
chr2,4760000,0.718124,0.62295,4780000,2173,1417,1668
chr2,4780000,0.936235,0.6713,4800000,3601,2742,2589
chr2,4800000,0.993175,0.5851,4820000,2787,2145,2016
chr2,4820000,0.935785,0.63615,4840000,3155,2176,2437
chr2,4840000,0.933247,0.64445,4860000,3324,2312,2302
chr2,4860000,0.974308,0.62515,4880000,3015,2188,2137
chr2,4880000,0.991833,0.6604,4900000,3887,2570,2834
chr2,4900000,0.734255,0.526,4920000,1427,1015,1119
chr2,4920000,0.991713,0.6758,4940000,4049,2669,2720
chr2,4940000,0.918784,0.6748,4960000,3591,2360,2745
chr2,4960000,0.684415,0.58285,4980000,1803,1282,1378
chr2,4980000,0.984923,0.63595,5000000,3613,2472,2524
chr2,5000000,0.981045,0.676,5020000,4067,2683,2941
chr2,5020000,0.964711,0.6331,5040000,3188,2211,2459
chr2,5040000,0.748894,0.64655,5060000,2839,1994,2260
chr2,5060000,0.948376,0.64175,5080000,3586,2576,2835
chr2,5080000,1,0.68045,5100000,3865,2631,2965
chr2,5100000,0.87579,0.65915,5120000,2794,1836,2045
chr2,5120000,0.918317,0.6744,5140000,3638,2168,2419
chr2,5140000,0.914161,0.57135,5160000,2140,1474,1649
chr2,5160000,0.944019,0.5985,5180000,2644,1639,1946
chr2,5180000,0.926847,0.59165,5200000,2356,1675,1804
chr2,5200000,0.925908,0.64915,5220000,3135,2098,2596
chr2,5220000,0.99645,0.6568,5240000,3448,2356,2433
chr2,5240000,0.8989,0.71325,5260000,3833,2484,2651
chr2,5260000,0.99955,0.66425,5280000,3701,2496,2733
chr2,5280000,0.977356,0.67285,5300000,3993,2589,2861
chr2,5300000,0.999475,0.60225,5320000,1960,1365,1489
chr2,5320000,0.976958,0.5703,5340000,3387,3094,3597
chr2,5340000,0.979758,0.6899,5360000,3990,2601,2919
chr2,5360000,0.977275,0.65005,5380000,3513,2361,2496
chr2,5380000,0.927231,0.63475,5400000,2777,1703,2142
chr2,5400000,0.978104,0.5496,5420000,2442,1637,1784
chr2,5420000,0.88652,0.65,5440000,2794,1968,2077
chr2,5440000,0.949806,0.61435,5460000,3165,2369,2452
chr2,5460000,0.676916,0.6338,5480000,1939,1215,1515
chr2,5480000,0.721608,0.65575,5500000,2309,1604,1631
chr2,5500000,0.874668,0.6573,5520000,2914,2016,2165
chr2,5520000,0.996258,0.6865,5540000,4045,2637,3017
chr2,5540000,0.976933,0.66245,5560000,3292,2086,2470
chr2,5560000,0.98365,0.67325,5580000,3658,2497,2981
chr2,5580000,0.510316,0.6968,5600000,1322,922,1053
chr2,5600000,0.827225,0.6237,5620000,2674,1815,1884
chr2,5620000,0.668121,0.5833,5640000,1821,1295,1287
chr2,5640000,1,0.63215,5660000,3209,2238,2337
chr2,5660000,0.596413,0.6702,5680000,2005,1359,1553
chr2,5680000,0.328331,0.6574,5700000,611,354,460
chr2,5700000,0.664988,0.69665,5720000,2523,1606,1878
chr2,5720000,0.882775,0.656,5740000,3120,2103,2572
chr2,5740000,0.936791,0.6683,5760000,3113,2106,2431
chr2,5760000,0.94245,0.65515,5780000,3079,2165,2221
chr2,5780000,0.982438,0.5563,5800000,2543,1882,1943
chr2,5800000,0.9958,0.65335,5820000,3798,2632,2708
chr2,5820000,0.991611,0.6026,5840000,3063,2196,2205
chr2,5840000,0.968537,0.65775,5860000,3469,2399,2480
chr2,5860000,0.977492,0.68715,5880000,4245,2825,2963
chr2,5880000,0.983812,0.65015,5900000,3676,2395,2560
chr2,5900000,0.978,0.68655,5920000,4027,2589,2923
chr2,5920000,0.994133,0.53095,5940000,2259,1629,1732
chr2,5940000,0.985785,0.64155,5960000,3728,2547,2630
chr2,5960000,0.953716,0.59115,5980000,2741,1785,1901
chr2,5980000,0.96295,0.6281,6000000,3132,2203,2299
chr2,6000000,0.992637,0.6457,6020000,3502,2446,2545
chr2,6020000,0.706395,0.65025,6040000,3773,2394,2868
chr2,6040000,0.710523,0.6081,6060000,4619,2731,3342
chr2,6060000,0.49846,0.6168,6080000,7001,4615,4598
chr2,6080000,0.613707,0.62,6100000,1223,770,895
chr2,6100000,0.395782,0.589,6120000,595,395,428
chr2,6120000,0.520889,0.62125,6140000,1101,689,818
chr2,6140000,0.373901,0.62235,6160000,522,354,427
chr2,6160000,0.479772,0.6196,6180000,708,472,570
chr2,6180000,0.209466,0.61905,6200000,349,213,228
chr2,6200000,0.441564,0.61635,6220000,966,598,750
chr2,6220000,0.761054,0.59145,6240000,1591,976,1197
chr2,6240000,0.529446,0.619,6260000,1089,634,720
chr2,6260000,0.309979,0.62305,6280000,397,293,288
chr2,6280000,0.440804,0.60665,6300000,911,633,808
chr2,6300000,0.374962,0.61875,6320000,690,439,568
chr2,6320000,0.515366,0.6205,6340000,872,541,653
chr2,6340000,0.51869,0.6213,6360000,893,617,703
chr2,6360000,0.42877,0.62035,6380000,702,492,564
chr2,6380000,0.262554,0.6182,6400000,363,265,270
chr2,6400000,0.310279,0.6042,6420000,472,311,350
chr2,6420000,0.534332,0.6055,6440000,1116,718,817
chr2,6440000,0.337343,0.6196,6460000,199,168,148
chr2,6460000,0.613302,0.6081,6480000,1414,846,1103
chr2,6480000,0.844034,0.58695,6500000,1987,1300,1682
chr2,6500000,0.869359,0.5836,6520000,2193,1456,1768
chr2,6520000,0.931056,0.64175,6540000,2971,1938,2179
chr2,6540000,0.97625,0.6266,6560000,3239,2252,2557
chr2,6560000,0.9975,0.6463,6580000,3160,2516,2699
chr2,6580000,0.874987,0.6014,6600000,2197,1627,1697
chr2,6600000,0.976714,0.6066,6620000,2945,2155,2200
chr2,6620000,0.978974,0.62995,6640000,3590,3434,3024
chr2,6640000,0.969008,0.6446,6660000,4647,5590,5139
chr2,6660000,1,0.62685,6680000,4838,6274,5488
chr2,6680000,0.99348,0.66575,6700000,3889,2636,2891
chr2,6700000,1,0.6524,6720000,3790,2561,2763
chr2,6720000,0.890952,0.6521,6740000,3222,2197,2694
chr2,6740000,0.995067,0.64245,6760000,3249,2277,2298
chr2,6760000,0.892424,0.64705,6780000,2719,1894,1996
chr2,6780000,0.930738,0.60755,6800000,2575,1677,1934
chr2,6800000,0.937208,0.6388,6820000,3083,2096,2434
chr2,6820000,0.757928,0.62945,6840000,2661,1645,1868
chr2,6840000,0.991045,0.61885,6860000,2823,2018,2026
chr2,6860000,0.28176,0.5619,6880000,279,138,247
chr2,6880000,0.355557,0.5651,6900000,480,265,397
chr2,6900000,0.353959,0.56265,6920000,375,231,363
chr2,6920000,0.610026,0.56715,6940000,990,540,841
chr2,6940000,0.529342,0.57185,6960000,921,611,777
chr2,6960000,0.514241,0.56335,6980000,673,326,589
chr2,6980000,0.560059,0.58855,7000000,988,625,840
chr2,7000000,0.575469,0.5917,7020000,1383,837,1103
chr2,7020000,0.333618,0.5638,7040000,425,230,373
chr2,7040000,0.274563,0.5606,7060000,460,234,368
chr2,7060000,0.379878,0.5627,7080000,448,245,380
chr2,7080000,0.497369,0.5707,7100000,876,420,729
chr2,7100000,0.456534,0.56465,7120000,560,305,539
chr2,7120000,0.455929,0.5623,7140000,672,379,561
chr2,7140000,0.352267,0.5666,7160000,307,199,274
chr2,7160000,0.720905,0.5646,7180000,1309,826,1003
chr2,7180000,0.289617,0.56265,7200000,327,190,309
chr2,7200000,0.433467,0.5635,7220000,656,387,515
chr2,7220000,0.54021,0.5699,7240000,801,483,622
chr2,7240000,0.815563,0.5961,7260000,2052,1235,1495
chr2,7260000,0.75182,0.6034,7280000,1626,1058,1255
chr2,7280000,0.595832,0.59255,7300000,1398,908,1123
chr2,7300000,0.790602,0.5706,7320000,1892,1356,1438
chr2,7320000,0.78685,0.61105,7340000,2114,1484,1445
chr2,7340000,0.901821,0.6947,7360000,3900,2528,3049
chr2,7360000,0.993406,0.61505,7380000,3092,2210,2204
chr2,7380000,0.688025,0.61085,7400000,2124,1365,1462
chr2,7400000,0.743114,0.63955,7420000,2261,1489,1644
chr2,7420000,0.977004,0.67245,7440000,3892,2335,2862
chr2,7440000,0.978675,0.6443,7460000,3343,2255,2492
chr2,7460000,1,0.63205,7480000,3400,2421,2431
chr2,7480000,0.998979,0.6502,7500000,3785,2478,2581
chr2,7500000,0.99785,0.63505,7520000,3643,2398,2527
chr2,7520000,0.766626,0.60735,7540000,6669,8059,4480
chr2,7540000,0.778015,0.62515,7560000,2427,1720,1754
chr2,7560000,0.865288,0.6274,7580000,2605,1653,2008
chr2,7580000,0.631288,0.58065,7600000,1863,1195,1339
chr2,7600000,0.98795,0.6782,7620000,3974,2614,2885
chr2,7620000,0.958622,0.61805,7640000,2843,2107,2032
chr2,7640000,0.956012,0.63095,7660000,2921,2217,2157
chr2,7660000,0.996033,0.6596,7680000,3674,2706,2732
chr2,7680000,0.836721,0.65255,7700000,2156,1564,1514
chr2,7700000,0.812532,0.6546,7720000,2622,1667,1949
chr2,7720000,0.891429,0.6415,7740000,3066,2016,2398
chr2,7740000,0.795244,0.6305,7760000,1632,1196,1363
chr2,7760000,0.9365,0.64895,7780000,2976,2073,2386
chr2,7780000,0.94596,0.60345,7800000,2586,1737,1964
chr2,7800000,0.9823,0.6339,7820000,3363,2110,2321
chr2,7820000,0.957934,0.61375,7840000,3049,2096,2496
chr2,7840000,0.982728,0.6118,7860000,2900,2188,2319
chr2,7860000,0.828584,0.61935,7880000,2540,2310,2289
chr2,7880000,0.753218,0.59935,7900000,2020,1393,1614
chr2,7900000,0.593003,0.57805,7920000,1417,956,1311
chr2,7920000,0.895449,0.5946,7940000,2373,1970,2221
chr2,7940000,0.921801,0.62485,7960000,3023,2194,2313
chr2,7960000,0.987475,0.6589,7980000,3579,2449,2735
chr2,7980000,0.892427,0.59455,8000000,2663,1889,2191
chr2,8000000,0.841887,0.63095,8020000,2778,1993,2141
chr2,8020000,0.887507,0.66025,8040000,3437,2994,3013
chr2,8040000,0.912032,0.68335,8060000,3751,2359,2933
chr2,8060000,0.926299,0.6,8080000,2516,1646,2001
chr2,8080000,0.897478,0.6328,8100000,2857,1814,2051
chr2,8100000,0.997325,0.65185,8120000,3836,2408,2696
chr2,8120000,0.944256,0.60015,8140000,2775,1841,2126
chr2,8140000,0.679489,0.6106,8160000,1868,1156,1496
chr2,8160000,0.741557,0.64075,8180000,2283,1426,1713
chr2,8180000,0.958525,0.6533,8200000,3312,2287,2459
chr2,8200000,0.652242,0.70035,8220000,1950,1160,1517
chr2,8220000,0.502194,0.6342,8240000,916,580,725
chr2,8240000,0.56906,0.66625,8260000,1060,594,844
chr2,8260000,0.564957,0.64855,8280000,1312,789,997
chr2,8280000,0.781632,0.6586,8300000,2395,1508,1847
chr2,8300000,0.839629,0.66675,8320000,3240,2005,2645
chr2,8320000,0.951113,0.6028,8340000,2816,1920,2013
chr2,8340000,0.998058,0.5135,8360000,2518,2250,2121
chr2,8360000,0.996675,0.59235,8380000,3631,2871,3079
chr2,8380000,0.959208,0.66735,8400000,2846,2103,2559
chr2,8400000,0.980217,0.6805,8420000,3134,2162,2439
chr2,8420000,0.977694,0.67395,8440000,3950,2676,3069
chr2,8440000,0.96335,0.6314,8460000,2855,2090,2045
chr2,8460000,1,0.6601,8480000,3618,2303,2659
chr2,8480000,0.881096,0.63215,8500000,2748,1877,2136
chr2,8500000,1,0.6997,8520000,4554,2893,3120
chr2,8520000,0.991283,0.61125,8540000,2961,2207,2123
chr2,8540000,0.924197,0.60025,8560000,2820,1962,2200
chr2,8560000,0.857552,0.6745,8580000,3230,2196,2388
chr2,8580000,0.891604,0.6915,8600000,3912,2490,2806
chr2,8600000,0.979344,0.66055,8620000,3536,2361,2715
chr2,8620000,1,0.65915,8640000,3928,2729,2746
chr2,8640000,0.941147,0.66315,8660000,3697,2501,2569
chr2,8660000,0.962709,0.5788,8680000,2798,1939,1925
chr2,8680000,0.99885,0.63645,8700000,3446,2466,2575
chr2,8700000,0.965701,0.5985,8720000,2992,2054,2093
chr2,8720000,0.844003,0.5498,8740000,2006,1378,1587
chr2,8740000,0.814512,0.5756,8760000,1779,1168,1320
chr2,8760000,0.541227,0.579,8780000,1310,870,974
chr2,8780000,0.719792,0.637,8800000,2830,1753,1966
chr2,8800000,0.919297,0.65605,8820000,3251,2179,2286
chr2,8820000,0.974258,0.68225,8840000,2758,1845,2082
chr2,8840000,0.991799,0.62995,8860000,1074,755,880
chr2,8860000,0.981884,0.6395,8880000,1403,866,1224
chr2,8880000,0.972524,0.63475,8900000,1919,1304,2063
chr2,8900000,1,0.65085,8920000,3992,2580,4489
chr2,8920000,0.998435,0.65615,8940000,3587,2584,3848
chr2,8940000,0.914393,0.6603,8960000,3470,2351,3738
chr2,8960000,0.977822,0.6905,8980000,4198,2681,4620
chr2,8980000,0.993167,0.6254,9000000,3423,2490,3896
chr2,9000000,0.966113,0.6569,9020000,3813,2458,4148
chr2,9020000,0.942275,0.676,9040000,3815,2511,4010
chr2,9040000,0.970678,0.6814,9060000,3913,2640,4192
chr2,9060000,0.639619,0.5704,9080000,2062,1464,2367
chr2,9080000,0.959445,0.67175,9100000,6007,6750,5401
chr2,9100000,0.999175,0.6753,9120000,3969,2649,4166
chr2,9120000,0.956718,0.63725,9140000,3033,2125,3632
chr2,9140000,0.9994,0.6573,9160000,3609,2492,3687
chr2,9160000,0.989946,0.62105,9180000,3224,2313,3550
chr2,9180000,0.757438,0.6547,9200000,2743,1733,3021
chr2,9200000,0.78372,0.60705,9220000,2386,1705,2628
chr2,9220000,0.739796,0.60425,9240000,2537,1889,2633
chr2,9240000,0.943991,0.629,9260000,3264,2372,3439
chr2,9260000,0.963393,0.69275,9280000,4135,2711,4508
chr2,9280000,0.81625,0.64655,9300000,2918,2073,3231
chr2,9300000,0.60625,0.6196,9320000,2048,1371,2375
chr2,9320000,0.925833,0.669,9340000,3316,2114,3773
chr2,9340000,0.938348,0.6174,9360000,2987,2060,3297
chr2,9360000,0.836569,0.57195,9380000,2380,1550,2528
chr2,9380000,0.998775,0.6578,9400000,3813,2703,4210
chr2,9400000,0.923376,0.66835,9420000,3414,2330,3765
chr2,9420000,0.987148,0.67745,9440000,3855,2533,4334
chr2,9440000,0.986377,0.68855,9460000,4167,2754,4723
chr2,9460000,1,0.678,9480000,4050,2821,4167
chr2,9480000,0.741729,0.58975,9500000,2543,1787,2710
chr2,9500000,0.696777,0.55435,9520000,1904,1377,2045
chr2,9520000,0.965788,0.6624,9540000,3839,2566,4125
chr2,9540000,0.992717,0.66785,9560000,4076,2665,4252
chr2,9560000,0.869408,0.58765,9580000,2356,1470,2672
chr2,9580000,0.824479,0.59505,9600000,2330,1542,2603
chr2,9600000,0.991928,0.6422,9620000,3504,2506,3745
chr2,9620000,0.929431,0.64035,9640000,3307,2222,3445
chr2,9640000,0.545597,0.6279,9660000,612,374,801
chr2,9660000,0.815652,0.65305,9680000,2498,1684,2723
chr2,9680000,0.909606,0.66265,9700000,3308,2236,3606
chr2,9700000,0.626453,0.63965,9720000,1875,1309,2062
chr2,9720000,0.863402,0.6929,9740000,3511,2292,3672
chr2,9740000,0.989787,0.6939,9760000,4308,2843,4512
chr2,9760000,0.921527,0.65565,9780000,3024,2079,3276
chr2,9780000,0.798472,0.68235,9800000,1331,837,1532
chr2,9800000,0.199216,0.66585,9820000,150,123,193
chr2,9820000,0.215599,0.66545,9840000,359,167,377
chr2,9840000,0.179927,0.6997,9860000,129,85,154
chr2,9860000,0.202745,0.6856,9880000,243,154,354
chr2,9880000,0.488382,0.67235,9900000,1504,1494,2495
chr2,9900000,0.674703,0.6133,9920000,13145,16258,28465
chr2,9920000,0.997925,0.6586,9940000,2977,1968,3479
chr2,9940000,0.979918,0.68345,9960000,4227,2763,4558
chr2,9960000,0.960592,0.6327,9980000,3358,2130,3812
chr2,9980000,1,0.6546,10000000,3843,2659,4257
chr2,10000000,0.997551,0.6482,10020000,3761,2476,3976
chr2,10020000,0.922725,0.6759,10040000,3788,2335,4139
chr2,10040000,0.954713,0.6977,10060000,4170,2779,4644
chr2,10060000,0.974257,0.6553,10080000,3547,2349,3879
chr2,10080000,0.987687,0.67135,10100000,3743,2529,3949
chr2,10100000,0.932524,0.649,10120000,3062,2068,3374
chr2,10120000,0.935462,0.63895,10140000,3110,2270,3552
chr2,10140000,0.891297,0.6561,10160000,3065,2054,3631
chr2,10160000,0.976217,0.6829,10180000,4099,2589,4365
chr2,10180000,0.998833,0.66815,10200000,4265,2825,4450
chr2,10200000,0.972911,0.64625,10220000,3442,2248,3878
chr2,10220000,0.992077,0.69515,10240000,4177,2589,4533
chr2,10240000,0.942997,0.6735,10260000,3586,2489,4120
chr2,10260000,0.847012,0.64625,10280000,3034,1985,3527
chr2,10280000,0.9908,0.65325,10300000,3487,2434,3867
chr2,10300000,0.987271,0.62875,10320000,3232,2211,3736
chr2,10320000,0.997,0.64865,10340000,3609,2378,3815
chr2,10340000,0.98581,0.64365,10360000,3074,2192,3299
chr2,10360000,0.877477,0.66575,10380000,3389,2339,3815
chr2,10380000,0.9763,0.7018,10400000,4234,2784,4670
chr2,10400000,0.970367,0.68795,10420000,4452,2654,4939
chr2,10420000,0.981694,0.66015,10440000,3860,2669,4076
chr2,10440000,0.82178,0.69695,10460000,3187,2006,3432
chr2,10460000,0.942675,0.6677,10480000,3131,2098,3438
chr2,10480000,0.830913,0.65275,10500000,3307,2195,3630
chr2,10500000,0.994475,0.63835,10520000,3500,2474,3885
chr2,10520000,0.600356,0.5304,10540000,885,586,1053
chr2,10540000,0.736004,0.67075,10560000,46087,51664,47438
chr2,10560000,0.87515,0.7024,10580000,3573,2170,3861
chr2,10580000,0.739294,0.58405,10600000,2367,1909,2844
chr2,10600000,0.941978,0.65695,10620000,3216,2184,3470
chr2,10620000,0.99395,0.64005,10640000,3459,2945,3691
chr2,10640000,0.9451,0.6452,10660000,3348,2253,3602
chr2,10660000,0.997808,0.68745,10680000,4319,2878,4491
chr2,10680000,1,0.6224,10700000,3610,2382,3708
chr2,10700000,0.856277,0.66315,10720000,3317,2136,3818
chr2,10720000,0.894806,0.6683,10740000,3335,2264,3725
chr2,10740000,0.993034,0.68235,10760000,4192,2743,4601
chr2,10760000,0.996683,0.6759,10780000,4001,2739,4284
chr2,10780000,0.994217,0.6828,10800000,4092,2585,4434
chr2,10800000,0.912418,0.63375,10820000,3138,2207,3411
chr2,10820000,0.892583,0.65805,10840000,3321,2188,3618
chr2,10840000,0.795666,0.65085,10860000,2603,1689,2928
chr2,10860000,0.933761,0.64495,10880000,3453,2426,3977
chr2,10880000,0.974847,0.6377,10900000,3421,2414,3701
chr2,10900000,0.974298,0.64625,10920000,3486,2349,3683
chr2,10920000,0.99253,0.66005,10940000,3903,2545,4124
chr2,10940000,1,0.63495,10960000,3102,2279,3378
chr2,10960000,0.929962,0.64325,10980000,2894,2014,3020
chr2,10980000,0.9065,0.6723,11000000,3213,2127,3705
chr2,11000000,0.999175,0.65675,11020000,3680,2411,4057
chr2,11020000,0.954516,0.65565,11040000,3212,2207,3738
chr2,11040000,0.884284,0.6967,11060000,3422,2252,4022
chr2,11060000,0.863525,0.6635,11080000,3036,2145,3403
chr2,11080000,0.989093,0.694,11100000,4447,2929,4826
chr2,11100000,0.998787,0.6792,11120000,4107,2574,4216
chr2,11120000,1,0.6192,11140000,2721,1963,2932
chr2,11140000,1,0.6289,11160000,2571,1844,2779
chr2,11160000,0.990192,0.69165,11180000,3996,2584,4545
chr2,11180000,0.927089,0.6035,11200000,2966,2192,3588
chr2,11200000,0.99415,0.6365,11220000,3953,2823,4339
chr2,11220000,0.975882,0.68525,11240000,4678,3362,5413
chr2,11240000,1,0.6481,11260000,3629,2845,4055
chr2,11260000,0.931565,0.67735,11280000,3593,2431,3943
chr2,11280000,0.564975,0.6084,11300000,1251,832,1543
chr2,11300000,0.988826,0.6505,11320000,3068,2111,3569
chr2,11320000,0.980186,0.6867,11340000,3646,2229,3969
chr2,11340000,0.963833,0.6382,11360000,2428,1664,2630
chr2,11360000,0.990619,0.69785,11380000,3334,2262,3586
chr2,11380000,0.715029,0.65585,11400000,2445,1556,2545
chr2,11400000,0.723996,0.6445,11420000,1927,1334,2047
chr2,11420000,0.84985,0.63855,11440000,1953,1394,2070
chr2,11440000,0.940435,0.6593,11460000,2669,1863,2930
chr2,11460000,0.927404,0.67465,11480000,3298,2142,3395
chr2,11480000,0.992017,0.6538,11500000,3223,2209,3443
chr2,11500000,1,0.65475,11520000,3201,2284,3257
chr2,11520000,0.875778,0.62515,11540000,2373,1728,2582
chr2,11540000,1,0.61695,11560000,3285,2185,3633
chr2,11560000,0.96855,0.64485,11580000,2952,2088,3107
chr2,11580000,0.866863,0.60705,11600000,2139,1520,2345
chr2,11600000,0.999375,0.62345,11620000,3143,2264,3389
chr2,11620000,0.9847,0.63095,11640000,2733,1903,3094
chr2,11640000,0.997473,0.6265,11660000,1886,1419,2072
chr2,11660000,1,0.63565,11680000,2821,2050,3012
chr2,11680000,1,0.64095,11700000,2409,1712,2669
chr2,11700000,0.95974,0.666,11720000,3110,2120,3519
chr2,11720000,0.992032,0.6656,11740000,2845,1977,3232
chr2,11740000,1,0.658,11760000,3551,2426,3843
chr2,11760000,0.900972,0.65345,11780000,2724,1884,3012
chr2,11780000,0.914298,0.68645,11800000,2262,1600,2490
chr2,11800000,0.996292,0.6326,11820000,2639,1912,2938
chr2,11820000,0.705738,0.69,11840000,1392,941,1531
chr2,11840000,0.749747,0.6548,11860000,1657,1162,1896
chr2,11860000,0.578006,0.60165,11880000,1288,927,1415
chr2,11880000,0.97425,0.65385,11900000,3085,2103,3193
chr2,11900000,0.705539,0.6187,11920000,1363,916,1537
chr2,11920000,1,0.6376,11940000,1476,1120,1526
chr2,11940000,0.9996,0.6521,11960000,3307,2357,3374
chr2,11960000,0.977084,0.65675,11980000,3401,2362,3502
chr2,11980000,0.705037,0.65185,12000000,2161,1411,2257
chr2,12000000,0.996358,0.6252,12020000,3108,2120,3380
chr2,12020000,0.99835,0.63785,12040000,3136,2287,3400
chr2,12040000,1,0.64885,12060000,3212,2275,3429
chr2,12060000,0.993448,0.6261,12080000,3102,2201,3569
chr2,12080000,0.553763,0.5429,12100000,1318,928,1346
chr2,12100000,0.992528,0.6565,12120000,3273,2316,3211
chr2,12120000,0.940833,0.6598,12140000,2596,1804,2810
chr2,12140000,0.971634,0.707,12160000,3681,2332,3819
chr2,12160000,0.941465,0.66805,12180000,3459,2367,3987
chr2,12180000,0.996349,0.6781,12200000,3479,2326,3558
chr2,12200000,0.964261,0.67105,12220000,3578,2424,3927
chr2,12220000,0.986998,0.66925,12240000,2994,2131,3411
chr2,12240000,0.993033,0.67905,12260000,3059,2038,3164
chr2,12260000,0.98885,0.54345,12280000,2242,1632,2421
chr2,12280000,0.966687,0.6636,12300000,3357,2376,3847
chr2,12300000,1,0.66815,12320000,3234,2148,3457
chr2,12320000,0.909028,0.65905,12340000,3218,2235,3792
chr2,12340000,0.846252,0.6225,12360000,1748,1064,2006
chr2,12360000,0.934774,0.70535,12380000,2254,1401,2446
chr2,12380000,0.981714,0.6943,12400000,3530,2372,3840
chr2,12400000,0.984804,0.68045,12420000,3606,2268,3937
chr2,12420000,0.999275,0.56395,12440000,2275,1560,2640
chr2,12440000,0.947023,0.6841,12460000,2911,1798,3189
chr2,12460000,0.9915,0.6533,12480000,2936,2009,3190
chr2,12480000,0.926591,0.65265,12500000,3010,2169,3549
chr2,12500000,0.993717,0.6639,12520000,3540,2472,3816
chr2,12520000,0.9886,0.66765,12540000,3251,2335,3561
chr2,12540000,0.99092,0.65725,12560000,3094,2173,3272
chr2,12560000,0.977153,0.6442,12580000,2525,1847,2776
chr2,12580000,0.905623,0.6882,12600000,3201,2174,3335
chr2,12600000,0.797981,0.65,12620000,2380,1658,2730
chr2,12620000,0.502735,0.5712,12640000,883,567,932
chr2,12640000,0.948033,0.6823,12660000,3364,2188,3356
chr2,12660000,0.972085,0.6829,12680000,2959,2094,3055
chr2,12680000,0.993508,0.65445,12700000,2738,1873,2856
chr2,12700000,0.99995,0.63265,12720000,3143,2114,3425
chr2,12720000,0.866091,0.6323,12740000,2931,1958,3266
chr2,12740000,1,0.63275,12760000,3117,2207,3309
chr2,12760000,0.989548,0.66895,12780000,3711,2437,4069
chr2,12780000,0.98622,0.631,12800000,3196,2265,3423
chr2,12800000,0.951338,0.6614,12820000,3448,2330,3699
chr2,12820000,0.78334,0.6031,12840000,2405,1596,2679
chr2,12840000,0.958573,0.6662,12860000,3693,2523,4136
chr2,12860000,0.68509,0.6786,12880000,2010,1328,2672
chr2,12880000,0.720884,0.62875,12900000,1667,1242,1731
chr2,12900000,0.570611,0.57265,12920000,1146,745,1344
chr2,12920000,0.960872,0.5829,12940000,2891,1789,3393
chr2,12940000,0.960161,0.6651,12960000,3547,2359,4059
chr2,12960000,0.9997,0.6639,12980000,3833,2640,4070
chr2,12980000,0.744776,0.65605,13000000,2291,1401,2421
chr2,13000000,0.594848,0.6464,13020000,1005,593,1326
chr2,13020000,0.586265,0.6437,13040000,812,500,1087
chr2,13040000,0.989106,0.65365,13060000,3446,2336,3789
chr2,13060000,0.939528,0.6488,13080000,3443,2156,3911
chr2,13080000,0.982867,0.57655,13100000,2713,1918,3034
chr2,13100000,0.982415,0.6302,13120000,3466,2294,3565
chr2,13120000,0.9973,0.62685,13140000,3159,2224,3461
chr2,13140000,0.972653,0.66555,13160000,3431,2399,3712
chr2,13160000,0.889535,0.6503,13180000,3402,2762,3694
chr2,13180000,0.564299,0.6239,13200000,1469,1092,1572
chr2,13200000,0.967033,0.64085,13220000,3184,2295,3401
chr2,13220000,0.847397,0.65225,13240000,2966,1926,3349
chr2,13240000,0.931978,0.62265,13260000,3232,1994,3612
chr2,13260000,0.978766,0.65325,13280000,3294,2325,3433
chr2,13280000,1,0.67405,13300000,3980,2746,4135
chr2,13300000,0.994078,0.6604,13320000,3761,2506,4002
chr2,13320000,0.908715,0.6424,13340000,2949,1987,3382
chr2,13340000,0.981773,0.6741,13360000,3811,2605,4176
chr2,13360000,0.867165,0.62765,13380000,2448,1794,2722
chr2,13380000,0.984664,0.65095,13400000,3404,2487,3844
chr2,13400000,0.977056,0.6855,13420000,3861,2571,4214
chr2,13420000,0.89671,0.67185,13440000,3448,2223,3695
chr2,13440000,0.637138,0.62555,13460000,1940,1318,2069
chr2,13460000,0.786613,0.58885,13480000,2641,1847,2810
chr2,13480000,0.997225,0.6656,13500000,3734,2478,4032
chr2,13500000,0.980917,0.66395,13520000,3546,2450,4016
chr2,13520000,0.993029,0.6843,13540000,3942,2531,4299
chr2,13540000,0.99986,0.68235,13560000,3921,2528,4390
chr2,13560000,0.998051,0.6503,13580000,3668,2421,3825
chr2,13580000,0.971068,0.67405,13600000,3923,2546,3964
chr2,13600000,0.989442,0.6627,13620000,3642,2464,3926
chr2,13620000,0.979452,0.68135,13640000,3973,2671,4347
chr2,13640000,0.980662,0.66525,13660000,3214,2045,3490
chr2,13660000,0.982231,0.6338,13680000,3162,2111,3437
chr2,13680000,0.926491,0.65455,13700000,2477,1602,2861
chr2,13700000,0.982278,0.63625,13720000,3171,2294,3446
chr2,13720000,0.923902,0.6625,13740000,3300,2225,3865
chr2,13740000,0.940725,0.6526,13760000,3360,2183,3825
chr2,13760000,0.973146,0.664,13780000,3565,2417,3903
chr2,13780000,0.999175,0.65355,13800000,3555,2504,3995
chr2,13800000,0.850608,0.66925,13820000,2946,2016,3243
chr2,13820000,0.684423,0.64415,13840000,1696,1200,1878
chr2,13840000,0.998275,0.64675,13860000,3381,2375,3898
chr2,13860000,0.993275,0.66555,13880000,3883,2687,4178
chr2,13880000,0.988892,0.6394,13900000,3461,2305,3420
chr2,13900000,0.9973,0.6456,13920000,3305,2376,3625
chr2,13920000,0.964822,0.63235,13940000,3139,2286,3407
chr2,13940000,0.924418,0.6747,13960000,3647,2341,3921
chr2,13960000,0.987938,0.63085,13980000,3072,2193,3206
chr2,13980000,0.999625,0.60895,14000000,2903,2151,3027
chr2,14000000,0.875722,0.67865,14020000,3540,2292,3751
chr2,14020000,0.652481,0.6275,14040000,2138,1510,2534
chr2,14040000,1,0.64855,14060000,3552,3638,3899
chr2,14060000,0.966284,0.6861,14080000,3958,3853,4468
chr2,14080000,0.992337,0.6789,14100000,3981,3954,4351
chr2,14100000,0.964476,0.6487,14120000,3217,3236,3495
chr2,14120000,0.509638,0.59565,14140000,1091,1013,1294
chr2,14140000,0.95179,0.677,14160000,3664,3673,4120
chr2,14160000,0.990893,0.6698,14180000,3668,3822,4060
chr2,14180000,0.710445,0.6479,14200000,2589,2633,2827
chr2,14200000,1,0.60975,14220000,3445,3981,4102
chr2,14220000,0.891854,0.65305,14240000,3178,3042,3624
chr2,14240000,0.919399,0.6611,14260000,3345,3465,3657
chr2,14260000,0.997733,0.6273,14280000,3310,3277,3380
chr2,14280000,1,0.628,14300000,3084,3485,3371
chr2,14300000,0.904722,0.6327,14320000,2677,2832,3007
chr2,14320000,1,0.61165,14340000,2706,2937,2874
chr2,14340000,0.998225,0.62095,14360000,2896,3250,3061
chr2,14360000,0.76777,0.5997,14380000,2273,2392,2380
chr2,14380000,0.964607,0.65575,14400000,3199,3030,3348
chr2,14400000,0.9922,0.62005,14420000,2892,3229,3043
chr2,14420000,0.934388,0.63435,14440000,3016,3160,3476
chr2,14440000,0.688961,0.6132,14460000,1782,1970,1912
chr2,14460000,0.969964,0.6106,14480000,2575,2844,2851
chr2,14480000,0.936675,0.6097,14500000,2570,2600,2941
chr2,14500000,0.595276,0.56215,14520000,1303,1271,1657
chr2,14520000,0.705508,0.59665,14540000,2177,2169,2280
chr2,14540000,1,0.6492,14560000,3089,3286,3535
chr2,14560000,0.998003,0.6448,14580000,3480,3564,3772
chr2,14580000,0.923789,0.6593,14600000,3350,3338,3591
chr2,14600000,1,0.609,14620000,2941,3326,3171
chr2,14620000,1,0.6125,14640000,2854,3226,2994
chr2,14640000,0.941158,0.63665,14660000,2849,3104,3178
chr2,14660000,0.938537,0.6531,14680000,3168,3300,3543
chr2,14680000,0.963839,0.69205,14700000,4051,3829,4445
chr2,14700000,0.952225,0.65105,14720000,3249,3186,3650
chr2,14720000,0.957548,0.6761,14740000,3572,3594,3906
chr2,14740000,0.971117,0.6526,14760000,3388,3461,3490
chr2,14760000,0.974825,0.64955,14780000,3456,3705,3618
chr2,14780000,0.964144,0.65415,14800000,3339,3406,3875
chr2,14800000,0.907934,0.65895,14820000,3072,3161,3180
chr2,14820000,0.839127,0.5976,14840000,2223,2232,2646
chr2,14840000,0.982698,0.6583,14860000,3503,3487,3910
chr2,14860000,1,0.6397,14880000,3176,3547,3533
chr2,14880000,0.874811,0.66795,14900000,3124,3107,3398
chr2,14900000,1,0.68455,14920000,3817,3917,4124
chr2,14920000,0.96955,0.6152,14940000,2623,2747,2899
chr2,14940000,0.986634,0.6414,14960000,2999,2890,3294
chr2,14960000,1,0.6234,14980000,3071,3282,3116
chr2,14980000,0.957641,0.62525,15000000,2642,2640,3062
chr2,15000000,0.926307,0.6742,15020000,3344,3271,3597
chr2,15020000,0.974585,0.64205,15040000,3244,3195,3495
chr2,15040000,0.956452,0.6777,15060000,3582,3512,4056
chr2,15060000,0.969132,0.655,15080000,3319,3335,3551
chr2,15080000,1,0.6354,15100000,2998,3238,3217
chr2,15100000,0.994643,0.6398,15120000,3302,3455,3673
chr2,15120000,1,0.63895,15140000,3199,3267,3208
chr2,15140000,0.996779,0.6365,15160000,3107,3241,3555
chr2,15160000,0.844611,0.5972,15180000,2446,2609,2694
chr2,15180000,0.899126,0.5863,15200000,2389,2713,2415
chr2,15200000,0.958142,0.62175,15220000,2635,2698,2694
chr2,15220000,0.779258,0.54765,15240000,1760,1824,1898
chr2,15240000,0.969825,0.6365,15260000,2958,3282,3146
chr2,15260000,0.994558,0.61365,15280000,2570,2816,2820
chr2,15280000,1,0.60905,15300000,2620,2935,2793
chr2,15300000,0.919375,0.6352,15320000,2690,2785,2969
chr2,15320000,0.983021,0.66495,15340000,3646,3378,3998
chr2,15340000,0.917654,0.64115,15360000,2998,2917,3299
chr2,15360000,0.962067,0.66025,15380000,3400,3374,3758
chr2,15380000,1,0.6439,15400000,3347,3241,3638
chr2,15400000,0.994397,0.64465,15420000,3326,3507,3635
chr2,15420000,0.9996,0.63095,15440000,3320,3306,3345
chr2,15440000,0.995211,0.6248,15460000,3140,3374,3106
chr2,15460000,0.930057,0.6519,15480000,3429,3527,3652
chr2,15480000,0.947693,0.6534,15500000,3362,3211,3733
chr2,15500000,0.993807,0.6842,15520000,3741,3766,3988
chr2,15520000,0.990787,0.64785,15540000,3326,3377,3651
chr2,15540000,0.990039,0.66925,15560000,3652,3574,3967
chr2,15560000,1,0.61955,15580000,3015,3185,3123
chr2,15580000,0.99935,0.6391,15600000,3445,3664,3563
chr2,15600000,0.943129,0.63155,15620000,3203,3263,3405
chr2,15620000,0.994553,0.6499,15640000,3517,3420,3496
chr2,15640000,0.995888,0.61305,15660000,2872,3162,3041
chr2,15660000,1,0.6244,15680000,2533,2757,2802
chr2,15680000,0.917192,0.62365,15700000,2789,2833,3348
chr2,15700000,1,0.65255,15720000,3390,3323,3517
chr2,15720000,0.820093,0.6115,15740000,2088,2316,2300
chr2,15740000,0.920331,0.63315,15760000,3041,2905,3434
chr2,15760000,0.89681,0.5679,15780000,2327,2302,2458
chr2,15780000,0.987623,0.63305,15800000,3078,3205,3473
chr2,15800000,0.986658,0.61735,15820000,2472,2891,2589
chr2,15820000,0.840671,0.55965,15840000,2065,1995,2366
chr2,15840000,0.997925,0.60005,15860000,2679,2959,2909
chr2,15860000,0.999067,0.6089,15880000,2869,3066,2898
chr2,15880000,0.986892,0.6124,15900000,2685,3043,3021
chr2,15900000,0.912458,0.64345,15920000,2963,2930,3309
chr2,15920000,0.882582,0.66725,15940000,3380,3311,3801
chr2,15940000,0.979064,0.66595,15960000,3700,3624,3786
chr2,15960000,1,0.6276,15980000,3113,3277,3354
chr2,15980000,0.963743,0.63615,16000000,3133,3215,3415
chr2,16000000,0.738426,0.61955,16020000,2390,2170,2835
chr2,16020000,1,0.6744,16040000,3736,3808,4039
chr2,16040000,0.947282,0.6665,16060000,3345,3334,3760
chr2,16060000,1,0.60785,16080000,2527,2927,2824
chr2,16080000,0.879904,0.61155,16100000,2420,2476,2806
chr2,16100000,0.995978,0.62875,16120000,3104,3244,3388
chr2,16120000,0.966897,0.6104,16140000,2708,2856,2816
chr2,16140000,0.875974,0.6038,16160000,3082,3139,3332
chr2,16160000,0.673766,0.6061,16180000,2612,2619,2659
chr2,16180000,0.988825,0.62745,16200000,3127,3193,3225
chr2,16200000,0.909062,0.64665,16220000,3032,2938,3397
chr2,16220000,0.975925,0.63625,16240000,3139,3217,3340
chr2,16240000,0.979423,0.6275,16260000,3138,3081,3260
chr2,16260000,1,0.62075,16280000,2869,3192,3032
chr2,16280000,0.922203,0.68285,16300000,3638,3454,4194
chr2,16300000,0.890411,0.6197,16320000,2416,2519,2724
chr2,16320000,0.624796,0.5629,16340000,1546,1539,1675
chr2,16340000,0.970802,0.62855,16360000,3268,3191,3531
chr2,16360000,0.950817,0.66,16380000,3258,3312,3571
chr2,16380000,0.853866,0.70435,16400000,3774,3355,4224
chr2,16400000,0.991533,0.6362,16420000,3076,3252,3345
chr2,16420000,0.99925,0.677,16440000,4051,3910,4398
chr2,16440000,0.982807,0.6437,16460000,3455,3315,3646
chr2,16460000,0.967212,0.66335,16480000,3540,3353,3710
chr2,16480000,0.990088,0.63885,16500000,3570,3510,3662
chr2,16500000,0.810107,0.6398,16520000,2528,2490,2829
chr2,16520000,0.978198,0.67225,16540000,3717,3489,3959
chr2,16540000,0.909083,0.66875,16560000,2855,2682,3192
chr2,16560000,1,0.6064,16580000,2764,3172,2848
chr2,16580000,0.871821,0.66275,16600000,3113,3071,3376
chr2,16600000,0.98126,0.6721,16620000,3833,3722,4220
chr2,16620000,0.991713,0.6513,16640000,3560,3503,3877
chr2,16640000,0.747758,0.64725,16660000,1640,1718,1883
chr2,16660000,0.851358,0.65375,16680000,2357,2294,2643
chr2,16680000,0.999142,0.6216,16700000,3014,3136,3310
chr2,16700000,0.953192,0.64975,16720000,3188,3166,3382
chr2,16720000,0.979479,0.61695,16740000,2715,2693,3043
chr2,16740000,0.993981,0.6238,16760000,3095,3318,3229
chr2,16760000,0.956441,0.628,16780000,3043,3223,3342
chr2,16780000,0.99585,0.6668,16800000,3773,3852,4008
chr2,16800000,1,0.63815,16820000,3348,3371,3400
chr2,16820000,0.995205,0.66,16840000,3937,4034,4273
chr2,16840000,0.972339,0.64535,16860000,3115,3106,3447
chr2,16860000,0.891442,0.6147,16880000,2543,2602,2669
chr2,16880000,0.986299,0.64915,16900000,3251,3079,3590
chr2,16900000,0.974373,0.5995,16920000,2787,2688,3167
chr2,16920000,1,0.6387,16940000,3219,3298,3416
chr2,16940000,0.925606,0.64675,16960000,3252,3216,3559
chr2,16960000,0.904227,0.6315,16980000,2846,2789,3095
chr2,16980000,0.94757,0.6477,17000000,3209,3275,3561
chr2,17000000,0.985191,0.6407,17020000,3115,3407,3502
chr2,17020000,0.990546,0.66665,17040000,3867,3781,4239
chr2,17040000,0.804121,0.64605,17060000,2837,2744,3245
chr2,17060000,1,0.67095,17080000,3708,3525,4003
chr2,17080000,1,0.6349,17100000,3516,3569,3744
chr2,17100000,0.87778,0.6452,17120000,3592,3631,4293
chr2,17120000,1,0.6207,17140000,3445,3409,4019
chr2,17140000,0.89226,0.6321,17160000,2616,2484,2902
chr2,17160000,1,0.62945,17180000,3131,3244,3372
chr2,17180000,0.972521,0.6804,17200000,3499,3464,4003
chr2,17200000,0.837492,0.6911,17220000,2927,2803,3381
chr2,17220000,0.9988,0.6356,17240000,3349,3164,3451
chr2,17240000,0.993475,0.6514,17260000,3315,3362,3500
chr2,17260000,0.996575,0.66645,17280000,3425,3374,3749
chr2,17280000,0.919078,0.636,17300000,3143,3076,3702
chr2,17300000,0.981327,0.6466,17320000,2944,3152,3420
chr2,17320000,0.566433,0.6,17340000,1519,1352,1843
chr2,17340000,0.964992,0.6625,17360000,3356,3288,3654
chr2,17360000,1,0.6491,17380000,3431,3394,3428
chr2,17380000,0.996999,0.63585,17400000,3163,3314,3345
chr2,17400000,0.956564,0.64725,17420000,3340,3278,3587
chr2,17420000,0.987187,0.62815,17440000,3156,3057,3380
chr2,17440000,1,0.6301,17460000,2839,3121,3146
chr2,17460000,0.586416,0.6284,17480000,1662,1647,1948
chr2,17480000,0.802392,0.61815,17500000,2131,2242,2175
chr2,17500000,1,0.64125,17520000,3221,3357,3424
chr2,17520000,0.998575,0.60205,17540000,2799,3239,2929
chr2,17540000,1,0.615,17560000,2492,2676,2617
chr2,17560000,0.976426,0.658,17580000,3587,3546,3804
chr2,17580000,1,0.6162,17600000,2863,3219,2977
chr2,17600000,1,0.6416,17620000,3263,3398,3312
chr2,17620000,0.988032,0.64975,17640000,3445,3588,3703
chr2,17640000,0.996758,0.65585,17660000,3594,3552,3818
chr2,17660000,0.93455,0.6585,17680000,3221,2938,3368
chr2,17680000,0.937982,0.66985,17700000,3595,3536,3934
chr2,17700000,0.99163,0.655,17720000,3518,3555,3785
chr2,17720000,0.854299,0.6139,17740000,2159,2365,2311
chr2,17740000,0.908667,0.6354,17760000,2851,2965,3082
chr2,17760000,0.877876,0.61175,17780000,2537,2598,2851
chr2,17780000,0.963673,0.6671,17800000,3330,3283,3465
chr2,17800000,0.986157,0.6792,17820000,3788,3736,3913
chr2,17820000,0.975883,0.67605,17840000,3601,3607,3863
chr2,17840000,0.997833,0.6428,17860000,3547,3461,3951
chr2,17860000,0.995475,0.5667,17880000,2439,2591,2710
chr2,17880000,0.994505,0.63055,17900000,3421,3304,3900
chr2,17900000,1,0.69035,17920000,3898,3870,4111
chr2,17920000,0.870676,0.6532,17940000,3071,2990,3464
chr2,17940000,0.999475,0.6443,17960000,3344,3501,3517
chr2,17960000,0.988,0.6362,17980000,3192,3351,3554
chr2,17980000,0.999275,0.63385,18000000,3451,3348,3573
chr2,18000000,0.997225,0.6269,18020000,3166,3293,3412
chr2,18020000,0.98095,0.6517,18040000,3330,3464,3659
chr2,18040000,0.9997,0.65615,18060000,3489,3695,3875
chr2,18060000,0.955829,0.69085,18080000,3755,3593,4195
chr2,18080000,0.966208,0.65535,18100000,3391,3447,3696
chr2,18100000,0.91994,0.6668,18120000,3083,2980,3286
chr2,18120000,0.972266,0.66925,18140000,3208,3111,3369
chr2,18140000,0.99742,0.6231,18160000,2656,2832,2701
chr2,18160000,0.948481,0.6405,18180000,2697,2740,3065
chr2,18180000,0.906548,0.61515,18200000,2711,2758,3027
chr2,18200000,0.977217,0.60865,18220000,2735,3072,2875
chr2,18220000,0.865697,0.6106,18240000,2403,2653,2602
chr2,18240000,1,0.6246,18260000,3002,3246,3178
chr2,18260000,0.970575,0.59915,18280000,2981,3109,3026
chr2,18280000,0.947375,0.51475,18300000,2274,2404,2440
chr2,18300000,0.994725,0.6116,18320000,2439,2664,2610
chr2,18320000,0.992609,0.6512,18340000,3430,3277,3620
chr2,18340000,1,0.63805,18360000,2914,3020,3090
chr2,18360000,0.959712,0.61185,18380000,2397,2418,2556
chr2,18380000,0.995676,0.62845,18400000,3130,3161,3374
chr2,18400000,0.978821,0.6538,18420000,3272,3200,3692
chr2,18420000,0.985272,0.6437,18440000,3200,3369,3534
chr2,18440000,0.914117,0.62295,18460000,2539,2651,2657
chr2,18460000,0.9989,0.61195,18480000,2759,3150,3074
chr2,18480000,0.964175,0.6212,18500000,2750,2687,2863
chr2,18500000,1,0.6649,18520000,3722,3677,4130
chr2,18520000,0.961723,0.6376,18540000,3166,3059,3415
chr2,18540000,1,0.62845,18560000,3362,3430,3284
chr2,18560000,0.998925,0.6552,18580000,3464,3408,3614
chr2,18580000,0.848447,0.6373,18600000,2486,2398,2763
chr2,18600000,0.993202,0.6181,18620000,3029,3385,3248
chr2,18620000,0.99419,0.61125,18640000,2405,2770,2689
chr2,18640000,0.991449,0.5981,18660000,2856,3149,3203
chr2,18660000,1,0.6171,18680000,2786,2976,2790
chr2,18680000,0.973297,0.63815,18700000,2830,2932,3249
chr2,18700000,0.99915,0.6139,18720000,2906,3087,3039
chr2,18720000,0.99195,0.6271,18740000,3183,3264,3297
chr2,18740000,0.995142,0.62825,18760000,3103,3226,3491
chr2,18760000,0.958289,0.6718,18780000,3645,3621,3903
chr2,18780000,0.970572,0.69115,18800000,3755,3604,4362
chr2,18800000,0.757982,0.6449,18820000,2201,2151,2428
chr2,18820000,0.901437,0.6764,18840000,3365,3054,3872
chr2,18840000,0.9998,0.62065,18860000,3047,3363,3168
chr2,18860000,1,0.635,18880000,2789,2961,2880
chr2,18880000,1,0.6114,18900000,1654,1828,1863
chr2,18900000,0.915243,0.6186,18920000,2756,2806,3032
chr2,18920000,0.569647,0.59665,18940000,1407,1367,1459
chr2,18940000,0.950317,0.6177,18960000,2777,2867,2905
chr2,18960000,0.964153,0.6389,18980000,3211,3284,3362
chr2,18980000,1,0.63435,19000000,3201,3253,3506
chr2,19000000,0.989969,0.6297,19020000,3231,3472,3414
chr2,19020000,0.968946,0.64005,19040000,3124,3263,3309
chr2,19040000,0.99935,0.6725,19060000,3833,3765,4287
chr2,19060000,0.994075,0.6364,19080000,3188,3326,3446
chr2,19080000,1,0.59165,19100000,2608,2940,2707
chr2,19100000,1,0.62325,19120000,3101,3453,3259
chr2,19120000,0.972447,0.6325,19140000,3063,3209,3165
chr2,19140000,0.936148,0.6479,19160000,3058,2817,3284
chr2,19160000,0.998575,0.5908,19180000,2563,2572,2746
chr2,19180000,0.962497,0.6039,19200000,2583,2744,2903
chr2,19200000,0.996421,0.59375,19220000,2465,2619,2711
chr2,19220000,0.708875,0.5966,19240000,1736,1725,1756
chr2,19240000,0.991725,0.5889,19260000,2540,2871,2664
chr2,19260000,0.996483,0.60765,19280000,2512,2518,2811
chr2,19280000,0.868891,0.59935,19300000,1754,1844,2056
chr2,19300000,1,0.6026,19320000,1946,2067,2331
chr2,19320000,0.692396,0.6167,19340000,3100,3223,3582
chr3,0,0.761325,0.5831,20000,603,695,731
chr3,20000,0.966825,0.6209,40000,951,1057,1122
chr3,40000,0.961115,0.6305,60000,1023,1001,1161
chr3,60000,0.865342,0.6418,80000,929,885,1026
chr3,80000,0.987861,0.617,100000,1065,995,1175
chr3,100000,1,0.6021,120000,934,988,967
chr3,120000,0.993,0.5848,140000,832,905,906
chr3,140000,0.983058,0.61865,160000,900,977,1050
chr3,160000,0.954017,0.60705,180000,814,808,886
chr3,180000,0.977012,0.61055,200000,920,995,1029
chr3,200000,0.945437,0.66395,220000,1185,1048,1232
chr3,220000,1,0.64155,240000,789,736,823
chr3,240000,0.973361,0.61385,260000,715,745,784
chr3,260000,0.979967,0.64155,280000,1126,1158,1160
chr3,280000,0.985095,0.6232,300000,914,949,1025
chr3,300000,0.996811,0.67425,320000,1252,1174,1413
chr3,320000,1,0.65155,340000,1157,1160,1165
chr3,340000,0.989188,0.6253,360000,961,1022,1012
chr3,360000,0.886357,0.6467,380000,904,903,981
chr3,380000,0.983442,0.64055,400000,1035,1119,1080
chr3,400000,0.975,0.64655,420000,1053,1032,1196
chr3,420000,0.930272,0.6224,440000,845,863,907
chr3,440000,0.967658,0.6371,460000,1012,982,1019
chr3,460000,0.995782,0.65325,480000,1151,1091,1282
chr3,480000,0.982,0.63695,500000,1069,1085,1140
chr3,500000,0.992552,0.62505,520000,1032,1016,1046
chr3,520000,1,0.6448,540000,1078,1179,1099
chr3,540000,0.994942,0.63585,560000,867,917,942
chr3,560000,0.982773,0.6118,580000,838,950,960
chr3,580000,0.993175,0.62035,600000,936,957,1028
chr3,600000,0.983299,0.666,620000,1227,1187,1352
chr3,620000,0.999039,0.598,640000,701,725,718
chr3,640000,1,0.6037,660000,930,1047,1001
chr3,660000,0.98718,0.64025,680000,1189,1139,1309
chr3,680000,0.984818,0.6567,700000,1267,1224,1400
chr3,700000,0.985548,0.62395,720000,1030,1012,1012
chr3,720000,1,0.63075,740000,1190,1617,1293
chr3,740000,1,0.61365,760000,906,976,916
chr3,760000,1,0.61935,780000,966,1027,1098
chr3,780000,1,0.62175,800000,960,1078,1025
chr3,800000,0.953933,0.6363,820000,1039,1047,1125
chr3,820000,0.967846,0.65805,840000,1148,1066,1262
chr3,840000,0.996921,0.6497,860000,1132,1080,1223
chr3,860000,0.988302,0.6662,880000,1216,1156,1308
chr3,880000,0.99635,0.6467,900000,874,998,937
chr3,900000,0.969171,0.59495,920000,437,418,477
chr3,920000,0.998908,0.6395,940000,1056,1091,1094
chr3,940000,0.9943,0.6347,960000,988,1020,1051
chr3,960000,0.971191,0.65635,980000,1027,1099,1190
chr3,980000,0.975763,0.6504,1000000,1033,1094,1125
chr3,1000000,0.941378,0.6625,1020000,1189,1120,1264
chr3,1020000,0.986385,0.6377,1040000,1002,990,1172
chr3,1040000,0.985175,0.62865,1060000,1000,1166,1170
chr3,1060000,0.9993,0.6215,1080000,920,1024,989
chr3,1080000,0.964053,0.63965,1100000,1011,1070,1120
chr3,1100000,0.94626,0.63005,1120000,1517,1478,1335
chr3,1120000,0.9575,0.65805,1140000,1117,1149,1206
chr3,1140000,0.9996,0.6457,1160000,1128,1150,1176
chr3,1160000,0.999762,0.64335,1180000,1144,1217,1110
chr3,1180000,0.995075,0.6852,1200000,1260,1294,1476
chr3,1200000,0.877757,0.65205,1220000,1030,989,1169
chr3,1220000,0.962454,0.64265,1240000,1049,1131,1183
chr3,1240000,0.958867,0.6377,1260000,1019,992,1126
chr3,1260000,0.858925,0.6541,1280000,904,818,950
chr3,1280000,0.963581,0.6452,1300000,1016,1050,1102
chr3,1300000,0.617685,0.6257,1320000,320,330,404
chr3,1320000,0.898336,0.6533,1340000,1115,1017,1198
chr3,1340000,0.724,0.62085,1360000,455,419,529
chr3,1360000,0.873151,0.67285,1380000,1000,968,1013
chr3,1380000,0.974951,0.64745,1400000,1105,1162,1191
chr3,1400000,0.996175,0.6466,1420000,1094,1083,1235
chr3,1420000,0.99995,0.6335,1440000,1031,1061,1065
chr3,1440000,0.984667,0.65365,1460000,1241,1337,1768
chr3,1460000,0.984516,0.6704,1480000,1203,1163,1293
chr3,1480000,0.995216,0.627,1500000,968,1105,1133
chr3,1500000,0.987479,0.6219,1520000,750,809,815
chr3,1520000,0.884079,0.62565,1540000,1078,1184,1215
chr3,1540000,0.957211,0.64105,1560000,1008,1015,1159
chr3,1560000,0.971675,0.65095,1580000,978,1083,1110
chr3,1580000,0.990109,0.66435,1600000,1268,1239,1331
chr3,1600000,0.99935,0.6231,1620000,1010,1081,1092
chr3,1620000,0.937692,0.62245,1640000,845,940,884
chr3,1640000,0.938042,0.6184,1660000,827,861,900
chr3,1660000,0.880507,0.6491,1680000,912,844,979
chr3,1680000,0.91291,0.6182,1700000,847,818,974
chr3,1700000,1,0.63555,1720000,1121,1186,1126
chr3,1720000,0.990042,0.6321,1740000,1044,1020,1106
chr3,1740000,0.989747,0.62815,1760000,1001,1023,1031
chr3,1760000,0.843928,0.6551,1780000,898,859,941
chr3,1780000,0.862242,0.6639,1800000,813,896,901
chr3,1800000,0.970638,0.63735,1820000,974,978,1049
chr3,1820000,0.946473,0.64175,1840000,1091,1122,1158
chr3,1840000,1,0.6234,1860000,997,1095,1036
chr3,1860000,0.9991,0.62265,1880000,964,1068,1101
chr3,1880000,0.912758,0.62775,1900000,985,999,1069
chr3,1900000,0.748409,0.59305,1920000,719,618,728
chr3,1920000,0.998567,0.64495,1940000,1180,1189,1272
chr3,1940000,1,0.61575,1960000,1130,1277,1276
chr3,1960000,0.9998,0.62665,1980000,1342,1468,1318
chr3,1980000,0.998192,0.62735,2000000,966,1021,1142
chr3,2000000,0.959371,0.63625,2020000,980,1000,1051
chr3,2020000,0.921732,0.6607,2040000,1066,1023,1178
chr3,2040000,0.972757,0.68605,2060000,1214,1127,1301
chr3,2060000,0.904659,0.6803,2080000,1168,1049,1174
chr3,2080000,0.963354,0.6486,2100000,1045,1107,1127
chr3,2100000,0.988008,0.6586,2120000,1192,1210,1266
chr3,2120000,0.9744,0.63355,2140000,972,1062,1121
chr3,2140000,0.89485,0.63935,2160000,1009,1068,1051
chr3,2160000,0.988174,0.6219,2180000,878,903,969
chr3,2180000,1,0.6468,2200000,1084,1083,1171
chr3,2200000,0.99895,0.64265,2220000,1119,1100,1170
chr3,2220000,0.898524,0.604,2240000,891,875,918
chr3,2240000,0.70726,0.5751,2260000,482,538,556
chr3,2260000,1,0.6261,2280000,1066,16,663
chr3,2280000,0.997896,0.6235,2300000,1536,16,878
chr3,2300000,0.963084,0.61925,2320000,1860,40,948
chr3,2320000,0.985425,0.6103,2340000,1478,28,792
chr3,2340000,1,0.6323,2360000,2042,16,1045
chr3,2360000,0.981925,0.63865,2380000,1950,17,1054
chr3,2380000,0.99195,0.6508,2400000,2395,28,1302
chr3,2400000,1,0.6361,2420000,2074,17,1085
chr3,2420000,1,0.63915,2440000,2149,17,1171
chr3,2440000,0.978374,0.65615,2460000,2225,69,1287
chr3,2460000,0.9995,0.64425,2480000,2334,11,1198
chr3,2480000,0.9994,0.6329,2500000,2125,34,1130
chr3,2500000,0.72018,0.6434,2520000,1506,19,830
chr3,2520000,1,0.625,2540000,1979,14,1081
chr3,2540000,0.951403,0.67655,2560000,2553,66,1471
chr3,2560000,0.928557,0.65165,2580000,2013,31,1154
chr3,2580000,0.993671,0.66445,2600000,2521,21,1297
chr3,2600000,0.963967,0.635,2620000,2070,364,1359
chr3,2620000,0.876989,0.62565,2640000,1872,27,1064
chr3,2640000,0.994925,0.61265,2660000,1842,9,1012
chr3,2660000,0.930275,0.59295,2680000,1512,8,746
chr3,2680000,0.989425,0.5984,2700000,1607,10,870
chr3,2700000,0.564675,0.64595,2720000,290,2,196
chr3,2720000,0.580184,0.6666,2740000,481,6,313
chr3,2740000,0.8077,0.6502,2760000,1214,32,724
chr3,2760000,0.987017,0.6473,2780000,2213,52,1224
chr3,2780000,0.99915,0.62085,2800000,1930,92,1110
chr3,2800000,0.99925,0.6565,2820000,2316,18,1259
chr3,2820000,0.99195,0.6421,2840000,2213,72,1199
chr3,2840000,0.991542,0.6369,2860000,2066,20,1125
chr3,2860000,0.87513,0.69085,2880000,2079,13,1051
chr3,2880000,1,0.61765,2900000,1836,6,958
chr3,2900000,1,0.6199,2920000,2234,518,1246
chr3,2920000,0.815537,0.6312,2940000,1360,10,768
chr3,2940000,0.954187,0.65415,2960000,2275,23,1234
chr3,2960000,1,0.6293,2980000,1950,197,1128
chr3,2980000,0.989307,0.61905,3000000,2259,550,1394
chr3,3000000,0.954684,0.65135,3020000,2035,53,1223
chr3,3020000,0.986,0.62685,3040000,2111,178,1236
chr3,3040000,0.995408,0.6412,3060000,2330,26,1281
chr3,3060000,0.923409,0.601,3080000,1615,19,844
chr3,3080000,0.989879,0.6544,3100000,2214,19,1203
chr3,3100000,0.964108,0.6425,3120000,2107,176,1237
chr3,3120000,0.9701,0.61835,3140000,1751,142,962
chr3,3140000,0.990411,0.62105,3160000,1859,27,976
chr3,3160000,0.845914,0.6667,3180000,1699,23,1027
chr3,3180000,0.981847,0.62175,3200000,2018,15,1122
chr3,3200000,0.980834,0.6396,3220000,2157,30,1169
chr3,3220000,1,0.60325,3240000,1693,9,891
chr3,3240000,1,0.62415,3260000,1818,9,986
chr3,3260000,0.964313,0.6083,3280000,1965,124,1031
chr3,3280000,1,0.61245,3300000,1734,25,900
chr3,3300000,0.892342,0.63965,3320000,1987,13,979
chr3,3320000,0.998325,0.6094,3340000,1844,70,1045
chr3,3340000,0.980484,0.6776,3360000,2695,52,1567
chr3,3360000,0.9781,0.6363,3380000,2387,271,1327
chr3,3380000,0.985958,0.6674,3400000,2534,15,1279
chr3,3400000,0.869875,0.6082,3420000,1435,7,744
chr3,3420000,0.998887,0.60785,3440000,1766,82,1013
chr3,3440000,0.875304,0.6382,3460000,1806,15,971
chr3,3460000,1,0.6264,3480000,1950,7,1004
chr3,3480000,1,0.6208,3500000,1993,11,1100
chr3,3500000,0.9871,0.63695,3520000,2196,35,1093
chr3,3520000,0.986525,0.63395,3540000,1953,14,1115
chr3,3540000,0.9954,0.63195,3560000,2065,41,1112
chr3,3560000,1,0.62945,3580000,2095,11,1108
chr3,3580000,0.993967,0.6357,3600000,2007,9,1124
chr3,3600000,0.88975,0.62495,3620000,1095,10,605
chr3,3620000,0.866908,0.64675,3640000,1782,9,936
chr3,3640000,0.786319,0.66035,3660000,1611,27,879
chr3,3660000,0.857797,0.65825,3680000,1712,11,1034
chr3,3680000,1,0.6145,3700000,1822,14,919
chr3,3700000,1,0.6051,3720000,1942,24,999
chr3,3720000,0.905666,0.6139,3740000,1618,28,910
chr3,3740000,1,0.6138,3760000,2038,16,1087
chr3,3760000,0.998592,0.61855,3780000,1992,7,1095
chr3,3780000,1,0.62115,3800000,1826,26,991
chr3,3800000,0.982798,0.61785,3820000,1915,10,1036
chr3,3820000,0.920459,0.60745,3840000,1572,114,1055
chr3,3840000,0.98695,0.61045,3860000,1758,85,955
chr3,3860000,1,0.6158,3880000,1978,18,999
chr3,3880000,0.934276,0.6384,3900000,1927,23,1031
chr3,3900000,1,0.61745,3920000,1766,8,949
chr3,3920000,0.962669,0.6295,3940000,1882,130,1105
chr3,3940000,0.994742,0.644,3960000,2331,31,1247
chr3,3960000,0.979348,0.6541,3980000,2209,10,1185
chr3,3980000,0.996825,0.6727,4000000,2523,18,1260
chr3,4000000,0.954896,0.62945,4020000,1818,17,928
chr3,4020000,0.465688,0.64765,4040000,561,11,376
chr3,4040000,0.486879,0.63075,4060000,609,3,399
chr3,4060000,0.360463,0.63855,4080000,80,0,69
chr3,4080000,0.420968,0.64495,4100000,404,48,288
chr3,4100000,0.781845,0.65455,4120000,1553,13,832
chr3,4120000,0.810938,0.58765,4140000,1212,14,672
chr3,4140000,0.862369,0.60735,4160000,1662,14,930
chr3,4160000,0.884447,0.59405,4180000,1522,22,788
chr3,4180000,0.844253,0.6278,4200000,1566,8,875
chr3,4200000,0.988317,0.59435,4220000,1455,63,824
chr3,4220000,1,0.5993,4240000,1508,14,869
chr3,4240000,0.983384,0.61655,4260000,1834,9,1006
chr3,4260000,1,0.6152,4280000,1972,12,1081
chr3,4280000,0.99915,0.61725,4300000,1988,16,1084
chr3,4300000,0.997517,0.6307,4320000,1999,10,1133
chr3,4320000,0.860483,0.61555,4340000,1576,16,844
chr3,4340000,0.891103,0.6454,4360000,2145,31,1186
chr3,4360000,0.837425,0.6364,4380000,2729,894,2495
chr3,4380000,0.996275,0.6581,4400000,2404,25,1265
chr3,4400000,1,0.6229,4420000,2012,15,1087
chr3,4420000,1,0.63475,4440000,2199,19,1173
chr3,4440000,0.990358,0.66745,4460000,2336,16,1286
chr3,4460000,1,0.62565,4480000,1943,16,1016
chr3,4480000,0.9807,0.637,4500000,2139,37,1190
chr3,4500000,0.999925,0.63505,4520000,2135,11,1119
chr3,4520000,0.977687,0.65485,4540000,2194,10,1222
chr3,4540000,0.9491,0.64055,4560000,1999,9,1052
chr3,4560000,0.996375,0.62005,4580000,1827,17,994
chr3,4580000,0.927315,0.62325,4600000,1825,10,1072
chr3,4600000,0.984675,0.61935,4620000,1820,35,969
chr3,4620000,0.802208,0.6804,4640000,2027,57,1129
chr3,4640000,0.933151,0.62665,4660000,1933,15,1060
chr3,4660000,0.878395,0.5758,4680000,1644,24,936
chr3,4680000,1,0.6273,4700000,2038,86,1110
chr3,4700000,0.998,0.61745,4720000,1573,58,931
chr3,4720000,1,0.6074,4740000,1835,21,965
chr3,4740000,1,0.6147,4760000,1815,14,1002
chr3,4760000,1,0.6123,4780000,1838,10,914
chr3,4780000,0.900657,0.6263,4800000,1578,9,869
chr3,4800000,0.99625,0.6167,4820000,1962,116,1055
chr3,4820000,0.905499,0.65695,4840000,1923,21,1038
chr3,4840000,0.990552,0.6546,4860000,2373,149,1360
chr3,4860000,0.977525,0.6659,4880000,2492,19,1328
chr3,4880000,0.999925,0.6376,4900000,2250,17,1177
chr3,4900000,0.900262,0.6171,4920000,1769,15,998
chr3,4920000,0.988254,0.61665,4940000,1902,21,1031
chr3,4940000,0.905017,0.6223,4960000,1469,8,799
chr3,4960000,0.870235,0.67325,4980000,2278,348,1478
chr3,4980000,0.98461,0.64285,5000000,1991,18,1072
chr3,5000000,0.975937,0.63405,5020000,2124,69,1246
chr3,5020000,0.937333,0.70245,5040000,2529,60,1405
chr3,5040000,0.976814,0.6261,5060000,2054,18,1143
chr3,5060000,0.998983,0.62045,5080000,1979,8,988
chr3,5080000,0.9998,0.6569,5100000,2510,14,1328
chr3,5100000,0.903784,0.63475,5120000,1703,32,1088
chr3,5120000,0.928454,0.65735,5140000,2146,76,1260
chr3,5140000,1,0.62315,5160000,1886,17,997
chr3,5160000,0.986247,0.6816,5180000,2719,14,1521
chr3,5180000,0.991578,0.64955,5200000,2343,14,1268
chr3,5200000,1,0.6483,5220000,2334,12,1196
chr3,5220000,1,0.63955,5240000,2082,10,1069
chr3,5240000,0.976902,0.62855,5260000,2149,62,1205
chr3,5260000,0.932601,0.62255,5280000,1872,21,1010
chr3,5280000,0.946194,0.6274,5300000,1762,12,965
chr3,5300000,1,0.62725,5320000,1875,1020,1036
chr3,5320000,1,0.62685,5340000,1947,1059,1042
chr3,5340000,0.987297,0.63615,5360000,2016,1054,1020
chr3,5360000,0.974199,0.62075,5380000,1886,1065,1027
chr3,5380000,1,0.62745,5400000,1961,1009,1033
chr3,5400000,0.99274,0.62855,5420000,2091,1111,1145
chr3,5420000,0.97588,0.6144,5440000,1925,1031,936
chr3,5440000,1,0.61525,5460000,1672,973,924
chr3,5460000,1,0.61045,5480000,1833,972,943
chr3,5480000,0.856076,0.6015,5500000,1616,838,856
chr3,5500000,0.925022,0.64045,5520000,2042,1033,1111
chr3,5520000,0.869767,0.6324,5540000,1772,869,1026
chr3,5540000,0.961128,0.6196,5560000,1853,1002,1006
chr3,5560000,1,0.6022,5580000,1802,981,985
chr3,5580000,0.992225,0.6124,5600000,2032,1123,1106
chr3,5600000,1,0.6114,5620000,1847,1083,1085
chr3,5620000,0.978966,0.6445,5640000,2288,1262,1298
chr3,5640000,1,0.60225,5660000,1583,896,888
chr3,5660000,0.975468,0.68465,5680000,2663,1262,1445
chr3,5680000,0.861517,0.62915,5700000,1736,836,968
chr3,5700000,0.9965,0.66785,5720000,2512,1209,1375
chr3,5720000,0.99985,0.6259,5740000,2049,995,1047
chr3,5740000,0.945048,0.61865,5760000,1961,1088,1291
chr3,5760000,0.972037,0.6399,5780000,2085,1017,1046
chr3,5780000,0.988807,0.62665,5800000,1866,950,977
chr3,5800000,0.972017,0.62685,5820000,1875,1019,975
chr3,5820000,0.955525,0.6131,5840000,1501,815,793
chr3,5840000,1,0.5943,5860000,1530,859,836
chr3,5860000,1,0.6395,5880000,2266,1142,1269
chr3,5880000,1,0.6059,5900000,1605,911,857
chr3,5900000,0.988659,0.6239,5920000,1968,1027,1002
chr3,5920000,1,0.6013,5940000,1759,978,930
chr3,5940000,0.986466,0.6613,5960000,2227,1137,1264
chr3,5960000,0.968267,0.64655,5980000,2028,1050,1142
chr3,5980000,0.882116,0.6775,6000000,2428,1472,1719
chr3,6000000,0.995575,0.6291,6020000,2056,1002,1056
chr3,6020000,0.980408,0.6366,6040000,2144,1144,1124
chr3,6040000,1,0.6175,6060000,1838,1017,1004
chr3,6060000,1,0.6419,6080000,2163,1185,1194
chr3,6080000,0.999258,0.6535,6100000,2339,1146,1312
chr3,6100000,0.831493,0.64795,6120000,1887,962,1074
chr3,6120000,0.756787,0.6298,6140000,1544,786,868
chr3,6140000,0.576003,0.6356,6160000,511,237,330
chr3,6160000,0.438804,0.60985,6180000,154,89,124
chr3,6180000,0.642412,0.6153,6200000,1037,527,570
chr3,6200000,0.931125,0.62855,6220000,1845,973,964
chr3,6220000,0.935346,0.63285,6240000,1938,1036,1078
chr3,6240000,1,0.6348,6260000,2082,1123,1056
chr3,6260000,0.984183,0.6345,6280000,2070,1068,1134
chr3,6280000,0.970658,0.61805,6300000,1874,960,1130
chr3,6300000,1,0.6389,6320000,2079,1062,1100
chr3,6320000,0.9982,0.6676,6340000,3052,2300,2337
chr3,6340000,0.964748,0.6239,6360000,1918,999,1016
chr3,6360000,0.968588,0.67565,6380000,2447,1217,1291
chr3,6380000,1,0.6142,6400000,1914,1050,992
chr3,6400000,0.983906,0.66295,6420000,2564,1303,1436
chr3,6420000,0.918387,0.6447,6440000,1981,1049,1306
chr3,6440000,0.999276,0.65345,6460000,2274,1195,1192
chr3,6460000,0.850943,0.6231,6480000,1546,859,890
chr3,6480000,0.881907,0.63465,6500000,1708,823,947
chr3,6500000,0.979837,0.60265,6520000,1749,932,970
chr3,6520000,0.957538,0.6508,6540000,2022,1045,1182
chr3,6540000,0.998571,0.6183,6560000,1854,1071,924
chr3,6560000,0.993092,0.6269,6580000,2126,1057,1210
chr3,6580000,0.950093,0.6869,6600000,2649,1265,1475
chr3,6600000,0.97833,0.67825,6620000,2816,1290,1473
chr3,6620000,0.997817,0.6339,6640000,2028,1022,1036
chr3,6640000,1,0.63235,6660000,2247,1153,1151
chr3,6660000,0.984901,0.6637,6680000,2413,1177,1296
chr3,6680000,0.89847,0.633,6700000,1798,914,1019
chr3,6700000,0.999225,0.62465,6720000,1966,1069,1019
chr3,6720000,0.919574,0.65375,6740000,2251,1086,1198
chr3,6740000,0.886136,0.65785,6760000,2232,1173,1213
chr3,6760000,1,0.6024,6780000,1649,889,842
chr3,6780000,0.99875,0.61915,6800000,1723,824,966
chr3,6800000,0.968762,0.61415,6820000,1656,903,941
chr3,6820000,0.827275,0.61805,6840000,1512,777,869
chr3,6840000,0.990126,0.6097,6860000,1920,997,939
chr3,6860000,0.98418,0.62205,6880000,1983,1047,1031
chr3,6880000,0.991675,0.6396,6900000,2083,1098,1131
chr3,6900000,0.985779,0.67,6920000,2593,1218,1367
chr3,6920000,0.972308,0.6342,6940000,2161,1124,1144
chr3,6940000,1,0.624,6960000,1996,1093,1102
chr3,6960000,1,0.60715,6980000,1854,919,880
chr3,6980000,0.954817,0.6303,7000000,1759,951,1054
chr3,7000000,1,0.6176,7020000,1686,934,923
chr3,7020000,0.945242,0.60895,7040000,891,502,532
chr3,7040000,0.966559,0.61295,7060000,1821,962,1068
chr3,7060000,0.999925,0.60745,7080000,1931,1085,1051
chr3,7080000,0.994037,0.6473,7100000,2378,1173,1235
chr3,7100000,0.996,0.6542,7120000,2428,1166,1227
chr3,7120000,0.574768,0.59175,7140000,1012,525,649
chr3,7140000,0.949712,0.64925,7160000,2154,1044,1114
chr3,7160000,0.9993,0.63515,7180000,2071,1054,1133
chr3,7180000,0.980822,0.6504,7200000,2294,1129,1174
chr3,7200000,0.861266,0.6525,7220000,1788,901,1088
chr3,7220000,0.699412,0.64855,7240000,1025,537,491
chr3,7240000,0.993552,0.60835,7260000,1826,979,971
chr3,7260000,0.930446,0.6622,7280000,2061,1071,1211
chr3,7280000,0.958791,0.65735,7300000,2260,1089,1250
chr3,7300000,0.995325,0.703,7320000,2736,1289,1418
chr3,7320000,0.995294,0.6651,7340000,2572,1196,1321
chr3,7340000,0.955475,0.64795,7360000,2005,1062,1073
chr3,7360000,0.994567,0.6292,7380000,2128,1075,1089
chr3,7380000,0.99568,0.6783,7400000,2613,1247,1485
chr3,7400000,0.978651,0.64945,7420000,2270,1167,1318
chr3,7420000,0.942336,0.6328,7440000,1988,1071,1217
chr3,7440000,0.939795,0.6481,7460000,2258,1164,1236
chr3,7460000,0.989804,0.62525,7480000,1839,946,1034
chr3,7480000,0.995115,0.638,7500000,2142,1128,1139
chr3,7500000,0.955562,0.65525,7520000,2175,1128,1138
chr3,7520000,0.99488,0.65475,7540000,2180,1040,1174
chr3,7540000,0.944067,0.66895,7560000,1831,1025,1134
chr3,7560000,1,0.62805,7580000,1973,1019,1017
chr3,7580000,1,0.6333,7600000,2160,1135,1171
chr3,7600000,0.971976,0.64925,7620000,2259,1096,1224
chr3,7620000,0.799392,0.63805,7640000,1645,900,914
chr3,7640000,0.966973,0.6445,7660000,2441,1305,1415
chr3,7660000,1,0.62995,7680000,2026,1006,1076
chr3,7680000,0.969601,0.64925,7700000,2262,1096,1237
chr3,7700000,0.945414,0.6593,7720000,2083,1108,1200
chr3,7720000,0.951276,0.6632,7740000,2234,1144,1232
chr3,7740000,0.875275,0.6801,7760000,2129,1085,1234
chr3,7760000,0.916695,0.6307,7780000,1718,892,956
chr3,7780000,0.730324,0.5899,7800000,1410,705,737
chr3,7800000,0.991303,0.6848,7820000,2600,1296,1473
chr3,7820000,0.985424,0.6617,7840000,2211,1199,1265
chr3,7840000,0.982958,0.64365,7860000,2135,1133,1095
chr3,7860000,0.999042,0.63565,7880000,2052,1125,1171
chr3,7880000,0.9995,0.6218,7900000,1899,1060,995
chr3,7900000,0.990586,0.637,7920000,2460,1550,1663
chr3,7920000,0.98717,0.6522,7940000,2186,1096,1193
chr3,7940000,0.906292,0.61755,7960000,1680,867,905
chr3,7960000,0.865769,0.6243,7980000,1762,946,937
chr3,7980000,0.827902,0.57135,8000000,1301,676,793
chr3,8000000,0.96573,0.5931,8020000,1791,1001,1101
chr3,8020000,0.993125,0.62395,8040000,1971,1103,1061
chr3,8040000,0.780539,0.62765,8060000,1613,823,826
chr3,8060000,0.917369,0.6336,8080000,1988,1008,1049
chr3,8080000,0.923653,0.6759,8100000,2500,1139,1256
chr3,8100000,1,0.6195,8120000,1959,1092,1045
chr3,8120000,0.985918,0.6268,8140000,2069,1115,1082
chr3,8140000,0.912491,0.6462,8160000,1923,993,1148
chr3,8160000,0.887358,0.6515,8180000,2010,1036,1095
chr3,8180000,0.992574,0.65285,8200000,2315,1254,1236
chr3,8200000,1,0.6692,8220000,2493,1242,1317
chr3,8220000,0.987598,0.6578,8240000,2345,1117,1297
chr3,8240000,0.986628,0.6378,8260000,2234,1133,1134
chr3,8260000,0.9937,0.6081,8280000,1741,983,931
chr3,8280000,0.982507,0.64785,8300000,2001,1179,1162
chr3,8300000,0.987222,0.67335,8320000,2728,1621,1693
chr3,8320000,0.896893,0.6226,8340000,1681,877,859
chr3,8340000,1,0.64595,8360000,2360,1209,1256
chr3,8360000,0.966981,0.61735,8380000,1877,1081,1083
chr3,8380000,0.943192,0.6627,8400000,2337,1256,1376
chr3,8400000,0.991213,0.6308,8420000,2051,1080,1210
chr3,8420000,0.986037,0.63805,8440000,2079,1046,1097
chr3,8440000,0.980812,0.62745,8460000,1995,1121,1041
chr3,8460000,0.958418,0.6232,8480000,1813,1020,1072
chr3,8480000,0.98215,0.65835,8500000,2250,1239,1173
chr3,8500000,0.99645,0.6048,8520000,1593,1458,1256
chr3,8520000,0.985712,0.6367,8540000,1774,1031,1006
chr3,8540000,1,0.61535,8560000,1715,916,962
chr3,8560000,0.994543,0.62555,8580000,2006,1037,1066
chr3,8580000,0.9971,0.61625,8600000,1885,1108,1012
chr3,8600000,0.586787,0.63015,8620000,1060,519,595
chr3,8620000,0.746779,0.62595,8640000,1604,774,930
chr3,8640000,0.855115,0.65025,8660000,1865,880,1014
chr3,8660000,0.984186,0.6243,8680000,1912,1033,971
chr3,8680000,1,0.60755,8700000,1777,976,965
chr3,8700000,0.900191,0.6108,8720000,1693,932,953
chr3,8720000,0.993866,0.65545,8740000,2310,1130,1270
chr3,8740000,0.996217,0.64555,8760000,2214,1157,1179
chr3,8760000,0.590414,0.61515,8780000,1404,622,823
chr3,8780000,0.981245,0.62935,8800000,1885,989,1051
chr3,8800000,1,0.62375,8820000,1931,1074,990
chr3,8820000,0.993698,0.6314,8840000,2205,1153,1166
chr3,8840000,0.926492,0.6685,8860000,2322,1116,1238
chr3,8860000,0.999417,0.6562,8880000,2398,1236,1307
chr3,8880000,0.967544,0.6556,8900000,2226,1108,1294
chr3,8900000,0.964167,0.6365,8920000,2082,1014,1099
chr3,8920000,0.972571,0.6912,8940000,2773,1332,1510
chr3,8940000,0.89416,0.6395,8960000,1816,951,926
chr3,8960000,0.99645,0.6283,8980000,2003,1082,1065
chr3,8980000,0.980916,0.64775,9000000,2279,1178,1264
chr3,9000000,0.927237,0.66715,9020000,2306,1184,1203
chr3,9020000,1,0.63285,9040000,2138,1181,1077
chr3,9040000,1,0.61915,9060000,1912,1074,1049
chr3,9060000,0.993756,0.64465,9080000,2275,1104,1179
chr3,9080000,1,0.61805,9100000,2079,1150,1052
chr3,9100000,0.951218,0.65875,9120000,2359,1238,1345
chr3,9120000,0.9799,0.6314,9140000,2024,1067,1051
chr3,9140000,0.312234,0.62385,9160000,716,300,444
chr3,9160000,0.981299,0.6319,9180000,2024,1113,987
chr3,9180000,0.63222,0.619,9200000,1226,664,726
chr3,9200000,0.917746,0.6175,9220000,1699,901,902
chr3,9220000,0.983579,0.6483,9240000,2267,1148,1188
chr3,9240000,0.845832,0.67775,9260000,1900,914,1119
chr3,9260000,0.967814,0.6374,9280000,1866,1001,1007
chr3,9280000,0.999625,0.6223,9300000,2007,1083,998
chr3,9300000,0.974219,0.68995,9320000,2589,1316,1424
chr3,9320000,1,0.6253,9340000,2087,1138,1184
chr3,9340000,0.990916,0.66185,9360000,2464,1262,1426
chr3,9360000,0.804168,0.5769,9380000,1337,693,815
chr3,9380000,0.975944,0.6175,9400000,2023,1444,1368
chr3,9400000,0.984525,0.60165,9420000,1835,1226,1180
chr3,9420000,0.950117,0.57715,9440000,1672,895,911
chr3,9440000,0.977633,0.6102,9460000,1954,1004,1119
chr3,9460000,0.731892,0.6718,9480000,1538,702,948
chr3,9480000,0.994905,0.66465,9500000,2479,1238,1338
chr3,9500000,0.994404,0.61945,9520000,2028,1086,1041
chr3,9520000,0.983848,0.6115,9540000,1832,1073,952
chr3,9540000,0.865652,0.6177,9560000,1788,970,927
chr3,9560000,0.934313,0.61075,9580000,1911,985,1066
chr3,9580000,1,0.6322,9600000,2069,1108,1076
chr3,9600000,0.9988,0.6211,9620000,1864,1100,993
chr3,9620000,0.971194,0.6497,9640000,2276,1133,1193
chr3,9640000,0.948367,0.62335,9660000,1809,952,1008
chr3,9660000,0.870175,0.61505,9680000,1648,999,1015
chr3,9680000,0.94241,0.63735,9700000,1934,1059,1130
chr3,9700000,0.989493,0.6343,9720000,2099,1142,1122
chr3,9720000,0.952689,0.6511,9740000,2041,1057,1308
chr3,9740000,0.921197,0.68665,9760000,2659,1634,1791
chr3,9760000,0.97318,0.64615,9780000,2211,1124,1179
chr3,9780000,0.955243,0.6363,9800000,1986,1040,1116
chr3,9800000,0.933328,0.56805,9820000,1581,838,860
chr3,9820000,0.55538,0.5452,9840000,723,364,399
chr3,9840000,0.900037,0.6306,9860000,1649,881,999
chr3,9860000,0.924419,0.61065,9880000,1541,920,951
chr3,9880000,1,0.60955,9900000,1817,1007,1009
chr3,9900000,0.977165,0.62515,9920000,1919,1008,1163
chr3,9920000,0.943383,0.61685,9940000,1752,931,958
chr3,9940000,0.840295,0.62945,9960000,1722,948,931
chr3,9960000,0.920971,0.62745,9980000,1910,1041,1069
chr3,9980000,0.973993,0.6668,10000000,2314,1161,1248
chr3,10000000,0.938086,0.6455,10020000,2060,1039,1175
chr3,10020000,0.835915,0.6371,10040000,1819,940,1001
chr3,10040000,0.972625,0.636,10060000,2225,1482,1455
chr3,10060000,0.999975,0.63065,10080000,1964,959,981
chr3,10080000,0.965255,0.6439,10100000,2097,1113,1280
chr3,10100000,0.927429,0.6408,10120000,2110,1002,1123
chr3,10120000,0.996537,0.65715,10140000,2315,1184,1262
chr3,10140000,0.991149,0.6392,10160000,2201,1130,1163
chr3,10160000,0.984583,0.65135,10180000,2395,1343,1403
chr3,10180000,0.980452,0.6226,10200000,1886,989,1063
chr3,10200000,0.998221,0.6465,10220000,2195,1145,1148
chr3,10220000,0.982929,0.6633,10240000,2389,1177,1369
chr3,10240000,0.896713,0.67325,10260000,2208,1072,1171
chr3,10260000,0.957155,0.66325,10280000,2195,1192,1228
chr3,10280000,0.822358,0.5956,10300000,1505,756,897
chr3,10300000,0.916167,0.63345,10320000,2057,1057,1107
chr3,10320000,0.990275,0.6334,10340000,2125,1124,1162
chr3,10340000,0.995367,0.66755,10360000,2670,1345,1458
chr3,10360000,0.989987,0.6424,10380000,2132,1096,1211
chr3,10380000,1,0.63785,10400000,2185,1061,1123
chr3,10400000,0.861853,0.6238,10420000,1459,809,851
chr3,10420000,0.96583,0.63615,10440000,1707,884,1046
chr3,10440000,0.817788,0.59725,10460000,1560,819,829
chr3,10460000,0.741351,0.61095,10480000,1252,661,685
chr3,10480000,0.971798,0.6411,10500000,1766,928,1076
chr3,10500000,0.916179,0.664,10520000,2185,1045,1189
chr3,10520000,0.960068,0.6529,10540000,2171,1134,1255
chr3,10540000,0.977941,0.6384,10560000,2088,1158,1190
chr3,10560000,1,0.61945,10580000,1844,1054,938
chr3,10580000,0.981141,0.66815,10600000,2447,1180,1292
chr3,10600000,0.995812,0.64635,10620000,2028,1062,1091
chr3,10620000,0.99525,0.65245,10640000,2302,1254,1249
chr3,10640000,0.99625,0.64425,10660000,2117,1129,1206
chr3,10660000,0.996775,0.632,10680000,2287,1180,1203
chr3,10680000,0.941397,0.67325,10700000,2304,1175,1294
chr3,10700000,0.991576,0.64655,10720000,2342,1172,1221
chr3,10720000,1,0.63965,10740000,2165,1196,1135
chr3,10740000,0.946306,0.63435,10760000,2058,1048,1192
chr3,10760000,0.990098,0.6733,10780000,2600,1274,1476
chr3,10780000,0.980507,0.6812,10800000,2570,1271,1460
chr3,10800000,0.99985,0.6289,10820000,2283,1216,1361
chr3,10820000,0.987408,0.6398,10840000,2342,1191,1235
chr3,10840000,0.98147,0.58325,10860000,1834,999,1195
chr3,10860000,1,0.65505,10880000,2396,1269,1237
chr3,10880000,0.70837,0.6578,10900000,1503,758,863
chr3,10900000,1,0.65585,10920000,2306,1206,1173
chr3,10920000,0.993775,0.6235,10940000,3712,3277,2949
chr3,10940000,0.914643,0.6508,10960000,2110,1074,1272
chr3,10960000,0.927938,0.6475,10980000,2111,1020,1116
chr3,10980000,0.999225,0.64385,11000000,2394,1210,1234
chr3,11000000,0.688751,0.5594,11020000,1308,655,679
chr3,11020000,0.987834,0.67235,11040000,2730,1419,1447
chr3,11040000,0.968685,0.6616,11060000,2499,1203,1356
chr3,11060000,1,0.6493,11080000,2405,1229,1214
chr3,11080000,0.98828,0.64335,11100000,2331,1143,1190
chr3,11100000,0.998033,0.6317,11120000,2181,1222,1154
chr3,11120000,0.933288,0.66245,11140000,2291,1121,1332
chr3,11140000,1,0.65355,11160000,2303,1216,1219
chr3,11160000,1,0.6104,11180000,1803,1044,971
chr3,11180000,0.997893,0.64245,11200000,2370,1238,1266
chr3,11200000,0.957007,0.6876,11220000,2525,1202,1394
chr3,11220000,0.991798,0.68385,11240000,2645,1271,1369
chr3,11240000,0.862537,0.61815,11260000,1673,929,1088
chr3,11260000,0.974824,0.64655,11280000,2239,1196,1246
chr3,11280000,0.958282,0.63025,11300000,1973,1080,1128
chr3,11300000,0.949421,0.6955,11320000,2521,1232,1455
chr3,11320000,0.951798,0.6638,11340000,2381,1123,1316
chr3,11340000,0.980942,0.6379,11360000,2029,1038,1117
chr3,11360000,1,0.6384,11380000,2173,1140,1194
chr3,11380000,0.90186,0.6388,11400000,1955,1069,1068
chr3,11400000,0.92543,0.6794,11420000,2399,1240,1269
chr3,11420000,0.880316,0.62255,11440000,1743,905,923
chr3,11440000,0.956201,0.644,11460000,2199,1117,1180
chr3,11460000,0.991187,0.68755,11480000,2710,1405,1439
chr3,11480000,0.995417,0.65905,11500000,2350,1194,1207
chr3,11500000,0.922594,0.6475,11520000,2160,1103,1265
chr3,11520000,0.879717,0.65655,11540000,2236,1154,1270
chr3,11540000,0.998083,0.6528,11560000,2466,1323,1287
chr3,11560000,0.976225,0.67175,11580000,2410,1187,1424
chr3,11580000,0.946216,0.62995,11600000,1958,1133,1050
chr3,11600000,0.951933,0.61465,11620000,1949,1044,1088
chr3,11620000,0.990475,0.6227,11640000,2114,1152,1223
chr3,11640000,0.824503,0.66025,11660000,1827,927,1049
chr3,11660000,0.996204,0.6613,11680000,2490,1240,1273
chr3,11680000,0.987134,0.6493,11700000,2372,1394,1348
chr3,11700000,0.844341,0.629,11720000,1637,1097,1185
chr3,11720000,0.570651,0.69115,11740000,1241,759,1115
chr3,11740000,0.611062,0.7023,11760000,1540,1172,1859
chr3,11760000,0.645704,0.6406,11780000,999,663,790
chr3,11780000,0.525671,0.6004,11800000,677,402,552
chr3,11800000,0.785639,0.6674,11820000,1193,641,818
chr3,11820000,0.709222,0.6566,11840000,1395,639,406
chr3,11840000,0.950678,0.65665,11860000,2008,946,30
chr3,11860000,0.943205,0.6583,11880000,2231,1184,9
chr3,11880000,0.964768,0.6883,11900000,2890,1420,19
chr3,11900000,0.595216,0.64905,11920000,1191,626,3
chr3,11920000,0.68872,0.5817,11940000,883,432,22
chr3,11940000,0.918898,0.60205,11960000,1845,963,8
chr3,11960000,0.855234,0.65315,11980000,2022,1064,29
chr3,11980000,0.992547,0.70055,12000000,3045,1489,7
chr3,12000000,1,0.6429,12020000,2128,1078,5
chr3,12020000,0.972937,0.67675,12040000,2337,1124,14
chr3,12040000,0.874108,0.61675,12060000,1636,864,2
chr3,12060000,0.982747,0.67235,12080000,2748,1258,16
chr3,12080000,0.976762,0.68265,12100000,2632,1380,63
chr3,12100000,0.9865,0.67695,12120000,2538,1284,10
chr3,12120000,0.999829,0.68455,12140000,2830,1445,7
chr3,12140000,0.983137,0.66835,12160000,2543,1332,16
chr3,12160000,0.960048,0.6675,12180000,2273,1174,22
chr3,12180000,0.967604,0.66225,12200000,2268,1186,29
chr3,12200000,0.827327,0.68165,12220000,1824,898,7
chr3,12220000,0.856195,0.6828,12240000,2313,1072,11
chr3,12240000,1,0.6629,12260000,2506,1264,7
chr3,12260000,0.442741,0.6331,12280000,549,257,0
chr3,12280000,0.377208,0.61885,12300000,162,85,0
chr3,12300000,0.944315,0.69465,12320000,2811,1618,609
chr3,12320000,0.957603,0.6559,12340000,2269,1200,7
chr3,12340000,0.953038,0.6614,12360000,2319,1239,28
chr3,12360000,0.990671,0.6528,12380000,2462,1300,28
chr3,12380000,0.990398,0.665,12400000,2518,1259,20
chr3,12400000,0.791242,0.6248,12420000,1145,620,1
chr3,12420000,0.970167,0.6187,12440000,1969,1038,6
chr3,12440000,0.982282,0.65715,12460000,2360,1270,16
chr3,12460000,0.90182,0.63615,12480000,2183,1083,5
chr3,12480000,0.972462,0.662,12500000,2551,1233,10
chr3,12500000,0.723388,0.6172,12520000,1516,756,15
chr3,12520000,0.988841,0.6478,12540000,2087,1098,12
chr3,12540000,1,0.6239,12560000,1660,906,7
chr3,12560000,0.870301,0.66645,12580000,2254,1090,7
chr3,12580000,0.909106,0.66155,12600000,2310,1172,8
chr3,12600000,1,0.68765,12620000,3319,2120,568
chr3,12620000,0.993647,0.6187,12640000,2251,1862,738
chr3,12640000,0.482842,0.6157,12660000,1407,1559,1102
chr3,12660000,0.956257,0.6698,12680000,3615,3659,2582
chr3,12680000,0.964003,0.68545,12700000,4003,3989,3067
chr3,12700000,0.722221,0.60305,12720000,2231,2222,1682
chr3,12720000,0.954511,0.6574,12740000,2978,3084,2321
chr3,12740000,0.643359,0.59715,12760000,1306,1328,1046
chr3,12760000,0.539181,0.62555,12780000,1182,1111,1098
chr3,12780000,0.729906,0.6199,12800000,1757,1843,1574
chr3,12800000,0.344633,0.648,12820000,688,680,524
chr3,12820000,0.660735,0.62595,12840000,1270,1285,1060
chr3,12840000,0.620947,0.6244,12860000,1070,1032,934
chr3,12860000,0.744307,0.60015,12880000,1688,1839,1358
chr3,12880000,0.752502,0.6293,12900000,1673,1633,1383
chr3,12900000,0.738906,0.59605,12920000,1644,1890,1736
chr3,12920000,0.488716,0.64535,12940000,702,683,592
chr3,12940000,0.740844,0.6104,12960000,1962,2143,1465
chr3,12960000,0.918539,0.6373,12980000,3132,3250,2378
chr3,12980000,0.993213,0.55145,13000000,3094,3781,2696
chr3,13000000,0.957206,0.63045,13020000,3106,3228,2211
chr3,13020000,0.945295,0.6549,13040000,3678,3589,3073
chr3,13040000,0.858509,0.635,13060000,2537,2751,2380
chr3,13060000,0.979784,0.6734,13080000,3871,3796,2989
chr3,13080000,0.734338,0.59395,13100000,2277,2224,1612
chr3,13100000,1,0.61215,13120000,3031,3426,2114
chr3,13120000,0.736583,0.6494,13140000,1933,1938,1683
chr3,13140000,0.662591,0.60745,13160000,1516,1380,1311
chr3,13160000,0.789495,0.63555,13180000,2019,2211,1551
chr3,13180000,0.755169,0.5519,13200000,1587,1438,1286
chr3,13200000,0.902294,0.61065,13220000,2193,2341,1639
chr3,13220000,0.959225,0.63585,13240000,3063,3151,1974
chr3,13240000,0.997147,0.67095,13260000,4102,4149,2832
chr3,13260000,0.966389,0.6569,13280000,3692,3608,2568
chr3,13280000,0.901087,0.62515,13300000,2468,2489,1883
chr3,13300000,0.43917,0.57385,13320000,1402,1358,1024
chr3,13320000,1,0.6904,13340000,4193,4001,2878
chr3,13340000,0.9974,0.6303,13360000,3204,3503,2248
chr3,13360000,0.930359,0.62995,13380000,3103,3009,2284
chr3,13380000,0.932406,0.66285,13400000,3490,3487,2690
chr3,13400000,0.914119,0.6613,13420000,3171,3124,2329
chr3,13420000,1,0.6924,13440000,4337,4331,3087
chr3,13440000,0.932641,0.65115,13460000,3352,3382,2563
chr3,13460000,0.992866,0.65425,13480000,3750,3886,2741
chr3,13480000,0.982167,0.65935,13500000,3814,3747,2934
chr3,13500000,0.389722,0.6026,13520000,423,391,356
chr3,13520000,0.48818,0.6101,13540000,460,474,827
chr3,13540000,0.402387,0.5966,13560000,638,638,834
chr3,13560000,0.490506,0.61125,13580000,424,404,646
chr3,13580000,0.791125,0.66935,13600000,2981,2921,2850
chr3,13600000,0.942478,0.6685,13620000,3517,3676,2503
chr3,13620000,0.931318,0.6866,13640000,3689,3776,2686
chr3,13640000,0.971889,0.6769,13660000,3865,3810,2892
chr3,13660000,0.882878,0.66855,13680000,3310,3456,2457
chr3,13680000,0.951281,0.66045,13700000,3535,3531,2528
chr3,13700000,0.840604,0.6249,13720000,2500,2358,1883
chr3,13720000,0.91125,0.65925,13740000,3458,3434,2765
chr3,13740000,0.98935,0.647,13760000,3666,3693,2849
chr3,13760000,1,0.65775,13780000,3686,3855,2631
chr3,13780000,0.99755,0.637,13800000,3644,4135,2687
chr3,13800000,0.979171,0.6455,13820000,3349,3423,2355
chr3,13820000,0.859921,0.6176,13840000,2664,2447,2087
chr3,13840000,0.88718,0.5148,13860000,1588,1544,1374
chr3,13860000,0.930119,0.6318,13880000,2941,2798,2304
chr3,13880000,0.978439,0.6484,13900000,3612,3587,2629
chr3,13900000,0.910757,0.6862,13920000,3950,3574,2930
chr3,13920000,0.956171,0.6292,13940000,3160,3120,2195
chr3,13940000,0.947815,0.561,13960000,2505,2565,1791
chr3,13960000,0.902845,0.65055,13980000,3347,3127,2550
chr3,13980000,0.966192,0.62805,14000000,3090,3280,2204
chr3,14000000,1,0.61935,14020000,2984,3207,2096
chr3,14020000,0.979593,0.6458,14040000,3508,3619,2450
chr3,14040000,0.744726,0.60005,14060000,2178,2350,1565
chr3,14060000,0.825363,0.568,14080000,2179,2136,1676
chr3,14080000,0.988132,0.6897,14100000,4253,4144,3179
chr3,14100000,0.972692,0.6607,14120000,3711,3683,2698
chr3,14120000,0.768387,0.6082,14140000,2472,2613,1843
chr3,14140000,0.8963,0.5921,14160000,2410,2561,1729
chr3,14160000,0.626484,0.63195,14180000,1138,1111,1063
chr3,14180000,0.696998,0.6153,14200000,1353,1396,1187
chr3,14200000,0.85381,0.65995,14220000,3303,3330,2431
chr3,14220000,0.917642,0.6596,14240000,3473,3506,2636
chr3,14240000,0.750049,0.6327,14260000,1965,1899,1494
chr3,14260000,0.800648,0.63335,14280000,2340,2275,1695
chr3,14280000,0.984711,0.6679,14300000,3885,3784,2863
chr3,14300000,0.834118,0.6168,14320000,2785,2673,2102
chr3,14320000,0.978089,0.63015,14340000,3301,3566,2353
chr3,14340000,0.99685,0.65175,14360000,3846,3739,2658
chr3,14360000,0.985979,0.6574,14380000,3755,3744,2664
chr3,14380000,0.960476,0.63755,14400000,2276,2379,1758
chr3,14400000,0.834902,0.6581,14420000,2326,2164,1880
chr3,14420000,0.965181,0.6063,14440000,2321,2319,2034
chr3,14440000,0.749648,0.5992,14460000,1869,1806,1504
chr3,14460000,0.562767,0.6176,14480000,1219,1119,940
chr3,14480000,0.428004,0.6271,14500000,958,861,733
chr3,14500000,0.960482,0.6403,14520000,3070,2792,2203
chr3,14520000,0.919448,0.67445,14540000,3556,3536,2478
chr3,14540000,0.994483,0.6602,14560000,3907,4042,2770
chr3,14560000,0.927829,0.62345,14580000,2815,2910,2133
chr3,14580000,0.981239,0.67025,14600000,3805,3785,2766
chr3,14600000,0.96055,0.67355,14620000,3664,3642,2859
chr3,14620000,0.969982,0.61465,14640000,3159,3010,2279
chr3,14640000,0.963435,0.65065,14660000,3450,3581,2525
chr3,14660000,0.94644,0.58085,14680000,2298,2373,1819
chr3,14680000,0.984431,0.6763,14700000,4075,4110,3052
chr3,14700000,0.827009,0.6653,14720000,3183,3057,2485
chr3,14720000,0.892783,0.6722,14740000,3346,3137,2620
chr3,14740000,0.899682,0.67645,14760000,3602,3593,2727
chr3,14760000,0.891171,0.63665,14780000,3024,3109,2582
chr3,14780000,0.994942,0.6376,14800000,3605,3482,2784
chr3,14800000,0.840411,0.6316,14820000,2858,2965,2126
chr3,14820000,0.988275,0.67345,14840000,4126,3930,3116
chr3,14840000,0.976358,0.61465,14860000,3061,3185,2472
chr3,14860000,0.993805,0.62835,14880000,3295,3557,2494
chr3,14880000,0.757683,0.6478,14900000,2573,2445,1907
chr3,14900000,0.990631,0.67425,14920000,4082,3860,2914
chr3,14920000,0.992542,0.6213,14940000,3282,3445,2446
chr3,14940000,0.96833,0.639,14960000,3349,3556,2511
chr3,14960000,0.883601,0.649,14980000,3064,3155,2381
chr3,14980000,0.998032,0.6631,15000000,3868,3887,2929
chr3,15000000,0.91645,0.66975,15020000,3366,3296,2485
chr3,15020000,0.915294,0.65315,15040000,3485,3388,2639
chr3,15040000,0.992095,0.6146,15060000,3259,3373,2361
chr3,15060000,0.948533,0.59815,15080000,2883,2888,2561
chr3,15080000,0.928621,0.64455,15100000,3204,3269,2321
chr3,15100000,0.973267,0.61585,15120000,3219,3354,2199
chr3,15120000,0.977485,0.6483,15140000,3551,3606,2682
chr3,15140000,0.485221,0.61555,15160000,1098,1136,837
chr3,15160000,0.746797,0.6261,15180000,2343,2461,1554
chr3,15180000,0.954428,0.68225,15200000,3940,3848,2934
chr3,15200000,0.983451,0.6766,15220000,3845,4038,2768
chr3,15220000,0.552296,0.6013,15240000,1825,1819,1359
chr3,15240000,0.698594,0.66105,15260000,3064,2761,2371
chr3,15260000,0.840651,0.62465,15280000,2633,2682,2165
chr3,15280000,0.994013,0.65635,15300000,3806,3743,2805
chr3,15300000,0.996775,0.63335,15320000,3470,3654,2373
chr3,15320000,0.978037,0.68065,15340000,3992,3618,2879
chr3,15340000,0.897927,0.6846,15360000,3477,3278,2481
chr3,15360000,0.714165,0.5789,15380000,3439,2566,2213
chr3,15380000,0.875393,0.6493,15400000,2980,3008,2179
chr3,15400000,0.920577,0.6344,15420000,3136,3284,2469
chr3,15420000,0.909575,0.5622,15440000,2087,2351,1565
chr3,15440000,0.970246,0.6743,15460000,3792,3686,2914
chr3,15460000,0.816177,0.6136,15480000,2836,2752,1985
chr3,15480000,0.893902,0.63615,15500000,3220,3301,2343
chr3,15500000,0.979711,0.6558,15520000,3758,3626,2620
chr3,15520000,0.993036,0.65735,15540000,3615,3612,2649
chr3,15540000,1,0.64125,15560000,3809,3721,2715
chr3,15560000,0.975451,0.5497,15580000,2319,2386,1812
chr3,15580000,0.99635,0.65685,15600000,3531,3826,2531
chr3,15600000,0.9836,0.6376,15620000,3418,3336,2501
chr3,15620000,0.97519,0.6456,15640000,3736,3536,2618
chr3,15640000,0.9992,0.6345,15660000,3656,3438,2567
chr3,15660000,0.856923,0.5841,15680000,2595,2404,2150
chr3,15680000,0.793618,0.64895,15700000,2284,2265,1657
chr3,15700000,0.558467,0.6025,15720000,1487,1402,1102
chr3,15720000,0.799047,0.60835,15740000,2464,2386,1927
chr3,15740000,1,0.6145,15760000,3415,3301,2360
chr3,15760000,0.983406,0.6393,15780000,3517,3445,2501
chr3,15780000,0.919518,0.5951,15800000,2383,2469,1664
chr3,15800000,0.958093,0.61725,15820000,2848,2744,2101
chr3,15820000,0.9652,0.60385,15840000,3152,3147,2264
chr3,15840000,0.878605,0.6367,15860000,2848,2598,2191
chr3,15860000,0.996725,0.5941,15880000,2693,2979,2316
chr3,15880000,0.984659,0.66515,15900000,3689,3478,2884
chr3,15900000,0.687617,0.66325,15920000,2071,1956,1518
chr3,15920000,0.571698,0.6792,15940000,578,501,489
chr3,15940000,0.477393,0.70265,15960000,573,488,497
chr3,15960000,0.432272,0.65965,15980000,238,207,205
chr3,15980000,0.529512,0.642,16000000,417,413,355
chr3,16000000,0.539298,0.614,16020000,532,419,404
chr3,16020000,0.493539,0.59445,16040000,497,514,420
chr3,16040000,0.454008,0.68315,16060000,510,500,493
chr3,16060000,0.581335,0.62035,16080000,552,458,486
chr3,16080000,0.521719,0.60885,16100000,287,335,344
chr3,16100000,0.370428,0.61705,16120000,348,327,324
chr3,16120000,0.273429,0.6619,16140000,480,411,374
chr3,16140000,0.216429,0.65645,16160000,192,181,170
chr3,16160000,0.550271,0.66395,16180000,646,554,561
chr3,16180000,0.461805,0.62765,16200000,354,264,292
chr3,16200000,0.235027,0.65835,16220000,308,259,240
chr3,16220000,0.210653,0.6605,16240000,268,243,246
chr3,16240000,0.356761,0.6548,16260000,398,353,335
chr3,16260000,0.360162,0.6496,16280000,424,324,359
chr3,16280000,0.568456,0.67485,16300000,491,403,433
chr3,16300000,0.47305,0.69945,16320000,529,453,436
chr3,16320000,0.464781,0.65105,16340000,421,376,383
chr3,16340000,0.550044,0.65135,16360000,427,434,370
chr3,16360000,0.429082,0.58785,16380000,336,312,330
chr3,16380000,0.579499,0.6285,16400000,559,483,486
chr3,16400000,0.489706,0.66955,16420000,657,593,611
chr3,16420000,0.58293,0.59995,16440000,522,492,483
chr3,16440000,0.482515,0.6575,16460000,366,341,327
chr3,16460000,0.223102,0.6977,16480000,485,411,449
chr3,16480000,0.312447,0.68585,16500000,350,273,286
chr3,16500000,0.575473,0.6203,16520000,536,476,456
chr3,16520000,0.414982,0.6628,16540000,707,580,571
chr3,16540000,0.170995,0.68635,16560000,130,109,116
chr3,16560000,0.202849,0.65705,16580000,258,239,234
chr3,16580000,0.343391,0.65765,16600000,369,353,342
chr3,16600000,0.750294,0.64515,16620000,2418,2211,1904
chr3,16620000,0.684241,0.61525,16640000,2309,2296,1670
chr3,16640000,0.942716,0.59315,16660000,2624,2584,1999
chr3,16660000,0.96127,0.528,16680000,2269,2132,1662
chr3,16680000,0.455418,0.57585,16700000,786,781,696
chr3,16700000,0.524276,0.5774,16720000,1242,1095,949
chr3,16720000,0.93759,0.60725,16740000,2756,2633,2275
chr3,16740000,0.989937,0.64715,16760000,3558,3609,2538
chr3,16760000,0.973799,0.69975,16780000,4444,4220,3347
chr3,16780000,0.872273,0.65655,16800000,2921,2941,2289
chr3,16800000,0.924767,0.6693,16820000,3348,3257,2513
chr3,16820000,0.988203,0.6589,16840000,3637,3619,2565
chr3,16840000,0.976685,0.66155,16860000,4191,4158,3189
chr3,16860000,0.998546,0.65005,16880000,3585,3643,2545
chr3,16880000,0.974683,0.69565,16900000,4033,3748,3076
chr3,16900000,0.9997,0.6435,16920000,3463,3560,2566
chr3,16920000,0.8091,0.5791,16940000,2139,2135,1607
chr3,16940000,0.99005,0.66965,16960000,3747,3654,2757
chr3,16960000,0.969719,0.66485,16980000,3327,3533,2621
chr3,16980000,0.97371,0.63885,17000000,3273,3098,2496
chr3,17000000,0.748397,0.60795,17020000,2216,2194,1625
chr3,17020000,0.999392,0.66265,17040000,3966,3829,2864
chr3,17040000,0.9693,0.683,17060000,4023,3822,2890
chr3,17060000,0.985103,0.64365,17080000,3320,3492,2437
chr3,17080000,0.873791,0.66235,17100000,3197,3308,2395
chr3,17100000,0.976379,0.64775,17120000,3580,3530,2562
chr3,17120000,0.959464,0.64435,17140000,3413,3104,2558
chr3,17140000,0.923941,0.66205,17160000,3522,3349,2474
chr3,17160000,1,0.6355,17180000,3446,3655,2474
chr3,17180000,0.898633,0.6422,17200000,3166,3201,2625
chr3,17200000,0.885255,0.6257,17220000,2730,2849,2196
chr3,17220000,0.990942,0.6253,17240000,3339,3533,2428
chr3,17240000,0.991117,0.6148,17260000,3141,3333,2302
chr3,17260000,0.985096,0.6568,17280000,3608,3560,2785
chr3,17280000,0.97945,0.6526,17300000,3657,3626,2776
chr3,17300000,0.899335,0.64135,17320000,2616,2544,2086
chr3,17320000,0.993975,0.59595,17340000,2923,3039,2253
chr3,17340000,0.9987,0.60445,17360000,3146,3263,2326
chr3,17360000,0.970405,0.59225,17380000,2792,3119,2209
chr3,17380000,0.944847,0.64925,17400000,3567,3285,2646
chr3,17400000,0.971768,0.61935,17420000,3072,3291,2239
chr3,17420000,0.453256,0.58925,17440000,1007,1091,861
chr3,17440000,0.566391,0.6116,17460000,1257,1232,1115
chr3,17460000,0.634646,0.59705,17480000,1411,1372,1175
chr3,17480000,0.816077,0.5903,17500000,2100,2059,1642
chr3,17500000,0.982879,0.6314,17520000,2940,3148,2173
chr3,17520000,0.9889,0.6301,17540000,3199,3210,2259
chr3,17540000,0.852645,0.6147,17560000,2639,2387,2084
chr3,17560000,0.960946,0.60465,17580000,2844,2683,2149
chr3,17580000,0.971809,0.59295,17600000,2412,2642,1795
chr3,17600000,0.954409,0.6279,17620000,2916,2810,2182
chr3,17620000,0.957901,0.5999,17640000,2604,2494,1940
chr3,17640000,0.880816,0.6679,17660000,2850,2939,2470
chr3,17660000,0.802038,0.57155,17680000,1570,1539,1377
chr3,17680000,0.568941,0.64065,17700000,1160,1105,1015
chr3,17700000,0.616467,0.657,17720000,1837,1683,1395
chr3,17720000,0.969671,0.55075,17740000,2342,2261,1808
chr3,17740000,0.870806,0.5659,17760000,1983,2088,2004
chr3,17760000,0.925251,0.62105,17780000,2521,2746,1874
chr3,17780000,0.634276,0.58525,17800000,1689,1635,1450
chr3,17800000,0.9813,0.6333,17820000,3242,3482,2263
chr3,17820000,0.986746,0.6829,17840000,4049,3899,3029
chr3,17840000,0.903978,0.6316,17860000,2705,2833,1992
chr3,17860000,0.943275,0.6577,17880000,3198,3182,2480
chr3,17880000,0.990208,0.6197,17900000,3132,3315,2458
chr3,17900000,0.705272,0.64175,17920000,2687,3127,2996
chr3,17920000,0.997336,0.6668,17940000,3702,3457,2708
chr3,17940000,0.976574,0.64945,17960000,3217,3602,2790
chr3,17960000,0.993767,0.62395,17980000,3084,2992,2290
chr3,17980000,0.878354,0.6502,18000000,2923,2896,2074
chr3,18000000,0.538247,0.6276,18020000,1640,1611,1248
chr3,18020000,0.737176,0.589,18040000,1634,1646,1336
chr3,18040000,0.239055,0.60675,18060000,327,306,302
chr3,18060000,0.533337,0.59135,18080000,870,804,680
chr3,18080000,0.617002,0.5836,18100000,1067,1059,817
chr3,18100000,0.434478,0.54615,18120000,700,639,612
chr3,18120000,0.837796,0.5772,18140000,1876,1733,1527
chr3,18140000,0.550527,0.5935,18160000,959,929,824
chr3,18160000,0.521535,0.59875,18180000,1281,1141,1034
chr3,18180000,0.289801,0.6119,18200000,816,868,916
chr3,18200000,0.278465,0.61,18220000,503,405,408
chr3,18220000,0.297058,0.60865,18240000,2167,1890,2035
chr3,18240000,0.347033,0.60055,18260000,424,416,367
chr3,18260000,0.306202,0.6111,18280000,635,617,545
chr3,18280000,0.242941,0.61195,18300000,1350,1465,1881
chr3,18300000,0.244487,0.6132,18320000,362,339,313
chr3,18320000,0.237962,0.60355,18340000,353,318,303
chr3,18340000,0.370263,0.60305,18360000,684,655,482
chr3,18360000,0.521606,0.56885,18380000,1295,1272,1575
chr3,18380000,0.184232,0.61275,18400000,211,165,188
chr3,18400000,0.329832,0.611,18420000,1039,1001,1067
chr3,18420000,0.470232,0.59815,18440000,1055,1114,1030
chr3,18440000,0.444022,0.60995,18460000,1054,937,916
chr3,18460000,0.417436,0.6097,18480000,898,795,861
chr3,18480000,0.566387,0.622,18500000,1359,1238,1394
chr3,18500000,0.322183,0.59265,18520000,1262,1128,1519
chr3,18520000,0.377929,0.5779,18540000,451,483,428
chr3,18540000,0.468833,0.5934,18560000,19540,23942,16953
chr3,18560000,0.52177,0.58705,18580000,1894,1976,2052
chr3,18580000,0.619312,0.5905,18600000,1678,1521,1307
chr3,18600000,0.30299,0.6122,18620000,509,536,401
chr3,18620000,0.354402,0.599,18640000,666,572,541
chr3,18640000,0.222709,0.6016,18660000,455,374,361
chr3,18660000,0.192525,0.59825,18680000,299,287,242
chr3,18680000,0.60898,0.5477,18700000,1062,1025,843
chr3,18700000,0.391058,0.5783,18720000,730,620,624
chr3,18720000,0.29439,0.60885,18740000,380,356,355
chr3,18740000,0.305901,0.60605,18760000,520,516,589
chr3,18760000,0.42717,0.5899,18780000,772,739,673
chr3,18780000,0.308469,0.602,18800000,515,460,420
chr3,18800000,0.54715,0.59225,18820000,1199,1102,1007
chr3,18820000,0.386852,0.59895,18840000,793,714,641
chr3,18840000,0.457821,0.58715,18860000,822,875,726
chr3,18860000,0.353831,0.59535,18880000,1048,945,1061
chr3,18880000,0.216482,0.6143,18900000,546,463,764
chr3,18900000,0.417075,0.6047,18920000,937,839,958
chr3,18920000,0.321276,0.5922,18940000,568,527,500
chr3,18940000,0.331997,0.61095,18960000,641,535,630
chr3,18960000,0.312402,0.6019,18980000,498,470,399
chr3,18980000,0.353841,0.6116,19000000,1025,958,1172
chr3,19000000,0.350546,0.6158,19020000,752,625,654
chr3,19020000,0.510286,0.5863,19040000,999,1089,906
chr3,19040000,0.355117,0.6096,19060000,2143,1882,3202
chr3,19060000,0.214559,0.6,19080000,171,169,180
chr3,19080000,0.247067,0.60105,19100000,295,221,321
chr3,19100000,0.227392,0.59375,19120000,357,337,305
chr3,19120000,0.410351,0.58865,19140000,849,733,788
chr3,19140000,0.306258,0.5857,19160000,487,488,414
chr3,19160000,0.471102,0.58615,19180000,793,715,593
chr3,19180000,0.238095,0.61065,19200000,506,474,515
chr3,19200000,0.184548,0.61395,19220000,139,117,129
chr3,19220000,0.282088,0.6134,19240000,523,514,438
chr3,19240000,0.227947,0.5927,19260000,426,382,272
chr3,19260000,0.272808,0.60405,19280000,455,406,361
chr3,19280000,0.174019,0.5847,19300000,371,310,321
chr3,19300000,0.280864,0.59635,19320000,733,665,622
chr3,19320000,0.419785,0.58385,19340000,1004,971,858
chr3,19340000,0.206645,0.61005,19360000,464,443,528
chr3,19360000,0.166581,0.60955,19380000,351,321,417
chr3,19380000,0.324393,0.6116,19400000,582,556,470
chr3,19400000,0.283332,0.60995,19420000,510,472,398
chr3,19420000,0.19741,0.60165,19440000,342,278,343
chr3,19440000,0.31976,0.58775,19460000,504,530,488
chr3,19460000,0.139349,0.60885,19480000,256,183,201
chr3,19480000,0.215968,0.5921,19500000,450,440,356
chr3,19500000,0.288035,0.59775,19520000,494,508,434
chr3,19520000,0.231021,0.5873,19540000,353,307,312
chr3,19540000,0.269713,0.60235,19560000,439,354,353
chr3,19560000,0.442637,0.60025,19580000,943,904,735
chr3,19580000,0.348193,0.5967,19600000,476,430,405
chr3,19600000,0.386705,0.58105,19620000,402,412,348
chr3,19620000,0.487999,0.59465,19640000,888,1017,785
chr3,19640000,0.303774,0.596,19660000,567,577,508
chr3,19660000,0.410018,0.5954,19680000,771,762,686
chr3,19680000,0.377714,0.59995,19700000,773,732,647
chr3,19700000,0.340393,0.5985,19720000,562,533,480
chr3,19720000,0.316547,0.59535,19740000,496,450,384
chr3,19740000,0.288194,0.6084,19760000,275,264,210
chr3,19760000,0.291193,0.60495,19780000,452,456,385
chr3,19780000,0.233201,0.6007,19800000,466,439,360
chr3,19800000,0.537741,0.6136,19820000,1778,1649,1814
chr3,19820000,0.381037,0.59965,19840000,661,660,574
chr3,19840000,0.34912,0.60535,19860000,734,641,628
chr3,19860000,0.346144,0.60125,19880000,632,615,600
chr3,19880000,0.250717,0.6043,19900000,390,330,412
chr3,19900000,0.303135,0.60585,19920000,496,439,565
chr3,19920000,0.217759,0.60545,19940000,444,465,566
chr3,19940000,0.208143,0.59885,19960000,317,324,347
chr3,19960000,0.179166,0.5902,19980000,317,279,306
chr3,19980000,0.28821,0.59135,20000000,433,398,390
chr3,20000000,0.259411,0.607,20020000,496,484,554
chr3,20020000,0.282564,0.6003,20040000,741,733,696
chr3,20040000,0.393458,0.60365,20060000,312,339,304
chr3,20060000,0.164077,0.61755,20080000,375,389,441
chr3,20080000,0.353311,0.60585,20100000,1240,1136,1220
chr3,20100000,0.444436,0.61305,20120000,896,836,827
chr3,20120000,0.237654,0.6138,20140000,686,1180,1030
chr3,20140000,0.2115,0.61395,20160000,852,814,1379
chr3,20160000,0.265872,0.60885,20180000,973,1011,1019
chr3,20180000,0.166752,0.6023,20200000,333,304,406
chr3,20200000,0.226178,0.59285,20220000,491,550,581
chr3,20220000,0.289415,0.60485,20240000,631,589,588
chr3,20240000,0.516967,0.6005,20260000,1222,1112,1183
chr3,20260000,0.557259,0.5807,20280000,1379,1331,1139
chr3,20280000,0.3274,0.61465,20300000,591,513,557
chr3,20300000,0.266425,0.54775,20320000,371,346,327
chr3,20320000,0.382037,0.6025,20340000,735,713,674
chr3,20340000,0.322706,0.603,20360000,628,555,499
chr3,20360000,0.47295,0.61485,20380000,1152,1037,975
chr3,20380000,0.446369,0.60845,20400000,984,917,768
chr3,20400000,0.223879,0.6169,20420000,282,274,234
chr3,20420000,0.438601,0.60575,20440000,907,860,1059
chr3,20440000,0.284097,0.6029,20460000,533,509,405
chr3,20460000,0.27399,0.61385,20480000,655,620,654
chr3,20480000,0.256726,0.6135,20500000,444,426,399
chr3,20500000,0.34735,0.61055,20520000,476,500,496
chr3,20520000,0.762531,0.652,20540000,2729,2363,1935
chr3,20540000,0.974177,0.62395,20560000,3015,2930,2180
chr3,20560000,0.9997,0.6509,20580000,3412,3403,2525
chr3,20580000,0.755205,0.5734,20600000,1768,1713,1580
chr3,20600000,0.361658,0.57685,20620000,632,614,537
chr3,20620000,0.812029,0.5905,20640000,2287,2181,1848
chr3,20640000,0.96613,0.56635,20660000,2215,2169,1777
chr3,20660000,0.971949,0.6006,20680000,2569,2639,1963
chr3,20680000,0.963563,0.58235,20700000,2182,2100,1717
chr3,20700000,0.973475,0.5845,20720000,2503,2559,1863
chr3,20720000,0.642804,0.5938,20740000,1599,1654,1200
chr3,20740000,0.894894,0.5993,20760000,2179,2044,1788
chr3,20760000,0.948408,0.6026,20780000,2498,2621,1982
chr3,20780000,0.866931,0.6288,20800000,2705,2686,1958
chr3,20800000,0.857719,0.6281,20820000,2428,2360,1878
chr3,20820000,0.948043,0.64585,20840000,3109,3056,2350
chr3,20840000,0.958331,0.58465,20860000,2283,2361,1846
chr3,20860000,0.842476,0.5797,20880000,2115,2089,2099
chr3,20880000,0.989005,0.6473,20900000,3590,3647,2608
chr3,20900000,1,0.64125,20920000,3515,3632,2303
chr3,20920000,0.683722,0.5858,20940000,1578,1435,1248
chr3,20940000,0.72824,0.57785,20960000,1629,1622,1286
chr3,20960000,0.941306,0.64365,20980000,3214,3181,2441
chr3,20980000,0.603681,0.6247,21000000,1980,1844,2438
chr3,21000000,0.87879,0.61145,21020000,2447,2432,1997
chr3,21020000,0.969067,0.65645,21040000,3040,2865,2393
chr3,21040000,0.980168,0.616,21060000,2822,2572,2085
chr3,21060000,0.992163,0.6581,21080000,3040,2807,2240
chr3,21080000,0.794513,0.56835,21100000,1957,1803,1479
chr3,21100000,0.961437,0.57075,21120000,2987,3115,2894
chr3,21120000,0.969337,0.59835,21140000,3601,4189,4164
chr3,21140000,0.973697,0.63885,21160000,4273,4267,4647
chr3,21160000,0.984355,0.6467,21180000,3620,3768,2731
chr3,21180000,0.987436,0.65105,21200000,3572,3510,2679
chr3,21200000,0.99845,0.63365,21220000,3407,3561,2303
chr3,21220000,0.966213,0.55755,21240000,2151,2312,1675
chr3,21240000,0.939716,0.6212,21260000,2736,2867,2100
chr3,21260000,0.99445,0.59325,21280000,2709,2813,2005
chr3,21280000,0.972533,0.64445,21300000,2877,2985,2296
chr3,21300000,0.770768,0.65055,21320000,2857,2713,2065
chr3,21320000,0.924713,0.6037,21340000,2716,2611,2021
chr3,21340000,0.807224,0.6196,21360000,2668,2697,2030
chr3,21360000,0.948087,0.66765,21380000,3665,3696,2899
chr3,21380000,0.955445,0.64305,21400000,3321,3304,2591
chr3,21400000,0.961333,0.6023,21420000,2655,2568,2047
chr3,21420000,0.989446,0.6182,21440000,3154,3361,2189
chr3,21440000,0.624975,0.6048,21460000,704,736,551
chr3,21460000,0.604375,0.60365,21480000,678,651,570
chr3,21480000,1,0.58905,21500000,3089,3107,2197
chr3,21500000,0.9877,0.65695,21520000,3410,3397,2609
chr3,21520000,0.950819,0.6792,21540000,3731,3394,2933
chr3,21540000,0.650688,0.6524,21560000,1973,1844,1385
chr3,21560000,0.898874,0.65105,21580000,3049,3154,2109
chr3,21580000,0.972213,0.64815,21600000,3348,3221,2495
chr3,21600000,0.981814,0.6808,21620000,3928,3821,2852
chr3,21620000,0.992665,0.63,21640000,3029,3312,2382
chr3,21640000,0.994633,0.6194,21660000,2812,3058,2053
chr3,21660000,0.998825,0.6556,21680000,3556,3547,2462
chr3,21680000,0.73014,0.6028,21700000,2271,2066,1663
chr3,21700000,0.969751,0.6676,21720000,3349,2983,2243
chr3,21720000,0.255532,0.5873,21740000,459,455,424
chr3,21740000,0.73982,0.62,21760000,2445,2407,2077
chr3,21760000,0.858417,0.58745,21780000,2389,2449,1933
chr3,21780000,0.782148,0.56725,21800000,2477,2657,1977
chr3,21800000,0.994925,0.58215,21820000,2605,2702,2038
chr3,21820000,0.981558,0.6715,21840000,3942,3634,2915
chr3,21840000,0.998,0.64,21860000,3414,3450,2371
chr3,21860000,0.9927,0.62685,21880000,3422,3535,2533
chr3,21880000,0.923823,0.615,21900000,2593,2616,2094
chr3,21900000,0.973943,0.697,21920000,4101,3843,3056
chr3,21920000,0.87102,0.54595,21940000,2002,2072,1486
chr3,21940000,0.979021,0.6606,21960000,3407,3168,2601
chr3,21960000,0.944711,0.6432,21980000,2998,3066,2372
chr3,21980000,0.998248,0.6744,22000000,3889,3757,2862
chr3,22000000,0.920854,0.6176,22020000,2944,2833,2172
chr3,22020000,0.950276,0.59595,22040000,2752,2859,2035
chr3,22040000,0.94945,0.6689,22060000,3565,3531,2747
chr3,22060000,1,0.60645,22080000,3206,3442,2234
chr3,22080000,0.896717,0.69435,22100000,3540,3383,2646
chr3,22100000,0.889174,0.66525,22120000,3276,3126,2450
chr3,22120000,0.907462,0.63125,22140000,2930,2915,2492
chr3,22140000,0.9945,0.5934,22160000,2963,3084,2234
chr3,22160000,0.99278,0.6731,22180000,3753,3725,2671
chr3,22180000,0.929041,0.66055,22200000,3164,3140,2468
chr3,22200000,0.905547,0.7249,22220000,3698,3500,3015
chr3,22220000,0.986215,0.69455,22240000,4255,4076,3037
chr3,22240000,0.97037,0.66835,22260000,3694,3638,2896
chr3,22260000,0.897984,0.65645,22280000,3534,3450,2579
chr3,22280000,0.879345,0.64325,22300000,3145,3017,2482
chr3,22300000,0.975545,0.61865,22320000,3185,3332,2224
chr3,22320000,0.994775,0.66475,22340000,3873,3834,2801
chr3,22340000,0.969826,0.68515,22360000,4095,3858,2987
chr3,22360000,0.952691,0.5982,22380000,2759,2547,2095
chr3,22380000,0.969494,0.6551,22400000,2614,1661,661
chr3,22400000,0.826593,0.6039,22420000,1588,727,28
chr3,22420000,0.998371,0.64025,22440000,2464,1174,9
chr3,22440000,0.981475,0.62245,22460000,2160,1044,8
chr3,22460000,0.996589,0.65325,22480000,2421,1304,23
chr3,22480000,0.960418,0.67325,22500000,2767,1508,398
chr3,22500000,0.919535,0.5567,22520000,1903,1458,752
chr3,22520000,0.899657,0.58335,22540000,1458,688,35
chr3,22540000,0.999975,0.6352,22560000,3131,2688,1077
chr3,22560000,0.992492,0.6635,22580000,2392,1278,6
chr3,22580000,0.879068,0.647,22600000,2178,1096,73
chr3,22600000,0.954818,0.69415,22620000,3301,2721,1862
chr3,22620000,0.901346,0.67725,22640000,1969,1015,208
chr3,22640000,0.349335,0.6586,22660000,356,166,1
chr3,22660000,0.194062,0.6614,22680000,144,64,2
chr3,22680000,0.657777,0.68405,22700000,1214,583,35
chr3,22700000,0.966854,0.66485,22720000,3183,2021,1164
chr3,22720000,0.978556,0.648,22740000,2149,1168,43
chr3,22740000,0.986218,0.6608,22760000,2529,1242,17
chr3,22760000,0.691907,0.61535,22780000,1820,1197,487
chr3,22780000,0.871881,0.63865,22800000,1929,988,6
chr3,22800000,0.991172,0.6336,22820000,2126,1206,8
chr3,22820000,0.99855,0.65165,22840000,2352,1163,6
chr3,22840000,0.936476,0.62625,22860000,1920,1007,65
chr3,22860000,0.925005,0.61775,22880000,1890,963,16
chr3,22880000,0.629077,0.61365,22900000,1325,753,253
chr3,22900000,0.737432,0.6274,22920000,1380,683,20
chr3,22920000,0.827933,0.6312,22940000,1740,922,27
chr3,22940000,0.95805,0.5996,22960000,2681,1933,981
chr3,22960000,0.980948,0.59925,22980000,2230,1231,353
chr3,22980000,0.763579,0.62505,23000000,1147,584,11
chr3,23000000,0.947462,0.66905,23020000,2345,1225,1
chr3,23020000,0.931135,0.6045,23040000,1881,903,15
chr3,23040000,0.969475,0.63135,23060000,2253,1147,61
chr3,23060000,0.904517,0.66665,23080000,2486,1209,34
chr3,23080000,0.714141,0.63825,23100000,1380,752,7
chr3,23100000,0.935783,0.64775,23120000,2282,1188,17
chr3,23120000,0.854572,0.66085,23140000,2119,974,15
chr3,23140000,0.991236,0.65145,23160000,2544,1372,133
chr3,23160000,0.800989,0.62465,23180000,1595,850,98
chr3,23180000,0.870983,0.65245,23200000,2036,999,27
chr3,23200000,0.86376,0.62165,23220000,1900,958,105
chr3,23220000,0.958847,0.6151,23240000,2013,1040,14
chr3,23240000,0.946627,0.5877,23260000,1649,849,22
chr3,23260000,0.99945,0.6791,23280000,2748,1366,26
chr3,23280000,0.980832,0.63965,23300000,2417,1156,33
chr3,23300000,0.970919,0.65245,23320000,2535,1249,6
chr3,23320000,0.95407,0.5756,23340000,1649,867,31
chr3,23340000,0.874301,0.60485,23360000,1829,1009,311
chr3,23360000,0.856154,0.63565,23380000,1512,780,4
chr3,23380000,0.965717,0.6406,23400000,2460,1194,10
chr3,23400000,0.6718,0.7022,23420000,1596,728,3
chr3,23420000,0.96884,0.6685,23440000,2587,1225,37
chr3,23440000,0.899328,0.5684,23460000,1692,849,11
chr3,23460000,0.903013,0.59095,23480000,1730,843,8
chr3,23480000,0.938944,0.605,23500000,2043,1094,8
chr3,23500000,0.99009,0.703,23520000,3013,1428,7
chr3,23520000,0.986418,0.68495,23540000,2784,1430,13
chr3,23540000,0.967669,0.67175,23560000,2550,1140,27
chr3,23560000,0.881127,0.6358,23580000,1961,980,7
chr3,23580000,1,0.6604,23600000,2563,1375,78
chr3,23600000,0.992326,0.65275,23620000,2459,1295,21
chr3,23620000,0.966034,0.66635,23640000,2541,1276,3
chr3,23640000,0.783227,0.67385,23660000,1984,942,4
chr3,23660000,0.985744,0.6559,23680000,2405,1269,14
chr3,23680000,0.879635,0.6497,23700000,1946,1069,2
chr3,23700000,0.519556,0.6371,23720000,1014,484,4
chr3,23720000,0.896012,0.631,23740000,1849,919,49
chr3,23740000,0.879353,0.6819,23760000,2508,1190,18
chr3,23760000,0.565207,0.5985,23780000,948,453,22
chr3,23780000,0.723914,0.66065,23800000,1427,677,15
chr3,23800000,0.701039,0.57595,23820000,1214,591,11
chr3,23820000,0.88592,0.6686,23840000,1906,937,9
chr3,23840000,0.74083,0.65675,23860000,1595,783,21
chr3,23860000,0.819865,0.6294,23880000,1659,834,9
chr3,23880000,0.964454,0.63615,23900000,2162,1149,5
chr3,23900000,0.896718,0.6948,23920000,2372,1164,71
chr3,23920000,0.912802,0.6244,23940000,2116,1281,282
chr3,23940000,0.95095,0.6282,23960000,2197,1061,3
chr3,23960000,1,0.61875,23980000,1557,872,4
chr3,23980000,1,0.60935,24000000,1942,1061,7
chr3,24000000,0.9086,0.64945,24020000,2196,1125,13
chr3,24020000,0.945905,0.6876,24040000,2599,1263,23
chr3,24040000,0.96754,0.5837,24060000,1642,926,111
chr3,24060000,1,0.6467,24080000,2501,1282,38
chr3,24080000,0.950927,0.6332,24100000,2158,1161,48
chr3,24100000,0.992,0.7,24120000,2983,1324,44
chr3,24120000,0.988201,0.62985,24140000,2196,1155,39
chr3,24140000,0.938374,0.63825,24160000,2031,1074,21
chr3,24160000,0.872865,0.6139,24180000,1791,935,88
chr3,24180000,0.880588,0.64095,24200000,2105,1108,173
chr3,24200000,0.916519,0.6663,24220000,2448,1279,155
chr3,24220000,0.976825,0.64225,24240000,2361,1203,7
chr3,24240000,0.9469,0.59005,24260000,1713,859,22
chr3,24260000,0.977049,0.6152,24280000,2220,1158,40
chr3,24280000,0.990588,0.6416,24300000,2260,1178,43
chr3,24300000,0.837874,0.6241,24320000,1805,985,45
chr3,24320000,0.83205,0.68935,24340000,2387,1135,13
chr3,24340000,0.968558,0.63445,24360000,2022,1172,103
chr3,24360000,0.97111,0.63315,24380000,2210,1207,14
chr3,24380000,0.992549,0.59745,24400000,2085,1111,109
chr3,24400000,0.929135,0.6318,24420000,1917,1034,159
chr3,24420000,0.97138,0.65525,24440000,2326,1225,6
chr3,24440000,0.974391,0.6438,24460000,2451,1278,63
chr3,24460000,0.895402,0.6422,24480000,2058,1063,12
chr3,24480000,0.677591,0.67135,24500000,1605,928,232
chr3,24500000,0.8327,0.66895,24520000,1863,943,155
chr3,24520000,0.865642,0.66895,24540000,2289,1309,176
chr3,24540000,0.857324,0.60805,24560000,1654,894,0
chr3,24560000,0.773322,0.634,24580000,1387,739,54
chr3,24580000,0.780307,0.6515,24600000,1557,738,33
chr3,24600000,0.926232,0.6712,24620000,2531,1403,227
chr3,24620000,0.747151,0.64385,24640000,1491,826,174
chr3,24640000,0.974655,0.684,24660000,2527,1224,22
chr3,24660000,0.903094,0.6453,24680000,2107,1153,88
chr3,24680000,0.950841,0.69095,24700000,2620,1305,12
chr3,24700000,0.925992,0.69385,24720000,2328,1183,28
chr3,24720000,0.669158,0.7146,24740000,1419,581,1
chr3,24740000,0.98729,0.64155,24760000,2272,1275,117
chr3,24760000,0.984353,0.6518,24780000,2513,1177,19
chr3,24780000,0.966741,0.56785,24800000,1755,913,23
chr3,24800000,0.875412,0.58865,24820000,1580,776,77
chr3,24820000,0.947497,0.6142,24840000,2059,1123,7
chr3,24840000,0.944292,0.6331,24860000,2104,1138,5
chr3,24860000,0.948995,0.6316,24880000,2283,1078,9
chr3,24880000,0.919953,0.6453,24900000,2198,1167,897
chr3,24900000,0.914402,0.6119,24920000,1839,1001,1051
chr3,24920000,0.983712,0.5645,24940000,1602,927,931
chr3,24940000,0.916683,0.68135,24960000,2626,1223,1381
chr3,24960000,0.847582,0.64325,24980000,1855,924,1092
chr3,24980000,1,0.632,25000000,2217,1236,1097
chr3,25000000,0.975817,0.69085,25020000,2995,1554,1794
chr3,25020000,0.949975,0.65985,25040000,2222,1091,1217
chr3,25040000,0.956432,0.55205,25060000,1557,779,859
chr3,25060000,0.977779,0.64515,25080000,2241,1169,1252
chr3,25080000,0.938604,0.6899,25100000,2640,1254,1544
chr3,25100000,1,0.6256,25120000,1954,1100,1055
chr3,25120000,0.965359,0.66035,25140000,2577,1401,1701
chr3,25140000,0.938113,0.65455,25160000,2204,1251,1237
chr3,25160000,0.915038,0.6442,25180000,2137,1095,1230
chr3,25180000,1,0.6485,25200000,2276,1169,1195
chr3,25200000,0.843591,0.6018,25220000,1210,657,745
chr3,25220000,0.651127,0.6341,25240000,1018,487,519
chr3,25240000,0.579512,0.5607,25260000,991,513,571
chr3,25260000,0.580827,0.6229,25280000,1029,576,567
chr3,25280000,0.869299,0.6246,25300000,1931,1180,1019
chr3,25300000,0.883976,0.6516,25320000,2105,1183,1208
chr3,25320000,0.996662,0.62085,25340000,2666,1661,1650
chr3,25340000,0.911444,0.58205,25360000,1572,770,968
chr3,25360000,0.927549,0.63625,25380000,2142,995,1226
chr3,25380000,0.813316,0.5967,25400000,1372,689,906
chr3,25400000,0.856051,0.60095,25420000,1560,795,840
chr3,25420000,0.864747,0.59995,25440000,1606,775,1009
chr3,25440000,0.980776,0.62065,25460000,1969,1041,971
chr3,25460000,0.531934,0.5389,25480000,772,502,445
chr3,25480000,0.99195,0.5702,25500000,2146,1132,1253
chr3,25500000,0.669189,0.57595,25520000,1032,592,648
chr3,25520000,0.990921,0.65585,25540000,2470,1297,1381
chr3,25540000,0.998292,0.63555,25560000,2328,1258,1269
chr3,25560000,0.9966,0.68235,25580000,2755,1352,1440
chr3,25580000,0.780534,0.66565,25600000,1488,718,897
chr3,25600000,0.633727,0.65155,25620000,699,426,402
chr3,25620000,1,0.6186,25640000,2046,1125,1132
chr3,25640000,0.995835,0.64875,25660000,2472,1262,1307
chr3,25660000,0.991403,0.66645,25680000,2671,1484,1507
chr3,25680000,0.986517,0.66495,25700000,2583,1251,1527
chr3,25700000,0.995867,0.6541,25720000,2229,1152,1295
chr3,25720000,0.827672,0.6391,25740000,1938,923,1210
chr3,25740000,0.953597,0.65705,25760000,2480,1200,1476
chr3,25760000,0.907573,0.6657,25780000,2324,1143,1384
chr3,25780000,0.986225,0.6625,25800000,2290,1189,1273
chr3,25800000,0.796919,0.67515,25820000,1799,932,1130
chr3,25820000,0.974443,0.64455,25840000,2324,1224,1227
chr3,25840000,0.949135,0.63395,25860000,2298,1219,1310
chr3,25860000,0.933127,0.6362,25880000,1973,1066,1078
chr3,25880000,0.894457,0.6832,25900000,2149,1039,1235
chr3,25900000,0.847811,0.68095,25920000,1958,972,1139
chr3,25920000,0.692331,0.59075,25940000,1376,638,807
chr3,25940000,0.957511,0.6882,25960000,2587,1321,1411
chr3,25960000,0.955012,0.65065,25980000,2618,1453,1695
chr3,25980000,0.991067,0.60895,26000000,2884,2377,2602
chr3,26000000,0.564943,0.63365,26020000,429,233,297
chr3,26020000,0.353292,0.528,26040000,353,166,212
chr3,26040000,0.87475,0.6221,26060000,1242,730,746
chr3,26060000,0.981374,0.66835,26080000,2254,1178,1383
chr3,26080000,0.969833,0.6745,26100000,2589,1213,1367
chr3,26100000,0.968653,0.6447,26120000,2183,1171,1252
chr3,26120000,0.98115,0.6209,26140000,1661,1023,889
chr3,26140000,0.814778,0.6784,26160000,2325,1249,1316
chr3,26160000,0.903699,0.66155,26180000,2100,1084,1174
chr3,26180000,0.810177,0.64635,26200000,1805,908,976
chr3,26200000,0.85293,0.6036,26220000,1517,752,840
chr3,26220000,0.97635,0.6411,26240000,2219,1275,1367
chr3,26240000,0.912573,0.6201,26260000,1592,773,949
chr3,26260000,0.186076,0.56615,26280000,99,106,197
chr3,26280000,0.0732752,0.5622,26300000,60,69,129
chr3,26300000,0.0592264,0.5601,26320000,2,1,5
chr3,26320000,0.0583722,0.5465,26340000,79,93,156
chr3,26340000,0.141903,0.5471,26360000,247,341,476
chr3,26360000,0.227934,0.5479,26380000,1202,1409,2045
chr3,26380000,0.169723,0.54965,26400000,223,299,430
chr3,26400000,0.0426867,0.49595,26420000,53,61,80
chr3,26420000,0.0926693,0.5569,26440000,114,169,224
chr3,26440000,0.0812899,0.54125,26460000,173,194,312
chr3,26460000,0.0623836,0.549,26480000,99,122,196
chr3,26480000,0.0669417,0.54675,26500000,80,127,185
chr3,26500000,0.048539,0.5048,26520000,64,76,124
chr3,26520000,0.0750852,0.536,26540000,105,123,159
chr3,26540000,0.0764065,0.5542,26560000,113,152,240
chr3,26560000,0.0448423,0.52905,26580000,60,83,130
chr3,26580000,0.0376809,0.5167,26600000,16,17,29
chr3,26600000,0.0240277,0.4956,26620000,1,0,8
chr3,26620000,0.0452014,0.55015,26640000,2,1,1
chr3,26640000,0.0304488,0.49865,26660000,1,2,3
chr3,26660000,0.0505415,0.55585,26680000,1,1,4
chr3,26680000,0.0507098,0.5399,26700000,1,3,5
chr3,26700000,0.0386655,0.5495,26720000,1,1,1
chr3,26720000,0.0231328,0.5213,26740000,5,2,11
chr3,26740000,0.0293138,0.50415,26760000,3,5,5
chr3,26760000,0.0358417,0.52045,26780000,1,2,1
chr3,26780000,0.0409862,0.532,26800000,1,8,6
chr3,26800000,0.0415689,0.5228,26820000,1,2,1
chr3,26820000,0.0509501,0.55795,26840000,3,1,4
chr3,26840000,0.0378514,0.52915,26860000,1,1,2
chr3,26860000,0.0405997,0.5301,26880000,11,18,23
chr3,26880000,0.0928511,0.5592,26900000,54,72,119
chr3,26900000,0.053133,0.51845,26920000,36,47,71
chr3,26920000,0.0652207,0.56845,26940000,70,80,117
chr3,26940000,0.0443069,0.5167,26960000,91,86,137
chr3,26960000,0.0463699,0.49825,26980000,75,76,138
chr3,26980000,0.156365,0.59815,27000000,293,367,552
chr3,27000000,0.082955,0.5195,27020000,153,176,254
chr3,27020000,0.0541407,0.53215,27040000,64,119,116
chr3,27040000,0.0585703,0.49795,27060000,98,102,179
chr3,27060000,0.0959935,0.5174,27080000,189,191,322
chr3,27080000,0.074512,0.5364,27100000,119,139,194
chr3,27100000,0.125598,0.5461,27120000,241,316,530
chr3,27120000,0.0821021,0.53545,27140000,69,81,118
chr3,27140000,0.0326264,0.49445,27160000,42,46,43
chr3,27160000,0.103297,0.51515,27180000,154,167,268
chr3,27180000,0.173201,0.56,27200000,423,475,755
chr3,27200000,0.0684302,0.53365,27220000,50,64,112
chr3,27220000,0.0246341,0.49185,27240000,2,1,0
chr3,27240000,0.324313,0.4994,27260000,123,145,184
chr3,27260000,0.937249,0.60765,27280000,1067,1001,1216
chr3,27280000,0.705883,0.5446,27300000,553,530,758
chr3,27300000,0.426418,0.55785,27320000,217,180,273
chr3,27320000,0.378353,0.59835,27340000,244,211,355
chr3,27340000,0.512078,0.55885,27360000,357,310,407
chr3,27360000,0.972221,0.6036,27380000,801,901,957
chr3,27380000,0.992387,0.6192,27400000,971,1038,1126
chr3,27400000,0.972893,0.62265,27420000,955,939,1060
chr3,27420000,0.899584,0.6179,27440000,971,963,990
chr3,27440000,0.870548,0.62325,27460000,954,922,963
chr3,27460000,0.732415,0.62995,27480000,790,706,834
chr3,27480000,0.996458,0.5816,27500000,848,887,945
chr3,27500000,0.824043,0.52195,27520000,689,634,815
chr3,27520000,0.991695,0.62645,27540000,1125,1018,1293
chr3,27540000,0.913362,0.6462,27560000,928,954,1058
chr3,27560000,0.967029,0.6303,27580000,1014,1012,1071
chr3,27580000,0.95785,0.6166,27600000,933,1008,973
chr3,27600000,1,0.6363,27620000,1104,1124,1105
chr3,27620000,0.933812,0.65985,27640000,1089,1064,1255
chr3,27640000,0.997433,0.64455,27660000,1160,1227,1362
chr3,27660000,0.995684,0.6249,27680000,1058,1129,1039
chr3,27680000,0.997158,0.64005,27700000,1529,1549,1520
chr3,27700000,0.848121,0.61745,27720000,846,890,894
chr3,27720000,0.705271,0.6279,27740000,769,704,872
chr3,27740000,0.438788,0.61195,27760000,220,176,316
chr3,27760000,0.35576,0.64455,27780000,86,90,127
chr3,27780000,0.345644,0.64715,27800000,87,79,121
chr3,27800000,0.404839,0.62875,27820000,106,91,160
chr3,27820000,0.497252,0.6138,27840000,222,206,308
chr3,27840000,0.495085,0.6154,27860000,142,111,177
chr3,27860000,0.918975,0.64295,27880000,942,855,962
chr3,27880000,0.956049,0.6388,27900000,1000,997,1087
chr3,27900000,0.998241,0.638,27920000,1117,1226,1136
chr3,27920000,0.995313,0.65725,27940000,1188,1172,1239
chr3,27940000,0.997658,0.5835,27960000,980,988,1047
chr3,27960000,0.792333,0.63495,27980000,821,758,944
chr3,27980000,0.954329,0.68675,28000000,1287,1138,1304
chr3,28000000,0.994797,0.6313,28020000,1105,1069,1168
chr3,28020000,0.950895,0.6318,28040000,1005,1000,1232
chr3,28040000,0.974777,0.63815,28060000,1013,1071,1069
chr3,28060000,0.964316,0.6644,28080000,1111,1106,1244
chr3,28080000,1,0.6297,28100000,1028,1074,954
chr3,28100000,0.993839,0.6518,28120000,1128,1085,1263
chr3,28120000,0.922625,0.66795,28140000,1104,1107,1281
chr3,28140000,0.899282,0.6582,28160000,1087,986,1191
chr3,28160000,0.968702,0.65085,28180000,1163,1091,1311
chr3,28180000,0.913044,0.65445,28200000,1132,1067,1315
chr3,28200000,0.936225,0.6581,28220000,1166,1182,1220
chr3,28220000,0.9553,0.61855,28240000,972,997,950
chr3,28240000,0.990314,0.6501,28260000,1134,1185,1258
chr3,28260000,0.923247,0.65735,28280000,1094,1164,1254
chr3,28280000,0.851741,0.6127,28300000,900,928,931
chr3,28300000,0.982795,0.65975,28320000,1295,1290,1425
chr3,28320000,0.94652,0.6526,28340000,1053,1030,1259
chr3,28340000,0.968881,0.6711,28360000,1217,1257,1343
chr3,28360000,0.834137,0.60075,28380000,737,751,955
chr3,28380000,0.852758,0.6431,28400000,1073,1119,1195
chr3,28400000,0.325137,0.53695,28420000,193,206,280
chr3,28420000,0.793219,0.6275,28440000,1075,1040,1179
chr3,28440000,0.9954,0.69345,28460000,1402,1319,1509
chr3,28460000,0.99995,0.63775,28480000,1013,1041,1013
chr3,28480000,1,0.64225,28500000,763,794,842
chr3,28500000,0.932253,0.66305,28520000,2396,2817,3012
chr3,28520000,0.982706,0.55795,28540000,15,634,823
chr3,28540000,0.997983,0.6541,28560000,138,1203,1224
chr3,28560000,0.983521,0.64455,28580000,26,1106,1076
chr3,28580000,0.999125,0.64465,28600000,17,1141,1239
chr3,28600000,0.532793,0.62535,28620000,5,668,816
chr3,28620000,0.977621,0.6598,28640000,112,1272,1370
chr3,28640000,0.642817,0.6145,28660000,43,451,595
chr3,28660000,0.844995,0.67725,28680000,16,907,1061
chr3,28680000,0.854151,0.70295,28700000,27,1031,1273
chr3,28700000,0.656669,0.602,28720000,6,301,435
chr3,28720000,0.585656,0.67735,28740000,6,324,485
chr3,28740000,0.613703,0.5889,28760000,29,257,369
chr3,28760000,0.813721,0.674,28780000,6,907,1050
chr3,28780000,0.942262,0.68545,28800000,2242,2930,3698
chr3,28800000,0.84235,0.5807,28820000,11,678,783
chr3,28820000,0.849168,0.6066,28840000,39,684,832
chr3,28840000,0.823731,0.6437,28860000,77,873,1034
chr3,28860000,0.987418,0.5721,28880000,16,977,1068
chr3,28880000,0.994479,0.63045,28900000,7,1077,1142
chr3,28900000,0.92445,0.6394,28920000,4,1036,1089
chr3,28920000,0.880579,0.6961,28940000,11,1177,1350
chr3,28940000,0.962977,0.6989,28960000,240,1484,1753
chr3,28960000,0.9989,0.68265,28980000,5,1305,1430
chr3,28980000,0.980654,0.66065,29000000,513,1610,1667
chr3,29000000,0.98375,0.62565,29020000,257,1369,1135
chr3,29020000,0.9956,0.6592,29040000,2388,3525,1368
chr3,29040000,0.973042,0.66035,29060000,2356,3479,1211
chr3,29060000,0.925691,0.6399,29080000,2170,3075,1199
chr3,29080000,0.788862,0.6195,29100000,1454,2361,821
chr3,29100000,0.999525,0.65005,29120000,2350,3623,1209
chr3,29120000,0.879363,0.6538,29140000,1976,2910,1095
chr3,29140000,0.709538,0.6264,29160000,1307,1781,724
chr3,29160000,0.940823,0.61085,29180000,1870,2847,1053
chr3,29180000,0.874735,0.63945,29200000,1907,2763,1160
chr3,29200000,0.971179,0.64215,29220000,2209,3302,1242
chr3,29220000,0.965027,0.7011,29240000,2846,3869,1621
chr3,29240000,0.91959,0.6654,29260000,3430,4310,3524
chr3,29260000,0.907344,0.67335,29280000,2691,3304,2401
chr3,29280000,0.888158,0.6734,29300000,1970,2808,1057
chr3,29300000,0.914317,0.6549,29320000,2291,3207,1323
chr3,29320000,0.836971,0.5712,29340000,1414,2005,819
chr3,29340000,0.995591,0.6932,29360000,2876,3991,1543
chr3,29360000,0.830731,0.6764,29380000,2285,3108,1242
chr3,29380000,0.984698,0.6378,29400000,2157,3408,1147
chr3,29400000,0.96081,0.62725,29420000,2061,3069,1097
chr3,29420000,0.557338,0.5638,29440000,1358,1852,1569
chr3,29440000,0.842524,0.56795,29460000,1154,1694,722
chr3,29460000,0.981662,0.6445,29480000,2187,3247,1211
chr3,29480000,0.9741,0.647,29500000,2169,2814,1161
chr3,29500000,1,0.64075,29520000,2386,2184,1358
chr3,29520000,0.921743,0.6502,29540000,2177,1127,1174
chr3,29540000,0.845893,0.55155,29560000,1286,682,751
chr3,29560000,0.907417,0.65815,29580000,2184,1025,1203
chr3,29580000,0.913465,0.6557,29600000,2262,1097,1327
chr3,29600000,0.903855,0.65755,29620000,2113,1016,1174
chr3,29620000,0.648825,0.6871,29640000,1580,790,924
chr3,29640000,0.494239,0.65,29660000,950,478,527
chr3,29660000,0.93125,0.631,29680000,1925,1007,1073
chr3,29680000,0.982801,0.63785,29700000,2375,1224,1326
chr3,29700000,0.888162,0.661,29720000,2027,1032,1217
chr3,29720000,0.993499,0.66925,29740000,2687,1393,1488
chr3,29740000,0.999708,0.6566,29760000,2659,1412,1579
chr3,29760000,0.951842,0.5915,29780000,1662,897,840
chr3,29780000,0.960883,0.6598,29800000,2331,1102,1243
chr3,29800000,0.970532,0.6712,29820000,2318,1125,1338
chr3,29820000,0.688172,0.58855,29840000,1650,916,888
chr3,29840000,0.0611924,0.49495,29860000,33,49,47
chr3,29860000,0.111921,0.53595,29880000,70,56,71
chr3,29880000,0.0522456,0.49875,29900000,78,85,88
chr3,29900000,0.0577314,0.54695,29920000,30,30,29
chr3,29920000,0.0298758,0.49685,29940000,7,8,5
chr3,29940000,0.0539664,0.534,29960000,35,34,46
chr3,29960000,0.0328449,0.51615,29980000,15,14,16
chr3,29980000,0.182529,0.4948,30000000,26,30,30
chr3,30000000,0.0421046,0.4969,30020000,46,40,62
chr3,30020000,0.0242875,0.499,30040000,6,9,8
chr3,30040000,0.0603955,0.49465,30060000,1643,1691,1770
chr3,30060000,0.0176939,0.4947,30080000,4,1,1
chr3,30080000,0.0478566,0.51645,30100000,37,29,29
chr3,30100000,0.0602101,0.53865,30120000,24,27,43
chr3,30120000,0.0451077,0.49245,30140000,22,27,34
chr3,30140000,0.0145305,0.4951,30160000,3,2,7
chr3,30160000,0.0181145,0.4946,30180000,13,13,16
chr3,30180000,0.0288003,0.51615,30200000,10,6,13
chr3,30200000,0.0132119,0.4949,30220000,1,1,1
chr3,30220000,0.02186,0.49555,30240000,11,16,19
chr3,30240000,0.0133397,0.49685,30260000,1,0,1
chr3,30260000,0.026732,0.49775,30280000,23,23,21
chr3,30280000,0.0138812,0.4981,30300000,4,7,11
chr3,30300000,0.0212937,0.4922,30320000,2,3,6
chr3,30320000,0.0358104,0.5237,30340000,22,11,15
chr3,30340000,0.147796,0.51815,30360000,189,196,297
chr3,30360000,0.0414477,0.4955,30380000,35,34,36
chr3,30380000,0.0612793,0.53645,30400000,56,28,68
chr3,30400000,0.0155187,0.4948,30420000,9,4,9
chr3,30420000,0.0369088,0.51515,30440000,23,21,36
chr3,30440000,0.0389329,0.4959,30460000,26,18,25
chr3,30460000,0.0579843,0.53525,30480000,47,35,63
chr3,30480000,0.0154004,0.4925,30500000,8,8,4
chr3,30500000,0.0372187,0.5252,30520000,18,9,14
chr3,30520000,0.0519514,0.5198,30540000,665,814,543
chr3,30540000,0.0529292,0.52895,30560000,21,9,21
chr3,30560000,0.0668164,0.5372,30580000,28,27,42
chr3,30580000,0.0430778,0.49145,30600000,8,15,11
chr3,30600000,0.0591719,0.5348,30620000,22,24,31
chr3,30620000,0.0317792,0.53215,30640000,6,7,11
chr3,30640000,0.0180944,0.4965,30660000,1,1,2
chr3,30660000,0.0447972,0.52555,30680000,18,19,19
chr3,30680000,0.0311329,0.49015,30700000,23,30,35
chr3,30700000,0.0237266,0.4924,30720000,15,22,15
chr3,30720000,0.0306602,0.4913,30740000,25,22,27
chr3,30740000,0.0317425,0.49465,30760000,3,5,4
chr3,30760000,0.0324526,0.5071,30780000,0,1,0
chr3,30780000,0.0212377,0.49725,30800000,0,1,0
chr3,30800000,0.148457,0.55585,30820000,61,58,83
chr3,30820000,0.0184997,0.5326,30840000,3,2,5
chr4,0,0.363966,0.54515,20000,199,129,193
chr4,20000,0.364201,0.5458,40000,341,225,267
chr4,40000,0.846279,0.5368,60000,1968,1231,1501
chr4,60000,0.417949,0.5727,80000,852,572,685
chr4,80000,0.783256,0.571,100000,1880,1244,1528
chr4,100000,0.970446,0.5996,120000,2526,1792,1872
chr4,120000,0.834947,0.6062,140000,2058,1505,1564
chr4,140000,0.538506,0.62485,160000,751,468,638
chr4,160000,0.642252,0.6802,180000,2826,1671,1957
chr4,180000,0.997625,0.63685,200000,3577,2432,2569
chr4,200000,0.980427,0.61865,220000,3005,2159,2138
chr4,220000,0.863206,0.60025,240000,2527,1866,1874
chr4,240000,0.916169,0.614,260000,2566,1827,1924
chr4,260000,1,0.6078,280000,3004,2271,2042
chr4,280000,1,0.62625,300000,3246,2366,2303
chr4,300000,0.988633,0.62705,320000,3042,2132,2133
chr4,320000,0.691293,0.6111,340000,1400,1196,1225
chr4,340000,0.990934,0.6315,360000,3086,2256,2277
chr4,360000,0.933824,0.663,380000,3194,2125,2375
chr4,380000,0.983531,0.64235,400000,3267,2237,2438
chr4,400000,0.780524,0.62375,420000,2433,1598,2103
chr4,420000,0.761712,0.63855,440000,2297,1553,1715
chr4,440000,0.978933,0.6622,460000,3734,2536,2568
chr4,460000,0.997825,0.64675,480000,3370,2393,2567
chr4,480000,0.960678,0.66545,500000,3455,2363,2659
chr4,500000,0.600851,0.60995,520000,1609,1116,1148
chr4,520000,0.935605,0.68645,540000,3729,2454,2932
chr4,540000,0.995053,0.6413,560000,3317,2367,2273
chr4,560000,0.874217,0.615,580000,2309,1896,1816
chr4,580000,0.450922,0.6145,600000,849,597,767
chr4,600000,0.499699,0.6025,620000,804,529,721
chr4,620000,0.528162,0.6206,640000,1298,813,1003
chr4,640000,0.850926,0.6439,660000,3236,2629,2559
chr4,660000,0.966456,0.6423,680000,3628,2379,2623
chr4,680000,0.786949,0.62905,700000,2569,1795,2050
chr4,700000,0.971996,0.65,720000,3340,2444,2505
chr4,720000,0.90308,0.63205,740000,3163,2129,2218
chr4,740000,0.936868,0.61325,760000,2670,1995,1970
chr4,760000,0.876397,0.64805,780000,2860,2047,2176
chr4,780000,0.98935,0.60965,800000,3138,2224,2300
chr4,800000,0.942016,0.67425,820000,3710,2482,2713
chr4,820000,0.857044,0.60605,840000,2667,1821,1804
chr4,840000,0.947547,0.66015,860000,3855,2459,2648
chr4,860000,0.978975,0.6579,880000,4076,2527,3028
chr4,880000,0.809072,0.62405,900000,2999,1874,2193
chr4,900000,0.816272,0.6729,920000,3425,2154,2610
chr4,920000,0.655865,0.60785,940000,2069,1372,1459
chr4,940000,0.278013,0.48665,960000,259,164,203
chr4,960000,0.860988,0.64565,980000,3514,2307,2494
chr4,980000,0.883321,0.6679,1000000,3257,2095,2312
chr4,1000000,0.997517,0.64745,1020000,3494,2512,2424
chr4,1020000,0.90005,0.6414,1040000,3025,1984,2273
chr4,1040000,0.99515,0.6641,1060000,3785,2528,2670
chr4,1060000,0.970942,0.66095,1080000,3675,2382,2723
chr4,1080000,0.870583,0.60725,1100000,2543,1646,1918
chr4,1100000,0.944876,0.6724,1120000,3864,2545,2858
chr4,1120000,0.945031,0.6111,1140000,3063,1974,2406
chr4,1140000,0.930228,0.6251,1160000,3003,2030,2146
chr4,1160000,0.776537,0.6529,1180000,2534,1759,1851
chr4,1180000,0.836769,0.6596,1200000,2998,1930,2328
chr4,1200000,0.968478,0.6714,1220000,3766,2536,2771
chr4,1220000,0.960517,0.6276,1240000,3856,3235,3095
chr4,1240000,0.889175,0.65095,1260000,3367,2142,2507
chr4,1260000,1,0.6425,1280000,3371,2382,2317
chr4,1280000,0.947375,0.6756,1300000,3533,2454,2650
chr4,1300000,0.99995,0.66955,1320000,4029,2758,2862
chr4,1320000,0.981925,0.61725,1340000,3421,2555,2762
chr4,1340000,0.716386,0.6602,1360000,2469,1585,1782
chr4,1360000,0.399601,0.5861,1380000,883,519,758
chr4,1380000,0.815018,0.61405,1400000,2491,1649,1988
chr4,1400000,0.906223,0.62175,1420000,2782,1986,2007
chr4,1420000,0.699138,0.6451,1440000,1846,1288,1508
chr4,1440000,0.889418,0.61165,1460000,2410,1752,1755
chr4,1460000,0.897679,0.63695,1480000,2928,1943,2229
chr4,1480000,0.593033,0.5907,1500000,1821,1280,1350
chr4,1500000,0.754742,0.5969,1520000,2135,1483,1602
chr4,1520000,0.693008,0.62785,1540000,2049,1370,1475
chr4,1540000,0.548218,0.5741,1560000,1369,848,1012
chr4,1560000,0.342617,0.5486,1580000,665,430,559
chr4,1580000,0.878543,0.6566,1600000,3056,1913,2199
chr4,1600000,0.627604,0.6018,1620000,1877,1144,1485
chr4,1620000,0.954209,0.68515,1640000,4025,2553,2860
chr4,1640000,1,0.6705,1660000,4160,2842,2949
chr4,1660000,0.949979,0.692,1680000,3966,2665,3002
chr4,1680000,0.830683,0.6278,1700000,2598,1805,2043
chr4,1700000,0.978521,0.6891,1720000,4179,2689,2990
chr4,1720000,0.957673,0.63715,1740000,3905,3120,3459
chr4,1740000,0.906907,0.6503,1760000,3106,2062,2191
chr4,1760000,0.933088,0.68475,1780000,3452,2174,2659
chr4,1780000,0.968021,0.70515,1800000,4178,2789,2897
chr4,1800000,0.996531,0.6563,1820000,3837,2683,2823
chr4,1820000,0.96976,0.6696,1840000,3918,2531,2911
chr4,1840000,0.998133,0.64505,1860000,3243,2411,2567
chr4,1860000,0.974207,0.5849,1880000,2663,1926,2145
chr4,1880000,0.988518,0.65115,1900000,3978,3165,3217
chr4,1900000,0.631321,0.55425,1920000,2003,1350,1479
chr4,1920000,0.996,0.67955,1940000,4127,2719,2964
chr4,1940000,1,0.6312,1960000,3514,2589,2495
chr4,1960000,0.941467,0.6044,1980000,2846,1929,2213
chr4,1980000,0.670503,0.55935,2000000,1908,1341,1689
chr4,2000000,0.877487,0.66885,2020000,3359,2372,2818
chr4,2020000,0.905908,0.661,2040000,3390,2370,2509
chr4,2040000,0.739503,0.6416,2060000,2604,1762,1868
chr4,2060000,0.684454,0.62525,2080000,2605,1844,2415
chr4,2080000,0.600259,0.62375,2100000,1942,1298,1457
chr4,2100000,0.76821,0.6283,2120000,2431,1721,1898
chr4,2120000,0.953325,0.61715,2140000,2971,2092,2180
chr4,2140000,0.957947,0.6936,2160000,4153,2629,3133
chr4,2160000,0.989183,0.6735,2180000,4049,2629,2883
chr4,2180000,0.913351,0.684,2200000,3815,2431,2869
chr4,2200000,0.805338,0.59885,2220000,2785,1810,1917
chr4,2220000,0.907151,0.6178,2240000,3113,2109,2263
chr4,2240000,0.97955,0.6476,2260000,3605,2459,2685
chr4,2260000,0.489242,0.633,2280000,1551,1117,1171
chr4,2280000,0.77477,0.6891,2300000,3674,2840,3239
chr4,2300000,0.946558,0.63785,2320000,3267,2194,2224
chr4,2320000,0.633666,0.65435,2340000,2473,1629,1790
chr4,2340000,0.405785,0.61705,2360000,1057,669,776
chr4,2360000,0.849009,0.6514,2380000,3163,2059,2274
chr4,2380000,0.725806,0.63645,2400000,2363,1684,1860
chr4,2400000,0.941654,0.66755,2420000,3430,2262,2544
chr4,2420000,0.983229,0.63915,2440000,3553,2381,2667
chr4,2440000,0.994975,0.67075,2460000,4213,2772,2986
chr4,2460000,0.98145,0.63105,2480000,2991,2150,2108
chr4,2480000,0.995129,0.6792,2500000,4146,2749,2907
chr4,2500000,0.643355,0.5431,2520000,1647,1220,1177
chr4,2520000,0.537013,0.6448,2540000,1540,1015,1165
chr4,2540000,0.891973,0.66425,2560000,3571,2366,2712
chr4,2560000,0.989504,0.69525,2580000,4344,2800,3064
chr4,2580000,0.988643,0.6522,2600000,3757,2461,2678
chr4,2600000,0.864365,0.6619,2620000,2954,2029,2152
chr4,2620000,0.743756,0.58485,2640000,2153,1309,1677
chr4,2640000,0.964525,0.67745,2660000,3765,2634,2888
chr4,2660000,1,0.65185,2680000,3732,2624,2701
chr4,2680000,0.948897,0.6617,2700000,3525,2324,2490
chr4,2700000,0.981764,0.66275,2720000,3790,2589,2635
chr4,2720000,0.9721,0.68945,2740000,4020,2605,3064
chr4,2740000,0.884145,0.6755,2760000,3764,2426,2565
chr4,2760000,0.945373,0.6679,2780000,3808,2367,2752
chr4,2780000,0.897332,0.6558,2800000,3320,2245,2503
chr4,2800000,0.970174,0.64445,2820000,3539,2445,2573
chr4,2820000,0.98845,0.6477,2840000,3530,2429,2404
chr4,2840000,0.8141,0.6578,2860000,2640,1726,1978
chr4,2860000,0.837661,0.66645,2880000,2629,1725,1977
chr4,2880000,0.960837,0.66425,2900000,3662,2416,2539
chr4,2900000,0.99367,0.63845,2920000,3247,2224,2380
chr4,2920000,0.925612,0.691,2940000,4063,2427,2893
chr4,2940000,0.912908,0.65635,2960000,3059,2171,2379
chr4,2960000,0.96602,0.65065,2980000,2850,1962,2136
chr4,2980000,0.995042,0.66725,3000000,3049,2026,2307
chr4,3000000,0.634998,0.56395,3020000,1480,1080,1166
chr4,3020000,0.946612,0.61615,3040000,2328,1563,1666
chr4,3040000,0.950706,0.63485,3060000,2987,2321,2575
chr4,3060000,0.961026,0.60295,3080000,2734,1892,2059
chr4,3080000,0.93177,0.64885,3100000,3197,2149,2334
chr4,3100000,0.972783,0.6529,3120000,3591,2485,2465
chr4,3120000,0.551626,0.57745,3140000,1321,843,1029
chr4,3140000,0.990894,0.68515,3160000,3678,2076,2979
chr4,3160000,0.972408,0.68275,3180000,4037,2813,3150
chr4,3180000,0.682484,0.6344,3200000,2086,1457,1570
chr4,3200000,0.848653,0.649,3220000,3194,2054,2561
chr4,3220000,0.966967,0.6349,3240000,3351,2344,2486
chr4,3240000,0.997941,0.63935,3260000,2540,1829,1976
chr4,3260000,0.978,0.6481,3280000,3297,2311,2451
chr4,3280000,0.960664,0.664,3300000,3590,2342,2716
chr4,3300000,0.941696,0.64885,3320000,3647,2472,2791
chr4,3320000,0.959336,0.62735,3340000,3044,2110,2202
chr4,3340000,0.998867,0.66005,3360000,3758,2522,2739
chr4,3360000,0.975326,0.6368,3380000,3280,2366,2263
chr4,3380000,0.612751,0.5498,3400000,1191,829,987
chr4,3400000,0.962684,0.555,3420000,2275,1404,1805
chr4,3420000,0.969042,0.5528,3440000,2343,1529,1770
chr4,3440000,0.872316,0.63685,3460000,3141,2116,2347
chr4,3460000,1,0.6196,3480000,3077,2315,2240
chr4,3480000,0.921568,0.64735,3500000,3734,3659,3646
chr4,3500000,0.984696,0.66215,3520000,3675,2537,2629
chr4,3520000,1,0.62635,3540000,3209,2261,2295
chr4,3540000,0.810247,0.62905,3560000,2459,1613,1862
chr4,3560000,0.933246,0.55555,3580000,2169,1620,1718
chr4,3580000,0.970138,0.64835,3600000,3821,2430,2779
chr4,3600000,0.970086,0.6136,3620000,2994,2143,2158
chr4,3620000,0.906165,0.6373,3640000,3095,2090,2218
chr4,3640000,0.807385,0.66475,3660000,2770,1746,2064
chr4,3660000,0.970559,0.66605,3680000,3893,2500,2915
chr4,3680000,0.888529,0.6656,3700000,3061,2013,2325
chr4,3700000,0.95226,0.65885,3720000,3737,2989,2792
chr4,3720000,0.943545,0.6678,3740000,3474,2380,2647
chr4,3740000,1,0.64435,3760000,3502,2504,2457
chr4,3760000,0.925337,0.67255,3780000,3447,2373,2444
chr4,3780000,0.754407,0.6539,3800000,2137,1464,1722
chr4,3800000,0.953301,0.6536,3820000,3171,2120,2378
chr4,3820000,0.997232,0.59665,3840000,2683,1907,1959
chr4,3840000,0.981716,0.6486,3860000,4023,2714,3037
chr4,3860000,0.972329,0.64655,3880000,3357,2439,2421
chr4,3880000,0.972267,0.6495,3900000,3439,2574,2513
chr4,3900000,0.748781,0.604,3920000,2210,1612,1565
chr4,3920000,0.875154,0.6033,3940000,2577,1843,1908
chr4,3940000,0.875275,0.62435,3960000,2450,1858,2034
chr4,3960000,0.964117,0.66095,3980000,3793,2682,2867
chr4,3980000,0.995867,0.64705,4000000,3481,2550,2448
chr4,4000000,0.700959,0.6514,4020000,2202,1565,1790
chr4,4020000,0.81874,0.58955,4040000,1884,1323,1434
chr4,4040000,0.589807,0.59945,4060000,1563,1070,1163
chr4,4060000,0.833867,0.65675,4080000,3230,2247,2321
chr4,4080000,0.891029,0.65865,4100000,3218,2080,2444
chr4,4100000,0.835895,0.6176,4120000,2787,1879,2080
chr4,4120000,0.828983,0.6474,4140000,3306,2066,2383
chr4,4140000,0.971982,0.6268,4160000,3247,2182,2339
chr4,4160000,0.7766,0.67865,4180000,2360,1584,1766
chr4,4180000,0.926799,0.6502,4200000,3422,2245,2438
chr4,4200000,0.931264,0.67535,4220000,3713,2408,2599
chr4,4220000,0.991632,0.67885,4240000,4247,2823,3037
chr4,4240000,0.987488,0.6647,4260000,3762,2490,2567
chr4,4260000,0.937382,0.6952,4280000,4064,2615,2834
chr4,4280000,0.9932,0.6644,4300000,4392,3433,3048
chr4,4300000,0.969384,0.6225,4320000,3214,2239,2237
chr4,4320000,0.949593,0.63615,4340000,3310,2311,2451
chr4,4340000,0.942509,0.6208,4360000,3185,2108,2477
chr4,4360000,0.961265,0.6009,4380000,3111,2024,2196
chr4,4380000,0.834794,0.66985,4400000,2949,1917,2283
chr4,4400000,0.9962,0.6925,4420000,4444,2866,3229
chr4,4420000,0.956093,0.6884,4440000,4125,2523,2967
chr4,4440000,0.953354,0.6631,4460000,3733,2495,2598
chr4,4460000,0.872396,0.6156,4480000,2559,1767,1821
chr4,4480000,0.98109,0.61885,4500000,3397,2171,2382
chr4,4500000,0.982247,0.5394,4520000,2307,1697,1712
chr4,4520000,0.604593,0.5738,4540000,1423,853,1130
chr4,4540000,0.643142,0.5261,4560000,699,450,578
chr4,4560000,0.383135,0.5615,4580000,445,266,348
chr4,4580000,0.610449,0.60635,4600000,1246,822,981
chr4,4600000,0.607209,0.61825,4620000,1842,1153,1388
chr4,4620000,0.532004,0.61725,4640000,1839,1160,1515
chr4,4640000,0.990681,0.623,4660000,3437,2274,2633
chr4,4660000,0.94465,0.6842,4680000,3782,2379,2814
chr4,4680000,0.943326,0.63995,4700000,3407,2332,2593
chr4,4700000,0.964278,0.6552,4720000,3076,2163,2157
chr4,4720000,0.994264,0.6908,4740000,4236,2751,2941
chr4,4740000,0.920337,0.6449,4760000,3093,2097,2301
chr4,4760000,0.96035,0.63565,4780000,3163,2163,2320
chr4,4780000,0.995279,0.6822,4800000,4135,2838,3348
chr4,4800000,0.7359,0.59975,4820000,2236,1597,1627
chr4,4820000,0.46854,0.57715,4840000,559,350,449
chr4,4840000,0.579608,0.64505,4860000,684,451,636
chr4,4860000,0.512825,0.631,4880000,259,185,275
chr4,4880000,0.545358,0.66345,4900000,632,363,572
chr4,4900000,0.825518,0.6363,4920000,2609,1679,1988
chr4,4920000,0.966952,0.70065,4940000,4302,3048,3467
chr4,4940000,0.949097,0.6356,4960000,3269,2480,2483
chr4,4960000,0.16497,0.5849,4980000,181,93,125
chr4,4980000,0.753431,0.60215,5000000,2245,1559,1477
chr4,5000000,0.977308,0.6608,5020000,3579,2545,2683
chr4,5020000,0.967239,0.6597,5040000,3365,2135,2411
chr4,5040000,0.923696,0.5841,5060000,2633,1785,1901
chr4,5060000,0.9882,0.65235,5080000,3651,2429,2753
chr4,5080000,0.927632,0.66,5100000,3521,2286,2388
chr4,5100000,0.903992,0.64505,5120000,3385,2224,2420
chr4,5120000,0.901357,0.626,5140000,2763,1870,2019
chr4,5140000,0.9967,0.6443,5160000,3297,2335,2443
chr4,5160000,0.896614,0.63505,5180000,3042,2195,2217
chr4,5180000,0.942366,0.6568,5200000,3536,2273,2597
chr4,5200000,0.86399,0.6391,5220000,2776,1893,2031
chr4,5220000,0.836035,0.59785,5240000,2223,1526,1716
chr4,5240000,0.46853,0.5626,5260000,437,320,448
chr4,5260000,0.810863,0.52785,5280000,1336,929,1104
chr4,5280000,0.340827,0.54765,5300000,657,635,816
chr4,5300000,0.156812,0.54615,5320000,125,85,143
chr4,5320000,0.223833,0.54385,5340000,260,206,276
chr4,5340000,0.107075,0.5442,5360000,135,62,143
chr4,5360000,0.36011,0.53995,5380000,448,314,378
chr4,5380000,0.112068,0.5458,5400000,146,90,158
chr4,5400000,0.0927075,0.5456,5420000,48,53,89
chr4,5420000,0.0598582,0.543,5440000,115,73,115
chr4,5440000,0.0970191,0.54325,5460000,151,88,136
chr4,5460000,0.141165,0.5449,5480000,340,360,419
chr4,5480000,0.177389,0.5458,5500000,86,73,120
chr4,5500000,0.203272,0.54655,5520000,69,35,58
chr4,5520000,0.206041,0.52845,5540000,289,232,361
chr4,5540000,0.088823,0.547,5560000,123,66,134
chr4,5560000,0.0789194,0.5473,5580000,90,47,101
chr4,5580000,0.0546722,0.5493,5600000,40,26,51
chr4,5600000,0.0593965,0.5449,5620000,40,28,64
chr4,5620000,0.0556384,0.54675,5640000,125,73,146
chr4,5640000,0.1043,0.5464,5660000,157,100,126
chr4,5660000,0.148158,0.54525,5680000,469,607,758
chr4,5680000,0.159199,0.54745,5700000,157,105,170
chr4,5700000,0.150147,0.54845,5720000,206,103,193
chr4,5720000,0.179988,0.5531,5740000,347,209,243
chr4,5740000,0.151464,0.54605,5760000,164,91,142
chr4,5760000,0.0938265,0.54825,5780000,138,57,139
chr4,5780000,0.0984872,0.54555,5800000,86,68,102
chr4,5800000,0.11727,0.54565,5820000,117,74,120
chr4,5820000,0.103834,0.5451,5840000,130,80,159
chr4,5840000,0.103302,0.54405,5860000,89,66,106
chr4,5860000,0.199187,0.5443,5880000,63,40,84
chr4,5880000,0.0876363,0.54485,5900000,145,110,132
chr4,5900000,0.218992,0.68115,5920000,294,156,288
chr4,5920000,0.165048,0.70415,5940000,2613,1272,1141
chr4,5940000,0.16962,0.6902,5960000,376,245,326
chr4,5960000,0.257602,0.6777,5980000,495,481,587
chr4,5980000,0.0814167,0.5441,6000000,109,61,130
chr4,6000000,0.0908311,0.5413,6020000,87,53,99
chr4,6020000,0.036727,0.54105,6040000,50,29,37
chr4,6040000,0.117601,0.5414,6060000,168,103,120
chr4,6060000,0.108299,0.54105,6080000,94,70,99
chr4,6080000,0.0922614,0.54145,6100000,231,217,250
chr4,6100000,0.0467482,0.54025,6120000,80,54,103
chr4,6120000,0.062653,0.54095,6140000,93,62,125
chr4,6140000,0.0530994,0.54055,6160000,80,55,98
chr4,6160000,0.0539542,0.54125,6180000,83,66,91
chr4,6180000,0.0627019,0.5399,6200000,79,61,83
chr4,6200000,0.0634854,0.53975,6220000,147,121,133
chr4,6220000,0.0223475,0.541,6240000,42,40,60
chr4,6240000,0.103003,0.66705,6260000,169,101,176
chr4,6260000,0.240619,0.68195,6280000,2259,1461,1469
chr4,6280000,0.109025,0.69075,6300000,197,108,181
chr4,6300000,0.112639,0.70445,6320000,213,111,156
chr4,6320000,0.0945931,0.68335,6340000,179,94,133
chr4,6340000,0.0473213,0.54,6360000,95,103,154
chr4,6360000,0.129123,0.54305,6380000,133,134,235
chr4,6380000,0.182732,0.54205,6400000,213,175,256
chr4,6400000,0.0700824,0.53995,6420000,154,97,206
chr4,6420000,0.0858305,0.5396,6440000,131,88,132
chr4,6440000,0.0711262,0.5401,6460000,115,108,170
chr4,6460000,0.0725591,0.5423,6480000,106,50,95
chr4,6480000,0.0837313,0.54225,6500000,109,74,74
chr4,6500000,0.0652907,0.54145,6520000,23,9,28
chr4,6520000,0.0881943,0.5419,6540000,67,40,61
chr4,6540000,0.0259316,0.5425,6560000,54,35,54
chr4,6560000,0.0246844,0.542,6580000,31,25,17
chr4,6580000,0.246009,0.5424,6600000,106,126,77
chr4,6600000,0.0437413,0.5418,6620000,51,37,37
chr4,6620000,0.0324796,0.54145,6640000,54,25,44
chr4,6640000,0.0515114,0.5428,6660000,90,55,83
chr4,6660000,0.122668,0.54145,6680000,1392,2429,1914
chr4,6680000,0.0676613,0.54225,6700000,108,66,108
chr4,6700000,0.359639,0.5417,6720000,500,400,452
chr4,6720000,0.894661,0.53895,6740000,1901,1454,1666
chr4,6740000,0.805498,0.5684,6760000,1662,1229,1566
chr4,6760000,0.546279,0.5657,6780000,1266,934,1004
chr4,6780000,0.999325,0.6145,6800000,3087,2336,2246
chr4,6800000,0.567368,0.60045,6820000,1763,1214,1344
chr4,6820000,1,0.59025,6840000,2909,2167,2062
chr4,6840000,0.736803,0.63425,6860000,2044,1365,1559
chr4,6860000,0.933607,0.66935,6880000,3781,2496,2875
chr4,6880000,0.982504,0.63755,6900000,3350,2338,2512
chr4,6900000,0.874063,0.64815,6920000,2872,2007,2039
chr4,6920000,0.819788,0.64775,6940000,2900,1957,2103
chr4,6940000,0.964369,0.6553,6960000,3671,2508,2751
chr4,6960000,0.943624,0.615,6980000,6686,7135,4304
chr4,6980000,0.542529,0.64525,7000000,469,290,404
chr4,7000000,0.887946,0.7063,7020000,4208,2143,2729
chr4,7020000,0.976725,0.6472,7040000,4837,2391,2614
chr4,7040000,0.947977,0.6797,7060000,4779,2419,2750
chr4,7060000,0.987789,0.63165,7080000,4161,2156,2199
chr4,7080000,1,0.66415,7100000,5026,2673,2680
chr4,7100000,0.97613,0.6709,7120000,5034,2442,2745
chr4,7120000,0.67802,0.5965,7140000,2657,1301,1543
chr4,7140000,0.992719,0.61715,7160000,3730,2146,2069
chr4,7160000,0.964721,0.67825,7180000,4880,2435,2632
chr4,7180000,0.992363,0.6637,7200000,5092,2556,2609
chr4,7200000,0.692429,0.61085,7220000,2789,1505,1539
chr4,7220000,0.762945,0.5881,7240000,2765,1430,1654
chr4,7240000,0.706038,0.5995,7260000,2464,1387,1312
chr4,7260000,0.834736,0.6759,7280000,4486,2117,2482
chr4,7280000,0.939366,0.6473,7300000,4148,2157,2278
chr4,7300000,0.985579,0.67435,7320000,5041,2605,2870
chr4,7320000,0.999363,0.6656,7340000,5138,2633,2863
chr4,7340000,0.99,0.62175,7360000,3839,2174,2131
chr4,7360000,0.996725,0.6165,7380000,4026,2111,2240
chr4,7380000,0.695657,0.57675,7400000,1956,972,1334
chr4,7400000,0.901578,0.64185,7420000,4049,2220,2168
chr4,7420000,0.976974,0.7089,7440000,6071,2859,3204
chr4,7440000,0.969672,0.7079,7460000,5922,2718,3257
chr4,7460000,0.736733,0.61265,7480000,3231,1522,1837
chr4,7480000,0.997704,0.6353,7500000,4762,2420,2630
chr4,7500000,0.999775,0.6338,7520000,4779,2494,2633
chr4,7520000,0.372553,0.60805,7540000,1324,738,820
chr4,7540000,0.758427,0.654,7560000,3748,1819,2066
chr4,7560000,0.674539,0.60505,7580000,2552,1226,1417
chr4,7580000,0.827092,0.64315,7600000,2989,1542,1640
chr4,7600000,0.886225,0.6108,7620000,3389,1761,1860
chr4,7620000,0.423305,0.5171,7640000,1391,760,838
chr4,7640000,0.45505,0.56975,7660000,945,434,647
chr4,7660000,0.419247,0.55265,7680000,730,350,506
chr4,7680000,0.608646,0.66245,7700000,2516,1296,1412
chr4,7700000,0.230333,0.6589,7720000,338,158,228
chr4,7720000,0.57675,0.6622,7740000,2607,1318,1398
chr4,7740000,0.990593,0.65915,7760000,4869,2563,2645
chr4,7760000,0.925786,0.64235,7780000,4418,2192,2482
chr4,7780000,0.929211,0.648,7800000,4220,2110,2508
chr4,7800000,0.99755,0.6298,7820000,4817,2392,2461
chr4,7820000,0.774786,0.6113,7840000,3390,1586,2071
chr4,7840000,0.937893,0.63255,7860000,4267,2216,2397
chr4,7860000,0.98775,0.6832,7880000,5226,2570,3010
chr4,7880000,0.870913,0.6407,7900000,3583,1864,1967
chr4,7900000,0.958101,0.6089,7920000,3586,1867,2016
chr4,7920000,0.875616,0.6194,7940000,3407,1852,1870
chr4,7940000,0.675137,0.5633,7960000,1804,885,1144
chr4,7960000,0.843995,0.643,7980000,4050,2144,2196
chr4,7980000,0.870233,0.63695,8000000,3673,1816,2094
chr4,8000000,0.676442,0.5516,8020000,1730,853,1225
chr4,8020000,0.960325,0.6439,8040000,4586,2307,2372
chr4,8040000,0.603658,0.5908,8060000,2352,1151,1449
chr4,8060000,0.638165,0.66345,8080000,2796,1368,1612
chr4,8080000,0.244735,0.6505,8100000,575,277,384
chr4,8100000,0.391453,0.67115,8120000,1242,631,761
chr4,8120000,0.866831,0.67865,8140000,4693,2343,2699
chr4,8140000,0.694904,0.62705,8160000,2713,1488,1589
chr4,8160000,0.9903,0.59535,8180000,3213,2013,1926
chr4,8180000,0.797382,0.5934,8200000,2317,1277,1432
chr4,8200000,0.833149,0.60575,8220000,3077,1573,1655
chr4,8220000,0.933818,0.64265,8240000,4248,2198,2287
chr4,8240000,0.744382,0.62705,8260000,3110,1825,1786
chr4,8260000,0.687793,0.59195,8280000,2761,1599,1847
chr4,8280000,0.997828,0.5619,8300000,3597,1908,1923
chr4,8300000,0.938604,0.66415,8320000,4552,2394,2750
chr4,8320000,0.962823,0.63445,8340000,4567,2437,2747
chr4,8340000,0.789133,0.6706,8360000,3349,1551,1826
chr4,8360000,0.974919,0.6445,8380000,4365,2293,2371
chr4,8380000,0.857686,0.5488,8400000,2524,1306,1328
chr4,8400000,0.951797,0.6637,8420000,4860,2318,2510
chr4,8420000,0.969475,0.5861,8440000,3502,1770,1987
chr4,8440000,0.857261,0.6786,8460000,3808,1763,2300
chr4,8460000,0.752658,0.58245,8480000,2748,1301,1527
chr4,8480000,0.894511,0.5917,8500000,3203,1748,1785
chr4,8500000,0.823362,0.58815,8520000,3391,1847,2509
chr4,8520000,0.592551,0.56735,8540000,1548,812,1144
chr4,8540000,0.959722,0.66145,8560000,4707,2366,2566
chr4,8560000,0.989137,0.64905,8580000,4726,2428,2713
chr4,8580000,0.811323,0.67225,8600000,3854,1889,2089
chr4,8600000,0.971772,0.64095,8620000,4187,2244,2391
chr4,8620000,0.986163,0.64715,8640000,4652,2286,2734
chr4,8640000,0.989679,0.60355,8660000,3792,2038,2316
chr4,8660000,0.867341,0.62795,8680000,47737,50866,50041
chr4,8680000,0.340549,0.57085,8700000,737,374,470
chr4,8700000,0.99735,0.57915,8720000,3482,1933,2051
chr4,8720000,0.649403,0.59205,8740000,2001,1030,1180
chr4,8740000,0.868052,0.58355,8760000,2830,1415,1722
chr4,8760000,0.9802,0.6736,8780000,4794,2411,2802
chr4,8780000,0.883551,0.5683,8800000,3209,2214,2117
chr4,8800000,0.753541,0.61355,8820000,2225,1163,1371
chr4,8820000,0.875684,0.61495,8840000,3376,1710,1945
chr4,8840000,0.934468,0.6377,8860000,4054,2127,2452
chr4,8860000,0.966307,0.65685,8880000,4590,2571,2732
chr4,8880000,0.949712,0.6121,8900000,3972,1946,2284
chr4,8900000,0.982716,0.64195,8920000,4666,2388,2620
chr4,8920000,0.93471,0.6272,8940000,4091,2085,2434
chr4,8940000,0.987702,0.6582,8960000,5162,2710,3077
chr4,8960000,0.98447,0.57895,8980000,3667,1942,2121
chr4,8980000,0.967406,0.5907,9000000,3701,1890,2086
chr4,9000000,0.9611,0.6651,9020000,4539,2292,2664
chr4,9020000,0.75654,0.6241,9040000,2796,1527,1571
chr4,9040000,0.90628,0.70335,9060000,4601,2258,2800
chr4,9060000,0.872136,0.6193,9080000,3598,1930,2124
chr4,9080000,0.732151,0.607,9100000,2420,1233,1373
chr4,9100000,0.516862,0.58995,9120000,1931,1012,1194
chr4,9120000,0.989436,0.63725,9140000,4417,2301,2382
chr4,9140000,0.940052,0.6074,9160000,3655,1909,2086
chr4,9160000,0.869068,0.63015,9180000,3363,1657,1855
chr4,9180000,0.984875,0.62165,9200000,4333,2264,2438
chr4,9200000,0.990168,0.65635,9220000,4938,2572,2845
chr4,9220000,0.713697,0.6031,9240000,2365,1227,1436
chr4,9240000,1,0.6625,9260000,4835,2422,2828
chr4,9260000,0.994073,0.6502,9280000,4928,2581,2677
chr4,9280000,0.996175,0.68785,9300000,5551,2647,2863
chr4,9300000,0.969358,0.60505,9320000,3979,2016,2237
chr4,9320000,0.998517,0.65555,9340000,5282,2527,2926
chr4,9340000,0.975742,0.66035,9360000,4747,2436,2660
chr4,9360000,0.96603,0.64095,9380000,4369,2273,2548
chr4,9380000,0.885053,0.6845,9400000,5175,2670,3167
chr4,9400000,0.612911,0.64055,9420000,2881,1394,1593
chr4,9420000,0.95177,0.67685,9440000,4951,2436,2521
chr4,9440000,0.994864,0.6359,9460000,4603,2366,2656
chr4,9460000,0.763251,0.61015,9480000,2841,1500,1600
chr4,9480000,0.983936,0.5548,9500000,3021,1597,1714
chr4,9500000,0.890611,0.58575,9520000,2957,1651,1944
chr4,9520000,0.962754,0.5378,9540000,2690,1540,1645
chr4,9540000,0.546662,0.6005,9560000,1601,849,923
chr4,9560000,0.937259,0.60885,9580000,3644,2259,2382
chr4,9580000,0.666941,0.6117,9600000,2267,1283,1430
chr4,9600000,0.755028,0.60335,9620000,1797,857,1082
chr4,9620000,0.410978,0.61425,9640000,741,380,385
chr4,9640000,0.925902,0.59415,9660000,3008,1406,1606
chr4,9660000,0.665485,0.60485,9680000,1879,825,970
chr4,9680000,0.50717,0.60395,9700000,903,484,642
chr4,9700000,0.741169,0.60345,9720000,2409,1280,1356
chr4,9720000,0.496817,0.60055,9740000,1339,654,660
chr4,9740000,0.600433,0.613,9760000,1014,474,550
chr4,9760000,0.56339,0.6105,9780000,1269,607,663
chr4,9780000,0.748171,0.5992,9800000,2102,1511,1335
chr4,9800000,0.316606,0.61305,9820000,403,202,242
chr4,9820000,0.429342,0.6062,9840000,1103,524,630
chr4,9840000,0.36342,0.58915,9860000,768,366,465
chr4,9860000,0.444342,0.61165,9880000,1200,585,623
chr4,9880000,0.374596,0.60565,9900000,1002,495,531
chr4,9900000,0.385194,0.60975,9920000,749,373,447
chr4,9920000,0.307347,0.60255,9940000,589,1028,600
chr4,9940000,0.620073,0.6015,9960000,3354,2655,3693
chr4,9960000,0.281535,0.6083,9980000,491,239,281
chr4,9980000,0.239534,0.61455,10000000,409,205,257
chr4,10000000,0.306746,0.61455,10020000,599,290,355
chr4,10020000,0.694596,0.59605,10040000,2131,1014,1538
chr4,10040000,0.468494,0.61305,10060000,1174,547,555
chr4,10060000,0.508777,0.60465,10080000,1237,601,745
chr4,10080000,0.359847,0.612,10100000,958,467,602
chr4,10100000,0.217997,0.61225,10120000,188,112,106
chr4,10120000,0.438491,0.6102,10140000,1118,564,626
chr4,10140000,0.410722,0.611,10160000,888,729,783
chr4,10160000,0.352127,0.59345,10180000,658,366,471
chr4,10180000,0.304296,0.61065,10200000,583,251,319
chr4,10200000,0.305371,0.6028,10220000,531,280,349
chr4,10220000,0.370081,0.60365,10240000,706,359,436
chr4,10240000,0.43654,0.61245,10260000,899,412,556
chr4,10260000,0.512405,0.6079,10280000,1751,1268,1422
chr4,10280000,0.324803,0.6046,10300000,816,452,543
chr4,10300000,0.259047,0.5943,10320000,531,267,335
chr4,10320000,0.306252,0.60505,10340000,524,279,340
chr4,10340000,0.397534,0.5999,10360000,851,471,525
chr4,10360000,0.418673,0.61745,10380000,850,493,528
chr4,10380000,0.213329,0.6089,10400000,361,204,210
chr4,10400000,0.449962,0.6133,10420000,1093,553,554
chr4,10420000,0.257542,0.6138,10440000,322,172,195
chr4,10440000,0.366335,0.59825,10460000,921,508,639
chr4,10460000,0.288981,0.5962,10480000,630,307,355
chr4,10480000,0.51924,0.5907,10500000,1291,787,1025
chr4,10500000,0.465544,0.59815,10520000,849,447,502
chr4,10520000,0.318623,0.61325,10540000,570,285,298
chr4,10540000,0.266503,0.61185,10560000,1052,553,463
chr4,10560000,0.147309,0.61155,10580000,298,148,213
chr4,10580000,0.317198,0.60655,10600000,908,448,478
chr4,10600000,0.172531,0.59015,10620000,372,175,207
chr4,10620000,0.340152,0.5989,10640000,808,423,488
chr4,10640000,0.390243,0.59915,10660000,896,420,557
chr4,10660000,0.320584,0.60265,10680000,812,498,485
chr4,10680000,0.259245,0.6129,10700000,412,215,249
chr4,10700000,0.484303,0.5947,10720000,950,487,618
chr4,10720000,0.612715,0.59455,10740000,1656,814,1041
chr4,10740000,0.249447,0.6103,10760000,507,240,287
chr4,10760000,0.268616,0.6144,10780000,516,327,307
chr4,10780000,0.494912,0.6036,10800000,1292,612,659
chr4,10800000,0.608854,0.60875,10820000,6313,6454,5589
chr4,10820000,0.490437,0.5906,10840000,4515,4344,4688
chr4,10840000,0.497506,0.6094,10860000,1326,1009,1180
chr4,10860000,0.36856,0.61545,10880000,710,363,398
chr4,10880000,0.301022,0.6164,10900000,263,133,167
chr4,10900000,0.276987,0.6059,10920000,572,284,370
chr4,10920000,0.450052,0.60415,10940000,1121,566,715
chr4,10940000,0.270828,0.6148,10960000,247,206,154
chr4,10960000,0.497724,0.6159,10980000,935,502,560
chr4,10980000,0.403564,0.6025,11000000,674,331,465
chr4,11000000,0.590321,0.5745,11020000,1375,639,786
chr4,11020000,0.682044,0.59855,11040000,1917,970,1216
chr4,11040000,0.225561,0.60855,11060000,241,161,143
chr4,11060000,0.33143,0.59445,11080000,460,198,311
chr4,11080000,0.429535,0.5981,11100000,932,460,602
chr4,11100000,0.262682,0.58595,11120000,501,241,296
chr4,11120000,0.381402,0.585,11140000,1031,512,662
chr4,11140000,0.432506,0.5955,11160000,1114,591,703
chr4,11160000,0.290879,0.61405,11180000,687,300,386
chr4,11180000,0.227427,0.6143,11200000,456,240,301
chr4,11200000,0.144308,0.61295,11220000,191,105,124
chr4,11220000,0.283482,0.60085,11240000,660,318,372
chr4,11240000,0.243665,0.59725,11260000,537,362,357
chr4,11260000,0.474272,0.60705,11280000,1136,591,717
chr4,11280000,0.58448,0.55715,11300000,1253,601,767
chr4,11300000,0.582608,0.56065,11320000,1347,732,1001
chr4,11320000,0.54963,0.58625,11340000,1587,897,1162
chr4,11340000,0.327292,0.593,11360000,891,438,585
chr4,11360000,0.553961,0.59375,11380000,1267,685,784
chr4,11380000,0.500453,0.5886,11400000,1225,582,677
chr4,11400000,0.259561,0.5984,11420000,378,196,275
chr4,11420000,0.143925,0.61305,11440000,299,112,174
chr4,11440000,0.162474,0.611,11460000,400,181,228
chr4,11460000,0.244718,0.6137,11480000,213,128,122
chr4,11480000,0.219858,0.61105,11500000,281,134,143
chr4,11500000,0.321486,0.6142,11520000,753,409,443
chr4,11520000,0.382456,0.60895,11540000,837,341,531
chr4,11540000,0.335014,0.6025,11560000,1034,499,670
chr4,11560000,0.538835,0.59655,11580000,1347,678,799
chr4,11580000,0.430396,0.5943,11600000,1041,563,600
chr4,11600000,0.404798,0.6172,11620000,620,319,400
chr4,11620000,0.394951,0.61645,11640000,739,310,428
chr4,11640000,0.481249,0.6154,11660000,740,365,474
chr4,11660000,0.497565,0.602,11680000,1220,562,665
chr4,11680000,0.587733,0.61255,11700000,1975,1127,1215
chr4,11700000,0.734717,0.593,11720000,2093,1014,1230
chr4,11720000,0.870809,0.573,11740000,2308,1078,1351
chr4,11740000,0.470102,0.6174,11760000,1135,500,603
chr4,11760000,0.562728,0.632,11780000,1172,566,691
chr4,11780000,0.406184,0.60545,11800000,910,415,536
chr4,11800000,0.319874,0.59315,11820000,818,372,496
chr4,11820000,0.385572,0.6061,11840000,938,437,552
chr4,11840000,0.268398,0.61275,11860000,208,78,128
chr4,11860000,0.256446,0.61505,11880000,599,256,305
chr4,11880000,0.313813,0.60585,11900000,689,276,349
chr4,11900000,0.477196,0.6152,11920000,1134,507,633
chr4,11920000,0.485805,0.63075,11940000,1666,818,858
chr4,11940000,0.447084,0.6401,11960000,1269,562,771
chr4,11960000,0.484542,0.61665,11980000,1241,557,678
chr4,11980000,0.63242,0.6314,12000000,2124,949,1089
chr4,12000000,0.874182,0.5953,12020000,3088,1792,1911
chr4,12020000,0.846651,0.59975,12040000,2769,1401,1555
chr4,12040000,0.595577,0.5838,12060000,1768,915,1082
chr4,12060000,0.998173,0.64785,12080000,4555,2286,2566
chr4,12080000,0.959695,0.63275,12100000,4174,2061,2292
chr4,12100000,0.593442,0.58505,12120000,1656,800,968
chr4,12120000,0.917275,0.5746,12140000,2752,1445,1587
chr4,12140000,0.68043,0.6112,12160000,2279,1057,1318
chr4,12160000,0.555468,0.58155,12180000,1842,1142,1383
chr4,12180000,0.98588,0.6053,12200000,3783,1888,2066
chr4,12200000,0.965088,0.6204,12220000,4145,2194,2224
chr4,12220000,0.827082,0.57745,12240000,2841,1447,1708
chr4,12240000,0.991538,0.6176,12260000,3871,2067,2142
chr4,12260000,0.973487,0.6224,12280000,4391,2038,2406
chr4,12280000,0.966797,0.6611,12300000,4963,2434,2852
chr4,12300000,0.970357,0.6337,12320000,4327,2266,2447
chr4,12320000,0.892396,0.66375,12340000,4373,2341,2520
chr4,12340000,0.632061,0.65265,12360000,3061,1600,1824
chr4,12360000,0.426479,0.6128,12380000,1303,742,929
chr4,12380000,0.984622,0.6879,12400000,5740,2688,3018
chr4,12400000,0.887562,0.6723,12420000,4861,2383,2546
chr4,12420000,0.849012,0.6651,12440000,3700,1937,2149
chr4,12440000,0.962452,0.5732,12460000,3202,1655,1977
chr4,12460000,0.818929,0.5677,12480000,2408,1215,1629
chr4,12480000,0.993911,0.6182,12500000,4314,2089,2231
chr4,12500000,0.94894,0.6797,12520000,5590,3772,4341
chr4,12520000,0.32855,0.62375,12540000,1036,433,799
chr4,12540000,0.715984,0.70765,12560000,3857,1908,2495
chr4,12560000,0.968024,0.6429,12580000,4138,2174,2108
chr4,12580000,0.782637,0.64415,12600000,3755,1925,2132
chr4,12600000,0.922448,0.6582,12620000,4326,3007,2947
chr4,12620000,0.995935,0.7071,12640000,5901,2915,3205
chr4,12640000,0.815521,0.65045,12660000,3851,1936,2168
chr4,12660000,0.9997,0.6259,12680000,4371,2402,2314
chr4,12680000,0.999003,0.61745,12700000,4212,2225,2224
chr4,12700000,0.673323,0.5527,12720000,1966,983,1125
chr4,12720000,0.861969,0.56735,12740000,2700,1369,1527
chr4,12740000,0.980254,0.6479,12760000,4719,2381,2321
chr4,12760000,0.961325,0.61185,12780000,4110,2138,2192
chr4,12780000,0.737444,0.6084,12800000,3046,1596,1629
chr4,12800000,0.839968,0.64215,12820000,4045,2015,2297
chr4,12820000,0.999627,0.62895,12840000,3998,2263,2105
chr4,12840000,1,0.6198,12860000,4423,2482,2421
chr4,12860000,0.995025,0.6428,12880000,4704,2419,2400
chr4,12880000,0.821931,0.64825,12900000,4272,2134,2423
chr4,12900000,0.893454,0.5847,12920000,3757,2127,2274
chr4,12920000,0.845072,0.55685,12940000,2626,1318,1508
chr4,12940000,0.969164,0.68695,12960000,5317,2813,3048
chr4,12960000,0.820195,0.6397,12980000,3722,1916,2219
chr4,12980000,1,0.60445,13000000,3780,2020,1984
chr4,13000000,0.770145,0.57715,13020000,2375,1235,1408
chr4,13020000,0.952689,0.6463,13040000,5139,2541,2904
chr4,13040000,0.8861,0.63945,13060000,4068,2182,2464
chr4,13060000,0.996776,0.6768,13080000,5473,2661,2921
chr4,13080000,0.888892,0.6353,13100000,3966,2053,2260
chr4,13100000,0.750537,0.62825,13120000,3955,1920,2242
chr4,13120000,0.765207,0.57955,13140000,3181,1630,1831
chr4,13140000,0.853118,0.63695,13160000,3833,1994,2231
chr4,13160000,0.931354,0.65325,13180000,4524,2339,2524
chr4,13180000,0.988935,0.715,13200000,6388,2891,3539
chr4,13200000,0.982753,0.60415,13220000,4176,2276,2451
chr4,13220000,0.995927,0.6644,13240000,5022,2517,2558
chr4,13240000,0.9599,0.6606,13260000,4708,2491,2703
chr4,13260000,0.943633,0.66955,13280000,5579,2978,3645
chr4,13280000,0.984329,0.63485,13300000,4429,2225,2350
chr4,13300000,1,0.62915,13320000,4259,2319,2228
chr4,13320000,0.99735,0.62645,13340000,4421,2452,2373
chr4,13340000,0.923459,0.64815,13360000,4374,2307,2439
chr4,13360000,0.87567,0.64105,13380000,4675,2303,2635
chr4,13380000,0.608713,0.59235,13400000,2227,1138,1293
chr4,13400000,0.916312,0.6642,13420000,4248,2131,2356
chr4,13420000,0.948575,0.64945,13440000,4793,2501,2538
chr4,13440000,0.796217,0.6648,13460000,3191,1582,1764
chr4,13460000,0.843851,0.65905,13480000,4279,2107,2338
chr4,13480000,0.987387,0.6358,13500000,4208,2833,2872
chr4,13500000,0.969457,0.5564,13520000,2744,1365,1603
chr4,13520000,0.576357,0.56295,13540000,1753,1108,1396
chr4,13540000,0.564675,0.58715,13560000,2470,1300,1568
chr4,13560000,0.799164,0.62385,13580000,3312,1727,1976
chr4,13580000,1,0.61205,13600000,4327,2269,2188
chr4,13600000,1,0.63605,13620000,4793,2563,2457
chr4,13620000,0.994829,0.6457,13640000,5018,2680,2737
chr4,13640000,0.994087,0.60895,13660000,4101,2040,2360
chr4,13660000,1,0.6635,13680000,5085,2599,2586
chr4,13680000,0.994633,0.71085,13700000,6262,3170,3539
chr4,13700000,0.959712,0.6737,13720000,5697,3026,3159
chr4,13720000,0.772291,0.5971,13740000,3068,1547,1683
chr4,13740000,0.9964,0.64905,13760000,5282,2976,2998
chr4,13760000,0.986442,0.68055,13780000,5579,2820,2897
chr4,13780000,0.991024,0.6313,13800000,4362,2414,2360
chr4,13800000,1,0.63875,13820000,4947,2516,2492
chr4,13820000,0.976179,0.6455,13840000,4916,2450,2761
chr4,13840000,0.944632,0.62645,13860000,4037,2059,2296
chr4,13860000,0.947732,0.6691,13880000,4754,2300,2816
chr4,13880000,0.893742,0.6826,13900000,4926,2400,2785
chr4,13900000,0.948021,0.6341,13920000,4457,2513,2400
chr4,13920000,0.99935,0.6021,13940000,4436,2427,2492
chr4,13940000,0.917412,0.64295,13960000,4352,2208,2325
chr4,13960000,0.932233,0.6391,13980000,4266,2081,2519
chr4,13980000,0.9999,0.65015,14000000,4975,2790,2963
chr4,14000000,0.978204,0.6425,14020000,4974,2399,2915
chr4,14020000,0.802867,0.62975,14040000,3809,1869,1950
chr4,14040000,0.666679,0.58245,14060000,2132,1182,1191
chr4,14060000,0.862367,0.68765,14080000,4729,2299,2668
chr4,14080000,0.964859,0.69065,14100000,5222,2656,3034
chr4,14100000,0.769034,0.6398,14120000,2951,1547,1658
chr4,14120000,0.761698,0.63685,14140000,2764,1445,1560
chr4,14140000,0.95518,0.6772,14160000,5052,2406,2697
chr4,14160000,0.948657,0.648,14180000,4367,2319,2380
chr4,14180000,0.959891,0.6792,14200000,5242,2510,2827
chr4,14200000,0.923275,0.67845,14220000,4874,2421,2668
chr4,14220000,0.899283,0.62765,14240000,3356,1780,1973
chr4,14240000,0.974116,0.66265,14260000,4638,2500,2644
chr4,14260000,0.963304,0.69625,14280000,5216,2680,2871
chr4,14280000,0.986955,0.65705,14300000,5182,2731,2871
chr4,14300000,0.99716,0.6453,14320000,4794,2387,2538
chr4,14320000,0.789821,0.6478,14340000,3861,1912,2237
chr4,14340000,0.97225,0.646,14360000,4108,2151,2356
chr4,14360000,0.746345,0.6295,14380000,2241,1410,1643
chr4,14380000,0.64126,0.6472,14400000,1599,869,1222
chr4,14400000,0.673742,0.6419,14420000,2136,1773,2248
chr4,14420000,0.883721,0.6425,14440000,3995,2154,2330
chr4,14440000,0.977983,0.642,14460000,4694,2517,2621
chr4,14460000,0.908351,0.63915,14480000,3626,1877,2253
chr4,14480000,0.975204,0.65105,14500000,3508,1701,1952
chr4,14500000,1,0.65005,14520000,4839,2413,2558
chr4,14520000,0.9502,0.61815,14540000,3963,1972,2004
chr4,14540000,0.968208,0.6575,14560000,4878,2585,2726
chr4,14560000,0.965333,0.66295,14580000,4682,2356,2573
chr4,14580000,0.708836,0.6851,14600000,3758,1768,2242
chr4,14600000,0.903437,0.69945,14620000,5075,2346,2876
chr4,14620000,0.890573,0.6772,14640000,4603,2287,2641
chr4,14640000,0.967017,0.65095,14660000,4583,2299,2488
chr4,14660000,0.929437,0.66355,14680000,4544,2357,2686
chr4,14680000,0.85974,0.66385,14700000,4239,2090,2271
chr4,14700000,0.656224,0.6429,14720000,3174,1428,1817
chr4,14720000,0.984417,0.65765,14740000,4722,2409,2533
chr4,14740000,0.993733,0.6523,14760000,4511,2316,2401
chr4,14760000,0.615893,0.6474,14780000,2207,1092,1332
chr4,14780000,0.876982,0.66985,14800000,4484,2241,2550
chr4,14800000,0.995267,0.6406,14820000,4709,2485,2454
chr4,14820000,0.98225,0.64075,14840000,4606,2420,2521
chr4,14840000,1,0.6115,14860000,3381,1857,1869
chr4,14860000,0.981583,0.64305,14880000,4960,2528,2685
chr4,14880000,0.907508,0.63265,14900000,3957,1895,2055
chr4,14900000,0.9918,0.6351,14920000,4465,2369,2327
chr4,14920000,0.852037,0.66355,14940000,3963,1898,2248
chr4,14940000,0.948211,0.67225,14960000,4903,2436,2783
chr4,14960000,0.86023,0.72205,14980000,5056,2240,2828
chr4,14980000,0.962857,0.68665,15000000,5089,2577,2839
chr4,15000000,0.894945,0.6443,15020000,3906,1947,2233
chr4,15020000,0.958372,0.67025,15040000,5423,2487,2848
chr4,15040000,0.979765,0.6538,15060000,4869,2456,2504
chr4,15060000,0.956726,0.68035,15080000,5261,2559,2893
chr4,15080000,0.976466,0.67535,15100000,5042,2629,2655
chr4,15100000,0.971655,0.6395,15120000,4470,2325,2463
chr4,15120000,0.949607,0.66625,15140000,4754,2445,2689
chr4,15140000,0.682069,0.61555,15160000,3173,1452,1773
chr4,15160000,0.894308,0.66965,15180000,4490,2275,2398
chr4,15180000,0.725489,0.60195,15200000,3779,1734,2175
chr4,15200000,0.624839,0.5906,15220000,2476,1270,1360
chr4,15220000,0.866111,0.64755,15240000,3783,1877,2159
chr4,15240000,0.928403,0.6075,15260000,4021,2034,2176
chr4,15260000,0.9036,0.6671,15280000,4764,2337,2600
chr4,15280000,0.882282,0.62535,15300000,3701,1996,2334
chr4,15300000,0.937944,0.65645,15320000,4539,2272,2563
chr4,15320000,0.999725,0.675,15340000,5140,2669,2657
chr4,15340000,0.983147,0.71085,15360000,6054,2883,3347
chr4,15360000,0.951654,0.66255,15380000,4974,2375,2603
chr4,15380000,0.933274,0.65475,15400000,4459,2337,2548
chr4,15400000,1,0.67315,15420000,5182,2650,2631
chr4,15420000,0.983473,0.7089,15440000,6513,3255,3870
chr4,15440000,0.682631,0.6522,15460000,2452,1280,1582
chr4,15460000,0.620071,0.65915,15480000,1381,683,786
chr4,15480000,1,0.65155,15500000,5121,2604,2597
chr4,15500000,0.9987,0.6435,15520000,5333,2615,2793
chr4,15520000,0.9991,0.6632,15540000,4986,2610,2638
chr4,15540000,0.979432,0.64825,15560000,4563,2275,2538
chr4,15560000,0.875655,0.6793,15580000,4839,2340,2699
chr4,15580000,0.833518,0.63985,15600000,4125,2256,2233
chr4,15600000,0.986925,0.662,15620000,5218,2724,2982
chr4,15620000,0.989179,0.68065,15640000,5648,2848,2977
chr4,15640000,0.999925,0.67255,15660000,5469,3003,2878
chr4,15660000,0.982958,0.6892,15680000,5544,2690,3020
chr4,15680000,0.828259,0.6556,15700000,3703,1796,2081
chr4,15700000,0.941401,0.66625,15720000,4787,2470,2669
chr4,15720000,0.941261,0.6843,15740000,4985,2408,2897
chr4,15740000,0.953948,0.6469,15760000,4389,2365,2405
chr4,15760000,0.851613,0.6749,15780000,4545,2102,2487
chr4,15780000,0.99352,0.68215,15800000,5676,3101,3188
chr4,15800000,0.9942,0.66365,15820000,5019,2499,2707
chr4,15820000,0.984483,0.6642,15840000,5050,2549,2727
chr4,15840000,0.993183,0.66195,15860000,5049,2429,2776
chr4,15860000,0.98321,0.58485,15880000,3748,1907,2061
chr4,15880000,0.999775,0.59435,15900000,3818,2076,1967
chr4,15900000,0.860446,0.56835,15920000,3228,1549,1907
chr4,15920000,0.915658,0.67485,15940000,5096,2383,2782
chr4,15940000,0.987383,0.63255,15960000,4108,2343,2296
chr4,15960000,0.667345,0.6515,15980000,2931,1452,1684
chr4,15980000,0.950671,0.6195,16000000,3697,2097,1967
chr4,16000000,0.999956,0.64895,16020000,4582,2401,2360
chr4,16020000,0.978082,0.6531,16040000,4618,2297,2488
chr4,16040000,0.745193,0.63465,16060000,3318,1629,1814
chr4,16060000,0.9981,0.60215,16080000,3906,2134,2169
chr4,16080000,0.99795,0.6303,16100000,4628,2458,2467
chr4,16100000,0.887443,0.5794,16120000,3547,1775,1954
chr4,16120000,0.9995,0.7085,16140000,6351,3113,3449
chr4,16140000,0.863039,0.64005,16160000,4022,2021,2407
chr4,16160000,0.995992,0.62005,16180000,4080,2304,2037
chr4,16180000,0.976718,0.62665,16200000,4137,2167,2181
chr4,16200000,0.94306,0.63035,16220000,3898,2159,2272
chr4,16220000,0.915611,0.6426,16240000,3912,1956,2277
chr4,16240000,0.979275,0.637,16260000,3433,1778,1933
chr4,16260000,0.918961,0.5779,16280000,3005,1476,1764
chr4,16280000,0.993075,0.63795,16300000,4252,2208,2305
chr4,16300000,0.957,0.64825,16320000,4035,2195,2003
chr4,16320000,0.833614,0.6407,16340000,3476,1759,1912
chr4,16340000,0.730619,0.58695,16360000,1973,1059,1166
chr4,16360000,0.610454,0.6744,16380000,1568,792,922
chr4,16380000,0.714061,0.622,16400000,2038,1165,1222
chr4,16400000,0.841263,0.6218,16420000,2812,1694,1678
chr4,16420000,0.774685,0.6484,16440000,2551,1223,1426
chr4,16440000,0.6616,0.64585,16460000,1904,904,1011
chr4,16460000,0.932104,0.6735,16480000,4883,2449,2874
chr4,16480000,0.858062,0.7191,16500000,4585,2214,2825
chr4,16500000,0.995725,0.68005,16520000,4967,2496,2765
chr4,16520000,0.995632,0.6404,16540000,4422,2355,2354
chr4,16540000,0.999925,0.5659,16560000,3872,1913,2136
chr4,16560000,0.995175,0.6733,16580000,5142,2519,2690
chr4,16580000,0.918714,0.6731,16600000,4836,2457,2547
chr4,16600000,0.975387,0.6452,16620000,4548,2490,2595
chr4,16620000,0.94071,0.65785,16640000,4619,2344,2454
chr4,16640000,0.923905,0.6392,16660000,4289,2217,2467
chr4,16660000,0.993562,0.67905,16680000,5566,2671,3000
chr4,16680000,0.841667,0.6472,16700000,3378,1762,1888
chr4,16700000,0.439704,0.6336,16720000,293,128,174
chr4,16720000,0.586537,0.62535,16740000,1326,674,792
chr4,16740000,0.935594,0.6713,16760000,4615,2208,2631
chr4,16760000,0.92773,0.64325,16780000,4030,2101,2118
chr4,16780000,0.888493,0.643,16800000,3989,2059,2151
chr4,16800000,0.964506,0.64105,16820000,4367,2471,2451
chr4,16820000,0.975811,0.63185,16840000,3898,2160,2275
chr4,16840000,0.994739,0.65045,16860000,4392,2294,2375
chr4,16860000,0.942504,0.65855,16880000,4659,2248,2557
chr4,16880000,0.881206,0.64935,16900000,4069,2154,2355
chr4,16900000,0.95247,0.66515,16920000,4511,2359,2559
chr4,16920000,0.985841,0.6865,16940000,5524,3010,3212
chr4,16940000,0.931555,0.6684,16960000,4989,3014,2730
chr4,16960000,1,0.64385,16980000,4334,2277,2366
chr4,16980000,0.9985,0.62585,17000000,4548,2287,2462
chr4,17000000,0.9485,0.6132,17020000,3981,2094,2043
chr4,17020000,1,0.64105,17040000,4377,2303,2302
chr4,17040000,0.976259,0.63635,17060000,4560,2311,2509
chr4,17060000,1,0.63645,17080000,4128,2331,2242
chr4,17080000,0.977045,0.6951,17100000,5293,2709,2877
chr4,17100000,0.960684,0.6442,17120000,4191,2259,2247
chr4,17120000,0.9886,0.6549,17140000,4580,2369,2440
chr4,17140000,0.695281,0.632,17160000,3122,1524,1697
chr4,17160000,0.335408,0.69245,17180000,1334,602,795
chr4,17180000,0.988442,0.64615,17200000,4482,2302,2463
chr4,17200000,0.941608,0.63295,17220000,3742,1856,2109
chr4,17220000,0.825431,0.6164,17240000,3559,1771,2057
chr4,17240000,0.871424,0.6434,17260000,4250,2183,2347
chr4,17260000,0.997567,0.65515,17280000,4726,2479,2460
chr4,17280000,0.83127,0.63185,17300000,3569,1761,2023
chr4,17300000,0.990025,0.635,17320000,2991,1522,1730
chr4,17320000,0.934679,0.655,17340000,4124,2198,2215
chr4,17340000,0.989121,0.65105,17360000,4774,2463,2492
chr4,17360000,0.98084,0.641,17380000,4301,2799,2499
chr4,17380000,1,0.62565,17400000,4236,2246,2323
chr4,17400000,0.932191,0.65395,17420000,4403,2149,2439
chr4,17420000,0.73598,0.5869,17440000,2782,1371,1612
chr4,17440000,0.970563,0.6871,17460000,5041,2496,2704
chr4,17460000,0.957127,0.6641,17480000,4801,2403,2603
chr4,17480000,0.982033,0.66385,17500000,4807,2547,2544
chr4,17500000,0.995161,0.6549,17520000,4753,2464,2543
chr4,17520000,0.989596,0.6594,17540000,4981,2507,2838
chr4,17540000,0.790488,0.63605,17560000,3507,1741,1938
chr4,17560000,0.676052,0.6629,17580000,3614,1684,2048
chr4,17580000,0.935435,0.64595,17600000,4672,2360,2492
chr4,17600000,0.524438,0.5582,17620000,1583,867,922
chr4,17620000,0.85245,0.6778,17640000,4670,2242,2483
chr4,17640000,0.96717,0.623,17660000,4000,2052,2213
chr4,17660000,0.987146,0.6742,17680000,4976,2387,2749
chr4,17680000,1,0.62965,17700000,3733,2071,2067
chr4,17700000,0.964924,0.65875,17720000,4844,2543,2526
chr4,17720000,0.889825,0.65345,17740000,4156,2097,2267
chr4,17740000,0.96499,0.6521,17760000,4259,2261,2386
chr4,17760000,0.996196,0.64245,17780000,4423,2300,2414
chr4,17780000,1,0.6478,17800000,3895,2382,2447
chr4,17800000,0.990973,0.62755,17820000,2731,2038,1985
chr4,17820000,0.956152,0.6541,17840000,3090,1954,2148
chr4,17840000,0.984145,0.66175,17860000,3437,2359,2462
chr4,17860000,0.969047,0.6519,17880000,3589,2366,2547
chr4,17880000,1,0.61665,17900000,2658,1929,1853
chr4,17900000,0.654258,0.57315,17920000,2116,1308,1487
chr4,17920000,0.945313,0.6213,17940000,2981,2095,2110
chr4,17940000,1,0.6157,17960000,2872,2048,2026
chr4,17960000,0.995821,0.6486,17980000,3382,2247,2352
chr4,17980000,0.885823,0.61225,18000000,2199,1532,1691
chr4,18000000,0.811623,0.5896,18020000,2115,1453,1499
chr4,18020000,0.869804,0.59565,18040000,2283,1561,1724
chr4,18040000,0.82307,0.65715,18060000,3012,1868,2300
chr4,18060000,0.822708,0.6552,18080000,2872,1787,2132
chr4,18080000,0.834629,0.66565,18100000,3019,1879,2215
chr4,18100000,0.637308,0.60455,18120000,1699,1218,1243
chr4,18120000,0.999775,0.64895,18140000,3662,2422,2552
chr4,18140000,0.9077,0.6525,18160000,3248,2139,2507
chr4,18160000,0.9978,0.6216,18180000,3190,2232,2329
chr4,18180000,0.959283,0.64615,18200000,3142,2289,2420
chr4,18200000,0.966242,0.6706,18220000,3812,2546,2844
chr4,18220000,0.745197,0.6901,18240000,2551,1582,1951
chr4,18240000,0.860566,0.58205,18260000,2285,1566,1734
chr4,18260000,0.86907,0.58175,18280000,2109,1610,1548
chr4,18280000,0.895573,0.6536,18300000,2974,1901,2185
chr4,18300000,0.982087,0.65295,18320000,3486,2406,2480
chr4,18320000,0.968,0.6653,18340000,3375,2158,2523
chr4,18340000,0.833699,0.6278,18360000,2446,1660,1841
chr4,18360000,0.992933,0.6575,18380000,3445,2416,2543
chr4,18380000,0.972104,0.67235,18400000,3689,2478,2700
chr4,18400000,0.968396,0.65185,18420000,3676,2382,2728
chr4,18420000,0.9999,0.6635,18440000,3820,2615,2764
chr4,18440000,0.997117,0.65715,18460000,3711,2479,2635
chr4,18460000,0.985782,0.6162,18480000,2786,1994,2049
chr4,18480000,0.677306,0.6352,18500000,1932,1336,1440
chr4,18500000,0.833362,0.6365,18520000,2490,1725,1822
chr4,18520000,0.860102,0.6428,18540000,2595,1761,1991
chr4,18540000,0.916393,0.65885,18560000,3175,2098,2351
chr4,18560000,0.950845,0.64345,18580000,3001,2103,2215
chr4,18580000,0.95119,0.65185,18600000,3191,2189,2301
chr4,18600000,1,0.6433,18620000,3256,2369,2227
chr4,18620000,0.96309,0.6616,18640000,3623,2386,2524
chr4,18640000,0.991562,0.64205,18660000,3287,2297,2256
chr4,18660000,0.9966,0.6557,18680000,3387,2299,2405
chr4,18680000,1,0.6389,18700000,3404,2427,2374
chr4,18700000,0.866633,0.62195,18720000,2443,1764,1887
chr4,18720000,0.872968,0.66975,18740000,3303,2122,2509
chr4,18740000,0.99002,0.6658,18760000,3969,2476,2604
chr4,18760000,0.905929,0.6265,18780000,3103,2029,1936
chr4,18780000,0.626211,0.54505,18800000,1310,955,1004
chr4,18800000,0.995313,0.62015,18820000,2774,2021,1967
chr4,18820000,0.964321,0.6349,18840000,2994,2077,2305
chr4,18840000,0.939865,0.66175,18860000,3291,2167,2370
chr4,18860000,0.954256,0.65925,18880000,3344,2403,2387
chr4,18880000,1,0.64265,18900000,3432,2452,2383
chr4,18900000,0.910475,0.6232,18920000,2182,1660,1601
chr4,18920000,0.9913,0.64415,18940000,3390,2193,2322
chr4,18940000,0.9466,0.6478,18960000,2870,1992,2173
chr4,18960000,0.985358,0.66445,18980000,3749,2459,2707
chr4,18980000,0.997525,0.64665,19000000,3433,2490,2370
chr4,19000000,1,0.5941,19020000,2562,1976,1937
chr4,19020000,0.942258,0.627,19040000,2989,2088,2086
chr4,19040000,0.96477,0.6498,19060000,3388,2164,2598
chr4,19060000,1,0.61785,19080000,3201,2230,2242
chr4,19080000,0.99815,0.6274,19100000,3156,2260,2349
chr4,19100000,0.902888,0.62035,19120000,2463,1809,1666
chr4,19120000,0.994913,0.6198,19140000,2939,2043,2207
chr4,19140000,0.869937,0.65935,19160000,2936,1891,2119
chr4,19160000,0.993567,0.64205,19180000,3178,2320,2257
chr4,19180000,0.96454,0.65235,19200000,3669,3031,2979
chr4,19200000,1,0.6286,19220000,3431,2985,2611
chr4,19220000,0.947467,0.6954,19240000,3942,2424,2922
chr4,19240000,0.971587,0.66135,19260000,3551,2365,2526
chr4,19260000,0.9979,0.6454,19280000,3421,2362,2261
chr4,19280000,0.891695,0.64985,19300000,2714,1868,2079
chr4,19300000,0.886011,0.6339,19320000,2757,1878,2140
chr4,19320000,0.935963,0.6745,19340000,3575,2343,2642
chr4,19340000,1,0.6453,19360000,3538,2452,2601
chr4,19360000,0.975294,0.6475,19380000,3146,2330,2202
chr4,19380000,1,0.6043,19400000,2792,2092,1953
chr4,19400000,0.769931,0.65075,19420000,2020,1361,1513
chr4,19420000,0.943842,0.6402,19440000,2859,1984,2043
chr4,19440000,0.991927,0.6755,19460000,3951,2614,2855
chr4,19460000,1,0.6118,19480000,2875,2140,1897
chr4,19480000,0.983736,0.6062,19500000,2616,1986,1845
chr4,19500000,0.971299,0.63805,19520000,3272,2213,2334
chr4,19520000,0.993992,0.65485,19540000,3665,2499,2503
chr4,19540000,0.935741,0.5995,19560000,2496,1650,1862
chr4,19560000,0.98985,0.6414,19580000,3372,2274,2455
chr4,19580000,0.864393,0.63915,19600000,2861,1970,2242
chr4,19600000,0.993617,0.6295,19620000,2786,1927,2035
chr4,19620000,0.990451,0.63935,19640000,3994,2999,3072
chr4,19640000,0.990157,0.66255,19660000,3728,2622,2737
chr4,19660000,0.99645,0.62365,19680000,3040,2249,2128
chr4,19680000,0.996208,0.64835,19700000,3524,2466,2515
chr4,19700000,0.902526,0.66675,19720000,3384,2261,2492
chr4,19720000,0.884252,0.6493,19740000,2882,2045,2155
chr4,19740000,0.76555,0.6316,19760000,2136,1450,1628
chr4,19760000,0.98911,0.6363,19780000,3119,2146,2205
chr4,19780000,0.947479,0.6397,19800000,3143,2094,2459
chr4,19800000,1,0.60455,19820000,2777,2162,1942
chr4,19820000,0.99755,0.61025,19840000,2712,2159,1916
chr4,19840000,0.941433,0.6331,19860000,2622,1863,1936
chr4,19860000,0.995375,0.63935,19880000,3182,2172,2350
chr4,19880000,0.99925,0.6158,19900000,2907,2091,2193
chr4,19900000,0.504419,0.6162,19920000,1541,977,1211
chr4,19920000,1,0.6629,19940000,3772,2484,2697
chr4,19940000,0.872879,0.6643,19960000,3482,2045,2519
chr4,19960000,0.969145,0.64335,19980000,3217,2341,2639
chr4,19980000,0.989717,0.6465,20000000,3324,2334,2497
chr4,20000000,0.990456,0.63345,20020000,3277,2236,2237
chr4,20020000,0.99585,0.60985,20040000,2906,2192,2008
chr4,20040000,0.99985,0.6164,20060000,2959,2156,2097
chr4,20060000,0.994691,0.6741,20080000,3924,2502,2762
chr4,20080000,0.995008,0.6198,20100000,2822,1962,2054
chr4,20100000,0.998712,0.62065,20120000,2990,2049,2121
chr4,20120000,0.990157,0.64795,20140000,3473,2334,2440
chr4,20140000,0.995007,0.66935,20160000,3939,2629,2883
chr4,20160000,0.834677,0.6128,20180000,2412,1735,1801
chr4,20180000,0.879599,0.62495,20200000,2876,1876,2043
chr4,20200000,0.851792,0.59505,20220000,3413,2533,2832
chr4,20220000,0.999925,0.6343,20240000,3206,3051,2260
chr4,20240000,0.997223,0.6408,20260000,3268,3426,2392
chr4,20260000,0.985531,0.6813,20280000,3933,3646,2789
chr4,20280000,0.998125,0.6742,20300000,3954,3889,2749
chr4,20300000,0.979325,0.6385,20320000,4052,4294,3592
chr4,20320000,1,0.6586,20340000,3681,3825,2547
chr4,20340000,0.984554,0.6722,20360000,3729,3665,2733
chr4,20360000,0.892822,0.62555,20380000,2993,2871,2087
chr4,20380000,0.868952,0.6024,20400000,2516,2423,1855
chr4,20400000,1,0.641,20420000,3137,3190,2226
chr4,20420000,0.997725,0.6089,20440000,3099,3185,2183
chr4,20440000,1,0.6509,20460000,3407,3618,2409
chr4,20460000,0.987419,0.63825,20480000,3068,3161,2260
chr4,20480000,0.966039,0.6547,20500000,3156,3099,2344
chr4,20500000,0.995625,0.63165,20520000,3116,3268,2126
chr4,20520000,0.94981,0.6979,20540000,4073,3769,2954
chr4,20540000,0.967611,0.65225,20560000,3253,3441,2385
chr4,20560000,0.897019,0.64555,20580000,2582,2720,2046
chr4,20580000,0.935184,0.6694,20600000,3389,3191,2570
chr4,20600000,0.9925,0.62155,20620000,3139,3222,2180
chr4,20620000,0.957282,0.6765,20640000,3674,3406,2677
chr4,20640000,0.874832,0.6316,20660000,2624,2769,1929
chr4,20660000,0.969492,0.6462,20680000,3468,3430,2589
chr4,20680000,0.809747,0.64425,20700000,2879,2768,2091
chr4,20700000,0.817836,0.60785,20720000,2423,2509,1713
chr4,20720000,0.932577,0.62755,20740000,2625,2508,2093
chr4,20740000,0.967448,0.6577,20760000,3424,3344,2428
chr4,20760000,1,0.6305,20780000,3072,3205,2111
chr4,20780000,0.980365,0.6529,20800000,3241,3413,2288
chr4,20800000,0.980282,0.63645,20820000,3042,3231,2173
chr4,20820000,0.996933,0.6628,20840000,3514,3602,2503
chr4,20840000,0.99945,0.65235,20860000,3507,3637,2480
chr4,20860000,0.824191,0.65715,20880000,3079,3061,2310
chr4,20880000,0.839933,0.6268,20900000,2429,2510,1710
chr4,20900000,0.890375,0.6451,20920000,2945,2995,2257
chr4,20920000,0.990512,0.64005,20940000,2387,2533,1792
chr4,20940000,0.952179,0.61135,20960000,2704,2869,2061
chr4,20960000,0.98905,0.643,20980000,3313,3537,2239
chr4,20980000,0.97415,0.6461,21000000,3427,3448,2378
chr4,21000000,0.873875,0.62195,21020000,2414,2614,1700
chr4,21020000,0.849661,0.62795,21040000,2376,2439,1732
chr4,21040000,0.97093,0.6363,21060000,3070,3167,2254
chr4,21060000,0.981403,0.66335,21080000,3530,3532,2497
chr4,21080000,0.986494,0.65865,21100000,3484,3427,2508
chr4,21100000,0.99875,0.6708,21120000,3762,3873,2668
chr4,21120000,1,0.6239,21140000,3186,3448,2239
chr4,21140000,0.971975,0.61305,21160000,2712,2918,1882
chr4,21160000,0.997042,0.6294,21180000,3236,3229,2251
chr4,21180000,0.967511,0.66495,21200000,3538,3376,2752
chr4,21200000,0.983041,0.6452,21220000,3242,3149,2449
chr4,21220000,0.997844,0.6483,21240000,3091,3185,2180
chr4,21240000,1,0.6732,21260000,3701,3837,2623
chr4,21260000,0.848285,0.6356,21280000,2377,2549,1728
chr4,21280000,0.813346,0.6482,21300000,2695,2651,2100
chr4,21300000,0.980303,0.63855,21320000,3130,3170,2249
chr4,21320000,0.894037,0.6206,21340000,2878,2874,2057
chr4,21340000,0.99034,0.6391,21360000,3315,3503,2388
chr4,21360000,0.648268,0.67345,21380000,2219,2199,1599
chr4,21380000,0.232765,0.6998,21400000,470,426,536
chr4,21400000,0.982029,0.6381,21420000,3077,3398,2325
chr4,21420000,1,0.6329,21440000,3087,3277,2119
chr4,21440000,0.987545,0.643,21460000,3455,3429,2377
chr4,21460000,0.994821,0.6353,21480000,3080,3283,2148
chr4,21480000,0.929345,0.65725,21500000,3203,3096,2212
chr4,21500000,0.910823,0.62055,21520000,2760,2946,1866
chr4,21520000,0.937986,0.6441,21540000,3193,3378,2299
chr4,21540000,0.971286,0.6374,21560000,3054,3281,2157
chr4,21560000,1,0.6079,21580000,2944,3178,2056
chr4,21580000,0.99797,0.6429,21600000,3371,3375,2480
chr4,21600000,0.994229,0.6606,21620000,3513,3436,2421
chr4,21620000,0.980679,0.67575,21640000,3725,3638,2677
chr4,21640000,0.989866,0.64945,21660000,3464,3526,2431
chr4,21660000,0.968739,0.62615,21680000,3018,3138,2291
chr4,21680000,0.909427,0.6583,21700000,2986,3070,2175
chr4,21700000,0.891272,0.62495,21720000,2935,2788,2051
chr4,21720000,0.874221,0.60465,21740000,2427,2511,1924
chr4,21740000,0.884308,0.6286,21760000,2768,2777,2604
chr4,21760000,0.974525,0.6699,21780000,3031,2847,2244
chr4,21780000,0.9908,0.6711,21800000,3617,3683,2772
chr4,21800000,0.999925,0.64175,21820000,3233,3440,2415
chr4,21820000,0.945152,0.66595,21840000,3382,3168,2503
chr4,21840000,0.991321,0.64565,21860000,3250,3267,2419
chr4,21860000,0.994721,0.6303,21880000,3312,3441,2216
chr4,21880000,0.961159,0.6335,21900000,3140,3099,2282
chr4,21900000,0.936666,0.6609,21920000,3213,3415,2533
chr4,21920000,0.995887,0.62765,21940000,2100,3399,2329
chr4,21940000,1,0.6512,21960000,2223,3546,2494
chr4,21960000,0.870529,0.62435,21980000,1517,2409,1708
chr4,21980000,0.826674,0.62775,22000000,1310,2051,1510
chr4,22000000,0.958134,0.64405,22020000,1858,2933,2002
chr4,22020000,0.987289,0.6356,22040000,1546,2392,1695
chr4,22040000,0.797023,0.6474,22060000,1543,2135,1705
chr4,22060000,0.999425,0.64075,22080000,2259,3484,2326
chr4,22080000,0.968094,0.6568,22100000,2151,3314,2460
chr4,22100000,0.96324,0.6341,22120000,1947,2989,2161
chr4,22120000,0.990908,0.69155,22140000,2750,3968,3106
chr4,22140000,0.99655,0.6224,22160000,1930,3184,2207
chr4,22160000,0.865762,0.62615,22180000,1734,2426,1750
chr4,22180000,0.982883,0.6573,22200000,2262,3350,2465
chr4,22200000,0.949804,0.6436,22220000,1972,3160,2178
chr4,22220000,0.99925,0.63645,22240000,2094,3371,2203
chr4,22240000,1,0.65835,22260000,2288,3460,2423
chr4,22260000,0.99995,0.6611,22280000,2269,3560,2483
chr4,22280000,0.991503,0.66925,22300000,2605,3691,2795
chr4,22300000,0.942863,0.63555,22320000,1787,2783,2002
chr4,22320000,1,0.62635,22340000,1982,3122,2061
chr4,22340000,0.972167,0.62255,22360000,1840,2630,2126
chr4,22360000,0.997825,0.62755,22380000,1910,2860,2153
chr4,22380000,0.946887,0.6357,22400000,1997,2944,2070
chr4,22400000,0.9966,0.6644,22420000,2504,3714,2500
chr4,22420000,0.823126,0.63965,22440000,1842,2810,2065
chr4,22440000,0.979758,0.6265,22460000,1749,2736,1859
chr4,22460000,0.983212,0.6765,22480000,2487,3571,2712
chr4,22480000,0.987953,0.61295,22500000,1877,2999,2018
chr4,22500000,0.94159,0.659,22520000,2021,3183,2269
chr4,22520000,0.9937,0.64975,22540000,2241,3512,2450
chr4,22540000,0.968928,0.7122,22560000,2817,3769,3110
chr4,22560000,0.869879,0.5796,22580000,1466,2133,1725
chr4,22580000,0.999875,0.62515,22600000,2071,3202,2113
chr4,22600000,1,0.66125,22620000,2273,3491,2437
chr4,22620000,0.909494,0.6706,22640000,2157,3067,2326
chr4,22640000,0.975929,0.66725,22660000,2327,3458,2467
chr4,22660000,0.892614,0.6479,22680000,1912,2716,2093
chr4,22680000,0.79894,0.60595,22700000,1520,2270,1835
chr4,22700000,0.983012,0.67215,22720000,2402,3637,2577
chr4,22720000,0.892058,0.6681,22740000,1963,2891,2044
chr4,22740000,0.965231,0.62735,22760000,1857,3065,2022
chr4,22760000,0.975977,0.64735,22780000,2239,3467,2399
chr4,22780000,1,0.6637,22800000,2273,3425,2540
chr4,22800000,1,0.63105,22820000,2005,3085,2062
chr4,22820000,0.949129,0.63515,22840000,1720,2567,1997
chr4,22840000,0.841323,0.6247,22860000,1662,2453,1986
chr4,22860000,0.978677,0.65525,22880000,1919,2879,2113
chr4,22880000,0.956355,0.6676,22900000,2187,3183,2545
chr4,22900000,0.975839,0.6424,22920000,2198,3073,2415
chr4,22920000,0.99985,0.63495,22940000,2081,3118,2163
chr4,22940000,0.978,0.65935,22960000,2520,3577,2542
chr4,22960000,0.872158,0.62155,22980000,1716,2566,1939
chr4,22980000,0.987711,0.6473,23000000,2259,3491,2581
chr4,23000000,0.68475,0.63155,23020000,760,1161,855
chr4,23020000,1,0.6378,23040000,2011,3212,2290
chr4,23040000,1,0.65055,23060000,2193,3252,2349
chr4,23060000,0.9546,0.6343,23080000,1867,2666,1945
chr4,23080000,0.964592,0.67205,23100000,2479,3425,2650
chr4,23100000,0.655563,0.564,23120000,1166,1911,1248
chr4,23120000,0.995978,0.66525,23140000,2364,3559,2586
chr4,23140000,0.988775,0.67035,23160000,2441,3571,2744
chr4,23160000,0.996752,0.62425,23180000,2069,3124,2376
chr4,23180000,0.981981,0.63655,23200000,2194,3268,2227
chr4,23200000,1,0.6325,23220000,2143,3320,2184
chr4,23220000,1,0.6224,23240000,1937,3069,2079
chr4,23240000,0.98755,0.67845,23260000,2559,3605,2716
chr4,23260000,1,0.61485,23280000,1927,3041,2224
chr4,23280000,1,0.62625,23300000,1928,3142,1994
chr4,23300000,1,0.63895,23320000,1881,3008,1997
chr4,23320000,1,0.6377,23340000,2011,3172,2266
chr4,23340000,0.432841,0.63815,23360000,886,1227,1048
chr4,23360000,0.183309,0.62965,23380000,52,82,62
chr4,23380000,0.170592,0.62675,23400000,36,46,36
chr4,23400000,0.383558,0.6242,23420000,592,850,608
chr4,23420000,0.8625,0.6464,23440000,1839,2894,1972
chr4,23440000,0.994208,0.61475,23460000,1971,3157,2082
chr4,23460000,0.993697,0.66995,23480000,2379,3524,2521
chr4,23480000,0.960474,0.62165,23500000,1734,2838,1848
chr4,23500000,0.991975,0.64095,23520000,2118,3281,2331
chr4,23520000,0.962391,0.6855,23540000,2494,3621,2799
chr4,23540000,1,0.616,23560000,1791,2812,1897
chr4,23560000,0.9998,0.6604,23580000,2565,3779,2736
chr4,23580000,0.9933,0.6466,23600000,2480,3543,2694
chr4,23600000,0.960425,0.6563,23620000,2273,3417,2492
chr4,23620000,1,0.63455,23640000,2207,3159,2407
chr4,23640000,0.802116,0.6759,23660000,1888,2670,2102
chr4,23660000,0.962734,0.6429,23680000,2358,3509,2701
chr4,23680000,1,0.64195,23700000,2106,3416,2273
chr4,23700000,1,0.6397,23720000,2033,3243,2217
chr4,23720000,1,0.63155,23740000,1920,3108,2088
chr4,23740000,0.979802,0.61945,23760000,1701,2668,1827
chr4,23760000,0.8859,0.64565,23780000,1728,2608,1967
chr4,23780000,0.991502,0.6383,23800000,2098,3139,2188
chr4,23800000,0.982451,0.63965,23820000,1900,2942,1984
chr4,23820000,1,0.59975,23840000,1471,2282,1584
chr4,23840000,0.481523,0.62235,23860000,594,830,702
chr4,23860000,0.62649,0.63455,23880000,867,1369,971
chr4,23880000,0.467447,0.6548,23900000,439,596,509
chr4,23900000,0.636563,0.6274,23920000,1389,2048,1795
chr4,23920000,0.881963,0.64455,23940000,1273,1975,1470
chr4,23940000,0.826582,0.62265,23960000,1685,2660,1808
chr4,23960000,0.780669,0.64575,23980000,1763,2552,1964
chr4,23980000,0.776653,0.60585,24000000,1336,1995,1482
chr4,24000000,0.851501,0.5929,24020000,1643,2608,1787
chr4,24020000,0.972375,0.6349,24040000,2011,3245,2008
chr4,24040000,0.999775,0.64545,24060000,2174,3529,2381
chr4,24060000,0.652578,0.6223,24080000,1754,2310,1919
chr4,24080000,1,0.64205,24100000,2197,3449,2412
chr4,24100000,0.992117,0.62505,24120000,1943,2952,2056
chr4,24120000,0.96026,0.6394,24140000,2060,3171,2313
chr4,24140000,1,0.6454,24160000,2303,3415,2479
chr4,24160000,0.953495,0.66045,24180000,2259,3409,2475
chr4,24180000,0.88655,0.6391,24200000,2122,3130,2277
chr4,24200000,1,0.61625,24220000,2026,3300,2159
chr4,24220000,0.99755,0.60955,24240000,1991,3204,2077
chr4,24240000,1,0.622,24260000,2037,3270,2100
chr4,24260000,0.985949,0.6276,24280000,2136,3466,2267
chr4,24280000,0.972825,0.6378,24300000,1823,2825,2034
chr4,24300000,0.933988,0.6828,24320000,2476,3558,2833
chr4,24320000,0.961619,0.6385,24340000,2070,3231,2184
chr4,24340000,0.929061,0.6444,24360000,2070,2996,2292
chr4,24360000,0.754333,0.60515,24380000,1427,1982,1620
chr4,24380000,0.973937,0.62355,24400000,1966,3008,2040
chr4,24400000,0.993915,0.662,24420000,2442,3649,2680
chr4,24420000,0.981404,0.62615,24440000,2058,3128,2166
chr4,24440000,0.848614,0.6676,24460000,2063,2954,2342
chr4,24460000,0.999975,0.6595,24480000,2405,3526,2574
chr4,24480000,1,0.62655,24500000,2113,3329,2137
chr4,24500000,0.975717,0.62785,24520000,1965,3220,2111
chr4,24520000,0.992434,0.636,24540000,2063,3300,2258
chr4,24540000,0.999671,0.663,24560000,2213,3502,2384
chr4,24560000,0.967558,0.6605,24580000,1079,3219,2430
chr4,24580000,0.792225,0.63985,24600000,845,2321,2018
chr4,24600000,0.991993,0.65015,24620000,1048,3089,2223
chr4,24620000,0.980942,0.66965,24640000,1162,3577,2711
chr4,24640000,0.99401,0.654,24660000,1195,3496,2525
chr4,24660000,0.76059,0.65985,24680000,726,1998,1569
chr4,24680000,0.536725,0.64285,24700000,100,314,280
chr4,24700000,0.548291,0.6562,24720000,171,442,409
chr4,24720000,0.628597,0.647,24740000,304,912,769
chr4,24740000,0.982333,0.64845,24760000,1055,3175,2213
chr4,24760000,1,0.6537,24780000,1310,3636,2591
chr4,24780000,0.990719,0.60335,24800000,938,2828,1864
chr4,24800000,0.997028,0.63685,24820000,1089,3253,2154
chr4,24820000,0.939939,0.6402,24840000,1069,2867,2068
chr4,24840000,0.723221,0.61335,24860000,700,1882,1652
chr4,24860000,1,0.6428,24880000,1083,3350,2233
chr4,24880000,0.981909,0.633,24900000,1065,3206,2061
chr4,24900000,0.998842,0.6264,24920000,1045,3282,2223
chr4,24920000,0.898864,0.64125,24940000,1002,3045,2239
chr4,24940000,1,0.6332,24960000,991,3100,2114
chr4,24960000,0.959094,0.6738,24980000,1156,3592,2610
chr4,24980000,0.995458,0.6174,25000000,1095,3203,2249
chr4,25000000,0.968903,0.63765,25020000,1060,3116,2274
chr4,25020000,0.986889,0.6427,25040000,1084,3143,2119
chr4,25040000,0.996906,0.6228,25060000,954,2855,1953
chr4,25060000,0.9923,0.64505,25080000,1113,3311,2248
chr4,25080000,1,0.62575,25100000,968,2931,2096
chr4,25100000,0.9868,0.652,25120000,1137,3403,2251
chr4,25120000,0.987325,0.652,25140000,1157,3450,2516
chr4,25140000,0.994721,0.65495,25160000,1158,3584,2674
chr4,25160000,1,0.5692,25180000,882,2826,1989
chr4,25180000,0.982919,0.6481,25200000,1126,3407,2336
chr4,25200000,1,0.62205,25220000,1311,3368,2351
chr4,25220000,0.996617,0.6081,25240000,925,3042,1959
chr4,25240000,0.744431,0.6018,25260000,641,1934,1404
chr4,25260000,0.951201,0.64115,25280000,1044,3218,2246
chr4,25280000,0.999525,0.65555,25300000,1244,3555,2446
chr4,25300000,0.983012,0.6643,25320000,1221,3683,2756
chr4,25320000,0.99099,0.6409,25340000,1201,3354,2367
chr4,25340000,0.98685,0.6358,25360000,1060,3329,2258
chr4,25360000,1,0.6449,25380000,1134,3348,2222
chr4,25380000,0.998975,0.6758,25400000,1352,3797,2825
chr4,25400000,0.991812,0.678,25420000,1272,3806,2724
chr4,25420000,0.855102,0.6256,25440000,684,2331,1550
chr4,25440000,0.940345,0.64945,25460000,1017,3083,2115
chr4,25460000,0.990413,0.5857,25480000,871,2791,1866
chr4,25480000,0.970855,0.5994,25500000,1012,2968,2110
chr4,25500000,0.996015,0.6334,25520000,1026,3279,2337
chr4,25520000,0.972113,0.66425,25540000,1233,3526,2563
chr4,25540000,1,0.6665,25560000,1242,3680,2699
chr4,25560000,0.979551,0.66165,25580000,1230,3598,2774
chr4,25580000,1,0.62095,25600000,1105,3377,2084
chr4,25600000,1,0.63695,25620000,1086,3335,2321
chr4,25620000,0.947408,0.6636,25640000,1161,3372,2433
chr4,25640000,0.999325,0.63995,25660000,1006,3151,2145
chr4,25660000,0.91798,0.6378,25680000,949,2857,1751
chr4,25680000,0.942967,0.64475,25700000,971,3122,1063
chr4,25700000,0.652779,0.6372,25720000,348,1123,392
chr4,25720000,0.824488,0.65375,25740000,1095,2457,1364
chr4,25740000,0.958301,0.6465,25760000,1462,2574,1693
chr4,25760000,0.978448,0.6749,25780000,1579,3842,1641
chr4,25780000,0.995843,0.63845,25800000,1045,3107,1103
chr4,25800000,0.99965,0.67915,25820000,1197,3520,1293
chr4,25820000,0.877151,0.68315,25840000,1027,2938,1159
chr4,25840000,0.987036,0.64545,25860000,1090,3424,1158
chr4,25860000,0.994959,0.64215,25880000,1022,3230,1080
chr4,25880000,0.919967,0.63135,25900000,918,2793,898
chr4,25900000,0.992497,0.6634,25920000,1223,3683,1258
chr4,25920000,0.982403,0.663,25940000,1212,3415,1278
chr4,25940000,0.996425,0.66595,25960000,1233,3608,1319
chr4,25960000,1,0.6139,25980000,947,3018,912
chr4,25980000,1,0.5978,26000000,824,2842,859
chr4,26000000,0.997261,0.61235,26020000,939,2979,1001
chr4,26020000,0.999633,0.6587,26040000,1182,3490,1258
chr4,26040000,0.905775,0.62705,26060000,863,2693,933
chr4,26060000,1,0.6146,26080000,986,3279,961
chr4,26080000,0.983286,0.6546,26100000,1117,3463,1110
chr4,26100000,0.861997,0.6645,26120000,996,2949,1001
chr4,26120000,0.9919,0.6572,26140000,1206,3564,1247
chr4,26140000,1,0.6498,26160000,1197,3442,1242
chr4,26160000,0.713262,0.57555,26180000,568,1716,652
chr4,26180000,0.759837,0.6126,26200000,682,2078,763
chr4,26200000,1,0.61095,26220000,818,2431,812
chr4,26220000,0.91232,0.61225,26240000,914,2655,901
chr4,26240000,0.915888,0.61565,26260000,798,2479,889
chr4,26260000,0.926279,0.6312,26280000,909,2677,989
chr4,26280000,0.979238,0.6315,26300000,1076,3248,1088
chr4,26300000,0.973822,0.63615,26320000,1004,3245,1008
chr4,26320000,0.968504,0.6248,26340000,876,2927,952
chr4,26340000,0.843052,0.64435,26360000,955,2680,1042
chr4,26360000,0.976498,0.6611,26380000,1187,3571,1239
chr4,26380000,0.993287,0.6655,26400000,1172,3496,1235
chr4,26400000,0.982597,0.6697,26420000,1251,3574,1303
chr4,26420000,1,0.65615,26440000,1108,3507,1286
chr4,26440000,0.9976,0.62105,26460000,962,3151,1041
chr4,26460000,0.893512,0.61585,26480000,839,2477,840
chr4,26480000,0.984425,0.643,26500000,1398,3419,1433
chr4,26500000,0.841496,0.62715,26520000,792,2322,838
chr4,26520000,0.934757,0.6442,26540000,989,3030,1043
chr4,26540000,0.978625,0.65995,26560000,1286,3610,1308
chr4,26560000,0.965996,0.6843,26580000,1244,3778,1361
chr4,26580000,0.997445,0.6927,26600000,1351,3907,1445
chr4,26600000,0.833205,0.6294,26620000,779,2410,834
chr4,26620000,0.87793,0.65745,26640000,1051,2958,1168
chr4,26640000,0.99403,0.66975,26660000,1239,3594,1344
chr4,26660000,0.975175,0.63845,26680000,1127,3352,1217
chr4,26680000,1,0.64035,26700000,1135,3285,1125
chr4,26700000,0.994512,0.64045,26720000,1086,3256,1169
chr4,26720000,0.997287,0.6525,26740000,1219,3444,1228
chr4,26740000,0.950527,0.65845,26760000,1143,3406,1225
chr4,26760000,0.989592,0.6276,26780000,979,3013,1057
chr4,26780000,0.978984,0.61555,26800000,878,2596,894
chr4,26800000,0.660098,0.5905,26820000,578,1712,621
chr4,26820000,0.984123,0.66145,26840000,1130,3470,1217
chr4,26840000,0.997317,0.64355,26860000,1128,3314,1253
chr4,26860000,1,0.66535,26880000,1221,3601,1311
chr4,26880000,0.9972,0.6456,26900000,1062,3295,1088
chr4,26900000,0.97555,0.6458,26920000,1097,3261,1198
chr4,26920000,0.97576,0.61075,26940000,861,2755,967
chr4,26940000,0.96916,0.6293,26960000,971,2927,1050
chr4,26960000,0.995693,0.6627,26980000,1355,3808,1302
chr4,26980000,0.94349,0.6375,27000000,926,2961,968
chr4,27000000,0.96055,0.6265,27020000,901,2836,925
chr4,27020000,0.994661,0.64265,27040000,1088,3518,1111
chr4,27040000,0.984325,0.6032,27060000,865,2746,923
chr4,27060000,0.989693,0.62215,27080000,982,3031,1094
chr4,27080000,0.930383,0.59035,27100000,754,2549,864
chr4,27100000,0.956149,0.65545,27120000,1167,3244,1214
chr4,27120000,0.991025,0.62135,27140000,1034,2987,1032
chr4,27140000,0.968781,0.61815,27160000,947,3019,973
chr4,27160000,0.999975,0.5979,27180000,893,2882,926
chr4,27180000,0.997725,0.59805,27200000,878,2798,871
chr4,27200000,0.992862,0.60665,27220000,808,2523,848
chr4,27220000,1,0.59495,27240000,832,2624,912
chr4,27240000,0.843794,0.58905,27260000,647,2005,757
chr5,0,0.368852,0.5869,20000,936,853,1144
chr5,20000,0.986883,0.5796,40000,2330,2601,2634
chr5,40000,0.975766,0.6209,60000,2738,2863,3103
chr5,60000,0.776846,0.667,80000,2779,2501,3012
chr5,80000,0.770788,0.61955,100000,1696,1731,2049
chr5,100000,0.961497,0.6439,120000,3232,3384,3714
chr5,120000,0.983195,0.61615,140000,3038,3255,3210
chr5,140000,1,0.61015,160000,3174,3263,3223
chr5,160000,0.99835,0.6442,180000,3450,3597,3698
chr5,180000,0.910954,0.66655,200000,3168,3025,3483
chr5,200000,0.612652,0.56655,220000,2056,1823,2295
chr5,220000,0.931409,0.6277,240000,2956,3181,3071
chr5,240000,0.99838,0.666,260000,3855,3846,4067
chr5,260000,0.92,0.6287,280000,3268,3352,3580
chr5,280000,0.990317,0.64315,300000,3428,3467,3694
chr5,300000,0.99203,0.6411,320000,3339,3406,3657
chr5,320000,0.98442,0.67475,340000,3882,3608,4255
chr5,340000,0.996333,0.63965,360000,3577,3550,3928
chr5,360000,0.993608,0.63585,380000,3120,3274,3252
chr5,380000,0.994006,0.67185,400000,3973,3849,4275
chr5,400000,0.983899,0.6562,420000,3344,3454,3703
chr5,420000,0.892529,0.634,440000,2757,2845,3160
chr5,440000,0.822101,0.61625,460000,2401,2420,3043
chr5,460000,0.941263,0.66005,480000,3412,3285,3754
chr5,480000,0.959696,0.6728,500000,3762,3657,4299
chr5,500000,0.994825,0.6756,520000,3871,3884,4059
chr5,520000,0.92897,0.64975,540000,3232,3155,3821
chr5,540000,0.974097,0.67505,560000,3794,3685,4123
chr5,560000,0.89929,0.6714,580000,3344,3341,3804
chr5,580000,0.978725,0.648,600000,3518,3606,3623
chr5,600000,0.962274,0.66575,620000,3562,3588,3878
chr5,620000,0.938667,0.641,640000,3154,3140,3515
chr5,640000,0.9924,0.66635,660000,4051,4010,4354
chr5,660000,0.97117,0.68725,680000,3922,3778,4337
chr5,680000,0.961354,0.69015,700000,3821,3641,4184
chr5,700000,0.931913,0.63545,720000,2946,3067,3294
chr5,720000,1,0.6162,740000,3190,3341,3550
chr5,740000,0.722672,0.65545,760000,2503,2391,2767
chr5,760000,0.652151,0.6355,780000,2036,2067,2426
chr5,780000,0.905562,0.65215,800000,3102,3261,3425
chr5,800000,0.831293,0.628,820000,2624,2717,2820
chr5,820000,0.9699,0.59265,840000,2819,2875,3027
chr5,840000,0.969687,0.627,860000,3494,3419,3775
chr5,860000,0.872928,0.63535,880000,3359,3265,3598
chr5,880000,0.711042,0.61975,900000,2690,2458,2821
chr5,900000,0.986705,0.6813,920000,3979,3836,4382
chr5,920000,0.921791,0.66505,940000,3353,3206,3552
chr5,940000,0.867439,0.63465,960000,2553,2547,3211
chr5,960000,0.991481,0.65385,980000,3471,3379,3530
chr5,980000,0.99825,0.65555,1000000,4719,5312,4875
chr5,1000000,1,0.62355,1020000,3033,3330,3173
chr5,1020000,0.963017,0.6207,1040000,3066,3003,3471
chr5,1040000,0.997065,0.69175,1060000,4176,3957,4422
chr5,1060000,0.997483,0.6553,1080000,3507,3553,3734
chr5,1080000,0.999975,0.63155,1100000,3028,3361,3174
chr5,1100000,0.555417,0.66795,1120000,1442,1515,1532
chr5,1120000,0.918371,0.62675,1140000,2921,3323,3168
chr5,1140000,0.985666,0.64935,1160000,3330,3496,3690
chr5,1160000,0.703396,0.6347,1180000,2200,2112,2568
chr5,1180000,0.908669,0.67185,1200000,3854,3583,4237
chr5,1200000,0.977375,0.6138,1220000,2802,3126,3178
chr5,1220000,0.992015,0.6638,1240000,3825,3751,4131
chr5,1240000,0.985645,0.6585,1260000,3611,3548,3980
chr5,1260000,0.971206,0.6637,1280000,3766,3780,3994
chr5,1280000,0.944558,0.62555,1300000,3135,3238,3618
chr5,1300000,0.888982,0.64205,1320000,3006,3158,3116
chr5,1320000,0.993222,0.639,1340000,3507,3575,3861
chr5,1340000,0.997869,0.65415,1360000,3723,3780,4175
chr5,1360000,1,0.61855,1380000,3232,3444,3434
chr5,1380000,1,0.68885,1400000,4307,4040,4604
chr5,1400000,0.989879,0.645,1420000,3569,3526,3903
chr5,1420000,0.991367,0.6476,1440000,3544,3814,4241
chr5,1440000,0.991396,0.6383,1460000,2942,3118,3295
chr5,1460000,0.974296,0.6241,1480000,2999,3225,3305
chr5,1480000,0.734079,0.6565,1500000,2469,2359,2805
chr5,1500000,0.951835,0.6765,1520000,3873,3744,4074
chr5,1520000,1,0.6643,1540000,3833,4093,4426
chr5,1540000,0.985802,0.65915,1560000,3754,3784,4133
chr5,1560000,0.992982,0.65785,1580000,3735,3865,4188
chr5,1580000,0.986398,0.65595,1600000,3821,3813,4118
chr5,1600000,0.781289,0.6732,1620000,3222,2918,3492
chr5,1620000,0.88902,0.5871,1640000,2461,2368,2862
chr5,1640000,1,0.7062,1660000,4697,4777,4996
chr5,1660000,0.973604,0.65035,1680000,3359,3501,3879
chr5,1680000,0.923505,0.66125,1700000,3525,3537,3884
chr5,1700000,0.680182,0.65835,1720000,2104,1971,2546
chr5,1720000,0.39165,0.59675,1740000,919,815,1065
chr5,1740000,0.848039,0.62615,1760000,2358,2204,2675
chr5,1760000,0.94318,0.66995,1780000,3708,3398,3846
chr5,1780000,0.891361,0.64655,1800000,2904,2903,3103
chr5,1800000,0.807743,0.569,1820000,2034,2132,2442
chr5,1820000,0.978909,0.6386,1840000,3460,3495,3791
chr5,1840000,0.9875,0.67805,1860000,4161,4091,4507
chr5,1860000,0.853342,0.6286,1880000,2637,2521,3046
chr5,1880000,0.910895,0.68,1900000,3546,3444,3744
chr5,1900000,0.807636,0.63425,1920000,2607,2626,2892
chr5,1920000,0.996405,0.6536,1940000,3595,3623,3997
chr5,1940000,0.9862,0.65375,1960000,3621,3723,3984
chr5,1960000,0.966853,0.67365,1980000,3786,3809,4261
chr5,1980000,0.916805,0.5857,2000000,2431,2573,2966
chr5,2000000,0.781834,0.60445,2020000,2631,2594,2908
chr5,2020000,0.87633,0.6488,2040000,3492,3274,3618
chr5,2040000,0.993909,0.68605,2060000,24444,24764,21142
chr5,2060000,0.88997,0.6548,2080000,3259,3165,3734
chr5,2080000,0.981329,0.6934,2100000,3949,4016,4309
chr5,2100000,0.809502,0.61815,2120000,2499,2504,2878
chr5,2120000,0.876296,0.68395,2140000,3354,3435,4016
chr5,2140000,0.949804,0.68085,2160000,3714,3611,4084
chr5,2160000,1,0.64735,2180000,3610,3792,4050
chr5,2180000,0.599882,0.635,2200000,2207,2047,2610
chr5,2200000,0.954938,0.7055,2220000,4320,3944,4959
chr5,2220000,0.921761,0.67865,2240000,3695,3513,4028
chr5,2240000,0.993733,0.6499,2260000,3599,3810,3888
chr5,2260000,0.968861,0.65245,2280000,3470,3478,4024
chr5,2280000,0.99665,0.6118,2300000,2860,3229,3004
chr5,2300000,0.845982,0.6018,2320000,2480,2434,2798
chr5,2320000,0.948908,0.63755,2340000,3121,3069,3619
chr5,2340000,0.950752,0.66675,2360000,3431,3517,4007
chr5,2360000,0.835249,0.6116,2380000,2656,2771,2865
chr5,2380000,0.895334,0.68835,2400000,3600,3618,3907
chr5,2400000,0.550602,0.6856,2420000,1238,1194,1582
chr5,2420000,0.924384,0.6655,2440000,4029,4131,4983
chr5,2440000,0.870484,0.5944,2460000,2443,2486,2934
chr5,2460000,0.783345,0.5876,2480000,2157,2365,3019
chr5,2480000,0.837831,0.62275,2500000,2792,2590,3211
chr5,2500000,0.855786,0.6372,2520000,2873,2806,3147
chr5,2520000,0.9598,0.62855,2540000,3056,3094,3325
chr5,2540000,0.996893,0.6457,2560000,3333,3504,3731
chr5,2560000,0.831504,0.5958,2580000,2305,2351,2614
chr5,2580000,0.85669,0.61445,2600000,2780,2990,3103
chr5,2600000,0.69205,0.56705,2620000,1898,1872,2128
chr5,2620000,0.779673,0.60145,2640000,2434,2286,2821
chr5,2640000,0.991022,0.6878,2660000,4177,3949,4672
chr5,2660000,0.946872,0.6831,2680000,4030,3836,4500
chr5,2680000,0.995796,0.62015,2700000,3081,3352,3340
chr5,2700000,0.980237,0.6145,2720000,3125,3341,3542
chr5,2720000,0.850045,0.6293,2740000,2838,2898,2827
chr5,2740000,0.977121,0.6713,2760000,3847,3774,2804
chr5,2760000,0.9986,0.6286,2780000,3091,3316,2238
chr5,2780000,0.963966,0.66655,2800000,3787,3615,2893
chr5,2800000,0.98062,0.6598,2820000,3587,3681,2570
chr5,2820000,0.994681,0.64455,2840000,3702,3505,2565
chr5,2840000,0.982411,0.60675,2860000,3064,3025,2365
chr5,2860000,0.971884,0.69785,2880000,4172,3849,3101
chr5,2880000,0.988636,0.6756,2900000,3840,3832,2778
chr5,2900000,0.646945,0.56385,2920000,2013,2120,1461
chr5,2920000,0.968976,0.622,2940000,3146,3229,2353
chr5,2940000,0.936977,0.6067,2960000,2702,3005,2010
chr5,2960000,0.831829,0.5717,2980000,2331,2312,1730
chr5,2980000,0.99805,0.62,3000000,3436,3727,2501
chr5,3000000,0.99905,0.6248,3020000,3377,3596,2343
chr5,3020000,0.916299,0.6299,3040000,2989,3151,2178
chr5,3040000,0.639602,0.5676,3060000,1396,1322,1243
chr5,3060000,0.6654,0.6028,3080000,2254,2401,1926
chr5,3080000,0.907804,0.6464,3100000,2831,3063,1939
chr5,3100000,0.94336,0.64235,3120000,3333,3494,2396
chr5,3120000,0.843092,0.65505,3140000,2550,2666,1948
chr5,3140000,1,0.63515,3160000,3401,3637,2600
chr5,3160000,0.93206,0.6522,3180000,3406,3543,2596
chr5,3180000,0.955679,0.64495,3200000,3342,3380,2452
chr5,3200000,0.750141,0.6188,3220000,2453,2305,1862
chr5,3220000,0.977132,0.70335,3240000,4365,4224,3106
chr5,3240000,0.954121,0.6456,3260000,3863,3177,2335
chr5,3260000,0.9849,0.65795,3280000,4963,3932,2683
chr5,3280000,0.845127,0.6275,3300000,3346,2504,1838
chr5,3300000,0.926634,0.64235,3320000,4234,3027,2368
chr5,3320000,0.838108,0.63205,3340000,3985,2808,2310
chr5,3340000,0.9053,0.64865,3360000,3917,3039,2104
chr5,3360000,0.869341,0.66795,3380000,4094,2991,2220
chr5,3380000,0.814453,0.64525,3400000,4200,2966,2284
chr5,3400000,0.642758,0.56285,3420000,1911,1449,1090
chr5,3420000,0.914678,0.5975,3440000,3453,2513,1967
chr5,3440000,0.996024,0.62495,3460000,4347,3356,2342
chr5,3460000,0.999975,0.6372,3480000,4464,3498,2463
chr5,3480000,0.9852,0.671,3500000,5046,3746,2754
chr5,3500000,0.893621,0.6453,3520000,4000,3014,2145
chr5,3520000,0.905487,0.65115,3540000,4642,3398,2505
chr5,3540000,0.88475,0.6763,3560000,4212,3164,2256
chr5,3560000,0.840034,0.59245,3580000,2924,2232,1814
chr5,3580000,0.99765,0.6486,3600000,4672,3759,2526
chr5,3600000,0.929904,0.6599,3620000,4656,3546,2584
chr5,3620000,0.982513,0.63585,3640000,4399,3144,2473
chr5,3640000,0.85313,0.6406,3660000,3505,3036,1954
chr5,3660000,0.713036,0.66325,3680000,2527,1751,1426
chr5,3680000,0.567055,0.6406,3700000,1889,1172,1178
chr5,3700000,0.643736,0.6422,3720000,2021,1320,1195
chr5,3720000,0.919248,0.64265,3740000,4317,3298,2498
chr5,3740000,0.820909,0.6335,3760000,3575,2844,2033
chr5,3760000,0.796899,0.58215,3780000,2860,2134,1660
chr5,3780000,0.988858,0.65225,3800000,4907,3865,2579
chr5,3800000,0.980148,0.65615,3820000,4829,3842,2639
chr5,3820000,0.78811,0.62635,3840000,2833,2286,1620
chr5,3840000,0.939507,0.63775,3860000,4358,3372,2394
chr5,3860000,0.996687,0.6695,3880000,5233,3837,2782
chr5,3880000,0.861702,0.68075,3900000,4523,3259,2610
chr5,3900000,0.997413,0.6455,3920000,4701,3858,2484
chr5,3920000,1,0.69005,3940000,5832,4090,3189
chr5,3940000,0.778783,0.6166,3960000,3139,2714,1715
chr5,3960000,0.968416,0.64345,3980000,4422,3383,2533
chr5,3980000,0.975039,0.65385,4000000,4802,3680,2647
chr5,4000000,0.613443,0.62345,4020000,2779,1992,1547
chr5,4020000,0.950742,0.66385,4040000,4954,3751,2816
chr5,4040000,0.855675,0.64805,4060000,4131,3139,2506
chr5,4060000,0.95113,0.6551,4080000,4870,3634,2757
chr5,4080000,0.988974,0.65825,4100000,5065,3868,2922
chr5,4100000,0.771454,0.6364,4120000,3408,2545,1775
chr5,4120000,0.99675,0.638,4140000,5005,3788,2644
chr5,4140000,0.997225,0.68725,4160000,5739,4277,3032
chr5,4160000,0.989079,0.6856,4180000,2317,1726,1509
chr5,4180000,0.974528,0.6414,4200000,2263,1779,1749
chr5,4200000,0.585352,0.623,4220000,939,668,585
chr5,4220000,0.301185,0.6852,4240000,789,452,415
chr5,4240000,0.402643,0.69035,4260000,1407,698,820
chr5,4260000,0.557543,0.61545,4280000,636,416,440
chr5,4280000,0.98723,0.6593,4300000,2309,1776,1710
chr5,4300000,0.982482,0.6927,4320000,3494,2449,2050
chr5,4320000,0.956053,0.68545,4340000,5236,3895,2907
chr5,4340000,0.952023,0.694,4360000,5254,3769,2868
chr5,4360000,0.954816,0.63575,4380000,4513,3311,2673
chr5,4380000,0.999475,0.6615,4400000,5082,4019,2796
chr5,4400000,0.990828,0.65605,4420000,5010,3960,2826
chr5,4420000,0.941921,0.68265,4440000,4973,3754,2826
chr5,4440000,0.736085,0.60805,4460000,3658,2754,1907
chr5,4460000,0.669098,0.61335,4480000,2703,2127,1574
chr5,4480000,0.811478,0.63195,4500000,3536,2846,1932
chr5,4500000,0.945255,0.64525,4520000,4591,3437,2500
chr5,4520000,0.952183,0.6509,4540000,5000,3640,2807
chr5,4540000,0.961213,0.6237,4560000,4208,3235,2353
chr5,4560000,0.9446,0.5733,4580000,3790,3146,2796
chr5,4580000,0.991424,0.63395,4600000,3814,2974,2223
chr5,4600000,0.969967,0.62865,4620000,4382,3432,2440
chr5,4620000,0.92098,0.65135,4640000,4305,3309,2429
chr5,4640000,0.865598,0.64715,4660000,3692,2626,2085
chr5,4660000,0.983247,0.61565,4680000,4495,3411,2465
chr5,4680000,0.96924,0.66365,4700000,4982,3643,2746
chr5,4700000,0.981799,0.6449,4720000,4633,3619,2479
chr5,4720000,0.80509,0.6028,4740000,2770,2131,1593
chr5,4740000,0.98715,0.6098,4760000,4008,3220,2117
chr5,4760000,0.5947,0.5723,4780000,1541,1126,963
chr5,4780000,0.937787,0.6653,4800000,4697,3598,2522
chr5,4800000,0.9982,0.67245,4820000,5278,3942,2869
chr5,4820000,0.952069,0.6464,4840000,4387,3551,2332
chr5,4840000,0.951683,0.6655,4860000,4524,3289,2699
chr5,4860000,0.960075,0.65055,4880000,4766,3620,2816
chr5,4880000,0.999,0.5648,4900000,3603,3126,1947
chr5,4900000,0.992171,0.64195,4920000,4738,3565,2589
chr5,4920000,0.88471,0.66615,4940000,4066,3151,2417
chr5,4940000,0.994625,0.6262,4960000,4837,3992,2509
chr5,4960000,0.6745,0.6334,4980000,2072,1556,1128
chr5,4980000,0.795195,0.61125,5000000,3028,2490,1738
chr5,5000000,0.823179,0.63865,5020000,3657,2616,2149
chr5,5020000,0.728422,0.6244,5040000,2486,1893,1393
chr5,5040000,0.951005,0.62455,5060000,3865,3012,2264
chr5,5060000,0.952482,0.4954,5080000,2156,1673,1385
chr5,5080000,0.849286,0.62355,5100000,3342,2231,1915
chr5,5100000,0.876517,0.6256,5120000,3398,2645,2031
chr5,5120000,0.866534,0.64485,5140000,3785,2764,2266
chr5,5140000,0.891055,0.6278,5160000,47496,56408,41137
chr5,5160000,0.969714,0.6338,5180000,4708,3529,2707
chr5,5180000,0.993313,0.6389,5200000,4668,3628,2520
chr5,5200000,0.910996,0.6217,5220000,3902,2825,2098
chr5,5220000,0.681532,0.6341,5240000,3047,2184,1813
chr5,5240000,0.918132,0.5718,5260000,3270,2485,1846
chr5,5260000,0.995275,0.6429,5280000,4654,3516,2510
chr5,5280000,0.883131,0.6223,5300000,4226,3317,2572
chr5,5300000,0.864742,0.6092,5320000,3705,2710,2111
chr5,5320000,0.977069,0.6452,5340000,4866,3709,2758
chr5,5340000,0.711754,0.64965,5360000,2965,2240,1695
chr5,5360000,0.899336,0.5985,5380000,3585,2811,2208
chr5,5380000,0.955812,0.57655,5400000,3273,2557,1933
chr5,5400000,0.971667,0.6029,5420000,4002,3203,2286
chr5,5420000,0.97175,0.6699,5440000,5319,3766,2908
chr5,5440000,0.99815,0.67805,5460000,5519,4331,2878
chr5,5460000,0.782134,0.65625,5480000,4403,3290,2453
chr5,5480000,0.780149,0.5988,5500000,3390,2445,1890
chr5,5500000,0.951483,0.69905,5520000,5508,4017,3092
chr5,5520000,0.890089,0.64815,5540000,4300,2997,2442
chr5,5540000,0.951322,0.64275,5560000,4316,3560,2261
chr5,5560000,0.898766,0.66555,5580000,4571,3408,2610
chr5,5580000,0.935492,0.66495,5600000,5319,4186,2913
chr5,5600000,0.989165,0.667,5620000,5251,4208,2865
chr5,5620000,0.900662,0.68655,5640000,4875,3614,2671
chr5,5640000,0.941176,0.67735,5660000,5062,3668,2825
chr5,5660000,0.931851,0.66255,5680000,4655,3422,2599
chr5,5680000,0.752238,0.64355,5700000,3516,2462,2053
chr5,5700000,0.939895,0.62705,5720000,4243,3239,2400
chr5,5720000,0.91318,0.68395,5740000,5189,4009,3382
chr5,5740000,0.931471,0.64955,5760000,4673,3619,2643
chr5,5760000,0.984959,0.67615,5780000,5443,4024,3144
chr5,5780000,0.655281,0.62455,5800000,2508,1879,1541
chr5,5800000,0.948929,0.65405,5820000,3828,2858,2168
chr5,5820000,0.981587,0.6989,5840000,5675,4223,3169
chr5,5840000,0.932202,0.6481,5860000,4291,3377,2397
chr5,5860000,0.462773,0.62505,5880000,2138,1483,1213
chr5,5880000,0.99825,0.6792,5900000,5611,4245,3005
chr5,5900000,0.9919,0.627,5920000,4886,3605,2583
chr5,5920000,0.992982,0.6409,5940000,4775,3761,2497
chr5,5940000,0.962005,0.59205,5960000,3765,2724,2050
chr5,5960000,0.959513,0.6687,5980000,5075,3782,2787
chr5,5980000,0.994437,0.6082,6000000,4220,3390,2321
chr5,6000000,0.996283,0.62625,6020000,4480,3474,2329
chr5,6020000,0.971687,0.6379,6040000,4718,3604,2616
chr5,6040000,0.981346,0.64695,6060000,4837,3862,2742
chr5,6060000,0.814254,0.614,6080000,3462,2606,1956
chr5,6080000,0.88933,0.66865,6100000,4914,3517,2696
chr5,6100000,0.980683,0.63305,6120000,4296,3453,2368
chr5,6120000,0.975854,0.68125,6140000,5413,4096,2900
chr5,6140000,0.981243,0.66635,6160000,5280,3696,2828
chr5,6160000,0.805843,0.58735,6180000,2981,2144,1611
chr5,6180000,0.998,0.6147,6200000,4424,3416,2324
chr5,6200000,0.961582,0.6077,6220000,4044,3024,2351
chr5,6220000,0.979765,0.5728,6240000,3478,2771,1993
chr5,6240000,0.979199,0.62255,6260000,4190,3201,2439
chr5,6260000,0.986849,0.60385,6280000,4148,3201,2244
chr5,6280000,0.977277,0.61005,6300000,4134,3115,2265
chr5,6300000,0.600991,0.5526,6320000,1681,1232,915
chr5,6320000,0.876252,0.6099,6340000,3665,2971,1982
chr5,6340000,0.99945,0.65775,6360000,5233,4144,2817
chr5,6360000,0.84464,0.6481,6380000,4199,3154,2239
chr5,6380000,0.991675,0.65595,6400000,5103,4097,2718
chr5,6400000,0.930512,0.6845,6420000,5145,3822,3032
chr5,6420000,0.964286,0.6693,6440000,5139,3751,2867
chr5,6440000,0.793919,0.575,6460000,2522,1915,1460
chr5,6460000,0.817766,0.6143,6480000,3497,2654,2012
chr5,6480000,0.929656,0.61705,6500000,3800,3024,2115
chr5,6500000,0.993538,0.66605,6520000,5030,3887,2578
chr5,6520000,0.917091,0.6624,6540000,4586,3393,2626
chr5,6540000,0.91188,0.6439,6560000,4159,3068,2442
chr5,6560000,0.952461,0.60815,6580000,3773,2721,2284
chr5,6580000,0.971354,0.67925,6600000,5439,3850,3059
chr5,6600000,0.969729,0.68645,6620000,5560,4090,3084
chr5,6620000,0.968731,0.66685,6640000,5401,4119,3045
chr5,6640000,0.928612,0.5965,6660000,3488,2722,1974
chr5,6660000,0.987088,0.65285,6680000,5047,3711,2764
chr5,6680000,0.988525,0.59855,6700000,3861,2953,2163
chr5,6700000,0.999725,0.60845,6720000,4227,3191,2408
chr5,6720000,0.988471,0.5396,6740000,3037,2371,1776
chr5,6740000,0.820787,0.5947,6760000,3332,2603,1877
chr5,6760000,0.466808,0.6175,6780000,1847,1351,1080
chr5,6780000,0.99895,0.66805,6800000,4487,3291,2491
chr5,6800000,0.774178,0.5814,6820000,2268,1725,1438
chr5,6820000,0.911819,0.6395,6840000,4247,3324,2354
chr5,6840000,0.9598,0.59975,6860000,3759,2760,2160
chr5,6860000,0.967267,0.66595,6880000,5065,3837,2758
chr5,6880000,0.856159,0.6388,6900000,3577,2752,1881
chr5,6900000,0.993025,0.61445,6920000,4463,3524,2433
chr5,6920000,0.92445,0.60725,6940000,3648,2889,2074
chr5,6940000,0.861022,0.6735,6960000,4557,3368,2532
chr5,6960000,0.800986,0.65855,6980000,4285,3093,2357
chr5,6980000,0.877932,0.63195,7000000,3939,3022,2270
chr5,7000000,0.966642,0.6693,7020000,4968,3503,2750
chr5,7020000,0.842542,0.6736,7040000,3959,2625,2333
chr5,7040000,0.87999,0.6987,7060000,4423,2917,2626
chr5,7060000,0.719531,0.6946,7080000,2542,1724,1563
chr5,7080000,0.963,0.60655,7100000,3504,2643,2049
chr5,7100000,0.801079,0.6268,7120000,3170,2279,1823
chr5,7120000,0.897286,0.5985,7140000,3146,2435,2124
chr5,7140000,0.669604,0.6138,7160000,2922,1956,1751
chr5,7160000,0.975291,0.6784,7180000,4967,3613,2791
chr5,7180000,0.8607,0.55575,7200000,2288,1734,1519
chr5,7200000,0.90782,0.6331,7220000,3959,3018,2120
chr5,7220000,0.986525,0.62805,7240000,4342,3364,2354
chr5,7240000,0.783587,0.52435,7260000,2258,1714,1297
chr5,7260000,0.596951,0.58205,7280000,2166,1601,1259
chr5,7280000,0.713647,0.57445,7300000,2078,1615,1308
chr5,7300000,0.995702,0.6754,7320000,5108,3743,2751
chr5,7320000,1,0.6225,7340000,4268,3434,2464
chr5,7340000,1,0.6822,7360000,5502,4252,2969
chr5,7360000,0.9995,0.67895,7380000,5455,4142,2966
chr5,7380000,0.957154,0.6755,7400000,4953,4113,2848
chr5,7400000,0.950379,0.56275,7420000,3273,2583,1800
chr5,7420000,0.98985,0.59985,7440000,3936,3078,2103
chr5,7440000,0.965875,0.66,7460000,4790,3663,2677
chr5,7460000,0.656347,0.64125,7480000,3131,2222,1838
chr5,7480000,0.873217,0.6029,7500000,3195,2314,1827
chr5,7500000,1,0.67105,7520000,5213,3757,2789
chr5,7520000,0.966793,0.61995,7540000,4021,3249,2231
chr5,7540000,0.990643,0.60815,7560000,4013,3065,2320
chr5,7560000,0.996962,0.67175,7580000,5110,4262,2875
chr5,7580000,0.807933,0.6547,7600000,3252,3015,1930
chr5,7600000,0.843125,0.68465,7620000,4046,3715,2262
chr5,7620000,0.280693,0.60135,7640000,1219,1067,816
chr5,7640000,0.918007,0.66745,7660000,3996,3763,2242
chr5,7660000,0.97341,0.62315,7680000,3748,3869,2116
chr5,7680000,0.82245,0.62125,7700000,2639,2709,1407
chr5,7700000,0.876517,0.5873,7720000,2530,2568,1437
chr5,7720000,0.980177,0.65835,7740000,4816,4563,2494
chr5,7740000,0.909763,0.6297,7760000,3781,3874,2752
chr5,7760000,0.677608,0.6042,7780000,1729,1669,1192
chr5,7780000,0.637145,0.6093,7800000,1678,1526,1173
chr5,7800000,0.445592,0.5881,7820000,1116,1110,869
chr5,7820000,0.697681,0.597,7840000,2019,1961,1463
chr5,7840000,0.497156,0.59755,7860000,2183,2341,2323
chr5,7860000,0.505555,0.61135,7880000,1008,918,576
chr5,7880000,0.648093,0.60985,7900000,1552,1505,968
chr5,7900000,0.702902,0.6108,7920000,2176,1941,1212
chr5,7920000,0.511906,0.6053,7940000,1198,1085,746
chr5,7940000,0.557094,0.6028,7960000,1470,1476,957
chr5,7960000,0.652346,0.58275,7980000,3001,3482,3514
chr5,7980000,0.481241,0.60675,8000000,1143,1047,753
chr5,8000000,0.47055,0.60875,8020000,1249,1138,808
chr5,8020000,0.518636,0.587,8040000,853,911,527
chr5,8040000,0.439418,0.58235,8060000,689,699,425
chr5,8060000,0.207797,0.6059,8080000,1150,1328,1080
chr5,8080000,0.255143,0.594,8100000,377,333,259
chr5,8100000,0.101943,0.60745,8120000,194,183,147
chr5,8120000,0.0824994,0.6074,8140000,97,84,70
chr5,8140000,0.319837,0.5971,8160000,968,898,898
chr5,8160000,0.317281,0.59945,8180000,631,600,375
chr5,8180000,0.259837,0.6033,8200000,641,631,588
chr5,8200000,0.436559,0.57825,8220000,972,1031,713
chr5,8220000,0.350048,0.60645,8240000,894,817,630
chr5,8240000,0.432459,0.58825,8260000,1097,1030,756
chr5,8260000,0.326086,0.61015,8280000,805,753,525
chr5,8280000,0.206874,0.6102,8300000,347,272,230
chr5,8300000,0.261386,0.5992,8320000,690,613,455
chr5,8320000,0.267798,0.6012,8340000,486,451,311
chr5,8340000,0.3174,0.60865,8360000,765,677,490
chr5,8360000,0.523839,0.6042,8380000,1516,1396,928
chr5,8380000,0.468169,0.5925,8400000,1510,1487,1066
chr5,8400000,0.438028,0.60435,8420000,1108,1083,765
chr5,8420000,0.547424,0.5863,8440000,1221,1265,881
chr5,8440000,0.408645,0.5974,8460000,1082,1053,739
chr5,8460000,0.304706,0.59865,8480000,787,716,668
chr5,8480000,0.273266,0.6072,8500000,356,323,256
chr5,8500000,0.288245,0.5902,8520000,607,607,384
chr5,8520000,0.300462,0.60365,8540000,823,777,528
chr5,8540000,0.167002,0.6071,8560000,252,209,154
chr5,8560000,0.172625,0.6062,8580000,150,156,116
chr5,8580000,0.213159,0.62675,8600000,99,71,56
chr5,8600000,0.172815,0.5979,8620000,64,61,48
chr5,8620000,0.132843,0.60235,8640000,44,32,20
chr5,8640000,0.112709,0.6048,8660000,41,46,43
chr5,8660000,0.265813,0.59825,8680000,57,50,43
chr5,8680000,0.154187,0.59885,8700000,29,50,48
chr5,8700000,0.123758,0.6046,8720000,28,19,43
chr5,8720000,0.128655,0.6116,8740000,46,36,50
chr5,8740000,0.172144,0.6016,8760000,60,69,58
chr5,8760000,0.147853,0.5901,8780000,39,30,55
chr5,8780000,0.147584,0.6086,8800000,61,58,63
chr5,8800000,0.123113,0.6079,8820000,98,69,107
chr5,8820000,0.0820838,0.60575,8840000,51,62,41
chr5,8840000,0.133603,0.60855,8860000,59,39,46
chr5,8860000,0.137807,0.6019,8880000,46,31,39
chr5,8880000,0.096386,0.593,8900000,23,25,24
chr5,8900000,0.104523,0.60655,8920000,70,67,67
chr5,8920000,0.0722751,0.6058,8940000,67,59,64
chr5,8940000,0.154423,0.6063,8960000,64,71,75
chr5,8960000,0.208736,0.6286,8980000,98,94,87
chr5,8980000,0.168889,0.59575,9000000,44,33,45
chr5,9000000,0.136738,0.6029,9020000,101,72,60
chr5,9020000,0.128071,0.6046,9040000,45,50,55
chr5,9040000,0.240337,0.59935,9060000,57,50,50
chr5,9060000,0.181174,0.59775,9080000,49,55,43
chr5,9080000,0.116801,0.60425,9100000,39,30,25
chr5,9100000,0.122116,0.6111,9120000,39,34,50
chr5,9120000,0.177378,0.6046,9140000,62,62,64
chr5,9140000,0.148091,0.59135,9160000,38,37,41
chr5,9160000,0.153393,0.60495,9180000,45,71,53
chr5,9180000,0.116785,0.60735,9200000,61,73,73
chr5,9200000,0.0858885,0.60655,9220000,76,57,103
chr5,9220000,0.128691,0.6083,9240000,47,50,48
chr5,9240000,0.151359,0.6022,9260000,47,38,33
chr5,9260000,0.0913484,0.5927,9280000,20,18,16
chr5,9280000,0.10625,0.6066,9300000,66,82,59
chr5,9300000,0.0730849,0.6049,9320000,60,67,62
chr5,9320000,0.173541,0.59965,9340000,198,247,138
chr5,9340000,0.173265,0.6005,9360000,650,645,439
chr5,9360000,0.276525,0.60505,9380000,706,599,443
chr5,9380000,0.167883,0.60735,9400000,2043,2114,2125
chr5,9400000,0.182222,0.6023,9420000,374,325,223
chr5,9420000,0.112043,0.60395,9440000,199,190,136
chr5,9440000,0.144099,0.60295,9460000,272,248,174
chr5,9460000,0.105423,0.60705,9480000,91,98,73
chr5,9480000,0.106943,0.6048,9500000,274,231,189
chr5,9500000,0.218496,0.5918,9520000,576,502,354
chr5,9520000,0.292158,0.6035,9540000,596,517,357
chr5,9540000,0.380721,0.6047,9560000,1088,994,717
chr5,9560000,0.310985,0.6032,9580000,747,675,457
chr5,9580000,0.146718,0.60735,9600000,232,189,161
chr5,9600000,0.202195,0.6069,9620000,328,322,224
chr5,9620000,0.288315,0.6074,9640000,784,704,427
chr5,9640000,0.32732,0.59755,9660000,901,728,562
chr5,9660000,0.33343,0.60085,9680000,688,635,452
chr5,9680000,0.259331,0.59675,9700000,599,546,470
chr5,9700000,0.249362,0.6016,9720000,522,466,365
chr5,9720000,0.248208,0.60255,9740000,564,479,328
chr5,9740000,0.186803,0.60185,9760000,243,239,150
chr5,9760000,0.340476,0.59835,9780000,667,636,406
chr5,9780000,0.544288,0.60325,9800000,1298,1255,868
chr5,9800000,0.594671,0.5933,9820000,1667,1679,1151
chr5,9820000,0.170052,0.6062,9840000,158,150,191
chr5,9840000,0.171193,0.6031,9860000,445,501,440
chr5,9860000,0.115071,0.6026,9880000,274,326,477
chr5,9880000,0.173643,0.5989,9900000,500,843,1454
chr5,9900000,0.215163,0.6032,9920000,417,372,518
chr5,9920000,0.195627,0.608,9940000,300,308,345
chr5,9940000,0.210913,0.5938,9960000,454,414,382
chr5,9960000,0.218907,0.6056,9980000,498,428,379
chr5,9980000,0.269298,0.6041,10000000,644,791,935
chr5,10000000,0.283165,0.60555,10020000,641,659,629
chr5,10020000,0.247913,0.6091,10040000,306,371,376
chr5,10040000,0.316137,0.59725,10060000,454,428,461
chr5,10060000,0.263298,0.6035,10080000,596,580,427
chr5,10080000,0.363374,0.59725,10100000,752,680,496
chr5,10100000,0.291595,0.60885,10120000,468,436,385
chr5,10120000,0.233213,0.61045,10140000,615,564,858
chr5,10140000,0.258034,0.6098,10160000,729,668,634
chr5,10160000,0.225866,0.5858,10180000,535,424,314
chr5,10180000,0.157422,0.6079,10200000,334,308,353
chr5,10200000,0.189581,0.6088,10220000,1587,1898,1817
chr5,10220000,0.258185,0.59145,10240000,239,218,295
chr5,10240000,0.296774,0.6063,10260000,548,474,532
chr5,10260000,0.227579,0.607,10280000,496,437,408
chr5,10280000,0.29577,0.5961,10300000,905,1081,913
chr5,10300000,0.407854,0.5999,10320000,1181,1118,1025
chr5,10320000,0.398815,0.59685,10340000,1539,1564,3871
chr5,10340000,0.256201,0.6071,10360000,201,297,393
chr5,10360000,0.332645,0.6051,10380000,923,921,911
chr5,10380000,0.219291,0.60105,10400000,485,681,2122
chr5,10400000,0.494005,0.6054,10420000,1852,2163,2615
chr5,10420000,0.392277,0.6074,10440000,1032,1256,1142
chr5,10440000,0.993922,0.6233,10460000,3914,4110,2190
chr5,10460000,0.840566,0.6596,10480000,4047,3939,2143
chr5,10480000,0.989025,0.52785,10500000,2854,3069,1681
chr5,10500000,0.941356,0.65205,10520000,4295,4328,2443
chr5,10520000,0.9992,0.6582,10540000,5426,5220,3322
chr5,10540000,0.999478,0.66065,10560000,4766,4865,2809
chr5,10560000,0.998625,0.59395,10580000,3698,3883,2105
chr5,10580000,0.814279,0.5737,10600000,2813,2856,1585
chr5,10600000,0.991527,0.59165,10620000,3724,3740,2219
chr5,10620000,0.997998,0.6909,10640000,5646,5450,3073
chr5,10640000,0.883572,0.6173,10660000,3459,3388,1854
chr5,10660000,0.964542,0.5746,10680000,3118,3130,1908
chr5,10680000,0.494376,0.61425,10700000,1978,2063,1382
chr5,10700000,0.346033,0.6122,10720000,1037,912,618
chr5,10720000,0.436404,0.613,10740000,1398,1316,918
chr5,10740000,0.281677,0.61175,10760000,741,690,502
chr5,10760000,0.533385,0.57345,10780000,1690,1580,1301
chr5,10780000,0.334844,0.6083,10800000,666,654,439
chr5,10800000,0.377506,0.61035,10820000,726,710,455
chr5,10820000,0.440557,0.5995,10840000,1522,1423,1360
chr5,10840000,0.587988,0.5523,10860000,1422,1416,1177
chr5,10860000,0.310352,0.60975,10880000,649,548,414
chr5,10880000,0.494811,0.607,10900000,1419,1248,892
chr5,10900000,0.896626,0.6352,10920000,2914,3019,1785
chr5,10920000,0.9005,0.6833,10940000,4585,4199,2584
chr5,10940000,0.668448,0.58035,10960000,2231,2381,1229
chr5,10960000,0.935573,0.63475,10980000,4168,3926,2566
chr5,10980000,0.952121,0.63355,11000000,4160,4163,2346
chr5,11000000,0.879417,0.62405,11020000,3131,3155,1848
chr5,11020000,0.677546,0.6346,11040000,3193,3077,1841
chr5,11040000,0.87178,0.6068,11060000,3591,3832,2318
chr5,11060000,0.722681,0.57455,11080000,2775,2989,1876
chr5,11080000,0.887147,0.6064,11100000,8385,9275,11600
chr5,11100000,0.946801,0.56965,11120000,4776,5467,5197
chr5,11120000,0.936927,0.56915,11140000,2772,2694,1885
chr5,11140000,0.881926,0.60235,11160000,2336,2196,1488
chr5,11160000,0.880221,0.62645,11180000,1702,1599,1107
chr5,11180000,0.933797,0.537,11200000,1837,1721,1471
chr5,11200000,0.706585,0.56415,11220000,1330,1370,1017
chr5,11220000,0.569367,0.5844,11240000,1079,1068,796
chr5,11240000,0.655454,0.57785,11260000,2946,3268,3833
chr5,11260000,0.945767,0.5653,11280000,3250,3408,3786
chr5,11280000,0.997275,0.52875,11300000,2882,2980,4063
chr5,11300000,0.96981,0.55565,11320000,2759,2898,4062
chr5,11320000,0.952935,0.6026,11340000,1775,1740,1267
chr5,11340000,0.970966,0.59335,11360000,3842,3747,3187
chr5,11360000,0.929598,0.65995,11380000,3217,3127,2464
chr5,11380000,0.946217,0.5592,11400000,2311,2344,1452
chr5,11400000,0.824102,0.60665,11420000,2350,2516,1449
chr5,11420000,0.953866,0.66605,11440000,4551,4476,2476
chr5,11440000,0.976546,0.65095,11460000,3996,3984,2283
chr5,11460000,0.986475,0.6802,11480000,5188,5010,2800
chr5,11480000,0.99965,0.584,11500000,4037,4105,2206
chr5,11500000,0.970792,0.6036,11520000,2674,2707,1552
chr5,11520000,0.982258,0.5797,11540000,2929,3076,1719
chr5,11540000,0.9976,0.65605,11560000,3991,3774,2256
chr5,11560000,0.99895,0.63115,11580000,4052,4356,2139
chr5,11580000,0.98735,0.67385,11600000,3851,3696,2189
chr5,11600000,1,0.59165,11620000,3581,3742,1976
chr5,11620000,0.950788,0.57945,11640000,3457,3498,1895
chr5,11640000,0.995775,0.6834,11660000,5517,5214,3143
chr5,11660000,0.984952,0.6641,11680000,4859,4773,2799
chr5,11680000,0.950933,0.6435,11700000,4172,4414,2211
chr5,11700000,0.937714,0.6621,11720000,4424,4001,2425
chr5,11720000,0.838098,0.60965,11740000,3220,3304,1810
chr5,11740000,0.958224,0.648,11760000,3873,4167,2248
chr5,11760000,0.859163,0.63755,11780000,3824,3909,2022
chr5,11780000,0.97893,0.65675,11800000,4776,4746,2668
chr5,11800000,0.998787,0.638,11820000,4204,4566,2256
chr5,11820000,0.710945,0.6619,11840000,3091,2846,1830
chr5,11840000,0.909307,0.66275,11860000,4375,4550,2548
chr5,11860000,0.938383,0.678,11880000,5339,5063,3019
chr5,11880000,0.931556,0.6698,11900000,4606,4632,2600
chr5,11900000,0.981261,0.6235,11920000,4084,4427,2249
chr5,11920000,0.770851,0.6269,11940000,3242,3295,1882
chr5,11940000,1,0.6435,11960000,4674,4820,2762
chr5,11960000,0.765398,0.6693,11980000,4107,3861,2312
chr5,11980000,0.856404,0.6278,12000000,3614,3886,1989
chr5,12000000,0.971211,0.5939,12020000,3480,3581,2215
chr5,12020000,0.783523,0.59335,12040000,3317,3409,2366
chr5,12040000,0.81734,0.5742,12060000,3212,3290,1887
chr5,12060000,0.935017,0.58305,12080000,3378,3663,1904
chr5,12080000,0.501601,0.57435,12100000,1452,1507,839
chr5,12100000,0.91797,0.54015,12120000,5706,6616,6696
chr5,12120000,0.90582,0.5818,12140000,4398,4716,4105
chr5,12140000,0.950773,0.54845,12160000,2918,2821,1736
chr5,12160000,0.955577,0.6162,12180000,82333,94589,73641
chr5,12180000,0.926988,0.543,12200000,7160,8543,10353
chr5,12200000,0.949709,0.58,12220000,3982,4354,2782
chr5,12220000,0.878139,0.5426,12240000,2597,2762,1462
chr5,12240000,0.891785,0.6704,12260000,4321,4197,2587
chr5,12260000,0.9913,0.6793,12280000,5058,4961,2958
chr5,12280000,0.982983,0.63845,12300000,4317,4521,2336
chr5,12300000,0.904925,0.66685,12320000,4474,4473,2425
chr5,12320000,0.977612,0.6492,12340000,4663,4626,2517
chr5,12340000,0.732615,0.63845,12360000,2706,2875,1688
chr5,12360000,1,0.6483,12380000,4526,4901,2438
chr5,12380000,0.651048,0.6698,12400000,3062,2913,1697
chr5,12400000,0.434209,0.66685,12420000,160,139,97
chr5,12420000,0.273395,0.65325,12440000,83,91,45
chr5,12440000,0.558218,0.67845,12460000,2255,2121,1221
chr5,12460000,0.886413,0.64035,12480000,4051,3895,2297
chr5,12480000,0.984534,0.59675,12500000,3622,3668,2060
chr5,12500000,0.987343,0.6132,12520000,4177,4243,2304
chr5,12520000,0.892293,0.66,12540000,4073,3981,2352
chr5,12540000,0.915008,0.648,12560000,4666,4360,2811
chr5,12560000,0.740515,0.63445,12580000,2534,2696,1511
chr5,12580000,0.857077,0.6765,12600000,3946,3748,2590
chr5,12600000,0.830865,0.62425,12620000,2911,2942,1715
chr5,12620000,0.895292,0.58,12640000,3704,3816,2248
chr5,12640000,0.868583,0.6558,12660000,4152,4239,2422
chr5,12660000,1,0.64805,12680000,4687,5218,2529
chr5,12680000,0.662985,0.58845,12700000,1916,2046,1302
chr5,12700000,0.991483,0.64845,12720000,4668,4689,2511
chr5,12720000,0.975032,0.63295,12740000,4211,4638,2535
chr5,12740000,0.876644,0.6254,12760000,3976,3736,2359
chr5,12760000,0.983838,0.6659,12780000,5114,5107,2632
chr5,12780000,0.907758,0.66365,12800000,4961,4886,3344
chr5,12800000,0.886682,0.63015,12820000,3903,4232,2146
chr5,12820000,0.658617,0.624,12840000,3025,3050,1649
chr5,12840000,0.962456,0.68705,12860000,5521,5299,2910
chr5,12860000,0.986912,0.6459,12880000,4570,4752,2564
chr5,12880000,0.974198,0.64175,12900000,4190,4636,2302
chr5,12900000,0.938649,0.693,12920000,4976,5066,2811
chr5,12920000,0.981107,0.7051,12940000,5628,5363,3029
chr5,12940000,0.985747,0.6669,12960000,5069,5113,2883
chr5,12960000,0.980876,0.6386,12980000,4622,4764,2524
chr5,12980000,0.954756,0.6745,13000000,4850,4959,2555
chr5,13000000,0.931701,0.6082,13020000,3880,3887,2261
chr5,13020000,0.99965,0.60885,13040000,4545,4572,2487
chr5,13040000,0.994424,0.66,13060000,5093,5079,2785
chr5,13060000,0.987375,0.6314,13080000,3947,4138,2172
chr5,13080000,0.953008,0.66175,13100000,4388,4221,2529
chr5,13100000,0.965385,0.61825,13120000,3643,3804,2185
chr5,13120000,0.935298,0.5858,13140000,3145,3375,2032
chr5,13140000,0.590437,0.5938,13160000,1546,1504,1038
chr5,13160000,0.606624,0.57015,13180000,1952,1979,1057
chr5,13180000,0.742565,0.62465,13200000,2310,2235,1314
chr5,13200000,0.602507,0.586,13220000,2022,1870,1358
chr5,13220000,0.674582,0.576,13240000,2637,2794,2099
chr5,13240000,0.615606,0.6096,13260000,2694,2744,1806
chr5,13260000,0.907359,0.63405,13280000,4389,4254,2468
chr5,13280000,0.625865,0.53345,13300000,1404,1306,802
chr5,13300000,0.817617,0.6224,13320000,3294,3101,2102
chr5,13320000,0.953708,0.6798,13340000,5195,5209,2924
chr5,13340000,0.984538,0.63325,13360000,4480,4649,2336
chr5,13360000,0.983827,0.6847,13380000,5376,5372,2962
chr5,13380000,0.885633,0.66245,13400000,4322,4247,2523
chr5,13400000,0.6857,0.6205,13420000,2215,2295,1287
chr5,13420000,0.974346,0.6118,13440000,4065,4063,2375
chr5,13440000,0.994825,0.5831,13460000,3675,3845,2093
chr5,13460000,0.989125,0.5516,13480000,3325,3312,1823
chr5,13480000,0.9956,0.60115,13500000,4106,4177,2095
chr5,13500000,0.987609,0.68875,13520000,5490,5351,2923
chr5,13520000,1,0.6842,13540000,5568,5290,2940
chr5,13540000,0.9978,0.61765,13560000,3827,4365,2098
chr5,13560000,0.989587,0.6756,13580000,5567,5332,2992
chr5,13580000,0.978131,0.66505,13600000,4896,5082,2659
chr5,13600000,0.747235,0.61615,13620000,2807,2649,1635
chr5,13620000,0.981,0.6157,13640000,4102,4305,2324
chr5,13640000,0.960608,0.6571,13660000,4299,4460,2353
chr5,13660000,0.830929,0.63845,13680000,4227,4528,2484
chr5,13680000,0.989391,0.57795,13700000,3860,3906,2142
chr5,13700000,0.943066,0.7009,13720000,5383,5327,2993
chr5,13720000,0.861764,0.6224,13740000,3803,3943,2226
chr5,13740000,0.890765,0.6287,13760000,3473,3671,1998
chr5,13760000,0.962062,0.62035,13780000,3884,4100,2082
chr5,13780000,0.943401,0.67965,13800000,4882,4744,2766
chr5,13800000,0.831095,0.63995,13820000,3330,3281,1842
chr5,13820000,0.788795,0.6659,13840000,3967,3882,2150
chr5,13840000,0.889609,0.61965,13860000,3392,3663,2046
chr5,13860000,0.949523,0.70775,13880000,5882,5557,3217
chr5,13880000,0.762269,0.62365,13900000,3498,3324,1987
chr5,13900000,1,0.63855,13920000,4347,4719,2355
chr5,13920000,0.919689,0.63735,13940000,3993,4313,2120
chr5,13940000,0.641095,0.6133,13960000,2462,2421,1487
chr5,13960000,0.87734,0.62305,13980000,3857,4085,2006
chr5,13980000,0.959015,0.6035,14000000,3635,4131,2026
chr5,14000000,0.980759,0.6641,14020000,5086,5006,2763
chr5,14020000,0.936873,0.6722,14040000,4573,4513,2858
chr5,14040000,0.94715,0.65245,14060000,4658,4642,2601
chr5,14060000,0.764286,0.6386,14080000,3389,3409,1833
chr5,14080000,0.861869,0.62865,14100000,3686,3858,1940
chr5,14100000,0.992576,0.6644,14120000,5268,5190,2852
chr5,14120000,0.997442,0.68725,14140000,7317,8983,4209
chr5,14140000,0.775893,0.645,14160000,4022,3622,2239
chr5,14160000,0.989208,0.65025,14180000,4984,5083,2741
chr5,14180000,0.945676,0.6471,14200000,4513,4593,2515
chr5,14200000,0.889254,0.6077,14220000,3324,3607,1867
chr5,14220000,0.711431,0.6805,14240000,2919,2758,1698
chr5,14240000,0.995019,0.63785,14260000,4548,4722,2536
chr5,14260000,0.9777,0.6371,14280000,4408,4388,2401
chr5,14280000,0.879853,0.647,14300000,4122,3942,2268
chr5,14300000,0.997367,0.6782,14320000,5659,5530,3160
chr5,14320000,1,0.6542,14340000,4700,4954,2601
chr5,14340000,0.9976,0.6417,14360000,4695,4812,2694
chr5,14360000,0.935958,0.6418,14380000,4199,4175,2345
chr5,14380000,0.897789,0.6208,14400000,3881,3953,2176
chr5,14400000,0.98279,0.69385,14420000,5854,5616,3128
chr5,14420000,0.39492,0.55505,14440000,928,968,591
chr5,14440000,0.88377,0.64925,14460000,4430,4458,2330
chr5,14460000,0.830135,0.6567,14480000,3647,3527,2213
chr5,14480000,0.990207,0.6531,14500000,4466,4826,2492
chr5,14500000,1,0.6489,14520000,4686,4783,2525
chr5,14520000,0.91778,0.60705,14540000,3343,2920,1775
chr5,14540000,0.823324,0.64185,14560000,3533,2815,1932
chr5,14560000,0.391242,0.6168,14580000,1571,1195,951
chr5,14580000,0.495353,0.55165,14600000,1305,925,879
chr5,14600000,0.713522,0.65,14620000,3209,2344,1909
chr5,14620000,0.945711,0.67915,14640000,77899,81932,77960
chr5,14640000,0.878559,0.6823,14660000,4227,3186,2604
chr5,14660000,0.926893,0.6601,14680000,4142,3105,2259
chr5,14680000,0.913673,0.6645,14700000,4364,3138,2589
chr5,14700000,0.916707,0.6519,14720000,4538,3514,2595
chr5,14720000,0.805469,0.5833,14740000,2906,2206,1660
chr5,14740000,0.673147,0.6893,14760000,2477,1757,1323
chr5,14760000,0.592178,0.66675,14780000,1104,768,643
chr5,14780000,0.723008,0.59,14800000,83768,138832,73101
chr5,14800000,0.632007,0.6772,14820000,1684,1205,896
chr5,14820000,0.919651,0.6408,14840000,4120,3082,2128
chr5,14840000,0.877433,0.61085,14860000,3250,2483,1770
chr5,14860000,0.77569,0.62455,14880000,2956,2253,1628
chr5,14880000,0.947236,0.72935,14900000,5947,4115,3285
chr5,14900000,0.914222,0.6712,14920000,4464,3367,2576
chr5,14920000,1,0.6861,14940000,5720,4297,3148
chr5,14940000,0.965123,0.6435,14960000,4310,3473,2666
chr5,14960000,1,0.63345,14980000,4763,3694,2583
chr5,14980000,0.970682,0.5724,15000000,3300,2499,1930
chr5,15000000,0.927978,0.669,15020000,4202,3191,2453
chr5,15020000,0.769921,0.63375,15040000,2707,2187,1443
chr5,15040000,0.865419,0.6364,15060000,3727,2661,2095
chr5,15060000,0.990354,0.6441,15080000,5076,3684,2842
chr5,15080000,0.971424,0.6602,15100000,4938,3932,3058
chr5,15100000,0.975342,0.6729,15120000,4939,3772,2926
chr5,15120000,0.869094,0.62855,15140000,3611,2724,2195
chr5,15140000,0.619385,0.63435,15160000,1494,1207,789
chr5,15160000,0.917503,0.7083,15180000,3833,2670,2325
chr5,15180000,0.840775,0.6714,15200000,3018,2916,1952
chr5,15200000,0.959808,0.6574,15220000,2356,1695,1438
chr5,15220000,0.872925,0.62265,15240000,2968,2343,1622
chr5,15240000,0.366547,0.62305,15260000,786,567,519
chr5,15260000,0.441549,0.6051,15280000,1049,694,636
chr5,15280000,0.390296,0.67945,15300000,1215,841,727
chr5,15300000,0.475485,0.60745,15320000,1265,936,794
chr5,15320000,0.567647,0.6276,15340000,2473,1859,1381
chr5,15340000,0.956888,0.6464,15360000,4402,3432,2446
chr5,15360000,0.839952,0.66805,15380000,4228,3239,2314
chr5,15380000,0.548054,0.62355,15400000,2357,1781,1401
chr5,15400000,0.870294,0.68005,15420000,4587,3351,2520
chr5,15420000,0.987934,0.6586,15440000,4799,3985,2754
chr5,15440000,0.998875,0.67695,15460000,5425,4134,2932
chr5,15460000,0.989317,0.66945,15480000,5123,3881,2803
chr5,15480000,0.997858,0.657,15500000,4704,3731,2767
chr5,15500000,0.946692,0.6307,15520000,3325,2701,1800
chr5,15520000,0.611476,0.63005,15540000,2492,1694,1471
chr5,15540000,0.988667,0.67355,15560000,5436,4233,3142
chr5,15560000,0.996325,0.67145,15580000,4757,4196,3244
chr5,15580000,0.997117,0.6376,15600000,3839,3358,2436
chr5,15600000,0.965542,0.65675,15620000,4718,3779,2810
chr5,15620000,0.995842,0.63725,15640000,4316,3671,2337
chr5,15640000,0.859912,0.6227,15660000,2687,1871,1535
chr5,15660000,0.896496,0.5967,15680000,2565,1815,1642
chr5,15680000,0.941809,0.7059,15700000,5591,4017,3119
chr5,15700000,1,0.65855,15720000,4602,3553,2506
chr5,15720000,0.67143,0.60415,15740000,2985,2269,1803
chr5,15740000,0.655197,0.6287,15760000,1642,1221,1055
chr5,15760000,0.555142,0.6474,15780000,961,691,580
chr5,15780000,0.976598,0.6227,15800000,3918,2995,2070
chr5,15800000,0.996908,0.64275,15820000,4762,3689,2591
chr5,15820000,0.991435,0.65185,15840000,4578,3573,2469
chr5,15840000,0.989187,0.61435,15860000,3889,3197,2055
chr5,15860000,0.894252,0.5792,15880000,3100,2549,1753
chr5,15880000,0.922947,0.62305,15900000,4001,3080,2191
chr5,15900000,0.785179,0.55205,15920000,2433,2040,1402
chr5,15920000,0.994875,0.61915,15940000,4030,3415,2126
chr5,15940000,1,0.61175,15960000,3675,2930,2047
chr5,15960000,0.988498,0.67405,15980000,5291,4012,2997
chr5,15980000,0.875871,0.6527,16000000,3818,2949,2064
chr5,16000000,0.943292,0.6373,16020000,4200,3226,2468
chr5,16020000,0.919458,0.62505,16040000,3743,3207,2332
chr5,16040000,1,0.6224,16060000,4031,3483,2092
chr5,16060000,1,0.62505,16080000,4515,3523,2370
chr5,16080000,0.982621,0.6454,16100000,4463,3456,2411
chr5,16100000,0.99625,0.6222,16120000,4317,3215,2342
chr5,16120000,0.998897,0.628,16140000,4212,3631,2235
chr5,16140000,0.690639,0.65385,16160000,2918,2162,1740
chr5,16160000,0.569803,0.62065,16180000,2301,1676,1389
chr5,16180000,0.921774,0.61845,16200000,3796,3049,2097
chr5,16200000,0.930258,0.6618,16220000,4463,3321,2371
chr5,16220000,0.89371,0.6301,16240000,4220,3115,2249
chr5,16240000,0.577077,0.57385,16260000,1824,1382,1098
chr5,16260000,0.586445,0.72855,16280000,1522,1016,999
chr5,16280000,0.771915,0.6788,16300000,3060,2292,1721
chr5,16300000,0.9995,0.6382,16320000,4428,3610,2413
chr5,16320000,0.997158,0.68195,16340000,5607,4376,3101
chr5,16340000,0.967272,0.6712,16360000,4630,3422,2672
chr5,16360000,0.998275,0.6462,16380000,4118,3274,2262
chr5,16380000,0.991875,0.64425,16400000,3297,2514,1982
chr5,16400000,0.823801,0.59765,16420000,2726,2118,1571
chr5,16420000,0.890286,0.6144,16440000,3171,2597,1841
chr5,16440000,0.755546,0.6187,16460000,3245,2259,1973
chr5,16460000,0.992998,0.68505,16480000,5588,4175,3019
chr5,16480000,0.963242,0.63255,16500000,4232,3368,2352
chr5,16500000,0.948272,0.65395,16520000,4507,3436,2577
chr5,16520000,0.964889,0.6514,16540000,4598,3634,2354
chr5,16540000,0.95324,0.65925,16560000,4080,3179,2296
chr5,16560000,1,0.63325,16580000,4449,3618,2370
chr5,16580000,0.996,0.6165,16600000,4157,3440,2262
chr5,16600000,0.885945,0.64235,16620000,4310,3172,2433
chr5,16620000,0.853759,0.65595,16640000,4387,3090,2347
chr5,16640000,1,0.6003,16660000,3326,2885,1857
chr5,16660000,0.993105,0.6477,16680000,4589,3650,2641
chr5,16680000,0.999575,0.6693,16700000,5141,3824,2835
chr5,16700000,0.857071,0.62955,16720000,3789,2795,2139
chr5,16720000,1,0.6211,16740000,4037,3166,2192
chr5,16740000,0.701183,0.65325,16760000,1922,1514,1105
chr5,16760000,0.919829,0.62035,16780000,3233,2456,1788
chr5,16780000,0.918217,0.6264,16800000,3383,2710,1790
chr5,16800000,0.991755,0.6641,16820000,4596,3352,2542
chr5,16820000,1,0.6371,16840000,3886,3209,2136
chr5,16840000,0.942054,0.6581,16860000,4408,3290,2493
chr5,16860000,0.967915,0.6707,16880000,4915,3639,2688
chr5,16880000,0.857889,0.6488,16900000,3652,2905,2191
chr5,16900000,0.970367,0.6369,16920000,4049,3147,2221
chr5,16920000,0.926165,0.5927,16940000,3361,2528,1954
chr5,16940000,0.99305,0.6198,16960000,4048,3296,2154
chr5,16960000,0.996592,0.64415,16980000,4456,3534,2380
chr5,16980000,0.914217,0.60645,17000000,3978,2855,2215
chr5,17000000,0.956867,0.61375,17020000,3567,2857,1995
chr5,17020000,1,0.63055,17040000,4207,3342,2234
chr5,17040000,0.934373,0.6829,17060000,4621,3289,2632
chr5,17060000,0.967714,0.6831,17080000,5129,3709,2859
chr5,17080000,0.96858,0.6833,17100000,5453,3781,3016
chr5,17100000,0.471621,0.56005,17120000,1404,933,861
chr5,17120000,0.818717,0.58765,17140000,3043,2359,1692
chr5,17140000,0.742267,0.6087,17160000,2868,2042,1731
chr5,17160000,0.99985,0.6313,17180000,3909,3137,2145
chr5,17180000,0.970289,0.6366,17200000,4065,3297,2167
chr5,17200000,0.86757,0.60375,17220000,3257,2313,1805
chr5,17220000,0.839837,0.67025,17240000,4211,3146,2502
chr5,17240000,0.802648,0.65985,17260000,3898,2799,2229
chr5,17260000,1,0.61175,17280000,3783,3208,2064
chr5,17280000,0.919994,0.62025,17300000,3597,2994,1954
chr5,17300000,0.994615,0.62,17320000,4048,3228,2226
chr5,17320000,0.988818,0.6415,17340000,4491,3348,2431
chr5,17340000,0.996346,0.6577,17360000,3924,3662,2675
chr5,17360000,0.934804,0.6325,17380000,2908,3036,2133
chr5,17380000,0.959864,0.63675,17400000,3000,3367,2250
chr5,17400000,0.98855,0.62185,17420000,2789,3013,2138
chr5,17420000,0.967246,0.65155,17440000,3480,3611,2549
chr5,17440000,0.871077,0.6815,17460000,3176,3013,2359
chr5,17460000,0.813761,0.63025,17480000,2296,2279,1750
chr5,17480000,0.9885,0.6225,17500000,2727,3193,2028
chr5,17500000,1,0.5932,17520000,2852,3008,1947
chr5,17520000,0.964485,0.7055,17540000,4088,3875,4340
chr5,17540000,0.96833,0.64185,17560000,3332,3441,3700
chr5,17560000,0.867542,0.65005,17580000,2958,2899,3238
chr5,17580000,0.9765,0.68865,17600000,3885,3867,4166
chr5,17600000,0.62349,0.55955,17620000,1499,1584,1701
chr5,17620000,0.879599,0.61815,17640000,2908,2933,3222
chr5,17640000,0.987164,0.64665,17660000,3348,3634,3689
chr5,17660000,0.971089,0.64885,17680000,3261,3316,3270
chr5,17680000,0.780259,0.63255,17700000,2590,2654,2761
chr5,17700000,0.875932,0.60735,17720000,2123,2343,2415
chr5,17720000,0.758776,0.68035,17740000,2743,2635,3232
chr5,17740000,0.859396,0.6468,17760000,2934,2688,3471
chr5,17760000,0.979817,0.65025,17780000,3347,3530,3614
chr5,17780000,0.80313,0.60455,17800000,2559,2590,2966
chr5,17800000,0.99885,0.62425,17820000,3111,3520,3496
chr5,17820000,0.9974,0.62085,17840000,2950,3034,3185
chr5,17840000,0.97985,0.64035,17860000,3514,3648,3661
chr5,17860000,0.990842,0.64915,17880000,3460,3625,3696
chr5,17880000,0.96638,0.65555,17900000,3457,3503,3671
chr5,17900000,0.974788,0.6672,17920000,3765,3820,4112
chr5,17920000,0.869722,0.62985,17940000,2591,2701,2975
chr5,17940000,0.945133,0.62775,17960000,3124,3235,3324
chr5,17960000,0.995933,0.63825,17980000,3568,3674,3711
chr5,17980000,0.99065,0.63755,18000000,3755,3754,4133
chr5,18000000,0.918538,0.63895,18020000,2980,2949,3298
chr5,18020000,0.995148,0.6392,18040000,3327,3531,3655
chr5,18040000,0.919009,0.6488,18060000,3249,3274,3618
chr5,18060000,0.983301,0.66515,18080000,3878,3824,4112
chr5,18080000,0.973366,0.663,18100000,3578,3612,3856
chr5,18100000,0.995675,0.62145,18120000,3177,3303,3441
chr5,18120000,0.956088,0.6251,18140000,3047,3201,3263
chr5,18140000,0.861805,0.582,18160000,2149,2116,2465
chr5,18160000,0.733873,0.5999,18180000,2018,2030,2462
chr5,18180000,0.992669,0.665,18200000,3742,3945,4237
chr5,18200000,0.970864,0.6507,18220000,3505,3501,3782
chr5,18220000,0.99697,0.66375,18240000,3791,3813,4145
chr5,18240000,0.995235,0.6063,18260000,2768,2989,2906
chr5,18260000,0.989333,0.61635,18280000,2407,2414,2638
chr5,18280000,0.954997,0.6637,18300000,3691,3501,4056
chr5,18300000,0.997224,0.6572,18320000,3510,3683,3672
chr5,18320000,0.678635,0.5987,18340000,2052,2023,2204
chr5,18340000,0.988227,0.6634,18360000,3735,3591,4133
chr5,18360000,0.928552,0.6495,18380000,3370,3356,3843
chr5,18380000,0.992325,0.6541,18400000,3435,3573,3670
chr5,18400000,0.945191,0.705,18420000,3990,3821,4590
chr5,18420000,0.982245,0.6911,18440000,4123,3801,4634
chr5,18440000,0.907966,0.6533,18460000,3290,3203,3586
chr5,18460000,0.996012,0.6584,18480000,3535,3628,3853
chr5,18480000,0.950913,0.67185,18500000,3524,3330,3807
chr5,18500000,0.834296,0.6418,18520000,2928,2846,3362
chr5,18520000,0.99725,0.6545,18540000,3544,3855,4118
chr5,18540000,0.811397,0.6274,18560000,2070,2145,2468
chr5,18560000,0.98925,0.66125,18580000,3478,3462,3758
chr5,18580000,1,0.6514,18600000,3520,3796,3943
chr5,18600000,1,0.6393,18620000,3290,3458,3477
chr5,18620000,0.999162,0.6417,18640000,3528,3483,3661
chr5,18640000,0.987333,0.66735,18660000,3907,3779,4291
chr5,18660000,0.987269,0.62245,18680000,2869,3067,3025
chr5,18680000,0.996675,0.6628,18700000,3681,3686,4079
chr5,18700000,0.877154,0.61715,18720000,2452,2533,2730
chr5,18720000,0.859403,0.59975,18740000,2100,2135,2320
chr5,18740000,1,0.63335,18760000,3196,3259,3463
chr5,18760000,0.667899,0.64115,18780000,2159,2025,2468
chr5,18780000,1,0.6118,18800000,3026,3278,3104
chr5,18800000,1,0.6034,18820000,2679,3072,2918
chr5,18820000,0.961408,0.62075,18840000,2976,3011,3152
chr5,18840000,0.994661,0.6311,18860000,3167,3385,3484
chr5,18860000,1,0.5948,18880000,2577,2954,2579
chr5,18880000,0.969908,0.61055,18900000,2759,2925,2970
chr5,18900000,0.996287,0.6428,18920000,3402,3296,3580
chr5,18920000,0.995821,0.6453,18940000,3295,3349,3563
chr5,18940000,0.99,0.6497,18960000,3259,3479,3592
chr5,18960000,0.996275,0.6454,18980000,3508,3433,3771
chr5,18980000,0.997775,0.6331,19000000,3409,3527,3456
chr5,19000000,0.96843,0.6612,19020000,3294,3374,3589
chr5,19020000,0.911867,0.6382,19040000,2788,3182,3226
chr5,19040000,0.86401,0.6469,19060000,2933,2869,3359
chr5,19060000,0.977545,0.60815,19080000,2885,3066,3254
chr5,19080000,0.966462,0.6178,19100000,2912,3013,3097
chr5,19100000,0.544717,0.63365,19120000,384,353,460
chr5,19120000,0.439539,0.644,19140000,354,330,406
chr5,19140000,0.496736,0.65295,19160000,1059,1142,1116
chr5,19160000,1,0.6037,19180000,2842,3171,3059
chr5,19180000,1,0.6127,19200000,2803,3111,2930
chr5,19200000,0.94728,0.6639,19220000,3443,3458,3634
chr5,19220000,1,0.6085,19240000,2821,3222,2915
chr5,19240000,1,0.61805,19260000,2889,3163,3034
chr5,19260000,0.985117,0.63545,19280000,3021,3226,3246
chr5,19280000,0.846664,0.6444,19300000,2917,2948,3332
chr5,19300000,0.998733,0.61595,19320000,3331,3449,3375
chr5,19320000,0.999625,0.6488,19340000,3413,3414,3602
chr5,19340000,0.894003,0.66165,19360000,2776,2675,3098
chr5,19360000,0.452824,0.68845,19380000,987,871,1269
chr5,19380000,0.973942,0.6518,19400000,3378,3472,3554
chr5,19400000,0.995983,0.6573,19420000,3526,3649,3880
chr5,19420000,0.957437,0.64505,19440000,3222,3286,3358
chr5,19440000,0.966629,0.65265,19460000,3105,3173,3364
chr5,19460000,0.948856,0.67895,19480000,3500,3490,4034
chr5,19480000,1,0.63095,19500000,3079,3337,3294
chr5,19500000,0.969736,0.6474,19520000,3091,3232,3310
chr5,19520000,0.9791,0.64795,19540000,3203,3392,3344
chr5,19540000,0.850395,0.66425,19560000,2822,2870,3265
chr5,19560000,0.927205,0.6839,19580000,3783,3753,4196
chr5,19580000,0.990095,0.67,19600000,4446,4482,5024
chr5,19600000,0.974267,0.6392,19620000,3113,3253,3386
chr5,19620000,0.996248,0.64215,19640000,3519,3739,3720
chr5,19640000,0.989804,0.66295,19660000,3818,3848,4385
chr5,19660000,0.999775,0.6323,19680000,3126,3368,3209
chr5,19680000,0.899221,0.68015,19700000,3322,3199,3872
chr5,19700000,0.885596,0.6675,19720000,2945,3063,3312
chr5,19720000,0.963157,0.6379,19740000,3239,3254,3619
chr5,19740000,0.9874,0.6616,19760000,3434,3420,3773
chr5,19760000,0.989392,0.622,19780000,2976,3174,3163
chr5,19780000,0.986908,0.64395,19800000,3320,3514,3745
chr5,19800000,0.967272,0.6748,19820000,3582,3411,3912
chr5,19820000,0.998225,0.6436,19840000,3419,3452,3672
chr5,19840000,1,0.6536,19860000,3429,3434,3608
chr5,19860000,0.961821,0.6494,19880000,3358,3447,3796
chr5,19880000,1,0.62145,19900000,3065,3383,3105
chr5,19900000,0.989607,0.6466,19920000,3460,3469,3838
chr5,19920000,0.93544,0.63635,19940000,2693,2910,3016
chr5,19940000,0.881082,0.59005,19960000,2259,2195,2426
chr5,19960000,0.909146,0.6479,19980000,2960,2879,3102
chr5,19980000,0.353383,0.61855,20000000,42,41,44
chr5,20000000,0.677361,0.648,20020000,1942,1934,2190
chr5,20020000,0.992392,0.64325,20040000,3301,3271,3556
chr5,20040000,0.990961,0.6188,20060000,2962,3094,3304
chr5,20060000,0.88649,0.626,20080000,3105,2914,3251
chr5,20080000,0.549844,0.5856,20100000,1209,1171,1356
chr5,20100000,1,0.63335,20120000,3194,3354,3294
chr5,20120000,0.949615,0.6645,20140000,3694,3541,4051
chr5,20140000,1,0.6008,20160000,2776,3183,2976
chr5,20160000,1,0.64315,20180000,3385,3708,3616
chr5,20180000,0.995357,0.6373,20200000,3285,3516,3517
chr5,20200000,0.998483,0.65125,20220000,3617,3605,3776
chr5,20220000,0.972992,0.64485,20240000,3120,3399,3291
chr5,20240000,0.935204,0.61595,20260000,2531,2872,2748
chr5,20260000,0.601457,0.6818,20280000,1609,1543,1810
chr5,20280000,0.916369,0.6248,20300000,2615,2729,2898
chr5,20300000,0.955778,0.6338,20320000,3128,3251,3378
chr5,20320000,0.886669,0.5887,20340000,2339,2297,2734
chr5,20340000,0.9242,0.65925,20360000,2946,2995,3398
chr5,20360000,0.992558,0.625,20380000,3038,3185,3313
chr5,20380000,0.978806,0.65495,20400000,3249,3166,3547
chr5,20400000,0.883427,0.6341,20420000,2726,2790,2935
chr5,20420000,0.979275,0.6517,20440000,3408,3272,3630
chr5,20440000,0.988529,0.6331,20460000,3051,3200,3260
chr5,20460000,0.873916,0.6328,20480000,2227,2591,2638
chr5,20480000,1,0.6124,20500000,2768,3133,2790
chr5,20500000,0.6083,0.63155,20520000,1268,1302,1246
chr5,20520000,0.991235,0.61785,20540000,3131,3218,3292
chr5,20540000,0.9964,0.62075,20560000,2950,3057,3048
chr5,20560000,0.995773,0.64095,20580000,3354,3449,3746
chr5,20580000,0.993275,0.6151,20600000,2868,3009,3148
chr5,20600000,0.987196,0.6373,20620000,3156,3492,3445
chr5,20620000,0.976939,0.63815,20640000,3099,3276,3443
chr5,20640000,0.946764,0.69815,20660000,3958,3742,4495
chr5,20660000,0.98345,0.61745,20680000,2931,3087,3234
chr5,20680000,0.978617,0.63595,20700000,2822,2880,3031
chr5,20700000,1,0.64075,20720000,3385,3463,3505
chr5,20720000,0.96639,0.66225,20740000,3515,3234,4083
chr5,20740000,0.73139,0.63685,20760000,1971,1964,2181
chr5,20760000,1,0.6578,20780000,3520,3702,3792
chr5,20780000,1,0.61705,20800000,2816,3148,3070
chr5,20800000,0.942312,0.66135,20820000,3814,4009,3908
chr5,20820000,0.856878,0.63785,20840000,2785,2714,3021
chr5,20840000,0.956243,0.6298,20860000,3069,3114,3263
chr5,20860000,0.87895,0.606,20880000,2238,2406,2246
chr5,20880000,0.838725,0.619,20900000,2619,2729,2832
chr5,20900000,0.970264,0.6573,20920000,3367,3514,3646
chr5,20920000,0.87525,0.65865,20940000,2710,2518,2742
chr5,20940000,0.601175,0.6972,20960000,1153,1222,1354
chr5,20960000,0.998213,0.64885,20980000,3171,3192,3461
chr5,20980000,0.976596,0.66045,21000000,3540,3635,3902
chr5,21000000,0.773957,0.5583,21020000,1957,2044,2120
chr5,21020000,0.968053,0.6379,21040000,3375,3379,3552
chr5,21040000,0.986808,0.6358,21060000,3247,3129,3468
chr5,21060000,0.988034,0.66935,21080000,3632,3694,3980
chr5,21080000,1,0.63755,21100000,3301,3454,3442
chr5,21100000,0.991294,0.6375,21120000,3092,3216,3294
chr5,21120000,0.946725,0.65905,21140000,3240,3314,3398
chr5,21140000,0.938693,0.66385,21160000,3197,3145,3448
chr5,21160000,0.982482,0.67595,21180000,3957,3601,4487
chr5,21180000,1,0.6686,21200000,4080,4025,4143
chr5,21200000,0.999,0.6374,21220000,3367,3455,3474
chr5,21220000,0.998754,0.62595,21240000,3137,3533,3283
chr5,21240000,0.942985,0.6566,21260000,3351,3072,3920
chr5,21260000,0.944941,0.70475,21280000,3918,3623,4406
chr5,21280000,0.978925,0.6192,21300000,2832,2946,3102
chr5,21300000,0.916981,0.66065,21320000,3198,3203,3439
chr5,21320000,0.80245,0.59835,21340000,2185,2002,2660
chr5,21340000,0.966199,0.6501,21360000,3114,3368,3650
chr5,21360000,0.9792,0.629,21380000,3058,3168,3115
chr5,21380000,0.997575,0.62265,21400000,2990,3207,3178
chr5,21400000,0.991375,0.6076,21420000,2606,2881,2905
chr5,21420000,0.85618,0.6357,21440000,2444,2555,2888
chr5,21440000,0.999933,0.66195,21460000,3694,3733,3894
chr5,21460000,0.997225,0.6358,21480000,3132,3399,3328
chr5,21480000,0.976132,0.62975,21500000,3366,3422,3765
chr5,21500000,0.93161,0.6503,21520000,3183,3227,3598
chr5,21520000,0.888761,0.5985,21540000,2466,2607,2597
chr5,21540000,0.877836,0.6092,21560000,2615,2562,2591
chr5,21560000,0.9732,0.63585,21580000,3057,3089,3194
chr5,21580000,0.990825,0.5856,21600000,2548,2547,2902
chr5,21600000,0.96145,0.61515,21620000,2337,2433,2650
chr5,21620000,0.863327,0.64495,21640000,2846,2975,3234
chr5,21640000,0.9967,0.59635,21660000,2548,2858,2727
chr5,21660000,0.902852,0.6499,21680000,2944,2811,3574
chr5,21680000,0.9983,0.6444,21700000,3011,3045,3384
chr5,21700000,0.954675,0.64225,21720000,3033,2914,3454
chr5,21720000,0.921182,0.6627,21740000,3311,3235,3610
chr5,21740000,0.998125,0.6181,21760000,2967,3050,3281
chr5,21760000,0.819877,0.60925,21780000,2319,2362,2498
chr5,21780000,0.991872,0.6192,21800000,2800,2882,2938
chr5,21800000,0.981998,0.6032,21820000,2798,2901,3089
chr5,21820000,0.873785,0.71895,21840000,3588,3229,4420
chr5,21840000,1,0.63225,21860000,3153,3252,3174
chr5,21860000,0.998924,0.6041,21880000,3024,3136,3301
chr5,21880000,0.990972,0.6532,21900000,3575,3474,4119
chr5,21900000,1,0.6081,21920000,2755,2951,3033
chr5,21920000,0.951411,0.6322,21940000,2979,2969,3334
chr5,21940000,0.862635,0.6055,21960000,2218,2276,2594
chr5,21960000,0.596487,0.6524,21980000,902,813,1225
chr5,21980000,0.594676,0.6451,22000000,858,777,1185
chr5,22000000,0.973912,0.62585,22020000,2503,2786,2849
chr5,22020000,0.980917,0.63585,22040000,2956,3135,3277
chr5,22040000,0.910013,0.6861,22060000,3377,3452,4027
chr5,22060000,0.974999,0.66345,22080000,3447,3372,3920
chr5,22080000,0.999425,0.6255,22100000,2906,3101,2997
chr5,22100000,0.972486,0.6458,22120000,3142,3207,3353
chr5,22120000,0.998314,0.6421,22140000,3234,3562,3439
chr5,22140000,0.998575,0.6321,22160000,3161,3271,3329
chr5,22160000,0.986667,0.62905,22180000,2841,3130,3117
chr5,22180000,0.99657,0.6263,22200000,2494,2678,2732
chr5,22200000,0.994413,0.68365,22220000,3653,3523,4040
chr5,22220000,0.9979,0.6069,22240000,2732,3056,2893
chr5,22240000,0.999525,0.61075,22260000,2440,2850,2621
chr5,22260000,0.742904,0.6234,22280000,1843,1884,1942
chr5,22280000,0.805883,0.61375,22300000,2119,2300,2341
chr5,22300000,0.925211,0.65995,22320000,3116,2918,3627
chr5,22320000,0.974557,0.62615,22340000,2869,3015,3081
chr5,22340000,0.979434,0.64805,22360000,3415,3434,3682
chr5,22360000,0.999652,0.6372,22380000,3439,3493,3546
chr5,22380000,0.993672,0.66765,22400000,3703,3659,4131
chr5,22400000,0.962741,0.70125,22420000,4140,3888,4475
chr5,22420000,0.998133,0.64245,22440000,3196,3402,3599
chr5,22440000,0.99465,0.63635,22460000,3123,3282,3479
chr5,22460000,0.927404,0.69525,22480000,3576,3476,4069
chr5,22480000,0.74902,0.6307,22500000,2228,2243,2370
chr5,22500000,0.877155,0.6232,22520000,2646,2697,2745
chr5,22520000,0.821189,0.62,22540000,2087,2195,2385
chr5,22540000,0.988304,0.65865,22560000,3457,3449,3773
chr5,22560000,0.995106,0.6449,22580000,3212,3282,3518
chr5,22580000,0.967217,0.62955,22600000,3031,3327,3186
chr5,22600000,1,0.6126,22620000,2765,3124,2950
chr5,22620000,0.985908,0.62015,22640000,3135,3398,3465
chr5,22640000,0.993746,0.6381,22660000,3396,3507,3483
chr5,22660000,0.930094,0.6153,22680000,2780,2724,2981
chr5,22680000,0.993403,0.63475,22700000,3178,3187,3410
chr5,22700000,0.994939,0.6388,22720000,3319,3447,3453
chr5,22720000,0.997008,0.64445,22740000,3404,3520,3523
chr5,22740000,0.889133,0.63685,22760000,2966,3436,3406
chr5,22760000,0.992676,0.63995,22780000,3301,3486,3595
chr5,22780000,0.931704,0.61935,22800000,2611,2876,2735
chr5,22800000,0.930133,0.60495,22820000,2382,2649,2496
chr5,22820000,0.93822,0.6359,22840000,2940,3232,3328
chr5,22840000,0.574601,0.6479,22860000,1074,1058,1414
chr5,22860000,0.899449,0.6671,22880000,3256,3063,3578
chr5,22880000,0.968855,0.6587,22900000,3244,3196,3551
chr5,22900000,0.875685,0.59885,22920000,2326,2550,2659
chr5,22920000,0.98196,0.65245,22940000,3243,3155,3620
chr5,22940000,1,0.62735,22960000,2815,3037,3211
chr5,22960000,0.99543,0.6667,22980000,3537,3633,3811
chr5,22980000,0.987075,0.64085,23000000,3086,3321,3239
chr5,23000000,0.967253,0.64185,23020000,2922,2954,3273
chr5,23020000,0.807243,0.6175,23040000,2221,2369,2464
chr5,23040000,0.9967,0.61335,23060000,2955,3060,3185
chr5,23060000,0.992437,0.6619,23080000,4043,3649,4196
chr5,23080000,0.99665,0.6186,23100000,2651,2778,2828
chr5,23100000,0.980153,0.61425,23120000,2259,2257,2594
chr5,23120000,0.981225,0.62795,23140000,2999,3092,3389
chr5,23140000,0.950354,0.6207,23160000,2634,2735,2934
chr5,23160000,0.989326,0.64875,23180000,3168,3293,3700
chr5,23180000,0.97775,0.6603,23200000,3341,3222,3834
chr5,23200000,0.793964,0.606,23220000,1630,1970,1904
chr5,23220000,0.841625,0.6078,23240000,1645,1790,1769
chr5,23240000,0.991259,0.6508,23260000,3308,3309,3663
chr5,23260000,0.971121,0.6414,23280000,2632,2749,3006
chr5,23280000,0.998725,0.6291,23300000,2962,3159,3258
chr5,23300000,1,0.63655,23320000,3239,3351,3366
chr5,23320000,0.970333,0.6472,23340000,3299,3277,3688
chr5,23340000,0.91808,0.65205,23360000,3237,3152,3370
chr5,23360000,0.940346,0.6375,23380000,2568,2492,2756
chr5,23380000,0.994243,0.6201,23400000,3015,3171,3391
chr5,23400000,0.741926,0.5982,23420000,1514,1401,1937
chr5,23420000,0.9737,0.64235,23440000,2778,2842,3088
chr5,23440000,0.961381,0.63535,23460000,2612,2715,2861
chr5,23460000,0.99655,0.6555,23480000,3542,3538,3845
chr5,23480000,0.98577,0.6703,23500000,3885,3733,4026
chr5,23500000,0.925971,0.64095,23520000,2882,2900,3068
chr5,23520000,0.858075,0.612,23540000,2400,2628,2718
chr5,23540000,0.872799,0.6357,23560000,2641,2534,3067
chr5,23560000,0.909798,0.6105,23580000,2312,2435,2504
chr5,23580000,0.784765,0.57285,23600000,1760,1694,2234
chr5,23600000,0.995717,0.63215,23620000,3183,3369,3360
chr5,23620000,1,0.6166,23640000,2794,2948,2954
chr5,23640000,0.99975,0.61405,23660000,2846,3269,2898
chr5,23660000,0.990833,0.6615,23680000,3703,3531,3896
chr5,23680000,0.76269,0.6867,23700000,2444,2179,2755
chr5,23700000,0.998133,0.6515,23720000,3509,3517,3636
chr5,23720000,1,0.63575,23740000,3277,3492,3452
chr5,23740000,0.937499,0.65895,23760000,2897,2785,3390
chr5,23760000,0.984875,0.633,23780000,3288,3261,3585
chr5,23780000,0.998375,0.65065,23800000,3457,3488,3655
chr5,23800000,0.995108,0.65575,23820000,3576,3518,3785
chr5,23820000,0.990581,0.6326,23840000,3054,3116,3173
chr5,23840000,1,0.6338,23860000,2840,3013,3155
chr5,23860000,0.970983,0.6135,23880000,2607,2879,2866
chr5,23880000,0.990395,0.6199,23900000,2653,2932,2981
chr5,23900000,1,0.61275,23920000,2577,2739,2813
chr5,23920000,0.955196,0.64295,23940000,2778,2994,3103
chr5,23940000,1,0.65765,23960000,3492,3654,3747
chr5,23960000,0.961684,0.65235,23980000,2881,2936,3159
chr5,23980000,1,0.67445,24000000,2478,2430,2631
chr5,24000000,0.977456,0.6589,24020000,2386,2370,2653
chr5,24020000,0.987221,0.607,24040000,1569,1949,1773
chr5,24040000,0.876002,0.6511,24060000,1907,1986,2103
chr5,24060000,0.81707,0.65315,24080000,1763,1637,1921
chr5,24080000,0.665067,0.6184,24100000,644,617,783
chr5,24100000,0.87995,0.6114,24120000,1635,1763,1772
chr5,24120000,0.633295,0.591,24140000,1120,1095,1174
chr5,24140000,0.98403,0.6394,24160000,1863,1880,1966
chr5,24160000,0.9612,0.65355,24180000,2234,2181,2456
chr5,24180000,0.872292,0.62365,24200000,2232,2413,2318
chr5,24200000,0.883918,0.64775,24220000,1851,1829,2024
chr5,24220000,0.979562,0.63355,24240000,2045,2162,2295
chr5,24240000,0.997988,0.65275,24260000,2431,2368,2679
chr5,24260000,0.993739,0.6278,24280000,2035,2149,2078
chr5,24280000,0.947356,0.6446,24300000,2202,2101,2522
chr5,24300000,0.979005,0.62515,24320000,1811,1795,1901
chr5,24320000,0.972267,0.6434,24340000,2216,2200,2490
chr5,24340000,0.96115,0.6137,24360000,1735,1792,1832
chr5,24360000,1,0.6046,24380000,1840,1961,1995
chr5,24380000,0.988141,0.6604,24400000,2493,2491,2719
chr5,24400000,0.998487,0.6619,24420000,2398,2367,2570
chr5,24420000,1,0.69845,24440000,2883,2715,2989
chr5,24440000,0.893048,0.66655,24460000,2009,1933,2291
chr5,24460000,0.967049,0.68405,24480000,2489,2311,2848
chr5,24480000,1,0.65275,24500000,2152,2211,2369
chr5,24500000,0.967042,0.6384,24520000,1685,1824,2142
chr5,24520000,0.986848,0.6438,24540000,2077,2209,2359
chr5,24540000,0.988175,0.6477,24560000,2452,2680,2623
chr5,24560000,0.965196,0.64825,24580000,2088,2088,2459
chr5,24580000,1,0.61115,24600000,1942,2058,2044
chr5,24600000,0.925007,0.62755,24620000,1737,1883,1896
chr5,24620000,1,0.62785,24640000,2036,2219,2111
chr5,24640000,0.886985,0.645,24660000,1983,1831,2117
chr5,24660000,0.986766,0.62725,24680000,1873,1918,1882
chr5,24680000,0.968859,0.65355,24700000,2272,2340,2491
chr5,24700000,0.9677,0.652,24720000,2229,2345,2351
chr5,24720000,0.757239,0.65055,24740000,1785,1470,2088
chr5,24740000,0.71897,0.59275,24760000,1275,1221,1343
chr5,24760000,0.913344,0.6214,24780000,1923,1968,2102
chr5,24780000,0.902876,0.63925,24800000,1910,1887,2121
chr5,24800000,0.91984,0.64935,24820000,1972,1928,2211
chr5,24820000,1,0.62565,24840000,1956,2226,2116
chr5,24840000,0.875056,0.6216,24860000,1709,1896,1938
chr5,24860000,0.961909,0.6399,24880000,1868,1895,2070
chr5,24880000,0.970667,0.61325,24900000,1937,2205,2084
chr5,24900000,0.935733,0.6089,24920000,1778,1840,1938
chr5,24920000,0.996275,0.64845,24940000,2237,2251,2410
chr5,24940000,0.972785,0.6428,24960000,1984,2092,2045
chr5,24960000,0.966463,0.65535,24980000,2388,2246,2658
chr5,24980000,0.965796,0.6209,25000000,1898,1986,2086
chr5,25000000,0.988825,0.63375,25020000,1927,2008,2205
chr5,25020000,0.968602,0.6393,25040000,2192,2144,2414
chr5,25040000,0.948925,0.62295,25060000,1981,1964,2062
chr5,25060000,0.984307,0.62435,25080000,2201,2095,2383
chr5,25080000,0.840466,0.58045,25100000,1424,1452,1683
chr5,25100000,0.971656,0.6067,25120000,1890,1957,2026
chr5,25120000,0.97636,0.58695,25140000,1651,1918,1768
chr5,25140000,1,0.5862,25160000,1527,1756,1659
chr5,25160000,1,0.58615,25180000,1790,1917,1928
chr5,25180000,0.9973,0.5907,25200000,1643,1766,1722
chr5,25200000,1,0.578,25220000,2045,2373,2215
chr6,0,0.3886,0.6084,20000,19,26,27
chr6,20000,0.638029,0.64295,40000,665,645,356
chr6,40000,0.757316,0.5917,60000,909,1009,499
chr6,60000,0.992341,0.5971,80000,1640,1853,832
chr6,80000,0.955009,0.63935,100000,2046,1979,1132
chr6,100000,0.999775,0.63125,120000,2166,2196,1182
chr6,120000,0.901922,0.635,140000,1881,1933,1070
chr6,140000,0.75475,0.625,160000,1365,1375,749
chr6,160000,1,0.64335,180000,2319,2256,1242
chr6,180000,0.941499,0.6358,200000,1917,1954,1091
chr6,200000,0.941946,0.61295,220000,1730,1803,938
chr6,220000,0.986623,0.61475,240000,1797,1724,1393
chr6,240000,0.579251,0.6022,260000,1070,1020,608
chr6,260000,1,0.6209,280000,1977,2172,1421
chr6,280000,1,0.6158,300000,1910,2103,1015
chr6,300000,0.995271,0.6184,320000,2135,2168,1321
chr6,320000,0.998333,0.6278,340000,1914,1923,1029
chr6,340000,0.979774,0.6096,360000,1791,1957,958
chr6,360000,0.952917,0.62835,380000,1910,1949,1082
chr6,380000,0.827267,0.62715,400000,1575,1629,903
chr6,400000,0.942424,0.6401,420000,2461,2432,1992
chr6,420000,1,0.6405,440000,2128,2175,1129
chr6,440000,0.994064,0.6154,460000,1876,2048,988
chr6,460000,1,0.62085,480000,1984,2005,1003
chr6,480000,0.946549,0.6614,500000,2150,2180,1183
chr6,500000,0.960554,0.655,520000,2338,2209,1272
chr6,520000,1,0.6278,540000,1946,2077,1059
chr6,540000,0.987342,0.6243,560000,1967,2141,976
chr6,560000,0.973785,0.6218,580000,1789,2084,994
chr6,580000,0.998775,0.63935,600000,2142,2154,1146
chr6,600000,0.985947,0.63915,620000,2139,2189,1149
chr6,620000,0.970293,0.65275,640000,2170,2131,1163
chr6,640000,0.99865,0.6284,660000,1885,1958,1082
chr6,660000,1,0.62525,680000,1799,2058,1071
chr6,680000,0.716618,0.65655,700000,1462,1410,857
chr6,700000,0.97815,0.6459,720000,2161,2182,1131
chr6,720000,1,0.6311,740000,2108,2239,1132
chr6,740000,0.998233,0.64,760000,2201,2302,1153
chr6,760000,0.983765,0.66445,780000,2566,2474,1477
chr6,780000,0.922117,0.66135,800000,2079,2120,1079
chr6,800000,0.921297,0.6512,820000,2164,2226,1267
chr6,820000,0.97588,0.64185,840000,2171,2015,1208
chr6,840000,0.99805,0.64645,860000,2145,2202,1249
chr6,860000,1,0.64565,880000,2074,2196,1221
chr6,880000,0.987382,0.64435,900000,2154,2231,1233
chr6,900000,0.99418,0.6267,920000,2141,2336,1224
chr6,920000,0.78733,0.6292,940000,1379,1467,799
chr6,940000,0.9869,0.6537,960000,2324,2272,1338
chr6,960000,0.993842,0.62535,980000,1987,2193,1017
chr6,980000,0.9979,0.6698,1000000,2365,2451,1370
chr6,1000000,1,0.62065,1020000,2015,2066,1084
chr6,1020000,0.904958,0.6013,1040000,1700,1690,959
chr6,1040000,0.909326,0.6299,1060000,1826,1926,983
chr6,1060000,1,0.6158,1080000,1913,2116,1029
chr6,1080000,0.99514,0.60775,1100000,1916,2163,1048
chr6,1100000,0.996592,0.6221,1120000,2054,2153,1011
chr6,1120000,0.996139,0.6083,1140000,1870,2177,1010
chr6,1140000,0.952655,0.6362,1160000,1805,1865,986
chr6,1160000,0.9345,0.6537,1180000,2147,2209,1140
chr6,1180000,0.992792,0.6467,1200000,2315,2349,1214
chr6,1200000,0.75439,0.5764,1220000,1289,1220,756
chr6,1220000,1,0.6187,1240000,1751,1952,891
chr6,1240000,0.777315,0.66435,1260000,1878,1779,1111
chr6,1260000,0.995775,0.65995,1280000,2327,2311,1329
chr6,1280000,0.998525,0.65425,1300000,2260,2386,1225
chr6,1300000,1,0.66055,1320000,2485,2445,1295
chr6,1320000,0.553066,0.57515,1340000,871,893,431
chr6,1340000,0.992756,0.66875,1360000,2101,2020,1234
chr6,1360000,0.978756,0.62355,1380000,2000,2163,1013
chr6,1380000,1,0.65515,1400000,2356,2369,1215
chr6,1400000,0.989308,0.6224,1420000,1656,1825,974
chr6,1420000,0.979099,0.64105,1440000,2071,2210,1129
chr6,1440000,0.895142,0.6613,1460000,1946,1883,1029
chr6,1460000,1,0.6199,1480000,1882,2082,1003
chr6,1480000,0.985856,0.65965,1500000,2275,2134,1150
chr6,1500000,0.980122,0.64005,1520000,2039,2057,1082
chr6,1520000,0.945411,0.6809,1540000,2527,2335,1335
chr6,1540000,0.991437,0.64115,1560000,2248,2391,1250
chr6,1560000,0.959315,0.69435,1580000,2479,2409,1462
chr6,1580000,1,0.6099,1600000,1458,1622,808
chr6,1600000,0.9852,0.6406,1620000,2185,2248,1333
chr6,1620000,1,0.655,1640000,2201,2268,1248
chr6,1640000,0.985887,0.62165,1660000,1842,1973,999
chr6,1660000,0.937179,0.64025,1680000,1883,1980,1106
chr6,1680000,0.930273,0.6642,1700000,2105,2020,1066
chr6,1700000,0.911912,0.69735,1720000,2463,2185,1417
chr6,1720000,0.923754,0.68015,1740000,2360,2320,1220
chr6,1740000,0.99905,0.64195,1760000,2055,2157,1136
chr6,1760000,0.945914,0.66355,1780000,2232,2305,1187
chr6,1780000,0.957869,0.6436,1800000,2006,1965,1091
chr6,1800000,0.938097,0.632,1820000,1965,2087,1122
chr6,1820000,1,0.6036,1840000,1710,1930,905
chr6,1840000,0.992926,0.6353,1860000,2096,2153,1205
chr6,1860000,0.961142,0.6535,1880000,1946,1990,1057
chr6,1880000,0.999452,0.6217,1900000,2022,2043,1074
chr6,1900000,0.995983,0.61515,1920000,1719,1840,923
chr6,1920000,1,0.6367,1940000,2167,2256,1145
chr6,1940000,0.994867,0.6308,1960000,2135,2070,1171
chr6,1960000,0.986608,0.6447,1980000,2264,2323,1249
chr6,1980000,0.998425,0.6363,2000000,2099,2290,1184
chr6,2000000,0.996225,0.63145,2020000,1903,2008,1110
chr6,2020000,0.959883,0.63525,2040000,1828,2031,1311
chr6,2040000,0.933225,0.59985,2060000,1445,1558,797
chr6,2060000,0.879092,0.65425,2080000,1934,2003,1062
chr6,2080000,1,0.6138,2100000,1948,2079,992
chr6,2100000,0.992393,0.6808,2120000,2521,2525,1421
chr6,2120000,0.8151,0.6657,2140000,2147,1955,1154
chr6,2140000,0.985785,0.6307,2160000,2041,2153,1075
chr6,2160000,0.944538,0.64755,2180000,2209,2059,1177
chr6,2180000,1,0.6287,2200000,2019,2132,1048
chr6,2200000,1,0.64635,2220000,2231,2349,1148
chr6,2220000,0.963725,0.62245,2240000,1902,1971,1014
chr6,2240000,1,0.61845,2260000,1908,2036,999
chr6,2260000,0.994908,0.6231,2280000,1930,2066,1042
chr6,2280000,1,0.5982,2300000,1705,1843,898
chr6,2300000,1,0.6166,2320000,1989,2021,1028
chr6,2320000,0.981592,0.6083,2340000,1865,1980,1104
chr6,2340000,0.814202,0.61745,2360000,1343,1348,732
chr6,2360000,0.925273,0.6092,2380000,1580,1723,843
chr6,2380000,0.57331,0.62565,2400000,1133,1075,567
chr6,2400000,1,0.62295,2420000,2055,2164,1142
chr6,2420000,0.976947,0.66425,2440000,2385,2395,1323
chr6,2440000,0.926092,0.6477,2460000,1880,1982,1101
chr6,2460000,0.9989,0.61765,2480000,2010,2138,1098
chr6,2480000,0.92638,0.6058,2500000,1573,1638,834
chr6,2500000,1,0.61705,2520000,1799,1986,987
chr6,2520000,0.999925,0.61265,2540000,2002,2164,974
chr6,2540000,0.988064,0.6183,2560000,1938,2133,1107
chr6,2560000,0.994097,0.62215,2580000,2062,2138,1103
chr6,2580000,0.9996,0.64565,2600000,2069,2067,1091
chr6,2600000,0.960876,0.6118,2620000,1723,1976,1059
chr6,2620000,0.625857,0.56565,2640000,976,1089,479
chr6,2640000,0.993092,0.6645,2660000,2405,2422,1350
chr6,2660000,0.969649,0.6738,2680000,2586,2403,1407
chr6,2680000,1,0.6267,2700000,1940,2058,1046
chr6,2700000,0.834664,0.6263,2720000,1805,1783,996
chr6,2720000,0.99228,0.6249,2740000,1963,2129,1127
chr6,2740000,0.861424,0.59935,2760000,1387,1497,751
chr6,2760000,1,0.61895,2780000,1753,1953,934
chr6,2780000,0.963889,0.6569,2800000,2156,1983,1122
chr6,2800000,0.855104,0.6313,2820000,1651,1718,919
chr6,2820000,0.988425,0.64735,2840000,1990,2092,1126
chr6,2840000,0.998983,0.66945,2860000,2518,2409,1358
chr6,2860000,1,0.6163,2880000,1917,1910,985
chr6,2880000,0.757883,0.60385,2900000,1419,1419,860
chr6,2900000,0.545264,0.57325,2920000,959,831,550
chr6,2920000,0.992229,0.64595,2940000,2263,2249,1188
chr6,2940000,1,0.648,2960000,2328,2239,1194
chr6,2960000,0.985633,0.6524,2980000,2212,2158,1190
chr6,2980000,0.914388,0.62945,3000000,1845,1810,1037
chr6,3000000,0.959061,0.63865,3020000,2061,2137,1134
chr6,3020000,1,0.6488,3040000,2203,2105,1171
chr6,3040000,0.995279,0.63445,3060000,2241,2235,1218
chr6,3060000,0.921228,0.6769,3080000,2265,2101,1284
chr6,3080000,0.991996,0.6463,3100000,2240,2351,1217
chr6,3100000,0.993636,0.6744,3120000,2687,2596,1483
chr6,3120000,0.84179,0.61115,3140000,1572,1479,996
chr6,3140000,0.9525,0.63055,3160000,1730,1954,930
chr6,3160000,0.973947,0.64675,3180000,2293,2304,1213
chr6,3180000,0.991227,0.62795,3200000,2023,2064,1140
chr6,3200000,1,0.6323,3220000,2316,2431,1368
chr6,3220000,1,0.61955,3240000,1961,2164,1027
chr6,3240000,1,0.6234,3260000,1779,1786,932
chr6,3260000,0.834647,0.65955,3280000,1803,1745,1016
chr6,3280000,0.988467,0.6632,3300000,2346,2431,1329
chr6,3300000,1,0.5994,3320000,1679,1848,906
chr6,3320000,1,0.652,3340000,2319,2323,1251
chr6,3340000,0.998425,0.64575,3360000,2355,2360,1322
chr6,3360000,0.903102,0.66845,3380000,2144,2241,1223
chr6,3380000,0.886283,0.6368,3400000,1532,1657,884
chr6,3400000,1,0.6156,3420000,1991,2089,952
chr6,3420000,0.94495,0.6432,3440000,1941,2073,1090
chr6,3440000,0.989825,0.64555,3460000,2279,2316,1256
chr6,3460000,1,0.6483,3480000,2276,2366,1162
chr6,3480000,0.986442,0.6477,3500000,2266,2287,1194
chr6,3500000,0.816576,0.61145,3520000,1457,1540,935
chr6,3520000,0.988583,0.6604,3540000,2461,2392,1333
chr6,3540000,0.993925,0.6311,3560000,2030,2153,1166
chr6,3560000,0.981233,0.63045,3580000,2022,2158,1098
chr6,3580000,1,0.6181,3600000,1884,2146,1039
chr6,3600000,0.597152,0.53975,3620000,700,729,397
chr6,3620000,0.998683,0.65775,3640000,2463,2459,1289
chr6,3640000,1,0.6383,3660000,2149,2226,1125
chr6,3660000,0.863222,0.6415,3680000,1763,1787,1009
chr6,3680000,1,0.6369,3700000,2107,2105,1153
chr6,3700000,0.851448,0.69555,3720000,2414,2163,1294
chr6,3720000,0.569971,0.6414,3740000,661,581,396
chr6,3740000,0.710942,0.627,3760000,898,900,559
chr6,3760000,0.969873,0.66265,3780000,2227,2273,1296
chr6,3780000,0.912721,0.6577,3800000,2089,2110,1183
chr6,3800000,1,0.64035,3820000,2178,2283,1197
chr6,3820000,0.867175,0.63835,3840000,1787,1904,1046
chr6,3840000,0.994991,0.63415,3860000,2171,2250,1195
chr6,3860000,0.96555,0.6541,3880000,2113,2095,1142
chr6,3880000,0.756085,0.62915,3900000,1424,1442,790
chr6,3900000,0.9971,0.6461,3920000,2295,2299,1296
chr6,3920000,1,0.60795,3940000,1896,1956,973
chr6,3940000,0.987004,0.62085,3960000,1990,2303,1198
chr6,3960000,0.970357,0.6536,3980000,2452,2636,1879
chr6,3980000,0.972075,0.6388,4000000,2236,2176,1234
chr6,4000000,0.968371,0.65165,4020000,2199,2175,1229
chr6,4020000,0.944342,0.6413,4040000,1992,2092,1049
chr6,4040000,0.964105,0.6436,4060000,2159,2136,1182
chr6,4060000,0.975303,0.6234,4080000,1979,1885,1067
chr6,4080000,0.94445,0.61655,4100000,1783,1957,974
chr6,4100000,0.93079,0.6903,4120000,2447,2305,1437
chr6,4120000,0.98197,0.68045,4140000,2487,2570,1453
chr6,4140000,0.985762,0.6469,4160000,2275,2298,1185
chr6,4160000,0.984593,0.6506,4180000,2338,2339,1272
chr6,4180000,0.995625,0.65635,4200000,2442,2324,1280
chr6,4200000,0.925472,0.65085,4220000,2022,1965,1031
chr6,4220000,0.996842,0.6288,4240000,2039,2139,1091
chr6,4240000,0.971667,0.6394,4260000,2163,2252,1118
chr6,4260000,0.9998,0.62725,4280000,1988,2134,1096
chr6,4280000,0.805566,0.5781,4300000,1447,1352,815
chr6,4300000,0.81559,0.6428,4320000,1902,1869,1049
chr6,4320000,0.953555,0.63415,4340000,2031,2238,1099
chr6,4340000,0.976127,0.66545,4360000,2606,2513,1485
chr6,4360000,0.850192,0.66455,4380000,2061,1806,1159
chr6,4380000,0.844015,0.62145,4400000,1596,1651,862
chr6,4400000,0.763707,0.63135,4420000,1631,1617,920
chr6,4420000,1,0.6455,4440000,2013,2204,1157
chr6,4440000,0.998925,0.6381,4460000,2359,2314,1303
chr6,4460000,0.998425,0.6214,4480000,2022,2129,1106
chr6,4480000,0.9666,0.6122,4500000,1531,1787,857
chr6,4500000,0.712407,0.59005,4520000,1206,1300,659
chr6,4520000,0.934816,0.6353,4540000,1957,1908,1073
chr6,4540000,0.928174,0.64365,4560000,1961,2105,1097
chr6,4560000,0.82835,0.61945,4580000,1520,1607,898
chr6,4580000,0.994549,0.6263,4600000,2002,2149,1057
chr6,4600000,0.994942,0.62965,4620000,2049,2177,1134
chr6,4620000,0.87749,0.6474,4640000,1793,1881,971
chr6,4640000,0.999237,0.68045,4660000,2666,2608,1459
chr6,4660000,1,0.64685,4680000,1988,2023,1019
chr6,4680000,0.800359,0.6309,4700000,1501,1548,924
chr6,4700000,0.999888,0.61525,4720000,1881,2062,959
chr6,4720000,0.969746,0.6422,4740000,1935,2038,1086
chr6,4740000,0.895002,0.6291,4760000,1988,1857,1124
chr6,4760000,0.988664,0.6392,4780000,2019,2170,1158
chr6,4780000,0.986143,0.60985,4800000,1833,2103,1081
chr6,4800000,0.994631,0.6255,4820000,2282,2408,1344
chr6,4820000,0.925152,0.62095,4840000,1738,1803,912
chr6,4840000,0.710939,0.60525,4860000,1369,1331,812
chr6,4860000,0.987381,0.6463,4880000,2150,2224,1233
chr6,4880000,0.975813,0.6329,4900000,2026,2135,1104
chr6,4900000,0.992192,0.65735,4920000,2508,2388,1304
chr6,4920000,0.960435,0.62115,4940000,1680,1900,961
chr6,4940000,1,0.61595,4960000,1869,2040,953
chr6,4960000,0.938269,0.61475,4980000,1878,1819,1022
chr6,4980000,0.979937,0.63595,5000000,2166,2192,1130
chr6,5000000,0.983685,0.6466,5020000,2157,2090,1102
chr6,5020000,0.998563,0.6601,5040000,2551,2293,1362
chr6,5040000,0.984142,0.6212,5060000,1915,1989,1146
chr6,5060000,0.998125,0.6141,5080000,1930,1984,1068
chr6,5080000,0.99965,0.666,5100000,2579,2571,1330
chr6,5100000,0.975806,0.6556,5120000,2398,2299,1350
chr6,5120000,0.974896,0.66535,5140000,2465,2346,1303
chr6,5140000,0.872233,0.67375,5160000,2067,1926,1168
chr6,5160000,0.9934,0.6288,5180000,2224,2237,1282
chr6,5180000,0.968395,0.56405,5200000,1727,1608,998
chr6,5200000,0.997075,0.63235,5220000,2976,3500,1596
chr6,5220000,0.993483,0.7025,5240000,2768,2548,1514
chr6,5240000,0.9929,0.6737,5260000,2903,2472,1769
chr6,5260000,0.893407,0.62985,5280000,1706,1777,900
chr6,5280000,0.947126,0.66095,5300000,2196,2214,1259
chr6,5300000,1,0.60855,5320000,1914,1986,963
chr6,5320000,0.988895,0.62395,5340000,2085,2181,1181
chr6,5340000,0.999942,0.6093,5360000,1684,1811,955
chr6,5360000,0.953775,0.61895,5380000,1729,1781,911
chr6,5380000,0.849816,0.62885,5400000,1620,1691,1001
chr6,5400000,0.98995,0.6333,5420000,2011,2263,1156
chr6,5420000,0.950731,0.62795,5440000,1936,2107,1061
chr6,5440000,0.996575,0.65385,5460000,2434,2527,1305
chr6,5460000,0.978564,0.61185,5480000,1702,1906,906
chr6,5480000,0.983829,0.6162,5500000,1877,1907,1002
chr6,5500000,0.888448,0.60825,5520000,1571,1733,880
chr6,5520000,0.985946,0.62905,5540000,2191,2112,1131
chr6,5540000,0.991787,0.60415,5560000,1723,1827,983
chr6,5560000,0.997771,0.62855,5580000,1912,1967,998
chr6,5580000,0.982674,0.6589,5600000,2370,2225,1301
chr6,5600000,0.995775,0.6245,5620000,2114,2119,989
chr6,5620000,0.9949,0.6436,5640000,2174,2267,1172
chr6,5640000,1,0.6376,5660000,2238,2420,1158
chr6,5660000,0.99425,0.63335,5680000,2170,2367,1212
chr6,5680000,0.996279,0.6326,5700000,2183,2333,1096
chr6,5700000,0.984125,0.62575,5720000,2013,2253,1132
chr6,5720000,1,0.6364,5740000,2205,2385,1137
chr6,5740000,1,0.61195,5760000,1652,1897,857
chr6,5760000,1,0.6343,5780000,2042,2275,1148
chr6,5780000,0.990767,0.64655,5800000,2168,2292,1274
chr6,5800000,0.999975,0.63125,5820000,2112,2300,1172
chr6,5820000,0.905766,0.662,5840000,2042,2002,1150
chr6,5840000,0.919383,0.62755,5860000,1591,1680,919
chr6,5860000,0.952394,0.6452,5880000,2204,2325,1319
chr6,5880000,0.970347,0.6542,5900000,2350,2234,1281
chr6,5900000,0.933629,0.6371,5920000,1981,2094,1177
chr6,5920000,1,0.6335,5940000,2192,2257,1199
chr6,5940000,1,0.62625,5960000,12302,20292,12579
chr6,5960000,0.912034,0.62065,5980000,1722,1717,942
chr6,5980000,0.924525,0.6211,6000000,1783,1740,1020
chr6,6000000,0.981975,0.65255,6020000,2624,2509,1449
chr6,6020000,0.997701,0.67445,6040000,2530,2585,1346
chr6,6040000,1,0.618,6060000,1996,2307,1103
chr6,6060000,0.99845,0.6414,6080000,2228,2310,1190
chr6,6080000,0.759972,0.63155,6100000,1677,1634,926
chr6,6100000,0.993625,0.62255,6120000,1978,2114,1153
chr6,6120000,0.962972,0.62525,6140000,1977,2130,1071
chr6,6140000,0.996888,0.64155,6160000,2102,2309,1223
chr6,6160000,0.980152,0.69095,6180000,2814,2597,1516
chr6,6180000,0.995808,0.64135,6200000,2025,2075,1131
chr6,6200000,0.997525,0.6336,6220000,1989,2064,1059
chr6,6220000,0.996891,0.69715,6240000,2881,2699,1521
chr6,6240000,0.983667,0.63035,6260000,1967,2002,1038
chr6,6260000,0.679909,0.5937,6280000,1215,1199,755
chr6,6280000,0.977784,0.6488,6300000,2625,2893,1822
chr6,6300000,1,0.66705,6320000,2812,2759,1493
chr6,6320000,1,0.61415,6340000,1760,2013,974
chr6,6340000,0.974502,0.65075,6360000,2245,2270,1217
chr6,6360000,0.877809,0.6735,6380000,2368,2332,1286
chr6,6380000,0.959957,0.63355,6400000,1993,2010,1090
chr6,6400000,0.844087,0.6768,6420000,2155,1987,1197
chr6,6420000,0.9662,0.6073,6440000,1872,1807,1129
chr6,6440000,0.802462,0.6258,6460000,1677,1720,992
chr6,6460000,0.926633,0.61245,6480000,1749,1851,951
chr6,6480000,0.953658,0.63845,6500000,2034,2106,1213
chr6,6500000,0.9635,0.619,6520000,2369,2344,1414
chr6,6520000,0.994317,0.6241,6540000,2236,2278,1224
chr6,6540000,0.981273,0.62015,6560000,1990,2167,1102
chr6,6560000,0.915404,0.6587,6580000,2215,2260,1335
chr6,6580000,0.92408,0.626,6600000,1767,1913,969
chr6,6600000,0.575562,0.6145,6620000,1075,1074,653
chr6,6620000,0.998725,0.62505,6640000,1351,1488,790
chr6,6640000,0.979496,0.6661,6660000,2184,2144,1234
chr6,6660000,0.992425,0.64745,6680000,1857,1762,1142
chr6,6680000,0.974925,0.6203,6700000,1766,1801,908
chr6,6700000,0.956111,0.6474,6720000,2506,2378,1385
chr6,6720000,0.974037,0.67585,6740000,2478,2526,1361
chr6,6740000,0.947817,0.6404,6760000,1778,2176,1098
chr6,6760000,0.852375,0.6205,6780000,1485,1685,797
chr6,6780000,0.643129,0.61045,6800000,844,965,477
chr6,6800000,0.811704,0.6404,6820000,1802,1819,952
chr6,6820000,0.649591,0.599,6840000,1494,1495,807
chr6,6840000,0.988871,0.6151,6860000,1687,1794,957
chr6,6860000,0.965075,0.62325,6880000,1949,2013,1052
chr6,6880000,0.998075,0.6442,6900000,2289,2288,1197
chr6,6900000,0.98165,0.62785,6920000,1922,2076,1064
chr6,6920000,0.892334,0.64135,6940000,1971,2012,1057
chr6,6940000,0.950452,0.65665,6960000,2444,2367,1347
chr6,6960000,0.931701,0.6542,6980000,2192,2266,1147
chr6,6980000,0.823635,0.5773,7000000,1405,1368,776
chr6,7000000,0.683216,0.583,7020000,1377,1432,757
chr6,7020000,0.588168,0.6153,7040000,926,910,542
chr6,7040000,0.34246,0.62195,7060000,310,279,175
chr6,7060000,0.443921,0.622,7080000,451,414,225
chr6,7080000,0.534584,0.6201,7100000,565,486,275
chr6,7100000,0.291746,0.6252,7120000,205,149,115
chr6,7120000,0.48374,0.622,7140000,610,608,346
chr6,7140000,0.812844,0.64035,7160000,1570,1510,862
chr6,7160000,0.851067,0.6278,7180000,1476,1319,823
chr6,7180000,0.859427,0.5891,7200000,1297,1281,963
chr6,7200000,0.796283,0.6417,7220000,1440,1242,827
chr6,7220000,0.600039,0.63505,7240000,1604,1461,919
chr6,7240000,0.938921,0.66625,7260000,2536,2418,1656
chr6,7260000,0.923952,0.62195,7280000,1752,1761,1219
chr6,7280000,0.563159,0.58555,7300000,744,732,513
chr6,7300000,0.980443,0.6314,7320000,2146,2105,1224
chr6,7320000,0.987347,0.62335,7340000,2052,1998,1137
chr6,7340000,0.933144,0.60245,7360000,1469,1536,987
chr6,7360000,0.969248,0.57215,7380000,1828,2075,1240
chr6,7380000,0.999975,0.6464,7400000,2457,2335,1367
chr6,7400000,0.980875,0.62105,7420000,2016,2027,1230
chr6,7420000,0.934508,0.64095,7440000,2042,2126,1190
chr6,7440000,0.984177,0.6665,7460000,2622,2488,1443
chr6,7460000,0.964584,0.62415,7480000,2009,1982,1042
chr6,7480000,0.890895,0.58735,7500000,2090,2358,1574
chr6,7500000,0.99185,0.65505,7520000,2613,2829,1620
chr6,7520000,0.855013,0.62815,7540000,1907,1923,1295
chr6,7540000,0.853598,0.5931,7560000,1984,2029,2084
chr6,7560000,0.772203,0.6624,7580000,1461,1387,826
chr6,7580000,0.432799,0.6198,7600000,472,444,309
chr6,7600000,0.565469,0.6947,7620000,1013,847,622
chr6,7620000,0.68096,0.66435,7640000,1154,1225,772
chr6,7640000,0.856182,0.6604,7660000,1672,1619,1092
chr6,7660000,0.988737,0.6615,7680000,2275,2275,1342
chr6,7680000,0.726657,0.67605,7700000,1685,1613,923
chr6,7700000,0.691412,0.66245,7720000,1348,1311,762
chr6,7720000,0.838895,0.5886,7740000,1275,1348,895
chr6,7740000,0.879517,0.6146,7760000,1387,1487,889
chr6,7760000,0.864752,0.6658,7780000,2166,2070,1225
chr6,7780000,0.918969,0.68525,7800000,2271,2293,1301
chr6,7800000,0.833,0.59085,7820000,1658,1670,959
chr6,7820000,0.848897,0.65165,7840000,2042,1990,1172
chr6,7840000,0.991885,0.63485,7860000,2148,2170,1265
chr6,7860000,0.992375,0.6444,7880000,2256,2294,1277
chr6,7880000,0.956974,0.53905,7900000,1354,1362,835
chr6,7900000,0.990575,0.58165,7920000,1744,1712,939
chr6,7920000,0.993096,0.58305,7940000,1707,1781,970
chr6,7940000,0.995642,0.66365,7960000,2522,2430,1398
chr6,7960000,0.98818,0.6954,7980000,2754,2676,1497
chr6,7980000,0.975175,0.5944,8000000,1806,1844,984
chr6,8000000,0.458495,0.5817,8020000,654,596,370
chr6,8020000,0.957192,0.6081,8040000,1917,1898,1136
chr6,8040000,0.932375,0.5455,8060000,1387,1471,770
chr6,8060000,0.683429,0.62085,8080000,1437,1496,850
chr6,8080000,0.96175,0.6408,8100000,2013,2108,1160
chr6,8100000,0.857849,0.6502,8120000,1827,1807,1086
chr6,8120000,0.958101,0.64455,8140000,2377,2292,1309
chr6,8140000,0.952286,0.66625,8160000,2549,2465,1354
chr6,8160000,0.976417,0.66155,8180000,2386,2329,1294
chr6,8180000,0.991933,0.6429,8200000,2467,2322,1338
chr6,8200000,0.982373,0.60945,8220000,2122,2074,1279
chr6,8220000,0.971725,0.6321,8240000,2001,2096,1177
chr6,8240000,0.843742,0.6671,8260000,2098,1924,1126
chr6,8260000,0.888659,0.6065,8280000,1581,1714,900
chr6,8280000,0.527839,0.63185,8300000,1053,1027,562
chr6,8300000,0.249328,0.61805,8320000,282,224,187
chr6,8320000,0.531551,0.68325,8340000,1008,892,563
chr6,8340000,0.554225,0.66495,8360000,702,658,420
chr6,8360000,0.78182,0.64185,8380000,2325,2031,1775
chr6,8380000,0.766138,0.62755,8400000,1763,1766,1305
chr6,8400000,0.970993,0.6465,8420000,1871,1767,1083
chr6,8420000,0.873865,0.663,8440000,2173,2130,1481
chr6,8440000,0.896129,0.6134,8460000,2352,2363,2246
chr6,8460000,0.976338,0.67965,8480000,2509,2351,1430
chr6,8480000,0.97017,0.69255,8500000,2677,2515,1546
chr6,8500000,0.891792,0.6945,8520000,2509,2457,1527
chr6,8520000,1,0.66285,8540000,2879,3037,1734
chr6,8540000,1,0.6361,8560000,2325,2434,1048
chr6,8560000,0.99995,0.6861,8580000,2900,2872,1545
chr6,8580000,0.973144,0.6405,8600000,2095,2274,1159
chr6,8600000,0.880347,0.6431,8620000,1985,1881,1186
chr6,8620000,0.9987,0.6589,8640000,2518,2584,1397
chr6,8640000,0.949059,0.62295,8660000,1938,2107,1131
chr6,8660000,0.867779,0.59485,8680000,1532,1607,919
chr6,8680000,0.955658,0.60955,8700000,1970,1980,1190
chr6,8700000,0.700868,0.62555,8720000,974,1035,703
chr6,8720000,0.8273,0.64385,8740000,1063,1208,625
chr6,8740000,0.714293,0.6062,8760000,1437,1594,877
chr6,8760000,0.87017,0.58475,8780000,1487,1557,871
chr6,8780000,0.99775,0.6184,8800000,1888,2002,1054
chr6,8800000,0.814539,0.60455,8820000,1572,1471,1097
chr6,8820000,0.708186,0.60735,8840000,1050,999,715
chr6,8840000,0.74913,0.64335,8860000,1492,1413,900
chr6,8860000,0.932328,0.6948,8880000,2561,2519,1685
chr6,8880000,0.643071,0.6535,8900000,1455,1303,806
chr6,8900000,0.162266,0.6487,8920000,65,38,38
chr6,8920000,0.959719,0.64925,8940000,2352,2315,1302
chr6,8940000,0.959527,0.67135,8960000,2311,2358,1369
chr6,8960000,0.917789,0.536,8980000,1185,1231,680
chr6,8980000,0.942121,0.5781,9000000,1618,1503,962
chr6,9000000,0.980359,0.68775,9020000,3040,2738,1655
chr6,9020000,1,0.66065,9040000,2537,2612,1352
chr6,9040000,0.974598,0.6476,9060000,2337,2355,1304
chr6,9060000,0.491331,0.5419,9080000,611,568,361
chr6,9080000,0.71316,0.562,9100000,1108,1140,636
chr6,9100000,0.883847,0.60795,9120000,1812,1834,982
chr6,9120000,0.803534,0.608,9140000,1514,1555,897
chr6,9140000,0.97595,0.63145,9160000,2176,2315,1199
chr6,9160000,0.762497,0.5927,9180000,1543,1442,904
chr6,9180000,0.804819,0.6322,9200000,1649,1782,946
chr6,9200000,1,0.6654,9220000,2555,2575,1391
chr6,9220000,0.999525,0.6406,9240000,2100,2198,1161
chr6,9240000,0.814891,0.61855,9260000,1587,1558,1052
chr6,9260000,0.969619,0.61675,9280000,1809,1802,949
chr6,9280000,0.871242,0.6228,9300000,1756,1836,826
chr6,9300000,0.99735,0.67435,9320000,2683,2721,1378
chr6,9320000,0.9996,0.6585,9340000,2747,2707,1532
chr6,9340000,0.984171,0.62875,9360000,2281,2313,1303
chr6,9360000,0.871202,0.6402,9380000,2018,1944,1153
chr6,9380000,0.970612,0.66005,9400000,2352,2470,1279
chr6,9400000,0.934563,0.58195,9420000,1622,1691,1048
chr6,9420000,0.937548,0.63585,9440000,2119,2010,1152
chr6,9440000,0.81791,0.6228,9460000,1558,1505,950
chr6,9460000,0.952172,0.68015,9480000,2467,2458,1423
chr6,9480000,0.647347,0.5927,9500000,1320,1310,698
chr6,9500000,0.977202,0.64975,9520000,2412,2389,1328
chr6,9520000,0.975025,0.6562,9540000,2341,2362,1281
chr6,9540000,0.925695,0.62245,9560000,1847,1918,1195
chr6,9560000,0.959688,0.6921,9580000,2676,2786,1464
chr6,9580000,0.9924,0.63605,9600000,2260,2399,1154
chr6,9600000,0.868648,0.6285,9620000,2035,2115,1059
chr6,9620000,0.774032,0.5829,9640000,1909,1923,1216
chr6,9640000,0.883858,0.6662,9660000,2132,2146,1215
chr6,9660000,0.813008,0.65835,9680000,2027,1866,1301
chr6,9680000,0.99855,0.64165,9700000,2328,2375,1330
chr6,9700000,0.981182,0.6243,9720000,1894,2068,1043
chr6,9720000,0.991101,0.6819,9740000,2738,2665,1480
chr6,9740000,0.903959,0.64155,9760000,2097,1959,1133
chr6,9760000,0.838419,0.642,9780000,1660,1665,1002
chr6,9780000,0.994083,0.66575,9800000,2625,2718,1381
chr6,9800000,0.672692,0.65725,9820000,1561,1575,893
chr6,9820000,0.683439,0.6259,9840000,1416,1524,811
chr6,9840000,0.997775,0.60165,9860000,2073,2291,1171
chr6,9860000,0.98272,0.66845,9880000,2730,2610,1437
chr6,9880000,0.9818,0.6516,9900000,2434,2443,1319
chr6,9900000,0.978475,0.584,9920000,1963,1993,1171
chr6,9920000,0.901976,0.6478,9940000,2139,2064,1286
chr6,9940000,0.887635,0.5756,9960000,1340,1362,879
chr6,9960000,0.822479,0.6088,9980000,1749,1652,1065
chr6,9980000,0.977098,0.6169,10000000,2096,2071,1311
chr6,10000000,0.861341,0.67125,10020000,2184,2240,1211
chr6,10020000,0.9956,0.6224,10040000,2543,2369,1585
chr6,10040000,0.899109,0.6032,10060000,1880,1971,1380
chr6,10060000,0.872228,0.58275,10080000,1505,1569,947
chr6,10080000,0.919252,0.7269,10100000,2800,2629,1594
chr6,10100000,0.957968,0.63585,10120000,2272,2272,1274
chr6,10120000,0.986297,0.6716,10140000,2505,2534,1379
chr6,10140000,0.764361,0.59935,10160000,1543,1624,814
chr6,10160000,0.788678,0.54325,10180000,1321,1323,749
chr6,10180000,0.839708,0.5893,10200000,1684,1590,949
chr6,10200000,0.960783,0.6539,10220000,2381,2321,1219
chr6,10220000,0.965016,0.59285,10240000,2030,1925,1208
chr6,10240000,0.979782,0.68315,10260000,2682,2633,1610
chr6,10260000,1,0.6292,10280000,2154,2449,1156
chr6,10280000,0.9866,0.65545,10300000,2436,2453,1407
chr6,10300000,0.797653,0.67385,10320000,2085,2056,1470
chr6,10320000,0.805691,0.63135,10340000,1814,1763,1013
chr6,10340000,0.887932,0.65785,10360000,2523,2605,1563
chr6,10360000,0.531239,0.65185,10380000,548,521,300
chr6,10380000,0.997,0.6662,10400000,2669,2704,1477
chr6,10400000,0.675409,0.56105,10420000,1740,2274,1074
chr6,10420000,0.950119,0.65115,10440000,2270,2414,1272
chr6,10440000,0.86346,0.5502,10460000,1570,1597,956
chr6,10460000,0.705072,0.5893,10480000,1464,1416,720
chr6,10480000,0.990542,0.6557,10500000,2403,2368,1286
chr6,10500000,0.965708,0.68155,10520000,2654,2537,1469
chr6,10520000,0.826268,0.63455,10540000,1634,1839,978
chr6,10540000,0.994154,0.6649,10560000,2534,2506,1286
chr6,10560000,1,0.6847,10580000,2822,2781,1566
chr6,10580000,0.897984,0.5692,10600000,1627,1525,953
chr6,10600000,0.88362,0.6071,10620000,1836,1805,1073
chr6,10620000,0.892068,0.58835,10640000,1760,1672,1100
chr6,10640000,0.993062,0.6354,10660000,2258,2262,1164
chr6,10660000,0.938051,0.6564,10680000,2071,2115,1215
chr6,10680000,0.993184,0.6723,10700000,2597,2609,1388
chr6,10700000,0.915047,0.6889,10720000,2463,2415,1384
chr6,10720000,0.950564,0.68505,10740000,2761,2606,1726
chr6,10740000,0.855448,0.6632,10760000,2310,2250,1279
chr6,10760000,1,0.6247,10780000,1937,2219,1027
chr6,10780000,0.903404,0.6887,10800000,2475,2220,1385
chr6,10800000,0.976217,0.61415,10820000,2285,2140,1420
chr6,10820000,0.979825,0.6227,10840000,1893,2009,1043
chr6,10840000,1,0.64075,10860000,2143,2501,1225
chr6,10860000,0.986833,0.6673,10880000,2488,2395,1309
chr6,10880000,0.998917,0.66745,10900000,2783,2627,1480
chr6,10900000,0.9728,0.6673,10920000,2341,2396,1330
chr6,10920000,0.896765,0.66735,10940000,2370,2437,1637
chr6,10940000,0.963025,0.6463,10960000,2272,2255,1179
chr6,10960000,0.9962,0.63555,10980000,2244,2443,1145
chr6,10980000,0.895234,0.6749,11000000,2152,2054,1166
chr6,11000000,0.491787,0.57515,11020000,873,882,510
chr6,11020000,0.851683,0.69385,11040000,2230,2185,1337
chr6,11040000,0.978779,0.68195,11060000,2688,2604,1548
chr6,11060000,0.9903,0.6341,11080000,2362,2617,1404
chr6,11080000,0.953603,0.6635,11100000,2439,2223,1344
chr6,11100000,0.949786,0.63735,11120000,2275,2161,1269
chr6,11120000,0.995577,0.69595,11140000,2916,2797,1499
chr6,11140000,0.999075,0.66585,11160000,2537,2505,1334
chr6,11160000,0.992004,0.6545,11180000,2599,2504,1499
chr6,11180000,0.942373,0.6758,11200000,2537,2409,1419
chr6,11200000,0.995993,0.6418,11220000,2349,2377,1142
chr6,11220000,0.883197,0.63655,11240000,1874,1937,1080
chr6,11240000,0.981857,0.65485,11260000,2407,2446,1351
chr6,11260000,0.936313,0.6572,11280000,2355,2272,1459
chr6,11280000,0.972988,0.66605,11300000,2465,2540,1373
chr6,11300000,0.949573,0.64975,11320000,2326,2516,1403
chr6,11320000,0.976902,0.70535,11340000,3026,2794,1609
chr6,11340000,0.992008,0.6683,11360000,2514,2468,1323
chr6,11360000,0.992057,0.6928,11380000,2921,2690,1447
chr6,11380000,0.996251,0.6617,11400000,2447,2403,1283
chr6,11400000,0.906619,0.64225,11420000,2388,2271,1605
chr6,11420000,0.9838,0.6655,11440000,2453,2324,1399
chr6,11440000,0.935814,0.664,11460000,2266,2437,1238
chr6,11460000,0.999825,0.6235,11480000,1629,1757,919
chr6,11480000,0.232475,0.66405,11500000,241,225,144
chr6,11500000,0.594675,0.6525,11520000,707,712,437
chr6,11520000,1,0.6419,11540000,1796,1869,1049
chr6,11540000,0.991412,0.65115,11560000,2439,2393,1335
chr6,11560000,0.929244,0.6662,11580000,2321,2345,1269
chr6,11580000,0.950942,0.63085,11600000,2264,2403,1447
chr6,11600000,0.929992,0.6545,11620000,2245,2227,1260
chr6,11620000,0.666276,0.654,11640000,1321,1357,858
chr6,11640000,0.980957,0.6827,11660000,2734,2622,1493
chr6,11660000,0.739771,0.68275,11680000,1467,1416,862
chr6,11680000,0.948954,0.70125,11700000,2857,2606,1546
chr6,11700000,0.747105,0.6934,11720000,1602,1604,1034
chr6,11720000,0.980797,0.6832,11740000,2813,2668,1513
chr6,11740000,0.9982,0.63955,11760000,2260,2231,1189
chr6,11760000,0.937098,0.64775,11780000,2178,2122,1199
chr6,11780000,0.689641,0.5904,11800000,1172,1063,703
chr6,11800000,0.951774,0.65325,11820000,2255,2261,1238
chr6,11820000,1,0.62785,11840000,2022,2105,1095
chr6,11840000,0.9398,0.64095,11860000,2189,2192,1142
chr6,11860000,0.997475,0.67275,11880000,2650,2630,1451
chr6,11880000,0.995117,0.66725,11900000,2647,2552,1379
chr6,11900000,1,0.635,11920000,2062,2226,1085
chr6,11920000,0.992456,0.6642,11940000,2647,2572,1330
chr6,11940000,0.791508,0.5721,11960000,1522,1486,807
chr6,11960000,0.97745,0.63145,11980000,2323,2345,1266
chr6,11980000,0.995547,0.652,12000000,2517,2528,1257
chr6,12000000,0.850927,0.57465,12020000,1697,1621,873
chr6,12020000,1,0.63935,12040000,2391,2442,1214
chr6,12040000,0.978892,0.6584,12060000,2329,2351,1235
chr6,12060000,0.921307,0.6145,12080000,1843,1959,953
chr6,12080000,0.957431,0.68715,12100000,2780,2692,1511
chr6,12100000,0.884547,0.64485,12120000,1911,1950,1071
chr6,12120000,0.979409,0.6714,12140000,2573,2613,1427
chr6,12140000,0.544665,0.5242,12160000,843,885,468
chr6,12160000,0.480969,0.6115,12180000,996,1040,612
chr6,12180000,0.953121,0.65955,12200000,2396,2477,1210
chr6,12200000,0.983945,0.64495,12220000,2269,2538,1267
chr6,12220000,0.885209,0.6849,12240000,2214,2100,1269
chr6,12240000,0.997003,0.65305,12260000,2199,2202,1278
chr6,12260000,0.967883,0.6262,12280000,2208,2453,1656
chr6,12280000,0.767921,0.6282,12300000,1443,1498,748
chr6,12300000,0.834382,0.6352,12320000,1697,1718,1026
chr6,12320000,0.99185,0.63865,12340000,2262,2514,1247
chr6,12340000,0.986154,0.6415,12360000,2217,2261,1216
chr6,12360000,0.787638,0.65655,12380000,1929,1886,1027
chr6,12380000,0.72072,0.6753,12400000,1463,1551,858
chr6,12400000,1,0.61845,12420000,1944,2216,1021
chr6,12420000,0.994287,0.64075,12440000,2366,2420,1337
chr6,12440000,0.976723,0.6189,12460000,2027,2210,1075
chr6,12460000,0.807957,0.6441,12480000,1704,1703,959
chr6,12480000,0.995102,0.64035,12500000,2192,2329,1200
chr6,12500000,1,0.6343,12520000,2248,2394,1190
chr6,12520000,0.941974,0.64995,12540000,2206,2118,1207
chr6,12540000,0.998975,0.62975,12560000,2097,2343,1151
chr6,12560000,0.997725,0.6608,12580000,2427,2480,1358
chr6,12580000,0.979483,0.68265,12600000,2715,2613,1440
chr6,12600000,0.739404,0.65085,12620000,1668,1678,950
chr6,12620000,0.98475,0.643,12640000,2221,2417,1108
chr6,12640000,0.976152,0.60055,12660000,1838,1911,1007
chr6,12660000,0.997063,0.62425,12680000,1798,1763,966
chr6,12680000,1,0.64525,12700000,2480,2652,1264
chr6,12700000,0.894815,0.6559,12720000,1945,2079,1030
chr6,12720000,0.947952,0.6748,12740000,2528,2522,1404
chr6,12740000,0.859253,0.5509,12760000,1353,1373,796
chr6,12760000,0.886904,0.58215,12780000,1502,1476,884
chr6,12780000,0.982077,0.6275,12800000,2465,2536,1311
chr6,12800000,0.96767,0.7047,12820000,2770,2605,1568
chr6,12820000,0.923954,0.6553,12840000,2226,2300,1221
chr6,12840000,0.927277,0.5635,12860000,1629,1644,981
chr6,12860000,0.736624,0.6236,12880000,1771,1710,998
chr6,12880000,0.4881,0.6269,12900000,768,877,463
chr6,12900000,0.444408,0.6223,12920000,434,463,294
chr6,12920000,0.323037,0.59265,12940000,485,433,300
chr6,12940000,0.314296,0.58565,12960000,416,410,280
chr6,12960000,0.90016,0.60285,12980000,1516,1422,954
chr6,12980000,0.590324,0.6261,13000000,773,700,401
chr6,13000000,0.625516,0.62075,13020000,790,797,430
chr6,13020000,0.396731,0.61865,13040000,470,480,251
chr6,13040000,0.41557,0.61815,13060000,421,405,259
chr6,13060000,0.310148,0.60185,13080000,303,282,191
chr6,13080000,0.31463,0.60315,13100000,234,233,159
chr6,13100000,0.737633,0.5926,13120000,997,981,562
chr6,13120000,0.664189,0.6019,13140000,1174,1159,862
chr6,13140000,0.591922,0.59145,13160000,836,804,563
chr6,13160000,0.442613,0.6199,13180000,579,561,392
chr6,13180000,0.35958,0.6203,13200000,274,277,162
chr6,13200000,0.345733,0.62295,13220000,406,373,220
chr6,13220000,0.614204,0.6053,13240000,981,890,584
chr6,13240000,0.583554,0.5993,13260000,1060,1049,926
chr6,13260000,0.306194,0.61675,13280000,276,239,180
chr6,13280000,0.228802,0.61525,13300000,154,137,85
chr6,13300000,0.367892,0.60885,13320000,367,369,221
chr6,13320000,0.191037,0.60795,13340000,94,71,40
chr6,13340000,0.414503,0.606,13360000,478,444,319
chr6,13360000,0.388811,0.5751,13380000,458,431,313
chr6,13380000,0.523817,0.59225,13400000,694,590,413
chr6,13400000,0.309037,0.60535,13420000,191,206,86
chr6,13420000,0.408792,0.6117,13440000,379,349,191
chr6,13440000,0.32094,0.5991,13460000,335,318,281
chr6,13460000,0.302488,0.5993,13480000,316,291,210
chr6,13480000,0.272841,0.60445,13500000,200,191,139
chr6,13500000,0.260716,0.59775,13520000,375,332,282
chr6,13520000,0.405523,0.612,13540000,417,411,260
chr6,13540000,0.279855,0.6159,13560000,81,81,59
chr6,13560000,0.680328,0.58895,13580000,870,899,600
chr6,13580000,0.378184,0.6087,13600000,386,374,224
chr6,13600000,0.609541,0.61,13620000,661,656,402
chr6,13620000,0.868684,0.61025,13640000,1550,1566,1110
chr6,13640000,0.529137,0.5987,13660000,718,738,450
chr6,13660000,0.284635,0.61275,13680000,218,189,117
chr6,13680000,0.149912,0.62245,13700000,136,138,77
chr6,13700000,0.126582,0.6215,13720000,105,125,63
chr6,13720000,0.18281,0.6069,13740000,165,175,124
chr6,13740000,0.347408,0.617,13760000,379,341,180
chr6,13760000,0.190635,0.6211,13780000,115,127,76
chr6,13780000,0.270383,0.62115,13800000,257,227,159
chr6,13800000,0.384102,0.6225,13820000,428,442,282
chr6,13820000,0.223065,0.621,13840000,192,199,132
chr6,13840000,0.253417,0.6197,13860000,187,167,108
chr6,13860000,0.372844,0.62025,13880000,342,302,190
chr6,13880000,0.257502,0.61465,13900000,221,227,123
chr6,13900000,0.248256,0.61155,13920000,205,206,125
chr6,13920000,0.33541,0.6144,13940000,278,285,173
chr6,13940000,0.339216,0.59515,13960000,385,396,250
chr6,13960000,0.35237,0.61205,13980000,384,384,251
chr6,13980000,0.260948,0.61605,14000000,177,159,110
chr6,14000000,0.167811,0.61425,14020000,133,102,71
chr6,14020000,0.162807,0.6153,14040000,54,59,31
chr6,14040000,0.24474,0.6101,14060000,303,270,154
chr6,14060000,0.372098,0.601,14080000,336,329,220
chr6,14080000,0.291927,0.588,14100000,339,327,212
chr6,14100000,0.235928,0.6017,14120000,290,271,169
chr6,14120000,0.197263,0.61985,14140000,183,187,117
chr6,14140000,0.35662,0.6061,14160000,403,442,252
chr6,14160000,0.251148,0.61535,14180000,343,276,189
chr6,14180000,0.286164,0.6003,14200000,272,267,194
chr6,14200000,0.163414,0.5971,14220000,116,116,74
chr6,14220000,0.217848,0.6057,14240000,156,150,99
chr6,14240000,0.29899,0.6211,14260000,168,157,105
chr6,14260000,0.290023,0.6115,14280000,223,161,138
chr6,14280000,0.428453,0.6083,14300000,466,433,336
chr6,14300000,0.379052,0.6043,14320000,400,381,302
chr6,14320000,0.372212,0.62245,14340000,485,519,331
chr6,14340000,0.190073,0.62275,14360000,110,77,52
chr6,14360000,0.419237,0.6039,14380000,489,498,301
chr6,14380000,0.303966,0.6044,14400000,276,262,188
chr6,14400000,0.240654,0.6045,14420000,108,97,65
chr6,14420000,0.301767,0.5955,14440000,117,114,80
chr6,14440000,0.337556,0.59655,14460000,293,281,164
chr6,14460000,0.323732,0.61125,14480000,333,301,196
chr6,14480000,0.265442,0.6222,14500000,160,151,92
chr6,14500000,0.350103,0.6142,14520000,318,278,159
chr6,14520000,0.630584,0.60545,14540000,971,894,644
chr6,14540000,0.729757,0.63315,14560000,1257,1073,629
chr6,14560000,0.37098,0.6211,14580000,289,273,162
chr6,14580000,0.486178,0.60435,14600000,508,499,304
chr6,14600000,0.331364,0.5905,14620000,204,149,125
chr6,14620000,0.669591,0.5816,14640000,830,727,492
chr6,14640000,0.621992,0.6053,14660000,776,700,436
chr6,14660000,0.453146,0.62915,14680000,515,539,331
chr6,14680000,0.338767,0.60525,14700000,315,274,177
chr6,14700000,0.348892,0.62955,14720000,301,265,150
chr6,14720000,0.388733,0.6245,14740000,379,397,223
chr6,14740000,0.417529,0.6279,14760000,441,383,221
chr6,14760000,0.434174,0.6255,14780000,462,454,263
chr6,14780000,0.394755,0.60775,14800000,460,474,259
chr6,14800000,0.471355,0.57805,14820000,683,577,384
chr6,14820000,0.626512,0.59255,14840000,894,881,559
chr6,14840000,0.747216,0.623,14860000,1083,1093,570
chr6,14860000,0.703107,0.6066,14880000,1092,1096,1025
chr6,14880000,0.58199,0.6064,14900000,686,656,545
chr6,14900000,0.423515,0.5954,14920000,560,483,258
chr6,14920000,0.294972,0.5959,14940000,297,273,186
chr6,14940000,0.32624,0.61615,14960000,350,350,226
chr6,14960000,0.592489,0.6013,14980000,909,933,775
chr6,14980000,0.717511,0.59955,15000000,1155,1154,777
chr6,15000000,0.611193,0.6156,15020000,832,791,431
chr6,15020000,0.876176,0.61055,15040000,1683,1659,1076
chr6,15040000,0.588169,0.58855,15060000,771,666,462
chr6,15060000,0.355507,0.57875,15080000,448,396,294
chr6,15080000,0.728602,0.60775,15100000,1034,926,588
chr6,15100000,0.621701,0.62425,15120000,909,894,508
chr6,15120000,0.388864,0.62375,15140000,414,347,201
chr6,15140000,0.357644,0.62665,15160000,475,446,272
chr6,15160000,0.364905,0.62515,15180000,331,309,218
chr6,15180000,0.666599,0.63225,15200000,1029,893,602
chr6,15200000,0.405475,0.59125,15220000,548,551,308
chr6,15220000,0.449941,0.61565,15240000,431,442,267
chr6,15240000,0.402907,0.6195,15260000,439,410,226
chr6,15260000,0.452276,0.6254,15280000,582,480,290
chr6,15280000,0.394789,0.633,15300000,442,416,251
chr6,15300000,0.43569,0.6245,15320000,407,405,249
chr6,15320000,0.490856,0.6237,15340000,549,506,282
chr6,15340000,0.582753,0.609,15360000,1071,1110,1148
chr6,15360000,0.762817,0.62325,15380000,1324,1177,758
chr6,15380000,0.497276,0.6139,15400000,621,536,283
chr6,15400000,0.421833,0.6144,15420000,360,322,239
chr6,15420000,0.428038,0.6159,15440000,493,442,241
chr6,15440000,0.503668,0.6026,15460000,724,588,393
chr6,15460000,0.538296,0.61675,15480000,758,660,387
chr6,15480000,0.499967,0.61055,15500000,599,543,347
chr6,15500000,0.367425,0.58485,15520000,523,534,283
chr6,15520000,0.60009,0.60555,15540000,1058,977,643
chr6,15540000,0.400776,0.5874,15560000,450,472,278
chr6,15560000,0.412974,0.56305,15580000,356,338,239
chr6,15580000,0.927047,0.6119,15600000,1718,1758,1160
chr6,15600000,1,0.5998,15620000,1798,1926,1044
chr6,15620000,0.931755,0.6163,15640000,1924,1878,1111
chr6,15640000,0.797794,0.62255,15660000,1508,1489,818
chr6,15660000,0.462956,0.6,15680000,507,510,293
chr6,15680000,0.984625,0.6736,15700000,2542,2573,1483
chr6,15700000,0.713491,0.63035,15720000,1772,1611,1019
chr6,15720000,0.964659,0.5997,15740000,2110,1945,1152
chr6,15740000,0.634892,0.56105,15760000,1177,1157,677
chr6,15760000,0.819633,0.6355,15780000,1334,1390,729
chr6,15780000,0.909973,0.6712,15800000,2203,2197,1344
chr6,15800000,0.988476,0.6227,15820000,2190,2079,1221
chr6,15820000,0.960854,0.61865,15840000,2019,2211,1319
chr6,15840000,0.69006,0.60495,15860000,1276,1299,796
chr6,15860000,0.865152,0.6138,15880000,1713,1615,910
chr6,15880000,0.647117,0.58865,15900000,979,1041,709
chr6,15900000,0.732043,0.60615,15920000,1656,1636,840
chr6,15920000,0.86086,0.6136,15940000,1794,1660,942
chr6,15940000,0.834066,0.64215,15960000,1612,1590,967
chr6,15960000,0.659442,0.6216,15980000,1265,1281,674
chr6,15980000,0.65778,0.6972,16000000,1938,1695,1052
chr6,16000000,0.943094,0.6166,16020000,2012,1907,1076
chr6,16020000,0.925553,0.5123,16040000,1242,1295,721
chr6,16040000,0.913187,0.57925,16060000,1554,1496,1119
chr6,16060000,0.673703,0.5707,16080000,943,977,692
chr6,16080000,0.864933,0.60295,16100000,1756,1776,929
chr6,16100000,0.996352,0.64375,16120000,2254,2273,1202
chr6,16120000,0.734534,0.64695,16140000,1884,1756,1022
chr6,16140000,0.872303,0.60465,16160000,1893,1933,1096
chr6,16160000,0.794377,0.5863,16180000,1510,1544,812
chr6,16180000,0.722908,0.6045,16200000,1706,1790,997
chr6,16200000,0.730815,0.64935,16220000,1806,1853,1072
chr6,16220000,0.363877,0.5851,16240000,431,503,245
chr6,16240000,0.998425,0.6039,16260000,2089,2213,1180
chr6,16260000,0.927595,0.60115,16280000,1793,1753,1031
chr6,16280000,0.99755,0.6458,16300000,2474,2515,1277
chr6,16300000,0.883808,0.67215,16320000,2088,2233,1162
chr6,16320000,0.99675,0.61575,16340000,1867,2213,1076
chr6,16340000,0.969017,0.68,16360000,2912,2788,1686
chr6,16360000,0.997312,0.6842,16380000,2760,2785,1593
chr6,16380000,0.974941,0.6855,16400000,2620,2745,1592
chr6,16400000,0.96258,0.67515,16420000,2533,2411,1390
chr6,16420000,0.958614,0.64135,16440000,2304,2469,1218
chr6,16440000,0.996,0.57935,16460000,1898,2070,1076
chr6,16460000,0.986383,0.6105,16480000,2040,2049,1143
chr6,16480000,0.928167,0.65315,16500000,2409,2450,1396
chr6,16500000,0.856262,0.63625,16520000,1901,2014,1102
chr6,16520000,0.930052,0.6521,16540000,2161,2077,1227
chr6,16540000,0.898304,0.6223,16560000,1880,1951,1087
chr6,16560000,0.990758,0.6336,16580000,2328,2487,1294
chr6,16580000,0.995079,0.6416,16600000,2291,2496,1192
chr6,16600000,0.998875,0.60375,16620000,1959,2081,1206
chr6,16620000,0.827372,0.64165,16640000,1925,2065,1255
chr6,16640000,0.9909,0.61435,16660000,2232,2285,1215
chr6,16660000,0.9998,0.6498,16680000,2557,2628,1443
chr6,16680000,0.977834,0.6621,16700000,2425,2487,1306
chr6,16700000,0.878278,0.6381,16720000,2303,2281,1517
chr6,16720000,0.985375,0.6306,16740000,2150,2195,1252
chr6,16740000,0.98289,0.6256,16760000,2132,2213,1260
chr6,16760000,0.972454,0.6054,16780000,1966,1969,1107
chr6,16780000,1,0.6657,16800000,2973,2804,1541
chr6,16800000,0.658212,0.67045,16820000,1200,1112,739
chr6,16820000,0.82089,0.62645,16840000,1618,1566,1119
chr6,16840000,0.734737,0.5713,16860000,1200,1230,781
chr6,16860000,0.747721,0.68915,16880000,1664,1508,995
chr6,16880000,0.866743,0.64425,16900000,1722,1644,954
chr6,16900000,0.961837,0.66565,16920000,2446,2486,1329
chr6,16920000,0.932047,0.6588,16940000,2221,2174,1304
chr6,16940000,0.990375,0.64715,16960000,2447,2465,1449
chr6,16960000,0.99895,0.62215,16980000,2312,2370,1262
chr6,16980000,0.955243,0.62275,17000000,2006,1932,1115
chr6,17000000,0.999525,0.6216,17020000,2295,2324,1277
chr6,17020000,0.990525,0.63545,17040000,2234,2372,1241
chr6,17040000,0.98426,0.6901,17060000,2869,2782,1569
chr6,17060000,0.955117,0.5924,17080000,1668,1775,1047
chr6,17080000,0.99005,0.6711,17100000,2676,2631,1495
chr6,17100000,0.977525,0.647,17120000,2592,2508,1408
chr6,17120000,0.999875,0.67125,17140000,2820,2669,1562
chr6,17140000,0.948131,0.6207,17160000,2125,2023,1113
chr6,17160000,0.985071,0.598,17180000,2009,2014,1119
chr6,17180000,1,0.6438,17200000,2438,2496,1404
chr6,17200000,0.908513,0.66245,17220000,2386,2296,1327
chr6,17220000,0.67607,0.6545,17240000,1580,1368,964
chr6,17240000,0.976295,0.63245,17260000,1950,2037,1146
chr6,17260000,0.935248,0.57705,17280000,2043,1930,1620
chr6,17280000,0.727189,0.5731,17300000,1018,894,620
chr6,17300000,0.838322,0.669,17320000,1983,1722,1262
chr6,17320000,0.83926,0.65965,17340000,2111,1991,1320
chr6,17340000,0.988061,0.61715,17360000,2160,2145,1221
chr6,17360000,0.981807,0.6142,17380000,2189,2270,1379
chr6,17380000,0.737771,0.61525,17400000,1412,1409,923
chr6,17400000,0.93952,0.6512,17420000,2350,2312,1293
chr6,17420000,0.810181,0.65325,17440000,1837,1866,1134
chr6,17440000,0.888183,0.62935,17460000,1907,2005,982
chr6,17460000,0.634497,0.56875,17480000,1070,1126,630
chr6,17480000,0.933349,0.6893,17500000,2697,2595,1439
chr6,17500000,0.966175,0.66475,17520000,2447,2507,1374
chr6,17520000,0.9969,0.7104,17540000,3161,3064,1738
chr6,17540000,0.996638,0.6766,17560000,2715,2841,1450
chr6,17560000,0.99935,0.65495,17580000,2574,2608,1307
chr6,17580000,0.851462,0.62345,17600000,1954,1854,1122
chr6,17600000,0.712468,0.64345,17620000,1466,1470,825
chr6,17620000,0.91127,0.6235,17640000,1955,2075,1040
chr6,17640000,0.922951,0.65755,17660000,2383,2362,1437
chr6,17660000,0.959225,0.69165,17680000,2781,2536,1497
chr6,17680000,0.991277,0.62725,17700000,2197,2364,1301
chr6,17700000,0.95785,0.6747,17720000,2546,2570,1345
chr6,17720000,0.830076,0.60845,17740000,1824,1656,1152
chr6,17740000,0.819232,0.57815,17760000,1249,1278,799
chr6,17760000,0.926036,0.67455,17780000,2821,2808,1515
chr6,17780000,0.994212,0.6619,17800000,2645,2834,1546
chr6,17800000,0.9911,0.6449,17820000,2470,2541,1326
chr6,17820000,0.986242,0.64525,17840000,2358,2398,1347
chr6,17840000,0.931117,0.6279,17860000,2066,2066,1198
chr6,17860000,0.990062,0.6662,17880000,2558,2606,1422
chr6,17880000,0.974267,0.6456,17900000,2276,2482,1297
chr6,17900000,0.955205,0.6454,17920000,2380,2300,1343
chr6,17920000,0.874111,0.6257,17940000,2021,2003,1008
chr6,17940000,0.971388,0.6608,17960000,2289,2330,1239
chr6,17960000,1,0.6772,17980000,2684,2529,1416
chr6,17980000,0.972083,0.67055,18000000,2831,2523,1624
chr6,18000000,0.683927,0.65335,18020000,1556,1467,885
chr6,18020000,0.882361,0.6568,18040000,2106,2039,1139
chr6,18040000,0.997825,0.648,18060000,2189,2246,1140
chr6,18060000,0.739748,0.67435,18080000,2035,1912,1165
chr6,18080000,0.99725,0.6667,18100000,2687,2689,1375
chr6,18100000,0.938598,0.60835,18120000,1907,1854,1012
chr6,18120000,0.591772,0.57855,18140000,1178,1170,659
chr6,18140000,0.988188,0.68005,18160000,2900,2769,1578
chr6,18160000,0.99935,0.6515,18180000,2434,2586,1270
chr6,18180000,0.925394,0.6114,18200000,1774,1769,1033
chr6,18200000,0.989367,0.63895,18220000,2249,2369,1353
chr6,18220000,1,0.64115,18240000,2375,2539,1320
chr6,18240000,0.978802,0.57475,18260000,1860,1978,1025
chr6,18260000,0.861236,0.6292,18280000,1810,1886,985
chr6,18280000,0.961,0.66455,18300000,2526,2580,1301
chr6,18300000,0.443987,0.57545,18320000,928,866,542
chr6,18320000,0.689065,0.5784,18340000,1209,1117,729
chr6,18340000,0.968365,0.6399,18360000,2203,2325,1310
chr6,18360000,0.976327,0.6738,18380000,3782,3900,3027
chr6,18380000,0.953746,0.65805,18400000,3054,3181,2131
chr6,18400000,0.931546,0.6637,18420000,2402,2369,1211
chr6,18420000,0.994875,0.62235,18440000,2168,2312,1217
chr6,18440000,0.571634,0.5989,18460000,1117,1111,615
chr6,18460000,0.963251,0.64375,18480000,2223,2356,1134
chr6,18480000,0.943334,0.72175,18500000,3131,2998,1795
chr6,18500000,0.97465,0.66405,18520000,2576,2610,1443
chr6,18520000,1,0.6355,18540000,2294,2510,1245
chr6,18540000,0.996952,0.6634,18560000,2693,2856,1485
chr6,18560000,0.99965,0.66165,18580000,2434,2533,1358
chr6,18580000,0.953431,0.65845,18600000,3437,4222,1926
chr6,18600000,0.474998,0.6512,18620000,1034,1114,580
chr6,18620000,0.853022,0.66635,18640000,2234,2093,1231
chr6,18640000,0.785047,0.64205,18660000,1551,1520,941
chr6,18660000,0.615953,0.64315,18680000,728,697,469
chr6,18680000,0.814841,0.65665,18700000,1807,1785,1032
chr6,18700000,0.973975,0.62325,18720000,2126,2302,1166
chr6,18720000,0.425007,0.56305,18740000,827,821,445
chr6,18740000,0.99825,0.66615,18760000,2552,2655,1386
chr6,18760000,0.9836,0.6764,18780000,2639,2717,1400
chr6,18780000,0.985939,0.6597,18800000,2473,2560,1331
chr6,18800000,0.937039,0.65975,18820000,2254,2253,1340
chr6,18820000,0.960458,0.61685,18840000,1900,1970,1056
chr6,18840000,0.940412,0.6754,18860000,2515,2324,1395
chr6,18860000,0.940854,0.6561,18880000,2433,2464,1248
chr6,18880000,0.993879,0.65945,18900000,2602,2622,1345
chr6,18900000,0.950664,0.6616,18920000,2385,2487,1307
chr6,18920000,0.973275,0.6719,18940000,2693,2532,1370
chr6,18940000,0.670587,0.72485,18960000,1507,1450,911
chr6,18960000,0.901693,0.65645,18980000,2092,2138,1218
chr6,18980000,0.98835,0.64565,19000000,2453,2440,1244
chr6,19000000,0.978821,0.59005,19020000,1894,1980,950
chr6,19020000,0.844386,0.6176,19040000,1764,1804,976
chr6,19040000,0.834031,0.57615,19060000,1530,1691,799
chr6,19060000,0.858984,0.65575,19080000,2163,2124,1192
chr6,19080000,0.879127,0.70335,19100000,2503,2427,1379
chr6,19100000,0.97455,0.63765,19120000,2109,2235,1154
chr6,19120000,0.977445,0.64615,19140000,2503,2558,1334
chr6,19140000,0.842373,0.59525,19160000,1644,1759,967
chr6,19160000,0.989675,0.63875,19180000,2415,2479,1318
chr6,19180000,0.95525,0.61245,19200000,2057,2057,1157
chr6,19200000,0.760405,0.6151,19220000,1656,1704,999
chr6,19220000,0.845285,0.6231,19240000,1732,1848,976
chr6,19240000,0.963046,0.6356,19260000,2095,2340,1146
chr6,19260000,0.946853,0.63795,19280000,2169,2316,1306
chr6,19280000,0.945459,0.6823,19300000,2587,2525,1560
chr6,19300000,0.980083,0.66525,19320000,2737,2713,1662
chr6,19320000,0.983716,0.6627,19340000,2551,2528,1332
chr6,19340000,0.823454,0.6466,19360000,1740,1860,855
chr6,19360000,0.409292,0.6908,19380000,891,771,561
chr6,19380000,0.991686,0.6663,19400000,2473,2551,1460
chr6,19400000,0.995617,0.69305,19420000,2955,2859,1561
chr6,19420000,0.946895,0.64665,19440000,2233,2243,1237
chr6,19440000,0.854329,0.632,19460000,1995,2073,1163
chr6,19460000,0.894386,0.62125,19480000,1747,1899,965
chr6,19480000,0.882105,0.68475,19500000,2506,2348,1336
chr6,19500000,0.976142,0.67845,19520000,3024,3386,1745
chr6,19520000,0.901755,0.6748,19540000,2551,2414,1259
chr6,19540000,0.842527,0.66585,19560000,2201,2197,1200
chr6,19560000,0.973349,0.6579,19580000,2377,2437,1238
chr6,19580000,0.983038,0.6777,19600000,2596,2671,1567
chr6,19600000,0.965185,0.6645,19620000,2659,2712,1597
chr6,19620000,0.997037,0.68445,19640000,2824,2757,1545
chr6,19640000,0.992891,0.6694,19660000,2750,2576,1495
chr6,19660000,0.985312,0.66275,19680000,2616,2595,1260
chr6,19680000,0.741296,0.6165,19700000,1515,1542,876
chr6,19700000,0.762035,0.6561,19720000,2016,1936,1161
chr6,19720000,0.992617,0.6657,19740000,2761,2712,1474
chr6,19740000,1,0.62785,19760000,2156,2390,1216
chr6,19760000,0.952841,0.6254,19780000,1951,2199,1099
chr6,19780000,0.965533,0.651,19800000,2452,2403,1436
chr6,19800000,0.813895,0.65535,19820000,1859,1849,1202
chr6,19820000,0.850832,0.6559,19840000,1878,2121,1143
chr6,19840000,0.917405,0.6246,19860000,1849,1913,977
chr6,19860000,0.83865,0.594,19880000,1532,1566,845
chr6,19880000,1,0.6293,19900000,2295,2434,1218
chr6,19900000,0.938021,0.6438,19920000,2231,2346,1277
chr6,19920000,0.917856,0.58735,19940000,1987,2108,1136
chr6,19940000,0.80339,0.5896,19960000,1751,1780,911
chr6,19960000,0.816322,0.6521,19980000,1954,1739,1033
chr6,19980000,0.678861,0.58905,20000000,1372,1337,688
chr6,20000000,0.992015,0.6521,20020000,2308,2391,1252
chr6,20020000,0.991775,0.6662,20040000,2196,2250,1274
chr6,20040000,0.716614,0.62205,20060000,1050,1079,627
chr6,20060000,0.392391,0.60435,20080000,28,25,15
chr6,20080000,0.562867,0.60655,20100000,594,633,300
chr6,20100000,0.977717,0.68435,20120000,18200,21097,13011
chr6,20120000,0.995898,0.6568,20140000,2444,2586,1320
chr6,20140000,1,0.65225,20160000,2381,2511,1182
chr6,20160000,0.962488,0.6668,20180000,2291,2385,1305
chr6,20180000,0.63822,0.60915,20200000,1217,1159,676
chr6,20200000,0.867575,0.66075,20220000,2000,2151,1087
chr6,20220000,0.944846,0.62515,20240000,2018,1972,1244
chr6,20240000,0.904262,0.6311,20260000,1912,2019,1081
chr6,20260000,0.598778,0.6237,20280000,766,754,557
chr6,20280000,0.99905,0.6654,20300000,3171,3412,2375
chr6,20300000,0.94417,0.65385,20320000,2229,2396,1203
chr6,20320000,0.881891,0.5932,20340000,1533,1617,964
chr6,20340000,0.930391,0.6076,20360000,1767,2004,938
chr6,20360000,0.635333,0.64585,20380000,1168,1096,679
chr6,20380000,0.385123,0.6956,20400000,890,865,582
chr6,20400000,0.287465,0.6898,20420000,277,246,163
chr6,20420000,0.989766,0.65515,20440000,2182,2281,1208
chr6,20440000,0.985568,0.67735,20460000,2628,2458,1576
chr6,20460000,0.558567,0.586,20480000,1408,1336,724
chr6,20480000,0.80918,0.5227,20500000,1039,1001,727
chr6,20500000,0.834692,0.65855,20520000,2238,2068,1183
chr6,20520000,0.964583,0.66965,20540000,2460,2375,1325
chr6,20540000,0.790383,0.66385,20560000,1625,1508,825
chr6,20560000,0.79235,0.67765,20580000,1827,1695,1037
chr6,20580000,0.741319,0.63705,20600000,1414,1404,750
chr6,20600000,0.68682,0.6602,20620000,1915,1832,1042
chr6,20620000,0.971026,0.65965,20640000,2413,2436,1302
chr6,20640000,0.977456,0.64375,20660000,2296,2263,1347
chr6,20660000,0.987694,0.65765,20680000,3162,3434,2165
chr6,20680000,0.970272,0.65635,20700000,2590,2564,1339
chr6,20700000,0.586647,0.65,20720000,1301,1244,737
chr6,20720000,0.581857,0.6264,20740000,1243,1178,661
chr6,20740000,0.831454,0.61705,20760000,1679,1827,973
chr6,20760000,0.946375,0.6394,20780000,2141,2202,1201
chr6,20780000,0.932681,0.68865,20800000,2616,2602,1472
chr6,20800000,0.357848,0.54215,20820000,313,337,228
chr6,20820000,0.313685,0.5424,20840000,350,372,266
chr6,20840000,0.202271,0.4997,20860000,206,166,106
chr6,20860000,0.66638,0.6,20880000,990,993,641
chr6,20880000,0.9562,0.6484,20900000,2467,2384,1248
chr6,20900000,1,0.66915,20920000,2722,2620,1420
chr6,20920000,0.908816,0.6663,20940000,2412,2412,1338
chr6,20940000,0.943737,0.66615,20960000,2509,2526,1327
chr6,20960000,0.981629,0.63675,20980000,2381,2407,1303
chr6,20980000,0.967879,0.59105,21000000,2095,2110,1118
chr6,21000000,0.999225,0.6496,21020000,2366,2499,1191
chr6,21020000,0.987285,0.68485,21040000,2888,2881,1628
chr6,21040000,0.985326,0.6566,21060000,2384,2474,1212
chr6,21060000,0.994557,0.63525,21080000,2114,2284,1187
chr6,21080000,0.909352,0.6392,21100000,2000,2195,1090
chr6,21100000,0.886015,0.6273,21120000,1900,1892,1101
chr6,21120000,0.76194,0.6228,21140000,1590,1560,897
chr6,21140000,0.757272,0.5819,21160000,1515,1509,864
chr6,21160000,0.623208,0.5196,21180000,629,586,393
chr6,21180000,0.948336,0.6214,21200000,1942,2053,1002
chr6,21200000,0.995854,0.6741,21220000,2736,2620,1566
chr6,21220000,0.9968,0.64435,21240000,2178,2358,1207
chr6,21240000,0.985142,0.6515,21260000,2403,2439,1370
chr6,21260000,0.824158,0.6101,21280000,1638,1634,1033
chr6,21280000,0.943479,0.59225,21300000,1838,1903,1168
chr6,21300000,0.961437,0.71195,21320000,2978,2733,1634
chr6,21320000,0.933037,0.61965,21340000,2039,2016,1163
chr6,21340000,0.976989,0.7026,21360000,2792,2650,1485
chr6,21360000,0.747411,0.63965,21380000,1836,1681,992
chr6,21380000,0.810884,0.63605,21400000,1913,1966,992
chr6,21400000,0.99475,0.67625,21420000,2581,2689,1421
chr6,21420000,0.694593,0.6125,21440000,1584,1551,849
chr6,21440000,0.969723,0.6254,21460000,2223,2203,1162
chr6,21460000,0.969293,0.6611,21480000,2305,2429,1236
chr6,21480000,0.994325,0.62435,21500000,1957,2204,1127
chr6,21500000,0.960723,0.63635,21520000,2325,2337,1214
chr6,21520000,0.655504,0.58715,21540000,1092,1245,623
chr6,21540000,0.62889,0.6128,21560000,1112,1287,994
chr6,21560000,0.892039,0.61845,21580000,1926,2419,1436
chr6,21580000,0.950441,0.6589,21600000,2275,2296,1322
chr6,21600000,0.978435,0.6298,21620000,1915,2229,1015
chr6,21620000,0.988438,0.6539,21640000,2370,2339,1302
chr6,21640000,0.895978,0.65765,21660000,2186,2193,1151
chr6,21660000,0.99585,0.65835,21680000,2377,2538,1368
chr6,21680000,0.994246,0.65485,21700000,2279,2343,1299
chr6,21700000,0.989225,0.64755,21720000,2358,2419,1226
chr6,21720000,0.99765,0.6428,21740000,2255,2443,1135
chr6,21740000,0.883819,0.64915,21760000,2096,2176,1260
chr6,21760000,0.910817,0.6453,21780000,2133,2112,1288
chr6,21780000,0.911114,0.63295,21800000,1441,1538,834
chr6,21800000,0.890429,0.55895,21820000,1063,1066,661
chr6,21820000,0.765817,0.6324,21840000,1648,1530,1457
chr6,21840000,0.873588,0.62015,21860000,2945,3323,2850
chr6,21860000,0.971877,0.6304,21880000,1789,1952,1078
chr6,21880000,0.99845,0.62705,21900000,2129,2405,1123
chr6,21900000,0.666012,0.65385,21920000,1250,1136,778
chr6,21920000,0.606597,0.62295,21940000,1027,1410,1164
chr6,21940000,0.693088,0.63745,21960000,1030,1126,594
chr6,21960000,0.673835,0.6257,21980000,1008,1166,503
chr6,21980000,0.763598,0.6551,22000000,1662,1620,871
chr6,22000000,0.960306,0.65015,22020000,2162,2306,1162
chr6,22020000,0.98341,0.6067,22040000,2082,2122,1183
chr6,22040000,0.922682,0.61255,22060000,2073,1894,1112
chr6,22060000,0.701591,0.62175,22080000,1347,1295,789
chr6,22080000,0.997123,0.64175,22100000,2247,2338,1178
chr6,22100000,0.9137,0.6154,22120000,2458,2722,2094
chr6,22120000,0.978041,0.59325,22140000,1861,1964,1028
chr6,22140000,0.90208,0.65185,22160000,2022,1970,1217
chr6,22160000,0.905034,0.62795,22180000,1833,1847,995
chr6,22180000,0.827499,0.6405,22200000,1685,1700,966
chr6,22200000,0.964479,0.6188,22220000,1919,2130,1079
chr6,22220000,0.823088,0.66075,22240000,2206,2127,1173
chr6,22240000,1,0.6083,22260000,1875,2196,966
chr6,22260000,0.978137,0.6304,22280000,2097,2275,1213
chr6,22280000,0.997952,0.6486,22300000,2353,2331,1202
chr6,22300000,0.861439,0.60415,22320000,1563,1738,950
chr6,22320000,0.86062,0.6249,22340000,1906,1928,1067
chr6,22340000,0.968943,0.6134,22360000,1956,2055,1097
chr6,22360000,0.945958,0.6287,22380000,2067,2296,1189
chr6,22380000,0.743747,0.59255,22400000,1551,1649,1017
chr6,22400000,0.390689,0.61105,22420000,962,1096,736
chr6,22420000,0.960526,0.63355,22440000,2057,2155,1140
chr6,22440000,0.949373,0.63545,22460000,2023,2174,1066
chr6,22460000,0.572528,0.60885,22480000,1023,1101,635
chr6,22480000,0.843767,0.66005,22500000,1799,1841,1058
chr6,22500000,0.990299,0.69695,22520000,2801,2736,1598
chr6,22520000,0.98175,0.6188,22540000,1930,2113,1034
chr6,22540000,0.998675,0.6432,22560000,2134,2240,1189
chr6,22560000,1,0.64785,22580000,2446,2417,1241
chr6,22580000,0.994925,0.65275,22600000,2319,2487,1268
chr6,22600000,0.995421,0.6046,22620000,1485,1632,793
chr6,22620000,0.902374,0.61625,22640000,1817,1860,1075
chr6,22640000,1,0.64395,22660000,2326,2391,1229
chr6,22660000,1,0.61475,22680000,1963,2136,1052
chr6,22680000,0.892008,0.64285,22700000,1811,1861,1033
chr6,22700000,1,0.61015,22720000,1773,1988,996
chr6,22720000,0.99095,0.60745,22740000,2123,2237,1152
chr6,22740000,1,0.6432,22760000,2185,2253,1177
chr6,22760000,0.973281,0.6424,22780000,2166,2068,1225
chr6,22780000,0.824625,0.60315,22800000,1373,1369,878
chr6,22800000,0.94384,0.66695,22820000,2201,2164,1200
chr6,22820000,0.705934,0.5651,22840000,1041,975,611
chr6,22840000,0.988867,0.6765,22860000,2675,2489,1527
chr6,22860000,1,0.61515,22880000,1848,2138,917
chr6,22880000,0.946025,0.633,22900000,2171,2196,1264
chr6,22900000,0.970258,0.63755,22920000,2039,2172,1157
chr6,22920000,0.98455,0.60675,22940000,2091,2288,1404
chr6,22940000,0.962427,0.66605,22960000,2459,2347,1290
chr6,22960000,0.956052,0.6714,22980000,51656,69603,47364
chr6,22980000,0.996996,0.64575,23000000,2108,2293,1104
chr6,23000000,0.999975,0.6336,23020000,2003,2148,1093
chr6,23020000,0.999375,0.6066,23040000,2049,2083,1127
chr6,23040000,0.940709,0.64965,23060000,2352,2190,1295
chr6,23060000,0.935003,0.6485,23080000,2099,2271,1406
chr6,23080000,0.945661,0.62385,23100000,1956,1958,1130
chr6,23100000,0.762709,0.53885,23120000,1242,1302,766
chr6,23120000,0.977297,0.6209,23140000,1992,2094,956
chr6,23140000,0.98225,0.6361,23160000,2171,2235,1080
chr6,23160000,0.961385,0.63015,23180000,2015,2066,1197
chr6,23180000,0.9952,0.6381,23200000,2157,2251,1042
chr6,23200000,0.956421,0.70055,23220000,2769,2659,1574
chr6,23220000,0.990734,0.665,23240000,2632,2458,1443
chr6,23240000,0.99645,0.67295,23260000,2529,2699,1379
chr6,23260000,0.9932,0.62925,23280000,2270,2354,1261
chr6,23280000,0.9989,0.64305,23300000,2725,2721,1644
chr6,23300000,0.948668,0.66505,23320000,2472,2574,1405
chr6,23320000,0.723095,0.65555,23340000,1433,1485,909
chr6,23340000,0.597286,0.674,23360000,1222,1190,729
chr6,23360000,0.648447,0.67945,23380000,1590,1505,835
chr6,23380000,0.950787,0.6574,23400000,2247,2418,1286
chr6,23400000,0.909057,0.6949,23420000,2558,2506,1409
chr6,23420000,0.971801,0.71885,23440000,3016,2814,1665
chr6,23440000,0.934941,0.69495,23460000,2648,2413,1498
chr6,23460000,0.850046,0.66295,23480000,2249,2096,1236
chr6,23480000,0.974625,0.60955,23500000,1862,2161,969
chr6,23500000,0.97481,0.6232,23520000,2066,2130,1072
chr6,23520000,0.974175,0.62735,23540000,2092,2146,1039
chr6,23540000,0.981787,0.64725,23560000,2307,2379,1229
chr6,23560000,0.907635,0.6734,23580000,2153,2134,1215
chr6,23580000,0.989212,0.6347,23600000,2234,2352,1120
chr6,23600000,0.894317,0.60655,23620000,1825,1825,1036
chr6,23620000,0.655807,0.5628,23640000,893,829,633
chr6,23640000,0.957235,0.6107,23660000,1742,2020,965
chr6,23660000,0.856514,0.6045,23680000,1680,1820,929
chr6,23680000,0.979096,0.6407,23700000,2411,2351,1374
chr6,23700000,0.988577,0.62035,23720000,2048,2196,1122
chr6,23720000,0.936213,0.6773,23740000,2311,2310,1345
chr6,23740000,0.896742,0.69155,23760000,2281,2159,1420
chr6,23760000,0.840605,0.6252,23780000,1723,1785,1038
chr6,23780000,1,0.62095,23800000,1967,2125,1138
chr6,23800000,0.801061,0.61115,23820000,1542,1626,760
chr6,23820000,0.818029,0.61855,23840000,1495,1590,866
chr6,23840000,0.992144,0.60465,23860000,1839,1975,987
chr6,23860000,1,0.6187,23880000,1966,2152,991
chr6,23880000,1,0.6081,23900000,1907,2225,1061
chr6,23900000,0.993062,0.66065,23920000,2523,2556,1303
chr6,23920000,1,0.6463,23940000,2329,2384,1180
chr6,23940000,0.997096,0.628,23960000,1941,1993,1077
chr6,23960000,0.961275,0.63855,23980000,2152,2134,1217
chr6,23980000,0.992904,0.6339,24000000,2127,2219,1163
chr6,24000000,0.85141,0.6315,24020000,1643,1700,911
chr6,24020000,0.763077,0.6384,24040000,1296,1293,757
chr6,24040000,0.67935,0.62115,24060000,877,925,441
chr6,24060000,0.95715,0.64,24080000,1903,2056,1139
chr6,24080000,0.954775,0.6424,24100000,2073,2135,1105
chr6,24100000,0.99169,0.6156,24120000,957,2066,1031
chr6,24120000,0.938933,0.64895,24140000,1095,2185,1197
chr6,24140000,0.808764,0.6099,24160000,718,1569,808
chr6,24160000,0.999112,0.65275,24180000,1196,2398,1237
chr6,24180000,0.875017,0.63295,24200000,864,1796,983
chr6,24200000,0.997578,0.6283,24220000,1123,2249,1103
chr6,24220000,0.983875,0.6548,24240000,1194,2457,1364
chr6,24240000,0.991318,0.6589,24260000,1169,2454,1256
chr6,24260000,0.966767,0.6425,24280000,891,1750,1008
chr6,24280000,0.948804,0.61915,24300000,870,1760,908
chr6,24300000,0.736008,0.59255,24320000,711,1499,770
chr6,24320000,1,0.6371,24340000,1182,2391,1156
chr6,24340000,0.9975,0.6442,24360000,1098,2359,1133
chr6,24360000,0.947892,0.63095,24380000,1001,1880,1121
chr6,24380000,0.949044,0.6674,24400000,1176,2267,1301
chr6,24400000,0.999942,0.6771,24420000,1254,2484,1435
chr6,24420000,0.992142,0.65795,24440000,1132,2405,1344
chr6,24440000,0.99485,0.60245,24460000,975,2119,1079
chr6,24460000,0.799483,0.60345,24480000,878,1690,956
chr6,24480000,0.982423,0.65755,24500000,1249,2373,1291
chr6,24500000,0.844151,0.6337,24520000,898,1780,952
chr6,24520000,0.501715,0.69275,24540000,244,442,355
chr6,24540000,0.826419,0.691,24560000,933,1722,1083
chr6,24560000,0.999975,0.6487,24580000,1111,2306,1266
chr6,24580000,0.857158,0.6175,24600000,754,1605,885
chr6,24600000,0.968922,0.66225,24620000,1199,2311,1292
chr6,24620000,0.936125,0.6565,24640000,1024,2204,1115
chr6,24640000,0.850065,0.61255,24660000,878,1780,1010
chr6,24660000,0.992687,0.6506,24680000,1117,2326,1305
chr6,24680000,0.963624,0.67965,24700000,1275,2351,1387
chr6,24700000,0.850637,0.70165,24720000,1187,2164,1278
chr6,24720000,0.836295,0.66,24740000,991,2002,1103
chr6,24740000,0.9664,0.6353,24760000,1048,2179,1144
chr6,24760000,0.960892,0.61365,24780000,992,2085,1123
chr6,24780000,0.983979,0.61705,24800000,1048,2098,1174
chr6,24800000,0.976833,0.6552,24820000,1146,2181,1209
chr6,24820000,0.87605,0.63105,24840000,880,1715,938
chr6,24840000,0.997408,0.6284,24860000,943,1984,1044
chr6,24860000,0.950086,0.6183,24880000,828,1799,873
chr6,24880000,0.98243,0.6331,24900000,1024,2226,1166
chr6,24900000,1,0.64525,24920000,994,2170,1123
chr6,24920000,0.935245,0.6449,24940000,1066,2226,1183
chr6,24940000,0.876238,0.6428,24960000,904,1759,983
chr6,24960000,0.972202,0.6825,24980000,1274,2431,1412
chr6,24980000,0.921888,0.6343,25000000,1142,2135,1173
chr6,25000000,0.99265,0.6216,25020000,1105,2099,1083
chr6,25020000,0.9924,0.64995,25040000,4846,5879,4561
chr6,25040000,0.989769,0.6326,25060000,1092,2345,1176
chr6,25060000,0.969608,0.64965,25080000,1103,2181,1166
chr6,25080000,0.945683,0.6307,25100000,962,1995,1070
chr6,25100000,0.961378,0.6232,25120000,1011,2017,1033
chr6,25120000,0.894321,0.62825,25140000,838,1743,925
chr6,25140000,0.948618,0.64485,25160000,1036,2194,1109
chr6,25160000,0.985309,0.62965,25180000,968,2171,1071
chr6,25180000,0.997467,0.6579,25200000,1558,2777,1750
chr6,25200000,0.930967,0.64265,25220000,958,2095,1006
chr6,25220000,0.986034,0.67205,25240000,1271,2441,1317
chr6,25240000,1,0.6277,25260000,1029,2199,1065
chr6,25260000,0.936284,0.6331,25280000,1045,2136,1084
chr6,25280000,0.993466,0.6431,25300000,1057,2179,1127
chr6,25300000,0.990727,0.64655,25320000,1127,2222,1206
chr6,25320000,0.991489,0.6566,25340000,1284,2588,1347
chr6,25340000,0.997358,0.62205,25360000,1026,2222,1065
chr6,25360000,0.99055,0.64645,25380000,1083,2023,1273
chr6,25380000,0.997013,0.61555,25400000,957,1932,1049
chr6,25400000,0.965563,0.63785,25420000,1120,2041,1104
chr6,25420000,0.960596,0.6309,25440000,1251,2373,1484
chr6,25440000,0.868224,0.668,25460000,984,1773,1114
chr6,25460000,0.783776,0.6019,25480000,718,1366,844
chr6,25480000,0.818204,0.6227,25500000,1252,1930,1443
chr6,25500000,0.702768,0.59385,25520000,683,1302,755
chr6,25520000,0.972101,0.65045,25540000,1077,2185,1174
chr6,25540000,0.993551,0.647,25560000,1368,2534,1264
chr6,25560000,1,0.6346,25580000,1149,2326,1137
chr6,25580000,1,0.6357,25600000,1107,2368,1153
chr6,25600000,1,0.6225,25620000,938,1939,898
chr6,25620000,1,0.60205,25640000,874,1908,924
chr6,25640000,0.99727,0.6544,25660000,1395,2549,1381
chr6,25660000,0.807254,0.6082,25680000,707,1604,837
chr6,25680000,0.882035,0.6683,25700000,1127,2230,1282
chr6,25700000,0.896717,0.65985,25720000,1115,2181,1150
chr6,25720000,0.9714,0.6576,25740000,1170,2370,1303
chr6,25740000,1,0.6178,25760000,1022,2082,1123
chr6,25760000,0.927775,0.6116,25780000,772,1638,920
chr6,25780000,0.840758,0.6297,25800000,985,1892,899
chr6,25800000,0.999125,0.6464,25820000,1410,2556,1554
chr6,25820000,0.889443,0.64365,25840000,880,1770,933
chr6,25840000,0.923905,0.632,25860000,900,1909,987
chr6,25860000,0.551568,0.62215,25880000,477,828,593
chr6,25880000,0.991233,0.63565,25900000,941,2103,1090
chr6,25900000,0.913003,0.61455,25920000,850,1704,909
chr6,25920000,0.365712,0.5178,25940000,270,456,266
chr6,25940000,0.904361,0.6057,25960000,785,1701,834
chr6,25960000,0.993932,0.6191,25980000,920,2003,998
chr6,25980000,0.970949,0.65645,26000000,1199,2358,1290
chr6,26000000,0.997442,0.6514,26020000,1196,2296,1281
chr6,26020000,1,0.6344,26040000,1120,2280,1188
chr6,26040000,0.836624,0.62145,26060000,825,1618,860
chr6,26060000,0.868515,0.63105,26080000,837,1614,909
chr6,26080000,0.967821,0.6464,26100000,1341,2288,1455
chr6,26100000,0.926468,0.59815,26120000,849,1802,865
chr6,26120000,0.998575,0.6265,26140000,949,1919,1078
chr6,26140000,0.996289,0.63225,26160000,1013,2135,1110
chr6,26160000,0.978203,0.64935,26180000,1031,2025,1138
chr6,26180000,0.985192,0.69055,26200000,1344,2488,1532
chr6,26200000,0.928981,0.6368,26220000,980,2023,1073
chr6,26220000,0.977037,0.63065,26240000,984,2077,1062
chr6,26240000,0.923325,0.64895,26260000,970,1962,1039
chr6,26260000,0.879617,0.64265,26280000,964,2011,1090
chr6,26280000,0.800796,0.5829,26300000,724,1346,838
chr6,26300000,0.90675,0.6211,26320000,791,1495,816
chr6,26320000,0.919725,0.67915,26340000,1086,2040,1231
chr6,26340000,0.9083,0.62465,26360000,816,1772,932
chr6,26360000,0.97854,0.60605,26380000,890,1910,1069
chr6,26380000,0.821822,0.5934,26400000,711,1414,794
chr6,26400000,1,0.6393,26420000,1026,2201,1169
chr6,26420000,0.909575,0.66245,26440000,1076,2113,1194
chr6,26440000,0.938575,0.6482,26460000,1085,2110,1114
chr6,26460000,1,0.63535,26480000,1095,2291,1204
chr6,26480000,0.997925,0.64555,26500000,1117,2374,1285
chr6,26500000,0.988143,0.66205,26520000,1273,2319,1439
chr6,26520000,1,0.64485,26540000,1170,2409,1115
chr6,26540000,0.978975,0.6735,26560000,1326,2534,1363
chr6,26560000,0.968719,0.65105,26580000,1086,2353,1122
chr6,26580000,0.99685,0.66615,26600000,1245,2549,1344
chr6,26600000,0.998087,0.65855,26620000,1236,2313,1255
chr6,26620000,0.967996,0.66405,26640000,1209,2361,1349
chr6,26640000,0.714283,0.59015,26660000,716,1389,807
chr6,26660000,0.959175,0.66595,26680000,1117,2287,1332
chr6,26680000,0.998907,0.68555,26700000,1431,2736,1526
chr6,26700000,0.994241,0.6253,26720000,972,2041,1064
chr6,26720000,0.971221,0.67215,26740000,1238,2312,1302
chr6,26740000,0.950608,0.6372,26760000,867,1901,993
chr6,26760000,0.9518,0.64045,26780000,1095,2140,1110
chr6,26780000,0.9518,0.623,26800000,935,1956,1018
chr6,26800000,0.985775,0.671,26820000,1411,2434,1493
chr6,26820000,0.981791,0.645,26840000,1072,2142,1188
chr6,26840000,0.667494,0.6036,26860000,662,1195,695
chr6,26860000,0.772292,0.5856,26880000,544,1308,657
chr6,26880000,0.761445,0.6428,26900000,844,1653,893
chr6,26900000,0.996193,0.6401,26920000,1067,2262,1137
chr6,26920000,0.888162,0.62265,26940000,1632,2284,1681
chr6,26940000,0.971167,0.65455,26960000,1118,2227,1235
chr6,26960000,0.924969,0.666,26980000,1100,2125,1135
chr6,26980000,0.926231,0.658,27000000,1129,2271,1224
chr6,27000000,0.981482,0.63505,27020000,1045,2306,1118
chr6,27020000,0.9956,0.60855,27040000,980,2040,990
chr6,27040000,0.918017,0.6158,27060000,874,1798,922
chr6,27060000,0.999725,0.64675,27080000,1076,2209,1193
chr6,27080000,1,0.59845,27100000,828,1894,877
chr6,27100000,1,0.6169,27120000,921,1954,920
chr6,27120000,0.990268,0.6482,27140000,1125,2202,1270
chr6,27140000,0.468921,0.6406,27160000,434,852,470
chr6,27160000,0.928625,0.6553,27180000,1130,2083,1210
chr6,27180000,0.972778,0.67,27200000,1208,2294,1272
chr6,27200000,0.9934,0.62425,27220000,1023,2284,1164
chr6,27220000,0.929438,0.65735,27240000,1093,2261,1237
chr6,27240000,0.993675,0.6658,27260000,1382,2496,1358
chr6,27260000,0.748526,0.6405,27280000,652,1292,714
chr6,27280000,0.686502,0.63685,27300000,618,1060,949
chr6,27300000,0.985825,0.62125,27320000,945,1944,1026
chr6,27320000,0.878523,0.64605,27340000,870,1811,878
chr6,27340000,0.499979,0.6299,27360000,67,72,64
chr6,27360000,0.719587,0.6433,27380000,521,1054,553
chr6,27380000,0.9806,0.65695,27400000,1086,2188,1219
chr6,27400000,0.996949,0.6403,27420000,1104,2294,1157
chr6,27420000,0.99965,0.632,27440000,1042,2171,1069
chr6,27440000,0.926744,0.66325,27460000,1028,1978,1202
chr6,27460000,0.924768,0.65285,27480000,1139,2250,1176
chr6,27480000,0.903275,0.6415,27500000,1028,2021,1124
chr6,27500000,0.960351,0.65375,27520000,1102,2157,1229
chr6,27520000,0.994352,0.6275,27540000,1113,2364,1312
chr6,27540000,0.990985,0.66425,27560000,1251,2353,1274
chr6,27560000,0.780442,0.63935,27580000,867,1506,987
chr6,27580000,0.646867,0.60595,27600000,660,1157,978
chr6,27600000,0.977909,0.6567,27620000,1139,2386,1317
chr6,27620000,1,0.61605,27640000,882,1988,983
chr6,27640000,0.988908,0.61455,27660000,1026,1927,1039
chr6,27660000,0.929289,0.64195,27680000,1129,2142,1121
chr6,27680000,0.763649,0.6201,27700000,790,1551,859
chr6,27700000,0.889875,0.6232,27720000,765,1582,809
chr6,27720000,0.886275,0.62915,27740000,503,1047,557
chr6,27740000,0.815758,0.618,27760000,727,1522,786
chr6,27760000,0.627899,0.60985,27780000,351,704,365
chr6,27780000,0.5333,0.581,27800000,237,432,318
chr6,27800000,0.961711,0.60995,27820000,891,1922,1044
chr6,27820000,0.998905,0.6115,27840000,931,2008,1040
chr6,27840000,0.998066,0.60735,27860000,863,1780,929
chr6,27860000,0.990899,0.63575,27880000,1169,2243,1396
chr6,27880000,0.985925,0.6406,27900000,1088,2097,1083
chr6,27900000,0.999675,0.60615,27920000,964,1969,994
chr6,27920000,0.705689,0.66305,27940000,1020,1722,1205
chr6,27940000,0.882011,0.62825,27960000,1003,2043,1151
chr6,27960000,0.999533,0.60065,27980000,933,1817,1023
chr6,27980000,0.99242,0.624,28000000,983,2023,1067
chr6,28000000,0.999925,0.60005,28020000,901,1753,949
chr6,28020000,0.511175,0.5801,28040000,451,986,564
chr7,0,0.391479,0.63135,20000,33,18,45
chr7,20000,0.793932,0.6208,40000,567,8,680
chr7,40000,0.997463,0.61135,60000,812,5,817
chr7,60000,0.984777,0.63325,80000,1109,114,1266
chr7,80000,1,0.6289,100000,997,9,1050
chr7,100000,0.997275,0.63555,120000,1126,26,1138
chr7,120000,1,0.6074,140000,885,5,959
chr7,140000,0.99778,0.63235,160000,1048,7,1046
chr7,160000,1,0.62475,180000,996,17,1077
chr7,180000,1,0.623,200000,1012,8,1133
chr7,200000,0.7754,0.60505,220000,821,10,894
chr7,220000,0.988342,0.62625,240000,966,10,1127
chr7,240000,0.954486,0.65335,260000,1102,12,1157
chr7,260000,0.933783,0.61055,280000,799,12,876
chr7,280000,0.991085,0.65105,300000,1096,10,1204
chr7,300000,1,0.62665,320000,1061,10,1082
chr7,320000,1,0.6081,340000,941,15,933
chr7,340000,0.969529,0.6582,360000,1080,36,1221
chr7,360000,0.542519,0.5614,380000,373,6,425
chr7,380000,0.838719,0.63835,400000,856,10,952
chr7,400000,0.92398,0.64855,420000,991,8,1124
chr7,420000,0.897699,0.6804,440000,1178,180,1342
chr7,440000,0.942355,0.6304,460000,1057,98,1288
chr7,460000,0.943415,0.6703,480000,1187,18,1329
chr7,480000,0.992783,0.6429,500000,1133,10,1251
chr7,500000,0.999142,0.64275,520000,1115,16,1244
chr7,520000,0.98675,0.6575,540000,1122,59,1165
chr7,540000,0.99775,0.63125,560000,1048,14,1185
chr7,560000,0.989255,0.64365,580000,1056,7,1141
chr7,580000,0.941768,0.6332,600000,983,9,1025
chr7,600000,0.99825,0.62105,620000,970,11,1095
chr7,620000,0.943072,0.6586,640000,1107,49,1232
chr7,640000,1,0.65135,660000,1185,8,1243
chr7,660000,1,0.62885,680000,1095,5,1071
chr7,680000,0.999425,0.63475,700000,1140,9,1215
chr7,700000,0.991642,0.62435,720000,1034,10,1149
chr7,720000,0.981903,0.62425,740000,978,31,1014
chr7,740000,1,0.63885,760000,1173,15,1199
chr7,760000,0.99767,0.621,780000,1023,5,1027
chr7,780000,1,0.62775,800000,994,22,1119
chr7,800000,0.991783,0.6366,820000,1389,319,1556
chr7,820000,0.910442,0.65115,840000,974,17,935
chr7,840000,0.992304,0.6717,860000,1300,18,1386
chr7,860000,0.933699,0.695,880000,1226,18,1407
chr7,880000,0.957817,0.62875,900000,975,149,1034
chr7,900000,0.867959,0.66985,920000,953,10,1105
chr7,920000,0.995642,0.62165,940000,982,20,973
chr7,940000,0.9778,0.61215,960000,879,11,965
chr7,960000,0.950877,0.6397,980000,1000,8,1101
chr7,980000,1,0.63075,1000000,1021,11,1087
chr7,1000000,0.994271,0.65115,1020000,1207,7,1256
chr7,1020000,0.931849,0.6428,1040000,992,6,1070
chr7,1040000,0.999156,0.65565,1060000,1159,8,1229
chr7,1060000,0.999125,0.65265,1080000,1204,4,1214
chr7,1080000,0.99925,0.61205,1100000,827,7,893
chr7,1100000,1,0.6132,1120000,1014,30,1008
chr7,1120000,0.984133,0.64265,1140000,1154,7,1212
chr7,1140000,0.9968,0.6025,1160000,1900,1142,2042
chr7,1160000,0.934726,0.6452,1180000,1028,26,1135
chr7,1180000,0.971951,0.6189,1200000,1028,124,1115
chr7,1200000,0.914727,0.6484,1220000,1001,11,1101
chr7,1220000,0.997529,0.62635,1240000,948,7,998
chr7,1240000,0.937028,0.65285,1260000,1001,6,1159
chr7,1260000,0.876725,0.6405,1280000,985,209,1121
chr7,1280000,0.753067,0.6029,1300000,598,10,678
chr7,1300000,1,0.618,1320000,997,32,1015
chr7,1320000,1,0.6325,1340000,1027,10,1118
chr7,1340000,0.916222,0.63125,1360000,965,10,1050
chr7,1360000,0.964125,0.61195,1380000,986,8,921
chr7,1380000,0.9608,0.6086,1400000,904,29,1038
chr7,1400000,0.988597,0.61665,1420000,942,10,999
chr7,1420000,1,0.6159,1440000,1014,5,1147
chr7,1440000,1,0.6063,1460000,806,5,888
chr7,1460000,0.998397,0.64375,1480000,1091,7,1168
chr7,1480000,0.999457,0.64765,1500000,1113,11,1264
chr7,1500000,0.986713,0.6943,1520000,1446,7,1527
chr7,1520000,0.965449,0.6859,1540000,1322,4,1429
chr7,1540000,0.980125,0.66835,1560000,1301,41,1431
chr7,1560000,0.91867,0.6364,1580000,947,13,1064
chr7,1580000,0.97695,0.66205,1600000,1193,17,1349
chr7,1600000,0.980065,0.65455,1620000,1124,10,1236
chr7,1620000,0.996224,0.67605,1640000,1321,13,1385
chr7,1640000,1,0.6245,1660000,1105,9,1160
chr7,1660000,0.982537,0.64775,1680000,1144,5,1246
chr7,1680000,0.9509,0.64085,1700000,1042,19,1197
chr7,1700000,0.992913,0.666,1720000,1228,12,1388
chr7,1720000,0.977174,0.6852,1740000,1456,70,1544
chr7,1740000,0.975544,0.65135,1760000,1087,14,1196
chr7,1760000,0.983981,0.6511,1780000,1080,19,1240
chr7,1780000,0.981715,0.67835,1800000,1278,15,1398
chr7,1800000,0.99505,0.6612,1820000,1195,14,1279
chr7,1820000,0.963682,0.6607,1840000,1138,54,1285
chr7,1840000,0.720801,0.6821,1860000,778,11,887
chr7,1860000,0.670717,0.62775,1880000,587,11,752
chr7,1880000,0.853724,0.58555,1900000,748,13,871
chr7,1900000,0.9461,0.62145,1920000,940,4,1021
chr7,1920000,0.90645,0.64185,1940000,936,10,920
chr7,1940000,0.905507,0.65525,1960000,985,15,1076
chr7,1960000,0.907758,0.61425,1980000,1073,259,1294
chr7,1980000,0.986623,0.6425,2000000,1028,11,1235
chr7,2000000,0.981987,0.64245,2020000,1132,33,1137
chr7,2020000,0.989675,0.62375,2040000,1004,7,1115
chr7,2040000,0.996858,0.64185,2060000,1030,54,1197
chr7,2060000,0.992671,0.5915,2080000,866,31,972
chr7,2080000,0.99522,0.5812,2100000,801,21,936
chr7,2100000,0.847989,0.6245,2120000,922,14,1055
chr7,2120000,0.916951,0.6385,2140000,969,41,1087
chr7,2140000,0.649557,0.5471,2160000,382,9,369
chr7,2160000,0.919276,0.64345,2180000,1074,15,1221
chr7,2180000,0.88757,0.6104,2200000,842,19,921
chr7,2200000,0.957325,0.61935,2220000,1044,110,1196
chr7,2220000,0.814282,0.69245,2240000,1025,6,1056
chr7,2240000,0.767411,0.6521,2260000,739,12,888
chr7,2260000,0.992661,0.64675,2280000,1124,15,1199
chr7,2280000,0.986176,0.6719,2300000,1359,12,2450
chr7,2300000,0.94037,0.6403,2320000,1028,42,2310
chr7,2320000,0.976505,0.64675,2340000,1062,9,2238
chr7,2340000,0.961264,0.65745,2360000,1139,7,2426
chr7,2360000,0.984308,0.64475,2380000,1161,9,2345
chr7,2380000,0.985888,0.64045,2400000,1072,9,2286
chr7,2400000,0.77147,0.66035,2420000,790,15,1915
chr7,2420000,0.983317,0.6695,2440000,1280,12,2656
chr7,2440000,0.995098,0.6532,2460000,1222,31,2570
chr7,2460000,0.986493,0.654,2480000,1086,14,2466
chr7,2480000,0.779752,0.6543,2500000,843,8,1912
chr7,2500000,0.768325,0.67625,2520000,970,10,1987
chr7,2520000,0.87385,0.67325,2540000,1061,10,2211
chr7,2540000,0.938268,0.6644,2560000,1040,33,2381
chr7,2560000,0.904922,0.65655,2580000,1066,6,2335
chr7,2580000,1,0.69775,2600000,1400,12,3084
chr7,2600000,0.957303,0.62615,2620000,1093,48,2401
chr7,2620000,0.978506,0.6094,2640000,1056,48,2200
chr7,2640000,0.910267,0.6566,2660000,965,57,2180
chr7,2660000,0.853511,0.61385,2680000,727,13,1567
chr7,2680000,0.575283,0.58915,2700000,519,10,1244
chr7,2700000,1,0.6353,2720000,1218,282,2383
chr7,2720000,0.972158,0.65075,2740000,1109,61,2376
chr7,2740000,0.845227,0.66935,2760000,923,23,2124
chr7,2760000,0.98723,0.6276,2780000,1063,280,2625
chr7,2780000,0.811916,0.63485,2800000,865,241,1633
chr7,2800000,0.61858,0.61055,2820000,470,78,938
chr7,2820000,0.962283,0.6471,2840000,1093,23,2357
chr7,2840000,0.936548,0.67555,2860000,1142,58,2500
chr7,2860000,0.982965,0.66655,2880000,1265,18,2771
chr7,2880000,0.925036,0.66455,2900000,1140,62,2513
chr7,2900000,0.86469,0.64685,2920000,1037,14,2149
chr7,2920000,0.9073,0.6869,2940000,1062,12,2479
chr7,2940000,0.792264,0.6117,2960000,632,32,1589
chr7,2960000,0.625119,0.66205,2980000,396,22,886
chr7,2980000,0.76566,0.60625,3000000,632,11,1417
chr7,3000000,0.665787,0.65215,3020000,483,5,977
chr7,3020000,0.990183,0.65165,3040000,954,53,2039
chr7,3040000,0.987436,0.67035,3060000,1208,122,2550
chr7,3060000,0.882254,0.6355,3080000,767,110,1846
chr7,3080000,0.482615,0.65775,3100000,218,1,561
chr7,3100000,0.49607,0.64445,3120000,468,6,1347
chr7,3120000,0.499828,0.64345,3140000,298,10,729
chr7,3140000,0.466986,0.63475,3160000,171,2,500
chr7,3160000,0.58309,0.6465,3180000,528,69,1181
chr7,3180000,0.585348,0.5987,3200000,426,6,1014
chr7,3200000,0.823125,0.67295,3220000,857,139,2041
chr7,3220000,0.318679,0.6355,3240000,98,1,215
chr7,3240000,0.452428,0.64775,3260000,172,6,413
chr7,3260000,0.472304,0.69785,3280000,307,5,787
chr7,3280000,0.766494,0.66145,3300000,708,66,1657
chr7,3300000,0.458934,0.7006,3320000,294,3,800
chr7,3320000,0.564931,0.6399,3340000,365,28,927
chr7,3340000,0.861589,0.64855,3360000,935,119,2046
chr7,3360000,0.992513,0.66455,3380000,1105,94,2546
chr7,3380000,0.974576,0.6511,3400000,1092,55,2433
chr7,3400000,0.975625,0.6618,3420000,1145,32,2405
chr7,3420000,0.905175,0.65185,3440000,1148,131,2416
chr7,3440000,0.534658,0.64325,3460000,257,9,555
chr7,3460000,0.809033,0.6395,3480000,614,32,1306
chr7,3480000,0.882283,0.6293,3500000,837,11,1798
chr7,3500000,0.99905,0.6733,3520000,1248,8,2711
chr7,3520000,0.92642,0.641,3540000,991,12,2152
chr7,3540000,0.975397,0.66085,3560000,1223,28,2573
chr7,3560000,0.957805,0.6288,3580000,988,144,2128
chr7,3580000,0.958035,0.6276,3600000,953,61,2114
chr7,3600000,0.94622,0.57645,3620000,833,11,1789
chr7,3620000,1,0.6209,3640000,1002,122,2114
chr7,3640000,0.958273,0.62825,3660000,998,34,2131
chr7,3660000,0.962544,0.66255,3680000,1269,19,2673
chr7,3680000,0.998313,0.64395,3700000,1145,16,2320
chr7,3700000,1,0.6368,3720000,1144,29,2420
chr7,3720000,0.99195,0.64295,3740000,1160,29,2400
chr7,3740000,0.950056,0.60855,3760000,1225,262,2432
chr7,3760000,0.987673,0.65405,3780000,1515,377,2931
chr7,3780000,0.9325,0.56385,3800000,1174,703,2261
chr7,3800000,0.876328,0.5995,3820000,823,33,1982
chr7,3820000,0.966955,0.67365,3840000,1252,39,2725
chr7,3840000,1,0.6371,3860000,1066,24,2383
chr7,3860000,0.97625,0.6142,3880000,893,12,1946
chr7,3880000,0.993183,0.68405,3900000,1391,29,2946
chr7,3900000,0.994165,0.6637,3920000,1250,14,2747
chr7,3920000,1,0.64335,3940000,1096,6,2441
chr7,3940000,1,0.63585,3960000,1038,6,2213
chr7,3960000,1,0.633,3980000,1057,20,2196
chr7,3980000,1,0.64325,4000000,1131,9,2428
chr7,4000000,0.984003,0.6209,4020000,910,2,2127
chr7,4020000,0.871947,0.64435,4040000,968,26,2089
chr7,4040000,0.992733,0.63465,4060000,1099,11,2270
chr7,4060000,0.95541,0.6597,4080000,1165,28,2614
chr7,4080000,0.963258,0.6144,4100000,892,8,2073
chr7,4100000,0.979745,0.66825,4120000,1393,321,2898
chr7,4120000,0.997233,0.6203,4140000,963,16,1986
chr7,4140000,1,0.6394,4160000,1112,9,2265
chr7,4160000,0.978356,0.63935,4180000,1149,13,2467
chr7,4180000,0.990892,0.64465,4200000,1086,17,2465
chr7,4200000,0.847476,0.6563,4220000,988,51,2188
chr7,4220000,0.964429,0.6732,4240000,1172,22,2523
chr7,4240000,0.953007,0.59415,4260000,849,8,2014
chr7,4260000,0.993933,0.61925,4280000,983,12,2182
chr7,4280000,0.994587,0.6231,4300000,982,10,2200
chr7,4300000,0.977133,0.64915,4320000,1035,17,2300
chr7,4320000,0.902235,0.65175,4340000,1373,455,2481
chr7,4340000,0.975509,0.6524,4360000,1118,27,2499
chr7,4360000,0.973227,0.7052,4380000,1445,28,3126
chr7,4380000,0.891265,0.67555,4400000,1206,98,2722
chr7,4400000,0.697776,0.61685,4420000,651,153,1407
chr7,4420000,0.961802,0.6411,4440000,1092,1106,2351
chr7,4440000,1,0.60495,4460000,892,1053,1906
chr7,4460000,0.991151,0.6333,4480000,1036,1059,2151
chr7,4480000,0.845952,0.65025,4500000,1048,1012,2450
chr7,4500000,0.9939,0.6545,4520000,1128,1090,2427
chr7,4520000,0.843766,0.62615,4540000,1042,1097,2318
chr7,4540000,0.873368,0.625,4560000,1067,978,2333
chr7,4560000,0.834945,0.6643,4580000,995,910,2181
chr7,4580000,1,0.6391,4600000,1110,1146,2354
chr7,4600000,0.9927,0.6486,4620000,1266,1247,2602
chr7,4620000,0.961642,0.6627,4640000,1299,1193,2789
chr7,4640000,0.983933,0.6583,4660000,1191,1217,2881
chr7,4660000,0.996175,0.6253,4680000,1069,1119,2232
chr7,4680000,0.996175,0.6245,4700000,1030,1093,2215
chr7,4700000,0.972075,0.60485,4720000,1059,1227,1967
chr7,4720000,0.952992,0.6448,4740000,1062,1056,2299
chr7,4740000,0.997525,0.7035,4760000,1508,1479,3147
chr7,4760000,0.643455,0.64865,4780000,747,863,1604
chr7,4780000,0.969804,0.66815,4800000,1292,1193,2753
chr7,4800000,0.971481,0.6543,4820000,1160,1141,2575
chr7,4820000,0.853875,0.6021,4840000,818,730,1859
chr7,4840000,0.995525,0.68765,4860000,1374,1328,2847
chr7,4860000,0.999521,0.6381,4880000,1161,1132,2586
chr7,4880000,0.9982,0.6215,4900000,989,1119,2112
chr7,4900000,0.96534,0.66535,4920000,1341,1204,2753
chr7,4920000,0.993329,0.6147,4940000,1034,1103,2233
chr7,4940000,0.998375,0.6187,4960000,1058,1404,2425
chr7,4960000,0.990825,0.6512,4980000,1032,1133,2384
chr7,4980000,0.986296,0.6346,5000000,961,1014,2037
chr7,5000000,0.995041,0.6624,5020000,1123,1220,2483
chr7,5020000,1,0.6911,5040000,1421,1365,3078
chr7,5040000,0.897085,0.6362,5060000,957,1068,2282
chr7,5060000,0.997092,0.6613,5080000,1147,1208,2615
chr7,5080000,1,0.65545,5100000,1237,1195,2604
chr7,5100000,0.987,0.6435,5120000,1193,1104,2545
chr7,5120000,1,0.6375,5140000,1136,1124,2393
chr7,5140000,0.954736,0.6341,5160000,1093,1090,2457
chr7,5160000,0.909324,0.6366,5180000,1134,1029,2395
chr7,5180000,0.981717,0.661,5200000,1168,1098,2578
chr7,5200000,0.996284,0.62925,5220000,1176,1081,2370
chr7,5220000,1,0.6335,5240000,1020,1080,2189
chr7,5240000,0.959647,0.67265,5260000,1203,1199,2651
chr7,5260000,0.988119,0.6613,5280000,1239,1207,2584
chr7,5280000,0.993375,0.6226,5300000,987,1029,2137
chr7,5300000,0.975958,0.65335,5320000,1244,1166,2644
chr7,5320000,0.530383,0.62515,5340000,472,557,1180
chr7,5340000,0.622769,0.62715,5360000,477,478,1053
chr7,5360000,0.926336,0.64395,5380000,1171,1242,2500
chr7,5380000,0.655392,0.60425,5400000,631,593,1485
chr7,5400000,0.985158,0.6647,5420000,1236,1305,2732
chr7,5420000,0.988817,0.6718,5440000,1275,1255,2927
chr7,5440000,0.95865,0.64595,5460000,1093,1139,2351
chr7,5460000,0.998525,0.6009,5480000,962,1055,2231
chr7,5480000,0.967183,0.6857,5500000,1257,1257,2764
chr7,5500000,0.961918,0.66765,5520000,1236,1222,2690
chr7,5520000,0.99585,0.64795,5540000,1285,1220,2489
chr7,5540000,0.996225,0.65145,5560000,1210,1289,2470
chr7,5560000,0.987686,0.64735,5580000,1185,1216,2383
chr7,5580000,0.9626,0.6474,5600000,1067,1120,2300
chr7,5600000,1,0.6445,5620000,1167,1162,2307
chr7,5620000,0.970351,0.6634,5640000,1245,1173,2628
chr7,5640000,0.91661,0.6657,5660000,1118,1029,2412
chr7,5660000,0.920515,0.6296,5680000,975,1155,1923
chr7,5680000,0.966282,0.5756,5700000,967,871,2047
chr7,5700000,0.926746,0.64045,5720000,1034,1056,2199
chr7,5720000,0.947384,0.65985,5740000,1234,1145,2542
chr7,5740000,0.951605,0.6691,5760000,1227,1137,2584
chr7,5760000,0.808186,0.65895,5780000,921,1001,2222
chr7,5780000,0.898628,0.67105,5800000,1097,1115,2426
chr7,5800000,0.962136,0.7197,5820000,1457,1481,3182
chr7,5820000,0.664118,0.6336,5840000,793,782,1703
chr7,5840000,0.703344,0.65565,5860000,784,729,1965
chr7,5860000,1,0.66475,5880000,1202,1113,2443
chr7,5880000,0.990398,0.64055,5900000,1100,1215,2300
chr7,5900000,0.984352,0.6608,5920000,1179,1166,2712
chr7,5920000,0.987049,0.64765,5940000,1213,1286,2686
chr7,5940000,0.991694,0.644,5960000,1004,1059,2380
chr7,5960000,0.994533,0.6605,5980000,1094,1168,2325
chr7,5980000,0.997742,0.6145,6000000,1012,998,2033
chr7,6000000,0.969722,0.6975,6020000,1383,1349,3155
chr7,6020000,0.977105,0.65485,6040000,1217,1164,2764
chr7,6040000,0.927254,0.66425,6060000,1130,1111,2458
chr7,6060000,0.9895,0.644,6080000,1133,1167,2304
chr7,6080000,0.99385,0.6179,6100000,1021,1040,2010
chr7,6100000,1,0.60275,6120000,935,1058,2000
chr7,6120000,0.917752,0.6437,6140000,4051,5089,5144
chr7,6140000,0.994671,0.62055,6160000,1064,1155,2335
chr7,6160000,0.997176,0.64835,6180000,1123,1155,2350
chr7,6180000,0.982258,0.62095,6200000,832,1462,2046
chr7,6200000,1,0.61555,6220000,826,1735,2419
chr7,6220000,0.996875,0.6073,6240000,1007,2268,3347
chr7,6240000,0.99314,0.63535,6260000,970,2081,2980
chr7,6260000,0.966537,0.64185,6280000,1104,2200,3440
chr7,6280000,0.687227,0.64125,6300000,587,1172,1778
chr7,6300000,0.616944,0.6464,6320000,367,908,1175
chr7,6320000,0.91625,0.6076,6340000,699,1517,2328
chr7,6340000,0.968531,0.6376,6360000,1281,2333,3800
chr7,6360000,1,0.641,6380000,1162,2261,3620
chr7,6380000,0.988439,0.6732,6400000,1332,2540,4352
chr7,6400000,0.930931,0.6797,6420000,1210,2300,3823
chr7,6420000,0.998512,0.7038,6440000,1508,2844,4846
chr7,6440000,0.989363,0.64815,6460000,1168,2321,3745
chr7,6460000,0.993712,0.66815,6480000,1305,2488,4082
chr7,6480000,0.872772,0.63225,6500000,904,1920,2850
chr7,6500000,0.573093,0.6229,6520000,542,1022,1686
chr7,6520000,0.9954,0.64,6540000,1124,2353,3469
chr7,6540000,0.999425,0.6611,6560000,1192,2484,3962
chr7,6560000,0.958992,0.6402,6580000,1429,2680,3497
chr7,6580000,0.931206,0.6467,6600000,1108,2145,3706
chr7,6600000,0.974725,0.6262,6620000,1204,2111,3006
chr7,6620000,0.531671,0.5282,6640000,367,637,1238
chr7,6640000,0.942939,0.65515,6660000,1073,1987,3701
chr7,6660000,0.81727,0.61815,6680000,755,1423,2570
chr7,6680000,0.863932,0.65615,6700000,1155,2080,3323
chr7,6700000,0.848935,0.62205,6720000,815,1581,2611
chr7,6720000,0.920431,0.6127,6740000,961,2110,2802
chr7,6740000,0.935108,0.63755,6760000,1105,2230,3595
chr7,6760000,0.848997,0.6245,6780000,904,1792,2822
chr7,6780000,0.986939,0.64335,6800000,1228,2386,3620
chr7,6800000,0.974628,0.669,6820000,1199,2432,4148
chr7,6820000,0.978034,0.61435,6840000,913,2045,2971
chr7,6840000,0.785709,0.62745,6860000,833,1685,2716
chr7,6860000,0.975146,0.6075,6880000,980,1984,3115
chr7,6880000,1,0.6084,6900000,887,2007,2750
chr7,6900000,0.922351,0.68135,6920000,1117,2124,4028
chr7,6920000,0.976864,0.6388,6940000,1046,2159,3448
chr7,6940000,0.989298,0.63,6960000,1184,2357,3652
chr7,6960000,0.990283,0.6484,6980000,1167,2360,3689
chr7,6980000,0.871674,0.6342,7000000,993,2022,3224
chr7,7000000,0.993407,0.67635,7020000,1323,2266,4018
chr7,7020000,0.982419,0.66225,7040000,1169,2148,3529
chr7,7040000,1,0.66715,7060000,1328,2647,4213
chr7,7060000,0.988262,0.6438,7080000,1097,2284,3857
chr7,7080000,0.94269,0.67445,7100000,1021,1963,3432
chr7,7100000,0.992164,0.6491,7120000,952,2007,3290
chr7,7120000,0.916356,0.59025,7140000,802,1644,2792
chr7,7140000,0.676955,0.59795,7160000,602,1099,1729
chr7,7160000,0.223481,0.63315,7180000,13,33,57
chr7,7180000,0.211453,0.6115,7200000,31,34,35
chr7,7200000,0.95153,0.59635,7220000,6,9,9
chr7,7220000,0.990442,0.58635,7240000,4,1,4
chr7,7240000,0.908518,0.6277,7260000,11,18,6
chr7,7260000,1,0.5804,7280000,3,13,3
chr7,7280000,1,0.60025,7300000,6,6,1
chr7,7300000,0.994999,0.58505,7320000,6,2,4
chr7,7320000,1,0.59595,7340000,4,2,4
chr7,7340000,1,0.59275,7360000,58,104,62
chr7,7360000,1,0.58565,7380000,3,8,3
chr7,7380000,0.9941,0.6323,7400000,14,23,11
chr7,7400000,0.915762,0.61465,7420000,3,5,3
chr7,7420000,0.993683,0.62695,7440000,10,12,17
chr7,7440000,1,0.6149,7460000,9,21,10
chr7,7460000,0.849373,0.5448,7480000,6,3,2
chr7,7480000,0.886758,0.62985,7500000,19,20,28
chr7,7500000,0.998629,0.61785,7520000,5,6,7
chr7,7520000,0.997404,0.6375,7540000,113,137,114
chr7,7540000,0.92885,0.67155,7560000,6,12,8
chr7,7560000,0.976858,0.6518,7580000,36,23,28
chr7,7580000,0.99595,0.63205,7600000,8,10,3
chr7,7600000,0.940372,0.62855,7620000,6,7,3
chr7,7620000,0.936866,0.60485,7640000,4,3,8
chr7,7640000,1,0.64395,7660000,5,8,6
chr7,7660000,0.9752,0.63565,7680000,4,8,4
chr7,7680000,0.991875,0.61875,7700000,5,10,4
chr7,7700000,0.988492,0.63995,7720000,118,119,65
chr7,7720000,0.998533,0.6356,7740000,6,18,5
chr7,7740000,0.999975,0.65995,7760000,6,8,5
chr7,7760000,0.921054,0.6663,7780000,14,25,22
chr7,7780000,0.990402,0.62415,7800000,5,8,5
chr7,7800000,0.96184,0.62905,7820000,22,26,14
chr7,7820000,0.99375,0.63785,7840000,44,81,21
chr7,7840000,0.946641,0.592,7860000,3,5,3
chr7,7860000,0.845777,0.6283,7880000,8,11,4
chr7,7880000,0.842283,0.64,7900000,14,7,8
chr7,7900000,0.96238,0.6276,7920000,27,22,29
chr7,7920000,0.99625,0.6402,7940000,3,5,2
chr7,7940000,0.999875,0.66575,7960000,378,561,487
chr7,7960000,0.96717,0.6693,7980000,16,46,52
chr7,7980000,1,0.65915,8000000,6,7,14
chr7,8000000,0.94574,0.63425,8020000,18,40,11
chr7,8020000,0.887381,0.68795,8040000,7,11,6
chr7,8040000,0.93277,0.6592,8060000,13,5,6
chr7,8060000,0.99025,0.65945,8080000,6,15,7
chr7,8080000,0.950472,0.63805,8100000,4,5,3
chr7,8100000,0.842325,0.6231,8120000,2,4,4
chr7,8120000,0.96815,0.62585,8140000,36,52,44
chr7,8140000,0.965584,0.64725,8160000,8,29,19
chr7,8160000,0.732833,0.6226,8180000,1,6,1
chr7,8180000,0.944833,0.65905,8200000,16,24,11
chr7,8200000,0.984173,0.65215,8220000,150,202,215
chr7,8220000,0.642056,0.62615,8240000,86,87,65
chr7,8240000,1,0.6406,8260000,3,4,6
chr7,8260000,0.995087,0.64455,8280000,4,10,5
chr7,8280000,0.997235,0.6819,8300000,19,19,18
chr7,8300000,0.989463,0.64055,8320000,103,146,83
chr7,8320000,0.973353,0.63325,8340000,7,28,8
chr7,8340000,0.996863,0.6486,8360000,9,14,5
chr7,8360000,0.954741,0.6995,8380000,9,14,8
chr7,8380000,0.993964,0.69815,8400000,30,35,26
chr7,8400000,0.9999,0.6663,8420000,7,13,6
chr7,8420000,0.963495,0.68835,8440000,10,10,9
chr7,8440000,0.992222,0.66705,8460000,206,292,190
chr7,8460000,0.896904,0.69665,8480000,21,28,13
chr7,8480000,0.99915,0.64525,8500000,12,10,10
chr7,8500000,0.9319,0.69425,8520000,10,10,15
chr7,8520000,0.710503,0.5552,8540000,67,57,42
chr7,8540000,0.997467,0.6648,8560000,11,18,4
chr7,8560000,0.999975,0.64715,8580000,438,605,377
chr7,8580000,0.998575,0.65425,8600000,5,8,11
chr7,8600000,0.92904,0.65835,8620000,45,39,89
chr7,8620000,0.7918,0.66055,8640000,39,46,34
chr7,8640000,0.767161,0.674,8660000,49,66,46
chr7,8660000,0.903212,0.6444,8680000,11,27,7
chr7,8680000,0.99037,0.64845,8700000,11,10,11
chr7,8700000,0.986546,0.64735,8720000,8,6,5
chr7,8720000,0.991018,0.65115,8740000,3,8,3
chr7,8740000,0.998817,0.6493,8760000,14,11,14
chr7,8760000,0.989383,0.69075,8780000,8,7,6
chr7,8780000,0.926899,0.6965,8800000,3,8,7
chr7,8800000,0.96735,0.6485,8820000,4,8,7
chr7,8820000,0.998475,0.6637,8840000,7,12,11
chr7,8840000,0.982357,0.6641,8860000,11,10,13
chr7,8860000,0.99545,0.6522,8880000,12,29,8
chr7,8880000,0.987532,0.65385,8900000,7,11,9
chr7,8900000,1,0.6318,8920000,4,17,2
chr7,8920000,0.99655,0.65845,8940000,23,17,21
chr7,8940000,0.985027,0.68415,8960000,35,36,39
chr7,8960000,0.90974,0.63545,8980000,13,9,12
chr7,8980000,0.694003,0.5723,9000000,397,471,976
chr7,9000000,0.869566,0.60585,9020000,11045,12830,12991
chr7,9020000,0.987965,0.66195,9040000,16,26,17
chr7,9040000,0.98645,0.6681,9060000,16,14,9
chr7,9060000,0.997875,0.6669,9080000,4,11,4
chr7,9080000,0.971378,0.6503,9100000,8,10,11
chr7,9100000,1,0.62615,9120000,1,3,5
chr7,9120000,0.952988,0.66105,9140000,40,73,26
chr7,9140000,0.961041,0.67815,9160000,20,22,20
chr7,9160000,0.984357,0.65425,9180000,13,21,12
chr7,9180000,0.993384,0.64225,9200000,8,11,8
chr7,9200000,0.995806,0.6475,9220000,23,27,9
chr7,9220000,0.934171,0.69175,9240000,2,14,6
chr7,9240000,0.643246,0.6331,9260000,1,7,0
chr7,9260000,0.981478,0.649,9280000,13,17,8
chr7,9280000,0.705519,0.63065,9300000,2,6,6
chr7,9300000,0.989719,0.6595,9320000,6,19,12
chr7,9320000,0.99925,0.6468,9340000,11,10,9
chr7,9340000,0.981295,0.62285,9360000,9,13,7
chr7,9360000,0.969181,0.684,9380000,14,10,3
chr7,9380000,0.99865,0.6021,9400000,9,6,5
chr7,9400000,0.874398,0.68245,9420000,18,24,9
chr7,9420000,0.633227,0.6322,9440000,3,3,2
chr7,9440000,0.992914,0.63435,9460000,7,9,7
chr7,9460000,0.95892,0.6845,9480000,12,22,14
chr7,9480000,0.999533,0.63545,9500000,8,15,10
chr7,9500000,0.984792,0.6409,9520000,66,27,37
chr7,9520000,0.969187,0.64625,9540000,42,40,66
chr7,9540000,0.985563,0.6103,9560000,4,6,2
chr7,9560000,0.993175,0.62525,9580000,610,706,590
chr7,9580000,0.939275,0.6496,9600000,19,19,20
chr7,9600000,0.999525,0.6355,9620000,988,1177,962
chr7,9620000,0.999692,0.63925,9640000,38,45,17
chr7,9640000,0.9845,0.65425,9660000,9,26,5
chr7,9660000,0.9994,0.63755,9680000,10,5,3
chr7,9680000,0.999803,0.6346,9700000,7,8,7
chr7,9700000,0.956189,0.6368,9720000,10,24,11
chr7,9720000,0.434607,0.61815,9740000,1,2,0
chr7,9740000,0.332607,0.61575,9760000,0,0,0
chr7,9760000,0.482411,0.6222,9780000,0,0,0
chr7,9780000,0.998975,0.61985,9800000,5,9,6
chr7,9800000,0.999225,0.6495,9820000,4,10,6
chr7,9820000,0.78045,0.6409,9840000,5,1,2
chr7,9840000,0.7957,0.6447,9860000,3,6,1
chr7,9860000,0.966137,0.6541,9880000,14,22,7
chr7,9880000,0.99605,0.62215,9900000,6,27,13
chr7,9900000,0.990454,0.6707,9920000,90,75,70
chr7,9920000,0.978273,0.64895,9940000,25,21,16
chr7,9940000,0.756045,0.6327,9960000,7,14,7
chr7,9960000,0.983753,0.6467,9980000,9,16,6
chr7,9980000,0.999275,0.65405,10000000,13,18,15
chr7,10000000,0.934892,0.59375,10020000,14,20,13
chr7,10020000,0.893954,0.6375,10040000,7,12,10
chr7,10040000,1,0.64385,10060000,5,8,5
chr7,10060000,0.850986,0.63815,10080000,27,67,29
chr7,10080000,0.977125,0.61775,10100000,24,44,55
chr7,10100000,0.959716,0.61165,10120000,18,27,36
chr7,10120000,0.973135,0.6717,10140000,28,20,13
chr7,10140000,0.981338,0.6954,10160000,13,15,17
chr7,10160000,0.998062,0.6264,10180000,9,4,8
chr7,10180000,0.996367,0.65825,10200000,16,8,5
chr7,10200000,0.990713,0.64575,10220000,13,12,4
chr7,10220000,0.830161,0.67785,10240000,29,39,37
chr7,10240000,0.983092,0.67775,10260000,6,4,7
chr7,10260000,0.998048,0.65405,10280000,7,9,14
chr7,10280000,0.98616,0.61785,10300000,4,5,3
chr7,10300000,0.979286,0.64715,10320000,235,237,239
chr7,10320000,0.94205,0.6538,10340000,5,7,6
chr7,10340000,0.863034,0.66835,10360000,13,10,9
chr7,10360000,1,0.6147,10380000,10,7,0
chr7,10380000,0.99964,0.62045,10400000,9,13,10
chr7,10400000,0.982928,0.6272,10420000,2,2,5
chr7,10420000,0.983231,0.6368,10440000,6,7,8
chr7,10440000,0.972663,0.63595,10460000,35,47,24
chr7,10460000,0.889802,0.651,10480000,6,11,10
chr7,10480000,1,0.6377,10500000,9,9,3
chr7,10500000,0.994546,0.5934,10520000,9,5,2
chr7,10520000,0.998775,0.64545,10540000,8,6,4
chr7,10540000,0.997858,0.6315,10560000,4,8,6
chr7,10560000,0.928658,0.6499,10580000,3,11,3
chr7,10580000,0.99875,0.6311,10600000,9,11,4
chr7,10600000,0.97936,0.67605,10620000,15,23,21
chr7,10620000,0.999125,0.6689,10640000,6,17,3
chr7,10640000,0.988922,0.64685,10660000,17,20,11
chr7,10660000,0.963696,0.66,10680000,13,14,14
chr7,10680000,0.999321,0.6506,10700000,233,334,192
chr7,10700000,0.993883,0.64845,10720000,9,13,10
chr7,10720000,0.99705,0.62075,10740000,5,6,8
chr7,10740000,1,0.6207,10760000,914,1548,495
chr7,10760000,0.977123,0.6541,10780000,19,40,13
chr7,10780000,1,0.60245,10800000,6,11,6
chr7,10800000,0.999433,0.6318,10820000,5,10,12
chr7,10820000,0.9993,0.62635,10840000,5,6,6
chr7,10840000,0.9997,0.63425,10860000,72,61,46
chr7,10860000,0.99235,0.6001,10880000,28,47,19
chr7,10880000,0.991149,0.6324,10900000,3,9,5
chr7,10900000,1,0.6333,10920000,9,11,6
chr7,10920000,0.978829,0.62975,10940000,3,9,4
chr7,10940000,0.999875,0.63995,10960000,18,21,9
chr7,10960000,0.988942,0.63255,10980000,5,19,1
chr7,10980000,0.987816,0.65515,11000000,30,45,14
chr7,11000000,0.875441,0.6798,11020000,13,17,11
chr7,11020000,0.788475,0.6451,11040000,26,33,22
chr7,11040000,0.959215,0.63755,11060000,25,39,6
chr7,11060000,0.871324,0.6006,11080000,4,10,2
chr7,11080000,0.814926,0.5843,11100000,46,51,76
chr7,11100000,0.935875,0.61955,11120000,6,25,13
chr7,11120000,0.9359,0.61275,11140000,6,5,3
chr7,11140000,0.92634,0.6605,11160000,21,32,12
chr7,11160000,0.779149,0.61015,11180000,9,8,9
chr7,11180000,0.848989,0.64525,11200000,10,40,53
chr7,11200000,0.988525,0.6258,11220000,4,4,3
chr7,11220000,0.979074,0.69405,11240000,11,23,13
chr7,11240000,0.990792,0.6542,11260000,7,3,1
chr7,11260000,0.991497,0.63595,11280000,4,3,2
chr7,11280000,0.999528,0.6236,11300000,2,8,5
chr7,11300000,0.997058,0.62115,11320000,7,11,2
chr7,11320000,0.993526,0.6441,11340000,14,24,9
chr7,11340000,0.998833,0.6224,11360000,58,97,41
chr7,11360000,1,0.6394,11380000,5,8,6
chr7,11380000,0.979302,0.68075,11400000,56,88,88
chr7,11400000,0.976167,0.63815,11420000,25,28,18
chr7,11420000,0.998075,0.6478,11440000,4,8,6
chr7,11440000,0.909592,0.62555,11460000,30,21,28
chr7,11460000,0.904915,0.61225,11480000,35,29,39
chr7,11480000,0.991307,0.67375,11500000,5,6,7
chr7,11500000,1,0.6103,11520000,7,7,3
chr7,11520000,0.899943,0.6623,11540000,11,5,9
chr7,11540000,0.984142,0.6229,11560000,29,47,23
chr7,11560000,0.9986,0.63575,11580000,6,10,11
chr7,11580000,1,0.6186,11600000,3,7,3
chr7,11600000,0.9891,0.61665,11620000,70,105,47
chr7,11620000,0.985095,0.65645,11640000,311,20,369
chr7,11640000,0.9999,0.6245,11660000,1007,37,1069
chr7,11660000,0.882795,0.63135,11680000,853,27,1007
chr7,11680000,0.525971,0.6198,11700000,137,12,166
chr7,11700000,0.392632,0.63345,11720000,14,0,23
chr7,11720000,0.857834,0.6227,11740000,669,7,640
chr7,11740000,0.976787,0.6251,11760000,1005,19,1097
chr7,11760000,1,0.62295,11780000,987,18,1052
chr7,11780000,0.978627,0.67365,11800000,1240,24,1362
chr7,11800000,0.943601,0.64015,11820000,1054,109,1339
chr7,11820000,1,0.64975,11840000,1179,20,1250
chr7,11840000,0.957979,0.65485,11860000,1111,208,1347
chr7,11860000,0.97166,0.63495,11880000,1072,103,1200
chr7,11880000,0.960761,0.67325,11900000,1174,33,1432
chr7,11900000,0.979305,0.62825,11920000,1059,11,1076
chr7,11920000,1,0.62595,11940000,1081,38,1131
chr7,11940000,0.99655,0.6105,11960000,1231,401,1331
chr7,11960000,1,0.62205,11980000,967,7,1001
chr7,11980000,1,0.6364,12000000,975,6,984
chr7,12000000,0.938229,0.69455,12020000,1310,20,1504
chr7,12020000,0.982158,0.62335,12040000,957,7,981
chr7,12040000,0.983536,0.62725,12060000,997,13,1083
chr7,12060000,0.9861,0.6271,12080000,905,6,1033
chr7,12080000,0.961764,0.6554,12100000,1089,131,1416
chr7,12100000,0.889631,0.65455,12120000,1128,95,1272
chr7,12120000,0.923829,0.63555,12140000,941,8,960
chr7,12140000,0.982832,0.66125,12160000,1237,19,1268
chr7,12160000,0.988593,0.60625,12180000,953,4,1017
chr7,12180000,0.890183,0.5908,12200000,707,13,756
chr7,12200000,1,0.6224,12220000,951,10,968
chr7,12220000,0.9993,0.6246,12240000,1063,12,1034
chr7,12240000,0.975095,0.6168,12260000,852,9,1003
chr7,12260000,0.926295,0.63505,12280000,916,12,1053
chr7,12280000,0.835217,0.6095,12300000,833,32,959
chr7,12300000,0.998273,0.63545,12320000,1099,6,1109
chr7,12320000,0.997912,0.65795,12340000,1202,65,1240
chr7,12340000,0.985701,0.6528,12360000,1083,21,1241
chr7,12360000,0.972258,0.6247,12380000,1067,18,1120
chr7,12380000,0.660723,0.59905,12400000,511,10,637
chr7,12400000,0.96527,0.72115,12420000,1475,23,1600
chr7,12420000,0.975242,0.6148,12440000,932,10,1039
chr7,12440000,0.964995,0.5707,12460000,811,6,856
chr7,12460000,1,0.62835,12480000,1032,16,1099
chr7,12480000,1,0.64105,12500000,1098,6,1158
chr7,12500000,0.998455,0.68165,12520000,1209,85,1385
chr7,12520000,0.949268,0.64365,12540000,1100,13,1125
chr7,12540000,0.853791,0.6257,12560000,799,12,1021
chr7,12560000,0.972803,0.62055,12580000,968,19,1005
chr7,12580000,0.9997,0.6885,12600000,1300,6,1314
chr7,12600000,1,0.6361,12620000,1036,74,1103
chr7,12620000,0.91421,0.64385,12640000,1000,148,1051
chr7,12640000,0.905848,0.63075,12660000,885,18,981
chr7,12660000,0.99913,0.63555,12680000,918,7,1080
chr7,12680000,0.9908,0.6447,12700000,1082,13,1150
chr7,12700000,0.756159,0.64895,12720000,877,13,1106
chr7,12720000,0.98268,0.67095,12740000,1155,12,1320
chr7,12740000,0.9991,0.6566,12760000,1205,12,1314
chr7,12760000,0.989079,0.6683,12780000,1212,15,1404
chr7,12780000,0.949138,0.64375,12800000,1088,25,1179
chr7,12800000,0.993436,0.6645,12820000,1102,16,1342
chr7,12820000,0.993,0.64455,12840000,1248,270,1308
chr7,12840000,0.966793,0.66425,12860000,1141,63,1216
chr7,12860000,0.947921,0.65725,12880000,1147,6,1199
chr7,12880000,0.9936,0.64895,12900000,1241,157,1355
chr7,12900000,0.646608,0.60465,12920000,639,3,729
chr7,12920000,0.869686,0.61265,12940000,878,3,884
chr7,12940000,0.950733,0.6278,12960000,909,16,981
chr7,12960000,1,0.61895,12980000,915,12,917
chr7,12980000,0.799808,0.61905,13000000,597,33,662
chr7,13000000,0.509468,0.64185,13020000,30,0,41
chr7,13020000,0.897926,0.63635,13040000,850,20,898
chr7,13040000,0.915804,0.63395,13060000,1387,494,1519
chr7,13060000,0.992003,0.6771,13080000,1257,49,1417
chr7,13080000,0.999783,0.65885,13100000,1112,33,1274
chr7,13100000,0.97815,0.5915,13120000,891,9,961
chr7,13120000,0.992525,0.60825,13140000,993,19,1028
chr7,13140000,0.982955,0.60485,13160000,900,5,965
chr7,13160000,1,0.6347,13180000,1022,11,1119
chr7,13180000,0.995225,0.6574,13200000,1145,45,1286
chr7,13200000,0.906245,0.6568,13220000,1098,105,1299
chr7,13220000,0.994892,0.6405,13240000,1031,20,1163
chr7,13240000,0.999825,0.6475,13260000,1118,5,1122
chr7,13260000,1,0.66125,13280000,1246,10,1330
chr7,13280000,1,0.6343,13300000,1027,5,1038
chr7,13300000,0.938593,0.63995,13320000,988,22,1091
chr7,13320000,0.994762,0.66565,13340000,1165,11,1242
chr7,13340000,0.917997,0.6619,13360000,1083,6,1184
chr7,13360000,0.946388,0.69415,13380000,1271,9,1418
chr7,13380000,0.993153,0.66985,13400000,1253,23,1320
chr7,13400000,0.996736,0.66185,13420000,1187,3,1236
chr7,13420000,0.98545,0.65265,13440000,1207,22,1360
chr7,13440000,0.970044,0.68115,13460000,1317,69,1442
chr7,13460000,0.982231,0.66085,13480000,1095,12,1246
chr7,13480000,0.9878,0.66465,13500000,1141,8,1197
chr7,13500000,0.9763,0.6593,13520000,1144,36,1342
chr7,13520000,0.880265,0.63555,13540000,902,10,993
chr7,13540000,0.986554,0.674,13560000,1239,13,1452
chr7,13560000,0.998838,0.66855,13580000,1254,11,1370
chr7,13580000,0.995526,0.6394,13600000,1085,30,1084
chr7,13600000,0.972771,0.642,13620000,938,12,1089
chr7,13620000,0.99495,0.6244,13640000,967,11,1053
chr7,13640000,0.941131,0.63975,13660000,961,69,1055
chr7,13660000,0.967174,0.6483,13680000,952,10,1032
chr7,13680000,0.9977,0.6255,13700000,1011,10,1143
chr7,13700000,0.996678,0.63425,13720000,1141,120,1053
chr7,13720000,0.997175,0.62555,13740000,997,65,1042
chr7,13740000,0.994125,0.63025,13760000,977,38,1030
chr7,13760000,0.984438,0.682,13780000,1320,13,1440
chr7,13780000,1,0.6317,13800000,927,12,947
chr7,13800000,0.855719,0.5936,13820000,615,9,686
chr7,13820000,0.99419,0.61645,13840000,925,12,934
chr7,13840000,0.99965,0.6122,13860000,837,16,972
chr7,13860000,0.994858,0.59635,13880000,772,5,814
chr7,13880000,0.987741,0.614,13900000,885,42,928
chr7,13900000,0.982581,0.66085,13920000,1079,16,1126
chr7,13920000,0.9822,0.63425,13940000,956,5,1020
chr7,13940000,0.997911,0.6581,13960000,1164,20,1314
chr7,13960000,0.98725,0.61365,13980000,958,25,1023
chr7,13980000,0.927303,0.64675,14000000,971,8,978
chr7,14000000,0.752967,0.6053,14020000,602,14,669
chr7,14020000,0.628113,0.63245,14040000,312,4,384
chr7,14040000,0.9191,0.63335,14060000,885,3,981
chr7,14060000,0.719787,0.6685,14080000,648,24,785
chr7,14080000,0.935242,0.57555,14100000,2286,1833,2828
chr7,14100000,1,0.63085,14120000,697,10,788
chr7,14120000,0.970476,0.6242,14140000,845,12,922
chr7,14140000,0.783962,0.5894,14160000,635,5,733
chr7,14160000,0.950642,0.62665,14180000,913,5,977
chr7,14180000,0.946811,0.62495,14200000,1282,106,1399
chr7,14200000,0.990621,0.65175,14220000,1117,37,1257
chr7,14220000,1,0.63065,14240000,1009,11,1081
chr7,14240000,0.999875,0.64415,14260000,1098,8,1211
chr7,14260000,0.999938,0.6264,14280000,1037,19,1074
chr7,14280000,0.991833,0.65435,14300000,1221,74,1319
chr7,14300000,1,0.6444,14320000,1101,9,1121
chr7,14320000,0.912679,0.63835,14340000,944,8,1083
chr7,14340000,0.528192,0.6369,14360000,240,22,206
chr7,14360000,0.30614,0.62925,14380000,2,5,11
chr7,14380000,0.362128,0.64985,14400000,248,490,827
chr7,14400000,0.958293,0.5497,14420000,801,1624,2630
chr7,14420000,0.979375,0.64895,14440000,962,1844,3001
chr7,14440000,1,0.67255,14460000,1098,2205,3423
chr7,14460000,1,0.66375,14480000,1311,2474,3854
chr7,14480000,0.977481,0.65535,14500000,1254,2452,3894
chr7,14500000,0.843762,0.6665,14520000,1188,2130,3843
chr7,14520000,0.972347,0.6616,14540000,1144,2468,3818
chr7,14540000,0.998646,0.6753,14560000,1408,2694,4416
chr7,14560000,0.99795,0.6158,14580000,952,2146,3307
chr7,14580000,0.741458,0.6823,14600000,1111,2013,3640
chr7,14600000,1,0.62825,14620000,1168,2414,3598
chr7,14620000,0.920984,0.595,14640000,902,1731,2977
chr7,14640000,0.83117,0.65145,14660000,869,1660,2847
chr7,14660000,0.979758,0.66065,14680000,2211,3266,4809
chr7,14680000,0.891582,0.68575,14700000,1266,2287,4016
chr7,14700000,0.83797,0.64615,14720000,859,1677,2820
chr7,14720000,0.759125,0.6393,14740000,640,1444,2336
chr7,14740000,0.771875,0.5894,14760000,680,1296,2242
chr7,14760000,0.979706,0.63575,14780000,1082,2196,3477
chr7,14780000,0.993775,0.675,14800000,1256,2643,3936
chr7,14800000,0.703108,0.59735,14820000,893,1602,3040
chr7,14820000,0.994936,0.67365,14840000,1348,2615,4291
chr7,14840000,0.572599,0.5849,14860000,680,1306,2242
chr7,14860000,0.992167,0.6716,14880000,1471,2787,4432
chr7,14880000,0.992383,0.66585,14900000,1206,2236,3799
chr7,14900000,0.740894,0.57505,14920000,655,1233,2186
chr7,14920000,0.748069,0.57745,14940000,642,1207,2279
chr7,14940000,0.997079,0.67475,14960000,1281,2641,4384
chr7,14960000,0.99615,0.64125,14980000,1178,2188,3662
chr7,14980000,0.965071,0.63445,15000000,1089,2240,3846
chr7,15000000,0.997462,0.64875,15020000,1145,2329,3642
chr7,15020000,0.995933,0.66265,15040000,1421,2629,4356
chr7,15040000,0.997642,0.6676,15060000,1275,2607,4170
chr7,15060000,0.843451,0.63145,15080000,1063,1912,3113
chr7,15080000,0.711866,0.62185,15100000,695,1199,2414
chr7,15100000,0.97557,0.6468,15120000,1135,2206,3430
chr7,15120000,0.997507,0.6727,15140000,1248,2233,3754
chr7,15140000,0.898172,0.6849,15160000,976,1806,3127
chr7,15160000,0.982044,0.57535,15180000,1394,2323,3717
chr7,15180000,0.942696,0.55935,15200000,1749,3104,4234
chr7,15200000,0.972959,0.67445,15220000,1330,2515,4180
chr7,15220000,0.866008,0.66675,15240000,954,1705,2962
chr7,15240000,0.695573,0.63245,15260000,673,1181,2132
chr7,15260000,0.311858,0.67265,15280000,202,392,872
chr7,15280000,0.448368,0.62665,15300000,279,514,1011
chr7,15300000,0.189572,0.675,15320000,153,215,467
chr7,15320000,0.848215,0.67955,15340000,902,1697,3064
chr7,15340000,0.986753,0.65275,15360000,880,1690,2882
chr7,15360000,0.920975,0.61745,15380000,973,2029,3166
chr7,15380000,0.86743,0.6027,15400000,702,1458,2602
chr7,15400000,1,0.623,15420000,930,2198,3029
chr7,15420000,0.954896,0.6637,15440000,1204,2414,3916
chr7,15440000,0.970387,0.6479,15460000,1760,2182,3986
chr7,15460000,0.888923,0.6156,15480000,833,1725,2740
chr7,15480000,0.960379,0.6598,15500000,1151,2313,4093
chr7,15500000,0.973555,0.63675,15520000,997,2198,3351
chr7,15520000,0.954539,0.6278,15540000,1062,2043,3272
chr7,15540000,0.959354,0.66745,15560000,2353,2979,4338
chr7,15560000,0.985725,0.662,15580000,1173,2337,3757
chr7,15580000,0.97995,0.6342,15600000,1099,2201,3489
chr7,15600000,0.936296,0.67145,15620000,1203,2333,3803
chr7,15620000,0.934829,0.6561,15640000,1113,2160,3448
chr7,15640000,0.989474,0.6597,15660000,1147,2451,4160
chr7,15660000,0.98935,0.6361,15680000,1020,2138,3230
chr7,15680000,0.928243,0.6174,15700000,1035,1973,3373
chr7,15700000,0.904744,0.62975,15720000,1160,2286,3463
chr7,15720000,0.981175,0.62995,15740000,1009,2172,3275
chr7,15740000,0.935488,0.61425,15760000,986,2053,3047
chr7,15760000,1,0.61355,15780000,1071,2274,3315
chr7,15780000,0.99645,0.65275,15800000,1225,2514,4044
chr7,15800000,0.840426,0.67815,15820000,1057,2036,3614
chr7,15820000,0.97177,0.68695,15840000,1446,2706,4308
chr7,15840000,0.984427,0.6383,15860000,1063,2202,3456
chr7,15860000,0.545724,0.63735,15880000,588,1151,1901
chr7,15880000,0.914732,0.6564,15900000,1116,2329,3658
chr7,15900000,0.959351,0.6749,15920000,1315,2617,4387
chr7,15920000,0.869195,0.5768,15940000,642,1322,2440
chr7,15940000,0.800225,0.63175,15960000,630,1454,2024
chr7,15960000,0.576369,0.6331,15980000,228,414,867
chr7,15980000,0.63543,0.5762,16000000,488,910,1652
chr7,16000000,0.825538,0.63365,16020000,905,1640,3045
chr7,16020000,0.875723,0.65185,16040000,1102,2191,3519
chr7,16040000,0.616502,0.5779,16060000,603,1231,2048
chr7,16060000,0.779635,0.6809,16080000,1021,1897,3328
chr7,16080000,0.85113,0.6653,16100000,1081,2016,3565
chr7,16100000,0.955945,0.64195,16120000,1058,2192,3312
chr7,16120000,0.967077,0.66635,16140000,1331,2470,4073
chr7,16140000,0.9643,0.6881,16160000,2096,3365,4657
chr7,16160000,0.972584,0.66115,16180000,1285,2483,4027
chr7,16180000,0.969685,0.65175,16200000,1148,2372,3843
chr7,16200000,0.769022,0.6424,16220000,886,1775,2928
chr7,16220000,0.925116,0.60985,16240000,993,1753,3199
chr7,16240000,0.993058,0.68275,16260000,1431,2692,4368
chr7,16260000,0.852064,0.63725,16280000,894,2362,3030
chr7,16280000,0.922396,0.64535,16300000,1319,3438,3597
chr7,16300000,0.990416,0.6491,16320000,2453,4089,4243
chr7,16320000,0.996069,0.60305,16340000,3950,3659,3845
chr7,16340000,0.992575,0.64235,16360000,1204,3404,3487
chr7,16360000,1,0.6393,16380000,1115,3579,3632
chr7,16380000,0.997875,0.6325,16400000,1082,3432,3471
chr7,16400000,0.910842,0.663,16420000,992,3141,3546
chr7,16420000,0.969016,0.66295,16440000,1287,3661,4181
chr7,16440000,0.992722,0.67865,16460000,1451,4240,4770
chr7,16460000,1,0.6325,16480000,1135,3624,3563
chr7,16480000,0.880415,0.614,16500000,856,2798,2810
chr7,16500000,0.573236,0.63565,16520000,405,1066,1433
chr7,16520000,0.603128,0.61715,16540000,495,1463,1777
chr7,16540000,0.9867,0.61615,16560000,1067,3027,3052
chr7,16560000,0.914721,0.62315,16580000,1087,3071,3380
chr7,16580000,0.988526,0.7209,16600000,1586,4542,5184
chr7,16600000,0.9855,0.6329,16620000,1059,3320,3540
chr7,16620000,0.998708,0.64465,16640000,1152,3358,3388
chr7,16640000,0.980358,0.66295,16660000,1310,3648,4014
chr7,16660000,0.840408,0.641,16680000,858,2733,2946
chr7,16680000,0.842161,0.67795,16700000,1040,2802,3305
chr7,16700000,0.78482,0.5988,16720000,808,2561,2527
chr7,16720000,0.896257,0.64955,16740000,1192,3036,3344
chr7,16740000,0.934087,0.638,16760000,1157,3109,3738
chr7,16760000,0.901133,0.6264,16780000,1035,3109,3346
chr7,16780000,0.966926,0.64005,16800000,1070,3399,3406
chr7,16800000,0.987718,0.62405,16820000,1066,3394,3404
chr7,16820000,0.877454,0.6297,16840000,1224,3134,3178
chr7,16840000,0.828582,0.63375,16860000,991,2813,3401
chr7,16860000,0.954456,0.62675,16880000,1050,3062,3718
chr7,16880000,0.99574,0.65295,16900000,1358,3645,4018
chr7,16900000,0.9915,0.62535,16920000,949,2920,2918
chr7,16920000,0.99565,0.631,16940000,958,3073,3144
chr7,16940000,0.998573,0.67945,16960000,1421,4112,4407
chr7,16960000,0.920262,0.6797,16980000,1304,3641,4210
chr7,16980000,0.973943,0.67385,17000000,1316,3883,4123
chr7,17000000,1,0.6552,17020000,1180,3924,3907
chr7,17020000,0.792369,0.6935,17040000,1098,2886,3447
chr7,17040000,0.935325,0.65605,17060000,1154,3319,3805
chr7,17060000,0.832266,0.64535,17080000,866,2708,2911
chr7,17080000,0.999625,0.6627,17100000,1233,3702,3800
chr7,17100000,0.944983,0.6905,17120000,1414,3686,4247
chr7,17120000,0.999375,0.66935,17140000,1170,3411,3708
chr7,17140000,0.899653,0.6486,17160000,1050,3117,3524
chr7,17160000,0.848782,0.64665,17180000,1069,3223,3334
chr7,17180000,0.904415,0.6962,17200000,1160,3431,3998
chr7,17200000,1,0.66615,17220000,1363,3949,4124
chr7,17220000,0.99885,0.659,17240000,1238,3684,3857
chr7,17240000,0.8103,0.6406,17260000,1006,2684,3093
chr7,17260000,0.988027,0.6784,17280000,1210,3457,3802
chr7,17280000,0.948994,0.6945,17300000,1234,3483,3944
chr7,17300000,0.975912,0.6516,17320000,1167,3539,3819
chr7,17320000,0.990756,0.65715,17340000,1157,3412,3698
chr7,17340000,0.95136,0.67085,17360000,1246,3525,4144
chr7,17360000,0.916775,0.62235,17380000,977,3059,3311
chr7,17380000,0.975483,0.63745,17400000,1079,3375,3409
chr7,17400000,0.926205,0.6576,17420000,1102,3448,3615
chr7,17420000,0.947577,0.69735,17440000,1455,3877,4607
chr7,17440000,0.931495,0.68655,17460000,1328,3644,4243
chr7,17460000,0.971591,0.66205,17480000,1247,3499,3780
chr7,17480000,0.949215,0.58495,17500000,838,2358,2746
chr7,17500000,0.971242,0.6846,17520000,1386,4082,4183
chr7,17520000,0.976746,0.6364,17540000,1136,3496,3596
chr7,17540000,0.937551,0.641,17560000,1091,3295,3595
chr7,17560000,0.667382,0.57885,17580000,609,1785,1912
chr7,17580000,0.934513,0.6304,17600000,1089,3087,3580
chr7,17600000,0.949658,0.5595,17620000,836,2477,2560
chr7,17620000,0.673245,0.6654,17640000,548,1483,1843
chr7,17640000,0.674485,0.6816,17660000,483,1306,1658
chr7,17660000,0.687046,0.67915,17680000,648,1652,2150
chr7,17680000,0.72041,0.68475,17700000,552,1660,2011
chr7,17700000,0.950003,0.6651,17720000,1194,3615,3857
chr7,17720000,0.869352,0.58585,17740000,818,2405,2679
chr7,17740000,0.98342,0.64795,17760000,1194,3624,3788
chr7,17760000,0.973476,0.64845,17780000,1251,3606,3948
chr7,17780000,0.952484,0.6251,17800000,1074,3259,3464
chr7,17800000,1,0.6414,17820000,1265,3761,3870
chr7,17820000,0.894392,0.66105,17840000,1183,3278,3816
chr7,17840000,0.9655,0.5819,17860000,945,2716,2976
chr7,17860000,0.994872,0.7034,17880000,1581,4245,4856
chr7,17880000,0.964562,0.67555,17900000,1254,3772,4107
chr7,17900000,0.821428,0.65395,17920000,1218,3113,3295
chr7,17920000,0.998442,0.68355,17940000,1450,4034,4539
chr7,17940000,0.947815,0.6217,17960000,1003,3063,3294
chr7,17960000,0.99895,0.6643,17980000,1301,3807,4080
chr7,17980000,0.944608,0.66585,18000000,5104,4602,5013
chr7,18000000,0.99745,0.6633,18020000,1400,3722,4059
chr7,18020000,0.985597,0.66195,18040000,1335,3878,4208
chr7,18040000,0.990259,0.65395,18060000,1251,3595,4098
chr7,18060000,0.993123,0.7043,18080000,1466,4305,4851
chr7,18080000,0.988794,0.6406,18100000,1242,3589,3785
chr7,18100000,0.975525,0.61075,18120000,1774,4425,5003
chr7,18120000,1,0.65085,18140000,1891,5102,4407
chr7,18140000,0.944071,0.67505,18160000,1457,3891,4411
chr7,18160000,0.927368,0.62455,18180000,937,3024,3092
chr7,18180000,0.959377,0.6284,18200000,935,2874,3173
chr7,18200000,0.882615,0.66785,18220000,1100,3117,3480
chr7,18220000,0.968725,0.65005,18240000,1106,3458,3839
chr7,18240000,0.998742,0.6774,18260000,1361,4005,4352
chr7,18260000,0.985797,0.60505,18280000,6476,11258,6980
chr7,18280000,0.885393,0.5974,18300000,819,2202,2644
chr7,18300000,0.882052,0.57985,18320000,851,2345,2616
chr7,18320000,0.771661,0.64635,18340000,874,2655,2957
chr7,18340000,0.962961,0.63595,18360000,1141,3086,3769
chr7,18360000,0.942613,0.55185,18380000,922,2451,2868
chr7,18380000,0.571599,0.56885,18400000,498,1435,1668
chr7,18400000,0.887675,0.63805,18420000,966,2660,3082
chr7,18420000,0.979178,0.6595,18440000,1229,3645,3902
chr7,18440000,0.958552,0.6123,18460000,927,2767,3195
chr7,18460000,0.830202,0.5874,18480000,762,2044,2628
chr7,18480000,0.943394,0.5813,18500000,812,2501,2811
chr7,18500000,0.94748,0.6024,18520000,1287,2786,3229
chr7,18520000,0.864894,0.6124,18540000,848,2247,2663
chr7,18540000,0.804129,0.59495,18560000,537,1457,1966
chr7,18560000,0.961012,0.6851,18580000,1332,3483,4103
chr7,18580000,0.934949,0.6665,18600000,1095,3335,3895
chr7,18600000,0.82551,0.6561,18620000,898,2667,3207
chr7,18620000,0.804779,0.64455,18640000,904,2823,3153
chr7,18640000,0.769292,0.5691,18660000,656,1977,2293
chr7,18660000,0.879436,0.65565,18680000,980,3070,3406
chr7,18680000,0.821562,0.60245,18700000,777,2189,2515
chr7,18700000,0.976325,0.60065,18720000,1095,2994,3387
chr7,18720000,0.999075,0.6511,18740000,1146,3818,3773
chr7,18740000,0.992327,0.6282,18760000,1158,3415,3717
chr7,18760000,0.987167,0.68285,18780000,1307,3736,4381
chr7,18780000,0.935883,0.65625,18800000,1001,3142,3334
chr7,18800000,0.96681,0.6652,18820000,884,2342,2813
chr7,18820000,0.516526,0.67745,18840000,529,1181,1725
chr7,18840000,0.379492,0.66355,18860000,285,671,970
chr7,18860000,0.543234,0.6516,18880000,1241,1411,1652
chr7,18880000,0.805704,0.64795,18900000,3687,3433,3702
chr7,18900000,0.753089,0.66305,18920000,747,1744,2239
chr7,18920000,0.743002,0.63565,18940000,691,1938,2482
chr7,18940000,0.906697,0.64825,18960000,1361,3316,3622
chr7,18960000,0.99655,0.5952,18980000,1069,3109,3153
chr7,18980000,0.977579,0.65525,19000000,1230,3551,3980
chr7,19000000,0.978539,0.65775,19020000,1211,3434,3808
chr7,19020000,0.764072,0.62135,19040000,793,2386,2687
chr7,19040000,0.925788,0.63465,19060000,1039,3006,3638
chr7,19060000,0.83437,0.58465,19080000,822,2171,2644
chr7,19080000,0.933288,0.55355,19100000,794,2233,2499
chr7,19100000,0.519301,0.586,19120000,439,1349,1595
chr7,19120000,0.348046,0.68705,19140000,203,527,741
chr7,19140000,0.305496,0.65485,19160000,73,176,274
chr7,19160000,0.299912,0.64625,19180000,44,79,148
chr7,19180000,0.828574,0.686,19200000,1674,3330,3749
chr7,19200000,0.818892,0.6435,19220000,905,2494,3208
chr7,19220000,0.924705,0.634,19240000,854,2655,2983
chr7,19240000,0.978115,0.61035,19260000,1017,3039,3265
chr7,19260000,0.975392,0.6537,19280000,1157,3265,3805
chr7,19280000,0.693933,0.5859,19300000,526,1364,1847
chr7,19300000,0.9298,0.65455,19320000,1058,2935,3632
chr7,19320000,0.595884,0.5756,19340000,544,1420,1821
chr7,19340000,0.789611,0.61515,19360000,909,2599,3028
chr7,19360000,0.897032,0.60925,19380000,763,2191,2778
chr7,19380000,0.915419,0.6416,19400000,1599,3337,4160
chr7,19400000,0.91635,0.59405,19420000,899,2587,2799
chr7,19420000,0.985044,0.57945,19440000,912,2444,2827
chr7,19440000,0.983021,0.5617,19460000,3158,4447,5144
chr7,19460000,0.803292,0.5944,19480000,531,1515,1817
chr7,19480000,0.747658,0.57235,19500000,544,1391,1659
chr7,19500000,0.485474,0.5911,19520000,230,681,783
chr7,19520000,0.481944,0.6024,19540000,518,891,1275
chr7,19540000,0.869161,0.5651,19560000,687,1769,2001
chr7,19560000,0.734302,0.55215,19580000,626,1357,1675
chr7,19580000,0.435745,0.60355,19600000,200,494,604
chr7,19600000,0.491229,0.60335,19620000,327,998,979
chr7,19620000,0.529794,0.5902,19640000,851,1437,1875
chr7,19640000,0.435926,0.5949,19660000,268,669,851
chr7,19660000,0.498434,0.59905,19680000,325,904,988
chr7,19680000,0.371447,0.6016,19700000,179,600,563
chr7,19700000,0.348588,0.645,19720000,251,591,760
chr7,19720000,0.550162,0.60045,19740000,1670,1832,2533
chr7,19740000,0.371051,0.6024,19760000,266,661,815
chr7,19760000,0.634461,0.5812,19780000,902,1643,2210
chr7,19780000,0.621675,0.57285,19800000,1012,1632,2243
chr7,19800000,0.736217,0.57315,19820000,2792,3281,4831
chr7,19820000,0.276318,0.61895,19840000,240,541,667
chr7,19840000,0.204076,0.61645,19860000,155,322,420
chr7,19860000,0.173153,0.61735,19880000,72,203,232
chr7,19880000,0.404414,0.61725,19900000,1815,2085,2192
chr7,19900000,0.509888,0.61015,19920000,2432,3121,3734
chr7,19920000,0.634408,0.5952,19940000,846,1663,2115
chr7,19940000,0.720474,0.58445,19960000,1408,2574,3628
chr7,19960000,0.416076,0.60395,19980000,329,723,954
chr7,19980000,0.311527,0.6166,20000000,475,612,998
chr7,20000000,0.223594,0.6155,20020000,64,202,235
chr7,20020000,0.245957,0.61365,20040000,21,120,140
chr7,20040000,0.300442,0.6056,20060000,107,280,365
chr7,20060000,0.167825,0.61575,20080000,63,166,257
chr7,20080000,0.395713,0.5941,20100000,364,569,747
chr7,20100000,0.190604,0.61275,20120000,106,269,378
chr7,20120000,0.184773,0.61655,20140000,43,100,139
chr7,20140000,0.283765,0.5954,20160000,46,157,205
chr7,20160000,0.158185,0.6136,20180000,66,164,224
chr7,20180000,0.228007,0.61675,20200000,101,273,366
chr7,20200000,0.417634,0.5795,20220000,307,670,873
chr7,20220000,0.316977,0.5953,20240000,76,238,308
chr7,20240000,0.468991,0.5971,20260000,181,312,519
chr7,20260000,0.305472,0.6265,20280000,103,227,345
chr7,20280000,0.205244,0.6182,20300000,98,268,313
chr7,20300000,0.234316,0.61675,20320000,135,338,366
chr7,20320000,0.165846,0.6179,20340000,73,159,223
chr7,20340000,0.18574,0.6156,20360000,123,289,358
chr7,20360000,0.21744,0.616,20380000,19,56,95
chr7,20380000,0.378841,0.60265,20400000,69,308,331
chr7,20400000,0.332326,0.6129,20420000,169,309,379
chr7,20420000,0.434151,0.5897,20440000,213,385,529
chr7,20440000,0.175516,0.60685,20460000,90,202,286
chr7,20460000,0.353601,0.55785,20480000,104,226,307
chr7,20480000,0.223862,0.60945,20500000,79,241,313
chr7,20500000,0.263165,0.61445,20520000,120,312,447
chr7,20520000,0.352615,0.6011,20540000,166,338,518
chr7,20540000,0.335911,0.59415,20560000,58,122,178
chr7,20560000,0.330596,0.5866,20580000,174,323,431
chr7,20580000,0.412244,0.62665,20600000,104,254,351
chr7,20600000,0.214655,0.61725,20620000,92,209,255
chr7,20620000,0.220436,0.6178,20640000,104,258,368
chr7,20640000,0.203385,0.60105,20660000,92,256,333
chr7,20660000,0.190831,0.60965,20680000,120,304,385
chr7,20680000,0.145455,0.6162,20700000,84,176,243
chr7,20700000,0.428253,0.61655,20720000,352,836,1046
chr7,20720000,0.503027,0.58245,20740000,289,1089,1150
chr7,20740000,0.383963,0.61195,20760000,385,831,1176
chr7,20760000,0.156117,0.6147,20780000,87,236,323
chr7,20780000,0.152321,0.61485,20800000,66,163,251
chr7,20800000,0.216727,0.6142,20820000,100,247,358
chr7,20820000,0.18861,0.61535,20840000,85,262,350
chr7,20840000,0.304399,0.61785,20860000,156,396,484
chr7,20860000,0.103295,0.6164,20880000,33,77,114
chr7,20880000,0.242849,0.6155,20900000,136,322,387
chr7,20900000,0.257558,0.61825,20920000,165,400,496
chr7,20920000,0.33123,0.6185,20940000,123,279,342
chr7,20940000,0.2659,0.6188,20960000,130,342,491
chr7,20960000,0.215956,0.61295,20980000,85,195,284
chr7,20980000,0.238247,0.61155,21000000,147,325,367
chr7,21000000,0.228452,0.6151,21020000,58,131,205
chr7,21020000,0.25809,0.6154,21040000,48,134,185
chr7,21040000,0.271015,0.61445,21060000,167,379,435
chr7,21060000,0.226351,0.61575,21080000,119,250,373
chr7,21080000,0.602554,0.58735,21100000,1001,1624,2255
chr7,21100000,0.460991,0.607,21120000,871,1435,2247
chr7,21120000,0.262812,0.6201,21140000,143,414,485
chr7,21140000,0.364624,0.61575,21160000,355,753,1013
chr7,21160000,0.29251,0.6169,21180000,196,542,607
chr7,21180000,0.206405,0.61865,21200000,66,177,222
chr7,21200000,0.225803,0.61645,21220000,121,303,373
chr7,21220000,0.449433,0.61805,21240000,605,1374,1628
chr7,21240000,0.24847,0.61495,21260000,106,316,379
chr7,21260000,0.306619,0.61515,21280000,318,741,978
chr7,21280000,0.465102,0.59165,21300000,1025,1398,2425
chr7,21300000,0.292247,0.61445,21320000,156,485,624
chr7,21320000,0.323924,0.61365,21340000,191,437,566
chr7,21340000,0.240967,0.6156,21360000,81,228,320
chr7,21360000,0.391775,0.6046,21380000,130,623,643
chr7,21380000,0.376385,0.6022,21400000,268,449,518
chr7,21400000,0.351857,0.6142,21420000,209,560,683
chr7,21420000,0.486585,0.6157,21440000,342,828,970
chr7,21440000,0.380773,0.6137,21460000,1124,1528,2301
chr7,21460000,0.365896,0.61575,21480000,238,523,686
chr7,21480000,0.260681,0.6133,21500000,168,441,567
chr7,21500000,0.285774,0.61685,21520000,172,401,460
chr7,21520000,0.472398,0.60865,21540000,477,1006,1248
chr7,21540000,0.18405,0.61495,21560000,71,186,288
chr7,21560000,0.183258,0.6176,21580000,45,116,146
chr7,21580000,0.622684,0.54755,21600000,630,1079,1430
chr7,21600000,0.432107,0.6186,21620000,545,968,1078
chr7,21620000,0.894187,0.5462,21640000,985,2193,2557
chr7,21640000,0.665471,0.5972,21660000,435,1071,1402
chr7,21660000,0.619426,0.58515,21680000,660,1303,1935
chr7,21680000,0.788953,0.57915,21700000,598,1503,1721
chr7,21700000,0.886737,0.55275,21720000,748,2155,2480
chr7,21720000,0.761104,0.57715,21740000,1293,2290,3290
chr7,21740000,0.59233,0.58385,21760000,407,1123,1387
chr7,21760000,0.435584,0.59015,21780000,280,795,903
chr7,21780000,0.471453,0.5998,21800000,302,773,832
chr7,21800000,0.263246,0.5984,21820000,108,244,277
chr7,21820000,0.381154,0.59855,21840000,236,676,719
chr7,21840000,0.581784,0.60575,21860000,347,1090,1151
chr7,21860000,0.558252,0.59435,21880000,399,891,1036
chr7,21880000,0.657603,0.60625,21900000,433,1206,1270
chr7,21900000,0.731154,0.65305,21920000,555,1623,1623
chr7,21920000,0.924164,0.65435,21940000,1062,2788,3351
chr7,21940000,0.919796,0.6345,21960000,1813,3769,4409
chr7,21960000,1,0.68355,21980000,1403,3747,4376
chr7,21980000,0.904817,0.61975,22000000,1168,3132,3769
chr7,22000000,0.981484,0.57495,22020000,899,2696,2659
chr7,22020000,0.904535,0.59675,22040000,786,2211,2469
chr7,22040000,0.983175,0.59735,22060000,911,2541,2901
chr7,22060000,0.850039,0.60895,22080000,756,2007,2480
chr7,22080000,0.74021,0.59615,22100000,495,1437,1757
chr7,22100000,0.626371,0.5765,22120000,420,1417,1310
chr7,22120000,0.593445,0.58415,22140000,550,1924,1282
chr7,22140000,0.449473,0.5927,22160000,333,626,854
chr7,22160000,0.412319,0.62745,22180000,133,324,510
chr7,22180000,0.814775,0.54805,22200000,581,1440,1856
chr7,22200000,0.944633,0.59855,22220000,737,2037,2449
chr7,22220000,0.436773,0.6092,22240000,280,830,1035
chr7,22240000,0.735454,0.59315,22260000,475,1423,1714
chr7,22260000,0.657557,0.5755,22280000,311,843,1168
chr7,22280000,0.508367,0.62,22300000,232,537,854
chr7,22300000,0.571847,0.57015,22320000,222,650,992
chr7,22320000,0.583176,0.5699,22340000,216,553,823
chr7,22340000,0.416958,0.59125,22360000,339,1597,836
chr7,22360000,0.606468,0.5723,22380000,312,728,1053
chr7,22380000,0.602695,0.59245,22400000,248,679,1035
chr7,22400000,0.573857,0.5434,22420000,239,617,775
chr7,22420000,0.460045,0.58205,22440000,156,437,598
chr7,22440000,0.587947,0.51435,22460000,178,487,625
chr7,22460000,0.590331,0.56135,22480000,183,509,739
chr7,22480000,0.588747,0.57025,22500000,277,606,1003
chr7,22500000,0.601674,0.5706,22520000,369,785,1182
chr7,22520000,0.649911,0.60015,22540000,286,857,1144
chr7,22540000,0.726379,0.59185,22560000,909,1683,2166
chr7,22560000,0.489803,0.52395,22580000,173,509,704
chr7,22580000,0.891583,0.58365,22600000,708,2004,2441
chr7,22600000,0.855487,0.59055,22620000,676,1954,2318
chr7,22620000,0.914578,0.6154,22640000,1074,2761,3437
chr7,22640000,0.933171,0.63335,22660000,1003,3092,3071
chr7,22660000,0.889222,0.58665,22680000,1062,2648,3158
chr7,22680000,0.951806,0.62125,22700000,1117,2818,3410
chr7,22700000,0.652777,0.58025,22720000,456,1366,1685
chr7,22720000,0.960838,0.65765,22740000,1050,3066,3392
chr7,22740000,0.607506,0.6565,22760000,462,1273,1753
chr7,22760000,0.574512,0.6723,22780000,522,1315,1806
chr7,22780000,0.96035,0.6551,22800000,1088,3138,3690
chr7,22800000,0.965696,0.6489,22820000,1130,3176,3622
chr7,22820000,0.574815,0.6193,22840000,510,1270,1895
chr7,22840000,0.816918,0.6364,22860000,783,2244,2613
chr7,22860000,0.836821,0.62595,22880000,659,1906,2339
chr7,22880000,0.863765,0.6408,22900000,864,2290,2911
chr7,22900000,0.849023,0.6229,22920000,720,2006,2634
chr7,22920000,0.973042,0.5699,22940000,819,2240,2592
chr7,22940000,0.88642,0.63255,22960000,1138,2575,3237
chr7,22960000,0.69053,0.59535,22980000,706,1579,2132
chr7,22980000,0.501545,0.59165,23000000,349,949,1268
chr7,23000000,0.778993,0.6172,23020000,717,1899,2223
chr7,23020000,0.953772,0.6643,23040000,1141,3382,3764
chr7,23040000,0.830306,0.62325,23060000,832,2416,2759
chr7,23060000,0.968523,0.66295,23080000,1290,3592,4009
chr7,23080000,0.970973,0.6302,23100000,928,2798,3241
chr7,23100000,0.875133,0.63295,23120000,917,2532,3146
chr7,23120000,0.847553,0.62985,23140000,1000,2769,3213
chr7,23140000,0.847835,0.5792,23160000,758,1980,2496
chr7,23160000,0.826444,0.63605,23180000,892,2492,3014
chr7,23180000,0.951564,0.6443,23200000,1106,3437,3761
chr7,23200000,0.571743,0.57745,23220000,531,1544,1698
chr7,23220000,0.831109,0.63565,23240000,1477,3124,4142
chr7,23240000,0.998325,0.64695,23260000,1271,3682,3959
chr7,23260000,0.958753,0.627,23280000,1026,2942,3123
chr7,23280000,0.881596,0.61835,23300000,961,2838,3007
chr7,23300000,0.939791,0.6098,23320000,1123,2929,3293
chr7,23320000,0.903182,0.64005,23340000,1231,3476,3933
chr7,23340000,0.99309,0.64705,23360000,1200,3601,3919
chr7,23360000,0.781292,0.56885,23380000,726,2006,2425
chr7,23380000,0.842401,0.60505,23400000,933,2650,3019
chr7,23400000,0.991742,0.66615,23420000,1234,3476,3991
chr7,23420000,0.973295,0.6455,23440000,1172,3466,3761
chr7,23440000,0.74135,0.642,23460000,935,2359,2672
chr7,23460000,0.712429,0.505,23480000,509,1513,1559
chr7,23480000,0.488051,0.4726,23500000,134,441,542
chr7,23500000,0.912055,0.6498,23520000,1019,2898,3337
chr7,23520000,0.985481,0.70585,23540000,1472,3990,4843
chr7,23540000,0.926877,0.69145,23560000,1132,3030,3875
chr7,23560000,0.969533,0.7082,23580000,1567,4280,4851
chr7,23580000,0.783108,0.67205,23600000,1042,2975,3272
chr7,23600000,0.857946,0.5986,23620000,793,2299,2729
chr7,23620000,0.98418,0.68275,23640000,1316,3840,4324
chr7,23640000,0.9454,0.6392,23660000,999,3152,3499
chr7,23660000,0.862472,0.6501,23680000,1012,2670,3326
chr7,23680000,0.838718,0.605,23700000,909,2522,2839
chr7,23700000,0.99455,0.66675,23720000,1410,3759,4221
chr7,23720000,0.983062,0.6635,23740000,1246,3388,3771
chr7,23740000,0.99955,0.6553,23760000,1132,3607,3806
chr7,23760000,0.99755,0.7199,23780000,1590,4481,5210
chr7,23780000,0.9958,0.68705,23800000,1431,4001,4413
chr7,23800000,0.988095,0.69605,23820000,1412,4147,4753
chr7,23820000,0.763931,0.6728,23840000,831,2490,2738
chr7,23840000,0.9999,0.65075,23860000,1191,3659,3854
chr7,23860000,0.994811,0.6105,23880000,1127,2934,3393
chr7,23880000,0.97999,0.6272,23900000,1180,3340,3715
chr7,23900000,0.97214,0.63295,23920000,1052,3303,3501
chr7,23920000,0.860887,0.6604,23940000,1104,3220,3342
chr7,23940000,0.902131,0.628,23960000,944,2804,3126
chr7,23960000,0.648711,0.60425,23980000,715,1807,2426
chr7,23980000,0.958681,0.6401,24000000,1175,3247,3817
chr7,24000000,1,0.66835,24020000,1144,3607,3810
chr7,24020000,0.983067,0.65435,24040000,1178,3345,3791
chr7,24040000,1,0.62355,24060000,952,3084,2854
chr7,24060000,0.998958,0.63545,24080000,1039,3346,3412
chr7,24080000,0.869244,0.57575,24100000,704,2043,2435
chr7,24100000,0.91105,0.6612,24120000,1128,3234,3526
chr7,24120000,0.99605,0.624,24140000,1103,3375,3714
chr7,24140000,0.979142,0.6894,24160000,1380,4022,4450
chr7,24160000,0.954459,0.56405,24180000,743,2372,2591
chr7,24180000,0.920608,0.6178,24200000,843,2618,2880
chr7,24200000,0.814458,0.626,24220000,685,2160,2196
chr7,24220000,0.912292,0.65795,24240000,1013,2928,3355
chr7,24240000,0.92334,0.5932,24260000,862,2334,2840
chr7,24260000,0.994241,0.65205,24280000,1145,3443,3843
chr7,24280000,0.924982,0.58455,24300000,856,2240,2652
chr7,24300000,0.990417,0.6026,24320000,1136,2958,3381
chr7,24320000,0.888873,0.67725,24340000,1216,3468,3739
chr7,24340000,0.92935,0.68175,24360000,1209,3225,3899
chr7,24360000,0.885834,0.66515,24380000,1068,3048,3547
chr7,24380000,0.874745,0.64375,24400000,1341,3256,4193
chr7,24400000,0.934825,0.66685,24420000,1278,3516,4061
chr7,24420000,0.862301,0.66085,24440000,993,3082,3295
chr7,24440000,0.918731,0.7096,24460000,1329,3484,4140
chr7,24460000,0.9808,0.6121,24480000,1006,2959,3202
chr7,24480000,0.541566,0.5738,24500000,433,1479,1495
chr7,24500000,0.945221,0.61035,24520000,960,2726,2869
chr7,24520000,0.94211,0.5754,24540000,824,2474,2744
chr7,24540000,0.996675,0.62505,24560000,1021,3111,3069
chr7,24560000,0.910143,0.66825,24580000,1207,3367,3808
chr7,24580000,0.998525,0.65425,24600000,1296,3639,4196
chr7,24600000,0.99995,0.66555,24620000,1301,3892,4154
chr7,24620000,0.535725,0.57475,24640000,573,1696,1855
chr7,24640000,0.785315,0.5871,24660000,617,1869,2202
chr7,24660000,0.753683,0.63115,24680000,591,1920,2122
chr7,24680000,0.658007,0.5894,24700000,594,1762,1915
chr7,24700000,0.956253,0.60585,24720000,1056,3109,3642
chr7,24720000,0.850843,0.6762,24740000,1119,3311,3561
chr7,24740000,0.447327,0.66135,24760000,396,1083,1454
chr7,24760000,0.918866,0.61135,24780000,899,2756,3033
chr7,24780000,0.752855,0.61265,24800000,910,2383,2942
chr7,24800000,0.929152,0.6728,24820000,1109,3467,3932
chr7,24820000,0.993467,0.62795,24840000,1122,3149,3628
chr7,24840000,0.839721,0.6775,24860000,1126,3110,3410
chr7,24860000,0.972957,0.6393,24880000,1193,3589,3993
chr7,24880000,0.5409,0.52235,24900000,813,1484,1716
chr7,24900000,0.981864,0.64715,24920000,1205,3444,3723
chr7,24920000,0.99745,0.64285,24940000,1200,3586,3677
chr7,24940000,0.90703,0.6903,24960000,1263,3660,4156
chr7,24960000,0.907036,0.61385,24980000,905,2998,3070
chr7,24980000,0.919442,0.5922,25000000,988,2799,2901
chr7,25000000,0.998675,0.6282,25020000,1180,3508,3827
chr7,25020000,0.995433,0.6395,25040000,1302,3600,4068
chr7,25040000,0.997483,0.6017,25060000,1127,3232,3429
chr7,25060000,0.997958,0.65395,25080000,1237,3457,3693
chr7,25080000,0.992945,0.6223,25100000,1131,3125,3562
chr7,25100000,0.992762,0.66635,25120000,1263,3626,4202
chr7,25120000,0.96965,0.6523,25140000,1304,3741,4060
chr7,25140000,0.778218,0.65185,25160000,936,2599,3130
chr7,25160000,0.959132,0.6466,25180000,1084,3186,3561
chr7,25180000,0.940674,0.64915,25200000,1184,3475,3598
chr7,25200000,0.885745,0.55525,25220000,648,2018,2471
chr7,25220000,0.940468,0.6972,25240000,1391,3560,4208
chr7,25240000,0.912152,0.6946,25260000,1219,3434,4220
chr7,25260000,0.939258,0.726,25280000,1457,3754,4680
chr7,25280000,0.893368,0.60605,25300000,880,2758,2969
chr7,25300000,0.888423,0.57575,25320000,787,2208,2440
chr7,25320000,0.858914,0.663,25340000,1150,3177,3665
chr7,25340000,0.915765,0.6133,25360000,930,2608,3212
chr7,25360000,0.924865,0.63225,25380000,949,2834,2985
chr7,25380000,0.936671,0.6483,25400000,1169,3231,3678
chr7,25400000,0.885063,0.63115,25420000,904,2460,3145
chr7,25420000,0.950237,0.65415,25440000,1227,3282,3917
chr7,25440000,0.96947,0.71415,25460000,1520,4131,4779
chr7,25460000,0.978875,0.66625,25480000,1149,3475,3654
chr7,25480000,0.9989,0.6512,25500000,1256,3594,4033
chr7,25500000,0.996325,0.6607,25520000,1267,3704,3970
chr7,25520000,0.951708,0.64695,25540000,1038,3221,3450
chr7,25540000,0.9556,0.64715,25560000,1031,3290,3596
chr7,25560000,0.79533,0.6239,25580000,822,2090,2295
chr7,25580000,0.775024,0.6217,25600000,806,2391,3133
chr7,25600000,0.983196,0.6097,25620000,1306,2939,3338
chr7,25620000,0.741819,0.6394,25640000,793,2274,2610
chr7,25640000,0.968904,0.66825,25660000,1390,3703,4196
chr7,25660000,0.456782,0.64765,25680000,368,1270,1278
chr7,25680000,0.216154,0.6674,25700000,83,171,273
chr7,25700000,0.74951,0.6667,25720000,867,2349,2732
chr7,25720000,0.945654,0.6837,25740000,1529,3390,4302
chr7,25740000,0.985367,0.6894,25760000,1392,3878,4293
chr7,25760000,0.970584,0.6934,25780000,1336,3862,4449
chr7,25780000,0.951669,0.6837,25800000,1230,3648,4100
chr7,25800000,0.881658,0.59455,25820000,794,2305,2855
chr7,25820000,0.992103,0.67265,25840000,1333,3853,4201
chr7,25840000,0.728033,0.64595,25860000,741,2133,2677
chr7,25860000,0.993218,0.64925,25880000,1186,3598,3876
chr7,25880000,0.841984,0.7,25900000,1227,3162,3970
chr7,25900000,0.98145,0.65005,25920000,1223,3551,4077
chr7,25920000,0.709934,0.5708,25940000,642,1816,2167
chr7,25940000,0.78703,0.58425,25960000,728,2302,2611
chr7,25960000,0.991925,0.61625,25980000,1103,3253,3563
chr7,25980000,0.999073,0.6643,26000000,1233,3766,4039
chr7,26000000,0.820793,0.6371,26020000,1114,3132,2953
chr7,26020000,0.934195,0.65645,26040000,1564,3919,4346
chr7,26040000,0.690386,0.6188,26060000,921,2558,2913
chr7,26060000,0.691056,0.5787,26080000,676,1848,2116
chr7,26080000,0.761966,0.61625,26100000,893,2499,2691
chr7,26100000,0.839008,0.651,26120000,891,2588,2992
chr7,26120000,0.992792,0.6774,26140000,1452,3948,4377
chr7,26140000,0.97694,0.6479,26160000,1480,3709,4263
chr7,26160000,0.984229,0.6774,26180000,1318,3088,3940
chr7,26180000,0.943717,0.6526,26200000,1162,3174,3579
chr7,26200000,0.997775,0.6521,26220000,1238,3821,3815
chr7,26220000,0.741735,0.64815,26240000,844,2408,2702
chr7,26240000,0.971204,0.62805,26260000,1027,3089,3404
chr7,26260000,0.990545,0.6807,26280000,1308,3819,4275
chr7,26280000,0.98565,0.62385,26300000,1337,3398,3846
chr7,26300000,0.815147,0.647,26320000,864,2330,2827
chr7,26320000,0.623448,0.56835,26340000,413,1172,1541
chr7,26340000,0.547851,0.5469,26360000,312,831,1203
chr7,26360000,0.905454,0.63775,26380000,1177,3196,3342
chr7,26380000,0.956808,0.60735,26400000,924,2655,3107
chr7,26400000,0.951396,0.5904,26420000,816,2633,2965
chr7,26420000,0.81606,0.62275,26440000,1048,2623,3022
chr7,26440000,0.890345,0.6432,26460000,1040,3072,3559
chr7,26460000,0.756199,0.61825,26480000,877,2409,2993
chr7,26480000,1,0.68845,26500000,1494,4125,4731
chr7,26500000,0.887256,0.65305,26520000,1045,2881,3374
chr7,26520000,0.930606,0.6535,26540000,1097,3169,3626
chr7,26540000,0.994258,0.70435,26560000,1439,3936,4497
chr7,26560000,0.977437,0.70975,26580000,2465,5007,5204
chr7,26580000,0.596629,0.5614,26600000,424,1203,1435
chr7,26600000,0.967532,0.6609,26620000,1210,3511,4036
chr7,26620000,0.755992,0.68875,26640000,747,1838,2420
chr7,26640000,0.633752,0.66065,26660000,382,964,1293
chr7,26660000,0.802399,0.63805,26680000,696,2029,2311
chr7,26680000,0.897498,0.66405,26700000,987,2967,3163
chr7,26700000,0.826352,0.6282,26720000,1055,2673,3190
chr7,26720000,0.981203,0.6516,26740000,1293,3564,4102
chr7,26740000,0.852676,0.6348,26760000,1066,3164,3335
chr7,26760000,0.825541,0.62645,26780000,1046,3019,3387
chr7,26780000,0.472052,0.65725,26800000,395,1072,1395
chr7,26800000,0.984167,0.6783,26820000,1303,3757,4418
chr7,26820000,0.827996,0.68155,26840000,1138,2978,4009
chr7,26840000,0.978807,0.636,26860000,1442,3481,3382
chr7,26860000,0.885957,0.6585,26880000,1120,3164,3547
chr7,26880000,0.97973,0.6704,26900000,1394,3668,4346
chr7,26900000,0.543651,0.63045,26920000,652,1802,2303
chr7,26920000,0.977319,0.6673,26940000,1232,3526,3815
chr7,26940000,0.961336,0.6696,26960000,1321,3030,3823
chr7,26960000,0.966692,0.6319,26980000,1110,3123,3251
chr7,26980000,0.985637,0.67345,27000000,1371,3599,4142
chr7,27000000,0.967617,0.6329,27020000,937,2764,3078
chr7,27020000,0.986425,0.6314,27040000,1051,3133,3199
chr7,27040000,0.935702,0.62285,27060000,1083,3236,3534
chr7,27060000,0.996682,0.61385,27080000,1153,3575,3786
chr7,27080000,0.966265,0.6732,27100000,1288,3539,4057
chr7,27100000,1,0.613,27120000,1099,3353,3312
chr7,27120000,0.991447,0.6376,27140000,1208,3427,4011
chr7,27140000,0.996052,0.6352,27160000,1140,3331,3797
chr7,27160000,0.970129,0.65675,27180000,1204,3404,3786
chr7,27180000,0.936952,0.637,27200000,1039,3014,3263
chr7,27200000,0.993851,0.61965,27220000,940,3197,3093
chr7,27220000,0.909248,0.705,27240000,1191,3391,4121
chr7,27240000,0.994964,0.7072,27260000,1539,4231,5068
chr7,27260000,0.741639,0.67445,27280000,673,1922,1982
chr7,27280000,0.626214,0.6959,27300000,370,1130,1294
chr7,27300000,0.813971,0.63195,27320000,817,2542,2887
chr7,27320000,0.975809,0.6388,27340000,1095,3483,3594
chr7,27340000,0.999525,0.6284,27360000,1122,3571,3374
chr7,27360000,0.977627,0.6816,27380000,1745,3941,4506
chr7,27380000,0.908125,0.7176,27400000,1250,3500,4483
chr7,27400000,0.653017,0.5932,27420000,571,1621,2048
chr7,27420000,0.67328,0.6196,27440000,722,1982,2393
chr7,27440000,0.993075,0.6809,27460000,1292,3700,4024
chr7,27460000,0.870676,0.68325,27480000,1139,3392,3837
chr7,27480000,0.999125,0.6516,27500000,1404,3926,4072
chr7,27500000,0.976946,0.6491,27520000,1141,3155,3599
chr7,27520000,0.980467,0.6674,27540000,1374,3923,4793
chr7,27540000,0.980365,0.6252,27560000,1150,3250,3756
chr7,27560000,0.94683,0.6696,27580000,1159,3399,3605
chr7,27580000,0.999425,0.61235,27600000,1186,3326,3534
chr7,27600000,0.848824,0.66865,27620000,1171,3096,3766
chr7,27620000,0.994725,0.67805,27640000,1535,4037,4315
chr7,27640000,0.9817,0.59995,27660000,1103,3069,3371
chr7,27660000,0.959194,0.66455,27680000,1275,3584,3918
chr7,27680000,0.966171,0.6731,27700000,1245,3495,4141
chr7,27700000,0.990438,0.66975,27720000,1300,3559,4151
chr7,27720000,0.961725,0.65065,27740000,1149,3442,3622
chr7,27740000,0.944893,0.69555,27760000,1319,3779,4105
chr7,27760000,0.9983,0.6447,27780000,1136,3525,3888
chr7,27780000,0.976983,0.62635,27800000,880,2874,2933
chr7,27800000,0.992175,0.6484,27820000,1351,3652,3791
chr7,27820000,0.913633,0.6495,27840000,1046,3207,3364
chr7,27840000,0.963771,0.60315,27860000,1068,2820,3262
chr7,27860000,0.636585,0.6654,27880000,487,1331,1560
chr7,27880000,0.827553,0.63655,27900000,841,2369,2988
chr7,27900000,0.738666,0.5649,27920000,561,1427,2024
chr7,27920000,0.983954,0.69495,27940000,1311,3699,4218
chr7,27940000,0.929545,0.6485,27960000,1138,3183,3788
chr7,27960000,0.986983,0.65115,27980000,1189,3550,3946
chr7,27980000,0.923728,0.5794,28000000,829,2318,2826
chr7,28000000,0.938126,0.6841,28020000,1232,3575,3855
chr7,28020000,0.687619,0.6148,28040000,713,2138,2451
chr7,28040000,0.927946,0.6592,28060000,1210,3115,3694
chr7,28060000,0.988259,0.672,28080000,1265,3559,4101
chr7,28080000,0.887085,0.6403,28100000,1045,2876,3268
chr7,28100000,0.989092,0.55105,28120000,838,2486,2628
chr7,28120000,0.932446,0.59005,28140000,2774,5416,4065
chr7,28140000,0.46025,0.57815,28160000,293,759,1126
chr7,28160000,0.905179,0.55455,28180000,753,2131,2330
chr7,28180000,0.994604,0.64715,28200000,1098,3597,3575
chr7,28200000,0.950505,0.66475,28220000,1663,3612,4225
chr7,28220000,0.962428,0.62705,28240000,991,3115,3322
chr7,28240000,0.973577,0.625,28260000,968,3141,3420
chr7,28260000,0.795971,0.6911,28280000,873,2341,3053
chr7,28280000,0.796106,0.64085,28300000,771,2224,2579
chr7,28300000,0.964312,0.70215,28320000,1349,3366,4354
chr7,28320000,0.91886,0.6541,28340000,1123,3331,3894
chr7,28340000,1,0.64865,28360000,1107,3477,3654
chr7,28360000,1,0.663,28380000,1257,3635,4007
chr7,28380000,0.886201,0.62855,28400000,860,2463,2926
chr7,28400000,0.846564,0.6017,28420000,744,2471,2668
chr7,28420000,0.997608,0.65425,28440000,1312,3739,4179
chr7,28440000,0.982585,0.65875,28460000,1178,3333,3687
chr7,28460000,1,0.63985,28480000,1149,3340,3303
chr7,28480000,0.949349,0.6539,28500000,1197,3457,3934
chr7,28500000,0.830507,0.64475,28520000,1155,2984,3610
chr7,28520000,0.964225,0.66325,28540000,1164,3208,3722
chr7,28540000,0.867017,0.6074,28560000,862,2397,2962
chr7,28560000,0.837263,0.5844,28580000,732,2118,2722
chr7,28580000,0.865543,0.64495,28600000,868,2585,2848
chr7,28600000,0.917136,0.6743,28620000,1213,3350,3811
chr7,28620000,1,0.6289,28640000,1150,3699,3759
chr7,28640000,0.949692,0.65745,28660000,1183,3464,3849
chr7,28660000,0.924218,0.6329,28680000,1046,3131,3523
chr7,28680000,0.840455,0.61405,28700000,1004,2779,3049
chr7,28700000,0.978516,0.6285,28720000,2754,4252,4665
chr7,28720000,0.94114,0.69365,28740000,4493,5410,6532
chr7,28740000,0.994726,0.63395,28760000,3222,4375,4605
chr7,28760000,0.972128,0.6469,28780000,3275,4487,4744
chr7,28780000,0.997725,0.64375,28800000,3406,4744,4699
chr7,28800000,0.979767,0.6743,28820000,3892,4872,5493
chr7,28820000,0.88127,0.67615,28840000,3132,3917,4691
chr7,28840000,0.882256,0.67615,28860000,3294,4148,4877
chr7,28860000,0.683143,0.63525,28880000,2128,2835,2933
chr7,28880000,1,0.6495,28900000,3253,4726,4868
chr7,28900000,0.936078,0.66875,28920000,3617,4413,5305
chr7,28920000,1,0.63975,28940000,3063,4341,4422
chr7,28940000,0.946056,0.6847,28960000,3687,5020,5384
chr7,28960000,0.777022,0.65805,28980000,2566,3331,4009
chr7,28980000,0.88963,0.6307,29000000,3513,3694,3743
chr7,29000000,0.208263,0.70215,29020000,459,508,774
chr7,29020000,0.670655,0.5998,29040000,1815,2494,2645
chr7,29040000,0.711518,0.5265,29060000,1283,1827,1979
chr7,29060000,1,0.65075,29080000,3343,4738,4998
chr7,29080000,0.892722,0.65035,29100000,3206,4183,4462
chr7,29100000,0.842823,0.6232,29120000,2801,3599,3846
chr7,29120000,1,0.6449,29140000,3460,4669,5000
chr7,29140000,1,0.64425,29160000,3318,4780,4911
chr7,29160000,0.808485,0.60275,29180000,2009,2867,2951
chr7,29180000,0.944833,0.6426,29200000,2920,3595,4320
chr7,29200000,0.994403,0.6264,29220000,3026,4150,4426
chr7,29220000,0.865618,0.61515,29240000,2289,2993,3405
chr7,29240000,0.976628,0.6712,29260000,3335,4647,5162
chr7,29260000,0.988083,0.6531,29280000,3226,4296,4894
chr7,29280000,0.99429,0.6889,29300000,4050,4983,5936
chr7,29300000,0.758842,0.6565,29320000,2645,3348,3889
chr7,29320000,0.9566,0.653,29340000,3375,4187,4972
chr7,29340000,0.876596,0.65025,29360000,2693,3672,3912
chr7,29360000,0.961137,0.6554,29380000,3311,4365,4748
chr7,29380000,0.996833,0.69345,29400000,4150,5285,6050
chr7,29400000,0.976831,0.70685,29420000,6813,8855,7556
chr7,29420000,0.830333,0.6302,29440000,2630,3568,3707
chr7,29440000,0.619651,0.605,29460000,1404,1738,2133
chr7,29460000,0.968917,0.6398,29480000,2958,4205,4190
chr7,29480000,0.946698,0.6458,29500000,2905,3916,4187
chr7,29500000,0.973257,0.64145,29520000,3318,4215,4812
chr7,29520000,0.960599,0.67425,29540000,3594,4491,5021
chr7,29540000,0.154806,0.62615,29560000,163,174,281
chr7,29560000,0.417606,0.68,29580000,1055,1341,1745
chr7,29580000,1,0.63205,29600000,3117,4436,4462
chr7,29600000,1,0.64855,29620000,3443,4674,4854
chr7,29620000,0.99455,0.6375,29640000,3356,4392,5274
chr7,29640000,0.938696,0.6649,29660000,4180,4569,5550
chr7,29660000,0.752506,0.5965,29680000,2084,2707,3161
chr7,29680000,0.98396,0.6745,29700000,3401,4483,5079
chr7,29700000,0.996199,0.6841,29720000,3993,5126,5743
chr7,29720000,1,0.62595,29740000,3050,4367,4361
chr7,29740000,0.928479,0.63975,29760000,3002,3786,4297
chr7,29760000,0.626089,0.6273,29780000,1352,1599,2332
chr7,29780000,0.961349,0.619,29800000,2802,4029,4244
chr7,29800000,0.99305,0.6304,29820000,3021,4066,4486
chr7,29820000,0.876755,0.61895,29840000,2272,2943,3530
chr7,29840000,0.92085,0.62075,29860000,2478,2916,3741
chr7,29860000,0.700767,0.6328,29880000,1996,2587,3128
chr7,29880000,0.309595,0.5686,29900000,543,669,914
chr7,29900000,0.276112,0.59905,29920000,351,433,605
chr7,29920000,0.237295,0.5479,29940000,286,383,556
chr7,29940000,0.320583,0.59995,29960000,880,890,1176
chr7,29960000,0.914126,0.54215,29980000,2032,2467,2824
chr7,29980000,0.69384,0.5338,30000000,1087,1370,1686
chr7,30000000,0.539021,0.5407,30020000,793,914,1349
chr7,30020000,0.467996,0.55205,30040000,684,812,1095
chr7,30040000,0.786301,0.5778,30060000,1581,1949,2673
chr7,30060000,0.526563,0.58135,30080000,4015,5020,6571
chr8,0,0.316774,0.58405,20000,562,287,229
chr8,20000,0.439829,0.67535,40000,1597,651,504
chr8,40000,0.890467,0.61475,60000,2787,1569,751
chr8,60000,0.410228,0.59475,80000,1145,560,371
chr8,80000,0.961723,0.6121,100000,3703,1942,999
chr8,100000,0.990517,0.6092,120000,3926,2098,1079
chr8,120000,0.94687,0.6361,140000,4285,2130,1236
chr8,140000,0.955411,0.6408,160000,4340,2137,1238
chr8,160000,0.9994,0.606,180000,3537,2050,953
chr8,180000,0.999225,0.6154,200000,3910,2074,1092
chr8,200000,0.877327,0.64435,220000,3041,1382,921
chr8,220000,0.8836,0.6273,240000,3793,2004,1174
chr8,240000,0.985998,0.63255,260000,4244,2297,1212
chr8,260000,0.996412,0.6677,280000,5451,3181,1710
chr8,280000,0.903344,0.6705,300000,4060,2049,1139
chr8,300000,0.986113,0.6181,320000,3638,2096,1134
chr8,320000,0.747563,0.66895,340000,3531,1744,1073
chr8,340000,0.980394,0.6573,360000,4835,2478,1316
chr8,360000,0.805746,0.61665,380000,2781,1452,883
chr8,380000,0.906923,0.6768,400000,4667,2307,1488
chr8,400000,0.994456,0.67285,420000,5078,2672,1427
chr8,420000,0.746794,0.6059,440000,2822,1439,840
chr8,440000,0.823098,0.69105,460000,4470,2130,1339
chr8,460000,0.82297,0.6889,480000,4314,2002,1268
chr8,480000,0.779504,0.61685,500000,3355,1652,1015
chr8,500000,0.995025,0.62705,520000,4149,2266,1102
chr8,520000,0.990524,0.66765,540000,5287,2614,1401
chr8,540000,0.988759,0.6498,560000,5051,2474,1355
chr8,560000,0.940598,0.6542,580000,4197,2038,1244
chr8,580000,0.99465,0.6501,600000,4578,2323,1246
chr8,600000,1,0.61625,620000,3836,2041,922
chr8,620000,0.9988,0.6446,640000,4412,2222,1207
chr8,640000,0.907028,0.68335,660000,4804,2205,1370
chr8,660000,0.434062,0.61685,680000,1556,726,452
chr8,680000,0.690517,0.67555,700000,3277,1415,1071
chr8,700000,0.906998,0.6644,720000,4297,2247,1199
chr8,720000,1,0.67325,740000,5135,2546,1263
chr8,740000,0.99205,0.642,760000,4773,2369,1320
chr8,760000,0.957306,0.64515,780000,4609,2306,1246
chr8,780000,0.57288,0.56315,800000,2167,1101,593
chr8,800000,0.824982,0.6308,820000,3152,1553,955
chr8,820000,0.942077,0.6775,840000,5018,2417,1467
chr8,840000,0.966713,0.6588,860000,5008,2487,1348
chr8,860000,0.857733,0.62855,880000,3517,1639,1010
chr8,880000,0.986313,0.64535,900000,4737,2556,1325
chr8,900000,0.924783,0.68445,920000,5118,2407,1460
chr8,920000,0.870311,0.632,940000,3823,2064,1047
chr8,940000,0.977427,0.64735,960000,4596,2213,1406
chr8,960000,0.99545,0.61115,980000,7372,7008,3030
chr8,980000,0.995134,0.6448,1000000,4219,2220,1149
chr8,1000000,0.909375,0.57235,1020000,4072,3079,2997
chr8,1020000,0.894179,0.61495,1040000,3055,1696,831
chr8,1040000,0.982067,0.64735,1060000,4700,2679,1566
chr8,1060000,0.971675,0.64575,1080000,5409,4523,3182
chr8,1080000,0.918709,0.68945,1100000,5215,2947,1826
chr8,1100000,0.833218,0.63625,1120000,3696,1702,1086
chr8,1120000,0.747278,0.6046,1140000,2602,1343,747
chr8,1140000,0.767282,0.6396,1160000,3067,1462,982
chr8,1160000,0.975455,0.6537,1180000,4257,2106,1132
chr8,1180000,0.995733,0.65005,1200000,4362,2278,1210
chr8,1200000,0.875429,0.70415,1220000,4315,2001,1256
chr8,1220000,0.957537,0.6548,1240000,4752,2360,1299
chr8,1240000,0.644473,0.62895,1260000,3206,1561,934
chr8,1260000,0.937337,0.63495,1280000,4297,2138,1200
chr8,1280000,1,0.6596,1300000,5190,2693,1428
chr8,1300000,0.80833,0.62885,1320000,3292,1680,959
chr8,1320000,0.839567,0.66085,1340000,3686,1886,1055
chr8,1340000,0.916528,0.6856,1360000,5012,2380,1414
chr8,1360000,0.890512,0.6628,1380000,4706,2244,1253
chr8,1380000,0.982551,0.6474,1400000,4634,2400,1251
chr8,1400000,0.986592,0.66555,1420000,5201,2563,1463
chr8,1420000,0.955882,0.6638,1440000,4917,2459,1332
chr8,1440000,0.945083,0.6613,1460000,4965,2724,1644
chr8,1460000,0.892352,0.6802,1480000,4824,2344,1384
chr8,1480000,0.910702,0.6022,1500000,3484,1726,1074
chr8,1500000,0.939593,0.67575,1520000,4640,2304,1238
chr8,1520000,0.989088,0.68235,1540000,5542,2698,1486
chr8,1540000,0.954258,0.6972,1560000,5525,2535,1646
chr8,1560000,0.973204,0.6804,1580000,5152,2676,1480
chr8,1580000,0.902358,0.63055,1600000,3879,1966,1066
chr8,1600000,0.836012,0.5617,1620000,2960,1413,894
chr8,1620000,0.929542,0.6105,1640000,4058,2168,1100
chr8,1640000,0.97203,0.65075,1660000,4445,2399,1218
chr8,1660000,0.915717,0.6651,1680000,4282,2078,1168
chr8,1680000,0.737988,0.5895,1700000,2850,1466,876
chr8,1700000,0.915089,0.65935,1720000,4336,2197,1201
chr8,1720000,0.901511,0.6498,1740000,4465,2301,1286
chr8,1740000,0.953077,0.68175,1760000,4793,2455,1384
chr8,1760000,0.997675,0.6573,1780000,4906,2594,1338
chr8,1780000,1,0.64475,1800000,3964,2178,1132
chr8,1800000,0.975439,0.68115,1820000,5009,2447,1394
chr8,1820000,0.993415,0.6282,1840000,4270,2224,1171
chr8,1840000,0.9472,0.60605,1860000,3350,1896,916
chr8,1860000,0.994225,0.58605,1880000,2751,1771,1481
chr8,1880000,0.9606,0.60205,1900000,3537,2207,1375
chr8,1900000,0.484978,0.5821,1920000,1466,720,447
chr8,1920000,0.971229,0.6472,1940000,3086,1574,832
chr8,1940000,0.951087,0.6279,1960000,2712,1382,799
chr8,1960000,0.535776,0.61435,1980000,1566,848,509
chr8,1980000,0.928992,0.57365,2000000,3674,2464,1957
chr8,2000000,1,0.61985,2020000,4243,2302,1185
chr8,2020000,0.928804,0.6503,2040000,4590,2205,1326
chr8,2040000,0.778623,0.66055,2060000,3570,1734,1019
chr8,2060000,0.953921,0.68225,2080000,5137,2669,1449
chr8,2080000,0.958005,0.65835,2100000,4727,2350,1252
chr8,2100000,0.999733,0.64265,2120000,4999,2463,1456
chr8,2120000,0.994417,0.6415,2140000,4719,2584,1313
chr8,2140000,0.994158,0.6767,2160000,5330,2757,1510
chr8,2160000,0.956444,0.6577,2180000,4699,2437,1258
chr8,2180000,0.99915,0.5933,2200000,3826,2048,1127
chr8,2200000,0.958113,0.6602,2220000,5102,2401,1389
chr8,2220000,0.750641,0.6137,2240000,3506,1888,1013
chr8,2240000,0.886561,0.64065,2260000,3664,2116,1251
chr8,2260000,0.9947,0.64175,2280000,3964,1993,1119
chr8,2280000,0.989646,0.6922,2300000,5278,2551,1518
chr8,2300000,0.956513,0.6825,2320000,4063,1826,1161
chr8,2320000,0.794913,0.6534,2340000,2192,1082,629
chr8,2340000,0.212463,0.71725,2360000,445,216,159
chr8,2360000,0.6558,0.68355,2380000,2372,1164,662
chr8,2380000,1,0.65935,2400000,4503,2467,1381
chr8,2400000,0.989925,0.69035,2420000,5410,2935,1790
chr8,2420000,0.992769,0.6237,2440000,4101,2159,1307
chr8,2440000,0.993938,0.65455,2460000,4698,2452,1254
chr8,2460000,0.99925,0.65495,2480000,4906,2421,1310
chr8,2480000,0.979684,0.6626,2500000,4769,2501,1359
chr8,2500000,0.483945,0.70175,2520000,2574,1190,773
chr8,2520000,0.227134,0.6842,2540000,706,307,269
chr8,2540000,0.898115,0.67895,2560000,4564,2101,1322
chr8,2560000,0.756902,0.67555,2580000,2355,1125,903
chr8,2580000,0.855794,0.65355,2600000,2889,1470,943
chr8,2600000,0.787618,0.66645,2620000,3614,1804,1202
chr8,2620000,0.988075,0.6996,2640000,5540,2802,1659
chr8,2640000,0.916843,0.6524,2660000,4249,2332,1267
chr8,2660000,0.990686,0.63095,2680000,3825,2273,1688
chr8,2680000,0.858478,0.59965,2700000,2568,1320,811
chr8,2700000,0.821189,0.6625,2720000,3456,1789,1028
chr8,2720000,0.879434,0.6616,2740000,4930,3000,1989
chr8,2740000,0.939146,0.63815,2760000,4165,2165,1160
chr8,2760000,0.805925,0.59875,2780000,2862,1463,871
chr8,2780000,0.65622,0.5113,2800000,1829,1185,1101
chr8,2800000,0.769175,0.65725,2820000,2510,1354,675
chr8,2820000,0.907658,0.64695,2840000,3482,1789,953
chr8,2840000,0.931468,0.6487,2860000,4288,2232,1234
chr8,2860000,0.966122,0.631,2880000,3823,2057,1087
chr8,2880000,0.829655,0.6168,2900000,2958,1587,908
chr8,2900000,0.88957,0.70015,2920000,4700,2202,1385
chr8,2920000,0.995575,0.6378,2940000,4210,2268,1177
chr8,2940000,1,0.6246,2960000,4243,2296,1122
chr8,2960000,1,0.66235,2980000,4984,2592,1281
chr8,2980000,0.98696,0.64865,3000000,4166,2242,1473
chr8,3000000,0.995456,0.61615,3020000,4481,2250,1307
chr8,3020000,0.99105,0.65735,3040000,5103,2700,1484
chr8,3040000,0.865711,0.6453,3060000,3582,2068,980
chr8,3060000,0.722892,0.6105,3080000,2371,1115,736
chr8,3080000,0.995657,0.6542,3100000,5114,2678,1463
chr8,3100000,0.97266,0.6597,3120000,5113,2653,1446
chr8,3120000,0.879968,0.6483,3140000,4075,2130,1229
chr8,3140000,0.788194,0.6035,3160000,3196,2097,1269
chr8,3160000,0.935469,0.646,3180000,4665,2314,1240
chr8,3180000,0.920581,0.6901,3200000,5502,2744,1823
chr8,3200000,0.980041,0.6471,3220000,4644,2390,1297
chr8,3220000,0.92055,0.6586,3240000,3682,2034,1300
chr8,3240000,0.518075,0.7085,3260000,2044,989,850
chr8,3260000,0.7275,0.68765,3280000,3064,1576,1034
chr8,3280000,0.985833,0.6799,3300000,5084,2498,1445
chr8,3300000,0.96803,0.7139,3320000,5817,2734,1675
chr8,3320000,0.949287,0.6879,3340000,4995,2378,1447
chr8,3340000,0.891372,0.67775,3360000,4798,2221,1258
chr8,3360000,0.915056,0.6339,3380000,4147,2239,1382
chr8,3380000,0.826279,0.66305,3400000,3627,1845,1143
chr8,3400000,0.924002,0.66845,3420000,4558,2317,1224
chr8,3420000,0.960275,0.6423,3440000,4688,2353,1313
chr8,3440000,0.87829,0.6359,3460000,3634,2045,1044
chr8,3460000,0.562473,0.6461,3480000,615,293,186
chr8,3480000,0.985189,0.67085,3500000,5019,2466,1478
chr8,3500000,0.971465,0.64525,3520000,4691,2504,1265
chr8,3520000,1,0.65685,3540000,4830,2579,1416
chr8,3540000,1,0.65185,3560000,4689,2454,1361
chr8,3560000,0.999075,0.6585,3580000,5225,2694,1329
chr8,3580000,0.998773,0.61385,3600000,4436,2236,1189
chr8,3600000,0.953818,0.6728,3620000,4840,2498,1382
chr8,3620000,0.941932,0.66035,3640000,4605,2355,1469
chr8,3640000,0.966604,0.64675,3660000,4246,2269,1262
chr8,3660000,0.980985,0.64835,3680000,4641,2360,1372
chr8,3680000,0.798711,0.6128,3700000,3169,1678,938
chr8,3700000,0.922546,0.64105,3720000,3983,1986,1133
chr8,3720000,0.991067,0.6545,3740000,5066,2474,1422
chr8,3740000,0.998654,0.6712,3760000,5326,2778,1621
chr8,3760000,0.993982,0.65005,3780000,4632,2311,1349
chr8,3780000,0.984817,0.6456,3800000,4738,2552,1418
chr8,3800000,0.97255,0.6104,3820000,4088,2191,1006
chr8,3820000,0.948537,0.627,3840000,4110,2093,1265
chr8,3840000,0.995325,0.6266,3860000,4481,2286,1289
chr8,3860000,0.98819,0.64935,3880000,4100,2233,1183
chr8,3880000,0.988599,0.67005,3900000,5303,2495,1471
chr8,3900000,0.970193,0.67315,3920000,5137,2574,1392
chr8,3920000,0.822285,0.57305,3940000,2922,1466,884
chr8,3940000,0.999545,0.6384,3960000,4665,2295,1312
chr8,3960000,0.965974,0.70015,3980000,5822,2814,1552
chr8,3980000,0.967901,0.6609,4000000,4983,2407,1297
chr8,4000000,0.948674,0.6536,4020000,4447,2348,1356
chr8,4020000,0.997224,0.6562,4040000,4445,2443,1193
chr8,4040000,0.861147,0.63315,4060000,3493,1648,1080
chr8,4060000,0.951335,0.63385,4080000,4257,2298,1256
chr8,4080000,0.996997,0.65595,4100000,5027,2388,1306
chr8,4100000,0.987577,0.6206,4120000,3559,1792,994
chr8,4120000,0.8009,0.6684,4140000,2548,1290,872
chr8,4140000,0.975915,0.6586,4160000,5056,2405,1382
chr8,4160000,0.952552,0.6783,4180000,5172,2634,1533
chr8,4180000,0.838304,0.64475,4200000,3947,2050,1062
chr8,4200000,0.948135,0.63975,4220000,4387,2054,1212
chr8,4220000,0.962533,0.63395,4240000,4464,2256,1192
chr8,4240000,0.977195,0.653,4260000,4814,2499,1335
chr8,4260000,0.959633,0.66555,4280000,4967,2520,1388
chr8,4280000,0.593766,0.54565,4300000,1701,872,483
chr8,4300000,0.982821,0.6573,4320000,4903,2517,1385
chr8,4320000,0.883891,0.5954,4340000,3910,1953,1122
chr8,4340000,0.786831,0.55575,4360000,2435,1233,769
chr8,4360000,0.683085,0.5856,4380000,2763,1314,784
chr8,4380000,0.880299,0.63395,4400000,3864,1941,1049
chr8,4400000,0.766882,0.65065,4420000,3919,1932,1060
chr8,4420000,0.756954,0.63275,4440000,3051,1596,1075
chr8,4440000,0.672895,0.54715,4460000,1662,811,501
chr8,4460000,0.9675,0.62755,4480000,4483,2341,1144
chr8,4480000,0.950402,0.68365,4500000,4766,2404,1368
chr8,4500000,0.995265,0.615,4520000,4504,2235,1270
chr8,4520000,0.99825,0.6306,4540000,4260,2246,1192
chr8,4540000,0.9849,0.6935,4560000,5911,2857,1665
chr8,4560000,0.875244,0.6469,4580000,3978,2087,1088
chr8,4580000,0.440548,0.63545,4600000,1324,601,403
chr8,4600000,0.540088,0.6549,4620000,540,246,180
chr8,4620000,0.651467,0.6344,4640000,1346,657,440
chr8,4640000,0.983153,0.64075,4660000,4577,2382,1335
chr8,4660000,0.965877,0.61995,4680000,4140,2287,1221
chr8,4680000,0.604275,0.65575,4700000,2687,1293,796
chr8,4700000,0.934388,0.68035,4720000,4879,2415,1326
chr8,4720000,0.931717,0.6894,4740000,5446,2571,1507
chr8,4740000,0.837787,0.66845,4760000,3868,1954,1110
chr8,4760000,0.513698,0.6316,4780000,2589,1199,823
chr8,4780000,0.996508,0.6407,4800000,4061,2242,1348
chr8,4800000,0.926469,0.65085,4820000,4287,2200,1316
chr8,4820000,0.99245,0.6671,4840000,4911,2315,1458
chr8,4840000,0.98677,0.65765,4860000,5127,2583,1498
chr8,4860000,0.988405,0.61985,4880000,4485,2383,1200
chr8,4880000,0.999967,0.64975,4900000,5117,2631,1500
chr8,4900000,0.953694,0.61685,4920000,4154,2411,1735
chr8,4920000,0.993155,0.6213,4940000,4571,2383,1548
chr8,4940000,0.989129,0.6707,4960000,5436,2712,1386
chr8,4960000,0.971542,0.59425,4980000,3652,1780,982
chr8,4980000,0.98981,0.6787,5000000,5441,2772,1493
chr8,5000000,0.997137,0.659,5020000,5233,2572,1501
chr8,5020000,0.407399,0.5591,5040000,1467,662,505
chr8,5040000,0.973184,0.6604,5060000,5038,2598,1345
chr8,5060000,0.950515,0.5938,5080000,3420,1762,1012
chr8,5080000,0.892856,0.66295,5100000,4395,2022,1207
chr8,5100000,0.850463,0.6589,5120000,3733,1865,1215
chr8,5120000,1,0.61305,5140000,4221,2354,1293
chr8,5140000,0.988949,0.66015,5160000,5219,2513,1444
chr8,5160000,0.897389,0.6657,5180000,4159,2096,1143
chr8,5180000,0.625788,0.64255,5200000,1888,1015,576
chr8,5200000,0.843395,0.6735,5220000,4199,2177,1258
chr8,5220000,0.401111,0.66,5240000,796,368,257
chr8,5240000,0.757457,0.68245,5260000,3734,1862,1103
chr8,5260000,0.62995,0.6489,5280000,2444,1202,705
chr8,5280000,0.264856,0.69825,5300000,803,392,313
chr8,5300000,0.999325,0.6524,5320000,5098,2574,1304
chr8,5320000,0.990357,0.6003,5340000,4126,2178,1173
chr8,5340000,0.807681,0.61025,5360000,3420,1694,938
chr8,5360000,0.697905,0.59335,5380000,2853,1452,822
chr8,5380000,0.965783,0.68065,5400000,5248,2596,1320
chr8,5400000,0.690204,0.61295,5420000,3039,1628,845
chr8,5420000,0.891167,0.6852,5440000,4640,2188,1351
chr8,5440000,0.928583,0.6774,5460000,4950,2518,1296
chr8,5460000,0.92565,0.6591,5480000,4729,2406,1268
chr8,5480000,0.980342,0.6434,5500000,4505,2268,1314
chr8,5500000,0.902525,0.62055,5520000,3553,1756,1004
chr8,5520000,0.949219,0.663,5540000,4495,2373,1251
chr8,5540000,0.96377,0.68855,5560000,5439,2763,1677
chr8,5560000,0.954079,0.69895,5580000,5495,2770,1834
chr8,5580000,0.979304,0.68755,5600000,5417,2857,1624
chr8,5600000,0.993128,0.6579,5620000,4944,2457,1336
chr8,5620000,0.849624,0.6215,5640000,4080,2021,1141
chr8,5640000,0.708615,0.61,5660000,3527,1757,983
chr8,5660000,0.87827,0.62715,5680000,3877,1955,1112
chr8,5680000,0.984852,0.58045,5700000,3639,2022,1060
chr8,5700000,0.851785,0.6764,5720000,4148,2133,1183
chr8,5720000,0.769545,0.6384,5740000,3451,1766,1020
chr8,5740000,0.769765,0.6391,5760000,2594,1499,774
chr8,5760000,0.951275,0.6712,5780000,4654,2492,1285
chr8,5780000,0.775781,0.6745,5800000,4252,2060,1054
chr8,5800000,0.559017,0.63075,5820000,1934,903,561
chr8,5820000,0.841917,0.61415,5840000,3348,1751,970
chr8,5840000,0.498049,0.5704,5860000,2353,1168,701
chr8,5860000,0.924988,0.65195,5880000,4835,2923,2330
chr8,5880000,0.984509,0.657,5900000,5060,2582,1405
chr8,5900000,0.973225,0.65155,5920000,4327,2351,1243
chr8,5920000,0.982382,0.66165,5940000,5545,2827,1652
chr8,5940000,0.954659,0.64035,5960000,4294,2236,1253
chr8,5960000,0.941149,0.5553,5980000,2854,1558,1026
chr8,5980000,0.965231,0.64655,6000000,4619,2292,1244
chr8,6000000,0.845548,0.6451,6020000,3435,1692,990
chr8,6020000,0.880555,0.5994,6040000,3451,1935,1063
chr8,6040000,0.89805,0.6126,6060000,3280,1740,915
chr8,6060000,0.902369,0.6864,6080000,4678,2230,1412
chr8,6080000,0.940717,0.6607,6100000,3991,2051,1325
chr8,6100000,0.790219,0.6391,6120000,3705,1880,1130
chr8,6120000,0.830124,0.6478,6140000,3576,1784,970
chr8,6140000,0.951172,0.59735,6160000,3335,1775,998
chr8,6160000,0.846933,0.63405,6180000,3572,1905,1136
chr8,6180000,0.563268,0.67125,6200000,1613,831,492
chr8,6200000,0.238321,0.66995,6220000,203,120,71
chr8,6220000,0.408588,0.6516,6240000,1454,791,448
chr8,6240000,0.917852,0.6319,6260000,3951,2089,1160
chr8,6260000,0.988137,0.6551,6280000,4970,2548,1445
chr8,6280000,0.962421,0.6157,6300000,4105,1963,1200
chr8,6300000,0.940993,0.68035,6320000,5117,2445,1435
chr8,6320000,0.989738,0.6399,6340000,4387,2309,1206
chr8,6340000,0.971266,0.6644,6360000,4947,2702,1524
chr8,6360000,0.946235,0.68035,6380000,4866,2363,1343
chr8,6380000,0.978329,0.61805,6400000,3723,2019,1108
chr8,6400000,0.982527,0.58625,6420000,3574,1869,1067
chr8,6420000,0.777453,0.6172,6440000,3352,1705,896
chr8,6440000,0.870931,0.6097,6460000,3450,1747,936
chr8,6460000,0.6616,0.56815,6480000,2041,993,695
chr8,6480000,0.9999,0.64615,6500000,4781,2426,1267
chr8,6500000,0.730106,0.605,6520000,2391,1347,721
chr8,6520000,0.99875,0.67835,6540000,5437,2633,1448
chr8,6540000,0.991954,0.63915,6560000,4349,2191,1249
chr8,6560000,0.893692,0.5964,6580000,3006,1377,877
chr8,6580000,0.658531,0.62065,6600000,2360,1291,1078
chr8,6600000,0.720387,0.5411,6620000,1765,926,555
chr8,6620000,0.915252,0.53515,6640000,2193,1139,655
chr8,6640000,0.618723,0.52045,6660000,1054,516,328
chr8,6660000,0.786309,0.5892,6680000,2584,1310,929
chr8,6680000,0.563312,0.5803,6700000,1486,738,610
chr8,6700000,0.9299,0.5829,6720000,2856,1579,979
chr8,6720000,0.981658,0.63445,6740000,4237,2465,1629
chr8,6740000,0.614668,0.63575,6760000,2495,1210,710
chr8,6760000,0.784194,0.62605,6780000,3250,1622,947
chr8,6780000,0.948375,0.6382,6800000,4366,2277,1374
chr8,6800000,0.980182,0.63815,6820000,4448,2343,1257
chr8,6820000,0.846892,0.61255,6840000,3585,1665,1169
chr8,6840000,0.983709,0.61515,6860000,4176,2099,1140
chr8,6860000,0.979717,0.6474,6880000,4419,2133,1228
chr8,6880000,0.923899,0.5916,6900000,2846,1498,1049
chr8,6900000,0.994325,0.6401,6920000,4320,2150,1160
chr8,6920000,0.82685,0.62585,6940000,3248,1701,911
chr8,6940000,0.638969,0.55895,6960000,1528,802,477
chr8,6960000,0.859175,0.6363,6980000,3652,1842,1005
chr8,6980000,0.98964,0.60865,7000000,3881,1860,1104
chr8,7000000,0.960002,0.5655,7020000,2928,1466,832
chr8,7020000,0.945663,0.61235,7040000,3865,1888,1044
chr8,7040000,0.977914,0.6008,7060000,3500,1747,1028
chr8,7060000,0.840372,0.57615,7080000,2732,1393,808
chr8,7080000,0.996067,0.60705,7100000,3759,1852,1039
chr8,7100000,0.969631,0.65485,7120000,4661,2209,1288
chr8,7120000,0.994687,0.6395,7140000,4240,2139,1183
chr8,7140000,0.540541,0.62725,7160000,1535,766,479
chr8,7160000,0.922968,0.65315,7180000,3923,1933,1142
chr8,7180000,0.633579,0.5541,7200000,1611,845,576
chr8,7200000,0.922519,0.55925,7220000,2310,1198,760
chr8,7220000,0.661833,0.61015,7240000,2580,1257,754
chr8,7240000,0.840788,0.582,7260000,2394,1286,803
chr8,7260000,0.854477,0.5735,7280000,1988,1004,606
chr8,7280000,0.990774,0.587,7300000,3330,1677,1095
chr8,7300000,0.860162,0.60965,7320000,2958,1359,781
chr8,7320000,0.283621,0.61035,7340000,706,313,262
chr8,7340000,0.167719,0.57715,7360000,245,162,101
chr8,7360000,0.155273,0.5827,7380000,285,145,109
chr8,7380000,0.239728,0.58145,7400000,312,145,123
chr8,7400000,0.458716,0.63805,7420000,1606,729,459
chr8,7420000,0.499205,0.63555,7440000,1350,622,458
chr8,7440000,0.546618,0.64885,7460000,1903,819,548
chr8,7460000,0.360437,0.59235,7480000,838,381,276
chr8,7480000,0.274981,0.5801,7500000,601,257,226
chr8,7500000,0.514663,0.59165,7520000,1283,566,414
chr8,7520000,0.505944,0.56155,7540000,1105,524,395
chr8,7540000,0.491051,0.63935,7560000,1445,650,466
chr8,7560000,0.599031,0.57265,7580000,1476,739,540
chr8,7580000,0.613254,0.625,7600000,1618,814,514
chr8,7600000,0.509948,0.6305,7620000,1533,695,479
chr8,7620000,0.485759,0.63085,7640000,1490,677,491
chr8,7640000,0.420782,0.63735,7660000,1283,541,399
chr8,7660000,0.462617,0.5997,7680000,1264,526,437
chr8,7680000,0.582439,0.63455,7700000,1649,741,512
chr8,7700000,0.99605,0.67565,7720000,5110,2624,1566
chr8,7720000,0.937027,0.6566,7740000,4448,2431,1495
chr8,7740000,0.942365,0.6192,7760000,3523,1845,1011
chr8,7760000,0.679769,0.6291,7780000,2394,1122,707
chr8,7780000,0.533795,0.62315,7800000,1657,730,510
chr8,7800000,0.829011,0.59185,7820000,2419,1214,794
chr8,7820000,0.440034,0.60335,7840000,815,456,368
chr8,7840000,0.465454,0.5929,7860000,1177,583,491
chr8,7860000,0.496434,0.60235,7880000,1071,504,462
chr8,7880000,0.377696,0.6065,7900000,856,703,446
chr8,7900000,0.370374,0.60935,7920000,828,385,288
chr8,7920000,0.442375,0.6088,7940000,1201,599,422
chr8,7940000,0.276922,0.6106,7960000,794,363,311
chr8,7960000,0.27672,0.61275,7980000,713,322,257
chr8,7980000,0.26842,0.61175,8000000,663,396,348
chr8,8000000,0.460951,0.5852,8020000,1195,569,388
chr8,8020000,0.48979,0.6084,8040000,1367,636,525
chr8,8040000,0.382464,0.5957,8060000,849,440,342
chr8,8060000,0.297924,0.59185,8080000,488,220,155
chr8,8080000,0.403692,0.59535,8100000,801,477,328
chr8,8100000,0.599598,0.59015,8120000,1451,869,1035
chr8,8120000,0.359836,0.59715,8140000,615,301,289
chr8,8140000,0.181694,0.5978,8160000,207,73,70
chr8,8160000,0.234595,0.5967,8180000,358,191,386
chr8,8180000,0.431603,0.59625,8200000,1092,508,412
chr8,8200000,0.194297,0.5865,8220000,395,169,157
chr8,8220000,0.183611,0.5968,8240000,387,175,144
chr8,8240000,0.277842,0.5939,8260000,720,317,252
chr8,8260000,0.282453,0.5921,8280000,689,280,252
chr8,8280000,0.298416,0.5945,8300000,598,298,228
chr8,8300000,0.225299,0.5984,8320000,371,211,193
chr8,8320000,0.250526,0.5909,8340000,522,247,309
chr8,8340000,0.200822,0.59475,8360000,340,195,140
chr8,8360000,0.362085,0.5941,8380000,836,429,364
chr8,8380000,0.279929,0.5651,8400000,368,143,122
chr8,8400000,0.264524,0.59835,8420000,545,238,185
chr8,8420000,0.230965,0.5937,8440000,492,210,177
chr8,8440000,0.215446,0.59805,8460000,456,231,168
chr8,8460000,0.314747,0.59695,8480000,788,352,320
chr8,8480000,0.361779,0.59785,8500000,817,426,372
chr8,8500000,0.344586,0.5961,8520000,665,414,330
chr8,8520000,0.29893,0.59965,8540000,740,300,264
chr8,8540000,0.158402,0.5962,8560000,344,159,137
chr8,8560000,0.187245,0.5999,8580000,309,149,121
chr8,8580000,0.258839,0.60145,8600000,739,373,281
chr8,8600000,0.140971,0.59075,8620000,171,91,87
chr8,8620000,0.106214,0.5996,8640000,144,71,104
chr8,8640000,0.192503,0.604,8660000,445,200,157
chr8,8660000,0.226717,0.5981,8680000,468,258,176
chr8,8680000,0.245116,0.59915,8700000,647,294,335
chr8,8700000,0.122434,0.6013,8720000,190,105,66
chr8,8720000,0.237166,0.6006,8740000,435,237,240
chr8,8740000,0.193622,0.6001,8760000,771,459,230
chr8,8760000,0.337541,0.59775,8780000,1106,634,344
chr8,8780000,0.182335,0.5904,8800000,429,171,132
chr8,8800000,0.258408,0.59465,8820000,719,352,352
chr8,8820000,0.308712,0.59225,8840000,655,328,286
chr8,8840000,0.156604,0.5954,8860000,258,133,148
chr8,8860000,0.210143,0.58925,8880000,600,389,336
chr8,8880000,0.323787,0.58895,8900000,799,390,320
chr8,8900000,0.213176,0.5914,8920000,544,258,227
chr8,8920000,0.272254,0.5905,8940000,517,274,229
chr8,8940000,0.20744,0.59375,8960000,605,241,224
chr8,8960000,0.213798,0.589,8980000,538,256,222
chr8,8980000,0.108484,0.5892,9000000,195,105,86
chr8,9000000,0.107847,0.58595,9020000,765,437,363
chr8,9020000,0.224176,0.59385,9040000,638,268,266
chr8,9040000,0.192403,0.604,9060000,375,168,141
chr8,9060000,0.227375,0.57915,9080000,416,193,144
chr8,9080000,0.170704,0.5942,9100000,501,219,193
chr8,9100000,0.262326,0.59155,9120000,585,248,188
chr8,9120000,0.207391,0.58455,9140000,452,280,196
chr8,9140000,0.260699,0.58945,9160000,571,275,214
chr8,9160000,0.214606,0.59295,9180000,550,257,196
chr8,9180000,0.165016,0.5936,9200000,721,365,253
chr8,9200000,0.290946,0.5983,9220000,719,310,244
chr8,9220000,0.17585,0.58955,9240000,339,192,178
chr8,9240000,0.145185,0.5964,9260000,446,246,199
chr8,9260000,0.176564,0.595,9280000,359,175,160
chr8,9280000,0.185206,0.59745,9300000,356,145,233
chr8,9300000,0.209164,0.5918,9320000,560,249,209
chr8,9320000,0.140397,0.59545,9340000,306,132,137
chr8,9340000,0.224377,0.59915,9360000,647,264,289
chr8,9360000,0.304296,0.5973,9380000,689,366,381
chr8,9380000,0.106584,0.59495,9400000,278,104,102
chr8,9400000,0.177288,0.59605,9420000,413,184,163
chr8,9420000,0.0989968,0.59365,9440000,239,115,397
chr8,9440000,0.103882,0.59805,9460000,224,113,768
chr8,9460000,0.155491,0.60005,9480000,398,183,157
chr8,9480000,0.236581,0.5925,9500000,459,150,270
chr8,9500000,0.224925,0.59525,9520000,359,137,141
chr8,9520000,0.245767,0.58845,9540000,621,330,216
chr8,9540000,0.221764,0.59495,9560000,449,195,160
chr8,9560000,0.276676,0.59535,9580000,680,319,241
chr8,9580000,0.21714,0.59645,9600000,515,196,159
chr8,9600000,0.273605,0.59335,9620000,664,283,223
chr8,9620000,0.131726,0.591,9640000,243,111,99
chr8,9640000,0.211394,0.5937,9660000,590,371,579
chr8,9660000,0.247053,0.58855,9680000,564,318,228
chr8,9680000,0.257853,0.5843,9700000,457,217,140
chr8,9700000,0.20243,0.59715,9720000,221,102,85
chr8,9720000,0.462547,0.6224,9740000,1756,836,491
chr8,9740000,0.209505,0.59925,9760000,386,166,145
chr8,9760000,0.25154,0.5969,9780000,582,252,214
chr8,9780000,0.297004,0.58045,9800000,573,279,197
chr8,9800000,0.201606,0.60275,9820000,392,161,123
chr8,9820000,0.148705,0.5939,9840000,459,277,230
chr8,9840000,0.186132,0.5962,9860000,612,544,255
chr8,9860000,0.113322,0.59485,9880000,239,128,103
chr8,9880000,0.172885,0.59605,9900000,457,205,156
chr8,9900000,0.155433,0.59405,9920000,190,78,102
chr8,9920000,0.147264,0.59695,9940000,318,145,130
chr8,9940000,0.0781335,0.5981,9960000,202,89,75
chr8,9960000,0.0524111,0.59665,9980000,105,54,47
chr8,9980000,0.0545487,0.5906,10000000,149,60,65
chr8,10000000,0.15885,0.5946,10020000,324,148,108
chr8,10020000,0.239392,0.59655,10040000,392,195,137
chr8,10040000,0.309369,0.59195,10060000,627,282,211
chr8,10060000,0.227168,0.5972,10080000,364,183,134
chr8,10080000,0.220138,0.59815,10100000,292,147,117
chr8,10100000,0.178388,0.5954,10120000,310,133,114
chr8,10120000,0.131798,0.59075,10140000,236,149,124
chr8,10140000,0.156634,0.59305,10160000,361,170,116
chr8,10160000,0.360424,0.5969,10180000,775,334,249
chr8,10180000,0.293766,0.59855,10200000,592,281,237
chr8,10200000,0.16924,0.59095,10220000,286,128,86
chr8,10220000,0.194695,0.59925,10240000,404,167,164
chr8,10240000,0.0893871,0.5972,10260000,148,62,57
chr8,10260000,0.156013,0.59855,10280000,239,102,106
chr8,10280000,0.202002,0.59745,10300000,567,276,449
chr8,10300000,0.192256,0.59955,10320000,483,266,188
chr8,10320000,0.102045,0.5999,10340000,222,102,121
chr8,10340000,0.153958,0.59235,10360000,387,187,161
chr8,10360000,0.190678,0.6077,10380000,457,216,164
chr8,10380000,0.113531,0.6037,10400000,106,57,52
chr8,10400000,0.186595,0.6057,10420000,529,228,208
chr8,10420000,0.0787738,0.60435,10440000,164,72,78
chr8,10440000,0.118724,0.60565,10460000,261,138,112
chr8,10460000,0.19792,0.60125,10480000,437,178,156
chr8,10480000,0.217469,0.60165,10500000,393,279,238
chr8,10500000,0.179992,0.5998,10520000,600,245,196
chr8,10520000,0.119397,0.5994,10540000,356,159,110
chr8,10540000,0.118458,0.6021,10560000,190,97,83
chr8,10560000,0.119311,0.6022,10580000,222,110,96
chr8,10580000,0.125224,0.601,10600000,276,133,112
chr8,10600000,0.172718,0.6022,10620000,442,201,204
chr8,10620000,0.134054,0.6067,10640000,321,155,114
chr8,10640000,0.267695,0.60485,10660000,486,249,156
chr8,10660000,0.255185,0.65755,10680000,610,259,188
chr8,10680000,0.0731537,0.60785,10700000,293,125,90
chr8,10700000,0.121014,0.60715,10720000,368,159,126
chr8,10720000,0.0576079,0.60705,10740000,196,82,87
chr8,10740000,0.19271,0.60785,10760000,498,220,201
chr8,10760000,0.169848,0.6046,10780000,412,185,147
chr8,10780000,0.216596,0.6052,10800000,357,166,132
chr8,10800000,0.161463,0.6047,10820000,348,168,132
chr8,10820000,0.167755,0.60565,10840000,221,98,89
chr8,10840000,0.161298,0.601,10860000,305,169,163
chr8,10860000,0.139428,0.60695,10880000,283,124,110
chr8,10880000,0.0961829,0.6077,10900000,157,63,55
chr8,10900000,0.208659,0.68615,10920000,271,114,92
chr8,10920000,0.279482,0.64535,10940000,829,407,269
chr8,10940000,0.181341,0.5963,10960000,583,266,228
chr8,10960000,0.119224,0.5941,10980000,102,36,42
chr8,10980000,0.160451,0.58835,11000000,155,56,67
chr8,11000000,0.163749,0.60495,11020000,262,115,105
chr8,11020000,0.221064,0.6009,11040000,554,269,203
chr8,11040000,0.370812,0.5931,11060000,1006,487,354
chr8,11060000,0.369418,0.5996,11080000,941,399,326
chr8,11080000,0.204805,0.5881,11100000,476,182,149
chr8,11100000,0.248599,0.5953,11120000,587,281,216
chr8,11120000,0.277043,0.60235,11140000,764,318,241
chr8,11140000,0.213228,0.6042,11160000,545,250,229
chr8,11160000,0.200877,0.60245,11180000,589,277,221
chr8,11180000,0.339231,0.5918,11200000,991,468,378
chr8,11200000,0.229959,0.5966,11220000,500,262,177
chr8,11220000,0.221948,0.59305,11240000,533,259,191
chr8,11240000,0.212498,0.59215,11260000,380,250,322
chr8,11260000,0.222894,0.59625,11280000,511,254,207
chr8,11280000,0.20199,0.59855,11300000,498,241,210
chr8,11300000,0.259867,0.5994,11320000,619,301,256
chr8,11320000,0.110493,0.602,11340000,138,48,51
chr8,11340000,0.377305,0.5957,11360000,1054,518,361
chr8,11360000,0.173168,0.5925,11380000,218,104,90
chr8,11380000,0.257013,0.5943,11400000,646,271,216
chr8,11400000,0.336975,0.60555,11420000,671,307,186
chr8,11420000,0.227636,0.5991,11440000,575,210,190
chr8,11440000,0.379368,0.59785,11460000,1016,601,465
chr8,11460000,0.229223,0.5963,11480000,491,206,230
chr8,11480000,0.180153,0.59575,11500000,257,113,108
chr8,11500000,0.217493,0.59725,11520000,385,196,144
chr8,11520000,0.248134,0.59925,11540000,605,241,231
chr8,11540000,0.313226,0.59905,11560000,885,388,300
chr8,11560000,0.243811,0.59495,11580000,535,242,211
chr8,11580000,0.219045,0.5965,11600000,365,178,153
chr8,11600000,0.263012,0.59865,11620000,507,277,263
chr8,11620000,0.32443,0.5977,11640000,668,326,218
chr8,11640000,0.300107,0.59515,11660000,674,287,280
chr8,11660000,0.357832,0.59855,11680000,815,527,481
chr8,11680000,0.55506,0.58975,11700000,1362,571,444
chr8,11700000,0.563368,0.5868,11720000,1360,748,572
chr8,11720000,0.275251,0.59825,11740000,347,159,155
chr8,11740000,0.395827,0.5994,11760000,803,401,335
chr8,11760000,0.429789,0.59225,11780000,960,476,407
chr8,11780000,0.373075,0.5842,11800000,1047,530,378
chr8,11800000,0.290977,0.59515,11820000,533,246,214
chr8,11820000,0.309619,0.58095,11840000,681,300,235
chr8,11840000,0.520086,0.59155,11860000,1941,1202,1098
chr8,11860000,0.342837,0.58985,11880000,744,363,267
chr8,11880000,0.199433,0.5903,11900000,228,123,103
chr8,11900000,0.342858,0.59295,11920000,574,258,223
chr8,11920000,0.465342,0.6025,11940000,5478,8160,7335
chr8,11940000,0.300661,0.59575,11960000,747,461,1030
chr8,11960000,0.434176,0.60225,11980000,1627,1208,1431
chr8,11980000,0.320728,0.60615,12000000,426,306,407
chr8,12000000,0.2469,0.60685,12020000,242,322,393
chr8,12020000,0.233362,0.60445,12040000,365,308,267
chr8,12040000,0.490895,0.61685,12060000,1151,630,514
chr8,12060000,0.709425,0.65395,12080000,1935,881,594
chr8,12080000,0.70775,0.60425,12100000,1477,690,446
chr8,12100000,0.436449,0.6083,12120000,1264,727,752
chr8,12120000,0.374664,0.6062,12140000,850,453,418
chr8,12140000,0.637885,0.60285,12160000,1557,903,704
chr8,12160000,0.616169,0.58575,12180000,1930,978,556
chr8,12180000,0.869213,0.6076,12200000,3103,1824,1216
chr8,12200000,0.794898,0.60855,12220000,2416,1212,813
chr8,12220000,0.907808,0.62405,12240000,3331,1840,1094
chr8,12240000,0.994787,0.62495,12260000,4028,2213,1034
chr8,12260000,0.959693,0.6966,12280000,5406,2490,1580
chr8,12280000,0.768417,0.5561,12300000,2548,1431,752
chr8,12300000,0.839427,0.62415,12320000,3376,1680,1038
chr8,12320000,0.94995,0.61225,12340000,3628,1953,1177
chr8,12340000,1,0.64825,12360000,4380,2340,1158
chr8,12360000,0.901117,0.6197,12380000,3453,1897,1026
chr8,12380000,0.9994,0.6439,12400000,4225,2339,1344
chr8,12400000,0.789485,0.59665,12420000,2066,1131,748
chr8,12420000,0.605169,0.59125,12440000,891,459,410
chr8,12440000,0.729062,0.5934,12460000,2396,1208,793
chr8,12460000,0.965923,0.61335,12480000,3788,2188,1580
chr8,12480000,0.906549,0.64625,12500000,3650,1767,1068
chr8,12500000,0.729479,0.6485,12520000,2859,1432,843
chr8,12520000,0.946823,0.6731,12540000,4623,2254,1576
chr8,12540000,0.986808,0.67885,12560000,4784,2427,1415
chr8,12560000,0.602893,0.61785,12580000,2407,1173,762
chr8,12580000,0.994629,0.672,12600000,5110,2357,1435
chr8,12600000,0.963846,0.51995,12620000,2395,1347,864
chr8,12620000,0.992075,0.6362,12640000,4438,2254,1291
chr8,12640000,0.958187,0.651,12660000,4144,2344,1270
chr8,12660000,0.898494,0.61685,12680000,3391,1788,939
chr8,12680000,0.73111,0.565,12700000,2038,1030,722
chr8,12700000,0.605279,0.5765,12720000,1625,874,620
chr8,12720000,0.525298,0.5692,12740000,1386,646,423
chr8,12740000,0.985898,0.64155,12760000,4144,2181,1221
chr8,12760000,0.94174,0.6671,12780000,4115,1947,1236
chr8,12780000,0.934175,0.63705,12800000,4046,2171,1413
chr8,12800000,0.938617,0.5974,12820000,2960,1458,878
chr8,12820000,0.97975,0.59475,12840000,3030,1556,916
chr8,12840000,0.898863,0.6269,12860000,3054,1497,851
chr8,12860000,0.9599,0.6337,12880000,3736,2053,984
chr8,12880000,0.988499,0.65275,12900000,4401,2469,1253
chr8,12900000,0.964834,0.61045,12920000,3370,1789,1026
chr8,12920000,0.952713,0.6534,12940000,4536,2139,1172
chr8,12940000,0.742789,0.5856,12960000,2180,1081,652
chr8,12960000,0.864145,0.5947,12980000,2586,1295,798
chr8,12980000,0.997298,0.60315,13000000,3393,1824,1021
chr8,13000000,0.972063,0.6502,13020000,4056,2198,1497
chr8,13020000,0.805746,0.58995,13040000,2501,1427,1178
chr8,13040000,0.905587,0.64235,13060000,3765,1859,1134
chr8,13060000,0.98135,0.69815,13080000,5458,2628,1618
chr8,13080000,0.916493,0.6394,13100000,4209,2153,1153
chr8,13100000,0.668263,0.59155,13120000,2729,1328,797
chr8,13120000,0.914453,0.60045,13140000,3286,1684,919
chr8,13140000,0.541481,0.5551,13160000,1150,573,398
chr8,13160000,0.84628,0.57895,13180000,2633,1185,764
chr8,13180000,0.958117,0.66155,13200000,4551,2285,1211
chr8,13200000,0.946298,0.63055,13220000,3900,1914,1149
chr8,13220000,0.924749,0.61665,13240000,3219,1649,1039
chr8,13240000,0.862639,0.60905,13260000,3359,1682,1010
chr8,13260000,0.838267,0.5867,13280000,2735,1409,824
chr8,13280000,0.936475,0.62425,13300000,3340,1681,955
chr8,13300000,0.97662,0.6389,13320000,4566,2239,1336
chr8,13320000,0.958874,0.64985,13340000,4335,2301,1235
chr8,13340000,0.667277,0.61335,13360000,2790,1315,796
chr8,13360000,0.996625,0.65245,13380000,4648,2476,1209
chr8,13380000,0.624566,0.60805,13400000,2546,1309,788
chr8,13400000,0.973966,0.63135,13420000,3857,2010,1073
chr8,13420000,0.893539,0.6389,13440000,3888,1787,1160
chr8,13440000,0.98382,0.62045,13460000,3842,2206,1117
chr8,13460000,0.989222,0.63955,13480000,4346,2401,1181
chr8,13480000,0.912228,0.665,13500000,4374,2242,1292
chr8,13500000,1,0.6675,13520000,5397,2732,1491
chr8,13520000,1,0.69565,13540000,5855,2836,1618
chr8,13540000,1,0.58865,13560000,3887,2096,1077
chr8,13560000,0.999975,0.64925,13580000,4788,2503,1319
chr8,13580000,0.992672,0.65285,13600000,4516,2286,1285
chr8,13600000,0.984049,0.62935,13620000,4587,2474,1254
chr8,13620000,0.969552,0.64685,13640000,4342,2124,1327
chr8,13640000,0.993373,0.67395,13660000,5386,2656,1498
chr8,13660000,0.879494,0.6602,13680000,3819,2080,1094
chr8,13680000,0.987043,0.6588,13700000,4903,2501,1425
chr8,13700000,1,0.6651,13720000,5084,2651,1385
chr8,13720000,0.99925,0.665,13740000,5040,2722,1328
chr8,13740000,0.999867,0.6437,13760000,4700,2554,1367
chr8,13760000,0.883628,0.6348,13780000,3879,1851,1100
chr8,13780000,0.847021,0.64315,13800000,3675,1837,1036
chr8,13800000,0.995275,0.62855,13820000,4710,2320,1260
chr8,13820000,0.972914,0.6542,13840000,4771,2466,1382
chr8,13840000,0.569111,0.67225,13860000,2409,1037,763
chr8,13860000,0.539909,0.6665,13880000,1837,890,535
chr8,13880000,0.915243,0.6355,13900000,3545,1878,1072
chr8,13900000,0.858272,0.6485,13920000,3824,2010,1032
chr8,13920000,0.620739,0.63515,13940000,1301,657,416
chr8,13940000,0.624678,0.6142,13960000,1036,578,435
chr8,13960000,0.98102,0.601,13980000,3390,1715,1017
chr8,13980000,0.973,0.6526,14000000,4459,2322,1325
chr8,14000000,0.98057,0.63315,14020000,4033,2112,1266
chr8,14020000,0.977248,0.6324,14040000,4378,2228,1341
chr8,14040000,0.98551,0.688,14060000,5406,2601,1472
chr8,14060000,0.991108,0.6694,14080000,4808,2523,1348
chr8,14080000,0.801628,0.6755,14100000,3631,1812,1205
chr8,14100000,0.874363,0.68695,14120000,4842,2257,1284
chr8,14120000,0.981926,0.664,14140000,4691,2672,1385
chr8,14140000,0.859138,0.6251,14160000,3793,1963,1085
chr8,14160000,0.970249,0.6738,14180000,5247,2560,1474
chr8,14180000,0.814257,0.59155,14200000,2868,1479,873
chr8,14200000,0.933308,0.6681,14220000,4921,2368,1444
chr8,14220000,0.996512,0.6916,14240000,5756,2634,1526
chr8,14240000,0.982523,0.652,14260000,4391,2269,1214
chr8,14260000,0.674496,0.597,14280000,2406,1105,809
chr8,14280000,0.787047,0.60635,14300000,2710,1401,914
chr8,14300000,0.933043,0.59785,14320000,3113,1628,890
chr8,14320000,0.971092,0.6367,14340000,4268,2202,1124
chr8,14340000,1,0.68375,14360000,5488,2751,1412
chr8,14360000,0.935248,0.6337,14380000,3950,2072,1070
chr8,14380000,0.962362,0.671,14400000,4720,2362,1331
chr8,14400000,0.878934,0.6563,14420000,3676,2054,1048
chr8,14420000,0.778453,0.6473,14440000,3857,1856,1029
chr8,14440000,0.998064,0.63035,14460000,2999,1590,848
chr8,14460000,0.794698,0.64605,14480000,16116,9617,8447
chr8,14480000,0.363458,0.63235,14500000,1330,560,447
chr8,14500000,0.824448,0.64225,14520000,1751,1609,1257
chr8,14520000,0.969609,0.6752,14540000,4539,2158,1288
chr8,14540000,0.945597,0.63275,14560000,4162,2206,1204
chr8,14560000,0.91414,0.54975,14580000,2975,1770,1122
chr8,14580000,0.834468,0.59135,14600000,3173,1834,1142
chr8,14600000,0.943667,0.6894,14620000,5544,2655,1711
chr8,14620000,0.9658,0.62035,14640000,4026,2231,1109
chr8,14640000,0.9991,0.6975,14660000,5862,2893,1542
chr8,14660000,0.990769,0.64275,14680000,4680,2407,1237
chr8,14680000,0.968662,0.6555,14700000,4664,2258,1351
chr8,14700000,0.956294,0.64645,14720000,4447,2285,1293
chr8,14720000,0.944472,0.6987,14740000,5634,2898,1811
chr8,14740000,0.904483,0.62765,14760000,3996,2039,1075
chr8,14760000,0.98778,0.6658,14780000,4896,2431,1301
chr8,14780000,0.96989,0.63795,14800000,4476,2333,1233
chr8,14800000,0.949682,0.6421,14820000,4030,2183,1161
chr8,14820000,1,0.6206,14840000,3857,2266,1106
chr8,14840000,0.930198,0.64005,14860000,4058,2034,1202
chr8,14860000,0.973843,0.66,14880000,5541,2858,1678
chr8,14880000,0.503459,0.5895,14900000,2050,983,521
chr8,14900000,0.994733,0.65725,14920000,5172,2664,1388
chr8,14920000,0.997817,0.65565,14940000,4691,2263,1411
chr8,14940000,0.663077,0.5921,14960000,2178,1149,647
chr8,14960000,0.424418,0.5341,14980000,1181,626,362
chr8,14980000,0.975342,0.6549,15000000,4279,2202,1234
chr8,15000000,0.75234,0.66255,15020000,3872,1893,1107
chr8,15020000,0.949319,0.6513,15040000,4448,2320,1373
chr8,15040000,0.972844,0.68215,15060000,5437,2757,1546
chr8,15060000,0.907021,0.6812,15080000,5202,2528,1476
chr8,15080000,0.972739,0.63435,15100000,4279,2245,1242
chr8,15100000,0.9998,0.63185,15120000,4100,2278,1104
chr8,15120000,0.975793,0.7004,15140000,5843,2889,1660
chr8,15140000,0.921334,0.6571,15160000,4510,2388,1230
chr8,15160000,0.996741,0.6484,15180000,4959,2568,1314
chr8,15180000,0.961386,0.6897,15200000,5528,2656,1505
chr8,15200000,0.762939,0.6925,15220000,3097,1575,925
chr8,15220000,0.825039,0.632,15240000,3809,1876,1040
chr8,15240000,0.653797,0.576,15260000,1895,997,659
chr8,15260000,0.996967,0.65595,15280000,4419,2194,1256
chr8,15280000,1,0.6055,15300000,3259,1804,838
chr8,15300000,0.995625,0.6361,15320000,4575,2399,1211
chr8,15320000,0.92851,0.64475,15340000,4114,2026,1185
chr8,15340000,0.943241,0.6161,15360000,3909,2090,1135
chr8,15360000,0.994447,0.64195,15380000,4766,2461,1345
chr8,15380000,0.917126,0.64555,15400000,4217,2184,1183
chr8,15400000,0.973987,0.61545,15420000,3843,2103,1100
chr8,15420000,0.991548,0.6612,15440000,4928,2622,1340
chr8,15440000,1,0.61585,15460000,3689,2076,1017
chr8,15460000,0.967153,0.68565,15480000,5306,2683,1431
chr8,15480000,0.657046,0.5581,15500000,2314,1158,701
chr8,15500000,0.99832,0.63995,15520000,4318,2360,1156
chr8,15520000,1,0.62445,15540000,4140,2295,1122
chr8,15540000,0.762892,0.64755,15560000,2950,1431,887
chr8,15560000,0.354386,0.63635,15580000,111,36,34
chr8,15580000,0.361946,0.6467,15600000,74,39,27
chr8,15600000,0.384575,0.6391,15620000,430,175,132
chr8,15620000,1,0.6627,15640000,4958,2553,1298
chr8,15640000,0.999975,0.6677,15660000,5322,2727,1553
chr8,15660000,0.971799,0.69645,15680000,5946,2807,1629
chr8,15680000,0.954858,0.64215,15700000,4388,2290,1192
chr8,15700000,0.953783,0.66945,15720000,5184,2578,1432
chr8,15720000,0.941682,0.65315,15740000,4452,2379,1358
chr8,15740000,0.987034,0.6619,15760000,5112,2690,1345
chr8,15760000,0.99615,0.6956,15780000,4913,2470,1610
chr8,15780000,0.981912,0.6563,15800000,3009,1597,1016
chr8,15800000,0.599409,0.61425,15820000,1635,790,525
chr8,15820000,0.662533,0.64835,15840000,3235,1541,888
chr8,15840000,0.910127,0.6369,15860000,3999,2235,1102
chr8,15860000,0.980513,0.6196,15880000,4947,4689,3479
chr8,15880000,0.867397,0.647,15900000,4263,2074,1218
chr8,15900000,1,0.65215,15920000,4636,2382,1265
chr8,15920000,1,0.64375,15940000,3111,1660,947
chr8,15940000,0.738368,0.6207,15960000,2497,1226,714
chr8,15960000,0.960399,0.59475,15980000,3574,1864,1083
chr8,15980000,0.928055,0.6317,16000000,4115,2094,1166
chr8,16000000,0.9992,0.6277,16020000,3850,2090,1096
chr8,16020000,0.9632,0.6223,16040000,3850,2025,1053
chr8,16040000,0.981507,0.67145,16060000,5316,2721,1404
chr8,16060000,0.937318,0.66775,16080000,4730,2333,1385
chr8,16080000,0.764321,0.66135,16100000,3496,1698,962
chr8,16100000,0.959375,0.62695,16120000,3840,2130,1063
chr8,16120000,0.92022,0.6482,16140000,4457,2159,1274
chr8,16140000,0.824924,0.61745,16160000,3291,1773,963
chr8,16160000,0.947233,0.65235,16180000,4470,2409,1289
chr8,16180000,0.985115,0.66935,16200000,4938,2500,1346
chr8,16200000,0.976572,0.6826,16220000,5176,2472,1492
chr8,16220000,0.9969,0.66985,16240000,5230,2823,1572
chr8,16240000,0.940405,0.6609,16260000,4685,2294,1308
chr8,16260000,0.993902,0.6718,16280000,5147,2604,1383
chr8,16280000,0.978454,0.63275,16300000,4549,2371,1269
chr8,16300000,0.981931,0.652,16320000,4603,2381,1284
chr8,16320000,0.977919,0.65975,16340000,4797,2309,1295
chr8,16340000,0.988883,0.6882,16360000,5482,2686,1494
chr8,16360000,0.97363,0.6426,16380000,4516,2385,1191
chr8,16380000,0.973127,0.6774,16400000,5538,2764,1741
chr8,16400000,0.92605,0.6305,16420000,3920,2070,1046
chr8,16420000,1,0.6488,16440000,5172,2704,1536
chr8,16440000,0.964945,0.65015,16460000,4428,2274,1201
chr8,16460000,0.940082,0.58615,16480000,3325,1708,1007
chr8,16480000,0.977442,0.62615,16500000,3975,2269,1076
chr8,16500000,0.9939,0.62855,16520000,4270,2302,1195
chr8,16520000,0.949943,0.6305,16540000,3805,2032,1088
chr8,16540000,0.884049,0.7123,16560000,4974,2269,1451
chr8,16560000,1,0.63805,16580000,4288,2227,1170
chr8,16580000,1,0.63235,16600000,4467,2368,1178
chr8,16600000,0.926905,0.61375,16620000,3432,1810,968
chr8,16620000,0.926612,0.53085,16640000,2509,1246,748
chr8,16640000,0.839651,0.5935,16660000,2768,1391,789
chr8,16660000,0.854993,0.68235,16680000,4506,2227,1341
chr8,16680000,0.980672,0.65645,16700000,4629,2477,1278
chr8,16700000,0.920829,0.644,16720000,3840,2120,1067
chr8,16720000,0.951152,0.66895,16740000,4803,2556,1436
chr8,16740000,0.838429,0.51955,16760000,2099,1063,583
chr8,16760000,0.999383,0.64665,16780000,4565,2501,1441
chr8,16780000,0.973135,0.68655,16800000,5489,2598,1605
chr8,16800000,0.981854,0.65585,16820000,4642,2391,1186
chr8,16820000,0.886131,0.6269,16840000,3669,1962,936
chr8,16840000,0.970533,0.615,16860000,3880,2029,1195
chr8,16860000,0.917036,0.6375,16880000,3610,2105,1216
chr8,16880000,0.955516,0.65945,16900000,4914,2286,1340
chr8,16900000,0.9961,0.64875,16920000,4581,2443,1206
chr8,16920000,0.997379,0.6239,16940000,3948,2192,1097
chr8,16940000,0.950479,0.6762,16960000,5311,2552,1489
chr8,16960000,0.961983,0.6324,16980000,4186,2130,1233
chr8,16980000,0.895358,0.6216,17000000,3931,1894,1119
chr8,17000000,0.808697,0.6877,17020000,4533,2068,1297
chr8,17020000,0.63015,0.5974,17040000,2711,1413,777
chr8,17040000,0.681254,0.62795,17060000,3082,1541,895
chr8,17060000,0.873012,0.6689,17080000,4275,2161,1261
chr8,17080000,0.897174,0.68655,17100000,8555,6050,6826
chr8,17100000,0.996052,0.63725,17120000,4484,2325,1173
chr8,17120000,0.604548,0.61975,17140000,2279,1098,630
chr8,17140000,0.978359,0.62515,17160000,4105,2296,1044
chr8,17160000,0.701982,0.56855,17180000,2527,1223,715
chr8,17180000,0.884067,0.6202,17200000,3445,1830,927
chr8,17200000,1,0.64805,17220000,4738,2402,1241
chr8,17220000,0.959359,0.6704,17240000,4871,2488,1366
chr8,17240000,0.965493,0.64575,17260000,4623,2333,1365
chr8,17260000,0.847043,0.63815,17280000,3866,1903,1126
chr8,17280000,0.777023,0.6257,17300000,3314,1847,995
chr8,17300000,0.820315,0.58665,17320000,2877,1553,865
chr8,17320000,0.834874,0.54405,17340000,2568,1425,780
chr8,17340000,0.99975,0.6845,17360000,5463,2736,1409
chr8,17360000,0.771892,0.6513,17380000,3402,1785,915
chr8,17380000,0.997787,0.6505,17400000,4791,2517,1275
chr8,17400000,0.955026,0.64735,17420000,4655,2269,1288
chr8,17420000,0.982412,0.6148,17440000,3747,1916,1116
chr8,17440000,0.970792,0.646,17460000,4646,2315,1230
chr8,17460000,0.999742,0.65205,17480000,4581,2405,1225
chr8,17480000,0.990406,0.6549,17500000,4617,2367,1404
chr8,17500000,0.938791,0.64725,17520000,4282,2185,1186
chr8,17520000,0.903027,0.65985,17540000,4239,1977,1294
chr8,17540000,0.932603,0.6695,17560000,4631,2217,1393
chr8,17560000,0.838329,0.6792,17580000,4291,2059,1223
chr8,17580000,0.88445,0.66655,17600000,4022,1997,1066
chr8,17600000,0.923789,0.6777,17620000,4936,2420,1417
chr8,17620000,0.936472,0.64255,17640000,4027,2117,1091
chr8,17640000,1,0.6546,17660000,4688,2385,1211
chr8,17660000,0.9999,0.63265,17680000,4306,2369,1178
chr8,17680000,0.980874,0.67685,17700000,4950,2528,1440
chr8,17700000,0.998142,0.6435,17720000,4477,2302,1185
chr8,17720000,0.994499,0.6601,17740000,4943,2430,1352
chr8,17740000,0.963456,0.68055,17760000,5149,2381,1457
chr8,17760000,0.995467,0.69615,17780000,5510,2655,1505
chr8,17780000,0.998825,0.63255,17800000,4139,2242,1110
chr8,17800000,0.893684,0.64285,17820000,74126,95423,69357
chr8,17820000,0.791742,0.58845,17840000,2552,1265,743
chr8,17840000,0.857949,0.6224,17860000,3083,1651,854
chr8,17860000,0.695212,0.61255,17880000,1872,1059,913
chr8,17880000,0.989933,0.6208,17900000,4301,2256,1182
chr8,17900000,0.696445,0.588,17920000,2006,1004,581
chr8,17920000,0.949543,0.64005,17940000,4110,2522,1396
chr8,17940000,0.581736,0.63125,17960000,2095,1099,604
chr8,17960000,0.843013,0.62345,17980000,3647,1880,1036
chr8,17980000,0.988385,0.64045,18000000,4254,2307,1155
chr8,18000000,0.933904,0.6425,18020000,4337,2159,1234
chr8,18020000,0.714678,0.62315,18040000,2708,1346,853
chr8,18040000,0.866797,0.65235,18060000,3467,1891,1022
chr8,18060000,0.987775,0.6461,18080000,4447,2406,1244
chr8,18080000,0.98023,0.69265,18100000,5251,2520,1469
chr8,18100000,0.999075,0.71545,18120000,5813,2705,1534
chr8,18120000,0.898243,0.67045,18140000,4396,2085,1253
chr8,18140000,0.575983,0.62405,18160000,697,367,239
chr8,18160000,0.755149,0.66085,18180000,3301,1639,946
chr8,18180000,0.771972,0.67305,18200000,3879,1927,1101
chr8,18200000,0.887913,0.68745,18220000,4788,2440,1293
chr8,18220000,0.716737,0.6188,18240000,3350,1638,981
chr8,18240000,0.980608,0.6268,18260000,4011,2138,1047
chr8,18260000,0.982393,0.67205,18280000,5078,2579,1369
chr8,18280000,0.875416,0.71935,18300000,5594,2608,1624
chr8,18300000,0.994936,0.6213,18320000,3940,2175,1093
chr8,18320000,0.991957,0.65875,18340000,4904,2428,1328
chr8,18340000,0.974457,0.64865,18360000,4431,2364,1146
chr8,18360000,0.992034,0.7104,18380000,6067,2972,1680
chr8,18380000,0.461877,0.61025,18400000,1548,776,465
chr8,18400000,0.705647,0.61165,18420000,2587,1333,726
chr8,18420000,0.978902,0.65885,18440000,4750,2536,1383
chr8,18440000,0.922749,0.6821,18460000,4677,2323,1344
chr8,18460000,0.874397,0.64625,18480000,3297,1746,989
chr8,18480000,0.809947,0.64015,18500000,3649,2432,1260
chr8,18500000,0.933229,0.6618,18520000,4029,2070,1130
chr8,18520000,0.732428,0.67055,18540000,3052,1522,934
chr8,18540000,0.982974,0.65455,18560000,4782,2570,1286
chr8,18560000,0.961541,0.64605,18580000,4131,2215,1174
chr8,18580000,0.98555,0.6576,18600000,4977,2573,1395
chr8,18600000,0.951567,0.64,18620000,4199,2332,1186
chr8,18620000,0.941351,0.6655,18640000,4396,2235,1231
chr8,18640000,0.988873,0.67345,18660000,5304,2669,1400
chr8,18660000,0.979203,0.67875,18680000,5074,2480,1413
chr8,18680000,0.990515,0.6813,18700000,5212,2573,1532
chr8,18700000,0.867019,0.63415,18720000,3687,1970,1168
chr8,18720000,0.992313,0.65205,18740000,4577,2444,1288
chr8,18740000,0.738813,0.64335,18760000,2282,1138,618
chr8,18760000,0.8938,0.6537,18780000,4251,2047,1121
chr8,18780000,0.990796,0.6992,18800000,5851,2688,1650
chr8,18800000,0.9983,0.64255,18820000,4469,2402,1235
chr8,18820000,0.893735,0.64585,18840000,4103,2148,1202
chr8,18840000,0.908222,0.60665,18860000,3761,1843,1071
chr8,18860000,0.917723,0.6262,18880000,3730,994,1067
chr8,18880000,0.938899,0.6671,18900000,4637,1302,1578
chr8,18900000,0.938779,0.6752,18920000,4788,1261,1419
chr8,18920000,0.607972,0.5023,18940000,1315,364,432
chr8,18940000,0.987115,0.6683,18960000,5027,1279,1460
chr8,18960000,0.9673,0.6209,18980000,3774,1143,1067
chr8,18980000,0.944263,0.6948,19000000,5450,1311,1444
chr8,19000000,0.954295,0.71525,19020000,5701,1315,1618
chr8,19020000,0.926218,0.65455,19040000,4096,1049,1139
chr8,19040000,0.9988,0.6426,19060000,4244,1152,1193
chr8,19060000,0.968388,0.65925,19080000,4522,1142,1261
chr8,19080000,0.984457,0.65455,19100000,4607,1281,1362
chr8,19100000,0.963674,0.6679,19120000,4194,1033,1220
chr8,19120000,0.995354,0.6458,19140000,4385,2075,1844
chr8,19140000,0.980035,0.67015,19160000,5027,1326,1346
chr8,19160000,1,0.68475,19180000,5303,1449,2516
chr8,19180000,0.791174,0.6121,19200000,3342,823,1965
chr8,19200000,0.887251,0.65395,19220000,4230,1109,2196
chr8,19220000,0.952965,0.66315,19240000,4487,1378,2605
chr8,19240000,0.985926,0.6621,19260000,4634,1251,2492
chr8,19260000,0.911883,0.6299,19280000,3472,962,1889
chr8,19280000,0.965528,0.6996,19300000,5274,1318,2987
chr8,19300000,0.835737,0.62025,19320000,3207,792,1789
chr8,19320000,0.748923,0.614,19340000,2799,730,1472
chr8,19340000,0.937294,0.6787,19360000,4883,1261,2631
chr8,19360000,0.948973,0.63805,19380000,4282,1111,2368
chr8,19380000,1,0.64275,19400000,4455,1210,2345
chr8,19400000,0.990437,0.61975,19420000,3934,1042,2157
chr8,19420000,0.935596,0.62645,19440000,3846,1062,2000
chr8,19440000,0.657923,0.60135,19460000,2077,560,1282
chr8,19460000,0.918135,0.62705,19480000,3744,1044,2119
chr8,19480000,0.988954,0.65535,19500000,4764,1239,2727
chr8,19500000,0.992609,0.6342,19520000,3779,943,2019
chr8,19520000,0.914582,0.66725,19540000,2533,707,1313
chr8,19540000,0.971257,0.6405,19560000,3550,1014,1862
chr8,19560000,0.997325,0.61925,19580000,3019,841,1652
chr8,19580000,0.998487,0.63665,19600000,3768,1025,1961
chr8,19600000,0.9861,0.656,19620000,2939,868,1551
chr8,19620000,0.98685,0.61995,19640000,2748,725,1422
chr8,19640000,0.909101,0.6511,19660000,2559,637,1453
chr8,19660000,1,0.61085,19680000,3404,873,1810
chr8,19680000,0.912193,0.62485,19700000,3495,942,1898
chr8,19700000,0.996225,0.63955,19720000,4021,1096,2173
chr8,19720000,0.986845,0.63915,19740000,3662,982,2010
chr8,19740000,0.999075,0.66425,19760000,3232,835,1740
chr8,19760000,0.969078,0.64455,19780000,4290,1069,2428
chr8,19780000,1,0.6083,19800000,3509,1008,1972
chr8,19800000,0.883111,0.6612,19820000,3400,986,1749
chr8,19820000,0.799286,0.656,19840000,2221,619,1116
chr8,19840000,0.685601,0.627,19860000,2078,656,1206
chr8,19860000,1,0.62145,19880000,3742,1070,1929
chr8,19880000,0.879291,0.66885,19900000,3024,780,1648
chr8,19900000,0.952823,0.6744,19920000,3482,933,1804
chr8,19920000,1,0.6487,19940000,4269,1150,2313
chr8,19940000,0.840333,0.62295,19960000,3180,836,1756
chr8,19960000,0.933014,0.60565,19980000,3590,927,2132
chr8,19980000,0.810488,0.66045,20000000,3013,725,1648
chr8,20000000,0.845625,0.6143,20020000,2565,689,1380
chr8,20020000,0.982443,0.66015,20040000,4051,1091,2359
chr8,20040000,0.952864,0.66295,20060000,4190,1028,2301
chr8,20060000,0.629926,0.57155,20080000,1884,455,1095
chr8,20080000,0.65585,0.57625,20100000,1656,385,881
chr8,20100000,0.970197,0.6957,20120000,3134,789,1711
chr8,20120000,0.941367,0.65205,20140000,3797,990,2123
chr8,20140000,0.972427,0.6501,20160000,4409,1156,2471
chr8,20160000,1,0.63745,20180000,4284,1187,2242
chr8,20180000,0.981786,0.6424,20200000,4146,1076,2419
chr8,20200000,0.907893,0.6673,20220000,4649,1181,2702
chr8,20220000,0.991704,0.65855,20240000,4878,1248,2778
chr8,20240000,0.958904,0.64255,20260000,4195,1167,2494
chr8,20260000,0.986335,0.62025,20280000,4240,1131,2354
chr8,20280000,1,0.6443,20300000,3750,1007,1959
chr8,20300000,0.905421,0.6301,20320000,3256,888,2331
chr8,20320000,0.894805,0.6192,20340000,2759,720,2301
chr8,20340000,0.850374,0.63265,20360000,2460,716,1967
chr8,20360000,0.650195,0.5862,20380000,1773,514,1493
chr8,20380000,0.877892,0.62195,20400000,2018,573,1632
chr8,20400000,0.998175,0.6558,20420000,3946,1232,3214
chr8,20420000,0.928277,0.56415,20440000,1972,704,1630
chr8,20440000,0.850255,0.5701,20460000,966,359,840
chr8,20460000,0.962428,0.65325,20480000,1664,475,1375
chr8,20480000,1,0.65215,20500000,4276,1140,3592
chr8,20500000,0.750974,0.64765,20520000,2521,679,2160
chr8,20520000,0.644107,0.6427,20540000,1757,436,1530
chr8,20540000,0.9058,0.626,20560000,3336,795,2916
chr8,20560000,0.921851,0.645,20580000,3537,957,3098
chr8,20580000,0.922346,0.57175,20600000,3247,953,2809
chr8,20600000,0.995136,0.65385,20620000,4696,1252,3768
chr8,20620000,0.94545,0.62855,20640000,3581,1041,2939
chr8,20640000,0.999125,0.6327,20660000,4223,1228,3370
chr8,20660000,1,0.62135,20680000,4035,1139,3111
chr8,20680000,0.99685,0.66435,20700000,4922,1302,3995
chr8,20700000,0.995901,0.6734,20720000,5148,1351,4064
chr8,20720000,0.996925,0.685,20740000,5517,1397,4321
chr8,20740000,0.995408,0.6588,20760000,4694,1252,4014
chr8,20760000,0.916602,0.6544,20780000,4247,1148,3407
chr8,20780000,0.96641,0.6411,20800000,4418,1155,3501
chr8,20800000,0.85197,0.61225,20820000,3288,785,2950
chr8,20820000,0.999875,0.64825,20840000,4893,1278,3850
chr8,20840000,0.962214,0.6781,20860000,5134,1297,4186
chr8,20860000,0.724458,0.66595,20880000,3547,893,3106
chr8,20880000,0.986643,0.6424,20900000,4337,1097,3410
chr8,20900000,0.9728,0.599,20920000,3877,933,3161
chr8,20920000,1,0.65225,20940000,4678,1191,3711
chr8,20940000,1,0.6362,20960000,3906,1075,3125
chr8,20960000,0.996329,0.67945,20980000,5280,1299,4408
chr8,20980000,1,0.65275,21000000,4579,1143,3697
chr8,21000000,0.987675,0.6657,21020000,4875,1207,3785
chr8,21020000,0.895367,0.61695,21040000,3745,854,3101
chr8,21040000,1,0.63465,21060000,4638,1187,3799
chr8,21060000,0.903153,0.6496,21080000,3462,831,2953
chr8,21080000,0.951055,0.6545,21100000,4467,1206,3556
chr8,21100000,0.50896,0.6647,21120000,1559,450,1383
chr8,21120000,0.916165,0.65885,21140000,3977,1043,3404
chr8,21140000,0.997128,0.6738,21160000,5098,1267,4074
chr8,21160000,0.989683,0.64835,21180000,4699,1238,3851
chr8,21180000,0.973451,0.67015,21200000,4960,1277,4032
chr8,21200000,0.911557,0.6373,21220000,3896,970,3345
chr8,21220000,0.872109,0.66135,21240000,3804,967,3239
chr8,21240000,0.970352,0.6974,21260000,5421,1255,4441
chr8,21260000,0.994733,0.6221,21280000,4164,1271,3269
chr8,21280000,0.98574,0.6569,21300000,4748,1187,3684
chr8,21300000,0.990809,0.6619,21320000,4709,1179,3868
chr8,21320000,0.980395,0.6793,21340000,5062,1251,4146
chr8,21340000,0.988811,0.6552,21360000,4877,1152,3917
chr8,21360000,0.993955,0.66005,21380000,4976,1217,3963
chr8,21380000,0.952431,0.65485,21400000,4532,1176,3620
chr8,21400000,0.804046,0.57065,21420000,2783,674,2356
chr8,21420000,0.875052,0.66125,21440000,4119,948,3263
chr8,21440000,1,0.6078,21460000,3642,1031,2852
chr8,21460000,0.935553,0.64555,21480000,4028,966,3568
chr8,21480000,0.98965,0.6084,21500000,3266,886,2661
chr8,21500000,0.813325,0.57755,21520000,2611,640,2251
chr8,21520000,0.992229,0.5742,21540000,2893,866,2456
chr8,21540000,0.901637,0.62065,21560000,3179,898,2657
chr8,21560000,1,0.59555,21580000,3599,1042,2718
chr8,21580000,0.988746,0.60735,21600000,3752,1021,2952
chr8,21600000,1,0.5969,21620000,3488,1001,2877
chr8,21620000,0.993225,0.61435,21640000,3873,1041,3192
chr8,21640000,0.971274,0.67485,21660000,4142,1032,3691
chr8,21660000,0.867857,0.6616,21680000,3596,994,3207
chr8,21680000,0.9962,0.6338,21700000,4102,1060,3332
chr8,21700000,0.982855,0.59035,21720000,2989,884,2535
chr8,21720000,0.926859,0.61395,21740000,3501,945,2902
chr8,21740000,0.931376,0.6295,21760000,3984,1083,3264
chr8,21760000,0.998925,0.6231,21780000,4147,1149,3520
chr8,21780000,0.986375,0.6277,21800000,4239,1123,3449
chr8,21800000,0.979077,0.6416,21820000,4417,1139,3428
chr8,21820000,0.960367,0.6145,21840000,3650,941,2969
chr8,21840000,0.993083,0.62445,21860000,3942,1077,3189
chr8,21860000,0.763754,0.59305,21880000,2407,565,2118
chr8,21880000,0.846879,0.6092,21900000,2952,730,2487
chr8,21900000,0.5083,0.64315,21920000,186,56,224
chr8,21920000,0.566348,0.58845,21940000,1567,378,1448
chr8,21940000,0.977962,0.6549,21960000,4433,1118,3543
chr8,21960000,0.922136,0.68725,21980000,4724,1163,3914
chr8,21980000,0.967525,0.5982,22000000,3439,1065,3019
chr8,22000000,0.874208,0.6447,22020000,3429,930,2797
chr8,22020000,1,0.62535,22040000,3915,1063,3142
chr8,22040000,0.932293,0.6208,22060000,3673,1014,3091
chr8,22060000,0.991188,0.6633,22080000,4772,1196,3872
chr8,22080000,0.995844,0.6388,22100000,4342,1110,3529
chr8,22100000,1,0.6156,22120000,3855,1117,3000
chr8,22120000,0.97295,0.61935,22140000,4004,1063,3139
chr8,22140000,0.888532,0.64565,22160000,3693,927,2904
chr8,22160000,0.742196,0.6187,22180000,3011,732,2543
chr8,22180000,0.69051,0.64055,22200000,3273,783,2820
chr8,22200000,0.827074,0.597,22220000,3012,772,2817
chr8,22220000,0.918452,0.6675,22240000,4287,1081,3607
chr8,22240000,0.991501,0.67435,22260000,4789,1248,3967
chr8,22260000,0.955128,0.6813,22280000,4779,1179,4021
chr8,22280000,0.926452,0.6484,22300000,3976,1030,3422
chr8,22300000,0.999725,0.63285,22320000,4288,1115,3415
chr8,22320000,0.998975,0.6612,22340000,4986,1336,4058
chr8,22340000,0.92474,0.62535,22360000,3717,892,3047
chr8,22360000,0.991678,0.61855,22380000,3833,1054,3153
chr8,22380000,0.9988,0.6345,22400000,4089,1173,3126
chr8,22400000,0.9991,0.6251,22420000,4158,1128,3300
chr8,22420000,0.996697,0.6465,22440000,4409,1174,3545
chr8,22440000,0.948834,0.6763,22460000,4628,1166,3810
chr8,22460000,0.994563,0.64915,22480000,4666,1224,3904
chr8,22480000,0.984393,0.6652,22500000,4817,1272,3950
chr8,22500000,0.842711,0.63045,22520000,3381,882,2793
chr8,22520000,0.75848,0.6318,22540000,2614,605,2320
chr8,22540000,0.944047,0.65055,22560000,3997,1017,3263
chr8,22560000,0.950425,0.6811,22580000,4901,1209,4055
chr8,22580000,1,0.6337,22600000,3787,1010,3135
chr8,22600000,0.9718,0.6328,22620000,3976,988,3234
chr8,22620000,0.99562,0.62965,22640000,4351,1161,3362
chr8,22640000,0.977125,0.6216,22660000,3676,1040,3174
chr8,22660000,0.989129,0.66,22680000,4934,1185,4040
chr8,22680000,0.987233,0.64585,22700000,4500,1148,3543
chr8,22700000,1,0.60775,22720000,3281,951,2724
chr8,22720000,0.990208,0.64635,22740000,4453,1108,3425
chr8,22740000,0.99569,0.6571,22760000,4545,1150,3731
chr8,22760000,0.958743,0.66365,22780000,4774,1156,3793
chr8,22780000,0.977827,0.6453,22800000,4275,1103,3517
chr8,22800000,0.91995,0.63335,22820000,3623,931,2932
chr8,22820000,1,0.64665,22840000,4468,1152,3280
chr8,22840000,0.993333,0.6749,22860000,5328,1321,4385
chr8,22860000,0.997275,0.62965,22880000,3931,936,3077
chr8,22880000,1,0.64845,22900000,4536,1109,3548
chr8,22900000,1,0.64575,22920000,4616,1357,3541
chr8,22920000,0.922665,0.66135,22940000,4463,1105,3593
chr8,22940000,0.857782,0.66995,22960000,3908,926,3284
chr8,22960000,0.97549,0.64965,22980000,4338,1061,3551
chr8,22980000,0.946087,0.61995,23000000,4172,1069,3401
chr8,23000000,0.917451,0.63425,23020000,4127,980,3266
chr8,23020000,0.973264,0.62715,23040000,3987,1063,3159
chr8,23040000,0.99935,0.6228,23060000,4195,1024,3604
chr8,23060000,1,0.6453,23080000,4521,1142,3636
chr8,23080000,0.968124,0.6091,23100000,3589,1005,2840
chr8,23100000,0.846811,0.6424,23120000,3230,823,2714
chr8,23120000,0.976038,0.6434,23140000,3885,1000,3248
chr8,23140000,0.979282,0.6493,23160000,4581,1228,3697
chr8,23160000,1,0.6185,23180000,3733,1167,2979
chr8,23180000,0.970708,0.6739,23200000,4784,1154,4155
chr8,23200000,0.878919,0.6262,23220000,3435,865,2887
chr8,23220000,0.909375,0.6439,23240000,4058,1004,3509
chr8,23240000,0.995225,0.60755,23260000,3515,1000,2914
chr8,23260000,0.989142,0.68575,23280000,5505,1390,4352
chr8,23280000,0.98755,0.67115,23300000,4905,1200,3929
chr8,23300000,0.940632,0.64275,23320000,4141,1075,3557
chr8,23320000,0.914139,0.63435,23340000,3766,972,3158
chr8,23340000,1,0.61955,23360000,3862,1046,3013
chr8,23360000,0.972366,0.6724,23380000,4826,1237,3967
chr8,23380000,0.671424,0.6366,23400000,2484,691,2033
chr8,23400000,0.554687,0.63865,23420000,650,250,651
chr8,23420000,0.57906,0.6361,23440000,1111,1409,1381
chr8,23440000,0.98905,0.61855,23460000,3894,2120,3503
chr8,23460000,0.830848,0.61725,23480000,2612,705,2123
chr8,23480000,0.377045,0.65525,23500000,283,82,296
chr8,23500000,0.895375,0.6484,23520000,3768,981,3056
chr8,23520000,0.996025,0.62795,23540000,4281,1128,3361
chr8,23540000,0.9992,0.6302,23560000,3915,1183,3163
chr8,23560000,0.956125,0.6378,23580000,3850,1066,3368
chr8,23580000,0.99612,0.6539,23600000,4587,1192,3847
chr8,23600000,1,0.6392,23620000,4559,1249,3584
chr8,23620000,0.987633,0.678,23640000,4737,1252,3934
chr8,23640000,0.938054,0.66685,23660000,4580,1110,3612
chr8,23660000,0.990277,0.68495,23680000,5347,1285,4276
chr8,23680000,0.996426,0.6263,23700000,4086,1173,3277
chr8,23700000,0.969125,0.65465,23720000,4475,1156,3673
chr8,23720000,1,0.62725,23740000,3987,1136,3202
chr8,23740000,0.935162,0.6691,23760000,4341,1080,3639
chr8,23760000,1,0.64,23780000,4328,1067,3520
chr8,23780000,0.982309,0.6664,23800000,4958,1233,3925
chr8,23800000,0.992832,0.6768,23820000,5026,1298,3997
chr8,23820000,0.934879,0.63095,23840000,3698,1053,2865
chr8,23840000,0.9635,0.62485,23860000,3419,945,2909
chr8,23860000,0.823707,0.64255,23880000,3051,829,2573
chr8,23880000,0.955505,0.63145,23900000,4018,1106,3175
chr8,23900000,0.797192,0.5993,23920000,3460,833,2632
chr8,23920000,0.991201,0.63435,23940000,4148,1071,3280
chr8,23940000,0.998417,0.6616,23960000,4851,1179,3840
chr8,23960000,0.920004,0.6572,23980000,4132,1591,3525
chr8,23980000,0.98284,0.65695,24000000,4486,2343,3700
chr8,24000000,0.977108,0.66695,24020000,4752,2290,3848
chr8,24020000,0.9908,0.63255,24040000,3662,1923,2868
chr8,24040000,0.943503,0.6309,24060000,3749,1894,3186
chr8,24060000,0.99064,0.6629,24080000,4583,2272,3963
chr8,24080000,1,0.66455,24100000,4746,2432,3923
chr8,24100000,0.897379,0.64645,24120000,3954,2023,3284
chr8,24120000,0.87231,0.5993,24140000,3304,1851,2727
chr8,24140000,0.651687,0.60025,24160000,3184,1465,2659
chr8,24160000,0.987477,0.6754,24180000,5260,2649,4030
chr8,24180000,0.981208,0.6496,24200000,4170,2154,3334
chr8,24200000,0.909795,0.65365,24220000,4441,2279,3401
chr8,24220000,0.927862,0.62095,24240000,3783,1879,3089
chr8,24240000,1,0.6362,24260000,4192,2180,3229
chr8,24260000,0.832562,0.6281,24280000,3783,1719,3210
chr8,24280000,0.98101,0.61975,24300000,3732,1940,2969
chr8,24300000,0.987236,0.60345,24320000,3691,1952,3112
chr8,24320000,0.987303,0.63625,24340000,4268,2286,3590
chr8,24340000,0.941483,0.64565,24360000,4138,1993,3457
chr8,24360000,1,0.6522,24380000,4576,2224,3717
chr8,24380000,0.98085,0.62825,24400000,3874,2016,3174
chr8,24400000,0.983981,0.62435,24420000,3983,2075,3232
chr8,24420000,0.971765,0.6521,24440000,4237,2156,3556
chr8,24440000,1,0.64365,24460000,3354,1818,2724
chr8,24460000,0.950921,0.62445,24480000,3357,1656,2866
chr8,24480000,0.938653,0.6151,24500000,3448,1787,2821
chr8,24500000,0.99775,0.61985,24520000,3798,2313,3182
chr8,24520000,0.989377,0.63565,24540000,2881,1468,2451
chr8,24540000,1,0.6225,24560000,3765,1966,2936
chr8,24560000,0.804128,0.6145,24580000,3390,1849,2978
chr8,24580000,0.911847,0.6206,24600000,2814,1511,2466
chr8,24600000,1,0.6195,24620000,3262,1777,2552
chr8,24620000,0.997412,0.65035,24640000,4613,2273,3801
chr8,24640000,0.99585,0.62595,24660000,4082,2039,3338
chr8,24660000,0.904232,0.664,24680000,4385,2189,3632
chr8,24680000,1,0.6509,24700000,4619,2340,3548
chr8,24700000,1,0.6199,24720000,3973,2014,3088
chr8,24720000,0.992815,0.62255,24740000,4198,2266,3434
chr8,24740000,0.835385,0.64755,24760000,3560,1718,3101
chr8,24760000,0.892575,0.6321,24780000,3526,1755,2929
chr8,24780000,0.983561,0.63095,24800000,4013,2147,3371
chr8,24800000,0.964114,0.59525,24820000,3068,1672,2464
chr8,24820000,0.792108,0.65585,24840000,3362,1701,2836
chr8,24840000,0.996477,0.631,24860000,4031,2066,3267
chr8,24860000,0.990404,0.6224,24880000,3712,2098,3065
chr8,24880000,0.978575,0.6614,24900000,4794,2311,3986
chr8,24900000,0.973862,0.63755,24920000,4248,2247,3486
chr8,24920000,0.946762,0.65155,24940000,65911,66845,74702
chr8,24940000,0.8851,0.66315,24960000,3833,1905,3179
chr8,24960000,0.783192,0.63615,24980000,2430,1164,1973
chr8,24980000,0.98687,0.62665,25000000,4045,2185,3249
chr8,25000000,0.992975,0.66385,25020000,4866,2318,3870
chr8,25020000,0.928066,0.5726,25040000,3147,1540,2637
chr8,25040000,1,0.67025,25060000,4993,2447,4137
chr8,25060000,0.996646,0.6619,25080000,4728,2286,3950
chr8,25080000,0.991097,0.6538,25100000,4656,2317,3637
chr8,25100000,0.948602,0.6326,25120000,4046,2036,3259
chr8,25120000,0.765968,0.62625,25140000,3230,1623,2668
chr8,25140000,1,0.6353,25160000,4400,2305,3579
chr8,25160000,1,0.6194,25180000,3611,2079,2890
chr8,25180000,0.88135,0.64885,25200000,3778,1906,3106
chr8,25200000,0.997325,0.64585,25220000,4010,2023,3094
chr8,25220000,0.9978,0.669,25240000,5077,2456,4020
chr8,25240000,0.806608,0.6638,25260000,3088,1669,2691
chr8,25260000,0.991911,0.6693,25280000,5056,2416,4151
chr8,25280000,0.992975,0.6597,25300000,4662,2373,3679
chr8,25300000,0.988267,0.6248,25320000,3940,2096,3163
chr8,25320000,0.987857,0.68745,25340000,5716,2624,4344
chr8,25340000,0.872393,0.65105,25360000,3906,2046,3296
chr8,25360000,0.996396,0.6624,25380000,5099,2487,4074
chr8,25380000,0.99728,0.64575,25400000,2731,1427,2647
chr8,25400000,0.934915,0.64265,25420000,2019,1038,2326
chr8,25420000,0.946125,0.635,25440000,2039,1010,2374
chr8,25440000,0.999829,0.6048,25460000,1989,1063,2204
chr8,25460000,0.972492,0.67,25480000,2577,1215,2750
chr8,25480000,0.986567,0.6632,25500000,2241,1161,2460
chr8,25500000,0.994678,0.67775,25520000,2739,1219,2705
chr8,25520000,0.969025,0.6617,25540000,2437,1236,2591
chr8,25540000,0.936267,0.63065,25560000,2068,1473,2282
chr8,25560000,0.9928,0.63185,25580000,3837,4585,3622
chr8,25580000,0.95915,0.63445,25600000,2033,1354,2168
chr8,25600000,0.964992,0.6481,25620000,2248,1083,2393
chr8,25620000,0.997801,0.6314,25640000,2081,1079,2156
chr8,25640000,1,0.6489,25660000,2446,1165,2370
chr8,25660000,1,0.64355,25680000,2209,1174,2337
chr8,25680000,1,0.65355,25700000,2305,1204,2529
chr8,25700000,0.98654,0.6413,25720000,2271,1135,2435
chr8,25720000,0.979717,0.63585,25740000,2078,1088,2231
chr8,25740000,0.998742,0.64515,25760000,2270,1131,2320
chr8,25760000,0.911337,0.6362,25780000,1808,926,2019
chr8,25780000,0.834649,0.64235,25800000,1595,837,1898
chr8,25800000,0.937565,0.67695,25820000,2338,1194,2643
chr8,25820000,0.997005,0.64305,25840000,2165,1096,2182
chr8,25840000,0.990854,0.651,25860000,2393,1238,2661
chr8,25860000,0.98254,0.6482,25880000,2280,1118,2626
chr8,25880000,0.813451,0.63045,25900000,1655,787,2047
chr8,25900000,0.961208,0.608,25920000,2013,1040,2034
chr8,25920000,0.967023,0.66565,25940000,2324,1162,2603
chr8,25940000,0.982522,0.6582,25960000,2832,1340,2882
chr8,25960000,0.995525,0.61825,25980000,2140,1046,2251
chr8,25980000,0.830836,0.63845,26000000,1768,919,2068
chr8,26000000,0.918883,0.638,26020000,1937,992,2146
chr8,26020000,0.999817,0.63985,26040000,2301,1232,2440
chr8,26040000,0.998733,0.6113,26060000,1989,1068,2140
chr8,26060000,0.807773,0.6454,26080000,1959,982,2183
chr8,26080000,0.99355,0.62855,26100000,2642,1341,2719
chr8,26100000,0.950768,0.62945,26120000,1848,1011,2140
chr8,26120000,0.970885,0.6744,26140000,2489,1282,2670
chr8,26140000,0.9989,0.5956,26160000,1876,918,1923
chr8,26160000,0.999033,0.68805,26180000,2663,1290,2842
chr8,26180000,0.9942,0.64965,26200000,2305,1163,2540
chr8,26200000,0.942439,0.64405,26220000,2105,1012,2250
chr8,26220000,0.99945,0.6575,26240000,2862,1943,2918
chr8,26240000,0.996771,0.65185,26260000,2266,1163,2479
chr8,26260000,0.995525,0.6492,26280000,1754,919,1926
chr8,26280000,0.999125,0.6203,26300000,1938,1119,2037
chr8,26300000,0.963092,0.6502,26320000,2238,1231,2452
chr8,26320000,1,0.6132,26340000,1991,1071,2039
chr8,26340000,0.996322,0.6382,26360000,2089,1113,2473
chr8,26360000,0.996012,0.63365,26380000,2294,1295,2485
chr8,26380000,1,0.6352,26400000,2280,1176,2397
chr8,26400000,0.998967,0.61335,26420000,1836,991,2026
chr8,26420000,0.98082,0.60075,26440000,1888,994,2098
chr8,26440000,1,0.58835,26460000,1643,958,1736
chr8,26460000,1,0.5872,26480000,1722,908,1849
chr8,26480000,1,0.5865,26500000,1713,999,1687
chr8,26500000,1,0.5941,26520000,1642,934,1835
