chr,start,mappability,gc_content,end,LL_RS2L_G1_1,LL_RS2L_G1_2,LL_RS2L_G1_3
chr1,0,0.78986,0.5989,10000,706,393,881
chr1,10000,0.986417,0.5805,20000,858,499,907
chr1,20000,0.971304,0.6476,30000,1089,608,1167
chr1,30000,0.99915,0.6216,40000,1036,546,1051
chr1,40000,1,0.5754,50000,787,447,796
chr1,50000,1,0.6213,60000,1014,502,1062
chr1,60000,1,0.6167,70000,874,421,935
chr1,70000,1,0.611,80000,908,454,863
chr1,80000,0.799917,0.6258,90000,418,213,208
chr1,90000,0.909317,0.5892,100000,660,326,339
chr1,100000,0.9271,0.6102,110000,691,437,472
chr1,110000,0.99005,0.6599,120000,1246,692,795
chr1,120000,0.93535,0.6069,130000,1041,925,914
chr1,130000,1,0.622,140000,884,492,497
chr1,140000,0.773111,0.5367,150000,452,284,291
chr1,150000,0.43843,0.5658,160000,314,165,209
chr1,160000,0.882964,0.5679,170000,566,308,307
chr1,170000,1,0.5908,180000,810,415,431
chr1,180000,0.9721,0.641,190000,996,522,562
chr1,190000,0.949099,0.6041,200000,821,420,427
chr1,200000,1,0.6197,210000,884,447,497
chr1,210000,1,0.6084,220000,855,485,417
chr1,220000,1,0.6053,230000,723,394,431
chr1,230000,1,0.5937,240000,824,448,407
chr1,240000,0.97135,0.6578,250000,1151,613,621
chr1,250000,1,0.652,260000,1092,537,593
chr1,260000,1,0.6336,270000,1077,611,554
chr1,270000,0.71369,0.6032,280000,598,296,302
chr1,280000,0.95447,0.6206,290000,891,499,463
chr1,290000,0.99955,0.6492,300000,1241,616,666
chr1,300000,1,0.6495,310000,1071,582,574
chr1,310000,1,0.6371,320000,1315,804,780
chr1,320000,0.96695,0.6244,330000,1000,558,569
chr1,330000,1,0.6327,340000,1104,533,601
chr1,340000,1,0.6569,350000,1193,608,672
chr1,350000,1,0.6455,360000,1169,617,589
chr1,360000,1,0.6213,370000,994,515,497
chr1,370000,0.992283,0.6442,380000,1083,611,663
chr1,380000,1,0.6154,390000,1041,582,532
chr1,390000,0.98956,0.6535,400000,1149,563,600
chr1,400000,1,0.6405,410000,1175,576,675
chr1,410000,1,0.6226,420000,947,489,572
chr1,420000,1,0.6088,430000,996,575,496
chr1,430000,0.958094,0.6642,440000,1144,613,700
chr1,440000,1,0.6435,450000,1106,624,558
chr1,450000,1,0.6104,460000,923,554,513
chr1,460000,0.952875,0.6797,470000,1271,599,688
chr1,470000,0.9999,0.6622,480000,1235,613,703
chr1,480000,1,0.6616,490000,1205,628,666
chr1,490000,1,0.637,500000,1047,520,552
chr1,500000,0.98635,0.6664,510000,1243,653,693
chr1,510000,0.9928,0.6792,520000,1302,665,738
chr1,520000,1,0.6244,530000,916,493,473
chr1,530000,1,0.6429,540000,1080,615,617
chr1,540000,1,0.6681,550000,1189,639,678
chr1,550000,0.9878,0.6833,560000,1252,622,699
chr1,560000,1,0.6641,570000,1231,639,639
chr1,570000,1,0.607,580000,877,494,475
chr1,580000,1,0.6331,590000,516,11,3
chr1,590000,0.99765,0.6897,600000,904,220,175
chr1,600000,1,0.6479,610000,561,6,1
chr1,610000,1,0.6464,620000,561,6,3
chr1,620000,0.925652,0.671,630000,581,4,2
chr1,630000,0.9978,0.6599,640000,573,16,1
chr1,640000,0.971,0.681,650000,669,54,41
chr1,650000,1,0.6413,660000,577,9,7
chr1,660000,1,0.6956,670000,679,8,3
chr1,670000,0.9994,0.6922,680000,677,19,11
chr1,680000,0.98055,0.6394,690000,548,14,4
chr1,690000,0.98575,0.5951,700000,480,58,36
chr1,700000,0.984752,0.6495,710000,555,9,2
chr1,710000,1,0.6644,720000,592,1,2
chr1,720000,0.913106,0.6543,730000,561,20,21
chr1,730000,0.89228,0.6165,740000,418,1,2
chr1,740000,1,0.6121,750000,467,12,4
chr1,750000,0.940875,0.6502,760000,501,11,2
chr1,760000,0.990533,0.6354,770000,559,26,13
chr1,770000,1,0.6139,780000,453,12,5
chr1,780000,1,0.6519,790000,594,10,4
chr1,790000,0.9966,0.6332,800000,557,5,0
chr1,800000,1,0.6265,810000,580,13,6
chr1,810000,1,0.6288,820000,510,6,3
chr1,820000,0.9955,0.6632,830000,689,118,102
chr1,830000,1,0.6377,840000,513,8,7
chr1,840000,1,0.6341,850000,790,169,156
chr1,850000,0.9995,0.6381,860000,938,692,446
chr1,860000,1,0.6364,870000,353,37,21
chr1,870000,1,0.6213,880000,415,4,2
chr1,880000,0.991429,0.6589,890000,514,11,8
chr1,890000,1,0.6165,900000,459,3,2
chr1,900000,1,0.5975,910000,370,2,0
chr1,910000,0.831819,0.6047,920000,287,3,4
chr1,920000,0.917767,0.663,930000,526,9,3
chr1,930000,0.9954,0.6275,940000,524,10,3
chr1,940000,0.987687,0.6336,950000,527,11,7
chr1,950000,1,0.6295,960000,491,9,5
chr1,960000,1,0.6345,970000,546,5,3
chr1,970000,1,0.6754,980000,563,14,5
chr1,980000,0.960333,0.6607,990000,590,18,6
chr1,990000,0.9876,0.6129,1000000,458,32,17
chr1,1000000,0.944917,0.6452,1010000,537,66,25
chr1,1010000,1,0.6349,1020000,538,107,49
chr1,1020000,1,0.6038,1030000,425,13,7
chr1,1030000,1,0.6043,1040000,464,10,3
chr1,1040000,1,0.5974,1050000,440,6,5
chr1,1050000,1,0.6227,1060000,496,1,2
chr1,1060000,1,0.6434,1070000,570,10,6
chr1,1070000,0.9979,0.6562,1080000,649,14,3
chr1,1080000,0.9119,0.5955,1090000,376,86,21
chr1,1090000,1,0.5899,1100000,448,11,1
chr1,1100000,1,0.6414,1110000,622,80,107
chr1,1110000,1,0.6538,1120000,541,8,4
chr1,1120000,0.979274,0.6735,1130000,1276,696,695
chr1,1130000,0.91455,0.7227,1140000,680,14,4
chr1,1140000,1,0.65,1150000,539,9,8
chr1,1150000,0.863165,0.6378,1160000,431,10,1
chr1,1160000,0.76179,0.6585,1170000,409,9,5
chr1,1170000,1,0.6334,1180000,509,6,1
chr1,1180000,1,0.617,1190000,449,6,7
chr1,1190000,1,0.6482,1200000,564,9,2
chr1,1200000,0.858232,0.6287,1210000,461,6,2
chr1,1210000,0.9983,0.6179,1220000,485,5,2
chr1,1220000,0.9973,0.6729,1230000,632,24,3
chr1,1230000,0.96855,0.7893,1240000,1074,11,5
chr1,1240000,0.999467,0.6617,1250000,574,8,4
chr1,1250000,0.9836,0.631,1260000,502,13,4
chr1,1260000,0.953483,0.6825,1270000,624,28,14
chr1,1270000,0.93995,0.6292,1280000,426,11,4
chr1,1280000,0.9119,0.6196,1290000,426,19,7
chr1,1290000,0.978786,0.6286,1300000,499,3,11
chr1,1300000,0.994117,0.6516,1310000,643,27,10
chr1,1310000,1,0.626,1320000,474,4,5
chr1,1320000,1,0.6218,1330000,459,3,4
chr1,1330000,1,0.6042,1340000,403,4,0
chr1,1340000,1,0.5941,1350000,437,7,2
chr1,1350000,1,0.6165,1360000,462,6,0
chr1,1360000,0.997067,0.5969,1370000,430,10,4
chr1,1370000,1,0.6417,1380000,526,8,5
chr1,1380000,0.99385,0.6457,1390000,506,11,2
chr1,1390000,0.97215,0.6351,1400000,545,118,94
chr1,1400000,1,0.6145,1410000,445,4,1
chr1,1410000,1,0.6625,1420000,686,64,41
chr1,1420000,1,0.6796,1430000,611,7,1
chr1,1430000,1,0.656,1440000,611,12,9
chr1,1440000,1,0.6423,1450000,521,7,4
chr1,1450000,1,0.6434,1460000,577,9,4
chr1,1460000,0.958967,0.5945,1470000,531,162,127
chr1,1470000,0.985948,0.6928,1480000,716,9,3
chr1,1480000,0.990092,0.6326,1490000,508,7,3
chr1,1490000,0.977367,0.6372,1500000,508,7,1
chr1,1500000,0.9979,0.64,1510000,611,20,5
chr1,1510000,1,0.6554,1520000,569,7,0
chr1,1520000,0.978343,0.633,1530000,465,13,5
chr1,1530000,0.9982,0.6598,1540000,625,18,11
chr1,1540000,1,0.6426,1550000,550,5,4
chr1,1550000,0.962038,0.6329,1560000,482,14,9
chr1,1560000,0.960442,0.6227,1570000,420,47,22
chr1,1570000,1,0.6447,1580000,799,436,331
chr1,1580000,0.9886,0.6269,1590000,534,31,7
chr1,1590000,1,0.6463,1600000,541,5,3
chr1,1600000,1,0.6212,1610000,473,4,0
chr1,1610000,1,0.6579,1620000,589,6,2
chr1,1620000,1,0.6601,1630000,588,6,3
chr1,1630000,1,0.6263,1640000,601,62,40
chr1,1640000,0.972725,0.6232,1650000,470,34,41
chr1,1650000,0.963743,0.6537,1660000,673,73,76
chr1,1660000,1,0.6389,1670000,528,5,3
chr1,1670000,1,0.6019,1680000,419,4,1
chr1,1680000,1,0.6177,1690000,489,25,15
chr1,1690000,1,0.6243,1700000,494,3,2
chr1,1700000,1,0.6194,1710000,515,14,5
chr1,1710000,1,0.6125,1720000,429,8,1
chr1,1720000,1,0.6081,1730000,476,3,5
chr1,1730000,0.99215,0.6761,1740000,655,5,2
chr1,1740000,1,0.6027,1750000,457,5,2
chr1,1750000,1,0.6132,1760000,458,8,2
chr1,1760000,1,0.6212,1770000,441,12,7
chr1,1770000,0.9942,0.6372,1780000,555,2,2
chr1,1780000,1,0.6469,1790000,532,5,4
chr1,1790000,1,0.6323,1800000,550,18,11
chr1,1800000,1,0.6204,1810000,450,7,3
chr1,1810000,1,0.6195,1820000,448,8,1
chr1,1820000,0.778891,0.6687,1830000,432,37,26
chr1,1830000,0.996817,0.6351,1840000,434,6,4
chr1,1840000,0.94723,0.6206,1850000,475,24,11
chr1,1850000,1,0.606,1860000,541,169,81
chr1,1860000,1,0.6535,1870000,537,4,2
chr1,1870000,1,0.6152,1880000,425,3,1
chr1,1880000,0.99621,0.6982,1890000,783,53,15
chr1,1890000,0.8414,0.6409,1900000,457,12,8
chr1,1900000,0.993158,0.6585,1910000,611,30,9
chr1,1910000,1,0.6708,1920000,593,10,3
chr1,1920000,0.99605,0.6528,1930000,747,167,151
chr1,1930000,1,0.6247,1940000,1576,1157,1048
chr1,1940000,1,0.6335,1950000,863,758,491
chr1,1950000,1,0.6755,1960000,605,15,5
chr1,1960000,1,0.6289,1970000,493,9,5
chr1,1970000,0.95715,0.6371,1980000,470,2,1
chr1,1980000,0.99142,0.6366,1990000,567,60,16
chr1,1990000,1,0.6203,2000000,480,5,0
chr1,2000000,0.971623,0.6653,2010000,572,7,0
chr1,2010000,0.99525,0.6337,2020000,510,49,11
chr1,2020000,1,0.6257,2030000,401,1,3
chr1,2030000,1,0.5985,2040000,391,2,2
chr1,2040000,1,0.608,2050000,466,7,3
chr1,2050000,1,0.6351,2060000,436,4,3
chr1,2060000,0.981667,0.6088,2070000,384,8,4
chr1,2070000,1,0.6486,2080000,545,16,12
chr1,2080000,1,0.5863,2090000,366,4,2
chr1,2090000,0.96715,0.6886,2100000,1701,749,512
chr1,2100000,1,0.6557,2110000,598,22,18
chr1,2110000,0.974507,0.6372,2120000,527,21,12
chr1,2120000,0.739034,0.5951,2130000,358,28,25
chr1,2130000,1,0.6341,2140000,520,7,2
chr1,2140000,1,0.6606,2150000,635,10,4
chr1,2150000,1,0.6539,2160000,597,1,1
chr1,2160000,0.98155,0.6429,2170000,562,5,2
chr1,2170000,1,0.6316,2180000,504,5,0
chr1,2180000,1,0.618,2190000,436,10,3
chr1,2190000,0.99805,0.6094,2200000,528,25,25
chr1,2200000,0.99915,0.6508,2210000,578,35,44
chr1,2210000,0.966667,0.6236,2220000,462,11,14
chr1,2220000,1,0.6017,2230000,434,5,1
chr1,2230000,1,0.6271,2240000,478,9,1
chr1,2240000,1,0.636,2250000,565,5,2
chr1,2250000,1,0.6037,2260000,470,7,2
chr1,2260000,0.9984,0.6388,2270000,502,9,10
chr1,2270000,1,0.6741,2280000,620,44,26
chr1,2280000,0.944081,0.6272,2290000,519,18,15
chr1,2290000,1,0.6248,2300000,479,3,2
chr1,2300000,0.9997,0.6636,2310000,622,70,15
chr1,2310000,0.9929,0.7111,2320000,744,11,5
chr1,2320000,0.99172,0.6434,2330000,574,15,15
chr1,2330000,1,0.6141,2340000,539,188,93
chr1,2340000,1,0.6525,2350000,646,42,21
chr1,2350000,1,0.6045,2360000,433,18,2
chr1,2360000,1,0.6183,2370000,451,4,0
chr1,2370000,1,0.6245,2380000,470,7,3
chr1,2380000,0.988117,0.6565,2390000,530,6,1
chr1,2390000,1,0.6323,2400000,509,5,8
chr1,2400000,1,0.5947,2410000,426,3,1
chr1,2410000,1,0.6025,2420000,426,9,1
chr1,2420000,0.994408,0.6406,2430000,467,8,3
chr1,2430000,1,0.6154,2440000,452,4,4
chr1,2440000,1,0.6614,2450000,612,8,1
chr1,2450000,1,0.6064,2460000,434,5,5
chr1,2460000,0.922852,0.598,2470000,454,83,88
chr1,2470000,0.9831,0.6248,2480000,508,9,26
chr1,2480000,0.99465,0.6452,2490000,557,13,0
chr1,2490000,1,0.5968,2500000,426,4,1
chr1,2500000,1,0.6125,2510000,463,9,8
chr1,2510000,1,0.6169,2520000,425,5,1
chr1,2520000,1,0.5935,2530000,421,3,0
chr1,2530000,1,0.6262,2540000,462,7,0
chr1,2540000,1,0.6036,2550000,487,4,0
chr1,2550000,0.9985,0.6221,2560000,571,3,2
chr1,2560000,0.9757,0.6205,2570000,511,15,3
chr1,2570000,1,0.6288,2580000,482,9,2
chr1,2580000,0.9898,0.6273,2590000,476,192,98
chr1,2590000,0.9954,0.5951,2600000,383,58,26
chr1,2600000,1,0.6502,2610000,625,4,10
chr1,2610000,1,0.6077,2620000,537,4,0
chr1,2620000,0.9416,0.6171,2630000,480,93,61
chr1,2630000,0.880349,0.5846,2640000,370,11,4
chr1,2640000,0.995417,0.6079,2650000,573,66,24
chr1,2650000,0.96325,0.6279,2660000,504,9,2
chr1,2660000,1,0.6425,2670000,529,9,5
chr1,2670000,0.8819,0.6367,2680000,417,3,4
chr1,2680000,0.997725,0.6362,2690000,534,24,9
chr1,2690000,0.99482,0.6196,2700000,500,6,0
chr1,2700000,0.9891,0.6447,2710000,527,8,1
chr1,2710000,0.801379,0.6633,2720000,525,32,38
chr1,2720000,0.970271,0.5966,2730000,410,13,7
chr1,2730000,1,0.6171,2740000,449,9,0
chr1,2740000,1,0.5894,2750000,494,5,0
chr1,2750000,0.932153,0.6419,2760000,507,18,19
chr1,2760000,0.968856,0.5728,2770000,443,41,39
chr1,2770000,0.98355,0.6263,2780000,510,7,4
chr1,2780000,1,0.6074,2790000,504,6,4
chr1,2790000,1,0.6002,2800000,358,4,0
chr1,2800000,1,0.627,2810000,508,8,2
chr1,2810000,0.9919,0.6377,2820000,522,20,2
chr1,2820000,1,0.6069,2830000,516,11,4
chr1,2830000,0.95323,0.6737,2840000,658,10,3
chr1,2840000,0.96835,0.6086,2850000,412,7,2
chr1,2850000,0.98575,0.6319,2860000,528,7,2
chr1,2860000,0.97285,0.5948,2870000,455,3,0
chr1,2870000,0.97665,0.6406,2880000,632,95,33
chr1,2880000,1,0.6452,2890000,546,10,1
chr1,2890000,1,0.6168,2900000,452,2,1
chr1,2900000,1,0.6446,2910000,527,8,2
chr1,2910000,1,0.6343,2920000,567,8,0
chr1,2920000,1,0.643,2930000,498,4,1
chr1,2930000,0.9875,0.6229,2940000,589,215,149
chr1,2940000,0.999475,0.64,2950000,492,17,5
chr1,2950000,1,0.6233,2960000,513,3,3
chr1,2960000,0.982891,0.6256,2970000,517,6,10
chr1,2970000,0.993842,0.6578,2980000,633,12,2
chr1,2980000,0.977767,0.5897,2990000,958,810,581
chr1,2990000,1,0.6007,3000000,616,161,94
chr1,3000000,0.9957,0.6378,3010000,594,90,109
chr1,3010000,0.9685,0.6338,3020000,854,334,255
chr1,3020000,0.778868,0.6262,3030000,320,71,33
chr1,3030000,0.875273,0.6687,3040000,652,120,85
chr1,3040000,0.676813,0.609,3050000,232,70,33
chr1,3050000,1,0.6169,3060000,471,72,61
chr1,3060000,1,0.6106,3070000,470,11,1
chr1,3070000,1,0.644,3080000,528,4,2
chr1,3080000,1,0.6177,3090000,483,13,8
chr1,3090000,1,0.5979,3100000,412,7,3
chr1,3100000,0.98247,0.6658,3110000,620,2,4
chr1,3110000,0.957939,0.6401,3120000,528,15,3
chr1,3120000,1,0.6231,3130000,490,3,1
chr1,3130000,0.828762,0.607,3140000,494,141,212
chr1,3140000,0.950685,0.6129,3150000,652,255,243
chr1,3150000,0.955869,0.6296,3160000,474,12,16
chr1,3160000,0.965683,0.6331,3170000,465,29,18
chr1,3170000,0.99625,0.6406,3180000,539,6,1
chr1,3180000,1,0.6156,3190000,421,8,4
chr1,3190000,1,0.6336,3200000,521,4,0
chr1,3200000,1,0.6349,3210000,467,5,0
chr1,3210000,1,0.6169,3220000,467,6,1
chr1,3220000,0.994033,0.6484,3230000,538,5,2
chr1,3230000,0.8286,0.6454,3240000,406,6,1
chr1,3240000,1,0.6555,3250000,577,9,1
chr1,3250000,1,0.6222,3260000,483,30,7
chr1,3260000,1,0.5989,3270000,396,6,3
chr1,3270000,0.993937,0.6464,3280000,511,15,15
chr1,3280000,0.944021,0.6579,3290000,575,9,12
chr1,3290000,0.992183,0.6475,3300000,536,5,3
chr1,3300000,0.984945,0.6422,3310000,512,4,3
chr1,3310000,1,0.6328,3320000,749,498,164
chr1,3320000,1,0.6162,3330000,492,560,8
chr1,3330000,1,0.6212,3340000,494,575,8
chr1,3340000,0.980825,0.6426,3350000,765,705,320
chr1,3350000,0.999,0.6351,3360000,1145,992,524
chr1,3360000,1,0.6273,3370000,467,505,1
chr1,3370000,1,0.6389,3380000,462,488,4
chr1,3380000,1,0.6326,3390000,549,568,0
chr1,3390000,0.9909,0.6903,3400000,661,648,11
chr1,3400000,1,0.608,3410000,507,604,34
chr1,3410000,1,0.6133,3420000,383,480,0
chr1,3420000,1,0.6181,3430000,456,563,1
chr1,3430000,1,0.6052,3440000,461,525,2
chr1,3440000,1,0.643,3450000,494,614,3
chr1,3450000,1,0.6262,3460000,519,497,1
chr1,3460000,1,0.6289,3470000,451,455,3
chr1,3470000,1,0.6677,3480000,607,569,0
chr1,3480000,0.996933,0.6412,3490000,510,487,0
chr1,3490000,0.99385,0.6706,3500000,594,568,4
chr1,3500000,0.957673,0.639,3510000,512,500,4
chr1,3510000,1,0.6229,3520000,532,567,0
chr1,3520000,1,0.6026,3530000,411,522,0
chr1,3530000,1,0.6455,3540000,580,580,5
chr1,3540000,0.9987,0.6788,3550000,643,627,6
chr1,3550000,0.9972,0.609,3560000,479,544,20
chr1,3560000,0.815675,0.6318,3570000,384,354,1
chr1,3570000,0.97945,0.6453,3580000,541,582,1
chr1,3580000,1,0.617,3590000,465,540,3
chr1,3590000,1,0.6263,3600000,490,557,9
chr1,3600000,1,0.6311,3610000,532,518,0
chr1,3610000,0.993783,0.6207,3620000,515,531,3
chr1,3620000,0.989,0.6135,3630000,453,521,13
chr1,3630000,1,0.6344,3640000,493,632,0
chr1,3640000,1,0.6441,3650000,595,574,1
chr1,3650000,1,0.6116,3660000,465,557,1
chr1,3660000,1,0.6094,3670000,427,510,1
chr1,3670000,1,0.6465,3680000,558,536,5
chr1,3680000,1,0.6335,3690000,572,552,3
chr1,3690000,0.9894,0.6004,3700000,441,442,1
chr1,3700000,0.956217,0.6333,3710000,500,507,25
chr1,3710000,1,0.6404,3720000,540,555,2
chr1,3720000,1,0.6323,3730000,510,544,3
chr1,3730000,1,0.673,3740000,671,614,1
chr1,3740000,1,0.6095,3750000,498,550,1
chr1,3750000,0.800492,0.6266,3760000,410,408,3
chr1,3760000,0.671867,0.6045,3770000,232,239,0
chr1,3770000,1,0.5967,3780000,387,440,4
chr1,3780000,0.993308,0.6263,3790000,423,492,14
chr1,3790000,0.791708,0.6076,3800000,245,305,26
chr1,3800000,0.986933,0.5993,3810000,421,460,9
chr1,3810000,1,0.6105,3820000,473,483,2
chr1,3820000,0.99765,0.6091,3830000,506,502,11
chr1,3830000,1,0.6427,3840000,581,567,7
chr1,3840000,1,0.619,3850000,506,532,4
chr1,3850000,1,0.6283,3860000,492,543,2
chr1,3860000,1,0.6454,3870000,534,586,1
chr1,3870000,1,0.6205,3880000,493,492,4
chr1,3880000,1,0.6201,3890000,472,461,2
chr1,3890000,0.958983,0.6379,3900000,500,462,3
chr1,3900000,0.97785,0.6869,3910000,642,608,5
chr1,3910000,1,0.6401,3920000,543,615,3
chr1,3920000,1,0.6369,3930000,697,896,227
chr1,3930000,0.9987,0.598,3940000,419,486,2
chr1,3940000,1,0.6314,3950000,629,647,64
chr1,3950000,0.99485,0.6239,3960000,478,530,5
chr1,3960000,1,0.626,3970000,527,557,4
chr1,3970000,1,0.6468,3980000,518,520,5
chr1,3980000,0.9937,0.622,3990000,614,696,111
chr1,3990000,0.9978,0.6543,4000000,627,600,4
chr1,4000000,1,0.6576,4010000,600,589,2
chr1,4010000,1,0.5796,4020000,340,404,1
chr1,4020000,1,0.6718,4030000,661,640,5
chr1,4030000,1,0.6484,4040000,584,605,2
chr1,4040000,0.993448,0.6166,4050000,419,401,7
chr1,4050000,0.983267,0.6051,4060000,516,540,10
chr1,4060000,1,0.6091,4070000,474,471,1
chr1,4070000,0.903783,0.6214,4080000,489,500,32
chr1,4080000,1,0.5991,4090000,441,508,1
chr1,4090000,0.98295,0.6371,4100000,683,694,81
chr1,4100000,0.97215,0.6212,4110000,400,440,1
chr1,4110000,1,0.6111,4120000,484,534,8
chr1,4120000,1,0.6633,4130000,671,635,11
chr1,4130000,1,0.6406,4140000,507,560,4
chr1,4140000,1,0.6342,4150000,483,516,1
chr1,4150000,0.99725,0.6913,4160000,635,592,5
chr1,4160000,1,0.6319,4170000,412,446,5
chr1,4170000,1,0.6151,4180000,468,524,2
chr1,4180000,0.992059,0.6608,4190000,577,583,5
chr1,4190000,1,0.6394,4200000,551,587,1
chr1,4200000,0.975,0.6291,4210000,435,540,8
chr1,4210000,1,0.6364,4220000,632,668,39
chr1,4220000,1,0.6115,4230000,493,533,1
chr1,4230000,1,0.6707,4240000,576,660,5
chr1,4240000,1,0.6661,4250000,634,571,3
chr1,4250000,1,0.61,4260000,427,509,3
chr1,4260000,0.98945,0.6762,4270000,636,571,1
chr1,4270000,1,0.6494,4280000,499,538,2
chr1,4280000,0.942004,0.6456,4290000,1033,967,507
chr1,4290000,0.964093,0.6277,4300000,566,558,58
chr1,4300000,1,0.6295,4310000,556,511,2
chr1,4310000,1,0.6925,4320000,663,610,10
chr1,4320000,1,0.6294,4330000,437,439,10
chr1,4330000,1,0.6501,4340000,494,549,2
chr1,4340000,0.9994,0.6282,4350000,489,511,7
chr1,4350000,1,0.6227,4360000,444,491,2
chr1,4360000,1,0.6153,4370000,483,496,3
chr1,4370000,0.9986,0.6508,4380000,844,799,258
chr1,4380000,1,0.6344,4390000,484,530,2
chr1,4390000,0.738224,0.6229,4400000,344,370,0
chr1,4400000,0.9947,0.6281,4410000,471,479,3
chr1,4410000,1,0.6223,4420000,501,547,4
chr1,4420000,1,0.6069,4430000,505,481,35
chr1,4430000,1,0.6122,4440000,368,417,12
chr1,4440000,1,0.6176,4450000,485,510,3
chr1,4450000,1,0.6265,4460000,448,497,1
chr1,4460000,0.9018,0.6666,4470000,498,502,8
chr1,4470000,0.784425,0.6001,4480000,369,311,1
chr1,4480000,0.857022,0.573,4490000,309,328,1
chr1,4490000,1,0.6461,4500000,583,560,4
chr1,4500000,0.98945,0.6422,4510000,567,507,6
chr1,4510000,1,0.6377,4520000,554,580,1
chr1,4520000,0.9987,0.6411,4530000,509,548,5
chr1,4530000,0.998383,0.6686,4540000,657,600,12
chr1,4540000,0.9837,0.6572,4550000,593,583,1
chr1,4550000,0.98365,0.664,4560000,582,582,10
chr1,4560000,0.98245,0.6318,4570000,503,540,33
chr1,4570000,0.99905,0.677,4580000,628,592,4
chr1,4580000,0.923042,0.6557,4590000,524,521,8
chr1,4590000,0.99685,0.6567,4600000,572,620,9
chr1,4600000,0.982448,0.6206,4610000,570,526,73
chr1,4610000,0.99895,0.5972,4620000,437,425,3
chr1,4620000,0.98,0.6395,4630000,525,571,2
chr1,4630000,1,0.5971,4640000,412,476,2
chr1,4640000,1,0.6232,4650000,510,533,1
chr1,4650000,1,0.6089,4660000,454,458,3
chr1,4660000,0.950403,0.6505,4670000,507,542,17
chr1,4670000,0.971779,0.6715,4680000,612,576,6
chr1,4680000,0.9895,0.6572,4690000,550,531,3
chr1,4690000,1,0.6146,4700000,398,455,4
chr1,4700000,0.988583,0.6631,4710000,641,599,11
chr1,4710000,0.963474,0.65,4720000,587,546,2
chr1,4720000,0.961955,0.6814,4730000,610,563,2
chr1,4730000,0.9949,0.6739,4740000,596,672,8
chr1,4740000,1,0.6332,4750000,514,518,1
chr1,4750000,1,0.6326,4760000,504,585,1
chr1,4760000,0.9893,0.6787,4770000,621,671,0
chr1,4770000,1,0.6778,4780000,659,631,0
chr1,4780000,0.930032,0.6631,4790000,564,509,3
chr1,4790000,1,0.6306,4800000,512,574,1
chr1,4800000,1,0.659,4810000,556,559,3
chr1,4810000,1,0.6388,4820000,518,492,0
chr1,4820000,1,0.6298,4830000,532,545,4
chr1,4830000,1,0.6285,4840000,487,531,5
chr1,4840000,0.994625,0.6044,4850000,418,495,2
chr1,4850000,1,0.6154,4860000,453,448,13
chr1,4860000,1,0.6306,4870000,480,524,0
chr1,4870000,0.9992,0.6786,4880000,632,633,8
chr1,4880000,0.982904,0.6315,4890000,517,529,23
chr1,4890000,0.938501,0.6691,4900000,554,553,10
chr1,4900000,1,0.6373,4910000,499,572,5
chr1,4910000,1,0.6454,4920000,556,620,2
chr1,4920000,1,0.6072,4930000,463,532,1
chr1,4930000,1,0.6736,4940000,714,721,1
chr1,4940000,1,0.6999,4950000,739,666,1
chr1,4950000,0.9984,0.6908,4960000,705,654,2
chr1,4960000,0.9982,0.6784,4970000,658,629,10
chr1,4970000,0.992633,0.6449,4980000,574,623,4
chr1,4980000,0.97754,0.6256,4990000,545,565,16
chr1,4990000,0.964841,0.6613,5000000,570,653,2
chr1,5000000,1,0.6391,5010000,585,595,13
chr1,5010000,1,0.6649,5020000,677,665,5
chr1,5020000,1,0.6367,5030000,475,509,3
chr1,5030000,1,0.673,5040000,610,606,9
chr1,5040000,1,0.608,5050000,366,416,0
chr1,5050000,0.915435,0.61,5060000,555,574,233
chr1,5060000,0.974663,0.6409,5070000,526,551,30
chr1,5070000,1,0.6541,5080000,562,639,4
chr1,5080000,0.978886,0.6311,5090000,534,563,25
chr1,5090000,1,0.6656,5100000,682,657,27
chr1,5100000,1,0.6451,5110000,571,585,5
chr1,5110000,0.9988,0.6751,5120000,643,599,7
chr1,5120000,0.997967,0.6372,5130000,584,580,15
chr1,5130000,0.995433,0.6625,5140000,614,637,6
chr1,5140000,0.977808,0.6098,5150000,374,420,1
chr1,5150000,1,0.6213,5160000,472,451,4
chr1,5160000,1,0.6487,5170000,536,512,2
chr1,5170000,1,0.63,5180000,540,544,1
chr1,5180000,0.993198,0.6437,5190000,527,531,3
chr1,5190000,0.990348,0.6517,5200000,561,547,6
chr1,5200000,0.754165,0.6053,5210000,337,411,16
chr1,5210000,0.908347,0.6582,5220000,437,434,4
chr1,5220000,0.851077,0.7168,5230000,631,544,37
chr1,5230000,0.9948,0.6779,5240000,648,608,3
chr1,5240000,1,0.6678,5250000,527,538,8
chr1,5250000,0.936194,0.6127,5260000,473,529,105
chr1,5260000,1,0.6328,5270000,548,568,5
chr1,5270000,0.9422,0.6339,5280000,517,508,2
chr1,5280000,0.9984,0.6571,5290000,523,513,6
chr1,5290000,0.99605,0.597,5300000,246,253,8
chr1,5300000,1,0.6316,5310000,410,439,6
chr1,5310000,1,0.6337,5320000,564,652,82
chr1,5320000,0.993475,0.6385,5330000,557,597,6
chr1,5330000,0.995933,0.6254,5340000,485,505,2
chr1,5340000,1,0.6159,5350000,426,552,2
chr1,5350000,1,0.6323,5360000,519,514,0
chr1,5360000,0.9635,0.6151,5370000,483,512,5
chr1,5370000,1,0.6643,5380000,643,613,21
chr1,5380000,1,0.6457,5390000,738,811,139
chr1,5390000,0.995367,0.6995,5400000,743,762,77
chr1,5400000,1,0.6358,5410000,622,633,18
chr1,5410000,1,0.6028,5420000,476,544,2
chr1,5420000,1,0.6157,5430000,466,571,16
chr1,5430000,0.797625,0.617,5440000,356,344,9
chr1,5440000,1,0.6274,5450000,510,543,4
chr1,5450000,0.923578,0.6491,5460000,497,470,243
chr1,5460000,0.907756,0.6437,5470000,508,592,579
chr1,5470000,1,0.6133,5480000,471,473,492
chr1,5480000,1,0.6221,5490000,468,472,480
chr1,5490000,1,0.6337,5500000,515,555,575
chr1,5500000,0.986263,0.6585,5510000,582,598,625
chr1,5510000,0.9998,0.6422,5520000,551,561,625
chr1,5520000,0.99085,0.6808,5530000,735,689,767
chr1,5530000,1,0.7245,5540000,747,735,851
chr1,5540000,0.997467,0.6577,5550000,590,609,643
chr1,5550000,0.693633,0.6478,5560000,280,298,293
chr1,5560000,0.512533,0.6209,5570000,35,22,39
chr1,5570000,0.743033,0.652,5580000,338,316,367
chr1,5580000,1,0.6435,5590000,692,849,692
chr1,5590000,1,0.6567,5600000,606,605,609
chr1,5600000,0.987208,0.6985,5610000,725,652,748
chr1,5610000,0.99925,0.6708,5620000,644,604,717
chr1,5620000,0.946562,0.6781,5630000,688,568,681
chr1,5630000,0.939399,0.6576,5640000,505,513,556
chr1,5640000,0.99005,0.6366,5650000,486,496,506
chr1,5650000,0.97405,0.6676,5660000,583,539,637
chr1,5660000,0.98595,0.6306,5670000,571,558,615
chr1,5670000,0.955342,0.6359,5680000,537,511,575
chr1,5680000,1,0.6175,5690000,476,496,500
chr1,5690000,0.741037,0.6276,5700000,329,326,392
chr1,5700000,0.898602,0.6677,5710000,536,542,581
chr1,5710000,1,0.7073,5720000,745,657,800
chr1,5720000,0.978077,0.6544,5730000,584,543,612
chr1,5730000,1,0.6407,5740000,666,636,706
chr1,5740000,0.945494,0.648,5750000,557,578,538
chr1,5750000,1,0.6685,5760000,645,663,711
chr1,5760000,1,0.6817,5770000,715,663,739
chr1,5770000,1,0.6299,5780000,504,583,574
chr1,5780000,1,0.6389,5790000,543,589,550
chr1,5790000,0.99665,0.6098,5800000,452,515,469
chr1,5800000,0.95855,0.6413,5810000,439,497,495
chr1,5810000,1,0.631,5820000,560,567,588
chr1,5820000,1,0.6265,5830000,540,558,544
chr1,5830000,0.778268,0.6039,5840000,365,348,366
chr1,5840000,1,0.68,5850000,690,681,732
chr1,5850000,0.994717,0.6291,5860000,550,611,585
chr1,5860000,0.994128,0.6658,5870000,609,646,602
chr1,5870000,0.988942,0.6022,5880000,444,467,414
chr1,5880000,0.9542,0.6919,5890000,672,589,775
chr1,5890000,0.959195,0.6194,5900000,569,597,566
chr1,5900000,0.918383,0.6149,5910000,530,477,505
chr1,5910000,1,0.6503,5920000,559,554,562
chr1,5920000,0.97874,0.657,5930000,569,563,576
chr1,5930000,0.934315,0.629,5940000,471,468,544
chr1,5940000,0.759456,0.6204,5950000,394,366,383
chr1,5950000,1,0.6352,5960000,580,610,572
chr1,5960000,1,0.6324,5970000,501,579,567
chr1,5970000,0.95345,0.6557,5980000,517,543,617
chr1,5980000,0.712715,0.6402,5990000,359,357,403
chr1,5990000,0.95975,0.6584,6000000,488,569,564
chr1,6000000,0.992572,0.6397,6010000,594,589,569
chr1,6010000,1,0.6433,6020000,519,540,572
chr1,6020000,1,0.6688,6030000,606,650,636
chr1,6030000,0.961925,0.6701,6040000,597,557,642
chr1,6040000,1,0.6398,6050000,555,601,631
chr1,6050000,1,0.6199,6060000,493,527,540
chr1,6060000,1,0.6389,6070000,611,588,593
chr1,6070000,1,0.7216,6080000,796,746,874
chr1,6080000,1,0.6345,6090000,525,590,608
chr1,6090000,1,0.6185,6100000,500,549,528
chr1,6100000,0.960008,0.656,6110000,640,595,616
chr1,6110000,0.780717,0.6174,6120000,304,341,390
chr1,6120000,0.613683,0.6241,6130000,144,195,173
chr1,6130000,0.60095,0.6107,6140000,176,194,184
chr1,6140000,0.428497,0.6266,6150000,4,4,4
chr1,6150000,0.42242,0.6244,6160000,0,0,0
chr1,6160000,0.92275,0.6345,6170000,338,335,364
chr1,6170000,1,0.6404,6180000,513,529,616
chr1,6180000,1,0.6672,6190000,603,563,661
chr1,6190000,0.851149,0.6674,6200000,561,506,650
chr1,6200000,1,0.6764,6210000,598,588,666
chr1,6210000,0.99795,0.6241,6220000,459,509,481
chr1,6220000,0.979108,0.6633,6230000,647,604,717
chr1,6230000,0.9981,0.6691,6240000,635,625,669
chr1,6240000,0.99965,0.6366,6250000,546,579,586
chr1,6250000,0.932167,0.6295,6260000,597,576,617
chr1,6260000,0.9977,0.6629,6270000,627,638,641
chr1,6270000,1,0.6422,6280000,581,597,604
chr1,6280000,0.993936,0.6474,6290000,566,536,615
chr1,6290000,0.9862,0.6373,6300000,492,533,516
chr1,6300000,0.97705,0.6294,6310000,528,608,558
chr1,6310000,1,0.6141,6320000,512,542,462
chr1,6320000,1,0.6067,6330000,469,464,479
chr1,6330000,1,0.6689,6340000,674,656,684
chr1,6340000,1,0.6713,6350000,738,642,786
chr1,6350000,1,0.6445,6360000,553,557,567
chr1,6360000,0.922792,0.6223,6370000,561,532,551
chr1,6370000,0.584954,0.6045,6380000,90,86,106
chr1,6380000,0.748224,0.5977,6390000,626,622,697
chr1,6390000,0.964833,0.6246,6400000,516,522,552
chr1,6400000,1,0.6385,6410000,509,532,525
chr1,6410000,1,0.5936,6420000,422,469,476
chr1,6420000,1,0.6202,6430000,501,539,544
chr1,6430000,1,0.6278,6440000,524,583,580
chr1,6440000,0.94653,0.6681,6450000,655,560,722
chr1,6450000,1,0.5893,6460000,445,521,440
chr1,6460000,1,0.5846,6470000,392,471,422
chr1,6470000,0.988783,0.6173,6480000,531,479,568
chr1,6480000,1,0.5966,6490000,452,445,437
chr1,6490000,1,0.5914,6500000,401,490,433
chr1,6500000,1,0.6028,6510000,412,457,425
chr1,6510000,1,0.6035,6520000,445,437,439
chr1,6520000,1,0.5814,6530000,429,458,444
chr1,6530000,0.974914,0.6756,6540000,651,634,695
chr1,6540000,0.99475,0.6481,6550000,639,637,638
chr1,6550000,1,0.6054,6560000,468,521,500
chr1,6560000,0.985217,0.6257,6570000,638,651,626
chr1,6570000,1,0.6095,6580000,510,527,575
chr1,6580000,1,0.5974,6590000,446,511,489
chr1,6590000,0.978063,0.6295,6600000,496,500,490
chr1,6600000,1,0.6207,6610000,558,529,530
chr1,6610000,1,0.6827,6620000,889,825,896
chr1,6620000,0.986267,0.6644,6630000,567,599,652
chr1,6630000,0.99475,0.6623,6640000,561,544,605
chr1,6640000,0.99885,0.6401,6650000,546,585,618
chr1,6650000,0.982083,0.6334,6660000,542,573,609
chr1,6660000,0.948353,0.6231,6670000,543,489,589
chr1,6670000,0.99835,0.5928,6680000,390,489,471
chr1,6680000,0.99605,0.6354,6690000,567,529,588
chr1,6690000,1,0.6458,6700000,617,552,644
chr1,6700000,1,0.6364,6710000,544,629,547
chr1,6710000,1,0.5916,6720000,429,472,433
chr1,6720000,0.994242,0.655,6730000,643,594,599
chr1,6730000,1,0.5637,6740000,395,496,411
chr1,6740000,1,0.6298,6750000,531,566,503
chr1,6750000,1,0.6036,6760000,446,526,465
chr1,6760000,1,0.609,6770000,447,501,485
chr1,6770000,1,0.6207,6780000,502,539,568
chr1,6780000,0.97975,0.6325,6790000,476,530,566
chr1,6790000,0.99985,0.6158,6800000,447,521,473
chr1,6800000,0.989717,0.6005,6810000,403,457,474
chr1,6810000,0.962083,0.6789,6820000,687,560,739
chr1,6820000,0.982074,0.5991,6830000,421,481,444
chr1,6830000,1,0.5909,6840000,741,467,401
chr1,6840000,1,0.6105,6850000,925,586,486
chr1,6850000,0.9998,0.6372,6860000,1139,623,632
chr1,6860000,0.989892,0.6306,6870000,969,510,546
chr1,6870000,0.950813,0.6236,6880000,887,521,515
chr1,6880000,0.989704,0.6388,6890000,2157,1264,1813
chr1,6890000,1,0.6344,6900000,1028,541,517
chr1,6900000,1,0.6259,6910000,971,540,518
chr1,6910000,0.841872,0.6355,6920000,759,356,418
chr1,6920000,0.9852,0.6534,6930000,1131,587,620
chr1,6930000,0.979158,0.6336,6940000,1062,498,518
chr1,6940000,0.9954,0.6146,6950000,954,517,526
chr1,6950000,1,0.6708,6960000,1207,604,638
chr1,6960000,0.9948,0.6839,6970000,1512,750,780
chr1,6970000,1,0.659,6980000,1178,601,606
chr1,6980000,0.893922,0.6552,6990000,1020,472,511
chr1,6990000,0.989121,0.6187,7000000,965,578,544
chr1,7000000,0.981107,0.6322,7010000,1024,519,534
chr1,7010000,1,0.5903,7020000,870,467,413
chr1,7020000,0.9942,0.6356,7030000,1068,561,569
chr1,7030000,0.996553,0.6176,7040000,930,537,513
chr1,7040000,1,0.5989,7050000,788,416,402
chr1,7050000,1,0.5986,7060000,826,445,415
chr1,7060000,1,0.6331,7070000,1016,536,527
chr1,7070000,1,0.6458,7080000,1260,673,737
chr1,7080000,1,0.5984,7090000,869,501,462
chr1,7090000,1,0.6033,7100000,890,457,471
chr1,7100000,1,0.6179,7110000,887,552,502
chr1,7110000,0.987242,0.6254,7120000,1086,564,592
chr1,7120000,1,0.6182,7130000,956,512,511
chr1,7130000,1,0.6243,7140000,1027,556,578
chr1,7140000,0.989055,0.6441,7150000,1006,550,540
chr1,7150000,1,0.6619,7160000,1110,553,587
chr1,7160000,1,0.6678,7170000,1240,613,713
chr1,7170000,0.933783,0.6028,7180000,855,425,462
chr1,7180000,1,0.6461,7190000,1091,503,576
chr1,7190000,1,0.6503,7200000,1171,581,614
chr1,7200000,1,0.621,7210000,1013,585,550
chr1,7210000,1,0.6229,7220000,988,532,536
chr1,7220000,1,0.6417,7230000,1126,590,576
chr1,7230000,1,0.6624,7240000,1306,661,671
chr1,7240000,1,0.5975,7250000,800,417,429
chr1,7250000,1,0.5931,7260000,770,454,427
chr1,7260000,1,0.6115,7270000,893,466,516
chr1,7270000,0.988152,0.6411,7280000,1053,515,571
chr1,7280000,0.994567,0.642,7290000,1108,554,602
chr1,7290000,0.964476,0.6566,7300000,1137,589,575
chr1,7300000,1,0.654,7310000,1179,603,633
chr1,7310000,0.983294,0.6363,7320000,952,535,558
chr1,7320000,0.890327,0.7099,7330000,1626,798,1114
chr1,7330000,0.99515,0.6737,7340000,1378,950,896
chr1,7340000,0.990633,0.637,7350000,1144,582,592
chr1,7350000,1,0.6074,7360000,873,496,492
chr1,7360000,1,0.6123,7370000,758,449,454
chr1,7370000,1,0.6155,7380000,858,435,466
chr1,7380000,0.87876,0.651,7390000,1002,512,549
chr1,7390000,1,0.6061,7400000,830,425,433
chr1,7400000,1,0.6196,7410000,893,493,509
chr1,7410000,1,0.6254,7420000,829,480,485
chr1,7420000,1,0.597,7430000,748,426,348
chr1,7430000,0.973289,0.6489,7440000,1002,545,576
chr1,7440000,1,0.6113,7450000,975,520,513
chr1,7450000,1,0.6387,7460000,973,490,536
chr1,7460000,0.996967,0.6498,7470000,1122,543,582
chr1,7470000,1,0.6298,7480000,943,493,514
chr1,7480000,0.99725,0.6133,7490000,975,514,538
chr1,7490000,1,0.6617,7500000,1074,548,561
chr1,7500000,1,0.6173,7510000,939,503,490
chr1,7510000,0.996217,0.6805,7520000,1323,671,717
chr1,7520000,1,0.6051,7530000,798,452,415
chr1,7530000,0.99375,0.6108,7540000,970,550,508
chr1,7540000,0.991067,0.6356,7550000,948,475,507
chr1,7550000,1,0.6744,7560000,1270,609,630
chr1,7560000,0.984533,0.6328,7570000,987,515,523
chr1,7570000,0.987267,0.6238,7580000,1077,582,635
chr1,7580000,0.9982,0.6596,7590000,1289,757,734
chr1,7590000,0.981933,0.6375,7600000,971,545,508
chr1,7600000,0.9837,0.6238,7610000,1088,490,577
chr1,7610000,1,0.6505,7620000,1170,622,657
chr1,7620000,1,0.6341,7630000,1100,545,495
chr1,7630000,0.959331,0.6354,7640000,952,522,510
chr1,7640000,0.991088,0.6163,7650000,914,481,516
chr1,7650000,0.94955,0.6369,7660000,1040,525,616
chr1,7660000,0.994092,0.6153,7670000,904,480,501
chr1,7670000,1,0.6216,7680000,977,518,500
chr1,7680000,0.932217,0.6288,7690000,1162,636,581
chr1,7690000,0.998826,0.6529,7700000,1295,672,609
chr1,7700000,0.985113,0.6441,7710000,1149,640,712
chr1,7710000,0.9805,0.5902,7720000,845,512,422
chr1,7720000,1,0.6399,7730000,1097,585,577
chr1,7730000,1,0.6578,7740000,1216,643,673
chr1,7740000,0.97735,0.6184,7750000,931,504,511
chr1,7750000,1,0.5916,7760000,893,528,446
chr1,7760000,1,0.6237,7770000,1028,556,527
chr1,7770000,1,0.6282,7780000,1084,575,582
chr1,7780000,1,0.6144,7790000,974,495,485
chr1,7790000,1,0.6197,7800000,986,492,484
chr1,7800000,0.9991,0.6143,7810000,1072,550,684
chr1,7810000,0.964805,0.6332,7820000,1015,550,543
chr1,7820000,1,0.6282,7830000,911,514,495
chr1,7830000,1,0.6148,7840000,939,488,515
chr1,7840000,0.941866,0.6706,7850000,1205,597,648
chr1,7850000,1,0.6194,7860000,919,484,479
chr1,7860000,0.913489,0.6567,7870000,934,495,589
chr1,7870000,0.827593,0.6844,7880000,1072,495,550
chr1,7880000,1,0.6957,7890000,1420,700,779
chr1,7890000,1,0.667,7900000,1253,630,679
chr1,7900000,1,0.6421,7910000,1048,579,592
chr1,7910000,1,0.664,7920000,1207,591,593
chr1,7920000,0.975784,0.6674,7930000,1146,555,629
chr1,7930000,0.996824,0.6764,7940000,1200,614,664
chr1,7940000,0.994865,0.6564,7950000,1131,601,592
chr1,7950000,0.971837,0.6972,7960000,1464,662,837
chr1,7960000,0.99925,0.6353,7970000,1082,557,562
chr1,7970000,0.995,0.63,7980000,1040,567,550
chr1,7980000,1,0.6169,7990000,986,527,484
chr1,7990000,1,0.6519,8000000,1122,578,660
chr1,8000000,0.92,0.6416,8010000,919,456,493
chr1,8010000,0.9577,0.6587,8020000,1130,510,568
chr1,8020000,0.982592,0.6457,8030000,1065,576,618
chr1,8030000,0.924449,0.6732,8040000,1194,611,720
chr1,8040000,1,0.6659,8050000,1156,545,684
chr1,8050000,1,0.6394,8060000,1075,593,565
chr1,8060000,1,0.6115,8070000,979,514,501
chr1,8070000,0.818638,0.5687,8080000,715,347,401
chr1,8080000,0.869768,0.5421,8090000,656,338,329
chr1,8090000,0.79549,0.6003,8100000,719,363,407
chr1,8100000,0.939889,0.7108,8110000,1314,679,775
chr1,8110000,0.940258,0.6797,8120000,1323,651,695
chr1,8120000,0.972067,0.6615,8130000,1082,546,666
chr1,8130000,1,0.6849,8140000,1275,662,671
chr1,8140000,0.993833,0.6675,8150000,1127,647,653
chr1,8150000,1,0.6324,8160000,1122,565,660
chr1,8160000,1,0.658,8170000,1326,683,710
chr1,8170000,1,0.6111,8180000,887,519,524
chr1,8180000,0.972379,0.6714,8190000,1315,636,717
chr1,8190000,0.99035,0.6561,8200000,1082,582,681
chr1,8200000,1,0.606,8210000,907,483,519
chr1,8210000,0.99545,0.6549,8220000,1116,567,621
chr1,8220000,0.83561,0.6085,8230000,699,382,393
chr1,8230000,0.90983,0.5852,8240000,755,422,454
chr1,8240000,1,0.6351,8250000,1082,548,601
chr1,8250000,0.951856,0.6431,8260000,982,502,559
chr1,8260000,0.992987,0.6485,8270000,1060,541,622
chr1,8270000,0.985501,0.697,8280000,1472,780,976
chr1,8280000,1,0.6631,8290000,1138,606,631
chr1,8290000,0.997,0.6808,8300000,1224,585,695
chr1,8300000,0.960583,0.6573,8310000,1080,537,670
chr1,8310000,0.979633,0.6247,8320000,1029,571,523
chr1,8320000,0.996,0.6147,8330000,846,473,491
chr1,8330000,1,0.6138,8340000,905,526,508
chr1,8340000,0.99475,0.6832,8350000,1295,645,664
chr1,8350000,1,0.6706,8360000,1227,646,611
chr1,8360000,0.9311,0.6167,8370000,896,445,518
chr1,8370000,0.91065,0.6717,8380000,1090,544,580
chr1,8380000,1,0.6019,8390000,1111,545,586
chr1,8390000,0.978301,0.6729,8400000,1178,560,665
chr1,8400000,0.875548,0.6796,8410000,1224,559,724
chr1,8410000,1,0.6247,8420000,1033,585,596
chr1,8420000,1,0.6281,8430000,1026,507,531
chr1,8430000,1,0.6475,8440000,1145,572,701
chr1,8440000,1,0.6429,8450000,1149,643,632
chr1,8450000,1,0.6637,8460000,1155,662,660
chr1,8460000,0.984022,0.6298,8470000,950,522,510
chr1,8470000,0.962283,0.6333,8480000,1070,514,578
chr1,8480000,1,0.657,8490000,1316,643,669
chr1,8490000,1,0.6316,8500000,1005,582,560
chr1,8500000,0.947542,0.6986,8510000,1318,618,811
chr1,8510000,1,0.6513,8520000,1114,607,644
chr1,8520000,0.99895,0.624,8530000,1055,519,521
chr1,8530000,1,0.6609,8540000,1162,537,567
chr1,8540000,1,0.6089,8550000,883,524,484
chr1,8550000,1,0.6272,8560000,1124,546,579
chr1,8560000,0.986825,0.6313,8570000,1044,522,573
chr1,8570000,1,0.646,8580000,1012,550,573
chr1,8580000,1,0.6215,8590000,998,530,564
chr1,8590000,0.9806,0.6489,8600000,1218,636,653
chr1,8600000,0.85015,0.6385,8610000,752,418,393
chr1,8610000,1,0.6672,8620000,1321,641,635
chr1,8620000,0.7261,0.6478,8630000,538,276,302
chr1,8630000,0.83075,0.6411,8640000,843,397,395
chr1,8640000,1,0.6497,8650000,1325,693,703
chr1,8650000,0.989005,0.6115,8660000,974,484,532
chr1,8660000,0.845507,0.6055,8670000,700,339,437
chr1,8670000,1,0.6184,8680000,938,548,524
chr1,8680000,0.9966,0.6447,8690000,1096,558,628
chr1,8690000,0.975,0.6144,8700000,857,474,476
chr1,8700000,0.990586,0.6738,8710000,1226,555,599
chr1,8710000,0.995317,0.6284,8720000,1041,562,575
chr1,8720000,0.99073,0.6465,8730000,1214,528,626
chr1,8730000,1,0.6333,8740000,1012,569,550
chr1,8740000,1,0.6335,8750000,1178,862,790
chr1,8750000,1,0.64,8760000,1066,549,578
chr1,8760000,1,0.6369,8770000,978,560,563
chr1,8770000,1,0.6273,8780000,970,526,559
chr1,8780000,1,0.5947,8790000,790,440,377
chr1,8790000,0.99985,0.6311,8800000,951,512,519
chr1,8800000,0.99625,0.6642,8810000,1277,613,621
chr1,8810000,0.935943,0.6688,8820000,1277,550,711
chr1,8820000,0.972,0.6299,8830000,1022,503,606
chr1,8830000,1,0.6534,8840000,1139,611,623
chr1,8840000,1,0.6457,8850000,1178,600,592
chr1,8850000,1,0.6171,8860000,1113,656,688
chr1,8860000,0.998717,0.6546,8870000,1154,612,571
chr1,8870000,1,0.5755,8880000,1470,1246,692
chr1,8880000,0.999025,0.6279,8890000,1072,581,622
chr1,8890000,1,0.6481,8900000,1122,593,633
chr1,8900000,1,0.6619,8910000,1195,668,668
chr1,8910000,1,0.6707,8920000,1278,702,668
chr1,8920000,0.99865,0.707,8930000,1496,719,818
chr1,8930000,0.935699,0.636,8940000,1012,545,642
chr1,8940000,0.874118,0.6537,8950000,1359,737,975
chr1,8950000,1,0.6251,8960000,970,553,491
chr1,8960000,0.986365,0.6882,8970000,1552,683,850
chr1,8970000,0.776375,0.6597,8980000,661,318,359
chr1,8980000,0.786325,0.6263,8990000,504,235,363
chr1,8990000,0.986217,0.6122,9000000,932,505,562
chr1,9000000,0.969983,0.6551,9010000,1147,711,734
chr1,9010000,0.996083,0.6588,9020000,1192,608,668
chr1,9020000,1,0.6311,9030000,1061,596,548
chr1,9030000,1,0.6173,9040000,887,474,473
chr1,9040000,1,0.6055,9050000,980,492,482
chr1,9050000,1,0.6126,9060000,977,540,528
chr1,9060000,0.986892,0.5986,9070000,945,503,503
chr1,9070000,1,0.6154,9080000,1131,588,615
chr1,9080000,0.805125,0.7051,9090000,988,451,582
chr1,9090000,0.816375,0.6754,9100000,813,415,395
chr1,9100000,0.976302,0.6868,9110000,1332,570,696
chr1,9110000,1,0.6617,9120000,1184,606,600
chr1,9120000,1,0.6405,9130000,1127,638,645
chr1,9130000,1,0.6134,9140000,1232,1034,863
chr1,9140000,0.913133,0.6766,9150000,1058,558,603
chr1,9150000,1,0.6375,9160000,955,461,526
chr1,9160000,0.980408,0.6772,9170000,1287,627,709
chr1,9170000,0.981118,0.6724,9180000,1266,584,713
chr1,9180000,0.99875,0.7135,9190000,1519,722,821
chr1,9190000,0.998133,0.6654,9200000,1456,719,751
chr1,9200000,0.977404,0.6315,9210000,916,514,570
chr1,9210000,1,0.6152,9220000,957,537,535
chr1,9220000,1,0.6166,9230000,931,467,498
chr1,9230000,1,0.5935,9240000,801,449,431
chr1,9240000,1,0.6331,9250000,943,533,510
chr1,9250000,0.976683,0.6105,9260000,867,480,495
chr1,9260000,0.99985,0.6658,9270000,1089,580,560
chr1,9270000,0.919728,0.6383,9280000,1039,469,562
chr1,9280000,1,0.6033,9290000,916,507,483
chr1,9290000,1,0.6022,9300000,892,501,467
chr1,9300000,1,0.6083,9310000,900,516,526
chr1,9310000,1,0.6182,9320000,1046,509,544
chr1,9320000,0.99995,0.6418,9330000,1094,539,613
chr1,9330000,1,0.6175,9340000,1083,577,536
chr1,9340000,1,0.6681,9350000,1259,683,682
chr1,9350000,0.955291,0.6621,9360000,1030,489,566
chr1,9360000,0.969497,0.6636,9370000,1031,622,568
chr1,9370000,0.977353,0.6611,9380000,1184,599,736
chr1,9380000,0.997017,0.6772,9390000,1352,676,652
chr1,9390000,0.96555,0.6795,9400000,1245,579,662
chr1,9400000,0.814708,0.6436,9410000,717,440,367
chr1,9410000,0.9103,0.6214,9420000,970,484,570
chr1,9420000,0.892327,0.6682,9430000,1093,553,614
chr1,9430000,0.57605,0.6718,9440000,270,116,166
chr1,9440000,0.93865,0.6206,9450000,898,524,539
chr1,9450000,0.944147,0.6693,9460000,1372,644,833
chr1,9460000,0.875754,0.6167,9470000,2016,1269,1589
chr1,9470000,0.828046,0.6336,9480000,1079,639,764
chr1,9480000,0.973985,0.6385,9490000,1132,675,776
chr1,9490000,0.777967,0.6922,9500000,969,444,610
chr1,9500000,0.79586,0.6362,9510000,862,418,576
chr1,9510000,0.948533,0.6693,9520000,1429,685,763
chr1,9520000,0.948036,0.7044,9530000,1376,664,822
chr1,9530000,0.948025,0.6874,9540000,1291,599,714
chr1,9540000,0.963083,0.6722,9550000,1214,571,653
chr1,9550000,0.993628,0.6368,9560000,1003,525,572
chr1,9560000,0.952882,0.6381,9570000,1020,524,509
chr1,9570000,0.98618,0.6758,9580000,1301,604,663
chr1,9580000,1,0.6435,9590000,1105,579,554
chr1,9590000,1,0.6171,9600000,977,529,605
chr1,9600000,1,0.6413,9610000,1165,603,653
chr1,9610000,0.99885,0.6468,9620000,1113,587,604
chr1,9620000,0.988233,0.6962,9630000,1712,865,1151
chr1,9630000,1,0.6973,9640000,1404,722,761
chr1,9640000,0.973718,0.6418,9650000,1095,565,626
chr1,9650000,1,0.6594,9660000,1109,633,592
chr1,9660000,0.911323,0.6957,9670000,1279,597,802
chr1,9670000,1,0.6552,9680000,1184,591,612
chr1,9680000,0.988583,0.6635,9690000,1188,641,700
chr1,9690000,1,0.6615,9700000,827,424,504
chr1,9700000,1,0.6167,9710000,740,503,436
chr1,9710000,1,0.6491,9720000,1205,608,611
chr1,9720000,1,0.638,9730000,1128,545,589
chr1,9730000,0.970086,0.6373,9740000,1121,547,616
chr1,9740000,0.771447,0.6297,9750000,732,337,511
chr1,9750000,0.975763,0.6428,9760000,1124,602,630
chr1,9760000,0.961775,0.6312,9770000,1036,541,548
chr1,9770000,1,0.6547,9780000,1261,686,699
chr1,9780000,0.999568,0.6279,9790000,1064,551,556
chr1,9790000,0.98915,0.6813,9800000,1358,728,802
chr1,9800000,1,0.7225,9810000,1614,761,885
chr1,9810000,1,0.6131,9820000,934,588,528
chr1,9820000,0.9784,0.6305,9830000,1238,720,743
chr1,9830000,0.982225,0.6339,9840000,1151,651,625
chr1,9840000,1,0.6618,9850000,1236,624,612
chr1,9850000,0.989512,0.681,9860000,1409,772,821
chr1,9860000,1,0.6018,9870000,902,491,512
chr1,9870000,1,0.6847,9880000,1405,762,754
chr1,9880000,0.847892,0.6082,9890000,759,377,448
chr1,9890000,0.976135,0.6356,9900000,1091,613,600
chr1,9900000,1,0.6334,9910000,1068,548,632
chr1,9910000,0.934988,0.6597,9920000,1112,589,642
chr1,9920000,0.975975,0.6572,9930000,1167,599,660
chr1,9930000,0.940033,0.6784,9940000,1144,565,708
chr1,9940000,0.896362,0.682,9950000,1060,508,674
chr1,9950000,1,0.648,9960000,1130,533,622
chr1,9960000,1,0.6565,9970000,1139,629,688
chr1,9970000,1,0.6346,9980000,1124,547,552
chr1,9980000,1,0.618,9990000,1012,581,540
chr1,9990000,1,0.6073,10000000,989,515,451
chr1,10000000,1,0.6152,10010000,994,582,483
chr1,10010000,1,0.6176,10020000,1089,659,641
chr1,10020000,0.890042,0.6471,10030000,942,485,609
chr1,10030000,0.983742,0.66,10040000,1145,601,639
chr1,10040000,1,0.6875,10050000,1375,748,824
chr1,10050000,0.969775,0.6354,10060000,978,539,573
chr1,10060000,1,0.61,10070000,947,529,509
chr1,10070000,1,0.6621,10080000,1268,687,690
chr1,10080000,1,0.6437,10090000,1209,629,616
chr1,10090000,0.829399,0.6424,10100000,894,448,583
chr1,10100000,1,0.65,10110000,1318,853,810
chr1,10110000,0.9517,0.6574,10120000,1200,711,681
chr1,10120000,0.9548,0.6547,10130000,1088,599,622
chr1,10130000,0.933933,0.6709,10140000,1031,557,657
chr1,10140000,0.9994,0.6652,10150000,1234,620,672
chr1,10150000,0.987054,0.6254,10160000,990,547,559
chr1,10160000,0.925607,0.6656,10170000,1169,537,697
chr1,10170000,0.610886,0.6362,10180000,476,226,234
chr1,10180000,0.9987,0.6095,10190000,874,490,444
chr1,10190000,1,0.6317,10200000,801,503,506
chr1,10200000,0.9519,0.6876,10210000,1089,512,582
chr1,10210000,0.864555,0.5982,10220000,711,382,450
chr1,10220000,0.9519,0.6248,10230000,827,446,475
chr1,10230000,1,0.6177,10240000,1045,614,583
chr1,10240000,0.98875,0.6974,10250000,1900,1044,1895
chr1,10250000,0.9909,0.62,10260000,1047,642,1139
chr1,10260000,0.9947,0.6494,10270000,1152,610,1215
chr1,10270000,0.679672,0.6564,10280000,965,460,1135
chr1,10280000,0.9992,0.6625,10290000,1228,663,1359
chr1,10290000,0.996993,0.6353,10300000,1146,522,1181
chr1,10300000,1,0.697,10310000,1291,680,1406
chr1,10310000,0.911883,0.6414,10320000,1002,489,1157
chr1,10320000,0.920433,0.6419,10330000,951,511,1019
chr1,10330000,1,0.6315,10340000,1072,567,1016
chr1,10340000,1,0.6338,10350000,1078,540,1117
chr1,10350000,0.973333,0.6228,10360000,878,508,1010
chr1,10360000,0.83823,0.6039,10370000,781,413,911
chr1,10370000,0.430608,0.4936,10380000,235,126,301
chr1,10380000,0.956632,0.6523,10390000,1096,621,1111
chr1,10390000,0.937184,0.6163,10400000,1037,595,1105
chr1,10400000,1,0.6459,10410000,1120,578,1118
chr1,10410000,1,0.6946,10420000,1483,693,1592
chr1,10420000,0.97975,0.6284,10430000,1175,609,1380
chr1,10430000,1,0.637,10440000,1097,651,1164
chr1,10440000,0.99324,0.6017,10450000,906,531,895
chr1,10450000,0.92777,0.6671,10460000,1038,502,1349
chr1,10460000,1,0.6257,10470000,923,495,1024
chr1,10470000,0.98385,0.6455,10480000,1362,755,1544
chr1,10480000,1,0.6043,10490000,758,427,841
chr1,10490000,0.9932,0.6012,10500000,669,393,786
chr1,10500000,0.99615,0.6239,10510000,373,279,479
chr1,10510000,0.975925,0.7185,10520000,1325,614,1485
chr1,10520000,0.99615,0.6412,10530000,1052,532,1102
chr1,10530000,0.9883,0.6612,10540000,1260,578,1363
chr1,10540000,1,0.6977,10550000,1460,625,1487
chr1,10550000,1,0.6365,10560000,902,507,1041
chr1,10560000,1,0.6418,10570000,1159,604,1154
chr1,10570000,1,0.6287,10580000,1028,569,1130
chr1,10580000,0.98585,0.6153,10590000,1010,558,1146
chr1,10590000,0.94575,0.628,10600000,1081,540,1153
chr1,10600000,0.942583,0.6885,10610000,1301,629,1465
chr1,10610000,0.972053,0.6497,10620000,1173,577,1308
chr1,10620000,1,0.6289,10630000,975,543,1171
chr1,10630000,0.976508,0.6283,10640000,970,504,1053
chr1,10640000,1,0.6946,10650000,1342,702,1507
chr1,10650000,1,0.6547,10660000,1160,555,1207
chr1,10660000,1,0.6723,10670000,2026,1981,2121
chr1,10670000,0.97415,0.6367,10680000,2884,3775,2812
chr1,10680000,1,0.6936,10690000,1643,1010,1588
chr1,10690000,1,0.6729,10700000,1348,681,1463
chr1,10700000,0.9038,0.6135,10710000,1055,986,1216
chr1,10710000,0.8892,0.624,10720000,925,546,1017
chr1,10720000,0.9961,0.622,10730000,1388,1589,1447
chr1,10730000,0.99455,0.6267,10740000,1208,756,1195
chr1,10740000,0.951456,0.6607,10750000,1248,735,1474
chr1,10750000,0.98615,0.6562,10760000,1171,574,1399
chr1,10760000,1,0.6404,10770000,1121,616,1247
chr1,10770000,1,0.6267,10780000,1046,607,1051
chr1,10780000,1,0.6343,10790000,1097,626,1187
chr1,10790000,0.993308,0.6359,10800000,1076,539,1129
chr1,10800000,0.9883,0.6368,10810000,1237,668,1242
chr1,10810000,0.98755,0.6784,10820000,1463,738,1558
chr1,10820000,1,0.6215,10830000,792,481,908
chr1,10830000,1,0.6727,10840000,1209,592,1311
chr1,10840000,0.983608,0.6723,10850000,1215,591,1327
chr1,10850000,0.997192,0.6681,10860000,1276,664,1435
chr1,10860000,0.938617,0.6671,10870000,1193,556,1308
chr1,10870000,0.996867,0.6831,10880000,1307,692,1390
chr1,10880000,0.959815,0.6812,10890000,1226,591,1412
chr1,10890000,0.9811,0.6977,10900000,1448,655,1507
chr1,10900000,0.98431,0.6397,10910000,1101,614,1219
chr1,10910000,0.9879,0.6299,10920000,1004,499,1080
chr1,10920000,0.99695,0.651,10930000,1141,559,1364
chr1,10930000,1,0.665,10940000,1183,662,1281
chr1,10940000,0.9736,0.6514,10950000,1210,705,1146
chr1,10950000,0.781442,0.651,10960000,848,450,920
chr1,10960000,0.8113,0.6483,10970000,757,400,842
chr1,10970000,0.7977,0.6637,10980000,807,399,1067
chr1,10980000,0.362586,0.6814,10990000,335,133,405
chr1,10990000,0.929267,0.6521,11000000,1314,1236,1342
chr1,11000000,0.695917,0.6304,11010000,325,202,401
chr1,11010000,0.645112,0.6227,11020000,627,360,774
chr1,11020000,0.318142,0.6725,11030000,2,0,0
chr1,11030000,0.340809,0.669,11040000,76,26,83
chr1,11040000,0.48628,0.634,11050000,203,95,257
chr1,11050000,0.728467,0.6441,11060000,561,308,640
chr1,11060000,0.920872,0.6739,11070000,1178,626,1330
chr1,11070000,0.99748,0.6729,11080000,1273,655,1421
chr1,11080000,1,0.6747,11090000,1291,649,1333
chr1,11090000,0.990475,0.6877,11100000,1390,689,1533
chr1,11100000,0.996075,0.6452,11110000,1148,570,1329
chr1,11110000,1,0.6606,11120000,1248,611,1274
chr1,11120000,0.9966,0.6708,11130000,1221,638,1381
chr1,11130000,1,0.6237,11140000,1022,544,1067
chr1,11140000,1,0.6157,11150000,1036,569,942
chr1,11150000,1,0.6658,11160000,1192,591,1345
chr1,11160000,0.983918,0.6324,11170000,1094,619,1118
chr1,11170000,0.697397,0.6224,11180000,675,382,841
chr1,11180000,0.830257,0.6237,11190000,895,436,996
chr1,11190000,0.943142,0.623,11200000,914,543,996
chr1,11200000,1,0.6201,11210000,1066,559,1080
chr1,11210000,0.927517,0.6152,11220000,857,475,964
chr1,11220000,0.995,0.6153,11230000,1002,578,1080
chr1,11230000,1,0.6498,11240000,1171,714,1169
chr1,11240000,0.967408,0.6935,11250000,1333,630,1567
chr1,11250000,0.87988,0.6179,11260000,919,477,1061
chr1,11260000,0.996817,0.6615,11270000,1270,620,1317
chr1,11270000,0.974667,0.6197,11280000,1587,1108,1622
chr1,11280000,0.97085,0.5485,11290000,778,391,914
chr1,11290000,1,0.616,11300000,904,496,934
chr1,11300000,1,0.6348,11310000,1085,608,1173
chr1,11310000,0.901401,0.6683,11320000,1183,606,1281
chr1,11320000,0.293691,0.4904,11330000,81,36,124
chr1,11330000,0.993896,0.6861,11340000,1308,615,1455
chr1,11340000,1,0.6368,11350000,1127,625,1223
chr1,11350000,0.973895,0.6157,11360000,1056,567,1255
chr1,11360000,0.9914,0.6157,11370000,943,492,1024
chr1,11370000,0.90415,0.6353,11380000,934,460,1141
chr1,11380000,1,0.6429,11390000,1165,654,1312
chr1,11390000,1,0.6416,11400000,1067,572,1181
chr1,11400000,0.999183,0.6271,11410000,987,537,1119
chr1,11410000,0.9948,0.6383,11420000,1083,564,1257
chr1,11420000,1,0.6114,11430000,834,461,892
chr1,11430000,1,0.635,11440000,1088,623,1150
chr1,11440000,0.906583,0.6191,11450000,951,516,873
chr1,11450000,0.9968,0.6204,11460000,957,481,988
chr1,11460000,1,0.6866,11470000,1456,743,1510
chr1,11470000,1,0.6568,11480000,1232,671,1234
chr1,11480000,1,0.6221,11490000,1017,530,1035
chr1,11490000,1,0.6092,11500000,889,514,895
chr1,11500000,1,0.6819,11510000,1377,661,1481
chr1,11510000,0.99995,0.6362,11520000,1009,618,1148
chr1,11520000,0.9941,0.6569,11530000,1287,641,1384
chr1,11530000,0.996122,0.6859,11540000,1427,704,1490
chr1,11540000,0.985043,0.6373,11550000,1091,605,1269
chr1,11550000,1,0.6308,11560000,1186,661,1200
chr1,11560000,1,0.6116,11570000,910,486,956
chr1,11570000,0.971486,0.6712,11580000,1087,588,1202
chr1,11580000,0.958643,0.6316,11590000,1127,647,1258
chr1,11590000,0.980179,0.6371,11600000,1267,615,1369
chr1,11600000,0.929317,0.6444,11610000,1070,611,1215
chr1,11610000,0.830903,0.6903,11620000,1059,507,1308
chr1,11620000,0.977832,0.6474,11630000,1374,780,1475
chr1,11630000,0.981622,0.6576,11640000,1334,846,1490
chr1,11640000,1,0.6548,11650000,1287,698,1295
chr1,11650000,1,0.6525,11660000,1196,606,1383
chr1,11660000,0.96591,0.6579,11670000,1188,588,1325
chr1,11670000,0.888543,0.6276,11680000,1145,618,1155
chr1,11680000,1,0.62,11690000,933,532,958
chr1,11690000,0.9904,0.7015,11700000,1590,831,1762
chr1,11700000,1,0.6414,11710000,1068,578,1145
chr1,11710000,1,0.6238,11720000,694,356,784
chr1,11720000,0.99525,0.626,11730000,812,470,968
chr1,11730000,0.949755,0.6622,11740000,1138,560,1351
chr1,11740000,0.950657,0.6863,11750000,1448,723,1592
chr1,11750000,0.962813,0.6499,11760000,1154,548,1222
chr1,11760000,0.993892,0.6707,11770000,1267,638,1386
chr1,11770000,0.99085,0.6287,11780000,1138,562,1238
chr1,11780000,0.896,0.6053,11790000,937,590,1018
chr1,11790000,0.952092,0.6487,11800000,1129,574,1255
chr1,11800000,0.847925,0.6238,11810000,877,484,1020
chr1,11810000,0.98875,0.6159,11820000,992,604,1146
chr1,11820000,0.877341,0.6079,11830000,797,404,908
chr1,11830000,0.9968,0.6025,11840000,993,528,1181
chr1,11840000,0.97895,0.5982,11850000,896,484,954
chr1,11850000,1,0.6165,11860000,1024,572,1047
chr1,11860000,0.992817,0.6515,11870000,1106,594,1301
chr1,11870000,1,0.6297,11880000,1167,840,1238
chr1,11880000,1,0.6084,11890000,1093,800,1096
chr1,11890000,1,0.6399,11900000,1174,736,1177
chr1,11900000,1,0.603,11910000,933,617,1118
chr1,11910000,0.9284,0.6217,11920000,713,384,782
chr1,11920000,0.713314,0.6162,11930000,493,247,567
chr1,11930000,0.993267,0.6158,11940000,943,459,943
chr1,11940000,1,0.616,11950000,933,508,1004
chr1,11950000,1,0.6467,11960000,1127,640,1325
chr1,11960000,0.9689,0.6707,11970000,1332,639,1480
chr1,11970000,0.983261,0.6395,11980000,1103,555,1147
chr1,11980000,0.9284,0.6037,11990000,787,457,840
chr1,11990000,1,0.6101,12000000,929,539,1023
chr1,12000000,1,0.6394,12010000,1103,573,1192
chr1,12010000,1,0.5925,12020000,725,457,784
chr1,12020000,1,0.6103,12030000,832,514,934
chr1,12030000,0.97175,0.6376,12040000,1108,633,1248
chr1,12040000,0.956174,0.5802,12050000,1204,800,1128
chr1,12050000,0.99825,0.6221,12060000,954,576,1044
chr1,12060000,0.980983,0.6384,12070000,1246,778,1389
chr1,12070000,1,0.6249,12080000,531,450,663
chr1,12080000,0.99955,0.6283,12090000,1014,644,1131
chr1,12090000,0.972242,0.6359,12100000,998,548,1158
chr1,12100000,0.848083,0.6447,12110000,872,440,964
chr1,12110000,0.728279,0.6094,12120000,649,308,839
chr1,12120000,0.946691,0.6206,12130000,936,487,1127
chr1,12130000,0.928142,0.625,12140000,988,554,1152
chr1,12140000,0.956292,0.6171,12150000,928,522,1007
chr1,12150000,0.943764,0.6651,12160000,1154,566,1304
chr1,12160000,1,0.5948,12170000,881,504,860
chr1,12170000,0.74585,0.6227,12180000,567,335,687
chr1,12180000,0.983025,0.6395,12190000,1179,657,1299
chr1,12190000,1,0.6383,12200000,1097,540,1117
chr1,12200000,1,0.6093,12210000,860,518,909
chr1,12210000,1,0.624,12220000,1006,578,1024
chr1,12220000,0.984367,0.6501,12230000,1166,583,1421
chr1,12230000,1,0.6308,12240000,967,495,1005
chr1,12240000,1,0.6369,12250000,1112,559,1276
chr1,12250000,0.992741,0.6436,12260000,1360,656,1387
chr1,12260000,0.98285,0.6806,12270000,1399,640,1511
chr1,12270000,0.973583,0.6068,12280000,913,505,985
chr1,12280000,0.9979,0.6675,12290000,1193,600,1381
chr1,12290000,1,0.6108,12300000,1022,567,1057
chr1,12300000,0.991333,0.6796,12310000,1196,654,1330
chr1,12310000,1,0.6712,12320000,1193,601,1286
chr1,12320000,0.9948,0.673,12330000,1256,637,1446
chr1,12330000,1,0.6846,12340000,1356,672,1572
chr1,12340000,0.991,0.6865,12350000,1537,781,1699
chr1,12350000,0.986618,0.6353,12360000,1053,602,1226
chr1,12360000,0.883258,0.623,12370000,819,426,921
chr1,12370000,0.9036,0.6079,12380000,786,438,839
chr1,12380000,0.939457,0.6842,12390000,1381,642,1528
chr1,12390000,0.994256,0.6531,12400000,1225,684,1259
chr1,12400000,1,0.6494,12410000,1166,596,1253
chr1,12410000,0.960017,0.6862,12420000,1343,642,1536
chr1,12420000,0.9939,0.6547,12430000,1151,596,1229
chr1,12430000,1,0.6751,12440000,1291,629,1461
chr1,12440000,0.928049,0.696,12450000,1247,576,1460
chr1,12450000,0.892958,0.6722,12460000,1078,560,1277
chr1,12460000,0.94334,0.689,12470000,1094,483,1254
chr1,12470000,0.528633,0.6534,12480000,137,63,154
chr1,12480000,0.50725,0.6491,12490000,31,12,31
chr1,12490000,0.499833,0.6553,12500000,0,0,0
chr1,12500000,0.68275,0.6479,12510000,506,215,525
chr1,12510000,0.98725,0.6783,12520000,1340,654,1467
chr1,12520000,1,0.6341,12530000,1078,566,1149
chr1,12530000,0.950366,0.6504,12540000,1171,602,1260
chr1,12540000,0.99645,0.6661,12550000,1352,725,1512
chr1,12550000,0.994467,0.6825,12560000,1376,693,1441
chr1,12560000,1,0.6258,12570000,1079,563,1228
chr1,12570000,1,0.6389,12580000,1038,527,1119
chr1,12580000,1,0.6673,12590000,1257,612,1371
chr1,12590000,1,0.6372,12600000,1211,571,1217
chr1,12600000,0.891317,0.6586,12610000,1099,529,1157
chr1,12610000,0.9109,0.5971,12620000,781,405,923
chr1,12620000,0.9914,0.619,12630000,928,525,999
chr1,12630000,0.884933,0.6305,12640000,1204,612,1442
chr1,12640000,0.916803,0.6049,12650000,1785,1118,1638
chr1,12650000,1,0.6283,12660000,715,379,734
chr1,12660000,1,0.6158,12670000,851,425,849
chr1,12670000,0.9621,0.6773,12680000,1231,661,1368
chr1,12680000,0.681301,0.6277,12690000,757,408,847
chr1,12690000,0.900321,0.693,12700000,1227,623,1371
chr1,12700000,0.943333,0.6365,12710000,1024,533,1118
chr1,12710000,0.946067,0.6406,12720000,951,484,1100
chr1,12720000,0.9847,0.5815,12730000,925,501,972
chr1,12730000,0.97575,0.587,12740000,950,462,972
chr1,12740000,0.852517,0.6378,12750000,755,432,887
chr1,12750000,0.937993,0.6429,12760000,964,483,1100
chr1,12760000,1,0.6337,12770000,1009,591,1052
chr1,12770000,0.97301,0.7081,12780000,1370,667,1637
chr1,12780000,0.992975,0.6593,12790000,1066,596,1228
chr1,12790000,1,0.6226,12800000,989,595,1014
chr1,12800000,0.891375,0.6449,12810000,980,478,1175
chr1,12810000,0.987644,0.6956,12820000,1377,742,1628
chr1,12820000,0.9945,0.6516,12830000,1117,604,1152
chr1,12830000,0.955173,0.6828,12840000,1153,541,1416
chr1,12840000,0.99645,0.6727,12850000,1269,597,1477
chr1,12850000,1,0.6202,12860000,990,550,1079
chr1,12860000,0.993425,0.6959,12870000,1363,653,1538
chr1,12870000,0.99944,0.6449,12880000,719,381,793
chr1,12880000,1,0.6443,12890000,1032,530,1151
chr1,12890000,0.994759,0.674,12900000,1335,700,1524
chr1,12900000,0.996867,0.6466,12910000,1177,782,1268
chr1,12910000,1,0.6423,12920000,622,333,674
chr1,12920000,1,0.656,12930000,1183,585,1240
chr1,12930000,0.9999,0.6786,12940000,1362,634,1338
chr1,12940000,1,0.6897,12950000,1419,691,1359
chr1,12950000,0.914881,0.7004,12960000,1276,564,1486
chr1,12960000,1,0.69,12970000,1296,636,1480
chr1,12970000,0.97575,0.6292,12980000,1123,598,1172
chr1,12980000,1,0.6312,12990000,987,584,1078
chr1,12990000,1,0.6698,13000000,1295,651,1380
chr1,13000000,1,0.6322,13010000,1065,537,1165
chr1,13010000,1,0.6196,13020000,933,517,1010
chr1,13020000,0.9727,0.6623,13030000,1155,586,1290
chr1,13030000,0.96025,0.6479,13040000,887,490,1038
chr1,13040000,0.927203,0.6479,13050000,1102,561,1197
chr1,13050000,0.97755,0.6701,13060000,1366,741,1489
chr1,13060000,0.879572,0.6214,13070000,982,535,1085
chr1,13070000,1,0.6218,13080000,968,568,1016
chr1,13080000,0.789784,0.6586,13090000,804,351,966
chr1,13090000,0.968638,0.6808,13100000,1464,870,1690
chr1,13100000,0.932096,0.6108,13110000,882,557,1045
chr1,13110000,0.740187,0.6557,13120000,600,329,750
chr1,13120000,1,0.6521,13130000,1167,601,1159
chr1,13130000,0.790129,0.5267,13140000,531,218,618
chr1,13140000,0.916402,0.6243,13150000,1132,607,1291
chr1,13150000,0.99435,0.6862,13160000,1299,637,1453
chr1,13160000,0.998475,0.6271,13170000,858,469,1093
chr1,13170000,0.99322,0.7097,13180000,1846,919,1875
chr1,13180000,1,0.6448,13190000,1098,593,1196
chr1,13190000,0.99305,0.6396,13200000,1020,531,1056
chr1,13200000,1,0.6278,13210000,916,557,964
chr1,13210000,1,0.6447,13220000,1044,552,1119
chr1,13220000,0.9969,0.6137,13230000,926,545,1033
chr1,13230000,1,0.6428,13240000,1110,604,1243
chr1,13240000,0.982128,0.6464,13250000,1078,535,1242
chr1,13250000,1,0.6274,13260000,1135,583,1123
chr1,13260000,0.9664,0.5793,13270000,735,426,803
chr1,13270000,1,0.6511,13280000,1041,499,1145
chr1,13280000,0.981933,0.674,13290000,1343,689,1535
chr1,13290000,0.975967,0.6412,13300000,1134,584,1187
chr1,13300000,1,0.621,13310000,1072,553,1003
chr1,13310000,0.951542,0.6317,13320000,987,523,1157
chr1,13320000,0.962381,0.6741,13330000,1285,617,1286
chr1,13330000,0.994945,0.6878,13340000,1442,691,1582
chr1,13340000,0.9623,0.5804,13350000,976,484,1051
chr1,13350000,0.974761,0.5633,13360000,891,431,1005
chr1,13360000,0.722386,0.5743,13370000,685,320,837
chr1,13370000,0.611523,0.5146,13380000,363,194,446
chr1,13380000,1,0.6529,13390000,1135,628,1233
chr1,13390000,0.998983,0.7015,13400000,1315,640,1596
chr1,13400000,0.985762,0.6686,13410000,1296,586,1398
chr1,13410000,0.961595,0.598,13420000,881,434,1043
chr1,13420000,0.979667,0.6594,13430000,1207,610,1275
chr1,13430000,0.858567,0.5774,13440000,1541,1734,1489
chr1,13440000,1,0.6619,13450000,1207,710,1384
chr1,13450000,0.95895,0.6656,13460000,1212,663,1404
chr1,13460000,1,0.6231,13470000,4151,5775,4401
chr1,13470000,0.894509,0.6145,13480000,978,484,1078
chr1,13480000,0.965367,0.6796,13490000,1200,625,1332
chr1,13490000,0.92247,0.7005,13500000,1372,690,1513
chr1,13500000,1,0.6817,13510000,1357,633,1470
chr1,13510000,0.990717,0.6467,13520000,1421,722,1491
chr1,13520000,1,0.6441,13530000,1105,549,1159
chr1,13530000,0.99785,0.6637,13540000,1240,641,1322
chr1,13540000,0.9946,0.6969,13550000,1443,675,1606
chr1,13550000,1,0.6414,13560000,1129,609,1190
chr1,13560000,0.97275,0.6392,13570000,976,541,1126
chr1,13570000,0.91675,0.639,13580000,944,507,1084
chr1,13580000,1,0.6394,13590000,1118,607,1211
chr1,13590000,0.986433,0.7031,13600000,1548,693,1594
chr1,13600000,0.9625,0.6832,13610000,1179,609,1382
chr1,13610000,0.962242,0.7056,13620000,1374,640,1603
chr1,13620000,1,0.6166,13630000,1059,542,1101
chr1,13630000,0.861612,0.5702,13640000,680,318,879
chr1,13640000,0.885345,0.582,13650000,793,387,889
chr1,13650000,1,0.6378,13660000,1065,557,1139
chr1,13660000,1,0.6217,13670000,930,561,997
chr1,13670000,0.730004,0.6282,13680000,938,384,1069
chr1,13680000,0.997117,0.6469,13690000,1146,616,1214
chr1,13690000,1,0.6516,13700000,1168,643,1207
chr1,13700000,1,0.6072,13710000,702,389,769
chr1,13710000,1,0.6871,13720000,1398,684,1440
chr1,13720000,0.9971,0.6587,13730000,1260,619,1226
chr1,13730000,1,0.6124,13740000,951,489,1016
chr1,13740000,1,0.6531,13750000,1180,645,1270
chr1,13750000,1,0.6456,13760000,1230,667,1264
chr1,13760000,0.99545,0.6421,13770000,1236,575,1353
chr1,13770000,1,0.6222,13780000,990,532,1035
chr1,13780000,0.993742,0.6274,13790000,1158,600,1119
chr1,13790000,0.991492,0.614,13800000,923,477,931
chr1,13800000,1,0.65,13810000,1245,642,1288
chr1,13810000,0.97295,0.6439,13820000,965,523,1066
chr1,13820000,0.994517,0.7106,13830000,1562,698,1628
chr1,13830000,0.9976,0.6715,13840000,1325,661,1418
chr1,13840000,1,0.6393,13850000,1137,551,1292
chr1,13850000,0.99975,0.6358,13860000,1102,603,1144
chr1,13860000,0.910594,0.617,13870000,1052,536,1015
chr1,13870000,1,0.6193,13880000,1027,553,1048
chr1,13880000,0.987661,0.6437,13890000,1290,673,1382
chr1,13890000,1,0.6568,13900000,1193,616,1190
chr1,13900000,1,0.6598,13910000,1466,1188,1446
chr1,13910000,0.945495,0.6914,13920000,1269,641,1437
chr1,13920000,0.97705,0.6225,13930000,783,454,1019
chr1,13930000,1,0.6402,13940000,1121,576,1259
chr1,13940000,0.93803,0.6876,13950000,1297,607,1400
chr1,13950000,0.987043,0.7482,13960000,1866,936,2126
chr1,13960000,1,0.6873,13970000,1393,697,1402
chr1,13970000,0.998068,0.6668,13980000,1330,650,1363
chr1,13980000,0.940609,0.668,13990000,1314,659,1423
chr1,13990000,0.91687,0.6875,14000000,1216,613,1285
chr1,14000000,1,0.6416,14010000,1273,680,1264
chr1,14010000,0.957037,0.6556,14020000,1349,713,1405
chr1,14020000,0.974883,0.6135,14030000,1048,601,1029
chr1,14030000,0.976558,0.6484,14040000,1031,553,1101
chr1,14040000,0.993163,0.6596,14050000,1354,735,1366
chr1,14050000,0.997008,0.6795,14060000,1488,688,1579
chr1,14060000,0.998417,0.6155,14070000,1048,586,1108
chr1,14070000,1,0.641,14080000,1071,576,1177
chr1,14080000,0.961283,0.667,14090000,1141,596,1257
chr1,14090000,0.961286,0.6182,14100000,1018,526,1148
chr1,14100000,0.869129,0.592,14110000,734,387,919
chr1,14110000,0.9343,0.6233,14120000,1114,508,1171
chr1,14120000,0.996725,0.709,14130000,1550,748,1656
chr1,14130000,1,0.7039,14140000,1428,719,1543
chr1,14140000,1,0.6534,14150000,1384,661,1419
chr1,14150000,0.996667,0.6573,14160000,1237,641,1223
chr1,14160000,1,0.6281,14170000,1065,547,1087
chr1,14170000,0.963233,0.6419,14180000,1201,726,1352
chr1,14180000,0.994033,0.6158,14190000,1004,554,1035
chr1,14190000,0.986245,0.6399,14200000,986,596,1145
chr1,14200000,0.927916,0.6054,14210000,961,713,1086
chr1,14210000,0.923294,0.6295,14220000,938,508,1072
chr1,14220000,0.998958,0.6797,14230000,1386,630,1467
chr1,14230000,1,0.6664,14240000,1300,665,1434
chr1,14240000,0.974119,0.7103,14250000,1515,711,1601
chr1,14250000,1,0.6476,14260000,1090,622,1193
chr1,14260000,0.980505,0.6767,14270000,1315,563,1457
chr1,14270000,0.963626,0.6734,14280000,1236,582,1349
chr1,14280000,1,0.5838,14290000,777,461,792
chr1,14290000,0.965312,0.6245,14300000,949,557,1061
chr1,14300000,1,0.6481,14310000,1175,609,1236
chr1,14310000,0.996542,0.7061,14320000,1516,678,1580
chr1,14320000,0.992422,0.6795,14330000,1301,599,1402
chr1,14330000,0.99885,0.6562,14340000,1284,637,1381
chr1,14340000,0.851803,0.5192,14350000,664,417,734
chr1,14350000,0.780922,0.5421,14360000,967,590,1185
chr1,14360000,1,0.6593,14370000,1228,618,1341
chr1,14370000,0.994517,0.7041,14380000,1788,857,1831
chr1,14380000,1,0.6317,14390000,1220,635,1276
chr1,14390000,0.992625,0.6527,14400000,1185,639,1272
chr1,14400000,0.99565,0.6788,14410000,1384,669,1375
chr1,14410000,1,0.6714,14420000,1377,681,1396
chr1,14420000,0.936883,0.6193,14430000,1125,854,1171
chr1,14430000,0.9612,0.6542,14440000,1262,760,1285
chr1,14440000,0.975018,0.6358,14450000,1204,747,1359
chr1,14450000,0.925567,0.6535,14460000,1010,559,1204
chr1,14460000,0.99935,0.6231,14470000,981,599,1086
chr1,14470000,0.993967,0.637,14480000,1147,577,1202
chr1,14480000,0.988701,0.6293,14490000,1075,531,1178
chr1,14490000,0.989788,0.6589,14500000,1195,611,1423
chr1,14500000,0.965083,0.6591,14510000,1268,634,1328
chr1,14510000,0.874642,0.6262,14520000,1016,770,1000
chr1,14520000,0.9662,0.6654,14530000,1745,1257,1747
chr1,14530000,0.98635,0.5,14540000,705,429,808
chr1,14540000,0.985711,0.5674,14550000,949,548,957
chr1,14550000,0.973137,0.4981,14560000,698,325,820
chr1,14560000,0.997133,0.6333,14570000,1169,628,1170
chr1,14570000,0.808313,0.6468,14580000,1169,649,1163
chr1,14580000,0.783609,0.6667,14590000,923,443,1066
chr1,14590000,0.88782,0.6403,14600000,921,477,942
chr1,14600000,0.958053,0.6394,14610000,1080,498,1163
chr1,14610000,0.980475,0.6746,14620000,1281,598,1404
chr1,14620000,0.891167,0.6729,14630000,1044,515,1169
chr1,14630000,1,0.6637,14640000,1297,699,1320
chr1,14640000,0.905447,0.6413,14650000,1108,564,1249
chr1,14650000,0.7936,0.6111,14660000,769,396,869
chr1,14660000,0.987216,0.6802,14670000,1485,763,1561
chr1,14670000,1,0.6375,14680000,1038,605,1075
chr1,14680000,1,0.6872,14690000,1471,714,1498
chr1,14690000,0.986677,0.6546,14700000,1160,606,1291
chr1,14700000,0.858192,0.6327,14710000,1217,700,1284
chr1,14710000,0.567219,0.6112,14720000,668,313,738
chr1,14720000,0.99255,0.6788,14730000,1489,749,1498
chr1,14730000,0.998083,0.6768,14740000,1371,685,1411
chr1,14740000,1,0.6026,14750000,880,511,930
chr1,14750000,1,0.6195,14760000,945,534,1052
chr1,14760000,0.985617,0.6194,14770000,1052,558,1040
chr1,14770000,1,0.654,14780000,1420,708,1659
chr1,14780000,0.970282,0.6168,14790000,1077,602,1156
chr1,14790000,0.98875,0.6459,14800000,1443,952,1456
chr1,14800000,0.975282,0.6789,14810000,1323,633,1521
chr1,14810000,0.997267,0.637,14820000,1448,1294,1555
chr1,14820000,1,0.6273,14830000,1072,538,1092
chr1,14830000,1,0.6659,14840000,1221,636,1358
chr1,14840000,0.995858,0.6337,14850000,1023,538,1201
chr1,14850000,0.97715,0.6667,14860000,1324,661,1374
chr1,14860000,0.9227,0.6931,14870000,1316,566,1559
chr1,14870000,0.9949,0.6401,14880000,1313,1045,1304
chr1,14880000,0.97405,0.6814,14890000,1452,680,1545
chr1,14890000,0.841442,0.5992,14900000,596,340,772
chr1,14900000,1,0.6715,14910000,1336,671,1428
chr1,14910000,1,0.6438,14920000,1448,907,1573
chr1,14920000,0.99805,0.6552,14930000,1375,648,1320
chr1,14930000,0.949105,0.649,14940000,1406,714,1491
chr1,14940000,0.9862,0.6267,14950000,1002,603,1158
chr1,14950000,0.99525,0.7002,14960000,2094,1096,2001
chr1,14960000,0.995725,0.6611,14970000,1257,616,1330
chr1,14970000,1,0.6513,14980000,1104,614,1248
chr1,14980000,0.950092,0.6213,14990000,1006,551,1123
chr1,14990000,0.996559,0.6496,15000000,1268,619,1333
chr1,15000000,1,0.6781,15010000,1390,685,1458
chr1,15010000,1,0.631,15020000,1047,594,1144
chr1,15020000,0.9762,0.6224,15030000,1099,563,1182
chr1,15030000,1,0.6445,15040000,1222,608,1231
chr1,15040000,1,0.6941,15050000,1377,668,1433
chr1,15050000,0.941535,0.6982,15060000,1747,982,1869
chr1,15060000,0.99885,0.6881,15070000,1500,781,1701
chr1,15070000,0.994505,0.6596,15080000,1301,619,1363
chr1,15080000,0.938695,0.6363,15090000,1105,583,1270
chr1,15090000,0.975364,0.6635,15100000,1275,583,1369
chr1,15100000,0.796776,0.5068,15110000,829,516,911
chr1,15110000,0.979379,0.6679,15120000,2096,1154,2058
chr1,15120000,0.9899,0.6821,15130000,1451,617,1544
chr1,15130000,0.962875,0.5752,15140000,897,467,1077
chr1,15140000,0.974337,0.5818,15150000,1000,654,1059
chr1,15150000,0.98535,0.6641,15160000,1308,637,1354
chr1,15160000,0.984867,0.663,15170000,1317,636,1431
chr1,15170000,0.984345,0.5506,15180000,776,413,846
chr1,15180000,0.980167,0.5617,15190000,858,461,964
chr1,15190000,1,0.6239,15200000,1110,559,1147
chr1,15200000,0.753281,0.6705,15210000,929,515,897
chr1,15210000,0.369826,0.6327,15220000,54,33,90
chr1,15220000,0.372139,0.6357,15230000,60,15,74
chr1,15230000,0.689576,0.6143,15240000,389,188,424
chr1,15240000,0.967146,0.6288,15250000,945,544,1091
chr1,15250000,0.750342,0.6954,15260000,1046,465,1126
chr1,15260000,0.702977,0.6567,15270000,836,385,875
chr1,15270000,0.993162,0.6604,15280000,1285,670,1336
chr1,15280000,0.986818,0.6979,15290000,1542,717,1745
chr1,15290000,1,0.6275,15300000,1062,618,1092
chr1,15300000,0.990567,0.6309,15310000,1031,630,1216
chr1,15310000,0.9989,0.6784,15320000,1420,655,1555
chr1,15320000,0.9973,0.6937,15330000,1427,677,1629
chr1,15330000,0.859331,0.6789,15340000,1065,543,1159
chr1,15340000,0.919055,0.6061,15350000,1945,1412,1701
chr1,15350000,1,0.6508,15360000,1215,617,1376
chr1,15360000,0.9946,0.6495,15370000,1386,655,1427
chr1,15370000,0.87964,0.6464,15380000,1080,556,1143
chr1,15380000,0.871492,0.534,15390000,592,318,645
chr1,15390000,0.903707,0.5782,15400000,778,428,849
chr1,15400000,1,0.6374,15410000,1045,600,1132
chr1,15410000,0.953391,0.7174,15420000,1741,847,1796
chr1,15420000,0.943348,0.6572,15430000,1214,662,1273
chr1,15430000,0.921187,0.5998,15440000,976,523,1143
chr1,15440000,0.986288,0.7022,15450000,1618,771,1782
chr1,15450000,0.975332,0.6887,15460000,1598,756,1636
chr1,15460000,0.807742,0.6067,15470000,806,471,902
chr1,15470000,0.807756,0.6934,15480000,1182,646,1425
chr1,15480000,0.737512,0.6348,15490000,827,443,980
chr1,15490000,1,0.6245,15500000,1066,561,1157
chr1,15500000,1,0.6329,15510000,1184,600,1230
chr1,15510000,0.977858,0.6438,15520000,1227,676,1289
chr1,15520000,0.99855,0.6867,15530000,1535,737,1452
chr1,15530000,0.936744,0.661,15540000,1289,708,1330
chr1,15540000,0.972033,0.6527,15550000,1221,606,1291
chr1,15550000,0.99985,0.636,15560000,1241,711,1374
chr1,15560000,0.981149,0.6476,15570000,1655,1013,1865
chr1,15570000,0.846623,0.6214,15580000,2261,1760,2329
chr1,15580000,0.777113,0.6165,15590000,1306,824,1508
chr1,15590000,0.99285,0.6093,15600000,962,605,1075
chr1,15600000,0.9992,0.6934,15610000,1761,801,1798
chr1,15610000,0.9978,0.6458,15620000,1179,632,1232
chr1,15620000,0.878612,0.6276,15630000,1038,514,1125
chr1,15630000,0.876766,0.6022,15640000,892,524,1162
chr1,15640000,0.976387,0.5251,15650000,774,489,897
chr1,15650000,0.98895,0.6413,15660000,1226,674,1357
chr1,15660000,0.987081,0.6959,15670000,1551,745,1659
chr1,15670000,0.9978,0.6363,15680000,1170,605,1182
chr1,15680000,0.999,0.6247,15690000,1059,607,1078
chr1,15690000,0.992058,0.6496,15700000,1254,601,1276
chr1,15700000,0.954653,0.6185,15710000,1320,785,1400
chr1,15710000,0.98355,0.6641,15720000,1309,617,1471
chr1,15720000,1,0.5893,15730000,798,483,756
chr1,15730000,1,0.6293,15740000,942,566,1063
chr1,15740000,0.913783,0.6627,15750000,998,534,1177
chr1,15750000,0.878335,0.5012,15760000,504,280,605
chr1,15760000,0.989108,0.6144,15770000,1041,541,1005
chr1,15770000,0.995678,0.6413,15780000,1141,617,1182
chr1,15780000,0.849625,0.6777,15790000,1218,617,1426
chr1,15790000,0.99952,0.6554,15800000,1411,772,1508
chr1,15800000,0.9979,0.6689,15810000,1403,856,1429
chr1,15810000,0.9799,0.6665,15820000,1342,791,1451
chr1,15820000,0.983025,0.6267,15830000,1907,1350,1951
chr1,15830000,0.968793,0.6699,15840000,1688,1076,1626
chr1,15840000,0.957775,0.637,15850000,1323,1299,1412
chr1,15850000,1,0.6273,15860000,999,478,1052
chr1,15860000,0.9959,0.6778,15870000,1481,718,1576
chr1,15870000,0.99755,0.5887,15880000,848,518,959
chr1,15880000,0.922869,0.6421,15890000,1112,596,1251
chr1,15890000,0.90077,0.6192,15900000,905,453,967
chr1,15900000,0.995,0.6088,15910000,896,564,990
chr1,15910000,0.775232,0.5561,15920000,596,307,683
chr1,15920000,0.470611,0.5136,15930000,277,132,370
chr1,15930000,0.723773,0.5706,15940000,522,295,665
chr1,15940000,1,0.6224,15950000,940,564,991
chr1,15950000,1,0.6098,15960000,953,539,1041
chr1,15960000,0.9399,0.6532,15970000,1090,547,1065
chr1,15970000,0.946687,0.6808,15980000,1282,649,1409
chr1,15980000,1,0.6237,15990000,970,605,1029
chr1,15990000,0.995692,0.6266,16000000,1422,948,1495
chr1,16000000,0.9989,0.6937,16010000,1406,741,1531
chr1,16010000,0.99135,0.6581,16020000,1246,690,1501
chr1,16020000,0.970317,0.6818,16030000,1420,655,1472
chr1,16030000,0.966,0.6203,16040000,1108,737,1346
chr1,16040000,0.99593,0.6242,16050000,1236,679,1290
chr1,16050000,0.911503,0.6171,16060000,996,632,1102
chr1,16060000,1,0.6681,16070000,1348,707,1441
chr1,16070000,1,0.6113,16080000,702,468,775
chr1,16080000,0.9904,0.6244,16090000,977,933,1069
chr1,16090000,0.877307,0.6575,16100000,727,682,894
chr1,16100000,0.9723,0.6661,16110000,962,868,1053
chr1,16110000,0.797032,0.6303,16120000,623,599,705
chr1,16120000,0.650902,0.6426,16130000,544,561,561
chr1,16130000,0.940042,0.6132,16140000,1065,1086,1060
chr1,16140000,1,0.6351,16150000,910,979,947
chr1,16150000,1,0.6451,16160000,1218,1203,1270
chr1,16160000,0.9719,0.6561,16170000,1131,1145,1237
chr1,16170000,0.9916,0.6172,16180000,912,1048,1113
chr1,16180000,0.9994,0.6588,16190000,1468,1452,1580
chr1,16190000,1,0.6349,16200000,1083,1130,1188
chr1,16200000,0.954567,0.6648,16210000,1156,1176,1257
chr1,16210000,0.9753,0.6636,16220000,1648,1513,1612
chr1,16220000,0.963925,0.6317,16230000,1129,1121,1273
chr1,16230000,0.993342,0.709,16240000,1563,1516,1740
chr1,16240000,0.947808,0.5478,16250000,1707,1629,1589
chr1,16250000,0.9397,0.6268,16260000,1187,1129,1238
chr1,16260000,1,0.5909,16270000,960,1055,1062
chr1,16270000,0.989225,0.6677,16280000,1276,1306,1386
chr1,16280000,0.981133,0.6608,16290000,1103,1185,1350
chr1,16290000,0.715923,0.5393,16300000,483,516,495
chr1,16300000,0.722148,0.5375,16310000,514,559,530
chr1,16310000,1,0.6838,16320000,1428,1344,1530
chr1,16320000,0.957,0.669,16330000,1233,1215,1406
chr1,16330000,0.976876,0.6861,16340000,1295,1230,1371
chr1,16340000,0.9298,0.6727,16350000,1248,1179,1292
chr1,16350000,0.98615,0.6295,16360000,1139,1183,1251
chr1,16360000,0.89535,0.6526,16370000,1197,1257,1189
chr1,16370000,0.925281,0.623,16380000,917,976,1053
chr1,16380000,0.806204,0.5453,16390000,558,545,755
chr1,16390000,0.764536,0.5722,16400000,618,574,679
chr1,16400000,0.845063,0.5908,16410000,713,672,895
chr1,16410000,0.94765,0.6088,16420000,895,912,1028
chr1,16420000,1,0.5038,16430000,765,835,785
chr1,16430000,0.9599,0.6407,16440000,1008,993,1071
chr1,16440000,0.865806,0.6007,16450000,889,864,1028
chr1,16450000,0.943028,0.6262,16460000,1020,1010,1205
chr1,16460000,0.903142,0.6711,16470000,1033,1010,1142
chr1,16470000,0.9633,0.7073,16480000,1645,1500,1724
chr1,16480000,0.852589,0.6355,16490000,818,848,970
chr1,16490000,0.904549,0.5618,16500000,763,780,970
chr1,16500000,0.88122,0.5937,16510000,807,809,960
chr1,16510000,0.86716,0.566,16520000,705,793,824
chr1,16520000,0.90427,0.4987,16530000,469,483,561
chr1,16530000,0.866603,0.5018,16540000,757,795,783
chr1,16540000,0.833827,0.5506,16550000,882,823,891
chr1,16550000,0.570988,0.5588,16560000,392,356,431
chr1,16560000,0.776144,0.5468,16570000,499,490,637
chr1,16570000,0.563382,0.5286,16580000,198,179,273
chr1,16580000,0.884812,0.5747,16590000,994,834,931
chr1,16590000,0.883936,0.6165,16600000,998,997,1022
chr1,16600000,0.904133,0.6804,16610000,933,907,1236
chr1,16610000,0.872205,0.668,16620000,1098,1066,1243
chr1,16620000,0.779865,0.6955,16630000,843,755,1030
chr1,16630000,0.98855,0.5153,16640000,1033,1007,1012
chr1,16640000,0.88796,0.5754,16650000,4382,3852,3372
chr1,16650000,0.879324,0.5749,16660000,4853,4317,3739
chr1,16660000,0.937495,0.6701,16670000,1197,1086,1301
chr1,16670000,0.864826,0.643,16680000,750,702,875
chr1,16680000,0.895527,0.7132,16690000,1329,1225,1423
chr1,16690000,0.9912,0.6329,16700000,1080,1114,1078
chr1,16700000,0.996317,0.6209,16710000,888,917,1010
chr1,16710000,0.99635,0.6393,16720000,1120,1256,1238
chr1,16720000,0.9936,0.6259,16730000,1740,1740,1513
chr1,16730000,0.933325,0.5988,16740000,2230,1881,1745
chr1,16740000,0.990033,0.6711,16750000,1422,1365,1490
chr1,16750000,0.975384,0.6326,16760000,1191,1236,1332
chr1,16760000,0.9988,0.6484,16770000,1226,1310,1242
chr1,16770000,0.858703,0.6155,16780000,916,1005,1045
chr1,16780000,0.925425,0.649,16790000,987,941,1013
chr1,16790000,0.983858,0.6987,16800000,1475,1386,1620
chr1,16800000,1,0.6106,16810000,1125,1147,1257
chr1,16810000,1,0.6236,16820000,1113,1267,1286
chr1,16820000,1,0.6181,16830000,1108,1188,1177
chr1,16830000,0.97685,0.6405,16840000,1097,1203,1177
chr1,16840000,0.917463,0.6152,16850000,903,937,1048
chr1,16850000,0.938375,0.6087,16860000,928,895,1036
chr1,16860000,0.90756,0.6364,16870000,934,1004,1081
chr1,16870000,0.942687,0.7191,16880000,1446,1295,1540
chr1,16880000,0.9924,0.6353,16890000,1117,1193,1159
chr1,16890000,0.992067,0.6566,16900000,1198,1269,1271
chr1,16900000,0.9527,0.6561,16910000,1177,1199,1278
chr1,16910000,0.982067,0.6667,16920000,1349,1366,1468
chr1,16920000,0.99845,0.626,16930000,1839,1993,1868
chr1,16930000,0.993517,0.6512,16940000,1370,1418,1496
chr1,16940000,1,0.6417,16950000,1072,1220,1201
chr1,16950000,0.952272,0.6149,16960000,967,1017,1060
chr1,16960000,0.9985,0.6938,16970000,1408,1269,1513
chr1,16970000,0.994067,0.6578,16980000,1354,1388,1358
chr1,16980000,0.9963,0.6476,16990000,1308,1327,1362
chr1,16990000,1,0.6385,17000000,1100,1166,1191
chr1,17000000,1,0.6067,17010000,958,1083,973
chr1,17010000,0.9861,0.6531,17020000,1339,1310,1524
chr1,17020000,0.926086,0.6809,17030000,1387,1211,1561
chr1,17030000,0.891908,0.6447,17040000,1704,1594,1734
chr1,17040000,0.926585,0.6305,17050000,1589,1425,1605
chr1,17050000,0.9824,0.6165,17060000,1697,1922,1695
chr1,17060000,0.97301,0.6605,17070000,1328,1387,1529
chr1,17070000,1,0.6103,17080000,1032,1101,1039
chr1,17080000,0.9907,0.6627,17090000,1323,1285,1435
chr1,17090000,0.888658,0.6957,17100000,1217,1189,1424
chr1,17100000,1,0.6037,17110000,916,1014,906
chr1,17110000,1,0.6625,17120000,1231,1261,1317
chr1,17120000,0.950558,0.631,17130000,1106,1112,1202
chr1,17130000,0.961562,0.6548,17140000,2183,2243,2132
chr1,17140000,0.843991,0.6091,17150000,865,861,935
chr1,17150000,0.99475,0.633,17160000,1263,1259,1222
chr1,17160000,1,0.6213,17170000,1327,1299,1246
chr1,17170000,0.926775,0.6204,17180000,967,1000,1007
chr1,17180000,0.949583,0.6505,17190000,1029,1087,1128
chr1,17190000,0.923067,0.6356,17200000,1004,1028,1051
chr1,17200000,0.967198,0.6199,17210000,1421,1324,1397
chr1,17210000,0.986717,0.6546,17220000,1220,1215,1300
chr1,17220000,0.991033,0.714,17230000,1625,1529,1959
chr1,17230000,0.9547,0.624,17240000,879,968,965
chr1,17240000,0.945117,0.6745,17250000,1326,1264,1477
chr1,17250000,0.924236,0.666,17260000,1427,1548,1450
chr1,17260000,0.942217,0.6619,17270000,1434,1796,1902
chr1,17270000,0.97245,0.638,17280000,1643,2168,2376
chr1,17280000,0.9949,0.6226,17290000,1091,1183,1157
chr1,17290000,0.90521,0.6175,17300000,921,926,1215
chr1,17300000,1,0.6433,17310000,1204,1207,1383
chr1,17310000,0.994531,0.6133,17320000,1399,1387,1376
chr1,17320000,0.96306,0.635,17330000,1087,1014,1069
chr1,17330000,0.984483,0.7056,17340000,1573,1428,1646
chr1,17340000,0.99685,0.6927,17350000,1147,990,1301
chr1,17350000,0.999,0.6779,17360000,1026,1021,1230
chr1,17360000,0.9998,0.6441,17370000,1075,1043,1173
chr1,17370000,0.943624,0.6894,17380000,1192,1185,1345
chr1,17380000,0.995283,0.6817,17390000,1393,1357,1450
chr1,17390000,0.937739,0.6259,17400000,1228,1418,1541
chr1,17400000,0.972,0.6485,17410000,1445,1402,1491
chr1,17410000,0.985558,0.6678,17420000,1275,1270,1307
chr1,17420000,0.976281,0.6084,17430000,899,983,1074
chr1,17430000,0.54299,0.6054,17440000,654,633,734
chr1,17440000,0.979166,0.5152,17450000,707,669,739
chr1,17450000,0.798706,0.5548,17460000,574,574,687
chr1,17460000,0.926344,0.6716,17470000,1349,1262,1491
chr1,17470000,0.848437,0.618,17480000,948,953,985
chr1,17480000,0.556663,0.6121,17490000,576,553,746
chr1,17490000,0.97785,0.6788,17500000,1435,1354,1391
chr1,17500000,0.898543,0.6732,17510000,1167,1022,1332
chr1,17510000,0.9459,0.659,17520000,1284,1240,1371
chr1,17520000,0.983983,0.5759,17530000,1035,979,1082
chr1,17530000,0.976278,0.574,17540000,881,865,1039
chr1,17540000,0.93395,0.6944,17550000,1383,1259,1662
chr1,17550000,0.94375,0.6895,17560000,2008,1838,2370
chr1,17560000,0.926767,0.695,17570000,2301,2128,2588
chr1,17570000,0.909033,0.6869,17580000,1833,1746,2083
chr1,17580000,0.908065,0.6419,17590000,978,995,1220
chr1,17590000,1,0.6572,17600000,1141,1262,1321
chr1,17600000,1,0.6626,17610000,1273,1276,1481
chr1,17610000,0.961978,0.6911,17620000,1267,1372,1384
chr1,17620000,0.969902,0.6833,17630000,1416,1400,1567
chr1,17630000,1,0.6056,17640000,1007,1066,1106
chr1,17640000,0.846668,0.5947,17650000,674,697,849
chr1,17650000,0.787589,0.5098,17660000,480,464,539
chr1,17660000,0.827607,0.5474,17670000,644,627,775
chr1,17670000,0.996472,0.653,17680000,1198,1269,1273
chr1,17680000,0.754474,0.6523,17690000,1073,955,1215
chr1,17690000,0.997908,0.6676,17700000,1394,1284,1411
chr1,17700000,0.98465,0.686,17710000,1436,1354,1561
chr1,17710000,0.790514,0.5613,17720000,674,724,732
chr1,17720000,0.85711,0.6041,17730000,956,1066,1068
chr1,17730000,1,0.6425,17740000,1261,1409,1285
chr1,17740000,1,0.6632,17750000,1348,1410,1350
chr1,17750000,0.997717,0.6351,17760000,1311,1201,1347
chr1,17760000,0.508639,0.5906,17770000,673,598,756
chr1,17770000,0.512191,0.4968,17780000,208,218,272
chr1,17780000,0.9989,0.653,17790000,1282,1335,1404
chr1,17790000,0.994933,0.6544,17800000,1385,1346,1434
chr1,17800000,0.978654,0.7131,17810000,1577,1545,1693
chr1,17810000,0.948587,0.6628,17820000,1231,1214,1410
chr1,17820000,0.999183,0.6561,17830000,1287,1348,1464
chr1,17830000,0.895811,0.7151,17840000,1516,1308,1626
chr1,17840000,0.963837,0.6688,17850000,1357,1273,1481
chr1,17850000,1,0.6693,17860000,1382,1389,1411
chr1,17860000,0.9983,0.6798,17870000,1415,1381,1481
chr1,17870000,0.993175,0.6302,17880000,1195,1240,1185
chr1,17880000,0.946817,0.5614,17890000,1337,1186,1439
chr1,17890000,0.936039,0.6627,17900000,1261,1173,1429
chr1,17900000,0.946267,0.6783,17910000,1348,1260,1426
chr1,17910000,0.958657,0.6773,17920000,1327,1332,1426
chr1,17920000,0.998917,0.7138,17930000,1596,1453,1776
chr1,17930000,0.942314,0.6738,17940000,1332,1250,1468
chr1,17940000,0.966242,0.6505,17950000,1371,1380,1463
chr1,17950000,0.98781,0.517,17960000,782,770,829
chr1,17960000,0.99531,0.608,17970000,1001,1060,1121
chr1,17970000,1,0.7097,17980000,1889,1768,2009
chr1,17980000,0.991523,0.6972,17990000,1558,1464,1677
chr1,17990000,0.88064,0.6443,18000000,948,1021,1151
chr1,18000000,0.802667,0.6287,18010000,805,790,995
chr1,18010000,0.970002,0.6886,18020000,1565,1454,1552
chr1,18020000,0.978043,0.609,18030000,898,1061,951
chr1,18030000,0.981492,0.6563,18040000,1368,1323,1556
chr1,18040000,0.98335,0.626,18050000,1108,1107,1208
chr1,18050000,0.9835,0.6729,18060000,1299,1276,1359
chr1,18060000,0.904127,0.6676,18070000,1313,1174,1474
chr1,18070000,0.99335,0.709,18080000,1669,1594,1851
chr1,18080000,0.9966,0.5921,18090000,1111,1171,1188
chr1,18090000,0.99995,0.61,18100000,1256,1203,1331
chr1,18100000,1,0.6796,18110000,1943,1750,1721
chr1,18110000,0.71155,0.5916,18120000,1786,1517,1402
chr1,18120000,0.269007,0.5657,18130000,96,89,141
chr1,18130000,0.898941,0.6808,18140000,1541,1329,1666
chr1,18140000,0.967735,0.6359,18150000,1273,1231,1337
chr1,18150000,0.9971,0.6122,18160000,1077,1195,1098
chr1,18160000,0.980754,0.6481,18170000,1225,1178,1341
chr1,18170000,1,0.649,18180000,1246,1295,1345
chr1,18180000,0.975993,0.6909,18190000,1494,1414,1662
chr1,18190000,0.987434,0.6682,18200000,1364,1267,1428
chr1,18200000,1,0.6567,18210000,1214,1336,1382
chr1,18210000,1,0.6212,18220000,1517,1820,1471
chr1,18220000,0.99855,0.6597,18230000,1220,1270,1286
chr1,18230000,0.948381,0.7372,18240000,1634,1541,1811
chr1,18240000,0.845664,0.5884,18250000,679,685,891
chr1,18250000,0.773561,0.6082,18260000,612,646,745
chr1,18260000,0.9965,0.6634,18270000,1377,1348,1419
chr1,18270000,0.992733,0.6287,18280000,1050,1135,1139
chr1,18280000,1,0.6008,18290000,896,1017,906
chr1,18290000,1,0.6235,18300000,1009,1116,1011
chr1,18300000,0.975973,0.7452,18310000,1720,1560,1946
chr1,18310000,0.883148,0.622,18320000,1023,1009,1181
chr1,18320000,0.98955,0.6453,18330000,1250,1203,1306
chr1,18330000,0.792019,0.5338,18340000,590,634,768
chr1,18340000,0.945131,0.6481,18350000,1236,1252,1298
chr1,18350000,0.884006,0.6243,18360000,982,1046,1131
chr1,18360000,0.89233,0.5702,18370000,924,897,991
chr1,18370000,0.9987,0.5107,18380000,723,735,758
chr1,18380000,0.977838,0.7088,18390000,1662,1528,1845
chr1,18390000,1,0.6168,18400000,1106,1122,1122
chr1,18400000,0.960045,0.7039,18410000,1561,1446,1754
chr1,18410000,0.850678,0.659,18420000,1132,1082,1326
chr1,18420000,0.99895,0.6814,18430000,1473,1438,1607
chr1,18430000,0.996533,0.6086,18440000,1045,1046,1168
chr1,18440000,1,0.6616,18450000,1392,1363,1492
chr1,18450000,0.991065,0.6073,18460000,979,986,1040
chr1,18460000,0.978908,0.6936,18470000,1369,1371,1456
chr1,18470000,0.965194,0.6537,18480000,1304,1360,1435
chr1,18480000,0.962807,0.6093,18490000,1085,1058,1089
chr1,18490000,0.88416,0.6024,18500000,883,752,967
chr1,18500000,0.920899,0.5811,18510000,999,983,1070
chr1,18510000,0.95575,0.6091,18520000,1131,1111,1234
chr1,18520000,0.973783,0.6691,18530000,1246,1256,1309
chr1,18530000,0.963911,0.6265,18540000,1087,1077,1206
chr1,18540000,0.81434,0.5692,18550000,634,554,740
chr1,18550000,0.606611,0.4897,18560000,285,291,345
chr1,18560000,0.4263,0.5714,18570000,315,294,400
chr1,18570000,0.9931,0.6182,18580000,1036,1022,1127
chr1,18580000,0.976,0.6176,18590000,1066,1012,1144
chr1,18590000,0.987217,0.6675,18600000,1298,1258,1442
chr1,18600000,0.975,0.6443,18610000,1254,1233,1281
chr1,18610000,1,0.6022,18620000,1315,1351,1192
chr1,18620000,1,0.6768,18630000,1398,1328,1417
chr1,18630000,0.995628,0.6691,18640000,1283,1337,1385
chr1,18640000,0.991245,0.5903,18650000,977,993,1176
chr1,18650000,0.9998,0.5883,18660000,969,862,1038
chr1,18660000,0.9994,0.7158,18670000,1546,1480,1657
chr1,18670000,0.9998,0.6948,18680000,1455,1474,1519
chr1,18680000,0.415807,0.6058,18690000,485,478,545
chr1,18690000,0.734819,0.5893,18700000,580,520,708
chr1,18700000,0.90601,0.5953,18710000,728,695,825
chr1,18710000,0.997035,0.6534,18720000,1213,1210,1241
chr1,18720000,0.9972,0.6527,18730000,1331,1205,1258
chr1,18730000,1,0.6056,18740000,1015,1053,1108
chr1,18740000,0.706009,0.6382,18750000,915,794,955
chr1,18750000,0.423202,0.5758,18760000,347,302,381
chr1,18760000,0.928602,0.5807,18770000,729,710,901
chr1,18770000,0.995092,0.6601,18780000,1285,1347,1344
chr1,18780000,0.973733,0.6593,18790000,1238,1327,1413
chr1,18790000,1,0.6318,18800000,1090,1155,1164
chr1,18800000,0.977933,0.6184,18810000,2075,2026,1440
chr1,18810000,0.928711,0.5913,18820000,1174,1126,1059
chr1,18820000,0.856482,0.5867,18830000,753,771,840
chr1,18830000,0.594077,0.6145,18840000,513,463,521
chr1,18840000,0.2772,0.5922,18850000,306,226,254
chr1,18850000,0.348737,0.5961,18860000,225,183,247
chr1,18860000,0.284961,0.602,18870000,66,70,86
chr1,18870000,0.342806,0.6154,18880000,219,215,283
chr1,18880000,0.43506,0.6038,18890000,327,347,374
chr1,18890000,0.445474,0.5767,18900000,220,178,219
chr1,18900000,0.287291,0.6107,18910000,154,152,164
chr1,18910000,0.263074,0.6134,18920000,121,134,151
chr1,18920000,0.292478,0.6131,18930000,214,156,202
chr1,18930000,0.306684,0.6108,18940000,310,263,240
chr1,18940000,0.369608,0.6107,18950000,284,258,303
chr1,18950000,0.362146,0.6141,18960000,386,367,382
chr1,18960000,0.236973,0.5898,18970000,207,182,193
chr1,18970000,0.205129,0.6148,18980000,99,73,101
chr1,18980000,0.339411,0.5862,18990000,320,300,323
chr1,18990000,0.417823,0.6136,19000000,404,363,396
chr1,19000000,0.322552,0.5971,19010000,211,168,202
chr1,19010000,0.178147,0.5835,19020000,82,76,83
chr1,19020000,0.267814,0.5921,19030000,247,228,235
chr1,19030000,0.339224,0.59,19040000,211,228,287
chr1,19040000,0.227178,0.61,19050000,121,111,147
chr1,19050000,0.235364,0.5951,19060000,308,352,259
chr1,19060000,0.210739,0.5741,19070000,87,62,73
chr1,19070000,0.187558,0.5932,19080000,102,110,160
chr1,19080000,0.279902,0.6096,19090000,204,181,187
chr1,19090000,0.152117,0.6129,19100000,46,47,65
chr1,19100000,0.337939,0.6113,19110000,260,203,284
chr1,19110000,0.2943,0.6081,19120000,327,433,467
chr1,19120000,0.190319,0.5798,19130000,118,116,161
chr1,19130000,0.27877,0.5985,19140000,173,185,209
chr1,19140000,0.149254,0.5888,19150000,43,38,45
chr1,19150000,0.141758,0.5844,19160000,11,23,16
chr1,19160000,0.206731,0.5929,19170000,74,88,138
chr1,19170000,0.194108,0.6135,19180000,115,91,137
chr1,19180000,0.311202,0.6051,19190000,188,185,212
chr1,19190000,0.331802,0.5974,19200000,241,220,288
chr1,19200000,0.27933,0.6089,19210000,1151,855,811
chr1,19210000,0.215622,0.5881,19220000,162,132,169
chr1,19220000,0.476128,0.5999,19230000,336,319,339
chr1,19230000,0.387199,0.5839,19240000,281,258,304
chr1,19240000,0.282525,0.6033,19250000,205,184,236
chr1,19250000,0.208081,0.5927,19260000,128,110,149
chr1,19260000,0.224593,0.5917,19270000,115,131,136
chr1,19270000,0.225699,0.605,19280000,114,107,125
chr1,19280000,0.216416,0.5861,19290000,150,124,133
chr1,19290000,0.184531,0.6129,19300000,74,55,84
chr1,19300000,0.197468,0.59,19310000,107,86,114
chr1,19310000,0.382035,0.5884,19320000,219,214,206
chr1,19320000,0.284154,0.5887,19330000,152,168,226
chr1,19330000,0.200216,0.5794,19340000,88,67,135
chr1,19340000,0.281288,0.5867,19350000,166,154,250
chr1,19350000,0.27112,0.5831,19360000,166,184,233
chr1,19360000,0.29076,0.5916,19370000,179,202,233
chr1,19370000,0.209693,0.6086,19380000,137,125,154
chr1,19380000,0.135039,0.6109,19390000,79,79,87
chr1,19390000,0.17398,0.6118,19400000,138,123,157
chr1,19400000,0.210827,0.5884,19410000,138,147,174
chr1,19410000,0.191587,0.5947,19420000,160,107,148
chr1,19420000,0.235316,0.5918,19430000,162,112,183
chr1,19430000,0.209009,0.5963,19440000,144,122,192
chr1,19440000,0.241833,0.5875,19450000,190,168,236
chr1,19450000,0.356896,0.6131,19460000,343,291,301
chr1,19460000,0.275576,0.5857,19470000,233,194,229
chr1,19470000,0.247739,0.614,19480000,224,171,189
chr1,19480000,0.233985,0.6059,19490000,207,200,220
chr1,19490000,0.156355,0.5888,19500000,96,104,121
chr1,19500000,0.214599,0.6105,19510000,195,170,147
chr1,19510000,0.250064,0.5838,19520000,156,143,167
chr1,19520000,0.194712,0.5638,19530000,83,79,136
chr1,19530000,0.188539,0.5862,19540000,114,108,140
chr1,19540000,0.131207,0.5844,19550000,77,82,99
chr1,19550000,0.173271,0.6051,19560000,155,156,189
chr1,19560000,0.10477,0.5923,19570000,69,64,81
chr1,19570000,0.0985306,0.6156,19580000,84,73,91
chr1,19580000,0.116966,0.6141,19590000,90,87,121
chr1,19590000,0.155126,0.5893,19600000,62,53,74
chr1,19600000,0.144024,0.61,19610000,111,111,137
chr1,19610000,0.186519,0.6121,19620000,200,167,176
chr1,19620000,0.115463,0.5883,19630000,65,69,81
chr1,19630000,0.108814,0.612,19640000,600,497,318
chr1,19640000,0.134657,0.6127,19650000,113,106,119
chr1,19650000,0.18757,0.5904,19660000,75,80,105
chr1,19660000,0.154412,0.6004,19670000,130,103,111
chr1,19670000,0.343231,0.5871,19680000,280,263,304
chr1,19680000,0.221059,0.5886,19690000,138,120,170
chr1,19690000,0.235768,0.6096,19700000,173,147,227
chr1,19700000,0.305455,0.6054,19710000,530,566,534
chr1,19710000,0.134303,0.5669,19720000,39,39,70
chr1,19720000,0.216119,0.5741,19730000,117,108,113
chr1,19730000,0.226919,0.5902,19740000,134,117,184
chr1,19740000,0.224664,0.5906,19750000,224,199,225
chr1,19750000,0.151872,0.5702,19760000,96,84,125
chr1,19760000,0.184486,0.5731,19770000,94,113,135
chr1,19770000,0.204313,0.5784,19780000,123,117,179
chr1,19780000,0.201696,0.5722,19790000,77,81,104
chr1,19790000,0.226875,0.5799,19800000,79,80,90
chr1,19800000,0.155906,0.5664,19810000,100,59,122
chr1,19810000,0.266713,0.6081,19820000,141,155,178
chr1,19820000,0.242937,0.6125,19830000,189,177,188
chr1,19830000,0.232357,0.5908,19840000,151,139,171
chr1,19840000,0.248681,0.607,19850000,97,106,137
chr1,19850000,0.242119,0.6067,19860000,429,383,307
chr1,19860000,0.167735,0.5872,19870000,126,112,164
chr1,19870000,0.286741,0.5793,19880000,307,229,211
chr1,19880000,0.283451,0.5801,19890000,238,239,266
chr1,19890000,0.18746,0.5886,19900000,109,100,141
chr1,19900000,0.163681,0.6045,19910000,122,116,118
chr1,19910000,0.156027,0.582,19920000,55,52,90
chr1,19920000,0.213391,0.5835,19930000,131,89,115
chr1,19930000,0.254767,0.6092,19940000,230,226,270
chr1,19940000,0.175187,0.6104,19950000,102,91,141
chr1,19950000,0.155311,0.61,19960000,157,151,162
chr1,19960000,0.111735,0.6118,19970000,93,79,110
chr1,19970000,0.136426,0.5871,19980000,79,72,89
chr1,19980000,0.133527,0.5927,19990000,113,99,117
chr1,19990000,0.401606,0.5809,20000000,300,241,329
chr1,20000000,0.430141,0.6005,20010000,798,604,716
chr1,20010000,0.296987,0.5677,20020000,188,169,237
chr1,20020000,0.18927,0.5815,20030000,90,127,127
chr1,20030000,0.139058,0.6095,20040000,510,326,357
chr1,20040000,0.255212,0.6121,20050000,124,117,157
chr1,20050000,0.207319,0.5799,20060000,165,140,171
chr1,20060000,0.262585,0.5806,20070000,497,392,374
chr1,20070000,0.178561,0.6004,20080000,143,106,186
chr1,20080000,0.305335,0.5836,20090000,188,188,238
chr1,20090000,0.276129,0.586,20100000,165,195,204
chr1,20100000,0.179469,0.5687,20110000,94,91,135
chr1,20110000,0.22185,0.5754,20120000,129,123,179
chr1,20120000,0.322783,0.5861,20130000,211,159,216
chr1,20130000,0.285173,0.6071,20140000,638,1203,877
chr1,20140000,0.374467,0.5934,20150000,175,165,216
chr1,20150000,0.241728,0.6179,20160000,109,121,139
chr1,20160000,0.228778,0.614,20170000,115,111,124
chr1,20170000,0.280875,0.6069,20180000,151,136,197
chr1,20180000,0.211252,0.5754,20190000,241,190,213
chr1,20190000,0.219242,0.5703,20200000,118,96,166
chr1,20200000,0.194775,0.5884,20210000,81,94,100
chr1,20210000,0.336937,0.5825,20220000,236,252,287
chr1,20220000,0.258182,0.6128,20230000,241,212,266
chr1,20230000,0.0843613,0.6128,20240000,55,38,54
chr1,20240000,0.345922,0.6119,20250000,260,256,314
chr1,20250000,0.233858,0.6086,20260000,173,156,194
chr1,20260000,0.215516,0.5973,20270000,146,115,136
chr1,20270000,0.178421,0.5852,20280000,156,103,107
chr1,20280000,0.0879768,0.612,20290000,45,29,47
chr1,20290000,0.158273,0.6113,20300000,80,60,78
chr1,20300000,0.135267,0.596,20310000,132,112,173
chr1,20310000,0.178094,0.5823,20320000,94,104,112
chr1,20320000,0.300266,0.5748,20330000,156,149,222
chr1,20330000,0.224834,0.5661,20340000,150,135,177
chr1,20340000,0.225414,0.6013,20350000,127,127,142
chr1,20350000,0.140897,0.6149,20360000,120,100,131
chr1,20360000,0.164292,0.6002,20370000,102,95,121
chr1,20370000,0.324251,0.5946,20380000,217,178,207
chr1,20380000,0.0928412,0.6131,20390000,77,66,71
chr1,20390000,0.103845,0.6127,20400000,90,71,61
chr1,20400000,0.124721,0.6004,20410000,79,62,85
chr1,20410000,0.192526,0.6,20420000,132,149,170
chr1,20420000,0.118732,0.6115,20430000,143,102,122
chr1,20430000,0.0914536,0.6128,20440000,43,33,54
chr1,20440000,0.132903,0.6116,20450000,104,95,110
chr1,20450000,0.191367,0.6063,20460000,180,151,163
chr1,20460000,0.234708,0.5847,20470000,190,188,201
chr1,20470000,0.154297,0.5915,20480000,250,150,203
chr1,20480000,0.128171,0.6102,20490000,86,59,88
chr1,20490000,0.168616,0.5909,20500000,117,109,151
chr1,20500000,0.159707,0.5749,20510000,44,31,55
chr1,20510000,0.136094,0.5987,20520000,86,50,85
chr1,20520000,0.151135,0.5906,20530000,67,56,68
chr1,20530000,0.292355,0.5868,20540000,234,225,322
chr1,20540000,0.168375,0.5839,20550000,92,88,148
chr1,20550000,0.163351,0.6102,20560000,140,101,137
chr1,20560000,0.147825,0.6115,20570000,78,83,107
chr1,20570000,0.141345,0.5903,20580000,52,72,69
chr1,20580000,0.196717,0.6019,20590000,201,185,244
chr1,20590000,0.270652,0.5849,20600000,196,204,236
chr1,20600000,0.265468,0.5825,20610000,178,154,213
chr1,20610000,0.206518,0.6111,20620000,169,163,183
chr1,20620000,0.121226,0.6093,20630000,55,49,84
chr1,20630000,0.198435,0.6091,20640000,154,135,186
chr1,20640000,0.15508,0.6096,20650000,80,61,115
chr1,20650000,0.0823695,0.6111,20660000,59,49,85
chr1,20660000,0.113001,0.6114,20670000,118,94,105
chr1,20670000,0.245948,0.6121,20680000,229,215,181
chr1,20680000,0.338477,0.6104,20690000,318,323,350
chr1,20690000,0.237413,0.6097,20700000,221,208,198
chr1,20700000,0.295315,0.5903,20710000,146,131,168
chr1,20710000,0.335499,0.5652,20720000,173,168,248
chr1,20720000,0.191912,0.5921,20730000,119,114,155
chr1,20730000,0.305259,0.6,20740000,249,230,263
chr1,20740000,0.638862,0.6099,20750000,577,562,568
chr1,20750000,0.495609,0.6145,20760000,463,468,414
chr1,20760000,0.268301,0.6155,20770000,136,151,150
chr1,20770000,0.381928,0.6162,20780000,229,201,221
chr1,20780000,0.258973,0.6131,20790000,110,114,130
chr1,20790000,0.345924,0.6129,20800000,217,181,198
chr1,20800000,0.33349,0.6147,20810000,192,154,198
chr1,20810000,0.392357,0.6167,20820000,253,218,257
chr1,20820000,0.573626,0.5629,20830000,298,230,349
chr1,20830000,0.5293,0.5609,20840000,256,224,273
chr1,20840000,0.376237,0.6148,20850000,258,232,311
chr1,20850000,0.53044,0.6148,20860000,544,579,499
chr1,20860000,0.370165,0.6138,20870000,177,177,216
chr1,20870000,0.529844,0.6143,20880000,288,266,292
chr1,20880000,0.531982,0.6066,20890000,528,408,387
chr1,20890000,0.62912,0.6058,20900000,478,462,475
chr1,20900000,0.795652,0.5972,20910000,677,674,612
chr1,20910000,0.649697,0.6119,20920000,818,772,820
chr1,20920000,0.64853,0.6133,20930000,1191,1350,1148
chr1,20930000,0.515022,0.6181,20940000,642,667,556
chr1,20940000,0.877383,0.6169,20950000,1322,1168,1169
chr1,20950000,0.973373,0.5746,20960000,676,744,784
chr1,20960000,0.675774,0.5047,20970000,366,373,399
chr1,20970000,0.950139,0.5512,20980000,720,707,852
chr1,20980000,0.9988,0.6283,20990000,1045,1090,1162
chr1,20990000,0.991797,0.6992,21000000,1476,1437,1555
chr1,21000000,1,0.6719,21010000,1370,1299,1440
chr1,21010000,0.92407,0.6394,21020000,1369,1209,1420
chr1,21020000,0.865608,0.5676,21030000,637,705,769
chr1,21030000,0.996667,0.5973,21040000,1094,1053,1215
chr1,21040000,0.994183,0.5789,21050000,905,908,996
chr1,21050000,0.982617,0.5877,21060000,988,933,1063
chr1,21060000,0.98393,0.58,21070000,820,824,886
chr1,21070000,0.95698,0.606,21080000,878,840,1019
chr1,21080000,0.949799,0.5741,21090000,764,748,867
chr1,21090000,0.821252,0.5755,21100000,615,579,776
chr1,21100000,0.442549,0.5677,21110000,299,299,392
chr1,21110000,0.980794,0.5792,21120000,891,837,1022
chr1,21120000,0.988249,0.6765,21130000,1363,1298,1459
chr1,21130000,0.965383,0.6295,21140000,1013,1036,1044
chr1,21140000,0.975217,0.6537,21150000,1167,1251,1294
chr1,21150000,0.84805,0.6796,21160000,962,868,1038
chr1,21160000,0.639355,0.6444,21170000,813,734,882
chr1,21170000,1,0.6807,21180000,1415,1311,1442
chr1,21180000,0.9969,0.6732,21190000,1551,1356,1424
chr1,21190000,1,0.6192,21200000,926,1145,1046
chr1,21200000,1,0.623,21210000,1118,1179,1214
chr1,21210000,1,0.6331,21220000,1125,1118,1286
chr1,21220000,0.98655,0.6711,21230000,1354,1295,1457
chr1,21230000,0.99855,0.6236,21240000,1461,1482,1402
chr1,21240000,1,0.6341,21250000,1150,1243,1349
chr1,21250000,1,0.6375,21260000,1224,1277,1317
chr1,21260000,0.96145,0.6552,21270000,1106,1109,1209
chr1,21270000,0.966556,0.679,21280000,1307,1232,1442
chr1,21280000,0.953482,0.6768,21290000,1691,1565,1764
chr1,21290000,1,0.6457,21300000,1405,1401,1476
chr1,21300000,0.9948,0.6991,21310000,1446,1327,1551
chr1,21310000,0.955095,0.6177,21320000,982,970,1035
chr1,21320000,0.941658,0.6354,21330000,1123,1186,1405
chr1,21330000,0.903733,0.5713,21340000,977,1013,1049
chr1,21340000,0.842117,0.5771,21350000,796,912,921
chr1,21350000,1,0.705,21360000,1672,1425,1698
chr1,21360000,0.775132,0.6217,21370000,1128,1179,1072
chr1,21370000,0.347536,0.5659,21380000,174,182,261
chr1,21380000,0.929445,0.5173,21390000,776,706,820
chr1,21390000,0.996183,0.6732,21400000,1463,1462,1533
chr1,21400000,0.987332,0.6408,21410000,1235,1172,1284
chr1,21410000,1,0.6662,21420000,1255,1238,1380
chr1,21420000,1,0.6689,21430000,1361,1232,1315
chr1,21430000,1,0.6371,21440000,1247,1228,1402
chr1,21440000,0.99975,0.6276,21450000,1157,1184,1251
chr1,21450000,0.99284,0.616,21460000,898,1068,986
chr1,21460000,1,0.685,21470000,1559,1579,1544
chr1,21470000,1,0.6866,21480000,1474,1380,1576
chr1,21480000,1,0.6751,21490000,1401,1408,1402
chr1,21490000,0.889067,0.6786,21500000,1243,1080,1384
chr1,21500000,0.945997,0.6459,21510000,1152,1111,1296
chr1,21510000,0.9849,0.6352,21520000,1719,1755,1719
chr1,21520000,0.968633,0.6379,21530000,1227,1091,1316
chr1,21530000,0.851537,0.6526,21540000,1582,1557,1518
chr1,21540000,0.877408,0.6697,21550000,2908,2315,2500
chr1,21550000,0.892383,0.692,21560000,5438,4108,4988
chr1,21560000,0.967658,0.6724,21570000,2739,2176,2360
chr1,21570000,1,0.6768,21580000,2070,2396,1721
chr1,21580000,1,0.6516,21590000,1196,1293,1272
chr1,21590000,0.93586,0.5993,21600000,993,965,1096
chr1,21600000,1,0.6742,21610000,1937,1878,1879
chr1,21610000,0.987891,0.6144,21620000,941,1056,1006
chr1,21620000,1,0.6875,21630000,1530,1528,1681
chr1,21630000,0.99125,0.7027,21640000,1433,1331,1667
chr1,21640000,1,0.6497,21650000,1183,1242,1227
chr1,21650000,0.982283,0.6922,21660000,1479,1380,1452
chr1,21660000,0.895761,0.6876,21670000,1328,1248,1488
chr1,21670000,1,0.7272,21680000,1793,1629,1824
chr1,21680000,1,0.6814,21690000,1253,1262,1369
chr1,21690000,0.830154,0.6324,21700000,972,1030,1030
chr1,21700000,0.58169,0.593,21710000,420,466,553
chr1,21710000,1,0.6693,21720000,1318,1313,1315
chr1,21720000,0.989505,0.664,21730000,1266,1276,1426
chr1,21730000,1,0.644,21740000,1014,1058,1083
chr1,21740000,0.972992,0.612,21750000,1131,1255,1418
chr1,21750000,0.9717,0.639,21760000,1127,1076,1331
chr1,21760000,1,0.6037,21770000,985,1037,1082
chr1,21770000,0.992015,0.6778,21780000,1382,1347,1409
chr1,21780000,0.90395,0.6297,21790000,854,1028,1082
chr1,21790000,0.957278,0.7043,21800000,1494,1466,1611
chr1,21800000,0.914974,0.6288,21810000,948,973,1091
chr1,21810000,0.902068,0.6435,21820000,990,1002,1119
chr1,21820000,0.993465,0.6543,21830000,1301,1469,1447
chr1,21830000,1,0.6403,21840000,1353,1338,1352
chr1,21840000,0.9802,0.6744,21850000,1280,1295,1354
chr1,21850000,0.999467,0.6885,21860000,1493,1378,1462
chr1,21860000,0.990658,0.6438,21870000,1130,1178,1270
chr1,21870000,0.97005,0.6458,21880000,1140,1112,1148
chr1,21880000,0.981859,0.6686,21890000,1239,1312,1316
chr1,21890000,1,0.6927,21900000,1551,1407,1583
chr1,21900000,0.995667,0.6518,21910000,1334,1297,1355
chr1,21910000,0.992977,0.6721,21920000,1373,1477,1532
chr1,21920000,0.947823,0.6837,21930000,1370,1301,1397
chr1,21930000,0.827452,0.6384,21940000,986,1035,1045
chr1,21940000,1,0.6604,21950000,1387,1461,1526
chr1,21950000,0.974317,0.7035,21960000,1633,1474,1797
chr1,21960000,0.897474,0.6888,21970000,1109,1090,1238
chr1,21970000,0.94175,0.6581,21980000,1106,990,1197
chr1,21980000,0.967983,0.704,21990000,1350,1273,1432
chr1,21990000,0.905932,0.595,22000000,722,741,872
chr1,22000000,0.982883,0.6432,22010000,1080,1118,1263
chr1,22010000,0.97238,0.5935,22020000,922,1008,1040
chr1,22020000,0.891901,0.6037,22030000,929,849,1075
chr1,22030000,1,0.6625,22040000,1402,1434,1469
chr1,22040000,0.933092,0.6784,22050000,1245,1326,1270
chr1,22050000,0.936025,0.6684,22060000,1216,1184,1372
chr1,22060000,1,0.6468,22070000,1272,1276,1359
chr1,22070000,0.9751,0.6602,22080000,1140,1133,1330
chr1,22080000,0.99575,0.6826,22090000,1482,1447,1679
chr1,22090000,0.9966,0.6541,22100000,1309,1330,1455
chr1,22100000,0.971282,0.7069,22110000,1451,1364,1455
chr1,22110000,0.954461,0.6395,22120000,1119,1149,1198
chr1,22120000,0.814551,0.6287,22130000,851,909,1072
chr1,22130000,1,0.6989,22140000,1951,1588,1953
chr1,22140000,0.99965,0.6719,22150000,1469,1456,1551
chr1,22150000,0.99105,0.696,22160000,1945,1712,1813
chr1,22160000,0.9977,0.623,22170000,1666,1686,1354
chr1,22170000,0.992,0.6859,22180000,1534,1414,1480
chr1,22180000,0.782272,0.6509,22190000,848,821,1082
chr1,22190000,0.953023,0.6478,22200000,1059,1053,1180
chr1,22200000,0.995875,0.7029,22210000,1548,1491,1634
chr1,22210000,0.917333,0.7367,22220000,1481,1306,1630
chr1,22220000,0.931925,0.6257,22230000,1410,1233,1332
chr1,22230000,0.97685,0.6466,22240000,1439,1308,1427
chr1,22240000,1,0.6229,22250000,921,1095,1066
chr1,22250000,0.820191,0.6597,22260000,1178,1227,1232
chr1,22260000,0.320422,0.502,22270000,130,156,164
chr1,22270000,1,0.6538,22280000,1155,1216,1271
chr1,22280000,0.843917,0.6148,22290000,842,910,925
chr1,22290000,0.97614,0.6973,22300000,1447,1370,1561
chr1,22300000,0.9295,0.6652,22310000,1225,1108,1376
chr1,22310000,1,0.6861,22320000,1552,1559,1713
chr1,22320000,0.98605,0.6553,22330000,1205,1252,1317
chr1,22330000,0.703942,0.6181,22340000,674,591,763
chr1,22340000,0.990432,0.6688,22350000,1274,1338,1357
chr1,22350000,0.973417,0.5921,22360000,879,932,966
chr1,22360000,1,0.6575,22370000,1143,1250,1200
chr1,22370000,0.986683,0.6603,22380000,1355,1377,1588
chr1,22380000,0.9783,0.6123,22390000,2281,2202,2100
chr1,22390000,0.9877,0.6632,22400000,1335,1413,1560
chr1,22400000,1,0.66,22410000,1415,1372,1443
chr1,22410000,0.968233,0.6251,22420000,1138,1152,1223
chr1,22420000,1,0.657,22430000,1340,1327,1382
chr1,22430000,0.860199,0.5806,22440000,1025,978,981
chr1,22440000,0.99405,0.6891,22450000,1483,1401,1515
chr1,22450000,0.751684,0.7422,22460000,1256,1137,1367
chr1,22460000,0.249982,0.7631,22470000,345,265,405
chr1,22470000,0.908625,0.6481,22480000,959,978,971
chr1,22480000,0.9868,0.6396,22490000,1005,1023,1048
chr1,22490000,0.9749,0.7223,22500000,1991,1725,1977
chr1,22500000,1,0.6841,22510000,1485,1473,1519
chr1,22510000,0.9346,0.7135,22520000,1407,1300,1468
chr1,22520000,0.97345,0.6674,22530000,1358,1319,1577
chr1,22530000,0.9367,0.6387,22540000,1364,1162,1473
chr1,22540000,0.9909,0.6752,22550000,1268,1265,1394
chr1,22550000,0.980367,0.6934,22560000,1434,1265,1591
chr1,22560000,0.984375,0.6581,22570000,1213,1210,1334
chr1,22570000,0.9928,0.7268,22580000,1611,1527,1707
chr1,22580000,0.955593,0.7076,22590000,1429,1269,1565
chr1,22590000,0.706449,0.6424,22600000,656,585,817
chr1,22600000,0.723267,0.5828,22610000,548,507,672
chr1,22610000,0.672631,0.6241,22620000,641,614,783
chr1,22620000,0.585596,0.6152,22630000,475,414,542
chr1,22630000,0.722266,0.6163,22640000,568,501,714
chr1,22640000,0.611495,0.614,22650000,492,517,617
chr1,22650000,0.659898,0.6096,22660000,490,471,612
chr1,22660000,0.78239,0.622,22670000,751,790,839
chr1,22670000,0.991454,0.6819,22680000,1308,1300,1474
chr1,22680000,0.998267,0.6831,22690000,2835,2383,2346
chr1,22690000,0.907893,0.6335,22700000,671,672,861
chr1,22700000,0.9972,0.6372,22710000,901,1019,1031
chr1,22710000,0.996783,0.6524,22720000,1222,1232,1389
chr1,22720000,1,0.6381,22730000,1197,1282,1340
chr1,22730000,0.967411,0.7022,22740000,1465,1390,1616
chr1,22740000,0.9976,0.711,22750000,1546,1444,1713
chr1,22750000,0.99065,0.6453,22760000,1587,1448,1321
chr1,22760000,0.954917,0.6857,22770000,1342,1310,1496
chr1,22770000,0.99825,0.7158,22780000,1555,1422,1826
chr1,22780000,0.980925,0.6685,22790000,1304,1259,1426
chr1,22790000,1,0.6958,22800000,1504,1508,1598
chr1,22800000,0.98825,0.6494,22810000,1232,1226,1358
chr1,22810000,0.949987,0.6155,22820000,1006,972,1126
chr1,22820000,1,0.6969,22830000,1572,1476,1705
chr1,22830000,0.96575,0.6658,22840000,1346,1330,1498
chr1,22840000,0.992633,0.6696,22850000,1349,1315,1407
chr1,22850000,0.989614,0.6592,22860000,1330,1248,1445
chr1,22860000,1,0.6527,22870000,1316,1258,1430
chr1,22870000,0.940316,0.6844,22880000,1258,1296,1455
chr1,22880000,0.845187,0.5996,22890000,827,810,950
chr1,22890000,1,0.6567,22900000,1353,1411,1469
chr1,22900000,0.99655,0.6779,22910000,1314,1302,1490
chr1,22910000,0.99004,0.6351,22920000,1134,1088,1132
chr1,22920000,1,0.6696,22930000,1264,1321,1404
chr1,22930000,0.928797,0.7036,22940000,1367,1295,1591
chr1,22940000,0.996199,0.6765,22950000,1382,1362,1458
chr1,22950000,1,0.6258,22960000,1157,1106,1218
chr1,22960000,0.98495,0.6165,22970000,1094,1142,1198
chr1,22970000,0.98355,0.6247,22980000,1105,1162,1307
chr1,22980000,0.991817,0.6507,22990000,1216,1391,1312
chr1,22990000,0.98505,0.6444,23000000,1209,1172,1229
chr1,23000000,0.9621,0.6828,23010000,1377,1317,1529
chr1,23010000,0.883571,0.6118,23020000,805,863,1032
chr1,23020000,0.900654,0.5889,23030000,756,712,917
chr1,23030000,0.895929,0.5844,23040000,735,764,956
chr1,23040000,0.950773,0.5683,23050000,877,1033,990
chr1,23050000,0.966752,0.6222,23060000,954,921,1100
chr1,23060000,0.9399,0.6186,23070000,827,931,954
chr1,23070000,0.9829,0.5505,23080000,947,919,950
chr1,23080000,0.9839,0.6013,23090000,1006,1070,1146
chr1,23090000,1,0.6504,23100000,915,997,973
chr1,23100000,1,0.675,23110000,1263,1363,1423
chr1,23110000,0.99835,0.6567,23120000,1292,1286,1351
chr1,23120000,0.99905,0.6302,23130000,1467,1487,1794
chr1,23130000,1,0.6605,23140000,1294,1382,1409
chr1,23140000,0.940732,0.6504,23150000,1236,1121,1301
chr1,23150000,0.994133,0.6483,23160000,727,674,741
chr1,23160000,1,0.6165,23170000,529,541,674
chr1,23170000,0.965044,0.6403,23180000,1029,1013,1081
chr1,23180000,0.931909,0.5941,23190000,1107,1110,1162
chr1,23190000,0.9961,0.6476,23200000,1374,1316,1444
chr1,23200000,0.961424,0.6585,23210000,1118,1134,1290
chr1,23210000,1,0.6641,23220000,1063,1041,1058
chr1,23220000,0.9844,0.6746,23230000,1846,1795,1880
chr1,23230000,1,0.6532,23240000,1516,1954,1561
chr1,23240000,0.972267,0.6722,23250000,1285,1325,1373
chr1,23250000,1,0.6513,23260000,1301,1304,1383
chr1,23260000,0.989984,0.6756,23270000,1335,1168,1383
chr1,23270000,1,0.7236,23280000,1873,1794,1944
chr1,23280000,0.944917,0.6565,23290000,1377,1258,1472
chr1,23290000,1,0.6877,23300000,1390,1353,1465
chr1,23300000,0.993783,0.6852,23310000,1426,1350,1503
chr1,23310000,1,0.6706,23320000,1344,1358,1466
chr1,23320000,0.99655,0.6816,23330000,1368,1341,1460
chr1,23330000,0.880106,0.6631,23340000,1126,1055,1172
chr1,23340000,0.979335,0.6315,23350000,1097,1205,1254
chr1,23350000,0.98795,0.6721,23360000,1397,1346,1447
chr1,23360000,0.99295,0.6804,23370000,1299,1367,1491
chr1,23370000,1,0.6605,23380000,1261,1305,1415
chr1,23380000,0.90417,0.675,23390000,1279,1268,1370
chr1,23390000,0.852148,0.6681,23400000,1842,1809,1753
chr1,23400000,1,0.6642,23410000,1315,1275,1378
chr1,23410000,0.989062,0.6785,23420000,1285,1305,1397
chr1,23420000,0.9011,0.5956,23430000,703,857,866
chr1,23430000,0.9952,0.6845,23440000,1431,1438,1557
chr1,23440000,0.967304,0.6696,23450000,1310,1333,1407
chr1,23450000,0.998733,0.687,23460000,1501,1364,1558
chr1,23460000,0.984,0.6828,23470000,1512,1430,1468
chr1,23470000,0.951149,0.6895,23480000,1273,1254,1430
chr1,23480000,0.994217,0.674,23490000,1195,1207,1319
chr1,23490000,1,0.6674,23500000,1630,1698,1576
chr1,23500000,0.939802,0.682,23510000,1345,1120,1514
chr1,23510000,0.9914,0.6634,23520000,1617,1667,1593
chr1,23520000,0.9226,0.6687,23530000,1112,1137,1249
chr1,23530000,0.9985,0.7167,23540000,1650,1528,1763
chr1,23540000,1,0.6395,23550000,1114,1222,1183
chr1,23550000,0.973483,0.6889,23560000,1547,1447,1590
chr1,23560000,0.9921,0.6535,23570000,1191,1263,1401
chr1,23570000,0.788713,0.5083,23580000,532,525,632
chr1,23580000,0.879056,0.6066,23590000,918,883,1028
chr1,23590000,0.992117,0.6524,23600000,1275,1316,1396
chr1,23600000,0.78712,0.6728,23610000,1217,1060,1371
chr1,23610000,0.841317,0.6504,23620000,1950,1846,1777
chr1,23620000,1,0.679,23630000,1347,1438,1428
chr1,23630000,0.98815,0.7081,23640000,1536,1499,1600
chr1,23640000,0.604654,0.537,23650000,503,467,582
chr1,23650000,0.74563,0.5939,23660000,749,795,854
chr1,23660000,0.446277,0.6238,23670000,265,228,328
chr1,23670000,0.328965,0.6233,23680000,64,65,91
chr1,23680000,0.206769,0.5253,23690000,17,33,15
chr1,23690000,0.307892,0.5081,23700000,56,54,64
chr1,23700000,0.316437,0.5252,23710000,50,53,56
chr1,23710000,0.300253,0.6143,23720000,44,57,59
chr1,23720000,0.273416,0.4887,23730000,32,36,38
chr1,23730000,0.442118,0.6344,23740000,173,205,254
chr1,23740000,0.915129,0.6052,23750000,809,946,929
chr1,23750000,0.932212,0.6211,23760000,904,981,1005
chr1,23760000,0.857913,0.6985,23770000,1206,1111,1384
chr1,23770000,0.945985,0.6881,23780000,1376,1273,1496
chr1,23780000,0.985683,0.6392,23790000,1172,1124,1345
chr1,23790000,0.99855,0.6157,23800000,1196,1204,1213
chr1,23800000,1,0.6088,23810000,812,825,822
chr1,23810000,1,0.6239,23820000,902,1043,968
chr1,23820000,0.98985,0.6609,23830000,1154,1140,1303
chr1,23830000,0.793908,0.6524,23840000,1525,1196,1736
chr1,23840000,0.968613,0.6563,23850000,1125,1133,1237
chr1,23850000,1,0.6101,23860000,935,1068,977
chr1,23860000,1,0.6549,23870000,1183,1173,1237
chr1,23870000,1,0.6404,23880000,1197,1291,1166
chr1,23880000,1,0.6389,23890000,1015,1176,1125
chr1,23890000,0.890933,0.6461,23900000,834,878,1046
chr1,23900000,1,0.6519,23910000,1149,1242,1315
chr1,23910000,1,0.64,23920000,1102,1152,1261
chr1,23920000,1,0.644,23930000,1016,1134,1270
chr1,23930000,0.874717,0.6169,23940000,806,886,950
chr1,23940000,0.913283,0.6654,23950000,1172,1090,1276
chr1,23950000,0.998875,0.6545,23960000,1197,1231,1240
chr1,23960000,0.99671,0.6332,23970000,1090,1079,1200
chr1,23970000,1,0.6087,23980000,919,1023,943
chr1,23980000,0.994553,0.6245,23990000,1055,1119,1057
chr1,23990000,1,0.6583,24000000,1269,1261,1454
chr1,24000000,1,0.6324,24010000,1114,1189,1197
chr1,24010000,0.997533,0.6329,24020000,1072,1167,1120
chr1,24020000,0.962281,0.6133,24030000,884,899,975
chr1,24030000,0.899044,0.6284,24040000,982,877,1055
chr1,24040000,0.993049,0.6349,24050000,1150,1107,1283
chr1,24050000,0.962265,0.6505,24060000,1076,1093,1191
chr1,24060000,1,0.6128,24070000,936,1089,1002
chr1,24070000,1,0.6284,24080000,1067,1195,1095
chr1,24080000,1,0.6328,24090000,1206,1176,1216
chr1,24090000,1,0.6315,24100000,1048,1200,1122
chr1,24100000,1,0.6264,24110000,1044,1143,1133
chr1,24110000,0.995267,0.6417,24120000,1269,1286,1288
chr1,24120000,0.931225,0.6785,24130000,1263,1147,1406
chr1,24130000,0.89165,0.6414,24140000,1098,1104,1299
chr1,24140000,0.977221,0.6647,24150000,1267,1178,1360
chr1,24150000,0.979177,0.6655,24160000,1355,1394,1418
chr1,24160000,0.924218,0.6442,24170000,990,999,1125
chr1,24170000,0.855321,0.651,24180000,1047,1003,1244
chr1,24180000,0.9963,0.6602,24190000,1231,1320,1412
chr1,24190000,1,0.6651,24200000,1247,1380,1439
chr1,24200000,1,0.6955,24210000,1676,1544,1728
chr1,24210000,0.968467,0.6776,24220000,1323,1218,1405
chr1,24220000,0.983435,0.6623,24230000,1214,1199,1338
chr1,24230000,1,0.6266,24240000,1007,1156,1020
chr1,24240000,0.903756,0.6367,24250000,958,1062,1082
chr1,24250000,0.886691,0.661,24260000,1080,1094,1224
chr1,24260000,0.986653,0.6516,24270000,1249,1187,1377
chr1,24270000,0.962517,0.6948,24280000,1408,1360,1551
chr1,24280000,0.98675,0.6557,24290000,1272,1174,1285
chr1,24290000,0.99575,0.6583,24300000,1270,1247,1459
chr1,24300000,1,0.6309,24310000,1019,1034,1047
chr1,24310000,1,0.5874,24320000,871,1021,893
chr1,24320000,1,0.6386,24330000,1176,1146,1224
chr1,24330000,0.98805,0.6639,24340000,1271,1267,1408
chr1,24340000,0.999,0.6659,24350000,1205,1285,1358
chr1,24350000,0.886125,0.5971,24360000,764,749,961
chr1,24360000,0.933375,0.6333,24370000,1010,1027,1049
chr1,24370000,0.902921,0.6041,24380000,948,916,1188
chr1,24380000,1,0.6881,24390000,1391,1382,1538
chr1,24390000,0.99875,0.6591,24400000,1245,1225,1235
chr1,24400000,0.9767,0.6343,24410000,1039,1112,1150
chr1,24410000,0.97886,0.6609,24420000,1164,1122,1242
chr1,24420000,1,0.6491,24430000,1141,1222,1169
chr1,24430000,1,0.6849,24440000,1433,1393,1395
chr1,24440000,0.9893,0.6951,24450000,1495,1481,1693
chr1,24450000,0.976877,0.6647,24460000,1282,1348,1404
chr1,24460000,0.978583,0.7058,24470000,1536,1482,1684
chr1,24470000,0.97005,0.5648,24480000,888,915,1042
chr1,24480000,0.95615,0.6923,24490000,1207,1239,1282
chr1,24490000,0.711533,0.6428,24500000,818,798,899
chr1,24500000,0.881038,0.6544,24510000,881,1041,1071
chr1,24510000,0.994391,0.6633,24520000,1302,1280,1370
chr1,24520000,1,0.6311,24530000,1032,1172,1131
chr1,24530000,0.99995,0.6387,24540000,1549,1623,1704
chr1,24540000,0.9991,0.689,24550000,1271,1194,1458
chr1,24550000,0.969858,0.6286,24560000,1095,1217,1275
chr1,24560000,0.9895,0.6696,24570000,1453,1457,1612
chr1,24570000,0.798675,0.5959,24580000,663,740,732
chr1,24580000,0.879508,0.6545,24590000,1024,987,1070
chr1,24590000,1,0.5977,24600000,1028,1174,1052
chr1,24600000,0.98315,0.71,24610000,1526,1348,1542
chr1,24610000,0.873098,0.6617,24620000,1014,967,1074
chr1,24620000,0.4814,0.5984,24630000,231,188,260
chr1,24630000,0.572275,0.617,24640000,374,383,463
chr1,24640000,0.901,0.6542,24650000,1058,1122,1141
chr1,24650000,0.935716,0.7301,24660000,1933,1774,1912
chr1,24660000,0.975936,0.5897,24670000,1087,1116,1294
chr1,24670000,0.952784,0.5313,24680000,733,729,894
chr1,24680000,0.861883,0.6478,24690000,914,955,1133
chr1,24690000,0.749575,0.688,24700000,1266,981,1509
chr1,24700000,0.762033,0.6657,24710000,940,916,1176
chr1,24710000,1,0.6164,24720000,675,675,774
chr1,24720000,1,0.6201,24730000,939,1055,1007
chr1,24730000,1,0.626,24740000,954,1049,975
chr1,24740000,1,0.6679,24750000,1226,1228,1275
chr1,24750000,0.979503,0.656,24760000,1160,1277,1455
chr1,24760000,0.982333,0.686,24770000,1425,1337,1576
chr1,24770000,0.96935,0.6429,24780000,1035,1110,1186
chr1,24780000,0.99535,0.6721,24790000,1359,1346,1482
chr1,24790000,1,0.6671,24800000,1402,1369,1466
chr1,24800000,0.996433,0.7094,24810000,1629,1436,1749
chr1,24810000,0.98685,0.6859,24820000,1575,1540,1695
chr1,24820000,0.975883,0.6837,24830000,1549,1491,1711
chr1,24830000,1,0.6458,24840000,1263,1223,1281
chr1,24840000,0.983226,0.6726,24850000,1333,1240,1437
chr1,24850000,0.929867,0.7019,24860000,1299,1298,1469
chr1,24860000,0.99565,0.6626,24870000,1330,1330,1364
chr1,24870000,0.822846,0.5526,24880000,699,674,794
chr1,24880000,0.725051,0.5504,24890000,648,576,709
chr1,24890000,1,0.6166,24900000,969,1034,1054
chr1,24900000,1,0.6692,24910000,1345,1315,1331
chr1,24910000,1,0.6351,24920000,1144,1257,1251
chr1,24920000,1,0.6433,24930000,1053,1245,1222
chr1,24930000,1,0.6262,24940000,876,1017,1017
chr1,24940000,0.963824,0.6341,24950000,1044,1038,1157
chr1,24950000,0.996517,0.65,24960000,1129,1164,1308
chr1,24960000,0.950989,0.6415,24970000,1115,993,1251
chr1,24970000,0.966017,0.6577,24980000,1167,1118,1338
chr1,24980000,1,0.6325,24990000,1072,1184,1056
chr1,24990000,0.9972,0.6352,25000000,1137,1105,1216
chr1,25000000,1,0.6895,25010000,1415,1420,1464
chr1,25010000,1,0.6781,25020000,2063,2038,1801
chr1,25020000,1,0.6362,25030000,2456,2375,1948
chr1,25030000,1,0.6562,25040000,1170,1163,1202
chr1,25040000,0.9911,0.6413,25050000,1592,1399,1590
chr1,25050000,0.992423,0.6325,25060000,1113,1083,1226
chr1,25060000,0.963567,0.5815,25070000,940,889,1066
chr1,25070000,0.98491,0.6532,25080000,1239,1257,1347
chr1,25080000,1,0.6431,25090000,1653,1467,1482
chr1,25090000,0.98649,0.607,25100000,974,1112,989
chr1,25100000,0.99955,0.6098,25110000,937,993,895
chr1,25110000,1,0.6449,25120000,1187,1249,1281
chr1,25120000,1,0.6284,25130000,994,1031,1056
chr1,25130000,0.9965,0.6132,25140000,916,941,925
chr1,25140000,1,0.6224,25150000,859,1024,995
chr1,25150000,1,0.6341,25160000,1126,1152,1165
chr1,25160000,0.988438,0.6691,25170000,1397,1377,1396
chr1,25170000,0.968158,0.668,25180000,1305,1124,1411
chr1,25180000,0.770824,0.6022,25190000,691,710,805
chr1,25190000,0.863327,0.6674,25200000,1124,990,1273
chr1,25200000,0.964052,0.6834,25210000,1278,1255,1379
chr1,25210000,0.897717,0.7051,25220000,1456,1290,1587
chr1,25220000,1,0.6523,25230000,1128,978,1150
chr1,25230000,1,0.6173,25240000,923,1054,989
chr1,25240000,1,0.6107,25250000,945,1132,1019
chr1,25250000,0.988702,0.6303,25260000,984,1035,1089
chr1,25260000,0.98982,0.6349,25270000,1107,1091,1281
chr1,25270000,1,0.5929,25280000,560,693,637
chr1,25280000,0.9408,0.6387,25290000,1015,1098,1158
chr1,25290000,0.817085,0.6204,25300000,1197,1059,1381
chr1,25300000,0.883,0.678,25310000,3303,3086,3556
chr1,25310000,0.8124,0.6351,25320000,2770,2754,3139
chr1,25320000,0.89645,0.6356,25330000,4041,4459,4921
chr1,25330000,0.820283,0.6546,25340000,1847,2288,2175
chr1,25340000,0.81145,0.6198,25350000,716,972,1161
chr1,25350000,0.952342,0.6289,25360000,527,948,1150
chr1,25360000,0.993,0.6366,25370000,538,1087,1114
chr1,25370000,0.9922,0.6017,25380000,362,808,890
chr1,25380000,0.9803,0.6691,25390000,638,1199,1341
chr1,25390000,0.989199,0.6727,25400000,588,1270,1428
chr1,25400000,0.886051,0.6143,25410000,429,837,970
chr1,25410000,1,0.6537,25420000,632,1153,1325
chr1,25420000,1,0.6627,25430000,617,1293,1336
chr1,25430000,1,0.6231,25440000,501,1090,1071
chr1,25440000,1,0.6315,25450000,528,1178,1116
chr1,25450000,0.99725,0.6364,25460000,536,1076,1190
chr1,25460000,1,0.6249,25470000,469,1041,1087
chr1,25470000,0.979043,0.6404,25480000,585,1132,1301
chr1,25480000,0.853118,0.6123,25490000,474,815,1042
chr1,25490000,0.995183,0.6156,25500000,589,1033,1087
chr1,25500000,0.976717,0.6763,25510000,616,1205,1404
chr1,25510000,0.974567,0.6515,25520000,537,1070,1173
chr1,25520000,0.88966,0.6257,25530000,513,976,1192
chr1,25530000,0.986491,0.7112,25540000,765,1461,1808
chr1,25540000,0.9831,0.6793,25550000,687,1329,1544
chr1,25550000,1,0.6429,25560000,543,1133,1203
chr1,25560000,1,0.6365,25570000,583,1194,1110
chr1,25570000,1,0.625,25580000,558,1199,1150
chr1,25580000,0.989683,0.645,25590000,606,1171,1208
chr1,25590000,1,0.6414,25600000,552,1192,1104
chr1,25600000,1,0.6753,25610000,645,1373,1408
chr1,25610000,0.940806,0.6295,25620000,504,1002,1079
chr1,25620000,0.492059,0.6492,25630000,204,378,492
chr1,25630000,0.762665,0.6463,25640000,395,741,766
chr1,25640000,0.99955,0.6172,25650000,555,1077,1131
chr1,25650000,0.986106,0.6655,25660000,614,1202,1396
chr1,25660000,1,0.6793,25670000,660,1346,1325
chr1,25670000,1,0.6486,25680000,520,1151,1143
chr1,25680000,0.99285,0.6758,25690000,640,1347,1398
chr1,25690000,1,0.6647,25700000,598,1383,1272
chr1,25700000,1,0.7356,25710000,1215,1764,1997
chr1,25710000,0.9917,0.6231,25720000,799,1519,1862
chr1,25720000,1,0.6758,25730000,824,1355,1511
chr1,25730000,1,0.6643,25740000,644,1246,1216
chr1,25740000,0.92985,0.7258,25750000,835,1379,1724
chr1,25750000,0.968277,0.6691,25760000,683,1171,1277
chr1,25760000,0.9999,0.7061,25770000,794,1394,1595
chr1,25770000,0.9999,0.6818,25780000,723,1317,1552
chr1,25780000,0.915566,0.6904,25790000,706,1164,1442
chr1,25790000,0.759059,0.6053,25800000,338,627,813
chr1,25800000,0.948723,0.6403,25810000,549,1019,1152
chr1,25810000,1,0.6398,25820000,575,1231,1208
chr1,25820000,1,0.6384,25830000,577,1117,1079
chr1,25830000,1,0.6658,25840000,681,1384,1351
chr1,25840000,0.974417,0.6706,25850000,637,1259,1346
chr1,25850000,0.934651,0.6717,25860000,579,1158,1323
chr1,25860000,0.984555,0.7184,25870000,783,1411,1742
chr1,25870000,1,0.6694,25880000,627,1242,1321
chr1,25880000,0.961967,0.7081,25890000,661,1223,1572
chr1,25890000,0.985,0.6627,25900000,1441,1498,1350
chr1,25900000,0.97526,0.7194,25910000,3145,2071,1768
chr1,25910000,1,0.6423,25920000,2081,1721,1095
chr1,25920000,0.984617,0.6139,25930000,2085,1557,1233
chr1,25930000,0.869022,0.6514,25940000,2201,1513,1171
chr1,25940000,0.9922,0.6262,25950000,2328,1722,1263
chr1,25950000,1,0.6544,25960000,2181,1758,1304
chr1,25960000,0.960383,0.6835,25970000,2424,1883,1433
chr1,25970000,1,0.625,25980000,1731,1410,826
chr1,25980000,0.912279,0.6891,25990000,1831,1376,1477
chr1,25990000,0.87495,0.6997,26000000,1978,1390,1883
chr1,26000000,0.840847,0.6699,26010000,1662,1028,1419
chr1,26010000,0.838889,0.5886,26020000,1366,1070,1116
chr1,26020000,1,0.6248,26030000,2265,1801,1857
chr1,26030000,1,0.6703,26040000,2543,1923,1985
chr1,26040000,0.613904,0.6817,26050000,1441,1024,1207
chr1,26050000,0.216938,0.6646,26060000,82,33,58
chr1,26060000,0.219811,0.664,26070000,84,31,71
chr1,26070000,0.913857,0.5531,26080000,1352,1050,1072
chr1,26080000,0.978284,0.5923,26090000,1835,1384,1463
chr1,26090000,1,0.651,26100000,2234,1692,1748
chr1,26100000,1,0.6251,26110000,2073,1694,1702
chr1,26110000,1,0.606,26120000,1724,1513,1353
chr1,26120000,0.862029,0.6221,26130000,1870,1239,1583
chr1,26130000,0.98705,0.6069,26140000,1792,1477,1341
chr1,26140000,0.987783,0.635,26150000,1992,1557,1563
chr1,26150000,1,0.6591,26160000,2445,1924,1906
chr1,26160000,1,0.6207,26170000,2316,1699,1760
chr1,26170000,0.9998,0.6467,26180000,2205,1631,1634
chr1,26180000,1,0.646,26190000,2162,1807,1743
chr1,26190000,0.998,0.6723,26200000,2931,1943,2180
chr1,26200000,1,0.6206,26210000,1880,1589,1403
chr1,26210000,0.8974,0.6301,26220000,1700,1306,1548
chr1,26220000,0.908028,0.6387,26230000,1994,1579,1655
chr1,26230000,0.98035,0.6521,26240000,2334,1918,2043
chr1,26240000,0.992667,0.6394,26250000,2086,1579,1613
chr1,26250000,0.99765,0.6707,26260000,2242,1699,1850
chr1,26260000,0.977748,0.6724,26270000,2344,1911,1966
chr1,26270000,1,0.6576,26280000,2106,1873,1870
chr1,26280000,0.986953,0.5547,26290000,1425,1093,1284
chr1,26290000,0.989917,0.4925,26300000,1337,993,1143
chr1,26300000,1,0.6666,26310000,2547,1866,1989
chr1,26310000,0.874655,0.5036,26320000,1070,833,978
chr1,26320000,0.626013,0.5633,26330000,945,697,784
chr1,26330000,0.99995,0.6571,26340000,2209,1821,1699
chr1,26340000,0.99995,0.656,26350000,2156,1714,1758
chr1,26350000,1,0.63,26360000,1900,1657,1412
chr1,26360000,0.985033,0.6826,26370000,2570,1865,2021
chr1,26370000,0.9847,0.6506,26380000,2204,1654,1848
chr1,26380000,0.969383,0.6657,26390000,2197,1619,1754
chr1,26390000,1,0.672,26400000,2537,1834,2149
chr1,26400000,0.949725,0.6405,26410000,1957,1403,1530
chr1,26410000,0.99725,0.6742,26420000,2577,1975,2085
chr1,26420000,1,0.6877,26430000,2628,2054,2099
chr1,26430000,0.866533,0.607,26440000,1506,1277,1206
chr1,26440000,1,0.6664,26450000,2302,1669,1934
chr1,26450000,0.99505,0.645,26460000,2346,1883,1877
chr1,26460000,0.591358,0.6213,26470000,762,681,741
chr1,26470000,0.343216,0.6444,26480000,0,0,0
chr1,26480000,0.6418,0.6508,26490000,1209,930,1050
chr1,26490000,0.99505,0.6752,26500000,2571,1941,2169
chr1,26500000,1,0.6916,26510000,2719,2073,2096
chr1,26510000,1,0.7012,26520000,2828,2083,2189
chr1,26520000,1,0.6956,26530000,2774,2098,2271
chr1,26530000,0.99955,0.6395,26540000,2206,1723,1761
chr1,26540000,0.9984,0.6803,26550000,2677,1994,2229
chr1,26550000,0.9996,0.6694,26560000,2668,1874,2198
chr1,26560000,1,0.6583,26570000,2407,1926,1948
chr1,26570000,0.974273,0.6779,26580000,2375,1702,1986
chr1,26580000,0.958087,0.7088,26590000,2868,1917,2595
chr1,26590000,0.99376,0.6434,26600000,2049,1525,1651
chr1,26600000,0.953404,0.6926,26610000,2595,1866,2113
chr1,26610000,0.983417,0.5897,26620000,1849,1392,1600
chr1,26620000,0.949486,0.5999,26630000,1758,1208,1536
chr1,26630000,0.9858,0.6558,26640000,2243,1685,1780
chr1,26640000,0.921936,0.6746,26650000,2489,1734,2065
chr1,26650000,0.93825,0.6618,26660000,2262,1714,1836
chr1,26660000,0.71655,0.6135,26670000,1118,801,1005
chr1,26670000,0.82225,0.6357,26680000,1572,1132,1303
chr1,26680000,1,0.6275,26690000,2169,1729,1790
chr1,26690000,1,0.6697,26700000,2645,1894,2062
chr1,26700000,1,0.615,26710000,1560,1310,1420
chr1,26710000,0.99705,0.6653,26720000,2342,1791,1995
chr1,26720000,0.979992,0.6762,26730000,2602,1831,2114
chr1,26730000,0.99745,0.6816,26740000,2550,1941,2132
chr1,26740000,0.99291,0.6363,26750000,2026,1380,1623
chr1,26750000,0.9896,0.6936,26760000,1836,1338,1590
chr1,26760000,0.94025,0.6528,26770000,1982,1551,1727
chr1,26770000,0.9969,0.6227,26780000,2039,1658,1528
chr1,26780000,1,0.624,26790000,1945,1592,1569
chr1,26790000,0.967544,0.6917,26800000,2812,1881,2406
chr1,26800000,0.99855,0.6821,26810000,4818,3066,3569
chr1,26810000,0.946004,0.6036,26820000,2343,1762,2197
chr1,26820000,0.908221,0.6367,26830000,2047,1505,1786
chr1,26830000,1,0.6185,26840000,1958,1545,1588
chr1,26840000,0.964558,0.6723,26850000,2548,1757,2085
chr1,26850000,0.971243,0.6787,26860000,2562,1821,2058
chr1,26860000,0.960642,0.6804,26870000,2687,1815,2143
chr1,26870000,0.9844,0.6526,26880000,2363,1789,1956
chr1,26880000,0.9999,0.6375,26890000,2155,1750,1711
chr1,26890000,0.919036,0.6072,26900000,1589,1287,1462
chr1,26900000,1,0.6567,26910000,2662,2041,2122
chr1,26910000,0.997983,0.6373,26920000,2097,1524,1680
chr1,26920000,0.9879,0.6706,26930000,2911,2138,2419
chr1,26930000,0.986492,0.6517,26940000,2261,1719,1796
chr1,26940000,1,0.6826,26950000,2682,1979,2200
chr1,26950000,0.948092,0.6637,26960000,2291,1572,1946
chr1,26960000,0.9948,0.6614,26970000,2693,1967,2182
chr1,26970000,0.928081,0.7159,26980000,2729,1911,2287
chr1,26980000,1,0.6219,26990000,1877,1635,1514
chr1,26990000,0.9566,0.6423,27000000,2275,1716,1795
chr1,27000000,0.99815,0.6158,27010000,1965,1664,1590
chr1,27010000,0.9853,0.6537,27020000,2183,1697,1804
chr1,27020000,1,0.6317,27030000,2129,1644,1796
chr1,27030000,0.978503,0.6983,27040000,2865,1972,2516
chr1,27040000,0.99715,0.6381,27050000,2290,1700,1852
chr1,27050000,0.9994,0.6601,27060000,2370,1821,1939
chr1,27060000,0.976128,0.6536,27070000,2327,1730,1878
chr1,27070000,0.957967,0.6893,27080000,2999,2131,2463
chr1,27080000,0.9954,0.6435,27090000,2212,1723,1713
chr1,27090000,0.774023,0.5888,27100000,1312,948,1155
chr1,27100000,0.9989,0.6643,27110000,2539,1916,2128
chr1,27110000,0.942384,0.6984,27120000,2605,1848,2304
chr1,27120000,0.984533,0.6741,27130000,2735,1986,2239
chr1,27130000,0.737726,0.6295,27140000,1718,1187,1355
chr1,27140000,1,0.6397,27150000,2126,1531,1790
chr1,27150000,1,0.6349,27160000,2211,1667,1812
chr1,27160000,1,0.5978,27170000,1825,1518,1379
chr1,27170000,0.99085,0.642,27180000,2259,1754,1821
chr1,27180000,1,0.6624,27190000,2459,1841,1968
chr1,27190000,0.951123,0.6332,27200000,2078,1614,1823
chr1,27200000,0.758048,0.6577,27210000,1922,1241,1661
chr1,27210000,0.98726,0.6625,27220000,2411,1874,1936
chr1,27220000,0.981546,0.6487,27230000,2301,1635,1904
chr1,27230000,0.938087,0.6365,27240000,1776,1380,1629
chr1,27240000,0.994225,0.6702,27250000,2490,1805,2042
chr1,27250000,1,0.6464,27260000,2238,1655,1819
chr1,27260000,0.984352,0.6936,27270000,2706,1960,2344
chr1,27270000,1,0.6477,27280000,2139,1755,1858
chr1,27280000,1,0.6187,27290000,1843,1587,1481
chr1,27290000,0.97685,0.6186,27300000,1665,1296,1449
chr1,27300000,0.997163,0.6511,27310000,2245,1711,1852
chr1,27310000,0.980404,0.603,27320000,1833,1486,1464
chr1,27320000,0.9926,0.6593,27330000,2493,1951,1927
chr1,27330000,1,0.6124,27340000,1503,1278,1203
chr1,27340000,0.899233,0.6377,27350000,1721,1353,1435
chr1,27350000,0.99649,0.6595,27360000,2504,1851,1936
chr1,27360000,0.986727,0.6914,27370000,2025,1411,1678
chr1,27370000,0.992854,0.6526,27380000,2146,1514,1738
chr1,27380000,0.929025,0.601,27390000,1988,1479,1860
chr1,27390000,1,0.6318,27400000,2861,2165,2267
chr1,27400000,0.995492,0.6632,27410000,2541,1862,2092
chr1,27410000,1,0.6339,27420000,2159,1734,1684
chr1,27420000,0.976,0.6174,27430000,3033,2765,2872
chr1,27430000,0.960775,0.6765,27440000,2286,1539,1859
chr1,27440000,0.943695,0.6386,27450000,2053,1502,1747
chr1,27450000,0.670495,0.6071,27460000,1005,729,935
chr1,27460000,0.973488,0.6766,27470000,2484,1775,2049
chr1,27470000,0.98225,0.6238,27480000,1944,1373,1609
chr1,27480000,0.814733,0.6758,27490000,2193,1497,1797
chr1,27490000,0.9779,0.7309,27500000,3223,2078,2889
chr1,27500000,0.99225,0.6201,27510000,2041,1622,1582
chr1,27510000,1,0.6369,27520000,2152,1751,1677
chr1,27520000,1,0.6129,27530000,1894,1619,1513
chr1,27530000,0.964567,0.6397,27540000,2164,1577,1710
chr1,27540000,0.896593,0.6856,27550000,2488,1658,2273
chr1,27550000,0.887629,0.6162,27560000,1534,1235,1382
chr1,27560000,1,0.6459,27570000,2121,1665,1714
chr1,27570000,0.95,0.6668,27580000,2303,1543,1977
chr1,27580000,0.833833,0.645,27590000,1731,1283,1506
chr1,27590000,0.974366,0.6769,27600000,2484,1767,2188
chr1,27600000,0.868283,0.6682,27610000,2347,1971,1871
chr1,27610000,0.31175,0.6454,27620000,0,0,0
chr1,27620000,0.423758,0.6535,27630000,439,316,385
chr1,27630000,1,0.6118,27640000,2049,1441,1706
chr1,27640000,0.984537,0.6584,27650000,1906,1331,1693
chr1,27650000,1,0.6351,27660000,2141,1726,1688
chr1,27660000,0.99825,0.6573,27670000,2435,1766,1823
chr1,27670000,0.952117,0.6371,27680000,1879,1314,1775
chr1,27680000,0.950975,0.6557,27690000,2144,1608,1767
chr1,27690000,0.897108,0.6036,27700000,1545,1394,1377
chr1,27700000,0.839574,0.6408,27710000,2032,1588,1592
chr1,27710000,1,0.6711,27720000,2606,1961,2173
chr1,27720000,0.977125,0.6639,27730000,2427,1669,2147
chr1,27730000,0.87393,0.6382,27740000,2098,1458,1867
chr1,27740000,0.967022,0.6345,27750000,1941,1475,1812
chr1,27750000,1,0.6298,27760000,1875,1617,1452
chr1,27760000,0.93675,0.6366,27770000,1826,1578,1500
chr1,27770000,1,0.6164,27780000,1868,1548,1516
chr1,27780000,1,0.6119,27790000,1749,1302,1244
chr1,27790000,0.941833,0.6597,27800000,2339,1676,1944
chr1,27800000,0.649317,0.6488,27810000,1902,1356,1831
chr1,27810000,1,0.6556,27820000,2325,1728,1868
chr1,27820000,1,0.621,27830000,1910,1551,1528
chr1,27830000,1,0.6777,27840000,3191,2483,2567
chr1,27840000,1,0.6031,27850000,1575,1311,1337
chr1,27850000,1,0.6641,27860000,2446,1872,1945
chr1,27860000,0.981356,0.6745,27870000,2568,1779,2238
chr1,27870000,0.994775,0.6569,27880000,2057,1602,1750
chr1,27880000,1,0.6599,27890000,2450,1730,1866
chr1,27890000,1,0.6081,27900000,1706,1435,1407
chr1,27900000,1,0.6061,27910000,1652,1452,1277
chr1,27910000,1,0.6346,27920000,2129,1699,1789
chr1,27920000,1,0.6094,27930000,1876,1556,1466
chr1,27930000,0.97155,0.6621,27940000,2415,1749,1844
chr1,27940000,0.9819,0.6486,27950000,2229,1696,1764
chr1,27950000,0.908852,0.6304,27960000,1726,1276,1500
chr1,27960000,0.968293,0.6494,27970000,2215,1695,1908
chr1,27970000,0.9915,0.6279,27980000,2780,2075,2303
chr1,27980000,0.99935,0.5735,27990000,1685,1288,1417
chr1,27990000,0.97145,0.6408,28000000,2111,1710,1746
chr1,28000000,1,0.6333,28010000,2298,1863,1802
chr1,28010000,1,0.6185,28020000,1834,1554,1474
chr1,28020000,0.9978,0.6682,28030000,2664,1793,2195
chr1,28030000,0.9744,0.6161,28040000,1954,1454,1763
chr1,28040000,0.978011,0.63,28050000,1971,1582,1575
chr1,28050000,0.701914,0.6333,28060000,1686,1162,1316
chr1,28060000,1,0.6101,28070000,1732,1404,1473
chr1,28070000,1,0.686,28080000,2508,1821,2187
chr1,28080000,0.986708,0.6304,28090000,2149,1566,1724
chr1,28090000,1,0.6482,28100000,2253,1687,1774
chr1,28100000,0.918888,0.5979,28110000,1567,1302,1332
chr1,28110000,0.922759,0.6481,28120000,2513,1781,2159
chr1,28120000,1,0.686,28130000,2924,2079,2365
chr1,28130000,1,0.6147,28140000,1735,1421,1301
chr1,28140000,0.666415,0.6159,28150000,1276,907,1189
chr1,28150000,0.793915,0.5642,28160000,1163,819,986
chr1,28160000,0.710538,0.5064,28170000,759,520,692
chr1,28170000,0.994462,0.6331,28180000,2101,1611,1591
chr1,28180000,0.990008,0.6546,28190000,2401,1754,2003
chr1,28190000,1,0.6313,28200000,2006,1689,1629
chr1,28200000,1,0.6291,28210000,2099,1689,1695
chr1,28210000,0.76883,0.6309,28220000,1566,1153,1455
chr1,28220000,1,0.6156,28230000,1919,1519,1525
chr1,28230000,0.99975,0.6541,28240000,2389,1772,2007
chr1,28240000,1,0.6001,28250000,1780,1627,1501
chr1,28250000,0.998621,0.5817,28260000,1402,1155,1197
chr1,28260000,0.9807,0.6667,28270000,2396,1820,1998
chr1,28270000,0.9104,0.6312,28280000,2259,1669,1875
chr1,28280000,1,0.615,28290000,1851,1614,1465
chr1,28290000,0.823427,0.6291,28300000,1568,1220,1332
chr1,28300000,0.9223,0.6185,28310000,1617,1693,1629
chr1,28310000,0.9491,0.6569,28320000,2234,1712,1818
chr1,28320000,1,0.6085,28330000,1756,1554,1460
chr1,28330000,0.9987,0.6409,28340000,2237,1780,1778
chr1,28340000,0.980967,0.6682,28350000,2479,1947,1990
chr1,28350000,0.872183,0.6971,28360000,6255,4291,5867
chr1,28360000,0.780788,0.6649,28370000,2611,1714,2176
chr1,28370000,1,0.6209,28380000,2053,1641,1551
chr1,28380000,0.896343,0.6035,28390000,1591,1313,1353
chr1,28390000,0.982096,0.6354,28400000,2123,1653,1732
chr1,28400000,0.9998,0.6071,28410000,1775,1542,1353
chr1,28410000,0.9918,0.6303,28420000,1955,1526,1477
chr1,28420000,1,0.616,28430000,1704,1480,1369
chr1,28430000,0.961247,0.6088,28440000,1601,1335,1424
chr1,28440000,0.944838,0.6397,28450000,2144,1634,1715
chr1,28450000,0.9998,0.6751,28460000,2627,1977,2271
chr1,28460000,1,0.5835,28470000,1677,1435,1309
chr1,28470000,0.991191,0.6578,28480000,2438,1626,2046
chr1,28480000,0.999233,0.6328,28490000,2029,1547,1597
chr1,28490000,1,0.5947,28500000,1644,1425,1342
chr1,28500000,0.583459,0.5641,28510000,1045,745,861
chr1,28510000,0.844564,0.5816,28520000,2126,1723,1955
chr1,28520000,0.876615,0.5454,28530000,1129,844,1086
chr1,28530000,0.729223,0.5537,28540000,642,419,651
chr1,28540000,0.84252,0.5329,28550000,974,661,942
chr1,28550000,0.623281,0.5267,28560000,796,503,786
chr1,28560000,0.907497,0.5497,28570000,1374,930,1191
chr1,28570000,0.726046,0.5237,28580000,762,601,858
chr1,28580000,0.852949,0.5715,28590000,1845,1308,1506
chr1,28590000,0.559277,0.5336,28600000,658,452,639
chr1,28600000,0.895686,0.5672,28610000,1309,864,1203
chr1,28610000,0.819026,0.5963,28620000,1279,976,1294
chr1,28620000,0.785605,0.5774,28630000,1762,1490,1435
chr1,28630000,0.338434,0.5852,28640000,407,316,461
chr1,28640000,0.490081,0.5681,28650000,699,473,572
chr1,28650000,0.813324,0.5823,28660000,2905,1914,2014
chr1,28660000,0.651274,0.5459,28670000,1501,1263,1247
chr1,28670000,0.835606,0.6607,28680000,2060,1450,1720
chr1,28680000,0.169468,0.5109,28690000,341,320,293
chr1,28690000,0.0487458,0.4865,28700000,2,6,8
chr1,28700000,0.135884,0.4885,28710000,27,42,45
chr2,0,0.66432,0.6227,10000,414,892,975
chr2,10000,0.900887,0.6079,20000,533,878,1147
chr2,20000,0.882002,0.5985,30000,609,970,1145
chr2,30000,1,0.5997,40000,526,1036,1028
chr2,40000,0.802673,0.6013,50000,353,729,823
chr2,50000,0.630628,0.5288,60000,234,401,478
chr2,60000,0.794312,0.5851,70000,276,617,610
chr2,70000,0.996033,0.6664,80000,637,1195,1404
chr2,80000,0.99985,0.6252,90000,482,984,1085
chr2,90000,0.969558,0.6324,100000,570,1088,1216
chr2,100000,0.932773,0.6146,110000,920,1342,1457
chr2,110000,1,0.6002,120000,787,1370,1226
chr2,120000,0.895733,0.6521,130000,664,1066,1280
chr2,130000,0.9855,0.6511,140000,542,1059,1314
chr2,140000,0.887301,0.6077,150000,465,890,987
chr2,150000,1,0.6107,160000,436,1049,952
chr2,160000,1,0.602,170000,420,901,795
chr2,170000,0.99615,0.6017,180000,446,880,889
chr2,180000,1,0.6221,190000,544,1146,1203
chr2,190000,1,0.6067,200000,485,1098,979
chr2,200000,1,0.6099,210000,493,1010,944
chr2,210000,0.995535,0.647,220000,608,1151,1224
chr2,220000,0.991562,0.6399,230000,576,1222,1253
chr2,230000,1,0.6456,240000,535,1119,1075
chr2,240000,0.934322,0.6786,250000,660,1209,1361
chr2,250000,1,0.6528,260000,713,1291,1363
chr2,260000,0.999275,0.6696,270000,674,1334,1393
chr2,270000,0.98915,0.7099,280000,766,1411,1560
chr2,280000,0.996767,0.6289,290000,607,1242,1133
chr2,290000,1,0.6644,300000,760,1458,1486
chr2,300000,1,0.6365,310000,438,860,977
chr2,310000,0.990283,0.6869,320000,763,1326,1637
chr2,320000,0.867807,0.6228,330000,1052,1591,1460
chr2,330000,1,0.5982,340000,574,1131,1037
chr2,340000,0.957543,0.6005,350000,490,1035,927
chr2,350000,0.99177,0.6602,360000,603,1175,1379
chr2,360000,0.890903,0.6071,370000,411,838,990
chr2,370000,1,0.6314,380000,537,1149,1156
chr2,380000,1,0.6287,390000,520,1178,1169
chr2,390000,0.93225,0.6269,400000,576,1035,1209
chr2,400000,0.842488,0.5895,410000,576,822,1097
chr2,410000,1,0.6336,420000,579,1210,1135
chr2,420000,1,0.6373,430000,599,1262,1221
chr2,430000,1,0.6327,440000,618,1231,1203
chr2,440000,1,0.6787,450000,700,1464,1582
chr2,450000,0.9997,0.6835,460000,682,1320,1479
chr2,460000,1,0.6688,470000,620,1274,1304
chr2,470000,0.674391,0.5928,480000,326,667,811
chr2,480000,0.899217,0.59,490000,386,769,802
chr2,490000,0.4949,0.6757,500000,33,75,77
chr2,500000,0.5033,0.6768,510000,52,89,126
chr2,510000,1,0.6445,520000,579,1253,1242
chr2,520000,0.995083,0.6549,530000,603,1202,1169
chr2,530000,0.971115,0.6797,540000,512,939,1281
chr2,540000,0.9815,0.6223,550000,490,1033,1034
chr2,550000,0.990144,0.6126,560000,523,1041,1154
chr2,560000,0.79205,0.6654,570000,409,856,991
chr2,570000,0.896843,0.6457,580000,492,885,1051
chr2,580000,0.243783,0.6233,590000,1,0,0
chr2,590000,0.245933,0.624,600000,0,0,1
chr2,600000,0.711685,0.6242,610000,347,757,741
chr2,610000,0.802389,0.5231,620000,403,695,724
chr2,620000,0.895729,0.5948,630000,445,915,1033
chr2,630000,0.963475,0.6088,640000,512,1112,1106
chr2,640000,1,0.6141,650000,494,1106,992
chr2,650000,0.920117,0.6135,660000,530,1053,1007
chr2,660000,0.902617,0.6151,670000,430,920,971
chr2,670000,0.945217,0.6288,680000,447,988,1210
chr2,680000,0.9735,0.6159,690000,434,954,934
chr2,690000,0.927021,0.603,700000,506,981,1151
chr2,700000,0.814263,0.53,710000,283,512,753
chr2,710000,0.9994,0.6682,720000,718,1460,1462
chr2,720000,1,0.6461,730000,672,1267,1283
chr2,730000,0.946117,0.6386,740000,514,1007,1093
chr2,740000,0.918183,0.6826,750000,576,1099,1201
chr2,750000,0.917875,0.618,760000,405,781,857
chr2,760000,0.990922,0.6598,770000,639,1292,1293
chr2,770000,1,0.6198,780000,482,1019,961
chr2,780000,0.955595,0.6569,790000,673,1128,1323
chr2,790000,0.9874,0.6328,800000,534,1186,1140
chr2,800000,1,0.6868,810000,767,1473,1665
chr2,810000,0.9828,0.6566,820000,638,1322,1256
chr2,820000,1,0.6246,830000,506,1014,1025
chr2,830000,0.99985,0.6274,840000,547,1143,1230
chr2,840000,0.99835,0.6545,850000,609,1341,1334
chr2,850000,1,0.6757,860000,700,1289,1321
chr2,860000,1,0.6194,870000,301,559,560
chr2,870000,1,0.6609,880000,571,1001,1066
chr2,880000,1,0.6292,890000,575,1186,1223
chr2,890000,0.98515,0.644,900000,601,1081,1287
chr2,900000,0.99285,0.6422,910000,503,1054,1176
chr2,910000,0.983438,0.6535,920000,552,1198,1336
chr2,920000,0.98595,0.6368,930000,752,1276,1318
chr2,930000,0.90169,0.6382,940000,972,1431,1361
chr2,940000,0.971268,0.6876,950000,925,1574,1716
chr2,950000,0.986292,0.703,960000,716,1344,1573
chr2,960000,0.97995,0.6519,970000,703,1308,1223
chr2,970000,0.4826,0.542,980000,276,432,576
chr2,980000,0.615122,0.5695,990000,264,555,591
chr2,990000,0.98275,0.6596,1000000,634,1165,1327
chr2,1000000,1,0.7157,1010000,1374,2345,1881
chr2,1010000,0.9736,0.6683,1020000,685,1249,1321
chr2,1020000,0.961027,0.6444,1030000,620,982,1209
chr2,1030000,0.989683,0.6362,1040000,546,1041,1029
chr2,1040000,0.9385,0.6532,1050000,581,1134,1214
chr2,1050000,0.992235,0.698,1060000,2910,3158,3141
chr2,1060000,0.9794,0.6688,1070000,1500,1837,1799
chr2,1070000,0.95375,0.6834,1080000,709,1309,1451
chr2,1080000,0.803407,0.625,1090000,348,761,813
chr2,1090000,0.82425,0.617,1100000,399,714,756
chr2,1100000,0.9932,0.6627,1110000,602,1240,1267
chr2,1110000,0.9699,0.6389,1120000,504,1062,1047
chr2,1120000,0.98775,0.7131,1130000,844,1499,1737
chr2,1130000,0.979152,0.6818,1140000,866,1334,1478
chr2,1140000,0.9943,0.6661,1150000,625,1261,1315
chr2,1150000,0.9988,0.6485,1160000,586,1169,1205
chr2,1160000,1,0.6418,1170000,533,1166,1098
chr2,1170000,1,0.6709,1180000,677,1410,1417
chr2,1180000,1,0.6652,1190000,687,1308,1474
chr2,1190000,0.95195,0.6346,1200000,814,1411,1473
chr2,1200000,0.644589,0.5431,1210000,382,629,726
chr2,1210000,0.805843,0.5695,1220000,469,747,862
chr2,1220000,0.965093,0.6164,1230000,568,1121,1074
chr2,1230000,0.972583,0.6561,1240000,600,1265,1206
chr2,1240000,0.8965,0.6373,1250000,449,938,951
chr2,1250000,0.9968,0.6967,1260000,750,1372,1634
chr2,1260000,0.986694,0.703,1270000,744,1464,1704
chr2,1270000,0.990467,0.6609,1280000,589,1168,1462
chr2,1280000,0.98885,0.6455,1290000,657,1348,1406
chr2,1290000,0.99995,0.6406,1300000,617,1098,1185
chr2,1300000,0.878585,0.6434,1310000,501,918,1168
chr2,1310000,0.991918,0.7083,1320000,754,1510,1696
chr2,1320000,1,0.6809,1330000,702,1382,1551
chr2,1330000,1,0.6046,1340000,495,977,915
chr2,1340000,0.961183,0.6328,1350000,623,1189,1348
chr2,1350000,0.984189,0.6483,1360000,1048,1580,1536
chr2,1360000,0.996548,0.7043,1370000,896,1277,1580
chr2,1370000,1,0.6292,1380000,727,1110,1088
chr2,1380000,0.9792,0.619,1390000,701,1112,1086
chr2,1390000,0.950483,0.6659,1400000,2117,2216,2234
chr2,1400000,0.96145,0.623,1410000,713,1067,1064
chr2,1410000,0.992483,0.7164,1420000,768,1438,1717
chr2,1420000,0.985894,0.6893,1430000,952,1514,1644
chr2,1430000,0.99835,0.6836,1440000,696,1211,1421
chr2,1440000,0.977051,0.6295,1450000,346,666,796
chr2,1450000,1,0.6518,1460000,591,1238,1271
chr2,1460000,0.970992,0.6683,1470000,659,1270,1400
chr2,1470000,0.962799,0.6751,1480000,610,1236,1296
chr2,1480000,1,0.6086,1490000,463,990,942
chr2,1490000,0.998275,0.6916,1500000,738,1461,1430
chr2,1500000,1,0.6679,1510000,647,1302,1308
chr2,1510000,0.979226,0.6272,1520000,748,1252,1146
chr2,1520000,0.981622,0.7047,1530000,788,1353,1796
chr2,1530000,0.955111,0.673,1540000,587,1170,1232
chr2,1540000,0.978697,0.6715,1550000,623,1256,1432
chr2,1550000,1,0.6482,1560000,911,1639,1393
chr2,1560000,0.9967,0.6504,1570000,602,1220,1220
chr2,1570000,0.792208,0.5516,1580000,347,651,786
chr2,1580000,0.858674,0.6406,1590000,670,1197,1451
chr2,1590000,0.97135,0.646,1600000,1318,1848,1971
chr2,1600000,1,0.6878,1610000,672,1337,1440
chr2,1610000,0.946509,0.6754,1620000,626,1191,1555
chr2,1620000,0.913483,0.6528,1630000,542,991,1203
chr2,1630000,1,0.6962,1640000,718,1490,1583
chr2,1640000,0.906226,0.6695,1650000,543,1127,1318
chr2,1650000,0.975102,0.64,1660000,492,1039,1227
chr2,1660000,0.914695,0.6274,1670000,502,1063,1227
chr2,1670000,1,0.6567,1680000,649,1308,1382
chr2,1680000,0.99011,0.6569,1690000,601,1205,1257
chr2,1690000,1,0.6578,1700000,623,1328,1446
chr2,1700000,1,0.6595,1710000,624,1244,1304
chr2,1710000,1,0.6636,1720000,654,1297,1402
chr2,1720000,1,0.7008,1730000,735,1423,1521
chr2,1730000,0.9991,0.7082,1740000,787,1471,1712
chr2,1740000,0.996682,0.6677,1750000,649,1280,1457
chr2,1750000,0.998367,0.6508,1760000,563,1145,1339
chr2,1760000,0.997233,0.6336,1770000,588,1135,1205
chr2,1770000,0.946251,0.639,1780000,534,1063,1114
chr2,1780000,0.9988,0.6556,1790000,614,1244,1325
chr2,1790000,0.823584,0.6509,1800000,526,1000,1167
chr2,1800000,0.926322,0.6918,1810000,666,1296,1460
chr2,1810000,0.975316,0.674,1820000,626,1250,1393
chr2,1820000,0.91375,0.6796,1830000,673,1289,1332
chr2,1830000,0.992957,0.6333,1840000,667,1220,1287
chr2,1840000,0.99475,0.7043,1850000,880,1627,1881
chr2,1850000,1,0.6464,1860000,657,1231,1343
chr2,1860000,1,0.638,1870000,612,1217,1151
chr2,1870000,1,0.6177,1880000,433,983,945
chr2,1880000,0.974379,0.6316,1890000,623,1286,1195
chr2,1890000,0.916975,0.4985,1900000,310,586,693
chr2,1900000,0.974829,0.6524,1910000,581,1173,1276
chr2,1910000,0.9719,0.645,1920000,747,1292,1396
chr2,1920000,0.97915,0.6556,1930000,640,1204,1323
chr2,1930000,1,0.6196,1940000,561,1177,1023
chr2,1940000,0.978806,0.6578,1950000,611,1249,1300
chr2,1950000,0.99885,0.6587,1960000,685,1328,1366
chr2,1960000,0.96245,0.6583,1970000,660,1284,1267
chr2,1970000,1,0.5719,1980000,415,1024,877
chr2,1980000,0.9999,0.6451,1990000,599,1221,1299
chr2,1990000,0.968395,0.6671,2000000,710,1337,1447
chr2,2000000,0.981357,0.6779,2010000,670,1270,1543
chr2,2010000,0.9225,0.5593,2020000,865,1066,1330
chr2,2020000,0.881804,0.6062,2030000,421,861,876
chr2,2030000,0.406148,0.6484,2040000,221,433,511
chr2,2040000,0.235421,0.6434,2050000,29,40,65
chr2,2050000,0.235919,0.6336,2060000,38,56,86
chr2,2060000,0.211923,0.627,2070000,0,6,12
chr2,2070000,0.200166,0.6392,2080000,0,0,0
chr2,2080000,0.211659,0.6372,2090000,0,0,3
chr2,2090000,0.207693,0.632,2100000,1,7,6
chr2,2100000,0.210231,0.6434,2110000,8,18,28
chr2,2110000,0.929503,0.6206,2120000,455,1085,974
chr2,2120000,1,0.6239,2130000,447,1158,1023
chr2,2130000,0.634833,0.6543,2140000,276,542,641
chr2,2140000,0.814301,0.6626,2150000,453,988,1059
chr2,2150000,0.9923,0.6952,2160000,726,1390,1601
chr2,2160000,0.9961,0.6512,2170000,646,1298,1304
chr2,2170000,0.96614,0.7385,2180000,878,1543,1826
chr2,2180000,1,0.6636,2190000,572,1309,1380
chr2,2190000,0.981842,0.6142,2200000,427,927,912
chr2,2200000,0.837927,0.5624,2210000,605,759,876
chr2,2210000,0.881665,0.6338,2220000,782,1124,1325
chr2,2220000,0.964783,0.6532,2230000,677,1305,1322
chr2,2230000,0.996467,0.5219,2240000,503,832,913
chr2,2240000,0.996392,0.6584,2250000,621,1253,1276
chr2,2250000,0.998383,0.6662,2260000,659,1300,1280
chr2,2260000,0.998383,0.65,2270000,626,1282,1259
chr2,2270000,1,0.6737,2280000,699,1402,1504
chr2,2280000,0.9567,0.7053,2290000,1143,2159,1938
chr2,2290000,1,0.6427,2300000,591,1264,1124
chr2,2300000,0.943033,0.6657,2310000,668,1238,1398
chr2,2310000,1,0.648,2320000,634,1198,1197
chr2,2320000,0.9791,0.6543,2330000,539,1087,1218
chr2,2330000,0.99985,0.6514,2340000,1059,1610,1747
chr2,2340000,0.889064,0.5583,2350000,933,1278,1142
chr2,2350000,0.9997,0.7073,2360000,874,1626,1752
chr2,2360000,0.97845,0.6743,2370000,695,1322,1515
chr2,2370000,1,0.6794,2380000,677,1383,1516
chr2,2380000,0.982667,0.7014,2390000,905,1603,1690
chr2,2390000,0.9946,0.6937,2400000,694,1454,1586
chr2,2400000,0.993128,0.6477,2410000,576,1231,1196
chr2,2410000,0.996517,0.6886,2420000,725,1382,1518
chr2,2420000,0.95861,0.6746,2430000,692,1313,1429
chr2,2430000,0.932912,0.6377,2440000,469,1044,1054
chr2,2440000,0.946478,0.6787,2450000,618,1165,1448
chr2,2450000,0.965072,0.6676,2460000,645,1198,1510
chr2,2460000,0.334353,0.6957,2470000,206,318,425
chr2,2470000,0.933733,0.5976,2480000,451,981,1007
chr2,2480000,1,0.6751,2490000,713,1360,1394
chr2,2490000,0.993,0.6285,2500000,561,1149,1140
chr2,2500000,0.9983,0.6112,2510000,476,1021,925
chr2,2510000,0.9956,0.6094,2520000,471,1132,952
chr2,2520000,1,0.6095,2530000,524,1053,990
chr2,2530000,0.756238,0.6063,2540000,377,779,847
chr2,2540000,0.9433,0.6089,2550000,456,1071,926
chr2,2550000,1,0.6071,2560000,417,1026,879
chr2,2560000,1,0.6122,2570000,389,969,917
chr2,2570000,1,0.621,2580000,432,1062,988
chr2,2580000,1,0.6761,2590000,690,1384,1486
chr2,2590000,0.9867,0.6888,2600000,740,1364,1501
chr2,2600000,0.988909,0.6844,2610000,705,1475,1632
chr2,2610000,0.946717,0.6309,2620000,496,1042,1106
chr2,2620000,0.925642,0.6485,2630000,745,1189,1454
chr2,2630000,0.957103,0.5817,2640000,585,1095,1177
chr2,2640000,0.935421,0.6354,2650000,593,1119,1288
chr2,2650000,1,0.6466,2660000,614,1287,1210
chr2,2660000,0.98685,0.6566,2670000,592,1111,1214
chr2,2670000,0.828933,0.6361,2680000,220,336,459
chr2,2680000,0.63645,0.6395,2690000,203,292,452
chr2,2690000,0.844708,0.7249,2700000,740,1180,1446
chr2,2700000,0.9926,0.6391,2710000,677,1308,1354
chr2,2710000,0.945983,0.6125,2720000,1665,1522,1525
chr2,2720000,0.9964,0.638,2730000,1102,1597,1529
chr2,2730000,0.983317,0.6783,2740000,598,1064,1453
chr2,2740000,1,0.6392,2750000,535,1149,1105
chr2,2750000,1,0.6948,2760000,912,1627,1862
chr2,2760000,0.990983,0.671,2770000,587,1232,1338
chr2,2770000,0.997233,0.6848,2780000,647,1314,1410
chr2,2780000,1,0.672,2790000,631,1437,1436
chr2,2790000,1,0.6869,2800000,680,1441,1629
chr2,2800000,1,0.6794,2810000,641,1402,1457
chr2,2810000,1,0.6574,2820000,650,1264,1383
chr2,2820000,1,0.6542,2830000,602,1288,1363
chr2,2830000,1,0.6273,2840000,526,1104,1139
chr2,2840000,1,0.6256,2850000,579,1168,1160
chr2,2850000,0.9918,0.6491,2860000,597,1279,1231
chr2,2860000,0.99195,0.6549,2870000,1037,2141,1697
chr2,2870000,1,0.6817,2880000,733,1447,1604
chr2,2880000,1,0.6373,2890000,567,1221,1208
chr2,2890000,0.99925,0.6307,2900000,1872,2308,2364
chr2,2900000,1,0.6228,2910000,723,1284,1210
chr2,2910000,0.997933,0.6349,2920000,502,1186,1273
chr2,2920000,1,0.6792,2930000,712,1470,1577
chr2,2930000,0.9825,0.6246,2940000,511,982,1079
chr2,2940000,1,0.6507,2950000,576,1270,1262
chr2,2950000,0.9989,0.6524,2960000,576,1227,1179
chr2,2960000,1,0.6316,2970000,565,1149,1141
chr2,2970000,0.983307,0.7081,2980000,781,1481,1743
chr2,2980000,0.785453,0.5356,2990000,259,571,652
chr2,2990000,0.802073,0.5713,3000000,384,703,747
chr2,3000000,1,0.6602,3010000,595,1214,1282
chr2,3010000,0.9948,0.6504,3020000,577,1194,1178
chr2,3020000,0.9983,0.6763,3030000,651,1310,1339
chr2,3030000,1,0.6148,3040000,517,1112,998
chr2,3040000,0.997667,0.6276,3050000,487,1106,1144
chr2,3050000,0.766077,0.6323,3060000,423,777,1014
chr2,3060000,0.999,0.6217,3070000,520,1213,1199
chr2,3070000,1,0.6682,3080000,707,1287,1416
chr2,3080000,0.999267,0.6827,3090000,713,1370,1533
chr2,3090000,0.90465,0.6516,3100000,424,856,978
chr2,3100000,0.863667,0.6426,3110000,453,933,1054
chr2,3110000,0.9943,0.6194,3120000,477,1108,1024
chr2,3120000,0.992033,0.6477,3130000,615,1034,1181
chr2,3130000,0.909325,0.6583,3140000,509,834,924
chr2,3140000,0.981988,0.6299,3150000,503,1071,1003
chr2,3150000,1,0.632,3160000,544,1227,1203
chr2,3160000,0.97305,0.6274,3170000,484,1064,1047
chr2,3170000,0.97835,0.6575,3180000,627,1208,1356
chr2,3180000,1,0.6371,3190000,471,848,987
chr2,3190000,0.9963,0.6618,3200000,1641,2023,1887
chr2,3200000,0.99295,0.6527,3210000,544,1147,1139
chr2,3210000,0.99295,0.6825,3220000,702,1376,1574
chr2,3220000,1,0.619,3230000,546,1232,978
chr2,3230000,0.989961,0.6904,3240000,646,1280,1479
chr2,3240000,0.9995,0.6185,3250000,517,1216,1379
chr2,3250000,0.986117,0.646,3260000,675,1227,1237
chr2,3260000,0.953067,0.6269,3270000,433,1043,1019
chr2,3270000,0.9986,0.6499,3280000,617,1182,1300
chr2,3280000,1,0.6791,3290000,665,1340,1411
chr2,3290000,0.925695,0.5091,3300000,285,547,673
chr2,3300000,0.97062,0.5695,3310000,459,842,934
chr2,3310000,0.980874,0.6752,3320000,757,1279,1518
chr2,3320000,1,0.623,3330000,494,1127,1036
chr2,3330000,0.940411,0.7064,3340000,742,1440,1728
chr2,3340000,0.879997,0.6634,3350000,478,978,1118
chr2,3350000,0.990183,0.6033,3360000,538,1045,1201
chr2,3360000,0.976817,0.5262,3370000,363,687,833
chr2,3370000,1,0.6452,3380000,538,1130,1140
chr2,3380000,0.99915,0.708,3390000,708,1290,1447
chr2,3390000,0.97566,0.6909,3400000,686,1284,1590
chr2,3400000,1,0.6778,3410000,676,1375,1360
chr2,3410000,0.949214,0.629,3420000,750,1323,1298
chr2,3420000,1,0.6738,3430000,862,1539,1564
chr2,3430000,1,0.6372,3440000,627,1258,1264
chr2,3440000,1,0.6533,3450000,657,1298,1387
chr2,3450000,0.98565,0.6702,3460000,651,1241,1419
chr2,3460000,0.675571,0.6248,3470000,333,690,856
chr2,3470000,0.9825,0.6267,3480000,589,1123,1255
chr2,3480000,0.943875,0.683,3490000,820,1273,1498
chr2,3490000,0.97535,0.6994,3500000,846,1356,1727
chr2,3500000,0.98385,0.6439,3510000,631,1133,1391
chr2,3510000,0.98905,0.655,3520000,645,1287,1355
chr2,3520000,1,0.6491,3530000,624,1208,1296
chr2,3530000,1,0.6317,3540000,518,1115,1061
chr2,3540000,1,0.7085,3550000,869,1530,1720
chr2,3550000,1,0.608,3560000,435,931,966
chr2,3560000,0.933433,0.6555,3570000,494,1034,1263
chr2,3570000,1,0.6615,3580000,675,1333,1481
chr2,3580000,0.990233,0.6327,3590000,601,1253,1137
chr2,3590000,0.974134,0.6836,3600000,737,1328,1614
chr2,3600000,0.928406,0.6194,3610000,511,983,1088
chr2,3610000,0.967017,0.5872,3620000,577,1204,1198
chr2,3620000,0.963239,0.5832,3630000,880,1283,1263
chr2,3630000,0.973404,0.678,3640000,686,1358,1480
chr2,3640000,0.847615,0.6355,3650000,546,1027,1127
chr2,3650000,0.620994,0.5412,3660000,266,480,553
chr2,3660000,0.830656,0.5406,3670000,393,682,757
chr2,3670000,0.863054,0.6074,3680000,429,828,927
chr2,3680000,0.905934,0.6315,3690000,547,1119,1272
chr2,3690000,0.941487,0.6839,3700000,700,1337,1344
chr2,3700000,0.962419,0.5287,3710000,444,778,912
chr2,3710000,0.967475,0.7176,3720000,875,1553,1885
chr2,3720000,0.991883,0.6411,3730000,855,1601,1549
chr2,3730000,1,0.6315,3740000,529,1177,1128
chr2,3740000,1,0.6851,3750000,638,1253,1267
chr2,3750000,1,0.7008,3760000,746,1411,1447
chr2,3760000,0.99135,0.6949,3770000,721,1247,1466
chr2,3770000,0.99945,0.6706,3780000,711,1271,1390
chr2,3780000,0.981692,0.7139,3790000,759,1470,1676
chr2,3790000,0.985951,0.6403,3800000,585,1153,1244
chr2,3800000,0.962197,0.6604,3810000,629,1180,1313
chr2,3810000,0.97505,0.6299,3820000,546,1060,1041
chr2,3820000,0.995567,0.6147,3830000,508,1117,1114
chr2,3830000,0.923343,0.598,3840000,436,867,956
chr2,3840000,0.879293,0.5974,3850000,625,969,1065
chr2,3850000,0.991,0.6843,3860000,886,1476,1590
chr2,3860000,1,0.6758,3870000,783,1444,1541
chr2,3870000,0.975093,0.6354,3880000,1076,1658,1671
chr2,3880000,0.9587,0.6498,3890000,517,1106,1183
chr2,3890000,0.877658,0.6182,3900000,496,997,1030
chr2,3900000,0.9997,0.6294,3910000,579,1141,1277
chr2,3910000,1,0.6102,3920000,534,1076,1246
chr2,3920000,0.9613,0.6497,3930000,658,1246,1442
chr2,3930000,0.996142,0.6342,3940000,507,1077,1065
chr2,3940000,0.9713,0.6801,3950000,619,1325,1519
chr2,3950000,0.9955,0.6624,3960000,720,1315,1566
chr2,3960000,0.848542,0.6407,3970000,1459,1564,1971
chr2,3970000,1,0.6266,3980000,514,1168,1036
chr2,3980000,0.939903,0.6417,3990000,628,1205,1305
chr2,3990000,1,0.6589,4000000,595,1120,1222
chr2,4000000,0.989425,0.6574,4010000,644,1265,1289
chr2,4010000,0.982778,0.6721,4020000,607,1278,1379
chr2,4020000,1,0.6828,4030000,728,1337,1568
chr2,4030000,0.995233,0.6645,4040000,709,1267,1371
chr2,4040000,0.90405,0.6369,4050000,494,910,1056
chr2,4050000,0.994,0.7068,4060000,845,1424,1697
chr2,4060000,1,0.6222,4070000,454,977,968
chr2,4070000,0.99605,0.6821,4080000,704,1390,1413
chr2,4080000,1,0.6592,4090000,621,1296,1416
chr2,4090000,0.96694,0.7,4100000,1015,1500,1807
chr2,4100000,0.847646,0.4878,4110000,211,442,525
chr2,4110000,0.944591,0.6495,4120000,495,985,1110
chr2,4120000,0.94914,0.6902,4130000,579,1124,1369
chr2,4130000,1,0.6339,4140000,675,1182,1141
chr2,4140000,0.99805,0.662,4150000,630,1349,1345
chr2,4150000,0.9981,0.6838,4160000,710,1346,1501
chr2,4160000,0.891183,0.6779,4170000,568,1126,1259
chr2,4170000,0.9994,0.6346,4180000,783,1363,1467
chr2,4180000,0.998083,0.6359,4190000,565,1149,1122
chr2,4190000,0.860508,0.6135,4200000,412,735,948
chr2,4200000,0.993945,0.6409,4210000,632,1183,1297
chr2,4210000,0.984633,0.5386,4220000,525,973,962
chr2,4220000,0.964068,0.657,4230000,684,1299,1457
chr2,4230000,0.948949,0.6366,4240000,544,1061,1200
chr2,4240000,0.970237,0.6647,4250000,722,1309,1481
chr2,4250000,0.9855,0.6324,4260000,571,1175,1235
chr2,4260000,0.946806,0.6709,4270000,651,1281,1410
chr2,4270000,0.740097,0.5928,4280000,392,808,801
chr2,4280000,0.99945,0.6749,4290000,642,1321,1324
chr2,4290000,0.96375,0.7038,4300000,681,1318,1467
chr2,4300000,1,0.6281,4310000,664,1356,1305
chr2,4310000,1,0.633,4320000,588,1217,1200
chr2,4320000,0.859505,0.5254,4330000,322,651,746
chr2,4330000,0.949487,0.625,4340000,535,1125,1245
chr2,4340000,0.3009,0.6879,4350000,117,268,277
chr2,4350000,0.99345,0.722,4360000,775,1575,1746
chr2,4360000,0.991073,0.7174,4370000,978,1583,1905
chr2,4370000,0.963013,0.6725,4380000,634,1237,1453
chr2,4380000,0.94075,0.6765,4390000,624,1222,1324
chr2,4390000,1,0.6973,4400000,748,1490,1551
chr2,4400000,0.832568,0.6164,4410000,390,793,817
chr2,4410000,0.914017,0.6298,4420000,524,988,1116
chr2,4420000,0.99635,0.6978,4430000,790,1484,1742
chr2,4430000,0.774295,0.6124,4440000,5020,7732,6006
chr2,4440000,0.942265,0.6435,4450000,589,1138,1242
chr2,4450000,1,0.6958,4460000,771,1423,1695
chr2,4460000,0.9819,0.6337,4470000,1153,1819,1644
chr2,4470000,0.98985,0.6371,4480000,999,1898,1436
chr2,4480000,0.989817,0.6207,4490000,1309,2741,1751
chr2,4490000,0.723,0.6477,4500000,19036,20653,22570
chr2,4500000,0.918883,0.6358,4510000,20258,26291,23589
chr2,4510000,0.99155,0.6694,4520000,1119,1558,1558
chr2,4520000,0.961867,0.6878,4530000,804,1366,1448
chr2,4530000,0.885643,0.6248,4540000,526,1012,1107
chr2,4540000,0.844338,0.6255,4550000,496,904,973
chr2,4550000,0.77685,0.6942,4560000,375,767,1001
chr2,4560000,0.9648,0.6329,4570000,435,947,959
chr2,4570000,1,0.6473,4580000,527,1129,1146
chr2,4580000,0.913957,0.5827,4590000,709,1042,1150
chr2,4590000,0.95542,0.5892,4600000,485,951,1066
chr2,4600000,0.9982,0.6916,4610000,862,1455,1621
chr2,4610000,1,0.617,4620000,444,937,916
chr2,4620000,1,0.6523,4630000,541,1125,1166
chr2,4630000,1,0.5998,4640000,342,732,751
chr2,4640000,0.972967,0.5805,4650000,348,616,782
chr2,4650000,0.985858,0.6459,4660000,523,1138,1229
chr2,4660000,1,0.7197,4670000,870,1583,1865
chr2,4670000,0.979894,0.6991,4680000,747,1367,1741
chr2,4680000,0.9983,0.6824,4690000,658,1250,1496
chr2,4690000,0.99924,0.6638,4700000,721,1287,1386
chr2,4700000,0.985783,0.6382,4710000,1397,1959,1917
chr2,4710000,0.989417,0.6864,4720000,639,1332,1451
chr2,4720000,0.98266,0.663,4730000,616,1229,1365
chr2,4730000,0.976171,0.6252,4740000,523,1084,1221
chr2,4740000,1,0.6268,4750000,474,1125,1000
chr2,4750000,1,0.6519,4760000,581,1110,1128
chr2,4760000,1,0.6329,4770000,481,1191,1030
chr2,4770000,0.774939,0.621,4780000,338,699,797
chr2,4780000,0.987675,0.6347,4790000,648,1269,1272
chr2,4790000,0.95973,0.588,4800000,467,905,968
chr2,4800000,0.983728,0.6151,4810000,588,1251,1254
chr2,4810000,1,0.6954,4820000,1831,2086,2128
chr2,4820000,0.99385,0.6446,4830000,547,1190,1259
chr2,4830000,0.90685,0.6654,4840000,492,975,1104
chr2,4840000,0.976135,0.6005,4850000,533,1000,1118
chr2,4850000,0.91926,0.6505,4860000,728,1089,1147
chr2,4860000,0.9985,0.6884,4870000,711,1276,1419
chr2,4870000,0.984204,0.6764,4880000,633,1287,1409
chr2,4880000,0.9985,0.6844,4890000,630,1229,1407
chr2,4890000,0.986367,0.7245,4900000,806,1475,1666
chr2,4900000,0.913094,0.6768,4910000,659,1154,1329
chr2,4910000,0.893766,0.6162,4920000,423,829,1089
chr2,4920000,0.987617,0.6469,4930000,651,1303,1347
chr2,4930000,0.978247,0.655,4940000,678,1254,1286
chr2,4940000,0.972533,0.5006,4950000,369,702,706
chr2,4950000,0.963277,0.6519,4960000,1065,1418,1427
chr2,4960000,0.981856,0.6282,4970000,627,1007,1114
chr2,4970000,1,0.6932,4980000,719,1314,1441
chr2,4980000,1,0.6736,4990000,679,1175,1284
chr2,4990000,0.98585,0.651,5000000,592,1245,1255
chr2,5000000,0.97525,0.7118,5010000,750,1465,1743
chr2,5010000,1,0.6859,5020000,641,1193,1380
chr2,5020000,0.9777,0.6173,5030000,480,985,1183
chr2,5030000,0.99765,0.6916,5040000,722,1291,1511
chr2,5040000,0.98413,0.6193,5050000,493,1127,1130
chr2,5050000,0.971903,0.6851,5060000,870,1321,1550
chr2,5060000,0.959715,0.6642,5070000,2229,2197,2868
chr2,5070000,1,0.6258,5080000,531,1064,1111
chr2,5080000,0.986625,0.6717,5090000,704,1161,1334
chr2,5090000,0.855164,0.6713,5100000,555,1113,1177
chr2,5100000,0.0876019,0.7217,5110000,0,1,1
chr2,5110000,0.128152,0.7254,5120000,26,56,109
chr2,5120000,0.215566,0.7223,5130000,62,103,152
chr2,5130000,0.605347,0.724,5140000,438,720,1018
chr2,5140000,0.597309,0.726,5150000,317,616,795
chr2,5150000,0.785439,0.5322,5160000,202,394,456
chr2,5160000,0.939998,0.5054,5170000,346,734,677
chr2,5170000,0.944685,0.642,5180000,552,1178,1354
chr2,5180000,1,0.6447,5190000,620,1274,1214
chr2,5190000,0.68405,0.6331,5200000,183,446,431
chr2,5200000,0.745453,0.6447,5210000,396,687,898
chr2,5210000,0.9991,0.655,5220000,642,1129,1305
chr2,5220000,0.986292,0.6651,5230000,626,1292,1401
chr2,5230000,0.956733,0.6828,5240000,557,1063,1178
chr2,5240000,0.921367,0.641,5250000,493,1040,1032
chr2,5250000,0.99865,0.6683,5260000,630,1260,1385
chr2,5260000,0.894148,0.6388,5270000,535,1015,1178
chr2,5270000,0.775202,0.5938,5280000,457,615,848
chr2,5280000,0.94958,0.7029,5290000,750,1389,1535
chr2,5290000,0.98775,0.6764,5300000,1621,2040,1949
chr2,5300000,0.9607,0.6601,5310000,638,1309,1327
chr2,5310000,0.989835,0.6359,5320000,778,1354,1454
chr2,5320000,0.9836,0.5865,5330000,492,1013,1046
chr2,5330000,0.9989,0.6754,5340000,776,1448,1562
chr2,5340000,0.748862,0.6365,5350000,443,787,1005
chr2,5350000,0.942879,0.5974,5360000,455,1024,1099
chr2,5360000,1,0.6399,5370000,568,1162,1154
chr2,5370000,0.99745,0.6633,5380000,619,1268,1259
chr2,5380000,0.984633,0.6681,5390000,525,1090,1350
chr2,5390000,0.78602,0.6702,5400000,621,939,1252
chr2,5400000,0.715588,0.69,5410000,516,846,1177
chr2,5410000,0.907228,0.636,5420000,639,1111,1149
chr2,5420000,0.589008,0.6731,5430000,361,556,734
chr2,5430000,0.61476,0.6822,5440000,969,995,1114
chr2,5440000,0.916966,0.6724,5450000,650,1160,1260
chr2,5450000,1,0.6424,5460000,571,1267,1200
chr2,5460000,1,0.6427,5470000,683,1332,1326
chr2,5470000,0.952798,0.7246,5480000,795,1445,1682
chr2,5480000,1,0.7165,5490000,849,1534,1718
chr2,5490000,0.6055,0.7002,5500000,303,665,852
chr2,5500000,0.988166,0.6904,5510000,719,1319,1632
chr2,5510000,0.969195,0.6701,5520000,711,1348,1570
chr2,5520000,0.367188,0.5698,5530000,159,273,354
chr2,5530000,0.769418,0.6348,5540000,431,876,944
chr2,5540000,1,0.6593,5550000,636,1341,1467
chr2,5550000,0.9816,0.6009,5560000,469,982,1085
chr2,5560000,0.996117,0.7118,5570000,824,1420,1553
chr2,5570000,0.931842,0.6888,5580000,583,1198,1176
chr2,5580000,0.97567,0.6478,5590000,586,1067,1248
chr2,5590000,0.9973,0.5565,5600000,515,966,960
chr2,5600000,0.99875,0.5831,5610000,785,1196,1185
chr2,5610000,1,0.6309,5620000,768,1384,1479
chr2,5620000,1,0.6776,5630000,765,1399,1437
chr2,5630000,0.921818,0.6592,5640000,581,1190,1308
chr2,5640000,0.9738,0.6713,5650000,740,1263,1530
chr2,5650000,0.992093,0.6367,5660000,568,1246,1145
chr2,5660000,0.965993,0.641,5670000,515,987,1032
chr2,5670000,0.998315,0.6664,5680000,1144,1894,1739
chr2,5680000,0.9988,0.6875,5690000,824,1567,1650
chr2,5690000,0.9873,0.69,5700000,873,1553,1729
chr2,5700000,1,0.6494,5710000,766,1458,1273
chr2,5710000,0.973397,0.5926,5720000,500,949,1085
chr2,5720000,0.96428,0.6206,5730000,504,1056,1192
chr2,5730000,0.89706,0.5887,5740000,883,1169,1343
chr2,5740000,0.961026,0.6331,5750000,702,1145,1254
chr2,5750000,0.940753,0.6633,5760000,818,1360,1642
chr2,5760000,1,0.6422,5770000,554,1282,1204
chr2,5770000,0.990208,0.6708,5780000,656,1373,1464
chr2,5780000,1,0.6248,5790000,535,1259,1175
chr2,5790000,0.99395,0.6919,5800000,770,1439,1551
chr2,5800000,0.936016,0.6464,5810000,570,1214,1197
chr2,5810000,1,0.645,5820000,610,1352,1270
chr2,5820000,0.866108,0.6146,5830000,405,885,884
chr2,5830000,0.93495,0.6623,5840000,649,1245,1320
chr2,5840000,0.964645,0.6805,5850000,667,1289,1429
chr2,5850000,0.986815,0.7019,5860000,768,1490,1668
chr2,5860000,0.9981,0.6772,5870000,750,1529,1663
chr2,5870000,0.992814,0.6571,5880000,636,1334,1342
chr2,5880000,0.966677,0.5735,5890000,7077,13224,7275
chr2,5890000,0.9969,0.6634,5900000,1275,2632,1854
chr2,5900000,0.993,0.6411,5910000,954,1572,1503
chr2,5910000,0.999442,0.7093,5920000,928,1581,1715
chr2,5920000,0.984992,0.5596,5930000,449,855,955
chr2,5930000,0.89557,0.5749,5940000,363,702,830
chr2,5940000,0.991761,0.6434,5950000,653,1221,1346
chr2,5950000,0.9984,0.6535,5960000,669,1331,1350
chr2,5960000,0.716534,0.5356,5970000,331,652,713
chr2,5970000,0.829925,0.5485,5980000,404,767,821
chr2,5980000,1,0.6703,5990000,681,1449,1635
chr2,5990000,1,0.6328,6000000,587,1141,1185
chr2,6000000,1,0.6994,6010000,1518,2073,2157
chr2,6010000,0.9915,0.6546,6020000,625,1222,1285
chr2,6020000,0.955094,0.696,6030000,1031,1458,1564
chr2,6030000,0.975842,0.6882,6040000,496,987,1166
chr2,6040000,0.994983,0.6424,6050000,622,1091,1228
chr2,6050000,0.99662,0.6269,6060000,780,1224,1150
chr2,6060000,0.9152,0.7023,6070000,747,1302,1447
chr2,6070000,1,0.6327,6080000,2043,3191,1928
chr2,6080000,1,0.6647,6090000,728,1488,1596
chr2,6090000,1,0.5733,6100000,479,1078,1095
chr2,6100000,0.928453,0.6512,6110000,656,1160,1271
chr2,6110000,0.946283,0.6596,6120000,739,1271,1335
chr2,6120000,0.879775,0.683,6130000,726,1083,1419
chr2,6130000,0.875468,0.682,6140000,846,1257,1469
chr2,6140000,0.955052,0.5611,6150000,468,788,894
chr2,6150000,0.96629,0.5018,6160000,309,603,692
chr2,6160000,0.935267,0.5708,6170000,426,767,914
chr2,6170000,0.890374,0.6037,6180000,536,845,999
chr2,6180000,0.914369,0.63,6190000,581,1088,1120
chr2,6190000,0.698217,0.499,6200000,198,387,489
chr2,6200000,0.768751,0.5372,6210000,295,577,632
chr2,6210000,0.9903,0.6366,6220000,563,1146,1212
chr2,6220000,0.984283,0.6488,6230000,596,1232,1270
chr2,6230000,0.906303,0.6337,6240000,794,1151,1263
chr2,6240000,1,0.6447,6250000,1427,1796,1799
chr2,6250000,0.932433,0.6423,6260000,2518,2412,2904
chr2,6260000,0.968508,0.6636,6270000,538,910,1032
chr2,6270000,1,0.6368,6280000,484,890,1053
chr2,6280000,0.993683,0.6185,6290000,648,1192,1258
chr2,6290000,0.947628,0.6309,6300000,556,1028,1136
chr2,6300000,0.719871,0.5046,6310000,289,439,499
chr2,6310000,0.917405,0.5063,6320000,491,819,714
chr2,6320000,0.970883,0.6147,6330000,620,1162,1151
chr2,6330000,0.12905,0.5792,6340000,38,52,94
chr2,6340000,0.787237,0.6425,6350000,590,878,1041
chr2,6350000,0.99775,0.6419,6360000,1035,1526,1467
chr2,6360000,0.995264,0.6721,6370000,670,1184,1398
chr2,6370000,0.851627,0.6109,6380000,378,785,869
chr2,6380000,0.984058,0.6204,6390000,550,993,942
chr2,6390000,0.988233,0.7268,6400000,798,1565,1775
chr2,6400000,0.969341,0.6713,6410000,649,1215,1377
chr2,6410000,0.887906,0.6503,6420000,570,1044,1196
chr2,6420000,0.990825,0.679,6430000,605,1235,1366
chr2,6430000,1,0.6728,6440000,654,1294,1386
chr2,6440000,0.996545,0.586,6450000,553,1063,1211
chr2,6450000,0.946933,0.702,6460000,726,1354,1537
chr2,6460000,1,0.6797,6470000,615,1256,1428
chr2,6470000,0.913218,0.6686,6480000,593,1122,1267
chr2,6480000,1,0.6554,6490000,742,1310,1415
chr2,6490000,1,0.6511,6500000,621,1181,1197
chr2,6500000,0.992817,0.7052,6510000,934,1602,1833
chr2,6510000,0.989999,0.6718,6520000,754,1389,1451
chr2,6520000,1,0.6456,6530000,635,1267,1213
chr2,6530000,0.970696,0.6006,6540000,2058,2558,2185
chr2,6540000,0.741202,0.5433,6550000,295,578,634
chr2,6550000,0.782224,0.61,6560000,526,939,1066
chr2,6560000,0.979593,0.6511,6570000,586,1262,1312
chr2,6570000,0.9998,0.63,6580000,566,1235,1275
chr2,6580000,0.782826,0.5767,6590000,327,632,709
chr2,6590000,0.983327,0.6564,6600000,643,1283,1392
chr2,6600000,0.952752,0.6569,6610000,661,1284,1414
chr2,6610000,0.923633,0.6107,6620000,418,990,990
chr2,6620000,1,0.6047,6630000,520,1122,1035
chr2,6630000,0.976883,0.6464,6640000,985,1465,1505
chr2,6640000,0.928867,0.6208,6650000,738,1165,1237
chr2,6650000,0.9964,0.5988,6660000,621,1131,1196
chr2,6660000,0.999,0.6031,6670000,522,1206,1112
chr2,6670000,1,0.7072,6680000,735,1537,1539
chr2,6680000,0.946538,0.6569,6690000,576,1087,1352
chr2,6690000,0.936344,0.5878,6700000,550,963,1090
chr2,6700000,1,0.675,6710000,690,1326,1409
chr2,6710000,1,0.6176,6720000,547,1288,1250
chr2,6720000,0.992736,0.609,6730000,584,1148,1240
chr2,6730000,0.808484,0.5169,6740000,280,577,661
chr2,6740000,0.878908,0.6182,6750000,618,1199,1354
chr2,6750000,0.969492,0.6322,6760000,515,1104,1138
chr2,6760000,0.967862,0.7128,6770000,840,1580,1709
chr2,6770000,0.968149,0.5845,6780000,1215,1711,1429
chr2,6780000,0.946465,0.6219,6790000,1962,2241,2108
chr2,6790000,0.9974,0.6181,6800000,1031,1469,1417
chr2,6800000,0.979207,0.5637,6810000,719,1123,1033
chr2,6810000,0.987597,0.5645,6820000,479,938,1025
chr2,6820000,0.951483,0.5761,6830000,471,928,980
chr2,6830000,0.936545,0.5903,6840000,474,835,1036
chr2,6840000,0.954335,0.5839,6850000,429,874,1041
chr2,6850000,0.9754,0.6086,6860000,552,1003,1124
chr2,6860000,0.986907,0.5427,6870000,410,777,896
chr2,6870000,0.964053,0.5792,6880000,422,773,888
chr2,6880000,0.606986,0.6137,6890000,184,411,477
chr2,6890000,0.986095,0.6082,6900000,585,1249,1347
chr2,6900000,1,0.6207,6910000,561,1073,1089
chr2,6910000,0.378507,0.6267,6920000,188,296,383
chr2,6920000,0.789687,0.6263,6930000,412,881,812
chr2,6930000,0.983,0.6349,6940000,637,1181,1248
chr2,6940000,0.9965,0.6535,6950000,715,1217,1507
chr2,6950000,0.9806,0.6788,6960000,647,1287,1463
chr2,6960000,0.9806,0.644,6970000,580,1251,1137
chr2,6970000,0.99945,0.7084,6980000,849,1565,1750
chr2,6980000,0.975433,0.6005,6990000,535,973,1108
chr2,6990000,0.995685,0.6041,7000000,683,1245,1197
chr2,7000000,1,0.6943,7010000,782,1486,1553
chr2,7010000,0.978288,0.6742,7020000,700,1318,1443
chr2,7020000,0.697668,0.7039,7030000,383,664,914
chr2,7030000,0.9105,0.6696,7040000,662,1227,1268
chr2,7040000,0.96015,0.6265,7050000,436,970,896
chr2,7050000,0.998,0.6629,7060000,819,1421,1480
chr2,7060000,1,0.6705,7070000,744,1464,1436
chr2,7070000,0.997,0.6197,7080000,585,1224,1300
chr2,7080000,0.9919,0.66,7090000,1521,2088,2010
chr2,7090000,0.9315,0.6331,7100000,1039,1418,1491
chr2,7100000,0.944783,0.6224,7110000,724,1202,1256
chr2,7110000,0.97324,0.6745,7120000,641,1220,1405
chr2,7120000,0.969975,0.5901,7130000,439,877,1083
chr2,7130000,0.986592,0.6142,7140000,492,996,1170
chr2,7140000,0.983125,0.6626,7150000,587,1256,1305
chr2,7150000,0.801333,0.6001,7160000,390,764,856
chr2,7160000,1,0.6663,7170000,687,1368,1395
chr2,7170000,1,0.6763,7180000,643,1276,1380
chr2,7180000,0.8832,0.6044,7190000,407,787,918
chr2,7190000,0.963511,0.5574,7200000,364,690,884
chr2,7200000,0.931042,0.5767,7210000,397,746,879
chr2,7210000,0.80037,0.5698,7220000,305,540,629
chr2,7220000,0.894854,0.5761,7230000,373,704,750
chr2,7230000,0.939333,0.6698,7240000,612,1095,1163
chr2,7240000,0.940143,0.5725,7250000,396,754,844
chr2,7250000,0.898009,0.5849,7260000,617,929,1030
chr2,7260000,0.919983,0.5804,7270000,859,1083,1195
chr2,7270000,0.954567,0.5932,7280000,468,811,938
chr2,7280000,0.914127,0.5904,7290000,958,1197,1297
chr2,7290000,0.973585,0.6403,7300000,612,1174,1234
chr2,7300000,0.9998,0.6576,7310000,679,1261,1463
chr2,7310000,0.99995,0.6322,7320000,715,1327,1350
chr2,7320000,1,0.67,7330000,705,1417,1498
chr2,7330000,0.970062,0.6218,7340000,526,1107,1191
chr2,7340000,0.824471,0.6004,7350000,1189,1339,1478
chr2,7350000,0.988437,0.6868,7360000,729,1253,1406
chr2,7360000,0.747748,0.6064,7370000,353,655,798
chr2,7370000,0.973965,0.5843,7380000,458,876,932
chr2,7380000,0.822668,0.5798,7390000,398,656,750
chr2,7390000,0.9751,0.5878,7400000,594,978,1052
chr2,7400000,0.925586,0.6204,7410000,1946,2234,2094
chr2,7410000,0.99866,0.6692,7420000,1053,1701,1656
chr2,7420000,0.9959,0.6357,7430000,479,1140,1106
chr2,7430000,0.99955,0.6245,7440000,733,1279,1327
chr2,7440000,1,0.6755,7450000,680,1298,1353
chr2,7450000,0.992237,0.6277,7460000,554,1048,1192
chr2,7460000,0.987433,0.5548,7470000,361,829,900
chr2,7470000,0.91175,0.5179,7480000,461,712,743
chr2,7480000,0.967849,0.6249,7490000,1428,1695,1780
chr2,7490000,0.997358,0.623,7500000,569,1174,1183
chr2,7500000,0.988592,0.6173,7510000,541,1004,1113
chr2,7510000,0.992842,0.5755,7520000,436,884,893
chr2,7520000,0.853709,0.4972,7530000,229,457,523
chr2,7530000,0.933527,0.5775,7540000,424,775,856
chr2,7540000,0.910273,0.5978,7550000,475,866,1024
chr2,7550000,0.83472,0.618,7560000,388,640,829
chr2,7560000,0.927198,0.5791,7570000,661,965,1022
chr2,7570000,0.995775,0.5905,7580000,458,952,1019
chr2,7580000,0.645423,0.4985,7590000,151,382,430
chr2,7590000,0.899169,0.555,7600000,488,722,769
chr2,7600000,0.992715,0.5996,7610000,518,968,998
chr2,7610000,0.368868,0.6249,7620000,94,181,259
chr2,7620000,0.231424,0.615,7630000,73,150,172
chr2,7630000,0.382578,0.6213,7640000,152,254,319
chr2,7640000,0.287831,0.6219,7650000,123,174,206
chr2,7650000,0.321351,0.6238,7660000,139,192,277
chr2,7660000,0.293443,0.6257,7670000,77,104,173
chr2,7670000,0.459869,0.6244,7680000,204,312,409
chr2,7680000,0.309746,0.6182,7690000,118,193,271
chr2,7690000,0.21324,0.6176,7700000,101,120,167
chr2,7700000,0.200195,0.6166,7710000,68,81,85
chr2,7710000,0.377299,0.6199,7720000,121,208,257
chr2,7720000,0.675578,0.6211,7730000,390,584,624
chr2,7730000,0.474818,0.6288,7740000,174,310,417
chr2,7740000,0.168561,0.5944,7750000,60,104,112
chr2,7750000,0.294918,0.6234,7760000,63,119,139
chr2,7760000,0.301733,0.6224,7770000,93,111,186
chr2,7770000,0.395005,0.625,7780000,215,294,345
chr2,7780000,0.502882,0.6196,7790000,152,244,330
chr2,7790000,0.414099,0.6212,7800000,117,179,303
chr2,7800000,0.382917,0.623,7810000,127,196,261
chr2,7810000,0.354447,0.6214,7820000,118,162,241
chr2,7820000,0.262635,0.614,7830000,66,135,200
chr2,7830000,0.263558,0.5934,7840000,75,132,193
chr2,7840000,0.457934,0.6116,7850000,244,375,450
chr2,7850000,0.550444,0.5695,7860000,220,354,437
chr2,7860000,0.435667,0.6176,7870000,145,272,380
chr2,7870000,0.355541,0.618,7880000,122,215,274
chr2,7880000,0.326642,0.6172,7890000,85,174,177
chr2,7890000,0.659274,0.6194,7900000,225,409,507
chr2,7900000,0.545968,0.6261,7910000,201,310,371
chr2,7910000,0.495341,0.6218,7920000,193,224,217
chr2,7920000,0.406098,0.6063,7930000,154,209,241
chr2,7930000,0.626094,0.5814,7940000,225,391,478
chr2,7940000,0.622443,0.5989,7950000,236,400,536
chr2,7950000,0.379527,0.6152,7960000,182,280,410
chr2,7960000,0.395334,0.5821,7970000,120,218,236
chr2,7970000,0.538743,0.6006,7980000,183,348,456
chr2,7980000,0.388423,0.6154,7990000,200,193,224
chr2,7990000,0.419699,0.6159,8000000,134,174,263
chr2,8000000,0.4797,0.5967,8010000,216,289,399
chr2,8010000,0.448958,0.5893,8020000,139,245,376
chr2,8020000,0.578394,0.6137,8030000,290,467,661
chr2,8030000,0.486629,0.5817,8040000,1675,1593,1169
chr2,8040000,0.670685,0.5878,8050000,4593,3896,2678
chr2,8050000,0.484364,0.5832,8060000,169,346,409
chr2,8060000,0.354959,0.5758,8070000,133,240,305
chr2,8070000,0.309578,0.5798,8080000,91,153,219
chr2,8080000,0.616573,0.597,8090000,626,839,844
chr2,8090000,0.466004,0.6043,8100000,232,335,490
chr2,8100000,0.524512,0.5994,8110000,216,421,495
chr2,8110000,0.328192,0.5896,8120000,77,142,191
chr2,8120000,0.159444,0.589,8130000,53,81,77
chr2,8130000,0.272919,0.6014,8140000,72,155,185
chr2,8140000,0.359783,0.5805,8150000,205,219,240
chr2,8150000,0.466293,0.6198,8160000,171,223,356
chr2,8160000,0.554395,0.6115,8170000,230,396,556
chr2,8170000,0.59011,0.5854,8180000,248,389,476
chr2,8180000,0.411495,0.5882,8190000,186,305,336
chr2,8190000,0.319283,0.6217,8200000,328,308,297
chr2,8200000,0.320027,0.6214,8210000,498,391,340
chr2,8210000,0.398882,0.6216,8220000,134,230,377
chr2,8220000,0.371071,0.6204,8230000,118,186,250
chr2,8230000,0.434694,0.6191,8240000,152,284,353
chr2,8240000,0.437757,0.6199,8250000,208,328,473
chr2,8250000,0.431771,0.6225,8260000,255,374,438
chr2,8260000,0.163852,0.621,8270000,15,20,71
chr2,8270000,0.226217,0.6233,8280000,70,106,164
chr2,8280000,0.382307,0.6214,8290000,133,192,279
chr2,8290000,0.302227,0.6216,8300000,126,178,253
chr2,8300000,0.374398,0.6223,8310000,155,223,335
chr2,8310000,0.310319,0.5992,8320000,433,481,268
chr2,8320000,0.320647,0.6098,8330000,121,228,305
chr2,8330000,0.374507,0.623,8340000,131,204,298
chr2,8340000,0.364237,0.6213,8350000,169,250,295
chr2,8350000,0.234988,0.619,8360000,63,87,92
chr2,8360000,0.221589,0.6098,8370000,79,120,155
chr2,8370000,0.239711,0.6174,8380000,58,98,141
chr2,8380000,0.197787,0.6134,8390000,27,48,81
chr2,8390000,0.326376,0.6145,8400000,168,228,292
chr2,8400000,0.317105,0.5967,8410000,72,116,163
chr2,8410000,0.228375,0.578,8420000,30,59,86
chr2,8420000,0.313433,0.6059,8430000,94,154,249
chr2,8430000,0.18125,0.5793,8440000,59,94,147
chr2,8440000,0.231935,0.5816,8450000,90,158,199
chr2,8450000,0.466689,0.6044,8460000,229,402,509
chr2,8460000,0.343689,0.5897,8470000,124,220,317
chr2,8470000,0.551067,0.5885,8480000,389,546,536
chr2,8480000,0.525827,0.5879,8490000,238,354,482
chr2,8490000,0.203561,0.614,8500000,11,42,46
chr2,8500000,0.379424,0.5891,8510000,156,271,359
chr2,8510000,0.211239,0.5769,8520000,91,135,155
chr2,8520000,0.429507,0.5962,8530000,152,301,449
chr2,8530000,0.267269,0.6028,8540000,59,111,161
chr2,8540000,0.21827,0.5997,8550000,62,124,161
chr2,8550000,0.29404,0.6026,8560000,109,198,271
chr2,8560000,0.193017,0.5784,8570000,60,107,131
chr2,8570000,0.323895,0.5807,8580000,124,241,288
chr2,8580000,0.45419,0.6139,8590000,181,324,421
chr2,8590000,0.304755,0.6159,8600000,113,185,273
chr2,8600000,0.153053,0.6198,8610000,34,43,87
chr2,8610000,0.232068,0.6036,8620000,51,105,127
chr2,8620000,0.233663,0.5798,8630000,37,48,83
chr2,8630000,0.30696,0.5773,8640000,96,179,249
chr2,8640000,0.147593,0.5863,8650000,72,87,140
chr2,8650000,0.388518,0.6135,8660000,134,255,368
chr2,8660000,0.200412,0.6085,8670000,47,115,124
chr2,8670000,0.144122,0.593,8680000,44,82,116
chr2,8680000,0.492015,0.6083,8690000,217,340,582
chr2,8690000,0.389333,0.603,8700000,141,236,309
chr2,8700000,0.372475,0.6034,8710000,135,242,348
chr2,8710000,0.240906,0.6164,8720000,74,118,198
chr2,8720000,0.176455,0.6189,8730000,55,86,133
chr2,8730000,0.195831,0.5899,8740000,56,91,115
chr2,8740000,0.252272,0.6171,8750000,66,108,169
chr2,8750000,0.36307,0.6105,8760000,212,331,346
chr2,8760000,0.498687,0.6198,8770000,189,287,404
chr2,8770000,0.292443,0.6082,8780000,91,145,191
chr2,8780000,0.478351,0.6099,8790000,192,320,490
chr2,8790000,0.282504,0.5931,8800000,89,150,240
chr2,8800000,0.34345,0.5814,8810000,145,281,303
chr2,8810000,0.191873,0.5803,8820000,54,86,104
chr2,8820000,0.317209,0.6099,8830000,96,203,267
chr2,8830000,0.26357,0.5815,8840000,74,143,195
chr2,8840000,0.350247,0.5949,8850000,143,233,316
chr2,8850000,0.312475,0.6137,8860000,102,188,297
chr2,8860000,0.105473,0.5821,8870000,26,47,75
chr2,8870000,0.248667,0.5943,8880000,57,95,130
chr2,8880000,0.339902,0.6144,8890000,151,237,331
chr2,8890000,0.31498,0.6155,8900000,107,166,263
chr2,8900000,0.0838372,0.5927,8910000,30,49,79
chr2,8910000,0.242805,0.6162,8920000,68,119,194
chr2,8920000,0.093735,0.6161,8930000,40,56,99
chr2,8930000,0.209549,0.6168,8940000,60,126,178
chr2,8940000,0.229459,0.5748,8950000,69,126,156
chr2,8950000,0.183304,0.5956,8960000,74,152,208
chr2,8960000,0.126491,0.5669,8970000,33,49,87
chr2,8970000,0.273575,0.6121,8980000,108,173,219
chr2,8980000,0.231838,0.6183,8990000,46,84,134
chr2,8990000,0.1891,0.6005,9000000,58,101,172
chr2,9000000,0.387795,0.6161,9010000,163,275,412
chr2,9010000,0.233315,0.6155,9020000,67,118,174
chr2,9020000,0.21819,0.6046,9030000,82,120,200
chr2,9030000,0.186077,0.5646,9040000,14,45,43
chr2,9040000,0.248593,0.6083,9050000,71,123,171
chr2,9050000,0.166276,0.5984,9060000,68,112,160
chr2,9060000,0.175237,0.5966,9070000,58,91,143
chr2,9070000,0.28316,0.6081,9080000,97,168,270
chr2,9080000,0.24312,0.5946,9090000,78,143,204
chr2,9090000,0.184145,0.5915,9100000,77,110,136
chr2,9100000,0.320577,0.6206,9110000,96,144,221
chr2,9110000,0.181767,0.5889,9120000,69,94,160
chr2,9120000,0.284104,0.6157,9130000,98,198,291
chr2,9130000,0.14358,0.6176,9140000,36,79,107
chr2,9140000,0.396206,0.5989,9150000,131,237,366
chr2,9150000,0.310413,0.5966,9160000,137,249,335
chr2,9160000,0.211738,0.5828,9170000,173,153,188
chr2,9170000,0.389568,0.6177,9180000,140,227,363
chr2,9180000,0.316577,0.6158,9190000,78,106,151
chr2,9190000,0.286327,0.6166,9200000,201,270,354
chr2,9200000,0.271551,0.6266,9210000,116,199,256
chr2,9210000,0.13354,0.5998,9220000,46,67,113
chr2,9220000,0.149083,0.6097,9230000,39,65,89
chr2,9230000,0.228053,0.618,9240000,79,141,187
chr2,9240000,0.233047,0.5915,9250000,85,147,224
chr2,9250000,0.30947,0.5767,9260000,75,130,182
chr2,9260000,0.415096,0.6064,9270000,180,290,405
chr2,9270000,0.209833,0.5878,9280000,47,82,96
chr2,9280000,0.289203,0.6135,9290000,111,204,292
chr2,9290000,0.153973,0.5936,9300000,51,113,122
chr2,9300000,0.22951,0.5685,9310000,96,161,229
chr2,9310000,0.169958,0.5919,9320000,64,104,165
chr2,9320000,0.156144,0.5918,9330000,29,62,87
chr2,9330000,0.193095,0.6114,9340000,43,65,115
chr2,9340000,0.366849,0.6132,9350000,171,273,397
chr2,9350000,0.230238,0.6203,9360000,67,142,210
chr2,9360000,0.0992963,0.597,9370000,38,47,93
chr2,9370000,0.300164,0.6015,9380000,189,270,451
chr2,9380000,0.146197,0.584,9390000,30,52,73
chr2,9390000,0.167615,0.6103,9400000,86,135,206
chr2,9400000,0.202297,0.6037,9410000,52,107,140
chr2,9410000,0.198865,0.5831,9420000,148,211,182
chr2,9420000,0.201537,0.593,9430000,51,78,97
chr2,9430000,0.170981,0.6198,9440000,55,93,101
chr2,9440000,0.237989,0.6047,9450000,91,139,199
chr2,9450000,0.361284,0.5772,9460000,247,234,303
chr2,9460000,0.373159,0.5912,9470000,252,307,408
chr2,9470000,0.368058,0.611,9480000,159,257,322
chr2,9480000,0.252755,0.6144,9490000,84,130,210
chr2,9490000,0.260094,0.6161,9500000,121,233,246
chr2,9500000,0.160116,0.5995,9510000,50,75,144
chr2,9510000,0.10371,0.5907,9520000,20,47,50
chr2,9520000,0.144822,0.6129,9530000,38,100,141
chr2,9530000,0.308631,0.617,9540000,121,190,302
chr2,9540000,0.185611,0.6175,9550000,57,101,177
chr2,9550000,0.209863,0.5909,9560000,76,119,212
chr2,9560000,0.16245,0.6111,9570000,58,125,159
chr2,9570000,0.258336,0.6159,9580000,123,209,280
chr2,9580000,0.245956,0.617,9590000,91,162,265
chr2,9590000,0.255853,0.6065,9600000,123,189,245
chr2,9600000,0.295169,0.6023,9610000,128,226,309
chr2,9610000,0.285257,0.6159,9620000,98,166,247
chr2,9620000,0.0972678,0.5905,9630000,18,56,57
chr2,9630000,0.227396,0.6049,9640000,75,128,186
chr2,9640000,0.201881,0.6165,9650000,61,133,172
chr2,9650000,0.247875,0.6135,9660000,44,118,130
chr2,9660000,0.266098,0.6182,9670000,105,169,269
chr2,9670000,0.24596,0.6155,9680000,74,158,238
chr2,9680000,0.138888,0.6157,9690000,33,36,74
chr2,9690000,0.223747,0.6143,9700000,67,102,161
chr2,9700000,0.235812,0.5971,9710000,65,117,163
chr2,9710000,0.30447,0.6083,9720000,99,183,278
chr2,9720000,0.253794,0.6153,9730000,66,157,240
chr2,9730000,0.182582,0.6043,9740000,36,94,146
chr2,9740000,0.247969,0.6001,9750000,72,126,235
chr2,9750000,0.181739,0.5893,9760000,71,124,176
chr2,9760000,0.224222,0.6078,9770000,89,149,198
chr2,9770000,0.185865,0.5948,9780000,63,96,165
chr2,9780000,0.30457,0.6126,9790000,115,191,324
chr2,9790000,0.207493,0.6136,9800000,60,122,158
chr2,9800000,0.231707,0.6141,9810000,76,114,173
chr2,9810000,0.374684,0.5954,9820000,150,239,308
chr2,9820000,0.325682,0.5794,9830000,80,154,167
chr2,9830000,0.468244,0.6128,9840000,196,354,445
chr2,9840000,0.379775,0.6117,9850000,88,149,206
chr2,9850000,0.387803,0.6137,9860000,121,205,305
chr2,9860000,0.274912,0.616,9870000,67,142,204
chr2,9870000,0.253103,0.597,9880000,92,133,218
chr2,9880000,0.2454,0.6137,9890000,48,84,118
chr2,9890000,0.303578,0.6155,9900000,65,108,163
chr2,9900000,0.376192,0.6182,9910000,118,200,323
chr2,9910000,0.171189,0.5902,9920000,41,80,95
chr2,9920000,0.436073,0.6127,9930000,145,222,355
chr2,9930000,0.288451,0.6141,9940000,93,137,189
chr2,9940000,0.373893,0.6112,9950000,114,197,193
chr2,9950000,0.457607,0.61,9960000,251,290,355
chr2,9960000,0.69858,0.5954,9970000,392,639,689
chr2,9970000,0.647167,0.607,9980000,305,615,540
chr2,9980000,0.731562,0.597,9990000,330,683,663
chr2,9990000,1,0.6243,10000000,487,961,966
chr2,10000000,0.994102,0.5976,10010000,1440,1989,1540
chr2,10010000,0.968694,0.6107,10020000,1278,1846,1643
chr2,10020000,0.99885,0.6593,10030000,588,1257,1239
chr2,10030000,0.991591,0.6539,10040000,702,1249,1486
chr2,10040000,0.969086,0.6451,10050000,452,984,1069
chr2,10050000,1,0.6234,10060000,361,805,769
chr2,10060000,0.9881,0.7301,10070000,968,1610,1967
chr2,10070000,0.758924,0.6379,10080000,520,893,846
chr2,10080000,0.95938,0.5231,10090000,374,750,648
chr2,10090000,0.99585,0.5711,10100000,456,963,1029
chr2,10100000,0.931222,0.6248,10110000,930,1298,1415
chr2,10110000,0.471444,0.6064,10120000,236,464,487
chr2,10120000,0.583415,0.6145,10130000,261,506,510
chr2,10130000,1,0.6682,10140000,708,1334,1600
chr2,10140000,0.636783,0.6585,10150000,341,645,738
chr2,10150000,0.78125,0.6263,10160000,387,714,874
chr2,10160000,0.532195,0.6266,10170000,166,323,432
chr2,10170000,0.37492,0.6282,10180000,53,121,155
chr2,10180000,0.367223,0.6458,10190000,67,116,176
chr2,10190000,0.39285,0.6279,10200000,49,95,111
chr2,10200000,0.440297,0.7026,10210000,111,198,364
chr2,10210000,0.3369,0.6282,10220000,0,0,5
chr2,10220000,0.396883,0.6353,10230000,21,41,66
chr2,10230000,0.36825,0.6309,10240000,5,14,17
chr2,10240000,0.31317,0.6352,10250000,21,27,57
chr2,10250000,0.313832,0.6316,10260000,11,22,35
chr2,10260000,0.408002,0.6679,10270000,75,101,143
chr2,10270000,0.390199,0.6686,10280000,80,108,238
chr2,10280000,0.378666,0.6304,10290000,22,44,65
chr2,10290000,0.393133,0.6333,10300000,13,25,33
chr2,10300000,0.336195,0.6287,10310000,4,10,16
chr2,10310000,0.364253,0.6482,10320000,40,52,95
chr2,10320000,0.299228,0.6345,10330000,0,0,0
chr2,10330000,0.45011,0.6851,10340000,121,190,323
chr2,10340000,0.425616,0.6397,10350000,83,162,211
chr2,10350000,0.485033,0.6327,10360000,129,227,353
chr2,10360000,0.512983,0.6315,10370000,125,228,323
chr2,10370000,0.419345,0.6389,10380000,125,263,259
chr2,10380000,1,0.6739,10390000,757,1436,1491
chr2,10390000,0.949774,0.6628,10400000,691,1267,1331
chr2,10400000,1,0.6547,10410000,739,1458,1491
chr2,10410000,0.837994,0.6045,10420000,475,849,1047
chr2,10420000,0.901605,0.6094,10430000,454,945,1045
chr2,10430000,1,0.6222,10440000,539,1174,1222
chr2,10440000,0.957947,0.6819,10450000,715,1358,1517
chr2,10450000,0.9391,0.6502,10460000,594,1100,1153
chr2,10460000,0.985585,0.7083,10470000,746,1369,1549
chr2,10470000,0.972533,0.6831,10480000,896,1487,1710
chr2,10480000,0.867123,0.5858,10490000,774,1016,1072
chr2,10490000,0.956042,0.621,10500000,1689,1956,1815
chr2,10500000,0.958763,0.6327,10510000,576,1068,1146
chr2,10510000,0.946744,0.5507,10520000,409,797,873
chr2,10520000,0.948078,0.6189,10530000,623,1089,1238
chr2,10530000,1,0.6564,10540000,643,1360,1263
chr2,10540000,0.9988,0.5272,10550000,425,939,900
chr2,10550000,0.987754,0.5268,10560000,498,893,949
chr2,10560000,1,0.6375,10570000,634,1270,1402
chr2,10570000,0.997633,0.6238,10580000,783,1332,1307
chr2,10580000,0.936063,0.6172,10590000,525,1005,1087
chr2,10590000,0.990015,0.6555,10600000,614,1263,1343
chr2,10600000,0.995067,0.6455,10610000,597,1223,1359
chr2,10610000,0.955412,0.6087,10620000,438,910,962
chr2,10620000,0.945362,0.5907,10630000,1885,2178,1992
chr2,10630000,0.949587,0.6286,10640000,2004,2505,2200
chr2,10640000,0.874172,0.6216,10650000,1081,1429,1587
chr2,10650000,0.836448,0.6053,10660000,403,774,904
chr2,10660000,1,0.6127,10670000,508,1071,1046
chr2,10670000,0.849553,0.5662,10680000,291,609,779
chr2,10680000,0.965926,0.6064,10690000,522,1133,1263
chr2,10690000,0.991995,0.6292,10700000,596,1128,1315
chr2,10700000,0.974372,0.6337,10710000,566,985,1214
chr2,10710000,0.99635,0.6455,10720000,555,1267,1131
chr2,10720000,0.512784,0.494,10730000,96,197,280
chr2,10730000,0.928508,0.5963,10740000,452,855,883
chr2,10740000,0.847657,0.4977,10750000,253,414,526
chr2,10750000,0.853662,0.4938,10760000,232,446,584
chr2,10760000,0.955842,0.594,10770000,605,964,1158
chr2,10770000,0.9616,0.5857,10780000,504,981,1038
chr2,10780000,0.910276,0.5782,10790000,473,836,955
chr2,10790000,0.935811,0.612,10800000,791,1096,1262
chr2,10800000,1,0.6787,10810000,782,1440,1501
chr2,10810000,1,0.6445,10820000,1820,2932,2648
chr2,10820000,1,0.735,10830000,948,1673,1966
chr2,10830000,1,0.6406,10840000,623,1262,1283
chr2,10840000,0.964808,0.6804,10850000,684,1422,1376
chr2,10850000,0.9418,0.6177,10860000,585,1085,1191
chr2,10860000,0.844606,0.5748,10870000,432,734,863
chr2,10870000,0.818483,0.5644,10880000,511,694,917
chr2,10880000,0.953515,0.6093,10890000,618,1164,1165
chr2,10890000,0.787825,0.6284,10900000,451,906,976
chr2,10900000,0.499478,0.643,10910000,252,518,575
chr2,10910000,1,0.6228,10920000,572,1177,1231
chr2,10920000,1,0.6471,10930000,707,1297,1421
chr2,10930000,0.98,0.6426,10940000,515,1149,1251
chr2,10940000,0.9909,0.651,10950000,781,1457,1517
chr2,10950000,0.986983,0.6485,10960000,862,1512,1437
chr2,10960000,1,0.7207,10970000,864,1600,1798
chr2,10970000,1,0.7048,10980000,824,1547,1726
chr2,10980000,1,0.6378,10990000,588,1241,1312
chr2,10990000,0.996475,0.6361,11000000,556,1289,1261
chr2,11000000,0.972525,0.6706,11010000,624,1252,1427
chr2,11010000,1,0.6333,11020000,472,1057,1077
chr2,11020000,0.989233,0.6325,11030000,583,1114,1188
chr2,11030000,0.981073,0.6475,11040000,558,1213,1254
chr2,11040000,0.96658,0.6763,11050000,726,1302,1518
chr2,11050000,0.949144,0.7198,11060000,813,1430,1685
chr2,11060000,0.986275,0.6374,11070000,2000,2377,2509
chr2,11070000,0.9756,0.6824,11080000,1377,2066,2046
chr2,11080000,0.990216,0.6319,11090000,688,1250,1191
chr2,11090000,0.965179,0.5861,11100000,444,1022,1049
chr2,11100000,0.9847,0.6255,11110000,613,1201,1162
chr2,11110000,0.959053,0.6193,11120000,565,1061,1261
chr2,11120000,0.9911,0.5065,11130000,543,844,847
chr2,11130000,0.8741,0.5632,11140000,10410,17072,11122
chr2,11140000,0.995517,0.6054,11150000,562,1057,1211
chr2,11150000,0.931632,0.665,11160000,651,1305,1357
chr2,11160000,0.97816,0.6593,11170000,812,1295,1224
chr2,11170000,1,0.6418,11180000,1471,1942,1594
chr2,11180000,0.541257,0.6367,11190000,175,301,358
chr2,11190000,0.939811,0.6635,11200000,569,1117,1191
chr2,11200000,0.981917,0.6657,11210000,744,1358,1318
chr2,11210000,0.929176,0.6183,11220000,810,1302,1192
chr2,11220000,0.847805,0.6143,11230000,526,856,1127
chr2,11230000,0.902317,0.634,11240000,510,959,1009
chr2,11240000,0.343377,0.6417,11250000,0,0,0
chr2,11250000,0.713855,0.5905,11260000,290,554,555
chr2,11260000,0.98065,0.5639,11270000,1529,1911,1619
chr2,11270000,0.938899,0.632,11280000,524,982,1194
chr2,11280000,0.9974,0.6036,11290000,563,1171,1161
chr2,11290000,0.860275,0.6574,11300000,695,1208,1293
chr2,11300000,0.876958,0.5966,11310000,602,903,955
chr2,11310000,0.949086,0.6169,11320000,726,1230,1150
chr2,11320000,0.99255,0.7096,11330000,822,1421,1657
chr2,11330000,0.99525,0.6539,11340000,1218,1829,1950
chr2,11340000,0.97475,0.6178,11350000,6673,7732,9538
chr2,11350000,0.720596,0.6361,11360000,391,725,856
chr2,11360000,0.99885,0.6982,11370000,906,1559,1638
chr2,11370000,1,0.6193,11380000,1248,1676,1670
chr2,11380000,0.899073,0.685,11390000,686,1202,1208
chr2,11390000,0.65497,0.6783,11400000,304,514,751
chr2,11400000,0.482233,0.6504,11410000,4939,4795,6521
chr2,11410000,0.702058,0.6716,11420000,46346,49396,53010
chr2,11420000,0.717917,0.6881,11430000,56856,55129,63503
chr2,11430000,0.498167,0.6457,11440000,5107,5774,6558
chr2,11440000,0.893527,0.6333,11450000,525,1031,1086
chr2,11450000,0.62846,0.6803,11460000,282,551,629
chr2,11460000,0.993633,0.7062,11470000,769,1361,1642
chr2,11470000,1,0.6586,11480000,621,1195,1300
chr2,11480000,1,0.5941,11490000,597,1253,1126
chr2,11490000,0.99816,0.6389,11500000,539,1133,1135
chr2,11500000,0.89845,0.6792,11510000,527,1005,1066
chr2,11510000,0.993279,0.5724,11520000,549,965,1001
chr2,11520000,0.961072,0.5601,11530000,518,874,990
chr2,11530000,0.8966,0.6245,11540000,435,884,890
chr2,11540000,0.99245,0.6239,11550000,656,1212,1319
chr2,11550000,0.9926,0.6806,11560000,1047,1733,1635
chr2,11560000,0.9869,0.6729,11570000,711,1336,1481
chr2,11570000,0.825778,0.5634,11580000,432,697,718
chr2,11580000,0.96779,0.5896,11590000,486,1031,1032
chr2,11590000,0.834006,0.5466,11600000,324,556,752
chr2,11600000,0.809801,0.5312,11610000,294,561,639
chr2,11610000,0.962064,0.5884,11620000,459,834,950
chr2,11620000,0.978183,0.6506,11630000,657,1228,1265
chr2,11630000,0.975348,0.6782,11640000,730,1298,1493
chr2,11640000,0.99665,0.6741,11650000,649,1103,1263
chr2,11650000,0.99825,0.6858,11660000,572,1078,1175
chr2,11660000,0.998579,0.6944,11670000,734,1223,1562
chr2,11670000,0.905266,0.7351,11680000,774,1260,1735
chr2,11680000,0.958517,0.6086,11690000,461,946,1085
chr2,11690000,1,0.6769,11700000,686,1353,1413
chr2,11700000,1,0.6584,11710000,627,1286,1380
chr2,11710000,0.978965,0.7122,11720000,825,1467,1645
chr2,11720000,1,0.6555,11730000,627,1208,1320
chr2,11730000,1,0.6232,11740000,479,1045,1002
chr2,11740000,0.991933,0.6231,11750000,1866,2421,2323
chr2,11750000,0.9932,0.5859,11760000,539,939,1088
chr2,11760000,0.9865,0.7021,11770000,1481,2078,2409
chr2,11770000,0.950358,0.6925,11780000,635,1231,1333
chr2,11780000,0.997025,0.6494,11790000,545,1210,1130
chr2,11790000,0.976825,0.6512,11800000,591,1221,1326
chr2,11800000,0.95645,0.6711,11810000,668,1191,1432
chr2,11810000,0.982472,0.6856,11820000,704,1410,1533
chr2,11820000,1,0.6874,11830000,744,1464,1507
chr2,11830000,0.9989,0.6437,11840000,545,1166,1166
chr2,11840000,0.958392,0.7074,11850000,716,1250,1504
chr2,11850000,0.936329,0.6713,11860000,669,1187,1452
chr2,11860000,0.81416,0.5673,11870000,356,644,779
chr2,11870000,0.861434,0.6285,11880000,528,1041,1121
chr2,11880000,0.954842,0.6649,11890000,802,1271,1439
chr2,11890000,0.811397,0.6376,11900000,1711,1780,1841
chr2,11900000,0.987417,0.6253,11910000,526,1138,1308
chr2,11910000,0.922605,0.6785,11920000,670,1234,1514
chr2,11920000,0.962006,0.6601,11930000,873,1363,1504
chr2,11930000,0.978033,0.6745,11940000,1370,1988,1834
chr2,11940000,0.9903,0.669,11950000,694,1337,1459
chr2,11950000,0.965817,0.6547,11960000,785,1444,1380
chr2,11960000,0.899317,0.7093,11970000,706,1332,1563
chr2,11970000,0.998,0.5679,11980000,515,1080,1082
chr2,11980000,0.826017,0.644,11990000,479,930,983
chr2,11990000,0.953467,0.5736,12000000,425,974,991
chr2,12000000,0.932554,0.5569,12010000,422,794,856
chr2,12010000,0.78394,0.5314,12020000,209,437,706
chr2,12020000,0.98025,0.5732,12030000,508,913,1083
chr2,12030000,0.9999,0.6512,12040000,653,1284,1224
chr2,12040000,0.948203,0.6772,12050000,825,1442,1528
chr2,12050000,0.960441,0.6288,12060000,781,1295,1196
chr2,12060000,1,0.672,12070000,364,661,784
chr2,12070000,1,0.6549,12080000,197,339,452
chr2,12080000,0.993953,0.6225,12090000,611,791,771
chr2,12090000,0.993361,0.5903,12100000,734,944,787
chr2,12100000,1,0.6651,12110000,310,449,559
chr2,12110000,1,0.6482,12120000,257,466,511
chr2,12120000,1,0.625,12130000,490,1099,557
chr2,12130000,0.953,0.6739,12140000,672,1347,775
chr2,12140000,1,0.6649,12150000,580,1171,644
chr2,12150000,0.9975,0.6479,12160000,660,1324,707
chr2,12160000,0.923301,0.6452,12170000,600,1137,709
chr2,12170000,0.9591,0.6816,12180000,719,1315,799
chr2,12180000,0.9113,0.6107,12190000,477,1054,464
chr2,12190000,0.99595,0.7023,12200000,800,1406,848
chr2,12200000,0.978237,0.6613,12210000,615,1358,669
chr2,12210000,0.903133,0.6331,12220000,648,1173,828
chr2,12220000,0.835565,0.5908,12230000,642,974,654
chr2,12230000,1,0.6745,12240000,690,1299,719
chr2,12240000,1,0.6481,12250000,641,1299,624
chr2,12250000,1,0.6222,12260000,1299,1971,1373
chr2,12260000,0.976833,0.6376,12270000,636,1258,692
chr2,12270000,0.97435,0.6332,12280000,555,1185,621
chr2,12280000,1,0.6249,12290000,654,1258,674
chr2,12290000,0.9778,0.635,12300000,653,1169,654
chr2,12300000,0.937042,0.6382,12310000,526,1071,678
chr2,12310000,0.97995,0.634,12320000,739,1386,756
chr2,12320000,1,0.6382,12330000,576,1314,618
chr2,12330000,0.99105,0.5251,12340000,509,879,457
chr2,12340000,0.975083,0.5769,12350000,462,928,490
chr2,12350000,0.996917,0.7105,12360000,791,1378,868
chr2,12360000,1,0.6605,12370000,668,1360,695
chr2,12370000,0.977427,0.6576,12380000,614,1234,694
chr2,12380000,0.99245,0.6847,12390000,724,1435,777
chr2,12390000,0.944094,0.6957,12400000,765,1366,836
chr2,12400000,0.996,0.6395,12410000,617,1287,561
chr2,12410000,0.99875,0.6577,12420000,588,1204,609
chr2,12420000,0.99185,0.6648,12430000,650,1295,711
chr2,12430000,0.95195,0.6841,12440000,743,1318,818
chr2,12440000,0.9746,0.6541,12450000,645,1206,602
chr2,12450000,0.823067,0.6373,12460000,512,917,517
chr2,12460000,0.820558,0.6382,12470000,760,1174,637
chr2,12470000,0.986617,0.6704,12480000,731,1404,817
chr2,12480000,1,0.6683,12490000,700,1301,673
chr2,12490000,1,0.6701,12500000,661,1427,673
chr2,12500000,0.99815,0.6684,12510000,807,1530,835
chr2,12510000,0.91957,0.6022,12520000,498,908,603
chr2,12520000,1,0.6445,12530000,616,1347,620
chr2,12530000,0.978694,0.6877,12540000,735,1423,772
chr2,12540000,1,0.6758,12550000,711,1503,735
chr2,12550000,0.997583,0.7132,12560000,789,1504,930
chr2,12560000,1,0.6438,12570000,534,1238,594
chr2,12570000,1,0.6624,12580000,699,1311,657
chr2,12580000,1,0.6739,12590000,644,1273,693
chr2,12590000,1,0.7074,12600000,799,1560,853
chr2,12600000,1,0.707,12610000,829,1445,791
chr2,12610000,1,0.7107,12620000,790,1604,811
chr2,12620000,0.9735,0.6871,12630000,648,1325,700
chr2,12630000,0.9897,0.6219,12640000,626,1197,649
chr2,12640000,0.6186,0.716,12650000,365,789,417
chr2,12650000,0.3461,0.6884,12660000,56,119,73
chr2,12660000,0.989813,0.6262,12670000,623,1200,598
chr2,12670000,0.99925,0.6765,12680000,730,1471,768
chr2,12680000,0.981475,0.6739,12690000,729,1410,791
chr2,12690000,1,0.6612,12700000,612,1247,718
chr2,12700000,0.960404,0.6463,12710000,573,1191,661
chr2,12710000,0.85855,0.6593,12720000,973,1363,952
chr2,12720000,0.787067,0.6637,12730000,486,938,537
chr2,12730000,0.983683,0.7016,12740000,739,1406,729
chr2,12740000,0.929382,0.7492,12750000,826,1401,907
chr2,12750000,0.961467,0.6854,12760000,746,1337,745
chr2,12760000,0.9666,0.6124,12770000,503,1011,542
chr2,12770000,1,0.6549,12780000,679,1328,686
chr2,12780000,1,0.6805,12790000,822,1492,777
chr2,12790000,0.9931,0.6791,12800000,293,549,302
chr2,12800000,0.995207,0.6718,12810000,5084,3958,5552
chr2,12810000,0.728136,0.4908,12820000,220,418,293
chr2,12820000,0.951943,0.6797,12830000,11827,8467,12130
chr2,12830000,1,0.6317,12840000,294,486,315
chr2,12840000,1,0.6835,12850000,408,660,476
chr2,12850000,1,0.6571,12860000,633,1287,707
chr2,12860000,1,0.657,12870000,590,1405,613
chr2,12870000,0.944948,0.6702,12880000,613,1300,725
chr2,12880000,0.980646,0.6776,12890000,1284,1896,1071
chr2,12890000,0.8233,0.6698,12900000,858,1220,782
chr2,12900000,0.975725,0.6742,12910000,693,1317,700
chr2,12910000,0.990467,0.6944,12920000,703,1342,792
chr2,12920000,0.969698,0.6738,12930000,639,1294,704
chr2,12930000,0.99785,0.6446,12940000,691,1170,657
chr2,12940000,0.99285,0.6818,12950000,808,1396,833
chr2,12950000,1,0.6879,12960000,822,1436,875
chr2,12960000,1,0.6739,12970000,701,1336,734
chr2,12970000,0.983855,0.6491,12980000,626,1237,619
chr2,12980000,0.986304,0.6762,12990000,732,1353,781
chr2,12990000,0.888029,0.6235,13000000,535,998,574
chr2,13000000,0.950469,0.5954,13010000,407,768,489
chr2,13010000,0.956525,0.6533,13020000,699,1181,654
chr2,13020000,0.905544,0.6424,13030000,688,1412,671
chr2,13030000,0.9991,0.717,13040000,860,1563,869
chr2,13040000,1,0.7217,13050000,842,1575,894
chr2,13050000,1,0.6699,13060000,683,1333,648
chr2,13060000,0.9862,0.6678,13070000,630,1287,672
chr2,13070000,1,0.6523,13080000,603,1342,660
chr2,13080000,0.913262,0.6371,13090000,603,1091,692
chr2,13090000,0.99865,0.6511,13100000,676,1313,752
chr2,13100000,1,0.6779,13110000,705,1374,758
chr2,13110000,0.996044,0.7059,13120000,758,1523,834
chr2,13120000,1,0.6479,13130000,672,1469,763
chr2,13130000,0.984367,0.618,13140000,604,1197,556
chr2,13140000,0.948957,0.5013,13150000,358,644,391
chr2,13150000,0.959083,0.6376,13160000,554,1082,596
chr2,13160000,0.957185,0.5712,13170000,404,857,523
chr2,13170000,0.937766,0.6069,13180000,495,978,592
chr2,13180000,0.99715,0.7095,13190000,854,1575,909
chr2,13190000,1,0.6405,13200000,707,1302,761
chr2,13200000,0.94553,0.5637,13210000,485,963,506
chr2,13210000,0.902352,0.6658,13220000,451,860,529
chr2,13220000,1,0.691,13230000,669,1435,738
chr2,13230000,1,0.6899,13240000,729,1488,832
chr2,13240000,0.99855,0.6827,13250000,2403,3736,1663
chr2,13250000,0.994828,0.6599,13260000,637,1275,694
chr2,13260000,1,0.6814,13270000,748,1486,768
chr2,13270000,1,0.6851,13280000,734,1422,785
chr2,13280000,1,0.7029,13290000,710,1398,765
chr2,13290000,0.995713,0.705,13300000,794,1479,840
chr2,13300000,0.992817,0.6638,13310000,638,1296,697
chr2,13310000,0.9848,0.6194,13320000,421,967,453
chr2,13320000,0.99685,0.6287,13330000,543,1164,522
chr2,13330000,0.982383,0.6972,13340000,764,1423,802
chr2,13340000,0.9872,0.6607,13350000,1030,1520,986
chr2,13350000,0.940737,0.6321,13360000,630,1174,649
chr2,13360000,0.978783,0.7107,13370000,783,1529,848
chr2,13370000,0.937563,0.6725,13380000,998,1413,860
chr2,13380000,1,0.6805,13390000,811,1544,834
chr2,13390000,0.984043,0.6543,13400000,668,1308,677
chr2,13400000,1,0.6617,13410000,546,1153,650
chr2,13410000,1,0.6704,13420000,657,1331,691
chr2,13420000,1,0.6474,13430000,569,1258,678
chr2,13430000,0.9993,0.6553,13440000,656,1369,738
chr2,13440000,0.994733,0.6901,13450000,791,1436,789
chr2,13450000,1,0.623,13460000,600,1262,622
chr2,13460000,1,0.6867,13470000,749,1525,817
chr2,13470000,0.939367,0.6107,13480000,481,992,521
chr2,13480000,0.99665,0.6545,13490000,661,1360,800
chr2,13490000,1,0.6337,13500000,497,1186,562
chr2,13500000,1,0.7047,13510000,809,1549,846
chr2,13510000,0.806245,0.6515,13520000,453,942,579
chr2,13520000,0.9972,0.6598,13530000,651,1334,668
chr2,13530000,0.913073,0.6575,13540000,564,1145,627
chr2,13540000,0.911328,0.6751,13550000,688,1353,693
chr2,13550000,0.902027,0.631,13560000,469,1021,561
chr2,13560000,0.994017,0.7022,13570000,820,1557,948
chr2,13570000,0.998176,0.7027,13580000,776,1487,840
chr2,13580000,0.98685,0.6829,13590000,686,1383,728
chr2,13590000,0.992138,0.649,13600000,609,1330,654
chr2,13600000,0.9982,0.6625,13610000,712,1339,808
chr2,13610000,0.855933,0.6386,13620000,667,1196,622
chr2,13620000,1,0.692,13630000,735,1528,771
chr2,13630000,0.934242,0.6599,13640000,643,1209,711
chr2,13640000,1,0.6337,13650000,605,1245,682
chr2,13650000,0.983137,0.6847,13660000,774,1511,802
chr2,13660000,0.827341,0.6227,13670000,467,986,513
chr2,13670000,0.958,0.6106,13680000,483,945,586
chr2,13680000,0.993405,0.6735,13690000,747,1296,830
chr2,13690000,0.999,0.6273,13700000,555,1160,574
chr2,13700000,0.99985,0.6385,13710000,598,1275,642
chr2,13710000,1,0.6326,13720000,480,1204,486
chr2,13720000,1,0.6363,13730000,577,1221,612
chr2,13730000,0.99875,0.6158,13740000,482,1135,534
chr2,13740000,0.723189,0.5542,13750000,354,725,358
chr2,13750000,0.864404,0.6234,13760000,519,1060,593
chr2,13760000,0.984537,0.6661,13770000,651,1278,709
chr2,13770000,1,0.6199,13780000,507,1274,531
chr2,13780000,0.969228,0.6137,13790000,590,1167,616
chr2,13790000,0.917733,0.6435,13800000,493,1064,609
chr2,13800000,0.91468,0.6738,13810000,621,1103,650
chr2,13810000,0.925103,0.6907,13820000,794,1256,849
chr2,13820000,0.963305,0.6391,13830000,604,1266,625
chr2,13830000,0.990583,0.641,13840000,618,1227,619
chr2,13840000,0.963442,0.5977,13850000,559,1107,583
chr2,13850000,0.865298,0.6236,13860000,494,992,583
chr2,13860000,0.90455,0.6383,13870000,451,879,505
chr2,13870000,0.99165,0.607,13880000,547,1173,548
chr2,13880000,1,0.6132,13890000,495,1030,545
chr2,13890000,0.971367,0.6844,13900000,810,1467,828
chr2,13900000,0.998425,0.682,13910000,751,1366,923
chr2,13910000,0.982492,0.6631,13920000,612,1205,686
chr2,13920000,0.9699,0.657,13930000,642,1217,660
chr2,13930000,0.993142,0.6633,13940000,743,1381,785
chr2,13940000,0.987253,0.646,13950000,659,1231,714
chr2,13950000,0.973344,0.7506,13960000,901,1573,995
chr2,13960000,0.98285,0.6746,13970000,683,1272,792
chr2,13970000,0.981867,0.6843,13980000,641,1348,726
chr2,13980000,0.705943,0.6768,13990000,630,926,703
chr2,13990000,0.732082,0.693,14000000,800,1037,936
chr2,14000000,0.9766,0.6206,14010000,432,987,523
chr2,14010000,1,0.621,14020000,454,1047,534
chr2,14020000,0.987497,0.6321,14030000,514,1152,594
chr2,14030000,0.967428,0.6285,14040000,399,925,449
chr2,14040000,0.98995,0.6302,14050000,383,804,397
chr2,14050000,0.979702,0.697,14060000,719,1252,778
chr2,14060000,1,0.7291,14070000,856,1471,899
chr2,14070000,0.974633,0.6799,14080000,679,1361,764
chr2,14080000,1,0.5843,14090000,554,1221,521
chr2,14090000,0.988833,0.6792,14100000,851,1559,990
chr2,14100000,0.99545,0.6405,14110000,611,1230,700
chr2,14110000,0.97345,0.7322,14120000,871,1594,908
chr2,14120000,0.99575,0.6372,14130000,523,1152,588
chr2,14130000,1,0.6343,14140000,514,1053,501
chr2,14140000,1,0.6755,14150000,531,991,641
chr2,14150000,0.989436,0.6604,14160000,529,1102,542
chr2,14160000,0.938874,0.6623,14170000,655,1202,741
chr2,14170000,0.9944,0.6547,14180000,672,1222,863
chr2,14180000,0.968331,0.7035,14190000,767,1397,847
chr2,14190000,0.991933,0.6831,14200000,712,1259,764
chr2,14200000,0.985083,0.7412,14210000,949,1647,964
chr2,14210000,0.969601,0.6245,14220000,570,1122,652
chr2,14220000,0.921714,0.7251,14230000,797,1372,898
chr2,14230000,1,0.6727,14240000,753,1427,718
chr2,14240000,1,0.6284,14250000,527,1055,582
chr2,14250000,0.86075,0.6281,14260000,392,843,488
chr2,14260000,1,0.6445,14270000,636,1254,675
chr2,14270000,1,0.6658,14280000,694,1362,694
chr2,14280000,0.959579,0.6749,14290000,708,1251,715
chr2,14290000,0.994298,0.6919,14300000,676,1387,683
chr2,14300000,0.97415,0.6612,14310000,692,1273,717
chr2,14310000,1,0.6643,14320000,707,1313,752
chr2,14320000,0.998517,0.6491,14330000,579,1216,650
chr2,14330000,0.964967,0.6571,14340000,609,1157,621
chr2,14340000,0.950893,0.6587,14350000,573,1091,587
chr2,14350000,1,0.6379,14360000,508,1131,618
chr2,14360000,0.99665,0.6722,14370000,644,1372,732
chr2,14370000,0.998117,0.6234,14380000,542,1174,582
chr2,14380000,0.961498,0.648,14390000,707,1201,739
chr2,14390000,1,0.6584,14400000,567,1345,683
chr2,14400000,1,0.65,14410000,578,1193,614
chr2,14410000,1,0.6098,14420000,414,939,433
chr2,14420000,0.928652,0.645,14430000,611,1137,658
chr2,14430000,0.954393,0.6516,14440000,534,1081,586
chr2,14440000,0.99665,0.6567,14450000,550,1112,647
chr2,14450000,1,0.6578,14460000,800,1499,914
chr2,14460000,0.726225,0.5963,14470000,446,713,521
chr2,14470000,0.595425,0.6244,14480000,189,372,243
chr2,14480000,0.958427,0.6115,14490000,552,974,616
chr2,14490000,1,0.6519,14500000,625,1251,632
chr2,14500000,0.99855,0.6401,14510000,539,1217,539
chr2,14510000,0.883649,0.5857,14520000,353,770,397
chr2,14520000,0.649871,0.5037,14530000,207,325,229
chr2,14530000,0.907333,0.6325,14540000,396,868,479
chr2,14540000,0.802842,0.6134,14550000,202,396,287
chr2,14550000,0.905898,0.6375,14560000,609,904,599
chr2,14560000,0.9903,0.6437,14570000,585,1134,603
chr2,14570000,0.9966,0.6259,14580000,610,1187,653
chr2,14580000,1,0.6776,14590000,843,1457,888
chr2,14590000,0.998078,0.6458,14600000,599,1233,605
chr2,14600000,1,0.6471,14610000,621,1233,620
chr2,14610000,0.9982,0.6821,14620000,738,1348,760
chr2,14620000,0.9153,0.6482,14630000,533,1019,525
chr2,14630000,0.91574,0.5071,14640000,332,609,355
chr2,14640000,0.911867,0.6338,14650000,506,971,553
chr2,14650000,0.99385,0.6582,14660000,617,1242,634
chr2,14660000,0.934715,0.6376,14670000,509,1000,606
chr2,14670000,0.863018,0.6559,14680000,692,1263,841
chr2,14680000,0.99725,0.638,14690000,582,1176,633
chr2,14690000,0.9969,0.6416,14700000,632,1315,609
chr2,14700000,0.9881,0.6756,14710000,683,1202,801
chr2,14710000,0.963012,0.6357,14720000,674,1120,766
chr2,14720000,0.97811,0.5857,14730000,510,1019,519
chr2,14730000,0.921129,0.6098,14740000,436,946,515
chr2,14740000,1,0.6475,14750000,578,1232,698
chr2,14750000,0.99435,0.6085,14760000,509,1145,621
chr2,14760000,1,0.6343,14770000,565,1183,618
chr2,14770000,0.974324,0.6894,14780000,707,1263,742
chr2,14780000,0.920455,0.6744,14790000,638,1170,683
chr2,14790000,0.980321,0.6892,14800000,682,1291,730
chr2,14800000,0.99985,0.6428,14810000,617,1282,691
chr2,14810000,1,0.6135,14820000,496,1104,505
chr2,14820000,1,0.6146,14830000,552,1156,580
chr2,14830000,1,0.6905,14840000,760,1440,849
chr2,14840000,0.977817,0.6515,14850000,616,1210,613
chr2,14850000,0.9844,0.6541,14860000,572,1161,580
chr2,14860000,0.97415,0.6293,14870000,536,1133,565
chr2,14870000,1,0.6408,14880000,594,1184,579
chr2,14880000,0.926861,0.6398,14890000,470,958,631
chr2,14890000,0.936642,0.6323,14900000,513,1048,532
chr2,14900000,1,0.7004,14910000,699,1396,861
chr2,14910000,0.960733,0.6701,14920000,586,1176,619
chr2,14920000,0.9333,0.6777,14930000,600,1117,610
chr2,14930000,1,0.6541,14940000,571,1206,623
chr2,14940000,1,0.6623,14950000,650,1231,665
chr2,14950000,1,0.6824,14960000,675,1312,728
chr2,14960000,1,0.6525,14970000,627,1330,616
chr2,14970000,1,0.609,14980000,549,1146,561
chr2,14980000,1,0.6935,14990000,746,1389,796
chr2,14990000,0.954874,0.6973,15000000,708,1195,750
chr2,15000000,0.917059,0.6767,15010000,551,1130,616
chr2,15010000,1,0.6721,15020000,622,1269,654
chr2,15020000,0.92467,0.6763,15030000,720,1242,739
chr2,15030000,1,0.6478,15040000,601,1294,639
chr2,15040000,0.767161,0.6299,15050000,479,922,587
chr2,15050000,1,0.6494,15060000,791,1456,816
chr2,15060000,1,0.6809,15070000,762,1486,760
chr2,15070000,1,0.6819,15080000,660,1382,727
chr2,15080000,1,0.6774,15090000,691,1394,677
chr2,15090000,0.999533,0.6698,15100000,710,1389,719
chr2,15100000,0.827617,0.628,15110000,406,826,470
chr2,15110000,0.961967,0.7082,15120000,733,1409,798
chr2,15120000,1,0.6931,15130000,758,1425,865
chr2,15130000,0.985833,0.6865,15140000,869,1519,895
chr2,15140000,0.9996,0.6425,15150000,650,1224,632
chr2,15150000,0.927185,0.551,15160000,422,807,481
chr2,15160000,0.963178,0.5562,15170000,392,768,395
chr2,15170000,1,0.6576,15180000,639,1272,655
chr2,15180000,0.976067,0.6905,15190000,640,1254,701
chr2,15190000,1,0.616,15200000,573,1139,649
chr2,15200000,0.95005,0.6218,15210000,510,952,598
chr2,15210000,0.992618,0.6709,15220000,654,1373,757
chr2,15220000,1,0.6703,15230000,623,1388,731
chr2,15230000,0.99965,0.6842,15240000,686,1353,721
chr2,15240000,0.9986,0.6633,15250000,683,1262,695
chr2,15250000,1,0.6579,15260000,654,1310,659
chr2,15260000,0.99975,0.6555,15270000,600,1248,610
chr2,15270000,1,0.6604,15280000,623,1355,701
chr2,15280000,0.986036,0.6496,15290000,691,1298,766
chr2,15290000,1,0.6763,15300000,699,1206,700
chr2,15300000,0.96065,0.6737,15310000,644,1206,743
chr2,15310000,1,0.6311,15320000,529,1174,610
chr2,15320000,1,0.6816,15330000,688,1318,715
chr2,15330000,1,0.6563,15340000,611,1222,624
chr2,15340000,0.99692,0.6524,15350000,623,1168,665
chr2,15350000,1,0.7099,15360000,737,1323,822
chr2,15360000,1,0.6885,15370000,736,1405,728
chr2,15370000,0.962478,0.7118,15380000,775,1365,906
chr2,15380000,1,0.6602,15390000,602,1318,679
chr2,15390000,0.920555,0.6495,15400000,521,1146,610
chr2,15400000,0.886068,0.7189,15410000,830,1346,885
chr2,15410000,0.955887,0.645,15420000,587,1087,621
chr2,15420000,0.9658,0.6154,15430000,452,785,516
chr2,15430000,1,0.6521,15440000,620,1212,624
chr2,15440000,1,0.651,15450000,624,1207,677
chr2,15450000,1,0.6242,15460000,478,1000,534
chr2,15460000,0.99825,0.6601,15470000,643,1324,710
chr2,15470000,1,0.6189,15480000,438,937,467
chr2,15480000,1,0.615,15490000,576,1204,604
chr2,15490000,0.999,0.6197,15500000,542,1126,581
chr2,15500000,0.9646,0.5867,15510000,475,928,533
chr2,15510000,0.943083,0.5969,15520000,653,978,666
chr2,15520000,0.9949,0.6974,15530000,785,1394,872
chr2,15530000,0.852051,0.6434,15540000,451,918,499
chr2,15540000,0.99785,0.6185,15550000,517,1085,565
chr2,15550000,0.99915,0.6439,15560000,596,1157,611
chr2,15560000,0.99965,0.6879,15570000,669,1360,708
chr2,15570000,0.974283,0.6708,15580000,707,1343,867
chr2,15580000,0.972962,0.6744,15590000,610,1180,663
chr2,15590000,0.991383,0.6682,15600000,884,1424,875
chr2,15600000,1,0.6701,15610000,614,1257,718
chr2,15610000,1,0.6541,15620000,860,1475,891
chr2,15620000,1,0.6146,15630000,463,1017,477
chr2,15630000,1,0.6765,15640000,631,1243,700
chr2,15640000,1,0.6628,15650000,683,1297,609
chr2,15650000,1,0.6331,15660000,532,1145,635
chr2,15660000,0.862175,0.6512,15670000,468,956,481
chr2,15670000,0.689642,0.661,15680000,385,639,472
chr2,15680000,0.9956,0.6379,15690000,539,1095,554
chr2,15690000,1,0.6263,15700000,593,1116,592
chr2,15700000,0.971693,0.6623,15710000,882,1370,777
chr2,15710000,1,0.664,15720000,666,1289,686
chr2,15720000,1,0.6585,15730000,632,1292,715
chr2,15730000,0.9972,0.6316,15740000,519,1103,611
chr2,15740000,0.95935,0.6212,15750000,479,1048,533
chr2,15750000,0.963056,0.6609,15760000,596,1242,632
chr2,15760000,0.996527,0.6726,15770000,677,1263,717
chr2,15770000,1,0.677,15780000,652,1334,702
chr2,15780000,1,0.6376,15790000,531,1200,571
chr2,15790000,0.81946,0.6364,15800000,415,895,516
chr2,15800000,0.981083,0.5132,15810000,413,791,469
chr2,15810000,0.9901,0.6496,15820000,680,1272,645
chr2,15820000,0.9997,0.6566,15830000,619,1237,636
chr2,15830000,1,0.6605,15840000,669,1281,723
chr2,15840000,1,0.6332,15850000,525,1206,584
chr2,15850000,1,0.6418,15860000,548,1126,582
chr2,15860000,0.994253,0.6172,15870000,458,976,460
chr2,15870000,0.9985,0.673,15880000,719,1299,762
chr2,15880000,0.855117,0.6497,15890000,545,976,582
chr2,15890000,1,0.6611,15900000,624,1234,610
chr2,15900000,1,0.6068,15910000,502,1064,545
chr2,15910000,0.996284,0.6859,15920000,714,1463,708
chr2,15920000,0.99795,0.7064,15930000,791,1528,780
chr2,15930000,0.9922,0.6451,15940000,564,1127,577
chr2,15940000,0.99245,0.7011,15950000,802,1427,815
chr2,15950000,0.930375,0.6599,15960000,966,1434,1042
chr2,15960000,0.777708,0.6571,15970000,1133,1416,1100
chr2,15970000,1,0.6471,15980000,573,1197,588
chr2,15980000,0.9959,0.674,15990000,700,1314,674
chr2,15990000,0.963396,0.683,16000000,694,1260,718
chr2,16000000,1,0.6414,16010000,592,1219,556
chr2,16010000,0.9834,0.6267,16020000,535,1143,612
chr2,16020000,0.668717,0.6097,16030000,171,375,241
chr2,16030000,0.978314,0.6997,16040000,800,1361,791
chr2,16040000,1,0.6755,16050000,606,1272,623
chr2,16050000,0.99895,0.6748,16060000,690,1317,694
chr2,16060000,0.996,0.6379,16070000,589,1213,602
chr2,16070000,0.995332,0.6303,16080000,564,1217,660
chr2,16080000,1,0.6952,16090000,747,1337,775
chr2,16090000,1,0.6364,16100000,535,1175,590
chr2,16100000,0.995083,0.6759,16110000,642,1279,719
chr2,16110000,1,0.6857,16120000,697,1403,765
chr2,16120000,1,0.6698,16130000,713,1280,704
chr2,16130000,1,0.667,16140000,604,1184,626
chr2,16140000,0.96335,0.6513,16150000,965,1393,842
chr2,16150000,0.868618,0.6066,16160000,489,841,461
chr2,16160000,0.793526,0.6357,16170000,487,927,549
chr2,16170000,1,0.6275,16180000,467,808,516
chr2,16180000,0.961371,0.6364,16190000,472,771,498
chr2,16190000,0.980467,0.6361,16200000,696,1136,683
chr2,16200000,1,0.6199,16210000,504,1140,564
chr2,16210000,0.989212,0.6375,16220000,630,1249,604
chr2,16220000,0.9954,0.6907,16230000,703,1344,687
chr2,16230000,0.9998,0.658,16240000,667,1242,581
chr2,16240000,0.9914,0.6476,16250000,631,1249,675
chr2,16250000,1,0.6859,16260000,715,1362,744
chr2,16260000,1,0.6606,16270000,597,1275,683
chr2,16270000,1,0.6756,16280000,690,1369,717
chr2,16280000,0.997783,0.6555,16290000,613,1242,688
chr2,16290000,1,0.6754,16300000,629,1249,714
chr2,16300000,0.93141,0.6546,16310000,558,1030,622
chr2,16310000,1,0.6162,16320000,451,1144,501
chr2,16320000,0.967834,0.6564,16330000,588,1268,636
chr2,16330000,0.979654,0.6658,16340000,603,1204,663
chr2,16340000,1,0.6648,16350000,616,1318,703
chr2,16350000,0.9974,0.6999,16360000,804,1465,848
chr2,16360000,0.99955,0.6462,16370000,596,1188,614
chr2,16370000,1,0.6078,16380000,508,1093,557
chr2,16380000,1,0.6316,16390000,569,1151,586
chr2,16390000,1,0.6658,16400000,633,1293,653
chr2,16400000,0.990575,0.619,16410000,501,1111,513
chr2,16410000,0.994825,0.6727,16420000,673,1282,696
chr2,16420000,1,0.6761,16430000,699,1350,743
chr2,16430000,1,0.6278,16440000,474,1155,509
chr2,16440000,0.971392,0.6003,16450000,451,978,508
chr2,16450000,0.931767,0.6233,16460000,442,996,497
chr2,16460000,1,0.5932,16470000,450,1033,514
chr2,16470000,1,0.6517,16480000,640,1317,699
chr2,16480000,0.982244,0.6692,16490000,628,1356,743
chr2,16490000,1,0.6608,16500000,643,943,684
chr2,16500000,1,0.6361,16510000,581,560,599
chr2,16510000,1,0.6368,16520000,1009,975,941
chr2,16520000,1,0.6629,16530000,608,626,701
chr2,16530000,0.994953,0.6546,16540000,624,562,661
chr2,16540000,0.97995,0.7143,16550000,707,703,789
chr2,16550000,1,0.6568,16560000,581,626,615
chr2,16560000,1,0.6478,16570000,546,550,552
chr2,16570000,0.994844,0.6739,16580000,679,631,695
chr2,16580000,0.9501,0.6717,16590000,632,601,636
chr2,16590000,1,0.6488,16600000,534,597,627
chr2,16600000,0.99705,0.6757,16610000,582,640,696
chr2,16610000,0.995477,0.6604,16620000,573,599,699
chr2,16620000,1,0.6864,16630000,721,669,729
chr2,16630000,0.9934,0.6693,16640000,646,664,686
chr2,16640000,1,0.6704,16650000,693,649,686
chr2,16650000,0.99925,0.6781,16660000,691,636,693
chr2,16660000,1,0.6,16670000,459,446,454
chr2,16670000,1,0.647,16680000,571,667,587
chr2,16680000,0.933,0.6746,16690000,596,637,645
chr2,16690000,1,0.5956,16700000,452,554,512
chr2,16700000,0.905562,0.6409,16710000,502,528,628
chr2,16710000,0.99965,0.6114,16720000,469,562,533
chr2,16720000,0.997717,0.6075,16730000,477,558,537
chr2,16730000,1,0.6121,16740000,509,557,553
chr2,16740000,1,0.6185,16750000,459,476,448
chr2,16750000,1,0.6101,16760000,461,496,408
chr2,16760000,1,0.6409,16770000,576,584,568
chr2,16770000,1,0.6252,16780000,625,748,605
chr2,16780000,1,0.6579,16790000,636,673,636
chr2,16790000,1,0.6475,16800000,669,732,592
chr2,16800000,0.995,0.6389,16810000,570,654,558
chr2,16810000,0.980282,0.6177,16820000,473,531,465
chr2,16820000,0.9565,0.6217,16830000,491,555,539
chr2,16830000,0.800422,0.6148,16840000,451,464,492
chr2,16840000,0.953187,0.6309,16850000,488,567,495
chr2,16850000,1,0.5892,16860000,414,469,407
chr2,16860000,1,0.6258,16870000,513,535,512
chr2,16870000,0.9988,0.6233,16880000,599,557,570
chr2,16880000,1,0.6157,16890000,445,426,442
chr2,16890000,0.95957,0.6953,16900000,626,600,733
chr2,16900000,0.934479,0.7126,16910000,687,678,835
chr2,16910000,1,0.6317,16920000,515,631,567
chr2,16920000,1,0.6729,16930000,734,711,690
chr2,16930000,1,0.6258,16940000,528,589,558
chr2,16940000,0.97985,0.6439,16950000,752,786,682
chr2,16950000,1,0.633,16960000,562,544,563
chr2,16960000,0.99495,0.609,16970000,494,530,551
chr2,16970000,1,0.6306,16980000,540,585,543
chr2,16980000,0.9948,0.6085,16990000,490,557,536
chr2,16990000,0.99836,0.6536,17000000,633,665,706
chr2,17000000,0.991233,0.6735,17010000,714,621,744
chr2,17010000,0.98927,0.7127,17020000,939,690,1098
chr2,17020000,0.999,0.7118,17030000,808,699,906
chr2,17030000,1,0.6596,17040000,599,582,628
chr2,17040000,0.944862,0.6491,17050000,549,593,567
chr2,17050000,0.993138,0.6936,17060000,684,640,736
chr2,17060000,0.996265,0.6563,17070000,561,621,605
chr2,17070000,1,0.6788,17080000,678,688,652
chr2,17080000,1,0.6146,17090000,493,588,563
chr2,17090000,0.993287,0.6145,17100000,536,503,498
chr2,17100000,0.974732,0.657,17110000,586,603,628
chr2,17110000,0.989311,0.632,17120000,605,567,600
chr2,17120000,0.98951,0.6557,17130000,585,574,651
chr2,17130000,1,0.6352,17140000,564,535,633
chr2,17140000,0.99985,0.6726,17150000,634,621,664
chr2,17150000,1,0.639,17160000,603,613,602
chr2,17160000,0.945875,0.6425,17170000,531,602,660
chr2,17170000,0.96325,0.6428,17180000,560,512,593
chr2,17180000,0.933675,0.7121,17190000,684,683,796
chr2,17190000,1,0.6668,17200000,657,601,660
chr2,17200000,0.99115,0.6707,17210000,647,629,666
chr2,17210000,0.967933,0.6108,17220000,473,481,496
chr2,17220000,0.987269,0.6097,17230000,475,505,542
chr2,17230000,0.982314,0.6288,17240000,461,398,533
chr2,17240000,1,0.646,17250000,540,528,574
chr2,17250000,1,0.6168,17260000,502,534,505
chr2,17260000,0.971067,0.6314,17270000,511,573,565
chr2,17270000,1,0.5825,17280000,315,348,384
chr2,17280000,0.9987,0.65,17290000,563,622,635
chr2,17290000,1,0.6478,17300000,551,566,610
chr2,17300000,0.99935,0.6441,17310000,565,635,603
chr2,17310000,0.971517,0.6238,17320000,488,477,533
chr2,17320000,1,0.6678,17330000,620,609,656
chr2,17330000,0.994083,0.6811,17340000,660,658,738
chr2,17340000,1,0.6527,17350000,595,623,551
chr2,17350000,1,0.6482,17360000,548,589,592
chr2,17360000,1,0.6342,17370000,463,524,495
chr2,17370000,1,0.6338,17380000,557,589,569
chr2,17380000,1,0.6447,17390000,607,588,607
chr2,17390000,1,0.6107,17400000,497,562,501
chr2,17400000,1,0.6551,17410000,567,559,649
chr2,17410000,1,0.6208,17420000,454,563,561
chr2,17420000,1,0.6305,17430000,523,548,563
chr2,17430000,1,0.6282,17440000,565,595,592
chr2,17440000,0.956902,0.6544,17450000,611,582,692
chr2,17450000,0.992767,0.6395,17460000,561,585,621
chr2,17460000,1,0.6021,17470000,393,542,470
chr2,17470000,1,0.6383,17480000,505,585,548
chr2,17480000,1,0.6306,17490000,558,597,543
chr2,17490000,0.963383,0.5911,17500000,1784,1522,1373
chr2,17500000,0.952833,0.6316,17510000,525,556,602
chr2,17510000,0.9946,0.6209,17520000,456,546,488
chr2,17520000,0.9996,0.663,17530000,672,674,765
chr2,17530000,0.97431,0.6109,17540000,429,547,542
chr2,17540000,1,0.5883,17550000,311,367,342
chr2,17550000,1,0.6117,17560000,460,478,453
chr2,17560000,1,0.6022,17570000,454,526,481
chr2,17570000,0.99675,0.6496,17580000,596,639,623
chr2,17580000,1,0.6044,17590000,405,482,462
chr2,17590000,1,0.6477,17600000,3188,2634,2755
chr2,17600000,1,0.6094,17610000,1524,1439,1416
chr2,17610000,0.757985,0.6466,17620000,435,390,468
chr2,17620000,1,0.6102,17630000,477,552,507
chr2,17630000,1,0.6266,17640000,506,599,539
chr2,17640000,0.99985,0.6533,17650000,575,588,689
chr2,17650000,1,0.6364,17660000,534,536,585
chr2,17660000,0.855492,0.6266,17670000,386,426,384
chr2,17670000,1,0.6357,17680000,549,618,545
chr2,17680000,1,0.6464,17690000,581,624,574
chr2,17690000,0.973567,0.6397,17700000,566,564,576
chr2,17700000,0.933399,0.6479,17710000,625,585,660
chr2,17710000,1,0.646,17720000,562,635,587
chr2,17720000,0.9982,0.65,17730000,646,638,650
chr2,17730000,1,0.6331,17740000,527,573,589
chr2,17740000,1,0.6666,17750000,638,570,710
chr2,17750000,0.919371,0.7168,17760000,815,704,917
chr2,17760000,0.996067,0.6624,17770000,671,593,739
chr2,17770000,1,0.6654,17780000,636,644,619
chr2,17780000,0.997665,0.6556,17790000,582,602,640
chr2,17790000,1,0.6121,17800000,495,479,471
chr2,17800000,0.991285,0.67,17810000,612,590,648
chr2,17810000,1,0.6811,17820000,723,679,712
chr2,17820000,0.949625,0.6287,17830000,516,559,535
chr2,17830000,1,0.6054,17840000,435,506,484
chr2,17840000,1,0.6195,17850000,534,572,568
chr2,17850000,1,0.6662,17860000,613,629,569
chr2,17860000,1,0.6401,17870000,542,583,580
chr2,17870000,0.9876,0.6619,17880000,698,761,658
chr2,17880000,1,0.6571,17890000,605,659,613
chr2,17890000,1,0.6278,17900000,514,560,537
chr2,17900000,1,0.6338,17910000,535,593,579
chr2,17910000,1,0.5919,17920000,419,494,429
chr2,17920000,0.99825,0.634,17930000,502,503,574
chr2,17930000,1,0.6206,17940000,427,420,425
chr2,17940000,1,0.6329,17950000,540,547,569
chr2,17950000,1,0.6174,17960000,478,514,464
chr2,17960000,0.969623,0.6694,17970000,647,567,715
chr2,17970000,0.985297,0.6311,17980000,512,525,580
chr2,17980000,0.925087,0.6529,17990000,512,587,517
chr2,17990000,1,0.6229,18000000,631,680,584
chr2,18000000,0.946091,0.643,18010000,617,550,683
chr2,18010000,0.9976,0.6097,18020000,470,534,454
chr2,18020000,0.9744,0.6568,18030000,749,751,739
chr2,18030000,1,0.6428,18040000,573,587,619
chr2,18040000,1,0.6198,18050000,458,520,493
chr2,18050000,0.9901,0.6276,18060000,533,553,496
chr2,18060000,0.9995,0.5942,18070000,465,526,536
chr2,18070000,1,0.6266,18080000,442,554,510
chr2,18080000,1,0.6327,18090000,500,576,583
chr2,18090000,1,0.5985,18100000,446,502,512
chr2,18100000,1,0.5963,18110000,411,485,438
chr2,18110000,0.99635,0.622,18120000,526,514,575
chr2,18120000,1,0.6252,18130000,521,526,559
chr2,18130000,1,0.5922,18140000,445,499,463
chr2,18140000,0.960692,0.6183,18150000,451,486,481
chr2,18150000,0.711312,0.6651,18160000,538,466,554
chr2,18160000,1,0.7047,18170000,850,835,903
chr2,18170000,0.99523,0.6845,18180000,732,735,777
chr2,18180000,1,0.6213,18190000,584,564,535
chr2,18190000,1,0.6959,18200000,718,653,725
chr2,18200000,0.969283,0.6792,18210000,1008,947,1104
chr2,18210000,0.781894,0.6273,18220000,787,708,856
chr2,18220000,0.992997,0.6073,18230000,535,550,588
chr2,18230000,0.94485,0.6195,18240000,398,433,481
chr2,18240000,0.9971,0.6361,18250000,600,593,567
chr2,18250000,1,0.6916,18260000,665,667,768
chr2,18260000,0.936561,0.7076,18270000,757,634,753
chr2,18270000,0.981256,0.6519,18280000,552,547,592
chr2,18280000,1,0.6599,18290000,599,591,622
chr2,18290000,0.991858,0.6083,18300000,491,481,519
chr2,18300000,1,0.6252,18310000,483,531,521
chr2,18310000,1,0.6079,18320000,452,477,428
chr2,18320000,0.963167,0.6049,18330000,441,476,487
chr2,18330000,0.88715,0.6065,18340000,417,403,504
chr2,18340000,1,0.6109,18350000,459,504,461
chr2,18350000,1,0.6345,18360000,537,587,610
chr2,18360000,1,0.6094,18370000,425,472,520
chr2,18370000,1,0.6451,18380000,607,627,618
chr2,18380000,1,0.6298,18390000,581,583,553
chr2,18390000,1,0.6317,18400000,522,625,613
chr2,18400000,1,0.5975,18410000,540,547,530
chr2,18410000,0.9996,0.6775,18420000,701,718,719
chr2,18420000,0.972675,0.618,18430000,570,636,616
chr2,18430000,0.902287,0.6263,18440000,525,411,555
chr2,18440000,0.990467,0.6338,18450000,607,583,627
chr2,18450000,1,0.6019,18460000,455,483,490
chr2,18460000,1,0.6234,18470000,566,536,481
chr2,18470000,1,0.6189,18480000,480,506,505
chr2,18480000,1,0.6277,18490000,485,521,511
chr2,18490000,1,0.6527,18500000,591,588,625
chr2,18500000,1,0.643,18510000,590,582,630
chr2,18510000,0.936997,0.6241,18520000,471,481,484
chr2,18520000,1,0.6264,18530000,474,562,571
chr2,18530000,0.99965,0.627,18540000,527,569,585
chr2,18540000,1,0.6423,18550000,564,601,593
chr2,18550000,1,0.6876,18560000,728,677,695
chr2,18560000,1,0.658,18570000,577,630,645
chr2,18570000,1,0.6455,18580000,596,602,541
chr2,18580000,0.994867,0.6372,18590000,520,567,547
chr2,18590000,0.99975,0.6584,18600000,631,625,724
chr2,18600000,1,0.6478,18610000,602,587,636
chr2,18610000,0.904093,0.6087,18620000,1378,1060,1412
chr2,18620000,1,0.6608,18630000,617,636,640
chr2,18630000,1,0.666,18640000,569,584,640
chr2,18640000,0.9964,0.6739,18650000,597,603,697
chr2,18650000,1,0.6924,18660000,713,708,760
chr2,18660000,0.748246,0.6085,18670000,392,366,454
chr2,18670000,0.9886,0.6567,18680000,659,686,666
chr2,18680000,0.993722,0.6741,18690000,688,704,740
chr2,18690000,0.9955,0.6751,18700000,618,605,674
chr2,18700000,0.950608,0.6211,18710000,564,596,682
chr2,18710000,1,0.6173,18720000,508,544,505
chr2,18720000,1,0.6349,18730000,541,576,606
chr2,18730000,1,0.6415,18740000,559,534,535
chr2,18740000,1,0.6433,18750000,616,623,668
chr2,18750000,0.986,0.655,18760000,566,570,621
chr2,18760000,0.968781,0.672,18770000,605,587,666
chr2,18770000,1,0.641,18780000,555,633,625
chr2,18780000,1,0.6311,18790000,526,581,542
chr2,18790000,0.999467,0.6481,18800000,841,829,833
chr2,18800000,1,0.663,18810000,694,740,656
chr2,18810000,0.9964,0.634,18820000,510,545,538
chr2,18820000,0.942811,0.6752,18830000,574,590,779
chr2,18830000,1,0.6824,18840000,585,602,664
chr2,18840000,0.9889,0.6553,18850000,554,586,616
chr2,18850000,1,0.6435,18860000,551,612,601
chr2,18860000,1,0.6281,18870000,739,657,644
chr2,18870000,0.9975,0.634,18880000,691,754,674
chr2,18880000,1,0.6168,18890000,556,647,617
chr2,18890000,0.992608,0.6682,18900000,699,660,750
chr2,18900000,1,0.6642,18910000,643,665,662
chr2,18910000,0.99655,0.6494,18920000,564,632,588
chr2,18920000,1,0.6477,18930000,555,594,587
chr2,18930000,1,0.6355,18940000,553,605,592
chr2,18940000,0.999,0.6506,18950000,631,622,610
chr2,18950000,1,0.6401,18960000,576,586,551
chr2,18960000,1,0.6283,18970000,492,498,489
chr2,18970000,1,0.6214,18980000,471,487,478
chr2,18980000,0.9989,0.6517,18990000,603,625,650
chr2,18990000,1,0.645,19000000,618,598,669
chr2,19000000,1,0.6436,19010000,529,538,597
chr2,19010000,1,0.6276,19020000,472,564,561
chr2,19020000,0.995333,0.6592,19030000,579,622,650
chr2,19030000,0.99955,0.6282,19040000,531,622,669
chr2,19040000,1,0.6284,19050000,582,584,564
chr2,19050000,0.993767,0.6546,19060000,559,589,611
chr2,19060000,1,0.6395,19070000,538,619,555
chr2,19070000,1,0.6617,19080000,660,608,655
chr2,19080000,0.978315,0.63,19090000,491,502,600
chr2,19090000,1,0.6307,19100000,521,591,523
chr2,19100000,1,0.6424,19110000,618,556,634
chr2,19110000,0.9998,0.6942,19120000,685,664,716
chr2,19120000,1,0.6596,19130000,636,634,637
chr2,19130000,0.98375,0.6743,19140000,600,654,658
chr2,19140000,1,0.6259,19150000,502,544,534
chr2,19150000,0.9435,0.6339,19160000,484,484,548
chr2,19160000,0.9914,0.6087,19170000,440,534,490
chr2,19170000,0.995775,0.6698,19180000,700,628,684
chr2,19180000,1,0.6084,19190000,470,497,512
chr2,19190000,0.9908,0.6494,19200000,641,599,835
chr2,19200000,0.960787,0.6972,19210000,685,659,717
chr2,19210000,1,0.6194,19220000,404,464,470
chr2,19220000,1,0.6474,19230000,620,607,636
chr2,19230000,0.718922,0.6453,19240000,316,318,360
chr2,19240000,0.625203,0.6638,19250000,344,283,378
chr2,19250000,1,0.6861,19260000,714,668,742
chr2,19260000,1,0.6775,19270000,573,596,643
chr2,19270000,1,0.6818,19280000,678,680,789
chr2,19280000,0.99525,0.6282,19290000,530,576,567
chr2,19290000,0.989067,0.6709,19300000,611,607,689
chr2,19300000,0.981658,0.6072,19310000,462,456,478
chr2,19310000,0.960617,0.6624,19320000,716,645,777
chr2,19320000,0.928941,0.699,19330000,661,643,769
chr2,19330000,0.985767,0.6381,19340000,493,528,553
chr2,19340000,1,0.6723,19350000,559,562,639
chr2,19350000,1,0.6488,19360000,561,591,563
chr2,19360000,1,0.6035,19370000,429,497,468
chr2,19370000,0.994724,0.6374,19380000,598,655,660
chr2,19380000,0.980037,0.6672,19390000,645,637,651
chr2,19390000,0.993011,0.6927,19400000,828,780,792
chr2,19400000,1,0.611,19410000,416,471,459
chr2,19410000,0.983639,0.6484,19420000,530,585,518
chr2,19420000,1,0.6247,19430000,491,577,529
chr2,19430000,1,0.637,19440000,494,552,582
chr2,19440000,1,0.5904,19450000,410,425,428
chr2,19450000,1,0.6263,19460000,444,515,534
chr2,19460000,0.934763,0.6665,19470000,632,642,689
chr2,19470000,1,0.6257,19480000,476,460,575
chr2,19480000,0.9641,0.6289,19490000,458,505,526
chr2,19490000,1,0.6172,19500000,415,467,469
chr2,19500000,1,0.5992,19510000,729,714,700
chr2,19510000,0.832442,0.6759,19520000,457,441,508
chr2,19520000,1,0.6288,19530000,513,554,562
chr2,19530000,1,0.6268,19540000,517,581,520
chr2,19540000,1,0.6055,19550000,434,545,468
chr2,19550000,0.8779,0.583,19560000,331,337,422
chr2,19560000,1,0.61,19570000,388,372,370
chr2,19570000,1,0.6122,19580000,430,512,452
chr2,19580000,1,0.6241,19590000,486,497,530
chr2,19590000,0.900467,0.6675,19600000,632,570,691
chr2,19600000,0.99115,0.6266,19610000,543,552,531
chr2,19610000,0.987738,0.6463,19620000,563,598,658
chr2,19620000,1,0.6119,19630000,456,523,540
chr2,19630000,0.9938,0.668,19640000,623,610,704
chr2,19640000,1,0.616,19650000,469,535,449
chr2,19650000,0.99845,0.6695,19660000,696,693,720
chr2,19660000,1,0.6339,19670000,746,789,672
chr2,19670000,1,0.6549,19680000,569,614,598
chr2,19680000,1,0.6911,19690000,765,733,821
chr2,19690000,0.992468,0.6318,19700000,492,535,550
chr2,19700000,1,0.6392,19710000,596,579,587
chr2,19710000,0.9935,0.6696,19720000,659,694,768
chr2,19720000,0.967351,0.6423,19730000,545,537,582
chr2,19730000,0.853854,0.6232,19740000,460,423,484
chr2,19740000,0.997933,0.6179,19750000,510,467,580
chr2,19750000,1,0.6441,19760000,811,863,850
chr2,19760000,1,0.6345,19770000,671,725,658
chr2,19770000,1,0.6326,19780000,592,576,584
chr2,19780000,1,0.6811,19790000,722,705,751
chr2,19790000,0.966382,0.6735,19800000,707,602,709
chr2,19800000,1,0.6348,19810000,511,565,560
chr2,19810000,0.982786,0.6747,19820000,643,656,732
chr2,19820000,0.978415,0.6713,19830000,623,613,682
chr2,19830000,1,0.6766,19840000,632,673,653
chr2,19840000,1,0.6428,19850000,612,605,622
chr2,19850000,0.99385,0.6804,19860000,689,672,711
chr2,19860000,0.996698,0.6486,19870000,509,592,624
chr2,19870000,0.999,0.6978,19880000,763,707,834
chr2,19880000,0.982667,0.6991,19890000,757,676,848
chr2,19890000,0.9984,0.7102,19900000,677,701,768
chr2,19900000,1,0.7219,19910000,784,812,877
chr2,19910000,0.9996,0.6451,19920000,652,648,707
chr2,19920000,0.992917,0.6561,19930000,607,603,613
chr2,19930000,1,0.6392,19940000,554,615,555
chr2,19940000,1,0.6712,19950000,2321,2200,1454
chr2,19950000,0.9991,0.6334,19960000,860,866,723
chr2,19960000,0.974117,0.6825,19970000,761,733,780
chr2,19970000,1,0.6426,19980000,550,547,619
chr2,19980000,0.981057,0.6959,19990000,660,649,707
chr2,19990000,1,0.6161,20000000,496,559,506
chr2,20000000,1,0.6465,20010000,595,593,587
chr2,20010000,1,0.641,20020000,543,577,586
chr2,20020000,1,0.6446,20030000,520,580,591
chr2,20030000,1,0.6493,20040000,571,615,594
chr2,20040000,1,0.6562,20050000,564,569,683
chr2,20050000,0.9981,0.6838,20060000,722,657,785
chr2,20060000,1,0.6646,20070000,570,574,585
chr2,20070000,0.99076,0.6736,20080000,740,630,717
chr2,20080000,1,0.6569,20090000,501,528,534
chr2,20090000,1,0.6492,20100000,581,593,522
chr2,20100000,1,0.6496,20110000,480,489,509
chr2,20110000,0.99295,0.614,20120000,473,494,459
chr2,20120000,0.9747,0.6278,20130000,475,470,563
chr2,20130000,1,0.6534,20140000,563,573,605
chr2,20140000,0.983149,0.6141,20150000,467,539,492
chr2,20150000,0.992883,0.5963,20160000,512,575,484
chr2,20160000,1,0.6246,20170000,486,565,497
chr2,20170000,1,0.6157,20180000,481,562,530
chr2,20180000,0.960316,0.6493,20190000,564,565,620
chr2,20190000,1,0.6222,20200000,484,499,528
chr2,20200000,1,0.6138,20210000,490,619,517
chr2,20210000,1,0.6252,20220000,477,556,545
chr2,20220000,1,0.6296,20230000,525,535,554
chr2,20230000,0.98377,0.6099,20240000,420,463,484
chr2,20240000,1,0.6134,20250000,442,519,503
chr2,20250000,1,0.6056,20260000,369,445,403
chr2,20260000,1,0.6093,20270000,483,531,474
chr2,20270000,0.991995,0.6543,20280000,518,542,579
chr2,20280000,1,0.6513,20290000,522,510,553
chr2,20290000,0.9863,0.6395,20300000,562,544,614
chr2,20300000,1,0.6125,20310000,399,404,453
chr2,20310000,1,0.6231,20320000,379,466,489
chr2,20320000,1,0.6173,20330000,501,499,502
chr2,20330000,1,0.6057,20340000,412,498,514
chr2,20340000,1,0.658,20350000,611,612,644
chr2,20350000,1,0.6571,20360000,585,613,628
chr2,20360000,0.998842,0.6543,20370000,602,629,683
chr2,20370000,0.981584,0.6525,20380000,549,568,600
chr2,20380000,1,0.6135,20390000,447,489,477
chr2,20390000,0.990673,0.6134,20400000,475,495,533
chr2,20400000,0.944343,0.676,20410000,722,694,768
chr2,20410000,0.998367,0.6205,20420000,471,520,506
chr2,20420000,1,0.6248,20430000,436,457,478
chr2,20430000,0.99725,0.6305,20440000,515,526,540
chr2,20440000,0.9265,0.6532,20450000,515,522,608
chr2,20450000,1,0.6107,20460000,449,542,506
chr2,20460000,1,0.6457,20470000,645,706,708
chr2,20470000,0.99165,0.5947,20480000,443,473,463
chr2,20480000,1,0.6565,20490000,584,568,602
chr2,20490000,1,0.647,20500000,552,575,593
chr2,20500000,1,0.6108,20510000,500,485,477
chr2,20510000,0.914351,0.6751,20520000,728,658,793
chr2,20520000,0.972238,0.6632,20530000,640,618,707
chr2,20530000,1,0.6129,20540000,438,580,465
chr2,20540000,1,0.6091,20550000,408,470,440
chr2,20550000,0.996967,0.611,20560000,375,386,454
chr2,20560000,1,0.6335,20570000,528,539,557
chr2,20570000,0.974032,0.698,20580000,1321,1523,1323
chr2,20580000,1,0.6617,20590000,661,680,681
chr2,20590000,0.9976,0.6617,20600000,799,778,702
chr2,20600000,1,0.5954,20610000,396,430,369
chr2,20610000,1,0.6412,20620000,504,532,571
chr2,20620000,1,0.6162,20630000,527,560,522
chr2,20630000,1,0.6205,20640000,471,511,496
chr2,20640000,1,0.6451,20650000,542,548,646
chr2,20650000,1,0.6192,20660000,527,542,562
chr2,20660000,1,0.6246,20670000,490,565,513
chr2,20670000,1,0.6333,20680000,574,577,571
chr2,20680000,0.99805,0.6565,20690000,613,632,628
chr2,20690000,0.95285,0.6696,20700000,642,621,744
chr2,20700000,0.972967,0.6262,20710000,570,725,615
chr2,20710000,1,0.6232,20720000,497,517,571
chr2,20720000,1,0.6225,20730000,525,573,539
chr2,20730000,1,0.653,20740000,615,651,726
chr2,20740000,0.9991,0.5889,20750000,501,583,483
chr2,20750000,0.987367,0.6262,20760000,474,492,485
chr2,20760000,0.99215,0.6492,20770000,447,511,521
chr2,20770000,1,0.6182,20780000,237,217,235
chr2,20780000,1,0.6038,20790000,345,349,326
chr2,20790000,1,0.6107,20800000,467,556,521
chr2,20800000,1,0.6371,20810000,594,574,645
chr2,20810000,0.99965,0.6439,20820000,615,657,627
chr2,20820000,1,0.6056,20830000,477,534,464
chr2,20830000,1,0.613,20840000,486,543,526
chr2,20840000,0.939582,0.6518,20850000,529,524,592
chr2,20850000,1,0.6171,20860000,448,482,502
chr2,20860000,0.9954,0.6426,20870000,565,628,587
chr2,20870000,1,0.6087,20880000,534,533,553
chr2,20880000,1,0.6445,20890000,589,631,589
chr2,20890000,1,0.6393,20900000,549,568,545
chr2,20900000,1,0.636,20910000,525,539,597
chr2,20910000,1,0.6457,20920000,603,575,668
chr2,20920000,0.99995,0.5865,20930000,448,469,455
chr2,20930000,0.99975,0.6192,20940000,511,502,504
chr2,20940000,1,0.596,20950000,453,466,435
chr2,20950000,0.976892,0.655,20960000,566,578,637
chr2,20960000,1,0.6355,20970000,539,580,593
chr2,20970000,1,0.62,20980000,513,549,525
chr2,20980000,0.971599,0.6598,20990000,585,482,703
chr2,20990000,0.99895,0.6273,21000000,543,656,636
chr2,21000000,1,0.6105,21010000,474,468,483
chr2,21010000,1,0.5834,21020000,322,374,285
chr2,21020000,1,0.6145,21030000,518,527,520
chr2,21030000,1,0.5681,21040000,333,462,375
chr2,21040000,1,0.602,21050000,455,463,398
chr2,21050000,1,0.6019,21060000,438,484,439
chr2,21060000,0.9499,0.5968,21070000,898,1056,963
chr2,21070000,0.889867,0.5828,21080000,336,377,359
chr2,21080000,1,0.5747,21090000,372,435,395
chr2,21090000,1,0.583,21100000,410,436,404
chr2,21100000,0.981943,0.6159,21110000,482,418,518
chr2,21110000,0.9855,0.6136,21120000,435,355,442
chr2,21120000,0.99815,0.5847,21130000,427,435,474
chr2,21130000,0.9836,0.624,21140000,638,571,662
chr2,21140000,1,0.5869,21150000,223,252,251
chr2,21150000,0.8962,0.6509,21160000,349,356,446
chr2,21160000,0.546135,0.6276,21170000,71,61,109
chr2,21170000,0.540516,0.6507,21180000,244,195,368
chr3,0,0.721682,0.5792,10000,994,1111,1202
chr3,10000,1,0.5785,20000,1163,1322,1275
chr3,20000,1,0.58,30000,1111,1359,1298
chr3,30000,1,0.6456,40000,1779,1715,1771
chr3,40000,1,0.6176,50000,1473,1484,1449
chr3,50000,1,0.5776,60000,1257,1445,1368
chr3,60000,0.98745,0.6339,70000,1463,1530,1646
chr3,70000,1,0.5909,80000,1200,1305,1250
chr3,80000,1,0.5903,90000,1252,1358,1284
chr3,90000,1,0.5781,100000,1175,1277,1187
chr3,100000,1,0.5948,110000,1376,1503,1473
chr3,110000,1,0.6126,120000,1478,1518,1540
chr3,120000,1,0.6144,130000,1371,1471,1495
chr3,130000,1,0.578,140000,1203,1327,1293
chr3,140000,1,0.5906,150000,1229,1414,1317
chr3,150000,1,0.6166,160000,1488,1539,1481
chr3,160000,0.99257,0.6751,170000,1827,1813,2095
chr3,170000,1,0.625,180000,1484,1618,1581
chr3,180000,1,0.638,190000,740,719,911
chr3,190000,1,0.6389,200000,1099,985,1299
chr3,200000,0.93125,0.6049,210000,753,709,832
chr3,210000,0.93125,0.6163,220000,1265,1245,1387
chr3,220000,0.993633,0.669,230000,1945,1789,1993
chr3,230000,1,0.6191,240000,1438,1593,1568
chr3,240000,0.994238,0.6128,250000,1288,1262,1294
chr3,250000,1,0.665,260000,1872,1882,1889
chr3,260000,1,0.6605,270000,1661,1665,1763
chr3,270000,0.998,0.6383,280000,1527,1641,1690
chr3,280000,0.994217,0.638,290000,1723,1650,1751
chr3,290000,1,0.6255,300000,1483,1554,1651
chr3,300000,0.971999,0.6363,310000,1534,1656,1659
chr3,310000,0.996475,0.6582,320000,1821,1705,1875
chr3,320000,1,0.6372,330000,1477,1538,1570
chr3,330000,1,0.6325,340000,1644,1652,1670
chr3,340000,1,0.6418,350000,1660,1607,1839
chr3,350000,0.995059,0.659,360000,1904,1781,1878
chr3,360000,1,0.6129,370000,1288,1417,1392
chr3,370000,1,0.6304,380000,1517,1556,1650
chr3,380000,1,0.635,390000,1579,1521,1536
chr3,390000,1,0.6234,400000,1575,1723,1590
chr3,400000,1,0.6164,410000,1365,1446,1397
chr3,410000,0.99835,0.6392,420000,1749,1778,1828
chr3,420000,1,0.6543,430000,1767,1756,1840
chr3,430000,1,0.6008,440000,1310,1516,1415
chr3,440000,1,0.6575,450000,1781,1759,1887
chr3,450000,1,0.6428,460000,1748,1743,1828
chr3,460000,0.996433,0.6399,470000,1577,1552,1707
chr3,470000,1,0.6495,480000,1322,1408,1600
chr3,480000,1,0.6446,490000,1549,1452,1682
chr3,490000,1,0.5797,500000,864,1008,950
chr3,500000,0.955721,0.6261,510000,1414,1486,1569
chr3,510000,0.9983,0.6073,520000,1315,1282,1576
chr3,520000,1,0.6342,530000,1480,1572,1480
chr3,530000,0.992609,0.6283,540000,1026,1007,1164
chr3,540000,1,0.5946,550000,1035,1214,1164
chr3,550000,1,0.6104,560000,1521,1625,1718
chr3,560000,0.99443,0.5978,570000,1376,1460,1389
chr3,570000,0.972616,0.6322,580000,1539,1569,1618
chr3,580000,0.997033,0.6303,590000,1624,1652,1722
chr3,590000,0.991067,0.6638,600000,1936,1860,2085
chr3,600000,1,0.6245,610000,1507,1613,1565
chr3,610000,0.918489,0.6649,620000,1633,1553,1739
chr3,620000,0.99805,0.6463,630000,1817,1824,1926
chr3,630000,1,0.6304,640000,1611,1694,1596
chr3,640000,1,0.605,650000,1202,1362,1302
chr3,650000,0.9959,0.6529,660000,1659,1593,1897
chr3,660000,1,0.5985,670000,1289,1342,1337
chr3,670000,0.998067,0.6486,680000,1752,1753,2016
chr3,680000,1,0.6241,690000,1432,1508,1566
chr3,690000,0.99595,0.6298,700000,1435,1629,1637
chr3,700000,0.99397,0.6236,710000,1445,1516,1527
chr3,710000,0.99885,0.6489,720000,1788,1773,1900
chr3,720000,0.99835,0.632,730000,1538,1541,1733
chr3,730000,1,0.6417,740000,1726,1603,1710
chr3,740000,1,0.6292,750000,1366,1504,1434
chr3,750000,0.812753,0.6317,760000,1288,1260,1450
chr3,760000,0.86851,0.6414,770000,1937,1734,2208
chr3,770000,0.894021,0.6867,780000,1633,1485,1719
chr3,780000,0.970875,0.6256,790000,1390,1412,1385
chr3,790000,1,0.6537,800000,908,949,1051
chr3,800000,1,0.6176,810000,613,663,604
chr3,810000,1,0.5922,820000,884,953,910
chr3,820000,0.830394,0.6163,830000,1341,1294,1546
chr3,830000,1,0.614,840000,1253,1367,1281
chr3,840000,0.966721,0.652,850000,1483,1666,1757
chr3,850000,1,0.6136,860000,1340,1476,1474
chr3,860000,1,0.6217,870000,1388,1644,1555
chr3,870000,1,0.6512,880000,1621,1581,1814
chr3,880000,1,0.6416,890000,1504,1517,1528
chr3,890000,1,0.6618,900000,1821,1755,2030
chr3,900000,1,0.6535,910000,1929,1911,2008
chr3,910000,1,0.6148,920000,1447,1461,1530
chr3,920000,0.756198,0.5983,930000,967,878,1228
chr3,930000,1,0.6248,940000,1443,1549,1513
chr3,940000,0.819033,0.6404,950000,1023,1097,1047
chr3,950000,0.9781,0.6294,960000,1510,1504,1498
chr3,960000,1,0.6384,970000,1513,1554,1636
chr3,970000,1,0.6308,980000,1661,1728,1696
chr3,980000,0.9726,0.5972,990000,1249,1387,1394
chr3,990000,0.825083,0.6342,1000000,1002,1042,1015
chr3,1000000,0.98965,0.6881,1010000,2340,2313,2531
chr3,1010000,0.97895,0.6077,1020000,2027,2199,2068
chr3,1020000,1,0.6536,1030000,1934,1910,2021
chr3,1030000,1,0.6606,1040000,1877,1824,1842
chr3,1040000,0.990567,0.6236,1050000,1530,1625,1606
chr3,1050000,0.988567,0.6272,1060000,1599,1647,1699
chr3,1060000,1,0.645,1070000,1717,1804,1837
chr3,1070000,1,0.6611,1080000,1697,1765,1871
chr3,1080000,0.903908,0.679,1090000,1868,1617,1953
chr3,1090000,0.991339,0.7158,1100000,2109,2012,2521
chr3,1100000,0.998267,0.6905,1110000,2040,1928,2023
chr3,1110000,1,0.6229,1120000,1614,1748,1728
chr3,1120000,1,0.6227,1130000,1374,1432,1474
chr3,1130000,0.9964,0.6482,1140000,1669,1703,1761
chr3,1140000,1,0.6191,1150000,1535,1587,1659
chr3,1150000,1,0.6425,1160000,1658,1708,1737
chr3,1160000,0.967668,0.696,1170000,2074,1875,2381
chr3,1170000,0.99785,0.6356,1180000,1595,1603,1789
chr3,1180000,1,0.6091,1190000,1850,2136,1973
chr3,1190000,0.9982,0.615,1200000,1510,1736,1557
chr3,1200000,0.9995,0.6354,1210000,1585,1570,1622
chr3,1210000,1,0.6225,1220000,1503,1661,1510
chr3,1220000,0.967919,0.6217,1230000,1511,1659,1670
chr3,1230000,1,0.6381,1240000,1649,1703,1703
chr3,1240000,0.925043,0.6585,1250000,1853,1705,1940
chr3,1250000,0.651753,0.6429,1260000,609,605,816
chr3,1260000,0.9719,0.6325,1270000,1483,1391,1529
chr3,1270000,1,0.6183,1280000,939,1169,999
chr3,1280000,1,0.6225,1290000,1512,1634,1529
chr3,1290000,1,0.6353,1300000,1714,1651,1698
chr3,1300000,1,0.662,1310000,1911,1840,2133
chr3,1310000,1,0.6842,1320000,1943,1916,2102
chr3,1320000,1,0.6489,1330000,1614,1731,1742
chr3,1330000,1,0.6373,1340000,1581,1645,1649
chr3,1340000,0.99865,0.6322,1350000,1494,1569,1673
chr3,1350000,1,0.6348,1360000,1504,1652,1573
chr3,1360000,0.833245,0.6544,1370000,1297,1155,1400
chr3,1370000,0.714962,0.6286,1380000,972,972,1082
chr3,1380000,0.954487,0.6266,1390000,1348,1438,1525
chr3,1390000,0.966377,0.6944,1400000,2113,1900,2318
chr3,1400000,1,0.6145,1410000,1197,1210,1157
chr3,1410000,1,0.6919,1420000,2032,1924,2099
chr3,1420000,0.9926,0.6535,1430000,1752,1771,1772
chr3,1430000,0.936558,0.6683,1440000,1665,1591,1793
chr3,1440000,1,0.601,1450000,1278,1271,1384
chr3,1450000,0.6282,0.6704,1460000,531,478,662
chr3,1460000,0.686833,0.6492,1470000,724,661,886
chr3,1470000,1,0.6299,1480000,1559,1693,1621
chr3,1480000,1,0.6114,1490000,1182,1305,1324
chr3,1490000,0.9901,0.6354,1500000,1519,1759,1517
chr3,1500000,1,0.625,1510000,1620,1651,1554
chr3,1510000,1,0.6886,1520000,2054,1828,2084
chr3,1520000,1,0.6579,1530000,1560,1518,1648
chr3,1530000,0.99775,0.6556,1540000,2011,2082,2052
chr3,1540000,1,0.6344,1550000,1838,1778,1782
chr3,1550000,0.9985,0.6609,1560000,1916,1854,2001
chr3,1560000,1,0.6211,1570000,1580,1687,1586
chr3,1570000,1,0.6036,1580000,1072,1154,1304
chr3,1580000,0.99655,0.6398,1590000,1833,1786,1943
chr3,1590000,1,0.618,1600000,1420,1515,1436
chr3,1600000,0.994587,0.6522,1610000,1755,1764,1957
chr3,1610000,0.993567,0.6333,1620000,1525,1624,1623
chr3,1620000,1,0.6457,1630000,1741,1763,1728
chr3,1630000,0.993513,0.6282,1640000,1408,1558,1638
chr3,1640000,0.992132,0.6423,1650000,1758,1675,1836
chr3,1650000,0.957242,0.6581,1660000,1670,1613,1801
chr3,1660000,1,0.6292,1670000,1495,1584,1640
chr3,1670000,1,0.6212,1680000,1405,1587,1443
chr3,1680000,0.901772,0.5883,1690000,1077,1207,1280
chr3,1690000,0.99895,0.6346,1700000,1692,1636,1737
chr3,1700000,0.964975,0.629,1710000,1662,1665,1848
chr3,1710000,0.92735,0.6342,1720000,1604,1518,1862
chr3,1720000,0.72985,0.6122,1730000,684,663,905
chr3,1730000,0.9469,0.6256,1740000,1509,1568,1519
chr3,1740000,0.992,0.6145,1750000,1838,1689,1797
chr3,1750000,0.92965,0.6319,1760000,1526,1535,1591
chr3,1760000,0.935,0.6324,1770000,1418,1496,1562
chr3,1770000,1,0.6294,1780000,1561,1717,1597
chr3,1780000,1,0.6326,1790000,1562,1636,1758
chr3,1790000,0.9804,0.6156,1800000,1381,1425,1549
chr3,1800000,0.780633,0.5959,1810000,1129,1077,1557
chr3,1810000,0.7485,0.625,1820000,744,797,853
chr3,1820000,1,0.6165,1830000,1296,1462,1386
chr3,1830000,0.96445,0.639,1840000,1480,1519,1592
chr3,1840000,1,0.6117,1850000,1262,1417,1332
chr3,1850000,1,0.6444,1860000,1628,1659,1868
chr3,1860000,0.992141,0.6207,1870000,1444,1511,1568
chr3,1870000,1,0.63,1880000,1576,1584,1686
chr3,1880000,0.9894,0.6607,1890000,1724,1805,1888
chr3,1890000,0.952242,0.6624,1900000,1398,1483,1602
chr3,1900000,0.91774,0.6754,1910000,1749,1652,1787
chr3,1910000,0.9784,0.7117,1920000,1998,1933,2266
chr3,1920000,0.939674,0.6794,1930000,1819,1676,2089
chr3,1930000,0.994632,0.6638,1940000,1766,1778,1868
chr3,1940000,1,0.6361,1950000,1686,1779,1801
chr3,1950000,1,0.6496,1960000,1693,1718,1769
chr3,1960000,1,0.6428,1970000,1783,1859,1955
chr3,1970000,1,0.6225,1980000,1543,1664,1601
chr3,1980000,1,0.6446,1990000,1670,1664,1881
chr3,1990000,1,0.6326,2000000,1583,1619,1703
chr3,2000000,1,0.6057,2010000,1229,1342,1301
chr3,2010000,1,0.6147,2020000,1295,1375,1369
chr3,2020000,0.961967,0.6755,2030000,1753,1706,1920
chr3,2030000,0.987525,0.627,2040000,1430,1444,1506
chr3,2040000,0.99645,0.6577,2050000,1832,1812,1912
chr3,2050000,1,0.6518,2060000,1706,1731,1778
chr3,2060000,1,0.6464,2070000,1647,1642,1868
chr3,2070000,0.99388,0.65,2080000,1671,1839,1667
chr3,2080000,1,0.6083,2090000,838,956,973
chr3,2090000,1,0.6211,2100000,656,1074,1008
chr3,2100000,0.99505,0.6261,2110000,655,1228,1102
chr3,2110000,1,0.6194,2120000,579,1214,966
chr3,2120000,0.998824,0.6205,2130000,1011,2012,1619
chr3,2130000,0.798262,0.6177,2140000,738,1390,1337
chr3,2140000,1,0.5994,2150000,863,1929,1320
chr3,2150000,1,0.6362,2160000,1056,2287,1699
chr3,2160000,0.99305,0.6114,2170000,783,1633,1221
chr3,2170000,1,0.6033,2180000,757,1774,1298
chr3,2180000,0.994551,0.6437,2190000,1047,2237,1752
chr3,2190000,0.976007,0.6395,2200000,1010,1992,1718
chr3,2200000,1,0.6359,2210000,893,2066,1492
chr3,2210000,1,0.6581,2220000,1077,2200,1830
chr3,2220000,1,0.6102,2230000,961,2050,1490
chr3,2230000,1,0.6532,2240000,1137,2205,1766
chr3,2240000,0.746885,0.6137,2250000,626,1162,1123
chr3,2250000,0.9939,0.6395,2260000,1098,2259,1734
chr3,2260000,1,0.6278,2270000,966,2179,1583
chr3,2270000,0.960618,0.621,2280000,876,1883,1443
chr3,2280000,0.97508,0.6725,2290000,1216,2355,1911
chr3,2290000,1,0.6735,2300000,1456,2562,2374
chr3,2300000,1,0.6373,2310000,1342,2575,1909
chr3,2310000,0.99885,0.642,2320000,1175,2388,1845
chr3,2320000,1,0.6457,2330000,1138,2247,1796
chr3,2330000,1,0.621,2340000,1030,2144,1415
chr3,2340000,0.988585,0.6585,2350000,1155,2360,1845
chr3,2350000,0.9998,0.6408,2360000,1010,2091,1635
chr3,2360000,1,0.6414,2370000,1045,2143,1664
chr3,2370000,0.99895,0.6809,2380000,1232,2451,2020
chr3,2380000,0.975,0.6249,2390000,914,1978,1485
chr3,2390000,1,0.6402,2400000,1166,2375,1811
chr3,2400000,1,0.666,2410000,1372,2631,1978
chr3,2410000,0.9933,0.6362,2420000,1688,2695,2119
chr3,2420000,0.99615,0.5228,2430000,3077,3705,3175
chr3,2430000,1,0.6381,2440000,1119,2089,1787
chr3,2440000,1,0.6172,2450000,1037,2148,1646
chr3,2450000,1,0.6066,2460000,897,1868,1466
chr3,2460000,1,0.5993,2470000,861,1932,1395
chr3,2470000,1,0.6032,2480000,904,1908,1434
chr3,2480000,1,0.6,2490000,764,1737,1325
chr3,2490000,1,0.6594,2500000,1706,2373,2114
chr3,2500000,1,0.6359,2510000,2538,2275,2530
chr3,2510000,0.975359,0.6837,2520000,1524,2035,1906
chr3,2520000,1,0.6142,2530000,892,1904,1482
chr3,2530000,0.98775,0.6389,2540000,1105,2254,1766
chr3,2540000,0.9672,0.6289,2550000,927,1979,1448
chr3,2550000,1,0.6029,2560000,921,2015,1389
chr3,2560000,1,0.6504,2570000,1123,2284,1858
chr3,2570000,1,0.6188,2580000,1014,2294,1637
chr3,2580000,0.98195,0.627,2590000,1018,2144,1635
chr3,2590000,0.9995,0.596,2600000,1185,1928,1778
chr3,2600000,0.9917,0.6406,2610000,1141,2225,1955
chr3,2610000,0.734497,0.6201,2620000,743,1423,1180
chr3,2620000,0.967816,0.6148,2630000,911,1888,1476
chr3,2630000,0.981717,0.6848,2640000,1576,2645,2467
chr3,2640000,0.993883,0.5927,2650000,974,1886,1490
chr3,2650000,1,0.6696,2660000,1221,2464,1941
chr3,2660000,1,0.7376,2670000,1536,2896,2537
chr3,2670000,0.998732,0.6544,2680000,1419,2631,1915
chr3,2680000,0.83425,0.5949,2690000,584,1280,904
chr3,2690000,0.96655,0.6221,2700000,874,1728,1392
chr3,2700000,0.97283,0.6317,2710000,919,1891,1639
chr3,2710000,0.946422,0.676,2720000,1240,2275,2110
chr3,2720000,0.90852,0.6345,2730000,952,1831,1525
chr3,2730000,0.9221,0.6199,2740000,903,1633,1369
chr3,2740000,0.994427,0.6246,2750000,1058,2074,1770
chr3,2750000,0.99475,0.6537,2760000,1234,2525,1889
chr3,2760000,0.90115,0.6132,2770000,732,1699,1260
chr3,2770000,0.9992,0.6493,2780000,1431,2335,1989
chr3,2780000,1,0.6292,2790000,1070,2173,1654
chr3,2790000,1,0.6118,2800000,952,2104,1374
chr3,2800000,1,0.6314,2810000,1055,2146,1631
chr3,2810000,0.98145,0.6182,2820000,842,1784,1368
chr3,2820000,0.940185,0.6412,2830000,941,1883,1494
chr3,2830000,0.986875,0.625,2840000,946,1854,1477
chr3,2840000,1,0.6098,2850000,941,1972,1393
chr3,2850000,0.984467,0.6516,2860000,1180,2423,1933
chr3,2860000,1,0.6691,2870000,1213,2443,1936
chr3,2870000,0.9914,0.6339,2880000,1121,2229,1741
chr3,2880000,0.979,0.6448,2890000,1171,2287,1862
chr3,2890000,0.99739,0.6397,2900000,1137,2183,1801
chr3,2900000,1,0.6285,2910000,898,1854,1450
chr3,2910000,0.92725,0.6338,2920000,976,1984,1507
chr3,2920000,0.951849,0.6067,2930000,806,1842,1218
chr3,2930000,0.8926,0.6193,2940000,738,1480,1132
chr3,2940000,1,0.6107,2950000,803,1913,1372
chr3,2950000,1,0.6337,2960000,1046,2051,1638
chr3,2960000,0.99935,0.6561,2970000,961,2067,1762
chr3,2970000,0.99885,0.6602,2980000,1194,2160,1809
chr3,2980000,1,0.6254,2990000,1092,2094,1760
chr3,2990000,1,0.6033,3000000,823,1903,1397
chr3,3000000,1,0.6225,3010000,996,2128,1562
chr3,3010000,0.948976,0.6169,3020000,894,1794,1339
chr3,3020000,1,0.5997,3030000,837,1862,1308
chr3,3030000,1,0.6334,3040000,932,1908,1563
chr3,3040000,1,0.6084,3050000,916,1829,1427
chr3,3050000,0.9981,0.6203,3060000,958,2006,1550
chr3,3060000,1,0.6157,3070000,936,2081,1556
chr3,3070000,1,0.6151,3080000,963,2080,1616
chr3,3080000,1,0.6502,3090000,1201,2379,2042
chr3,3090000,1,0.6076,3100000,880,1846,1350
chr3,3100000,1,0.646,3110000,1306,2361,2023
chr3,3110000,0.98675,0.6372,3120000,1089,2177,1750
chr3,3120000,1,0.6561,3130000,1220,2549,1989
chr3,3130000,1,0.6451,3140000,1129,2428,1817
chr3,3140000,1,0.6407,3150000,1123,2309,1746
chr3,3150000,1,0.6084,3160000,928,1930,1457
chr3,3160000,0.99965,0.7076,3170000,1630,2789,2476
chr3,3170000,0.973855,0.627,3180000,972,1989,1547
chr3,3180000,1,0.6135,3190000,840,1941,1385
chr3,3190000,0.77305,0.6165,3200000,504,1169,881
chr3,3200000,1,0.6137,3210000,883,2064,1420
chr3,3210000,0.9758,0.6696,3220000,1926,3058,2247
chr3,3220000,0.9958,0.6397,3230000,1663,2797,2237
chr3,3230000,1,0.6267,3240000,978,2122,1480
chr3,3240000,1,0.623,3250000,976,2012,1530
chr3,3250000,1,0.625,3260000,957,2132,1565
chr3,3260000,1,0.6142,3270000,914,2131,1582
chr3,3270000,1,0.6233,3280000,962,2094,1557
chr3,3280000,1,0.6332,3290000,1109,2262,1623
chr3,3290000,0.99885,0.6202,3300000,1502,2467,1905
chr3,3300000,0.97825,0.6146,3310000,840,1788,1415
chr3,3310000,0.98755,0.6345,3320000,1034,2083,1612
chr3,3320000,1,0.6491,3330000,1187,2495,1829
chr3,3330000,0.9541,0.6479,3340000,1020,1899,1614
chr3,3340000,0.998483,0.6486,3350000,1099,2168,1634
chr3,3350000,0.9973,0.645,3360000,1013,2200,1753
chr3,3360000,1,0.6276,3370000,894,1917,1409
chr3,3370000,1,0.6196,3380000,643,1359,1169
chr3,3380000,0.986256,0.6442,3390000,1655,2278,1985
chr3,3390000,1,0.679,3400000,1417,2563,2090
chr3,3400000,0.99885,0.642,3410000,1099,2274,1778
chr3,3410000,1,0.6118,3420000,832,1840,1304
chr3,3420000,1,0.5973,3430000,887,2071,1431
chr3,3430000,1,0.6283,3440000,1027,2247,1742
chr3,3440000,1,0.6142,3450000,938,2007,1574
chr3,3450000,1,0.6061,3460000,947,2054,1429
chr3,3460000,0.975,0.598,3470000,902,1902,1506
chr3,3470000,1,0.6179,3480000,987,2017,1593
chr3,3480000,1,0.6458,3490000,1199,2384,1819
chr3,3490000,1,0.6065,3500000,938,1965,1424
chr3,3500000,1,0.6057,3510000,904,2133,1412
chr3,3510000,1,0.5969,3520000,666,1516,1148
chr3,3520000,0.99605,0.623,3530000,1045,2210,1601
chr3,3530000,0.99155,0.6035,3540000,907,1998,1495
chr3,3540000,0.95505,0.5914,3550000,679,1511,1083
chr3,3550000,0.907033,0.6423,3560000,918,1802,1615
chr3,3560000,1,0.6178,3570000,957,1923,1420
chr3,3570000,1,0.6107,3580000,937,2002,1454
chr3,3580000,0.91385,0.6825,3590000,1264,2363,2093
chr3,3590000,0.98585,0.6246,3600000,1062,2059,1771
chr3,3600000,0.9794,0.6041,3610000,861,1892,1410
chr3,3610000,1,0.6309,3620000,1089,2236,1725
chr3,3620000,1,0.6057,3630000,841,1879,1352
chr3,3630000,0.9065,0.6372,3640000,764,1679,1338
chr3,3640000,0.92495,0.6203,3650000,692,1530,1048
chr3,3650000,0.90665,0.6266,3660000,769,1746,1217
chr3,3660000,1,0.63,3670000,1021,2210,1578
chr3,3670000,1,0.6218,3680000,919,1893,1466
chr3,3680000,0.9806,0.6709,3690000,1219,2290,1859
chr3,3690000,0.995667,0.6936,3700000,1377,2685,2123
chr3,3700000,0.87855,0.6077,3710000,708,1451,1165
chr3,3710000,1,0.6464,3720000,1060,2134,1773
chr3,3720000,1,0.6066,3730000,714,1754,1239
chr3,3730000,1,0.629,3740000,1615,2198,1823
chr3,3740000,0.977675,0.6228,3750000,1170,2187,1756
chr3,3750000,1,0.62,3760000,866,1931,1407
chr3,3760000,0.9974,0.6084,3770000,906,1878,1491
chr3,3770000,0.951817,0.6304,3780000,1013,1994,1619
chr3,3780000,1,0.6248,3790000,1077,2217,1584
chr3,3790000,0.99765,0.6211,3800000,1024,2036,1517
chr3,3800000,0.9767,0.6219,3810000,930,1871,1469
chr3,3810000,0.9942,0.617,3820000,670,1324,1027
chr3,3820000,1,0.5893,3830000,789,1643,1224
chr3,3830000,1,0.593,3840000,784,1655,1274
chr3,3840000,1,0.6004,3850000,934,2120,1399
chr3,3850000,1,0.627,3860000,862,1944,1408
chr3,3860000,1,0.614,3870000,1048,2234,1653
chr3,3870000,0.995317,0.6502,3880000,1149,2231,1940
chr3,3880000,1,0.6314,3890000,1049,2172,1542
chr3,3890000,1,0.6558,3900000,1188,2380,1977
chr3,3900000,1,0.605,3910000,863,1866,1469
chr3,3910000,1,0.6209,3920000,990,2000,1539
chr3,3920000,1,0.6034,3930000,851,1891,1274
chr3,3930000,1,0.6984,3940000,1275,2647,2035
chr3,3940000,1,0.6374,3950000,1043,2242,1641
chr3,3950000,0.996633,0.6573,3960000,1329,2401,1955
chr3,3960000,0.97305,0.6851,3970000,1395,2548,2205
chr3,3970000,1,0.6377,3980000,1029,2221,1678
chr3,3980000,0.98125,0.6863,3990000,1285,2651,2117
chr3,3990000,1,0.5945,4000000,896,2140,1434
chr3,4000000,1,0.6469,4010000,1180,2446,1777
chr3,4010000,1,0.6725,4020000,1247,2444,1879
chr3,4020000,0.848491,0.5689,4030000,698,1479,1212
chr3,4030000,0.847506,0.567,4040000,680,1434,1187
chr3,4040000,1,0.6172,4050000,922,2070,1464
chr3,4050000,1,0.6426,4060000,1049,2191,1592
chr3,4060000,0.964117,0.6115,4070000,1015,2001,1569
chr3,4070000,1,0.6175,4080000,1024,2108,1574
chr3,4080000,1,0.6411,4090000,1078,2153,1628
chr3,4090000,1,0.6535,4100000,1201,2302,1929
chr3,4100000,1,0.6328,4110000,1020,2077,1622
chr3,4110000,0.995083,0.6397,4120000,1116,2332,1715
chr3,4120000,0.99875,0.5979,4130000,970,1855,1347
chr3,4130000,1,0.6056,4140000,920,1956,1429
chr3,4140000,1,0.5989,4150000,862,1786,1292
chr3,4150000,0.9991,0.6164,4160000,1125,2182,1612
chr3,4160000,1,0.6095,4170000,893,1982,1324
chr3,4170000,0.99945,0.678,4180000,1199,2386,2061
chr3,4180000,1,0.6802,4190000,1335,2467,2043
chr3,4190000,1,0.6192,4200000,1011,2052,1594
chr3,4200000,0.98915,0.6589,4210000,1117,2331,1802
chr3,4210000,0.989125,0.6506,4220000,1282,2319,1857
chr3,4220000,0.719909,0.5946,4230000,661,1350,1100
chr3,4230000,0.99895,0.6215,4240000,952,2066,1473
chr3,4240000,1,0.6309,4250000,1068,2152,1765
chr3,4250000,0.981028,0.6226,4260000,647,1413,1109
chr3,4260000,0.99915,0.6399,4270000,1048,2057,1603
chr3,4270000,0.984,0.6357,4280000,1108,2157,1748
chr3,4280000,1,0.5918,4290000,902,1939,1280
chr3,4290000,1,0.6154,4300000,882,1816,1390
chr3,4300000,1,0.623,4310000,925,2055,1497
chr3,4310000,0.994046,0.6058,4320000,1052,2087,1727
chr3,4320000,0.977333,0.6334,4330000,979,2134,1599
chr3,4330000,0.99885,0.6486,4340000,1118,2205,1842
chr3,4340000,1,0.6167,4350000,969,1963,1462
chr3,4350000,0.99915,0.6186,4360000,988,2092,1516
chr3,4360000,0.949717,0.6259,4370000,860,1803,1469
chr3,4370000,0.986125,0.6442,4380000,1135,2220,1765
chr3,4380000,1,0.6755,4390000,1242,2356,1837
chr3,4390000,0.967599,0.6627,4400000,1103,2261,1887
chr3,4400000,0.99885,0.6403,4410000,1138,2260,1721
chr3,4410000,0.98515,0.6465,4420000,1044,2166,1660
chr3,4420000,0.998183,0.6476,4430000,1148,2248,1889
chr3,4430000,0.9992,0.6484,4440000,1213,2498,1965
chr3,4440000,1,0.6104,4450000,964,2063,1404
chr3,4450000,0.875681,0.5423,4460000,593,1268,945
chr3,4460000,0.930915,0.5438,4470000,619,1350,1276
chr3,4470000,0.852643,0.632,4480000,786,1636,1254
chr3,4480000,0.9956,0.606,4490000,807,1783,1265
chr3,4490000,0.998667,0.6316,4500000,998,1973,1529
chr3,4500000,0.982409,0.6829,4510000,1360,2535,2143
chr3,4510000,0.9985,0.643,4520000,1056,2081,1727
chr3,4520000,1,0.6417,4530000,1049,2236,1580
chr3,4530000,0.976456,0.6181,4540000,1200,2166,1685
chr3,4540000,1,0.6338,4550000,1193,2261,1813
chr3,4550000,0.84679,0.6439,4560000,811,1534,1526
chr3,4560000,0.9922,0.6419,4570000,1123,2175,1788
chr3,4570000,1,0.6231,4580000,1073,2166,1562
chr3,4580000,1,0.6101,4590000,832,1994,1325
chr3,4590000,0.955367,0.6674,4600000,1292,2340,2053
chr3,4600000,0.972451,0.6699,4610000,1315,2562,2128
chr3,4610000,0.9692,0.6006,4620000,924,1792,1461
chr3,4620000,1,0.6355,4630000,1006,2105,1680
chr3,4630000,0.997483,0.6394,4640000,1086,2223,1851
chr3,4640000,0.9995,0.6433,4650000,990,2086,1623
chr3,4650000,1,0.6365,4660000,1034,2215,1616
chr3,4660000,1,0.6152,4670000,837,1804,1380
chr3,4670000,0.97895,0.6567,4680000,1095,2159,1803
chr3,4680000,0.966233,0.7131,4690000,1477,2729,2467
chr3,4690000,0.9995,0.6588,4700000,1228,2529,1886
chr3,4700000,1,0.631,4710000,1117,2299,1712
chr3,4710000,1,0.6463,4720000,1120,2301,1755
chr3,4720000,0.9782,0.6631,4730000,1182,2336,1939
chr3,4730000,0.978191,0.65,4740000,1168,2271,1967
chr3,4740000,1,0.6389,4750000,998,2076,1447
chr3,4750000,0.99785,0.6453,4760000,1066,2235,1716
chr3,4760000,0.910548,0.6497,4770000,949,2056,1622
chr3,4770000,0.99455,0.613,4780000,999,1993,1394
chr3,4780000,0.981767,0.6394,4790000,1045,2332,1696
chr3,4790000,0.9976,0.636,4800000,1285,2304,1861
chr3,4800000,1,0.6301,4810000,878,1758,1382
chr3,4810000,1,0.649,4820000,1128,1931,1682
chr3,4820000,0.9857,0.6278,4830000,1000,1445,1576
chr3,4830000,0.782109,0.661,4840000,1170,1366,2019
chr3,4840000,0.840021,0.5987,4850000,660,1021,1126
chr3,4850000,1,0.6236,4860000,996,1641,1437
chr3,4860000,1,0.6248,4870000,949,1495,1450
chr3,4870000,1,0.6323,4880000,956,1592,1592
chr3,4880000,1,0.6356,4890000,895,1441,1594
chr3,4890000,1,0.6255,4900000,1047,1589,1817
chr3,4900000,0.9056,0.6342,4910000,927,1514,1514
chr3,4910000,1,0.626,4920000,912,1504,1479
chr3,4920000,1,0.6276,4930000,986,1437,1593
chr3,4930000,1,0.6213,4940000,925,1578,1503
chr3,4940000,1,0.619,4950000,940,1563,1518
chr3,4950000,1,0.6299,4960000,1054,1643,1689
chr3,4960000,1,0.6275,4970000,970,1600,1545
chr3,4970000,1,0.5995,4980000,771,1258,1257
chr3,4980000,1,0.6217,4990000,907,1537,1508
chr3,4990000,1,0.6103,5000000,948,1693,1548
chr3,5000000,0.975226,0.6069,5010000,971,1540,1562
chr3,5010000,1,0.6181,5020000,1201,1731,1625
chr3,5020000,0.99725,0.6191,5030000,1043,1629,1456
chr3,5030000,1,0.6198,5040000,959,1529,1579
chr3,5040000,0.9988,0.6028,5050000,881,1451,1378
chr3,5050000,1,0.6198,5060000,919,1462,1535
chr3,5060000,0.9984,0.6232,5070000,1029,1587,1653
chr3,5070000,0.99965,0.6173,5080000,1015,1556,1572
chr3,5080000,1,0.6157,5090000,870,1395,1361
chr3,5090000,0.92765,0.5937,5100000,835,1378,1382
chr3,5100000,0.850869,0.612,5110000,850,1274,1454
chr3,5110000,0.955367,0.6496,5120000,1193,1492,1868
chr3,5120000,0.9939,0.6243,5130000,999,1629,1584
chr3,5130000,0.98085,0.6003,5140000,862,1400,1469
chr3,5140000,1,0.6025,5150000,760,1208,1205
chr3,5150000,1,0.6955,5160000,1440,2110,2233
chr3,5160000,1,0.6352,5170000,1058,1624,1654
chr3,5170000,0.881238,0.6259,5180000,917,1371,1615
chr3,5180000,0.650863,0.6243,5190000,662,950,1083
chr3,5190000,0.99895,0.657,5200000,1156,1738,1979
chr3,5200000,0.954067,0.63,5210000,987,1478,1610
chr3,5210000,0.99955,0.6447,5220000,1120,1731,1853
chr3,5220000,0.953533,0.6203,5230000,871,1412,1507
chr3,5230000,0.996317,0.6342,5240000,1107,1538,1769
chr3,5240000,1,0.6694,5250000,1285,1816,2032
chr3,5250000,1,0.6023,5260000,681,1105,1186
chr3,5260000,1,0.6267,5270000,952,1523,1557
chr3,5270000,1,0.6185,5280000,1007,1594,1515
chr3,5280000,0.979473,0.6403,5290000,1037,1574,1720
chr3,5290000,0.99135,0.6508,5300000,1326,1859,2145
chr3,5300000,0.953783,0.6291,5310000,4007,3813,4179
chr3,5310000,1,0.6157,5320000,858,1361,1355
chr3,5320000,1,0.6013,5330000,684,1198,1223
chr3,5330000,1,0.5922,5340000,771,1275,1226
chr3,5340000,1,0.6575,5350000,1267,1834,2046
chr3,5350000,0.9736,0.6273,5360000,956,1528,1605
chr3,5360000,1,0.6258,5370000,967,1550,1580
chr3,5370000,1,0.6107,5380000,816,1259,1270
chr3,5380000,1,0.6073,5390000,891,1402,1342
chr3,5390000,1,0.6265,5400000,1032,1622,1497
chr3,5400000,1,0.6212,5410000,944,1540,1454
chr3,5410000,1,0.5805,5420000,683,1134,1119
chr3,5420000,1,0.6248,5430000,1060,1584,1616
chr3,5430000,1,0.6297,5440000,787,1259,1313
chr3,5440000,0.987117,0.6307,5450000,918,1440,1494
chr3,5450000,1,0.6293,5460000,1144,1740,1724
chr3,5460000,0.935883,0.6979,5470000,1412,1822,2338
chr3,5470000,0.9735,0.5951,5480000,802,1193,1243
chr3,5480000,0.99435,0.6747,5490000,1281,1851,2130
chr3,5490000,1,0.6504,5500000,1112,1728,1837
chr3,5500000,1,0.6655,5510000,1232,1859,1803
chr3,5510000,1,0.6148,5520000,802,1416,1433
chr3,5520000,1,0.6252,5530000,1040,1687,1635
chr3,5530000,0.985369,0.6572,5540000,1211,1782,2023
chr3,5540000,1,0.6283,5550000,980,1627,1537
chr3,5550000,1,0.6371,5560000,1095,1626,1656
chr3,5560000,1,0.6341,5570000,1139,1591,1678
chr3,5570000,0.99515,0.6951,5580000,1376,1951,2176
chr3,5580000,0.9956,0.6254,5590000,992,1536,1567
chr3,5590000,1,0.6324,5600000,1436,1886,1834
chr3,5600000,1,0.6733,5610000,1736,2262,2206
chr3,5610000,1,0.6168,5620000,915,1628,1618
chr3,5620000,1,0.6213,5630000,1027,1609,1475
chr3,5630000,1,0.6183,5640000,890,1478,1565
chr3,5640000,0.922629,0.6841,5650000,1264,1801,1984
chr3,5650000,0.9939,0.6606,5660000,1191,1884,1929
chr3,5660000,0.997483,0.6253,5670000,947,1556,1636
chr3,5670000,0.923217,0.5963,5680000,737,1214,1231
chr3,5680000,0.985802,0.6421,5690000,995,1507,1532
chr3,5690000,0.832424,0.6394,5700000,868,1150,1466
chr3,5700000,1,0.6394,5710000,1104,1685,1816
chr3,5710000,0.904869,0.668,5720000,1086,1628,1752
chr3,5720000,0.372217,0.6292,5730000,113,98,188
chr3,5730000,0.861308,0.6345,5740000,872,1323,1301
chr3,5740000,1,0.6103,5750000,934,1548,1445
chr3,5750000,1,0.6181,5760000,917,1550,1431
chr3,5760000,1,0.6588,5770000,1207,1746,1781
chr3,5770000,1,0.6176,5780000,996,1568,1660
chr3,5780000,1,0.6408,5790000,1078,1666,1731
chr3,5790000,1,0.645,5800000,1051,1647,1762
chr3,5800000,0.960417,0.6299,5810000,994,1472,1643
chr3,5810000,0.817232,0.6953,5820000,986,1344,1578
chr3,5820000,1,0.6174,5830000,996,1589,1495
chr3,5830000,0.9994,0.6304,5840000,1060,1529,1644
chr3,5840000,1,0.6333,5850000,992,1582,1605
chr3,5850000,1,0.6007,5860000,959,1524,1325
chr3,5860000,1,0.6192,5870000,938,1542,1624
chr3,5870000,0.988711,0.6293,5880000,983,1480,1597
chr3,5880000,1,0.6105,5890000,900,1469,1380
chr3,5890000,0.9995,0.6172,5900000,938,1587,1447
chr3,5900000,0.9944,0.6101,5910000,865,1366,1383
chr3,5910000,0.99205,0.6101,5920000,959,1551,1566
chr3,5920000,1,0.6725,5930000,1333,1853,2139
chr3,5930000,1,0.6779,5940000,1348,1928,2261
chr3,5940000,1,0.6537,5950000,1239,1834,1851
chr3,5950000,0.984717,0.6289,5960000,1109,1613,1791
chr3,5960000,0.998667,0.662,5970000,1196,1772,1982
chr3,5970000,0.9944,0.6296,5980000,947,1413,1512
chr3,5980000,1,0.6784,5990000,1418,2040,2153
chr3,5990000,0.974722,0.6173,6000000,964,1640,1575
chr3,6000000,0.9973,0.6474,6010000,1169,1803,1913
chr3,6010000,0.993822,0.681,6020000,1338,1808,2323
chr3,6020000,1,0.6395,6030000,1127,1699,1654
chr3,6030000,0.751376,0.6944,6040000,1034,1331,1879
chr3,6040000,1,0.6592,6050000,1347,1906,2063
chr3,6050000,1,0.6189,6060000,1018,1520,1530
chr3,6060000,1,0.6409,6070000,1011,1685,1589
chr3,6070000,0.971907,0.6536,6080000,1145,1647,1871
chr3,6080000,0.971417,0.6805,6090000,1240,1790,2133
chr3,6090000,1,0.66,6100000,1192,1798,1836
chr3,6100000,1,0.6094,6110000,885,1449,1505
chr3,6110000,0.932632,0.6128,6120000,693,985,1115
chr3,6120000,0.877798,0.6148,6130000,636,928,1170
chr3,6130000,0.955765,0.642,6140000,788,1160,1321
chr3,6140000,1,0.6116,6150000,874,1370,1335
chr3,6150000,0.986917,0.6214,6160000,970,1569,1619
chr3,6160000,1,0.6042,6170000,916,1524,1377
chr3,6170000,0.912633,0.6012,6180000,851,1304,1234
chr3,6180000,0.911675,0.6736,6190000,1152,1567,1947
chr3,6190000,0.975267,0.6051,6200000,839,1295,1342
chr3,6200000,1,0.6422,6210000,1071,1760,1655
chr3,6210000,0.993,0.5934,6220000,1023,1520,1609
chr3,6220000,0.957633,0.6157,6230000,732,1152,1368
chr3,6230000,0.981783,0.6536,6240000,1308,1904,2028
chr3,6240000,1,0.6768,6250000,1307,1909,2238
chr3,6250000,1,0.6415,6260000,1106,1691,1694
chr3,6260000,1,0.6328,6270000,1032,1668,1730
chr3,6270000,1,0.6092,6280000,946,1516,1516
chr3,6280000,1,0.6266,6290000,1065,1554,1547
chr3,6290000,1,0.6326,6300000,959,1532,1623
chr3,6300000,1,0.6344,6310000,1089,1645,1806
chr3,6310000,0.852435,0.5884,6320000,643,935,1135
chr3,6320000,0.981268,0.6056,6330000,869,1507,1353
chr3,6330000,1,0.6349,6340000,1225,1629,1955
chr3,6340000,1,0.6251,6350000,1022,1515,1707
chr3,6350000,0.956253,0.6167,6360000,379,480,540
chr3,6360000,0.900097,0.6082,6370000,331,422,622
chr3,6370000,0.964931,0.6456,6380000,1120,1704,1815
chr3,6380000,0.987655,0.6155,6390000,960,1567,1580
chr3,6390000,1,0.6067,6400000,906,1447,1521
chr3,6400000,1,0.6053,6410000,903,1515,1471
chr3,6410000,0.996353,0.6105,6420000,925,1562,1508
chr3,6420000,0.975707,0.6218,6430000,945,1522,1545
chr3,6430000,0.996117,0.6692,6440000,1364,1970,2294
chr3,6440000,0.988114,0.6286,6450000,1018,1565,1518
chr3,6450000,1,0.6272,6460000,1098,1638,1673
chr3,6460000,1,0.6509,6470000,1208,1872,1929
chr3,6470000,0.974667,0.6564,6480000,1071,1667,1977
chr3,6480000,1,0.6474,6490000,1089,1719,1775
chr3,6490000,0.993725,0.6385,6500000,1210,1729,1794
chr3,6500000,1,0.6498,6510000,1095,1734,1619
chr3,6510000,0.963917,0.5266,6520000,665,1001,1201
chr3,6520000,0.953637,0.5759,6530000,792,1139,1369
chr3,6530000,1,0.6267,6540000,1209,1757,1743
chr3,6540000,1,0.6224,6550000,834,1384,1459
chr3,6550000,1,0.6197,6560000,991,1507,1483
chr3,6560000,0.94841,0.6188,6570000,1085,1492,1757
chr3,6570000,0.99528,0.6544,6580000,1280,1843,2121
chr3,6580000,1,0.6829,6590000,1237,1819,1945
chr3,6590000,0.991355,0.6999,6600000,1331,1909,2249
chr3,6600000,1,0.6354,6610000,1056,1639,1737
chr3,6610000,0.993632,0.6559,6620000,1297,1927,2131
chr3,6620000,0.994391,0.6723,6630000,1260,1871,1953
chr3,6630000,1,0.6135,6640000,950,1563,1548
chr3,6640000,1,0.6222,6650000,993,1648,1542
chr3,6650000,0.99895,0.6578,6660000,1280,1887,2034
chr3,6660000,0.96085,0.6062,6670000,943,1334,1599
chr3,6670000,0.992863,0.6542,6680000,1167,1808,1824
chr3,6680000,1,0.6565,6690000,1165,1778,1843
chr3,6690000,1,0.6341,6700000,992,1655,1631
chr3,6700000,0.975433,0.6593,6710000,1196,1801,1966
chr3,6710000,1,0.6321,6720000,1028,1783,1647
chr3,6720000,1,0.6778,6730000,1352,1948,2177
chr3,6730000,0.970833,0.6406,6740000,1033,1584,1716
chr3,6740000,1,0.6342,6750000,880,1418,1509
chr3,6750000,0.720701,0.6062,6760000,786,1128,1346
chr3,6760000,1,0.6058,6770000,875,1490,1409
chr3,6770000,1,0.6559,6780000,1092,1825,1843
chr3,6780000,1,0.6206,6790000,934,1525,1494
chr3,6790000,0.943346,0.7028,6800000,1323,1799,2108
chr3,6800000,1,0.6405,6810000,1048,1504,1660
chr3,6810000,1,0.6129,6820000,808,1398,1310
chr3,6820000,0.701438,0.6183,6830000,697,955,1199
chr3,6830000,1,0.6362,6840000,1145,1733,1731
chr3,6840000,1,0.6376,6850000,1046,1631,1667
chr3,6850000,1,0.6206,6860000,1040,1692,1683
chr3,6860000,1,0.6336,6870000,1038,1667,1675
chr3,6870000,1,0.6586,6880000,1222,1873,1888
chr3,6880000,0.998175,0.6515,6890000,1073,1729,1784
chr3,6890000,0.998,0.6692,6900000,1282,1905,2013
chr3,6900000,0.963633,0.5956,6910000,1658,2023,2212
chr3,6910000,0.97155,0.5744,6920000,1254,1553,1630
chr3,6920000,1,0.641,6930000,1061,1707,1691
chr3,6930000,1,0.6001,6940000,862,1518,1436
chr3,6940000,0.988829,0.6413,6950000,1070,1623,1653
chr3,6950000,0.973954,0.6405,6960000,996,1535,1660
chr3,6960000,1,0.6559,6970000,1104,1746,1776
chr3,6970000,1,0.6563,6980000,1342,1940,1958
chr3,6980000,0.839808,0.5908,6990000,809,1072,1346
chr3,6990000,0.867729,0.6111,7000000,1266,1481,1670
chr3,7000000,1,0.6562,7010000,1124,1709,1768
chr3,7010000,1,0.6476,7020000,929,1553,1558
chr3,7020000,0.888496,0.6298,7030000,938,1498,1604
chr3,7030000,1,0.6419,7040000,1004,1684,1677
chr3,7040000,0.934225,0.6921,7050000,1314,2036,2153
chr3,7050000,0.972475,0.6607,7060000,1217,1827,2052
chr3,7060000,1,0.6526,7070000,1268,1862,2272
chr3,7070000,0.9973,0.6485,7080000,931,1514,1573
chr3,7080000,0.799982,0.6534,7090000,1021,1307,1688
chr3,7090000,0.865453,0.6216,7100000,810,1348,1337
chr3,7100000,0.933993,0.6452,7110000,1096,1661,1808
chr3,7110000,0.98945,0.6545,7120000,1095,1639,1844
chr3,7120000,0.982368,0.6611,7130000,1287,1826,2184
chr3,7130000,0.99,0.6625,7140000,1109,1646,1754
chr3,7140000,1,0.5932,7150000,872,1440,1294
chr3,7150000,0.98278,0.6378,7160000,997,1542,1552
chr3,7160000,0.976708,0.6584,7170000,1226,1802,1989
chr3,7170000,1,0.6491,7180000,1047,1762,1675
chr3,7180000,1,0.6421,7190000,1097,1627,1677
chr3,7190000,1,0.6185,7200000,882,1499,1427
chr3,7200000,1,0.631,7210000,1045,1630,1590
chr3,7210000,0.996648,0.6479,7220000,1202,1749,1816
chr3,7220000,0.908401,0.6408,7230000,1021,1469,1665
chr3,7230000,0.9006,0.6218,7240000,838,1285,1276
chr3,7240000,0.88175,0.6067,7250000,796,1173,1445
chr3,7250000,1,0.6161,7260000,963,1482,1444
chr3,7260000,0.860967,0.6573,7270000,974,1434,1780
chr3,7270000,0.899633,0.6394,7280000,1434,2218,2000
chr3,7280000,1,0.6264,7290000,1038,1871,1742
chr3,7290000,1,0.6172,7300000,1043,1689,1509
chr3,7300000,0.973198,0.6346,7310000,1095,1710,1795
chr3,7310000,1,0.6754,7320000,1442,2033,2119
chr3,7320000,1,0.6137,7330000,941,1531,1488
chr3,7330000,0.99605,0.6321,7340000,1034,1729,1670
chr3,7340000,0.99985,0.6146,7350000,863,1554,1451
chr3,7350000,1,0.616,7360000,1085,1750,1641
chr3,7360000,1,0.6342,7370000,1124,1702,1770
chr3,7370000,0.997158,0.6698,7380000,1214,1890,2132
chr3,7380000,0.976017,0.6537,7390000,1122,1668,1861
chr3,7390000,1,0.6567,7400000,1218,1934,1987
chr3,7400000,0.98407,0.6727,7410000,1292,1852,2104
chr3,7410000,0.976283,0.6783,7420000,1265,1748,2056
chr3,7420000,1,0.6284,7430000,899,1452,1466
chr3,7430000,0.955231,0.6292,7440000,1001,1582,1652
chr3,7440000,1,0.6353,7450000,1182,1737,1760
chr3,7450000,1,0.6307,7460000,1008,1625,1607
chr3,7460000,0.948063,0.6146,7470000,928,1375,1426
chr3,7470000,0.742822,0.5957,7480000,483,795,866
chr3,7480000,0.97745,0.6795,7490000,1227,1713,1971
chr3,7490000,0.949635,0.6639,7500000,1273,1739,1963
chr3,7500000,0.9986,0.6299,7510000,1056,1557,1614
chr3,7510000,0.970567,0.6578,7520000,1116,1588,1858
chr3,7520000,1,0.6166,7530000,945,1652,1547
chr3,7530000,0.986641,0.6422,7540000,1163,1729,1771
chr3,7540000,1,0.6731,7550000,1265,1965,2056
chr3,7550000,0.99615,0.5965,7560000,836,1428,1304
chr3,7560000,0.996325,0.6576,7570000,1142,1875,1850
chr3,7570000,0.977483,0.6718,7580000,1326,1894,2297
chr3,7580000,0.99925,0.6533,7590000,1132,1675,1836
chr3,7590000,1,0.6628,7600000,1116,1816,1872
chr3,7600000,1,0.6177,7610000,1020,1551,1535
chr3,7610000,0.9998,0.6058,7620000,923,1631,1503
chr3,7620000,1,0.602,7630000,962,1570,1460
chr3,7630000,1,0.6162,7640000,989,1471,1493
chr3,7640000,1,0.6812,7650000,1412,1962,2145
chr3,7650000,0.99665,0.6292,7660000,952,1476,1448
chr3,7660000,0.9988,0.6182,7670000,897,1365,1463
chr3,7670000,0.588267,0.6146,7680000,230,349,382
chr3,7680000,0.491717,0.6294,7690000,42,39,81
chr3,7690000,0.497483,0.6297,7700000,30,27,49
chr3,7700000,0.983133,0.5534,7710000,463,783,786
chr3,7710000,1,0.6109,7720000,458,620,675
chr3,7720000,1,0.6197,7730000,876,1438,1406
chr3,7730000,0.7252,0.6796,7740000,784,1180,1361
chr3,7740000,0.987791,0.6069,7750000,823,1403,1397
chr3,7750000,0.943251,0.6566,7760000,1019,1466,1631
chr3,7760000,0.962692,0.646,7770000,1315,1714,1914
chr3,7770000,0.99375,0.6065,7780000,961,1595,1456
chr3,7780000,0.969094,0.6386,7790000,1065,1592,1807
chr3,7790000,1,0.6122,7800000,929,1512,1534
chr3,7800000,1,0.6145,7810000,994,1566,1567
chr3,7810000,0.99115,0.6307,7820000,1199,1799,1764
chr3,7820000,1,0.6545,7830000,1176,1782,1834
chr3,7830000,0.993643,0.6358,7840000,1170,1760,2024
chr3,7840000,1,0.6486,7850000,1260,1891,1935
chr3,7850000,1,0.6319,7860000,1016,1709,1597
chr3,7860000,1,0.6208,7870000,991,1564,1534
chr3,7870000,1,0.5908,7880000,815,1317,1315
chr3,7880000,1,0.6119,7890000,843,1541,1393
chr3,7890000,1,0.6545,7900000,1180,1691,1849
chr3,7900000,1,0.5991,7910000,917,1511,1426
chr3,7910000,0.99976,0.6496,7920000,1185,1742,1931
chr3,7920000,0.996675,0.6441,7930000,1149,1750,1695
chr3,7930000,1,0.622,7940000,995,1525,1576
chr3,7940000,0.989293,0.6648,7950000,1238,1820,2109
chr3,7950000,1,0.6618,7960000,1258,1926,1929
chr3,7960000,1,0.6073,7970000,791,1277,1352
chr3,7970000,0.98675,0.6372,7980000,1209,1839,1953
chr3,7980000,0.9801,0.6687,7990000,1616,2272,2718
chr3,7990000,0.9995,0.6604,8000000,1253,1793,1890
chr3,8000000,0.9991,0.6171,8010000,928,1531,1453
chr3,8010000,0.9955,0.6531,8020000,1159,1677,1923
chr3,8020000,0.9546,0.6416,8030000,1041,1544,1760
chr3,8030000,0.967029,0.6176,8040000,905,1519,1484
chr3,8040000,0.898886,0.7188,8050000,1262,1724,2238
chr3,8050000,1,0.6237,8060000,1050,1684,1627
chr3,8060000,1,0.6473,8070000,1201,1786,1680
chr3,8070000,0.938058,0.6465,8080000,1139,1589,2030
chr3,8080000,0.951333,0.6461,8090000,1183,1621,1772
chr3,8090000,1,0.6469,8100000,1071,1850,1719
chr3,8100000,1,0.6316,8110000,966,1614,1675
chr3,8110000,0.9983,0.6987,8120000,1423,1933,2243
chr3,8120000,1,0.6644,8130000,1211,1853,1949
chr3,8130000,0.958833,0.6323,8140000,914,1534,1515
chr3,8140000,0.995683,0.6444,8150000,1125,1714,1821
chr3,8150000,1,0.6193,8160000,963,1549,1453
chr3,8160000,1,0.6293,8170000,1039,1703,1668
chr3,8170000,0.938437,0.6682,8180000,1134,1749,1811
chr3,8180000,0.958147,0.7006,8190000,1316,1907,2093
chr3,8190000,0.72372,0.6112,8200000,632,1021,1087
chr3,8200000,1,0.6245,8210000,988,1487,1535
chr3,8210000,1,0.6421,8220000,1120,1792,1791
chr3,8220000,1,0.6337,8230000,1035,1740,1676
chr3,8230000,0.999467,0.6233,8240000,1029,1678,1725
chr3,8240000,1,0.6628,8250000,1341,1961,1942
chr3,8250000,1,0.6158,8260000,880,1489,1457
chr3,8260000,1,0.6105,8270000,925,1533,1492
chr3,8270000,1,0.6443,8280000,1213,1682,1743
chr3,8280000,1,0.6162,8290000,1049,1699,1597
chr3,8290000,0.99735,0.6841,8300000,1566,2102,2469
chr3,8300000,1,0.6436,8310000,1118,1763,1840
chr3,8310000,0.965821,0.6554,8320000,1083,1735,1931
chr3,8320000,0.971862,0.6385,8330000,1039,1682,1871
chr3,8330000,1,0.6322,8340000,1071,1706,1683
chr3,8340000,1,0.6184,8350000,940,1543,1433
chr3,8350000,1,0.6327,8360000,1118,1745,1788
chr3,8360000,1,0.6336,8370000,1076,1663,1704
chr3,8370000,1,0.6013,8380000,909,1478,1532
chr3,8380000,0.93725,0.627,8390000,1108,1566,1670
chr3,8390000,0.968667,0.5894,8400000,881,1325,1409
chr3,8400000,1,0.6484,8410000,1138,1710,1865
chr3,8410000,1,0.6139,8420000,869,1486,1413
chr3,8420000,1,0.609,8430000,897,1512,1436
chr3,8430000,0.992417,0.6602,8440000,1139,1669,1763
chr3,8440000,1,0.5962,8450000,836,1537,1382
chr3,8450000,0.950385,0.6476,8460000,1029,1678,1847
chr3,8460000,0.95623,0.6961,8470000,1313,1889,2248
chr3,8470000,0.994417,0.6704,8480000,1153,1814,1948
chr3,8480000,0.996217,0.6368,8490000,1098,1678,1784
chr3,8490000,0.963292,0.5027,8500000,1343,1433,1655
chr3,8500000,0.922888,0.5967,8510000,896,1408,1512
chr3,8510000,1,0.6617,8520000,1223,1907,1908
chr3,8520000,1,0.6535,8530000,1275,1897,2079
chr3,8530000,0.989325,0.6435,8540000,1366,1880,2181
chr3,8540000,0.7583,0.6152,8550000,359,595,602
chr3,8550000,0.984917,0.6083,8560000,705,1226,1305
chr3,8560000,0.959993,0.6221,8570000,908,1516,1435
chr3,8570000,0.802828,0.6881,8580000,1033,1251,1759
chr3,8580000,0.94115,0.6356,8590000,950,1488,1514
chr3,8590000,0.851757,0.6279,8600000,902,1430,1426
chr3,8600000,1,0.6152,8610000,1038,1603,1442
chr3,8610000,0.996483,0.6509,8620000,1275,1867,2025
chr3,8620000,0.927744,0.6456,8630000,1262,1624,1992
chr3,8630000,0.971108,0.6648,8640000,1239,1752,1944
chr3,8640000,1,0.6457,8650000,1078,1814,1764
chr3,8650000,1,0.6156,8660000,1017,1649,1541
chr3,8660000,1,0.6335,8670000,1048,1749,1659
chr3,8670000,1,0.6077,8680000,981,1525,1549
chr3,8680000,0.99515,0.5628,8690000,842,1441,1355
chr3,8690000,0.983867,0.5401,8700000,937,1389,1410
chr3,8700000,1,0.6253,8710000,1450,1869,1719
chr3,8710000,0.987433,0.6733,8720000,1442,1920,2422
chr3,8720000,0.942292,0.6633,8730000,1061,1648,1909
chr3,8730000,1,0.6294,8740000,1042,1675,1587
chr3,8740000,1,0.6174,8750000,918,1565,1537
chr3,8750000,1,0.6127,8760000,959,1591,1506
chr3,8760000,0.997056,0.6676,8770000,1320,2075,2260
chr3,8770000,0.895018,0.6247,8780000,909,1374,1608
chr3,8780000,1,0.6324,8790000,1101,1812,1703
chr3,8790000,0.883937,0.6666,8800000,2776,3004,2983
chr3,8800000,0.9507,0.56,8810000,12372,10705,10533
chr3,8810000,0.93225,0.6821,8820000,1442,1791,2286
chr3,8820000,0.947508,0.6639,8830000,1077,1597,1849
chr3,8830000,0.964033,0.696,8840000,1330,1806,2306
chr3,8840000,0.990384,0.7065,8850000,1993,2510,2919
chr3,8850000,0.9313,0.6197,8860000,1195,1583,1679
chr3,8860000,0.7464,0.7003,8870000,965,1216,1597
chr3,8870000,0.872117,0.642,8880000,1047,1510,1613
chr3,8880000,0.908214,0.6145,8890000,1132,1419,1930
chr3,8890000,0.966325,0.6975,8900000,1425,1926,2326
chr3,8900000,0.7382,0.6557,8910000,594,879,1068
chr3,8910000,1,0.621,8920000,952,1589,1625
chr3,8920000,1,0.6956,8930000,1632,2291,2751
chr3,8930000,1,0.6412,8940000,1168,1917,1796
chr3,8940000,0.997908,0.6331,8950000,1163,1750,1805
chr3,8950000,1,0.6243,8960000,1049,1707,1644
chr3,8960000,0.997342,0.6681,8970000,1251,1841,1921
chr3,8970000,0.95845,0.5873,8980000,852,1386,1439
chr3,8980000,0.9883,0.6144,8990000,1014,1635,1661
chr3,8990000,1,0.6105,9000000,927,1538,1520
chr3,9000000,0.982295,0.6474,9010000,1106,1604,1712
chr3,9010000,0.957717,0.6258,9020000,1730,2470,2039
chr3,9020000,0.987075,0.677,9030000,1366,1966,2034
chr3,9030000,0.913708,0.6402,9040000,954,1467,1711
chr3,9040000,1,0.6218,9050000,1015,1601,1509
chr3,9050000,0.964834,0.6168,9060000,1030,1561,1753
chr3,9060000,0.880084,0.6233,9070000,1359,2007,1970
chr3,9070000,1,0.608,9080000,904,1564,1413
chr3,9080000,0.9973,0.6202,9090000,991,1638,1552
chr3,9090000,0.864393,0.5478,9100000,689,945,1230
chr3,9100000,0.903871,0.5569,9110000,671,976,1177
chr3,9110000,1,0.5815,9120000,780,1342,1297
chr3,9120000,0.989767,0.6285,9130000,1095,1657,1692
chr3,9130000,1,0.6027,9140000,902,1535,1413
chr3,9140000,1,0.6326,9150000,1069,1749,1738
chr3,9150000,0.95885,0.6381,9160000,961,1438,1504
chr3,9160000,0.940838,0.6328,9170000,999,1601,1735
chr3,9170000,0.917019,0.6202,9180000,826,1423,1529
chr3,9180000,0.91922,0.6362,9190000,890,1385,1518
chr3,9190000,0.984417,0.6538,9200000,1392,1950,2123
chr3,9200000,0.993063,0.6347,9210000,1095,1701,1769
chr3,9210000,1,0.6246,9220000,990,1629,1557
chr3,9220000,1,0.6756,9230000,1328,2052,2054
chr3,9230000,1,0.658,9240000,1130,1763,1917
chr3,9240000,1,0.6485,9250000,1006,1678,1706
chr3,9250000,0.96945,0.6716,9260000,1327,1942,2200
chr3,9260000,0.9629,0.6063,9270000,885,1526,1412
chr3,9270000,0.902379,0.6445,9280000,980,1387,1770
chr3,9280000,0.99895,0.6277,9290000,973,1648,1640
chr3,9290000,0.95589,0.5849,9300000,1346,1601,1855
chr3,9300000,0.9805,0.6138,9310000,1289,1750,2032
chr3,9310000,0.65365,0.6136,9320000,316,446,400
chr3,9320000,0.78765,0.6339,9330000,517,834,802
chr3,9330000,1,0.6122,9340000,775,1235,1310
chr3,9340000,0.99775,0.6314,9350000,1485,1967,2270
chr3,9350000,0.940925,0.6218,9360000,954,1462,1644
chr3,9360000,0.991117,0.6222,9370000,977,1543,1503
chr3,9370000,0.852774,0.6261,9380000,961,1345,1549
chr3,9380000,0.833983,0.6313,9390000,1176,1545,1709
chr3,9390000,1,0.6455,9400000,1011,1622,1643
chr3,9400000,0.915095,0.6253,9410000,932,1348,1485
chr3,9410000,0.923988,0.6603,9420000,1122,1584,1935
chr3,9420000,0.991896,0.6968,9430000,1376,1917,2183
chr3,9430000,1,0.6606,9440000,1228,1821,1906
chr3,9440000,1,0.6377,9450000,1088,1763,1701
chr3,9450000,1,0.61,9460000,807,1373,1390
chr3,9460000,1,0.6519,9470000,1108,1712,1796
chr3,9470000,0.9933,0.6513,9480000,1229,1736,1922
chr3,9480000,0.99885,0.6331,9490000,1174,1519,1615
chr3,9490000,0.9987,0.6536,9500000,1276,1808,2045
chr3,9500000,0.988568,0.6624,9510000,1283,1849,2076
chr3,9510000,0.948859,0.6545,9520000,1345,1752,2213
chr3,9520000,0.951893,0.6392,9530000,1504,1830,2177
chr3,9530000,1,0.6672,9540000,1310,1893,1974
chr3,9540000,1,0.6544,9550000,1140,1742,1811
chr3,9550000,0.996961,0.6674,9560000,1267,1845,2058
chr3,9560000,0.997058,0.6504,9570000,1171,1773,1972
chr3,9570000,0.99775,0.6825,9580000,1463,2025,2228
chr3,9580000,0.9606,0.631,9590000,1014,1598,1718
chr3,9590000,0.9935,0.6229,9600000,873,1480,1406
chr3,9600000,0.921021,0.6512,9610000,1058,1476,1940
chr3,9610000,1,0.6128,9620000,903,1497,1472
chr3,9620000,0.99935,0.6392,9630000,1033,1769,1813
chr3,9630000,0.996075,0.6447,9640000,1134,1679,1776
chr3,9640000,0.988842,0.6074,9650000,735,1200,1268
chr3,9650000,1,0.6141,9660000,931,1442,1299
chr3,9660000,1,0.6208,9670000,682,1075,1145
chr3,9670000,0.9943,0.6563,9680000,1182,1706,1900
chr3,9680000,1,0.6284,9690000,896,1354,1382
chr3,9690000,1,0.6237,9700000,847,1434,1383
chr3,9700000,1,0.6433,9710000,1161,1788,1854
chr3,9710000,1,0.608,9720000,882,1397,1374
chr3,9720000,0.9792,0.7,9730000,1340,1938,2211
chr3,9730000,0.985917,0.6497,9740000,1096,1669,1927
chr3,9740000,1,0.6325,9750000,1034,1714,1698
chr3,9750000,0.9976,0.6114,9760000,913,1483,1398
chr3,9760000,0.997667,0.6264,9770000,1010,1645,1712
chr3,9770000,1,0.6794,9780000,1310,1964,2186
chr3,9780000,0.977419,0.6555,9790000,965,1443,1624
chr3,9790000,1,0.6499,9800000,1043,1617,1620
chr3,9800000,1,0.6447,9810000,1169,1767,1807
chr3,9810000,0.971205,0.6702,9820000,1190,1680,1968
chr3,9820000,1,0.6272,9830000,920,1363,1447
chr3,9830000,1,0.6519,9840000,1113,1794,1797
chr3,9840000,1,0.6053,9850000,867,1576,1503
chr3,9850000,0.92503,0.6617,9860000,1064,1700,1671
chr3,9860000,1,0.6415,9870000,1065,1839,1711
chr3,9870000,1,0.6478,9880000,1124,1832,1846
chr3,9880000,0.996675,0.6382,9890000,1280,1841,1933
chr3,9890000,0.9823,0.6346,9900000,1046,1705,1604
chr3,9900000,1,0.6369,9910000,1077,1575,1644
chr3,9910000,0.937134,0.607,9920000,820,1455,1467
chr3,9920000,0.992703,0.6943,9930000,1493,2062,2407
chr3,9930000,0.987071,0.6704,9940000,1346,1933,2184
chr3,9940000,0.931883,0.7029,9950000,1389,1888,2245
chr3,9950000,1,0.6762,9960000,1274,1959,2044
chr3,9960000,0.982808,0.6275,9970000,1250,1948,1788
chr3,9970000,0.911533,0.7324,9980000,1514,1939,2566
chr3,9980000,0.940929,0.678,9990000,1300,1881,2197
chr3,9990000,0.962633,0.6683,10000000,1159,1725,2029
chr3,10000000,0.998916,0.6482,10010000,1217,1889,1963
chr3,10010000,0.984967,0.6438,10020000,1088,1776,1771
chr3,10020000,0.9612,0.654,10030000,1089,1594,1772
chr3,10030000,0.913367,0.5214,10040000,546,929,988
chr3,10040000,0.928017,0.605,10050000,940,1407,1646
chr3,10050000,0.980383,0.6572,10060000,1209,1778,2175
chr3,10060000,0.9957,0.6595,10070000,1158,1742,1849
chr3,10070000,0.997325,0.6398,10080000,1101,1690,1672
chr3,10080000,0.982333,0.6212,10090000,976,1550,1544
chr3,10090000,0.9986,0.6603,10100000,1130,1798,1764
chr3,10100000,0.89635,0.6154,10110000,726,1193,1288
chr3,10110000,0.99845,0.6768,10120000,1269,1862,2169
chr3,10120000,0.966567,0.6428,10130000,939,1379,1687
chr3,10130000,1,0.6196,10140000,976,1652,1478
chr3,10140000,0.99985,0.6627,10150000,1257,1842,1861
chr3,10150000,0.982417,0.6613,10160000,1205,1748,1793
chr3,10160000,0.9942,0.627,10170000,1043,1673,1757
chr3,10170000,0.856088,0.62,10180000,1190,1408,1675
chr3,10180000,0.996618,0.6732,10190000,1303,1935,2101
chr3,10190000,0.972844,0.6806,10200000,1327,1876,2154
chr3,10200000,0.98745,0.6572,10210000,1279,1923,1943
chr3,10210000,0.992725,0.644,10220000,1229,1871,1909
chr3,10220000,0.994267,0.5929,10230000,978,1619,1624
chr3,10230000,0.959222,0.6775,10240000,1307,1989,2183
chr3,10240000,1,0.6724,10250000,1315,2049,2026
chr3,10250000,1,0.6431,10260000,1247,1868,1777
chr3,10260000,0.980481,0.627,10270000,1028,1667,1706
chr3,10270000,0.980242,0.6372,10280000,1014,1483,1533
chr3,10280000,0.99905,0.6979,10290000,1505,2137,2446
chr3,10290000,0.90285,0.6442,10300000,800,1211,1241
chr3,10300000,0.735083,0.6094,10310000,575,693,919
chr3,10310000,0.988295,0.6936,10320000,1438,2009,2221
chr3,10320000,1,0.6436,10330000,1065,1611,1727
chr3,10330000,1,0.6316,10340000,1082,1704,1618
chr3,10340000,1,0.5955,10350000,817,1421,1353
chr3,10350000,1,0.5799,10360000,782,1187,1405
chr3,10360000,0.972692,0.5905,10370000,1055,1413,1573
chr3,10370000,0.99965,0.6384,10380000,1124,1756,1775
chr3,10380000,0.997333,0.6002,10390000,978,1576,1578
chr3,10390000,0.99645,0.6821,10400000,1364,1901,1990
chr3,10400000,1,0.6958,10410000,1442,2038,2121
chr3,10410000,1,0.6773,10420000,1344,2007,2083
chr3,10420000,0.99325,0.6234,10430000,1076,1737,1789
chr3,10430000,0.99325,0.6321,10440000,1118,1622,1787
chr3,10440000,0.9993,0.6147,10450000,987,1643,1593
chr3,10450000,0.99675,0.6379,10460000,1080,1670,1732
chr3,10460000,0.9926,0.6015,10470000,892,1532,1451
chr3,10470000,0.997383,0.6966,10480000,1441,2102,2396
chr3,10480000,1,0.6852,10490000,1452,1990,2309
chr3,10490000,1,0.6017,10500000,1154,1616,1686
chr3,10500000,0.936584,0.6381,10510000,1017,1567,1669
chr3,10510000,1,0.6332,10520000,961,1556,1630
chr3,10520000,1,0.6134,10530000,891,1591,1529
chr3,10530000,1,0.6358,10540000,1046,1617,1607
chr3,10540000,0.97645,0.6657,10550000,1200,1776,1930
chr3,10550000,0.996985,0.6879,10560000,1512,2180,2444
chr3,10560000,1,0.6004,10570000,837,1505,1363
chr3,10570000,0.970917,0.6503,10580000,1125,1732,1843
chr3,10580000,0.9967,0.6616,10590000,1239,1892,1944
chr3,10590000,1,0.7031,10600000,1418,2186,2316
chr3,10600000,1,0.6764,10610000,1337,2111,2268
chr3,10610000,1,0.627,10620000,972,1705,1602
chr3,10620000,1,0.6678,10630000,1329,2019,1999
chr3,10630000,1,0.6399,10640000,1115,1809,1871
chr3,10640000,0.849408,0.64,10650000,1162,1663,1855
chr3,10650000,0.822242,0.6194,10660000,1503,1551,2066
chr3,10660000,0.997733,0.6876,10670000,1505,2084,2208
chr3,10670000,0.97615,0.6526,10680000,1201,1755,1884
chr3,10680000,1,0.6683,10690000,1342,1891,2178
chr3,10690000,0.992883,0.6476,10700000,1362,1919,2019
chr3,10700000,0.9978,0.6844,10710000,1475,1945,2324
chr3,10710000,0.997125,0.6467,10720000,1092,1779,1851
chr3,10720000,0.9361,0.666,10730000,1117,1756,1729
chr3,10730000,0.9939,0.6533,10740000,1341,1889,1993
chr3,10740000,1,0.6327,10750000,1203,1867,1981
chr3,10750000,0.989408,0.6811,10760000,1523,1976,2185
chr3,10760000,0.995237,0.6955,10770000,1363,1973,2128
chr3,10770000,0.9974,0.6111,10780000,1179,1773,1715
chr3,10780000,0.951265,0.6399,10790000,1053,1628,1834
chr3,10790000,0.675378,0.6108,10800000,740,1113,1230
chr3,10800000,0.89575,0.64,10810000,743,1089,1302
chr3,10810000,0.95905,0.6396,10820000,442,627,838
chr3,10820000,0.694885,0.7015,10830000,657,776,1129
chr3,10830000,0.600073,0.7002,10840000,556,610,954
chr3,10840000,0.427868,0.6578,10850000,148,203,307
chr3,10850000,0.676285,0.6926,10860000,482,620,624
chr3,10860000,0.97633,0.6934,10870000,1309,1649,1997
chr3,10870000,0.733359,0.6497,10880000,1169,1284,1334
chr3,10880000,0.968917,0.6754,10890000,1116,1547,2508
chr3,10890000,0.982442,0.696,10900000,1281,1759,2633
chr3,10900000,1,0.6382,10910000,1127,1842,2444
chr3,10910000,0.999733,0.6892,10920000,1538,2151,3204
chr3,10920000,0.97305,0.6071,10930000,1042,1664,2128
chr3,10930000,0.959939,0.5954,10940000,969,1519,2059
chr3,10940000,0.919303,0.5162,10950000,667,890,1377
chr3,10950000,1,0.68,10960000,1263,1931,2623
chr3,10960000,0.970029,0.6402,10970000,1087,1608,2343
chr3,10970000,0.986993,0.6968,10980000,1364,2101,3085
chr3,10980000,1,0.7071,10990000,1487,2167,3111
chr3,10990000,0.948859,0.7095,11000000,1452,1984,3118
chr3,11000000,1,0.6433,11010000,1086,1702,2189
chr3,11010000,0.993168,0.6621,11020000,1079,1652,2519
chr3,11020000,1,0.6658,11030000,1016,1527,2164
chr3,11030000,0.965817,0.6427,11040000,1403,1855,2752
chr3,11040000,1,0.6438,11050000,1215,1809,2415
chr3,11050000,0.9997,0.6753,11060000,1500,2127,2969
chr3,11060000,1,0.7128,11070000,1625,2193,3480
chr3,11070000,0.988183,0.6597,11080000,1241,1870,2588
chr3,11080000,0.968968,0.6238,11090000,1089,1605,2373
chr3,11090000,1,0.6362,11100000,1161,1693,2292
chr3,11100000,1,0.7163,11110000,1527,2218,3216
chr3,11110000,0.996467,0.7071,11120000,1541,2189,3469
chr3,11120000,0.9906,0.6144,11130000,997,1704,2202
chr3,11130000,0.9934,0.6905,11140000,1457,2007,3161
chr3,11140000,1,0.6386,11150000,1009,1610,2116
chr3,11150000,1,0.6659,11160000,1231,2009,2753
chr3,11160000,0.949975,0.6559,11170000,1135,1834,2461
chr3,11170000,1,0.6913,11180000,1298,1986,2822
chr3,11180000,1,0.6141,11190000,922,1489,1838
chr3,11190000,0.99455,0.6801,11200000,1322,1885,2741
chr3,11200000,0.873652,0.5815,11210000,773,1314,1925
chr3,11210000,0.704577,0.5473,11220000,541,781,1250
chr3,11220000,0.976823,0.6858,11230000,1646,2083,3298
chr3,11230000,1,0.6784,11240000,1305,2070,2817
chr3,11240000,1,0.6256,11250000,848,1389,1974
chr3,11250000,0.93945,0.6185,11260000,1173,1536,2185
chr3,11260000,0.974808,0.7071,11270000,1394,1806,2842
chr3,11270000,0.8673,0.6971,11280000,1213,1575,2333
chr3,11280000,1,0.614,11290000,957,1567,2015
chr3,11290000,1,0.6313,11300000,1088,1816,2403
chr3,11300000,0.943958,0.6446,11310000,1220,1799,2515
chr3,11310000,1,0.6767,11320000,1350,2111,2786
chr3,11320000,0.966492,0.6484,11330000,1214,1825,2791
chr3,11330000,1,0.663,11340000,1284,1984,2779
chr3,11340000,0.985426,0.6498,11350000,1185,1670,2654
chr3,11350000,0.976083,0.6659,11360000,1243,2000,2790
chr3,11360000,1,0.6225,11370000,1061,1673,2124
chr3,11370000,0.99295,0.6263,11380000,1772,2351,2835
chr3,11380000,0.978889,0.6544,11390000,1911,2453,3377
chr3,11390000,0.82485,0.6522,11400000,751,1090,1849
chr3,11400000,0.810124,0.6575,11410000,891,1223,2096
chr3,11410000,0.992163,0.6727,11420000,1302,1991,2881
chr3,11420000,0.9996,0.6829,11430000,2450,2851,3691
chr3,11430000,0.821983,0.6463,11440000,818,1338,1965
chr3,11440000,0.996533,0.6607,11450000,1391,1956,2841
chr3,11450000,0.99185,0.6839,11460000,1453,2039,3249
chr3,11460000,0.9925,0.6429,11470000,828,1290,1707
chr3,11470000,1,0.6108,11480000,589,941,1292
chr3,11480000,0.966967,0.687,11490000,1839,2321,3423
chr3,11490000,1,0.6333,11500000,1114,1886,2346
chr3,11500000,0.975317,0.6516,11510000,1175,1844,2606
chr3,11510000,0.976228,0.7081,11520000,1400,2117,3211
chr3,11520000,0.99725,0.6489,11530000,1370,1953,2789
chr3,11530000,0.976112,0.6773,11540000,1350,2032,2698
chr3,11540000,0.921157,0.6952,11550000,1290,1887,3017
chr3,11550000,1,0.6369,11560000,1351,1941,2644
chr3,11560000,1,0.6155,11570000,960,1639,1983
chr3,11570000,1,0.6333,11580000,647,762,1335
chr3,11580000,0.988,0.624,11590000,503,574,1053
chr3,11590000,0.928225,0.6814,11600000,624,580,1442
chr3,11600000,0.9986,0.682,11610000,669,637,1504
chr3,11610000,1,0.7073,11620000,874,781,1761
chr3,11620000,1,0.6493,11630000,386,474,879
chr3,11630000,0.991189,0.6507,11640000,955,906,1466
chr3,11640000,0.9707,0.6209,11650000,1458,1646,1718
chr3,11650000,0.98145,0.6473,11660000,2676,2749,2649
chr3,11660000,0.86055,0.6345,11670000,413,393,890
chr3,11670000,0.984783,0.665,11680000,696,684,1439
chr3,11680000,0.963085,0.6675,11690000,789,722,1491
chr3,11690000,1,0.6016,11700000,521,544,1179
chr3,11700000,0.994278,0.6214,11710000,539,558,1138
chr3,11710000,0.91535,0.655,11720000,1108,1047,1401
chr3,11720000,0.873967,0.6349,11730000,633,625,1070
chr3,11730000,1,0.6271,11740000,535,602,1095
chr3,11740000,1,0.64,11750000,700,703,1189
chr3,11750000,1,0.6186,11760000,535,563,1093
chr3,11760000,0.980999,0.5233,11770000,795,662,1033
chr3,11770000,0.98022,0.6232,11780000,549,577,1232
chr3,11780000,1,0.6647,11790000,692,708,1351
chr3,11790000,0.986703,0.6806,11800000,649,592,1379
chr3,11800000,1,0.6669,11810000,687,728,1315
chr3,11810000,0.936441,0.7043,11820000,680,627,1515
chr3,11820000,0.953497,0.6301,11830000,565,544,1199
chr3,11830000,0.999667,0.6681,11840000,709,661,1428
chr3,11840000,1,0.6141,11850000,539,559,994
chr3,11850000,0.879664,0.6342,11860000,759,615,1466
chr3,11860000,0.942017,0.6383,11870000,593,576,1232
chr3,11870000,0.977882,0.679,11880000,798,625,1610
chr3,11880000,0.98936,0.6354,11890000,560,559,1140
chr3,11890000,0.994117,0.6782,11900000,691,679,1489
chr3,11900000,0.977914,0.6494,11910000,564,611,1251
chr3,11910000,0.92545,0.6349,11920000,531,514,1043
chr3,11920000,0.97435,0.6813,11930000,894,826,1531
chr3,11930000,1,0.6914,11940000,692,664,1533
chr3,11940000,0.982132,0.6619,11950000,611,627,1381
chr3,11950000,0.929574,0.618,11960000,784,695,1295
chr3,11960000,0.994717,0.5804,11970000,748,691,1088
chr3,11970000,0.77733,0.6129,11980000,469,511,975
chr3,11980000,0.908338,0.6047,11990000,535,491,1008
chr3,11990000,0.99335,0.5738,12000000,543,574,1029
chr3,12000000,0.988894,0.5815,12010000,567,558,1047
chr3,12010000,0.930773,0.6012,12020000,820,881,1248
chr3,12020000,0.935315,0.577,12030000,663,617,945
chr3,12030000,0.890335,0.5757,12040000,498,430,947
chr3,12040000,0.966423,0.5549,12050000,862,892,1282
chr3,12050000,0.91371,0.5713,12060000,495,425,931
chr3,12060000,0.987583,0.6018,12070000,523,528,1079
chr3,12070000,0.9906,0.5678,12080000,559,591,1007
chr3,12080000,0.951385,0.6382,12090000,560,552,1205
chr3,12090000,0.99995,0.6221,12100000,538,548,1042
chr3,12100000,0.97424,0.621,12110000,730,708,1287
chr3,12110000,0.99885,0.5919,12120000,635,680,1126
chr3,12120000,0.984379,0.6329,12130000,727,692,1273
chr3,12130000,0.680869,0.6561,12140000,655,518,1117
chr3,12140000,0.338266,0.6551,12150000,148,147,412
chr3,12150000,0.28399,0.6562,12160000,90,86,197
chr3,12160000,0.193034,0.5611,12170000,26,17,53
chr3,12170000,0.251298,0.66,12180000,75,91,197
chr3,12180000,0.222851,0.6637,12190000,54,55,120
chr3,12190000,0.208117,0.5543,12200000,22,22,59
chr3,12200000,0.219592,0.6533,12210000,30,27,66
chr3,12210000,0.244605,0.6782,12220000,52,53,162
chr3,12220000,0.261276,0.5513,12230000,62,55,110
chr3,12230000,0.284955,0.6487,12240000,86,88,231
chr3,12240000,0.332225,0.6713,12250000,126,115,310
chr3,12250000,0.319939,0.5504,12260000,68,48,201
chr3,12260000,0.311342,0.6471,12270000,149,117,280
chr3,12270000,0.328176,0.6804,12280000,137,98,334
chr3,12280000,0.270417,0.5679,12290000,53,55,140
chr3,12290000,0.250566,0.6209,12300000,66,68,148
chr3,12300000,0.303153,0.6746,12310000,124,103,278
chr3,12310000,0.293011,0.5973,12320000,108,68,204
chr3,12320000,0.330582,0.611,12330000,96,86,221
chr3,12330000,0.300253,0.6698,12340000,113,109,290
chr3,12340000,0.314658,0.6068,12350000,89,95,239
chr3,12350000,0.310563,0.6044,12360000,103,113,254
chr3,12360000,0.314346,0.6561,12370000,128,132,241
chr3,12370000,0.335591,0.6264,12380000,124,138,361
chr3,12380000,0.433066,0.5876,12390000,148,140,362
chr3,12390000,0.612096,0.6606,12400000,482,406,879
chr3,12400000,0.99895,0.6449,12410000,597,591,1342
chr3,12410000,1,0.6433,12420000,618,647,1483
chr3,12420000,1,0.5907,12430000,452,523,943
chr3,12430000,0.962045,0.6471,12440000,593,600,1272
chr3,12440000,0.819747,0.4989,12450000,224,197,560
chr3,12450000,0.98825,0.6824,12460000,704,658,1475
chr3,12460000,0.974814,0.656,12470000,609,602,1309
chr3,12470000,0.964217,0.673,12480000,752,797,1343
chr3,12480000,0.9863,0.6486,12490000,581,628,1212
chr3,12490000,0.935402,0.6677,12500000,761,729,1486
chr3,12500000,1,0.6398,12510000,592,628,1335
chr3,12510000,1,0.6662,12520000,626,655,1373
chr3,12520000,1,0.6331,12530000,570,593,1234
chr3,12530000,0.996445,0.6499,12540000,630,630,1442
chr3,12540000,0.988953,0.6708,12550000,612,637,1435
chr3,12550000,0.978233,0.6578,12560000,599,607,1470
chr3,12560000,0.99645,0.6459,12570000,578,629,1243
chr3,12570000,1,0.6554,12580000,646,630,1379
chr3,12580000,1,0.6126,12590000,516,560,1152
chr3,12590000,1,0.6276,12600000,525,534,1163
chr3,12600000,0.991022,0.6791,12610000,683,649,1425
chr3,12610000,1,0.6288,12620000,832,907,1299
chr3,12620000,1,0.6517,12630000,605,587,1238
chr3,12630000,1,0.6629,12640000,625,679,1363
chr3,12640000,0.9929,0.6737,12650000,661,713,1429
chr3,12650000,0.966742,0.7445,12660000,878,795,1889
chr3,12660000,0.893917,0.6585,12670000,716,648,1276
chr3,12670000,1,0.6619,12680000,687,665,1349
chr3,12680000,1,0.6607,12690000,689,700,1516
chr3,12690000,1,0.6204,12700000,687,775,1206
chr3,12700000,1,0.6177,12710000,522,634,1092
chr3,12710000,1,0.6275,12720000,469,480,1094
chr3,12720000,0.971917,0.6656,12730000,672,629,1382
chr3,12730000,0.984736,0.655,12740000,882,848,1629
chr3,12740000,0.99715,0.5591,12750000,600,655,1045
chr3,12750000,0.9751,0.6308,12760000,540,582,1185
chr3,12760000,0.99545,0.6466,12770000,569,611,1225
chr3,12770000,0.99775,0.7112,12780000,830,771,1735
chr3,12780000,0.9997,0.5673,12790000,734,719,1252
chr3,12790000,0.980275,0.632,12800000,679,705,1243
chr3,12800000,1,0.6078,12810000,481,515,985
chr3,12810000,0.997992,0.6325,12820000,560,606,1228
chr3,12820000,1,0.6557,12830000,619,634,1288
chr3,12830000,0.99895,0.6598,12840000,674,655,1464
chr3,12840000,1,0.6956,12850000,1103,983,1798
chr3,12850000,0.99055,0.6659,12860000,1215,1324,1621
chr3,12860000,0.9873,0.6381,12870000,1117,1321,1508
chr3,12870000,0.99485,0.7141,12880000,1030,920,1921
chr3,12880000,1,0.6551,12890000,620,630,1319
chr3,12890000,0.958315,0.6756,12900000,671,640,1579
chr3,12900000,0.996293,0.6294,12910000,619,654,1264
chr3,12910000,0.883308,0.6929,12920000,613,545,1347
chr3,12920000,0.76195,0.5494,12930000,220,236,532
chr3,12930000,0.981683,0.6856,12940000,702,685,1499
chr3,12940000,0.9658,0.5995,12950000,777,677,1283
chr3,12950000,0.939308,0.6217,12960000,1033,839,1404
chr3,12960000,0.877903,0.6033,12970000,462,412,989
chr3,12970000,0.99295,0.6308,12980000,579,624,1211
chr3,12980000,0.986518,0.6458,12990000,659,662,1295
chr3,12990000,0.99765,0.6282,13000000,518,537,1107
chr3,13000000,0.960971,0.6622,13010000,591,491,1078
chr3,13010000,0.918962,0.6684,13020000,1166,1125,1505
chr3,13020000,0.925859,0.6512,13030000,3541,3651,3193
chr3,13030000,0.995,0.5501,13040000,641,751,1086
chr3,13040000,0.875696,0.611,13050000,677,666,1225
chr3,13050000,0.949378,0.6239,13060000,477,560,949
chr3,13060000,0.99796,0.6412,13070000,864,1063,1333
chr3,13070000,0.9979,0.6168,13080000,2340,2241,2662
chr3,13080000,0.953208,0.6904,13090000,783,739,1484
chr3,13090000,0.968907,0.6392,13100000,687,720,1189
chr3,13100000,0.995081,0.6544,13110000,601,583,1415
chr3,13110000,1,0.6487,13120000,591,716,1146
chr3,13120000,0.855153,0.6232,13130000,441,485,998
chr3,13130000,1,0.6447,13140000,588,683,1372
chr3,13140000,0.993508,0.6445,13150000,655,725,1325
chr3,13150000,0.963113,0.6309,13160000,541,585,1117
chr3,13160000,0.99835,0.6222,13170000,590,572,1229
chr3,13170000,1,0.579,13180000,487,529,1092
chr3,13180000,0.9973,0.681,13190000,734,775,1570
chr3,13190000,0.986017,0.6927,13200000,766,699,1553
chr3,13200000,0.966201,0.7023,13210000,771,705,1759
chr3,13210000,0.795486,0.6518,13220000,475,434,1066
chr3,13220000,0.99835,0.6473,13230000,660,675,1332
chr3,13230000,1,0.5969,13240000,505,525,1123
chr3,13240000,1,0.674,13250000,684,690,1479
chr3,13250000,0.98989,0.6683,13260000,733,775,1649
chr3,13260000,1,0.6305,13270000,531,577,1110
chr3,13270000,0.978067,0.6534,13280000,685,689,1456
chr3,13280000,0.941385,0.6443,13290000,676,656,1363
chr3,13290000,0.962183,0.6273,13300000,608,540,1254
chr3,13300000,0.99595,0.6318,13310000,514,559,1165
chr3,13310000,0.9914,0.6566,13320000,614,683,1511
chr3,13320000,1,0.6863,13330000,701,696,1556
chr3,13330000,1,0.6061,13340000,487,570,1067
chr3,13340000,1,0.6478,13350000,657,696,1310
chr3,13350000,0.995092,0.6389,13360000,617,633,1349
chr3,13360000,0.9973,0.6358,13370000,563,602,1207
chr3,13370000,0.97955,0.6646,13380000,1376,1295,2032
chr3,13380000,0.966278,0.6267,13390000,609,592,1387
chr3,13390000,0.756745,0.6307,13400000,346,381,753
chr3,13400000,0.861074,0.6283,13410000,588,690,1116
chr3,13410000,0.924928,0.6446,13420000,713,654,1349
chr3,13420000,0.87905,0.6507,13430000,623,608,1211
chr3,13430000,0.919283,0.639,13440000,508,526,1159
chr3,13440000,0.997438,0.6348,13450000,565,641,1139
chr3,13450000,0.721243,0.6326,13460000,351,367,792
chr3,13460000,1,0.6748,13470000,851,879,1711
chr3,13470000,0.993517,0.6741,13480000,780,734,1551
chr3,13480000,0.993783,0.6469,13490000,1001,1057,1666
chr3,13490000,0.700507,0.5933,13500000,324,351,686
chr3,13500000,0.982546,0.666,13510000,704,680,1390
chr3,13510000,0.9995,0.6695,13520000,769,679,1653
chr3,13520000,0.951353,0.5933,13530000,792,878,1141
chr3,13530000,0.667816,0.5886,13540000,536,540,829
chr3,13540000,1,0.6402,13550000,533,610,1155
chr3,13550000,0.906234,0.6098,13560000,542,525,1041
chr3,13560000,0.737916,0.5156,13570000,209,242,584
chr3,13570000,0.9966,0.6494,13580000,688,742,1274
chr3,13580000,0.905667,0.6362,13590000,462,520,977
chr3,13590000,0.943565,0.6381,13600000,643,668,1322
chr3,13600000,0.921828,0.6266,13610000,2655,4399,2870
chr3,13610000,0.67619,0.6145,13620000,339,338,688
chr3,13620000,0.924827,0.6847,13630000,762,710,1484
chr3,13630000,0.9929,0.6647,13640000,631,630,1373
chr3,13640000,1,0.6398,13650000,613,628,1185
chr3,13650000,1,0.6153,13660000,520,555,1090
chr3,13660000,0.93955,0.6524,13670000,627,591,1251
chr3,13670000,0.941533,0.6601,13680000,649,615,1438
chr3,13680000,0.9777,0.6982,13690000,823,811,1754
chr3,13690000,0.944975,0.6519,13700000,545,539,1266
chr3,13700000,0.833633,0.7393,13710000,651,619,1443
chr3,13710000,0.865867,0.6439,13720000,621,623,1076
chr3,13720000,0.8939,0.6438,13730000,563,594,1054
chr3,13730000,0.912433,0.637,13740000,444,483,1013
chr3,13740000,0.998433,0.6402,13750000,571,621,1246
chr3,13750000,0.997867,0.7124,13760000,768,714,1642
chr3,13760000,1,0.64,13770000,607,633,1217
chr3,13770000,0.98255,0.6415,13780000,562,565,1289
chr3,13780000,0.99675,0.6458,13790000,635,649,1233
chr3,13790000,0.981892,0.5669,13800000,576,644,1055
chr3,13800000,0.956815,0.5945,13810000,598,559,1195
chr3,13810000,0.926608,0.7164,13820000,993,882,1717
chr3,13820000,0.950992,0.6939,13830000,704,626,1463
chr3,13830000,0.92586,0.6379,13840000,584,532,1172
chr3,13840000,0.99555,0.6859,13850000,783,819,1613
chr3,13850000,0.825691,0.6016,13860000,384,428,823
chr3,13860000,0.9692,0.6341,13870000,611,688,1459
chr3,13870000,0.973942,0.6732,13880000,1190,1142,1778
chr3,13880000,0.9893,0.623,13890000,492,520,1124
chr3,13890000,0.99905,0.6905,13900000,750,708,1643
chr3,13900000,1,0.6516,13910000,663,693,1419
chr3,13910000,1,0.6294,13920000,592,607,1200
chr3,13920000,1,0.6447,13930000,560,635,1250
chr3,13930000,0.9955,0.6825,13940000,1244,1224,2118
chr3,13940000,0.999911,0.6855,13950000,716,731,1609
chr3,13950000,0.9824,0.634,13960000,519,488,1153
chr3,13960000,0.9996,0.6943,13970000,693,659,1545
chr3,13970000,0.9981,0.6801,13980000,690,641,1416
chr3,13980000,0.99865,0.6592,13990000,718,823,1350
chr3,13990000,0.98825,0.7067,14000000,951,906,1609
chr3,14000000,0.604658,0.6421,14010000,272,272,625
chr3,14010000,0.448926,0.6436,14020000,94,105,221
chr3,14020000,0.862883,0.6733,14030000,562,548,1330
chr3,14030000,0.974061,0.5619,14040000,510,549,1034
chr3,14040000,0.996167,0.641,14050000,653,671,1307
chr3,14050000,0.9936,0.6968,14060000,850,764,1677
chr3,14060000,0.944052,0.6342,14070000,614,629,1212
chr3,14070000,0.961011,0.5991,14080000,454,465,1040
chr3,14080000,0.589507,0.5037,14090000,170,180,387
chr3,14090000,0.867336,0.5693,14100000,413,420,877
chr3,14100000,0.632613,0.6142,14110000,760,679,1069
chr3,14110000,0.77185,0.6456,14120000,415,418,906
chr3,14120000,0.48345,0.6757,14130000,128,138,358
chr3,14130000,0.4656,0.6363,14140000,73,62,208
chr3,14140000,0.465547,0.6192,14150000,48,42,114
chr3,14150000,0.405283,0.6827,14160000,47,46,113
chr3,14160000,0.436533,0.6233,14170000,28,30,75
chr3,14170000,0.441547,0.6365,14180000,64,60,137
chr3,14180000,0.443416,0.6771,14190000,63,66,234
chr3,14190000,0.6609,0.6297,14200000,327,349,623
chr3,14200000,0.986583,0.5942,14210000,595,532,1007
chr3,14210000,0.964063,0.586,14220000,485,482,917
chr3,14220000,0.947465,0.659,14230000,596,625,1283
chr3,14230000,0.984997,0.623,14240000,582,571,1170
chr3,14240000,0.90995,0.6651,14250000,541,507,1053
chr3,14250000,0.887722,0.6392,14260000,458,476,979
chr3,14260000,0.974183,0.6709,14270000,614,583,1269
chr3,14270000,0.93854,0.6894,14280000,693,711,1447
chr3,14280000,0.939305,0.5954,14290000,575,591,1014
chr3,14290000,0.97085,0.5989,14300000,521,472,1067
chr3,14300000,0.973972,0.619,14310000,635,614,1256
chr3,14310000,0.757663,0.6274,14320000,352,327,827
chr3,14320000,0.722925,0.613,14330000,262,303,591
chr3,14330000,0.980267,0.6311,14340000,528,536,1149
chr3,14340000,0.98358,0.6917,14350000,713,707,1489
chr3,14350000,0.9992,0.6412,14360000,722,746,1341
chr3,14360000,0.98305,0.6452,14370000,683,676,1553
chr3,14370000,0.977567,0.6986,14380000,810,733,1638
chr3,14380000,1,0.6573,14390000,639,627,1335
chr3,14390000,1,0.6552,14400000,634,633,1296
chr3,14400000,0.918915,0.5594,14410000,313,398,780
chr3,14410000,0.988908,0.6174,14420000,553,640,1167
chr3,14420000,0.986672,0.6146,14430000,586,612,1117
chr3,14430000,0.976109,0.653,14440000,712,641,1273
chr3,14440000,0.940837,0.6215,14450000,543,514,1169
chr3,14450000,1,0.6713,14460000,627,650,1361
chr3,14460000,0.979447,0.7349,14470000,842,797,1921
chr3,14470000,1,0.6598,14480000,625,718,1339
chr3,14480000,0.936438,0.6477,14490000,724,622,1202
chr3,14490000,0.677693,0.5975,14500000,365,367,790
chr3,14500000,0.801744,0.6457,14510000,471,418,978
chr3,14510000,0.98706,0.5855,14520000,475,547,1000
chr3,14520000,0.875345,0.6447,14530000,482,472,1084
chr3,14530000,0.98514,0.6208,14540000,599,597,1112
chr3,14540000,1,0.6852,14550000,708,670,1420
chr3,14550000,0.9982,0.6455,14560000,594,601,1236
chr3,14560000,1,0.6502,14570000,539,620,1147
chr3,14570000,0.86874,0.6632,14580000,636,538,1163
chr3,14580000,1,0.6582,14590000,663,664,1434
chr3,14590000,0.994442,0.5504,14600000,429,475,998
chr3,14600000,0.9894,0.6625,14610000,648,659,1378
chr3,14610000,0.945702,0.5909,14620000,410,413,957
chr3,14620000,1,0.6346,14630000,592,648,1245
chr3,14630000,0.975947,0.6816,14640000,739,663,1532
chr3,14640000,1,0.6796,14650000,725,731,1396
chr3,14650000,0.930295,0.7066,14660000,675,673,1680
chr3,14660000,0.96375,0.6584,14670000,522,554,1191
chr3,14670000,0.930617,0.6967,14680000,689,655,1478
chr3,14680000,0.996792,0.7015,14690000,793,685,1499
chr3,14690000,0.970975,0.6765,14700000,621,717,1441
chr3,14700000,1,0.6698,14710000,1150,950,1635
chr3,14710000,0.974617,0.7148,14720000,900,813,1791
chr3,14720000,0.991447,0.6814,14730000,806,799,1623
chr3,14730000,0.939233,0.6126,14740000,466,419,982
chr3,14740000,1,0.6918,14750000,733,671,1555
chr3,14750000,0.673273,0.6207,14760000,213,222,517
chr3,14760000,0.938456,0.6585,14770000,510,519,1231
chr3,14770000,0.814033,0.5272,14780000,93410,146585,100211
chr3,14780000,0.984467,0.5973,14790000,527349,684841,534853
chr3,14790000,0.911033,0.6451,14800000,389474,462220,415847
chr3,14800000,0.9757,0.6436,14810000,367983,437145,366120
chr3,14810000,0.717792,0.6834,14820000,110715,112303,134439
chr3,14820000,0.632942,0.6543,14830000,89720,92634,108735
chr3,14830000,0.783108,0.671,14840000,199830,221296,204653
chr3,14840000,0.9229,0.6149,14850000,238898,299370,242678
chr3,14850000,0.8912,0.6655,14860000,217182,250676,227178
chr3,14860000,0.667383,0.6442,14870000,67144,87450,68370
chr3,14870000,0.6726,0.6888,14880000,73961,73125,91255
chr3,14880000,0.827433,0.6201,14890000,11699,13161,12081
chr3,14890000,1,0.6339,14900000,545,577,1129
chr3,14900000,0.9991,0.5813,14910000,460,492,964
chr3,14910000,0.99143,0.621,14920000,598,567,1431
chr3,14920000,0.932261,0.6676,14930000,607,595,1261
chr3,14930000,0.99605,0.6029,14940000,543,554,1169
chr3,14940000,0.982756,0.6391,14950000,735,708,1313
chr3,14950000,0.99745,0.6071,14960000,610,561,1251
chr3,14960000,0.9896,0.5506,14970000,456,448,994
chr3,14970000,0.99031,0.6899,14980000,812,695,1638
chr3,14980000,0.9776,0.6836,14990000,664,727,1472
chr3,14990000,0.99405,0.5971,15000000,648,607,1187
chr3,15000000,0.956072,0.6294,15010000,627,710,1230
chr3,15010000,1,0.6209,15020000,580,602,1237
chr3,15020000,0.930355,0.6541,15030000,536,638,1150
chr3,15030000,0.897402,0.6528,15040000,691,573,1275
chr3,15040000,0.994675,0.608,15050000,615,596,1223
chr3,15050000,0.993352,0.6387,15060000,545,528,1116
chr3,15060000,0.9999,0.6734,15070000,829,810,1595
chr3,15070000,1,0.7122,15080000,980,940,1873
chr3,15080000,0.944708,0.63,15090000,588,640,1093
chr3,15090000,0.90735,0.5938,15100000,422,385,745
chr3,15100000,0.992679,0.7301,15110000,940,859,1807
chr3,15110000,0.315721,0.755,15120000,169,166,491
chr3,15120000,0.86415,0.6273,15130000,715,732,1166
chr3,15130000,0.96465,0.6579,15140000,686,698,1354
chr3,15140000,0.984183,0.5104,15150000,376,401,831
chr3,15150000,0.940955,0.6093,15160000,482,452,1150
chr3,15160000,0.884124,0.5781,15170000,363,308,866
chr3,15170000,0.99385,0.5814,15180000,476,454,1033
chr3,15180000,0.978045,0.5648,15190000,401,390,833
chr3,15190000,0.912035,0.5837,15200000,404,395,998
chr3,15200000,0.709125,0.6173,15210000,401,389,696
chr3,15210000,0.902373,0.6002,15220000,492,469,940
chr3,15220000,1,0.6032,15230000,450,483,935
chr3,15230000,0.893109,0.6307,15240000,604,530,1067
chr3,15240000,0.954881,0.6184,15250000,455,490,1066
chr3,15250000,0.987389,0.7103,15260000,843,784,1899
chr3,15260000,1,0.6289,15270000,493,490,961
chr3,15270000,0.700233,0.6548,15280000,353,361,804
chr3,15280000,0.600293,0.6644,15290000,278,279,598
chr3,15290000,0.885737,0.6341,15300000,567,541,1116
chr3,15300000,0.544936,0.5942,15310000,274,251,637
chr3,15310000,0.971065,0.6414,15320000,2042,1779,1829
chr3,15320000,0.891242,0.6115,15330000,1159,976,1319
chr3,15330000,0.889811,0.5986,15340000,403,428,824
chr3,15340000,0.843082,0.5963,15350000,374,386,762
chr3,15350000,0.49466,0.577,15360000,223,195,505
chr3,15360000,0.577158,0.5734,15370000,203,189,486
chr3,15370000,0.915272,0.5809,15380000,356,367,838
chr3,15380000,0.971033,0.5492,15390000,575,462,978
chr3,15390000,0.555663,0.5776,15400000,207,186,459
chr3,15400000,0.744639,0.5449,15410000,285,228,609
chr3,15410000,0.9567,0.5883,15420000,425,371,862
chr3,15420000,0.33842,0.5883,15430000,171,151,349
chr3,15430000,0.819994,0.5882,15440000,385,347,722
chr3,15440000,0.989883,0.5438,15450000,929,928,1310
chr3,15450000,0.992658,0.6068,15460000,474,513,1002
chr3,15460000,1,0.662,15470000,633,571,1301
chr3,15470000,1,0.6285,15480000,511,535,1048
chr3,15480000,0.962042,0.6204,15490000,508,481,1186
chr3,15490000,0.860867,0.6449,15500000,389,377,948
chr3,15500000,0.982916,0.6284,15510000,581,551,1204
chr3,15510000,0.713428,0.6194,15520000,655,629,834
chr3,15520000,0.70355,0.6221,15530000,459,527,708
chr3,15530000,0.820187,0.5923,15540000,677,649,984
chr3,15540000,0.850985,0.592,15550000,479,473,887
chr3,15550000,0.779083,0.5701,15560000,301,272,669
chr3,15560000,0.843315,0.5649,15570000,798,806,870
chr3,15570000,0.698627,0.5953,15580000,263,264,563
chr3,15580000,0.567044,0.5912,15590000,233,234,430
chr3,15590000,0.73327,0.6002,15600000,476,410,613
chr3,15600000,0.265468,0.6161,15610000,146,130,162
chr3,15610000,0.323345,0.6174,15620000,193,161,294
chr3,15620000,0.468169,0.6166,15630000,338,339,445
chr3,15630000,0.509982,0.6156,15640000,645,684,644
chr3,15640000,0.399454,0.6146,15650000,642,512,475
chr3,15650000,0.459883,0.6151,15660000,291,315,398
chr3,15660000,0.352975,0.6122,15670000,345,328,326
chr3,15670000,0.469013,0.6108,15680000,395,449,462
chr3,15680000,0.479449,0.6149,15690000,256,263,353
chr3,15690000,0.554615,0.5955,15700000,227,239,310
chr3,15700000,0.485688,0.5606,15710000,145,175,152
chr3,15710000,0.232285,0.6071,15720000,145,140,134
chr3,15720000,0.169413,0.5969,15730000,30,22,32
chr3,15730000,0.283902,0.619,15740000,96,94,142
chr3,15740000,0.302479,0.616,15750000,121,117,176
chr3,15750000,0.26152,0.6207,15760000,74,67,88
chr3,15760000,0.32496,0.6175,15770000,138,125,168
chr3,15770000,0.171484,0.6151,15780000,90,80,80
chr3,15780000,0.108853,0.6141,15790000,41,27,59
chr3,15790000,0.15479,0.6155,15800000,101,107,119
chr3,15800000,0.248834,0.6159,15810000,113,105,101
chr3,15810000,0.23176,0.6175,15820000,231,273,257
chr3,15820000,0.20696,0.6141,15830000,178,174,197
chr3,15830000,0.147722,0.6151,15840000,600,612,315
chr3,15840000,0.103029,0.6151,15850000,197,213,156
chr3,15850000,0.297951,0.6153,15860000,323,333,191
chr3,15860000,0.342406,0.6177,15870000,113,167,149
chr3,15870000,0.257679,0.6158,15880000,45,43,51
chr3,15880000,0.193137,0.6184,15890000,31,32,47
chr3,15890000,0.334344,0.6186,15900000,69,46,98
chr3,15900000,0.31808,0.6153,15910000,737,854,459
chr3,15910000,0.292733,0.6116,15920000,80,82,118
chr3,15920000,0.208471,0.6132,15930000,64,70,124
chr3,15930000,0.140586,0.6147,15940000,32,30,42
chr3,15940000,0.176069,0.5914,15950000,32,29,52
chr3,15950000,0.24925,0.6146,15960000,55,68,83
chr3,15960000,0.281652,0.59,15970000,25,31,62
chr3,15970000,0.279628,0.6137,15980000,56,49,75
chr3,15980000,0.249419,0.6064,15990000,106,99,123
chr3,15990000,0.21231,0.5888,16000000,49,35,65
chr3,16000000,0.266268,0.615,16010000,98,90,137
chr3,16010000,0.253385,0.5905,16020000,66,64,126
chr3,16020000,0.216421,0.5968,16030000,35,25,62
chr3,16030000,0.142175,0.5776,16040000,21,12,27
chr3,16040000,0.207087,0.6022,16050000,50,57,93
chr3,16050000,0.300349,0.6149,16060000,207,186,183
chr3,16060000,0.261677,0.5866,16070000,78,74,142
chr3,16070000,0.186922,0.5736,16080000,3,5,17
chr3,16080000,0.196655,0.5897,16090000,24,22,60
chr3,16090000,0.267659,0.6165,16100000,77,69,104
chr3,16100000,0.264598,0.617,16110000,68,82,154
chr3,16110000,0.211733,0.5942,16120000,52,45,70
chr3,16120000,0.144996,0.617,16130000,71,82,113
chr3,16130000,0.184003,0.606,16140000,520,530,323
chr3,16140000,0.200097,0.6047,16150000,93,93,166
chr3,16150000,0.160684,0.6118,16160000,61,57,77
chr3,16160000,0.232833,0.6118,16170000,209,196,197
chr3,16170000,0.174318,0.6152,16180000,199,180,176
chr3,16180000,0.233798,0.6118,16190000,122,99,123
chr3,16190000,0.282291,0.6189,16200000,349,335,261
chr3,16200000,0.163389,0.6158,16210000,53,45,92
chr3,16210000,0.157147,0.5946,16220000,54,50,66
chr3,16220000,0.26221,0.6196,16230000,87,81,169
chr3,16230000,0.147141,0.6158,16240000,56,35,73
chr3,16240000,0.127763,0.6203,16250000,36,41,63
chr3,16250000,0.227058,0.6192,16260000,217,195,265
chr3,16260000,0.297778,0.5984,16270000,75,70,190
chr3,16270000,0.273327,0.5784,16280000,41,53,126
chr3,16280000,0.179341,0.5827,16290000,7,7,23
chr3,16290000,0.239893,0.5926,16300000,85,71,127
chr3,16300000,0.188299,0.6164,16310000,57,47,115
chr3,16310000,0.204412,0.6029,16320000,31,23,44
chr3,16320000,0.176574,0.6015,16330000,17,11,35
chr3,16330000,0.185739,0.5902,16340000,98,65,108
chr3,16340000,0.162888,0.5879,16350000,17,15,45
chr3,16350000,0.158938,0.6007,16360000,30,20,66
chr3,16360000,0.142643,0.6144,16370000,86,79,122
chr3,16370000,0.132519,0.6165,16380000,71,62,134
chr3,16380000,0.156812,0.6156,16390000,292,335,213
chr3,16390000,0.081847,0.6148,16400000,90,76,106
chr3,16400000,0.132441,0.6148,16410000,136,105,176
chr3,16410000,0.190333,0.6032,16420000,51,41,96
chr3,16420000,0.193777,0.6035,16430000,104,77,133
chr3,16430000,0.126647,0.6162,16440000,131,102,105
chr3,16440000,0.128979,0.6147,16450000,253,209,260
chr3,16450000,0.102991,0.6137,16460000,94,98,114
chr3,16460000,0.14507,0.6126,16470000,57,58,89
chr3,16470000,0.177845,0.615,16480000,101,118,191
chr3,16480000,0.145314,0.6151,16490000,103,100,113
chr3,16490000,0.15218,0.6151,16500000,197,213,184
chr3,16500000,0.125787,0.6156,16510000,85,75,142
chr3,16510000,0.153046,0.6168,16520000,388,270,276
chr3,16520000,0.199076,0.6148,16530000,234,209,222
chr3,16530000,0.246901,0.6184,16540000,74,90,128
chr3,16540000,0.158388,0.6132,16550000,46,30,80
chr3,16550000,0.278767,0.5945,16560000,63,57,144
chr3,16560000,0.140549,0.5817,16570000,10,18,41
chr3,16570000,0.190532,0.5943,16580000,35,23,42
chr3,16580000,0.149091,0.6092,16590000,59,44,105
chr3,16590000,0.077704,0.6128,16600000,66,46,72
chr3,16600000,0.149853,0.6143,16610000,114,78,141
chr3,16610000,0.133189,0.6134,16620000,71,63,128
chr3,16620000,0.16122,0.6133,16630000,79,72,110
chr3,16630000,0.0957148,0.6141,16640000,28,27,55
chr3,16640000,0.185039,0.6058,16650000,68,68,117
chr3,16650000,0.311605,0.589,16660000,43,59,47
chr3,16660000,0.333907,0.5946,16670000,30,37,68
chr3,16670000,0.264392,0.5736,16680000,37,30,54
chr3,16680000,0.151942,0.5854,16690000,14,12,46
chr3,16690000,0.258517,0.6024,16700000,207,226,159
chr3,16700000,0.186379,0.6077,16710000,72,94,73
chr3,16710000,0.26814,0.6147,16720000,73,63,118
chr3,16720000,0.287355,0.5836,16730000,56,61,107
chr3,16730000,0.166746,0.613,16740000,79,56,79
chr3,16740000,0.16988,0.614,16750000,90,63,119
chr3,16750000,0.121415,0.6097,16760000,82,54,98
chr3,16760000,0.0965607,0.618,16770000,60,79,83
chr3,16770000,0.139872,0.6201,16780000,79,56,103
chr3,16780000,0.0729583,0.6181,16790000,56,44,68
chr3,16790000,0.104859,0.62,16800000,77,92,123
chr3,16800000,0.120155,0.6193,16810000,47,60,81
chr3,16810000,0.173227,0.5875,16820000,20,24,44
chr3,16820000,0.192793,0.5946,16830000,26,21,49
chr3,16830000,0.195133,0.6008,16840000,61,45,91
chr3,16840000,0.461626,0.5851,16850000,97,119,103
chr3,16850000,0.446886,0.5112,16860000,55,48,88
chr3,16860000,0.431645,0.5466,16870000,131,108,216
chr3,16870000,0.212549,0.5966,16880000,51,36,70
chr3,16880000,0.253237,0.6097,16890000,87,91,121
chr3,16890000,0.231646,0.6168,16900000,127,129,97
chr3,16900000,0.295112,0.6199,16910000,184,213,186
chr3,16910000,0.279526,0.6201,16920000,135,121,145
chr3,16920000,0.304893,0.6184,16930000,116,124,144
chr3,16930000,0.206903,0.615,16940000,105,89,143
chr3,16940000,0.12044,0.6156,16950000,33,27,49
chr3,16950000,0.115973,0.6142,16960000,30,24,49
chr3,16960000,0.200832,0.6158,16970000,62,59,87
chr3,16970000,0.258411,0.6167,16980000,134,153,163
chr3,16980000,0.197558,0.6149,16990000,156,219,199
chr3,16990000,0.129234,0.6143,17000000,118,93,90
chr3,17000000,0.151295,0.6143,17010000,260,248,157
chr3,17010000,0.263645,0.6173,17020000,174,176,171
chr3,17020000,0.371712,0.6179,17030000,133,160,128
chr3,17030000,0.236136,0.6151,17040000,80,62,94
chr3,17040000,0.257122,0.6198,17050000,72,46,75
chr3,17050000,0.279618,0.6153,17060000,78,70,101
chr3,17060000,0.29517,0.6134,17070000,137,147,129
chr3,17070000,0.237328,0.6129,17080000,136,143,133
chr3,17080000,0.194328,0.6148,17090000,61,60,99
chr3,17090000,0.194019,0.5938,17100000,23,28,47
chr3,17100000,0.225354,0.613,17110000,52,52,70
chr3,17110000,0.302602,0.5895,17120000,48,39,88
chr3,17120000,0.262233,0.6149,17130000,52,56,75
chr3,17130000,0.281644,0.6126,17140000,83,103,107
chr3,17140000,0.190638,0.5835,17150000,31,30,82
chr3,17150000,0.278538,0.6138,17160000,141,160,199
chr3,17160000,0.280886,0.6064,17170000,98,98,146
chr3,17170000,0.200318,0.5943,17180000,20,12,33
chr3,17180000,0.148518,0.5726,17190000,10,12,26
chr3,17190000,0.186059,0.5948,17200000,22,32,77
chr3,17200000,0.295937,0.6144,17210000,186,212,216
chr3,17210000,0.242042,0.6171,17220000,91,85,101
chr3,17220000,0.207972,0.5606,17230000,16,23,54
chr3,17230000,0.156944,0.5827,17240000,6,5,17
chr3,17240000,0.261177,0.6054,17250000,77,89,100
chr3,17250000,0.22969,0.6182,17260000,73,61,100
chr3,17260000,0.204653,0.593,17270000,48,44,64
chr3,17270000,0.118229,0.6161,17280000,234,239,264
chr3,17280000,0.158368,0.6224,17290000,112,136,142
chr3,17290000,0.169882,0.6147,17300000,99,74,81
chr3,17300000,0.223931,0.6088,17310000,180,138,199
chr3,17310000,0.208853,0.6145,17320000,267,238,236
chr3,17320000,0.222051,0.6146,17330000,144,129,132
chr3,17330000,0.247378,0.616,17340000,40,46,66
chr3,17340000,0.171617,0.6187,17350000,58,62,87
chr3,17350000,0.177853,0.6136,17360000,36,31,82
chr3,17360000,0.217057,0.5972,17370000,177,205,243
chr3,17370000,0.194151,0.6195,17380000,70,68,109
chr3,17380000,0.151109,0.6157,17390000,139,169,111
chr3,17390000,0.212608,0.6186,17400000,347,264,253
chr3,17400000,0.220766,0.6156,17410000,58,57,90
chr3,17410000,0.305953,0.572,17420000,28,17,45
chr3,17420000,0.198275,0.5929,17430000,29,28,61
chr3,17430000,0.176676,0.5941,17440000,37,45,89
chr3,17440000,0.182386,0.6125,17450000,52,37,57
chr3,17450000,0.214091,0.6041,17460000,16,16,27
chr3,17460000,0.141699,0.5878,17470000,11,11,33
chr3,17470000,0.383609,0.5522,17480000,66,51,144
chr3,17480000,0.31855,0.5327,17490000,26,36,84
chr3,17490000,0.187571,0.5922,17500000,73,66,132
chr3,17500000,0.139397,0.6011,17510000,28,14,44
chr3,17510000,0.177139,0.6138,17520000,73,58,141
chr3,17520000,0.0970033,0.6163,17530000,62,36,85
chr3,17530000,0.174032,0.6156,17540000,76,78,120
chr3,17540000,0.104493,0.6151,17550000,61,73,141
chr3,17550000,0.171736,0.6149,17560000,192,156,225
chr3,17560000,0.212494,0.6097,17570000,128,96,177
chr3,17570000,0.169678,0.597,17580000,78,77,129
chr3,17580000,0.0741,0.6159,17590000,96,86,89
chr3,17590000,0.0869228,0.6147,17600000,75,71,92
chr3,17600000,0.145757,0.613,17610000,63,59,96
chr3,17610000,0.192798,0.6145,17620000,125,135,196
chr3,17620000,0.134901,0.6149,17630000,87,91,101
chr3,17630000,0.108023,0.6153,17640000,79,77,102
chr3,17640000,0.146773,0.6153,17650000,99,111,123
chr3,17650000,0.112346,0.6161,17660000,133,99,105
chr3,17660000,0.115345,0.615,17670000,23,29,50
chr3,17670000,0.226095,0.6178,17680000,67,40,96
chr3,17680000,0.185477,0.6141,17690000,34,18,53
chr3,17690000,0.20368,0.5957,17700000,39,39,80
chr3,17700000,0.139796,0.5834,17710000,10,16,35
chr3,17710000,0.197867,0.5916,17720000,30,39,67
chr3,17720000,0.110189,0.6088,17730000,57,43,84
chr3,17730000,0.0898308,0.6136,17740000,233,146,158
chr3,17740000,0.224285,0.6138,17750000,555,477,496
chr3,17750000,0.124257,0.6125,17760000,228,516,388
chr3,17760000,0.162007,0.614,17770000,38,37,76
chr3,17770000,0.15763,0.6133,17780000,83,81,141
chr3,17780000,0.248107,0.5961,17790000,45,32,83
chr3,17790000,0.386631,0.5923,17800000,42,40,90
chr3,17800000,0.228873,0.5733,17810000,23,26,75
chr3,17810000,0.217406,0.5742,17820000,13,21,24
chr3,17820000,0.264924,0.6031,17830000,60,47,130
chr3,17830000,0.220171,0.6052,17840000,68,53,101
chr3,17840000,0.234373,0.6188,17850000,367,372,240
chr3,17850000,0.269226,0.6027,17860000,59,52,117
chr3,17860000,0.362423,0.5879,17870000,138,135,274
chr3,17870000,0.244156,0.607,17880000,103,76,137
chr3,17880000,0.152131,0.6035,17890000,44,34,72
chr3,17890000,0.139179,0.6204,17900000,89,95,135
chr3,17900000,0.0940324,0.618,17910000,76,72,73
chr3,17910000,0.117785,0.6184,17920000,68,72,93
chr3,17920000,0.0837491,0.6197,17930000,67,62,87
chr3,17930000,0.120829,0.6201,17940000,45,46,80
chr3,17940000,0.171881,0.6035,17950000,55,45,78
chr3,17950000,0.16317,0.5791,17960000,20,14,32
chr3,17960000,0.268635,0.6089,17970000,47,61,127
chr3,17970000,0.16197,0.6104,17980000,129,123,131
chr3,17980000,0.1616,0.6215,17990000,117,108,136
chr3,17990000,0.271031,0.6206,18000000,174,168,253
chr3,18000000,0.191399,0.6211,18010000,221,182,253
chr3,18010000,0.235793,0.6128,18020000,107,120,197
chr3,18020000,0.277816,0.6092,18030000,103,98,191
chr3,18030000,0.306751,0.6217,18040000,152,151,284
chr3,18040000,0.475558,0.5954,18050000,455,379,611
chr3,18050000,0.294924,0.5852,18060000,188,172,293
chr3,18060000,0.309512,0.5071,18070000,103,81,119
chr3,18070000,0.34959,0.5659,18080000,133,121,342
chr3,18080000,0.417839,0.5946,18090000,583,544,662
chr3,18090000,0.394883,0.5844,18100000,158,150,376
chr3,18100000,0.296485,0.5882,18110000,470,387,453
chr3,18110000,0.359768,0.6058,18120000,174,142,378
chr3,18120000,0.24017,0.5699,18130000,60,53,152
chr3,18130000,0.547389,0.5913,18140000,289,278,540
chr3,18140000,0.393241,0.6212,18150000,224,214,336
chr3,18150000,0.340461,0.5982,18160000,107,99,190
chr3,18160000,0.284589,0.5762,18170000,100,89,187
chr3,18170000,0.335399,0.5919,18180000,139,142,362
chr3,18180000,0.272314,0.5778,18190000,100,95,221
chr3,18190000,0.374045,0.6035,18200000,302,268,406
chr3,18200000,0.238683,0.619,18210000,183,193,256
chr3,18210000,0.245029,0.6211,18220000,278,268,267
chr3,18220000,0.103934,0.5912,18230000,87,68,92
chr3,18230000,0.154874,0.597,18240000,122,85,171
chr3,18240000,0.175309,0.6069,18250000,190,216,260
chr3,18250000,0.278282,0.6206,18260000,635,629,550
chr3,18260000,0.179671,0.623,18270000,144,160,170
chr3,18270000,0.154624,0.6223,18280000,131,128,146
chr3,18280000,0.0886051,0.62,18290000,83,99,113
chr3,18290000,0.0726082,0.6209,18300000,97,56,105
chr3,18300000,0.253189,0.6182,18310000,145,120,269
chr3,18310000,0.252893,0.5757,18320000,78,67,191
chr3,18320000,0.169055,0.6141,18330000,144,148,183
chr3,18330000,0.12231,0.6237,18340000,52,48,95
chr3,18340000,0.168356,0.624,18350000,56,81,164
chr3,18350000,0.123258,0.6249,18360000,43,46,100
chr3,18360000,0.14582,0.623,18370000,26,33,66
chr3,18370000,0.197542,0.5848,18380000,41,41,93
chr3,18380000,0.138642,0.6276,18390000,154,104,151
chr3,18390000,0.21589,0.6256,18400000,140,104,189
chr3,18400000,0.124499,0.5901,18410000,43,37,71
chr3,18410000,0.269621,0.6246,18420000,154,159,211
chr3,18420000,0.275555,0.6223,18430000,88,90,161
chr3,18430000,0.200427,0.6231,18440000,187,174,258
chr3,18440000,0.138069,0.6218,18450000,193,163,207
chr3,18450000,0.172828,0.6241,18460000,66,75,98
chr3,18460000,0.119324,0.6264,18470000,69,60,99
chr3,18470000,0.0661435,0.6278,18480000,62,81,81
chr3,18480000,0.116451,0.6255,18490000,48,41,105
chr3,18490000,0.22999,0.6254,18500000,403,487,377
chr3,18500000,0.093914,0.584,18510000,26,26,73
chr3,18510000,0.091631,0.5903,18520000,45,25,75
chr3,18520000,0.0889828,0.6256,18530000,51,105,87
chr3,18530000,0.0822947,0.6245,18540000,53,49,67
chr3,18540000,0.166414,0.6243,18550000,107,112,167
chr3,18550000,0.296591,0.6043,18560000,128,122,182
chr3,18560000,0.238465,0.607,18570000,166,121,253
chr3,18570000,0.19483,0.5912,18580000,123,122,201
chr3,18580000,0.191534,0.589,18590000,68,46,117
chr3,18590000,0.176891,0.6248,18600000,111,130,120
chr3,18600000,0.183319,0.6238,18610000,78,74,143
chr3,18610000,0.155664,0.6069,18620000,76,78,113
chr3,18620000,0.178203,0.6049,18630000,101,98,153
chr3,18630000,0.312413,0.5979,18640000,162,152,298
chr3,18640000,0.300628,0.5834,18650000,127,115,277
chr3,18650000,0.321023,0.5981,18660000,94,85,191
chr3,18660000,0.29172,0.5863,18670000,82,69,217
chr3,18670000,0.0763783,0.5788,18680000,26,27,95
chr3,18680000,0.200987,0.5691,18690000,66,97,169
chr3,18690000,0.395513,0.604,18700000,154,163,395
chr3,18700000,0.265757,0.6014,18710000,111,94,231
chr3,18710000,0.122744,0.6234,18720000,66,44,101
chr3,18720000,0.0730825,0.6224,18730000,35,22,72
chr3,18730000,0.100401,0.624,18740000,95,75,112
chr3,18740000,0.16915,0.6236,18750000,128,113,176
chr3,18750000,0.13492,0.6342,18760000,15719,14286,18818
chr3,18760000,0.349602,0.6341,18770000,7282,8305,8893
chr3,18770000,0.21481,0.6219,18780000,92,83,179
chr3,18780000,0.330717,0.5969,18790000,359,325,432
chr3,18790000,0.253024,0.603,18800000,138,108,178
chr3,18800000,0.186658,0.6236,18810000,95,97,128
chr3,18810000,0.27027,0.6235,18820000,113,118,239
chr3,18820000,0.213064,0.6225,18830000,74,83,184
chr3,18830000,0.112323,0.5908,18840000,106,85,107
chr3,18840000,0.172018,0.6232,18850000,95,92,131
chr3,18850000,0.150309,0.623,18860000,108,104,125
chr3,18860000,0.195261,0.6021,18870000,121,106,171
chr3,18870000,0.20286,0.6034,18880000,72,68,193
chr3,18880000,0.272116,0.6174,18890000,127,104,231
chr3,18890000,0.167122,0.5701,18900000,126,93,151
chr3,18900000,0.259282,0.6211,18910000,149,117,221
chr3,18910000,0.275302,0.602,18920000,936,985,693
chr3,18920000,0.134057,0.6092,18930000,57,66,111
chr3,18930000,0.118851,0.5875,18940000,258,198,236
chr3,18940000,0.244027,0.6156,18950000,428,395,369
chr3,18950000,0.267442,0.598,18960000,71,53,225
chr3,18960000,0.242332,0.6151,18970000,116,96,165
chr3,18970000,0.319379,0.6044,18980000,241,206,350
chr3,18980000,0.241731,0.5973,18990000,74,69,166
chr3,18990000,0.245776,0.6117,19000000,121,89,202
chr3,19000000,0.302052,0.6025,19010000,251,206,314
chr3,19010000,0.315297,0.5881,19020000,121,132,279
chr3,19020000,0.235837,0.5797,19030000,150,153,234
chr3,19030000,0.233884,0.5722,19040000,128,117,192
chr3,19040000,0.255913,0.6106,19050000,89,81,154
chr3,19050000,0.410102,0.6213,19060000,148,137,309
chr3,19060000,0.272948,0.5924,19070000,146,104,224
chr3,19070000,0.2675,0.6209,19080000,282,243,358
chr3,19080000,0.365513,0.6198,19090000,410,480,430
chr3,19090000,0.213832,0.6245,19100000,84,80,157
chr3,19100000,0.194579,0.6222,19110000,75,62,121
chr3,19110000,0.400663,0.5946,19120000,206,203,361
chr3,19120000,0.296289,0.6179,19130000,343,350,373
chr3,19130000,0.216485,0.6214,19140000,1013,1041,573
chr3,19140000,0.295217,0.6073,19150000,328,321,348
chr3,19150000,0.147013,0.5781,19160000,53,57,156
chr3,19160000,0.167858,0.6108,19170000,81,55,129
chr3,19170000,0.104696,0.5946,19180000,42,34,102
chr3,19180000,0.127945,0.6149,19190000,76,49,80
chr3,19190000,0.261126,0.6215,19200000,422,421,378
chr3,19200000,0.184282,0.6214,19210000,273,244,247
chr3,19210000,0.193555,0.6054,19220000,240,214,273
chr3,19220000,0.165257,0.6077,19230000,98,76,126
chr3,19230000,0.240935,0.6208,19240000,119,120,190
chr3,19240000,0.144307,0.622,19250000,55,50,80
chr3,19250000,0.24873,0.6187,19260000,341,300,340
chr3,19260000,0.254088,0.6209,19270000,248,223,280
chr3,19270000,0.158901,0.5738,19280000,63,58,162
chr3,19280000,0.124087,0.566,19290000,52,42,92
chr3,19290000,0.14305,0.58,19300000,52,45,103
chr3,19300000,0.0970481,0.579,19310000,23,13,44
chr3,19310000,0.206081,0.5816,19320000,61,48,140
chr3,19320000,0.232585,0.6237,19330000,138,170,190
chr3,19330000,0.236972,0.6216,19340000,92,91,120
chr3,19340000,0.180479,0.6226,19350000,112,109,150
chr3,19350000,0.302514,0.6055,19360000,139,158,214
chr3,19360000,0.137316,0.5855,19370000,4,2,2
chr3,19370000,0.228447,0.6028,19380000,21,17,19
chr3,19380000,0.131996,0.5891,19390000,20,11,32
chr3,19390000,0.286305,0.5789,19400000,61,87,213
chr3,19400000,0.330026,0.6131,19410000,246,281,325
chr3,19410000,0.234302,0.6227,19420000,198,221,202
chr3,19420000,0.105191,0.5815,19430000,45,30,105
chr3,19430000,0.141233,0.5732,19440000,78,70,147
chr3,19440000,0.251826,0.5955,19450000,102,105,201
chr3,19450000,0.110814,0.5827,19460000,51,55,101
chr3,19460000,0.166423,0.6187,19470000,70,67,141
chr3,19470000,0.25087,0.6201,19480000,212,193,275
chr3,19480000,0.339309,0.6041,19490000,428,327,322
chr3,19490000,0.255883,0.5835,19500000,66,53,123
chr3,19500000,0.179528,0.5957,19510000,34,36,84
chr3,19510000,0.180119,0.6124,19520000,62,65,159
chr3,19520000,0.117729,0.5845,19530000,30,33,63
chr3,19530000,0.151257,0.5915,19540000,59,57,124
chr3,19540000,0.161617,0.6217,19550000,80,87,112
chr3,19550000,0.167174,0.6229,19560000,81,79,124
chr3,19560000,0.31733,0.6188,19570000,189,167,289
chr3,19570000,0.324907,0.6165,19580000,224,197,290
chr3,19580000,0.228367,0.6196,19590000,78,83,180
chr3,19590000,0.316479,0.6042,19600000,156,146,287
chr3,19600000,0.452408,0.6209,19610000,550,476,625
chr3,19610000,0.232681,0.6097,19620000,72,70,217
chr3,19620000,0.185621,0.6183,19630000,112,93,172
chr3,19630000,0.253134,0.6175,19640000,141,137,246
chr3,19640000,0.430743,0.6218,19650000,180,155,374
chr3,19650000,0.404859,0.6018,19660000,174,192,339
chr3,19660000,0.355771,0.619,19670000,194,176,312
chr3,19670000,0.236306,0.6192,19680000,140,144,147
chr3,19680000,0.193093,0.6193,19690000,187,167,203
chr3,19690000,0.314225,0.6214,19700000,130,102,228
chr3,19700000,0.121563,0.6211,19710000,28,25,57
chr3,19710000,0.348949,0.619,19720000,173,168,257
chr3,19720000,0.345509,0.6182,19730000,309,274,405
chr3,19730000,0.363314,0.6182,19740000,442,414,428
chr3,19740000,0.426569,0.619,19750000,710,638,731
chr3,19750000,0.380358,0.6077,19760000,226,190,368
chr3,19760000,0.414066,0.6206,19770000,235,211,322
chr3,19770000,0.486719,0.6158,19780000,247,283,375
chr3,19780000,0.649205,0.6145,19790000,433,461,632
chr3,19790000,0.21584,0.6191,19800000,247,354,259
chr3,19800000,0.322842,0.5985,19810000,143,90,237
chr3,19810000,0.343113,0.6191,19820000,236,235,379
chr3,19820000,0.255319,0.6147,19830000,178,174,260
chr3,19830000,0.28858,0.5994,19840000,104,73,232
chr3,19840000,0.371605,0.5728,19850000,122,118,281
chr3,19850000,0.326781,0.6008,19860000,262,198,364
chr3,19860000,0.30295,0.618,19870000,336,266,358
chr3,19870000,0.216528,0.6216,19880000,166,252,262
chr3,19880000,0.468603,0.6027,19890000,195,250,382
chr3,19890000,0.578018,0.5891,19900000,277,231,397
chr3,19900000,0.546754,0.5949,19910000,283,292,482
chr3,19910000,0.625526,0.5811,19920000,602,491,807
chr3,19920000,0.645596,0.6034,19930000,1875,1500,1525
chr3,19930000,0.668545,0.5903,19940000,510,464,678
chr3,19940000,0.439618,0.5902,19950000,460,468,469
chr3,19950000,0.551935,0.6115,19960000,483,478,577
chr3,19960000,0.458774,0.6201,19970000,231,238,304
chr3,19970000,0.466511,0.6193,19980000,621,616,629
chr3,19980000,0.508441,0.6197,19990000,1073,917,952
chr3,19990000,0.632254,0.6379,20000000,443,400,687
chr3,20000000,0.688171,0.6181,20010000,595,674,748
chr3,20010000,0.800587,0.5849,20020000,1037,2250,1657
chr3,20020000,0.598375,0.5881,20030000,359,318,552
chr3,20030000,0.773263,0.6125,20040000,422,403,866
chr3,20040000,0.9995,0.6919,20050000,706,718,1531
chr3,20050000,0.954695,0.561,20060000,435,425,917
chr3,20060000,0.908121,0.5119,20070000,238,249,625
chr3,20070000,0.948596,0.6254,20080000,685,640,1336
chr3,20080000,0.925973,0.6204,20090000,429,419,1052
chr3,20090000,0.904751,0.6229,20100000,487,461,1088
chr3,20100000,0.995833,0.6151,20110000,503,574,1142
chr3,20110000,0.892225,0.6348,20120000,748,1203,2065
chr3,20120000,0.984536,0.6571,20130000,566,610,1243
chr3,20130000,0.84155,0.6107,20140000,369,410,741
chr3,20140000,0.9858,0.6313,20150000,479,543,1065
chr3,20150000,0.994083,0.6004,20160000,518,527,1052
chr3,20160000,1,0.6484,20170000,599,597,1327
chr3,20170000,1,0.6365,20180000,604,663,1331
chr3,20180000,0.960861,0.5827,20190000,508,469,946
chr3,20190000,0.830109,0.5235,20200000,307,331,598
chr3,20200000,0.806483,0.4969,20210000,234,216,522
chr3,20210000,0.872749,0.5979,20220000,396,349,850
chr3,20220000,0.979642,0.5767,20230000,451,437,955
chr3,20230000,0.99155,0.6851,20240000,692,688,1404
chr3,20240000,1,0.6354,20250000,605,581,1230
chr3,20250000,0.9864,0.6861,20260000,734,688,1522
chr3,20260000,0.96824,0.7027,20270000,873,783,1738
chr3,20270000,0.899288,0.6556,20280000,720,661,1508
chr3,20280000,0.99975,0.6856,20290000,684,660,1412
chr3,20290000,0.9978,0.6729,20300000,626,523,1322
chr3,20300000,0.93224,0.6191,20310000,497,559,1009
chr3,20310000,0.998417,0.618,20320000,2041,2006,1993
chr3,20320000,0.643801,0.5017,20330000,248,242,476
chr3,20330000,0.842902,0.5836,20340000,671,631,951
chr3,20340000,0.982315,0.6947,20350000,540,480,1211
chr3,20350000,0.915871,0.6277,20360000,844,902,1196
chr3,20360000,0.936754,0.6121,20370000,648,771,1230
chr3,20370000,0.766407,0.6103,20380000,375,332,833
chr3,20380000,0.944273,0.5914,20390000,413,354,893
chr3,20390000,0.847191,0.6849,20400000,595,465,1171
chr3,20400000,0.522714,0.6612,20410000,249,223,600
chr3,20410000,0.489456,0.6609,20420000,202,189,528
chr3,20420000,0.550442,0.6668,20430000,263,214,597
chr3,20430000,0.522281,0.6621,20440000,238,226,527
chr3,20440000,0.396508,0.6598,20450000,128,111,316
chr3,20450000,0.753747,0.6555,20460000,400,343,913
chr3,20460000,0.992579,0.5092,20470000,384,399,742
chr3,20470000,0.890667,0.6307,20480000,545,507,1021
chr3,20480000,0.846635,0.6024,20490000,549,509,1062
chr3,20490000,0.843005,0.614,20500000,535,545,1201
chr3,20500000,0.974579,0.6314,20510000,534,584,1205
chr3,20510000,0.937692,0.637,20520000,913,904,1406
chr3,20520000,0.95277,0.6537,20530000,606,580,1264
chr3,20530000,0.951759,0.6363,20540000,545,572,1196
chr3,20540000,0.973908,0.648,20550000,734,709,1354
chr3,20550000,0.89485,0.5941,20560000,430,402,916
chr3,20560000,0.947115,0.5853,20570000,484,468,1034
chr3,20570000,0.933847,0.5944,20580000,422,361,990
chr3,20580000,0.934347,0.5943,20590000,455,405,1086
chr3,20590000,0.914052,0.5963,20600000,421,417,950
chr3,20600000,0.981609,0.5979,20610000,584,568,1030
chr3,20610000,0.9978,0.6757,20620000,676,648,1400
chr3,20620000,1,0.6403,20630000,616,633,1351
chr3,20630000,0.9979,0.6347,20640000,669,572,1292
chr3,20640000,0.9398,0.6968,20650000,673,710,1485
chr3,20650000,0.98295,0.6847,20660000,777,747,1496
chr3,20660000,0.9757,0.6207,20670000,659,795,1430
chr3,20670000,0.9776,0.6218,20680000,1463,1629,2270
chr3,20680000,0.940025,0.6704,20690000,577,516,1405
chr3,20690000,0.861392,0.5871,20700000,403,414,806
chr3,20700000,0.611671,0.4998,20710000,173,155,414
chr3,20710000,0.969881,0.6613,20720000,954,990,1631
chr3,20720000,1,0.6343,20730000,550,580,1143
chr3,20730000,0.9957,0.6577,20740000,608,630,1323
chr3,20740000,0.99975,0.6599,20750000,711,730,1452
chr3,20750000,0.999,0.699,20760000,726,733,1648
chr3,20760000,0.950975,0.6744,20770000,714,638,1399
chr3,20770000,0.923839,0.7233,20780000,1013,766,1819
chr3,20780000,1,0.6415,20790000,880,951,1424
chr3,20790000,0.941832,0.6223,20800000,787,1165,1689
chr3,20800000,0.977542,0.5968,20810000,701,719,1263
chr3,20810000,0.955937,0.5963,20820000,699,707,1233
chr3,20820000,0.949488,0.6049,20830000,675,623,1277
chr3,20830000,0.984739,0.5891,20840000,834,773,1227
chr3,20840000,0.976665,0.6262,20850000,2230,1750,2638
chr3,20850000,0.9943,0.703,20860000,832,798,1696
chr3,20860000,1,0.6451,20870000,528,568,1226
chr3,20870000,0.992,0.6125,20880000,650,670,1197
chr3,20880000,1,0.6301,20890000,1215,1303,1677
chr3,20890000,0.935788,0.5417,20900000,452,435,902
chr3,20900000,0.952081,0.6209,20910000,559,552,1238
chr3,20910000,1,0.6438,20920000,554,560,1189
chr3,20920000,0.99985,0.5445,20930000,2029,2221,1989
chr3,20930000,0.9975,0.6424,20940000,526,531,1123
chr3,20940000,1,0.6234,20950000,545,579,1159
chr3,20950000,0.99915,0.6861,20960000,938,870,1642
chr3,20960000,0.994522,0.7049,20970000,946,824,1746
chr3,20970000,0.976346,0.6154,20980000,597,599,1146
chr3,20980000,0.992283,0.6197,20990000,689,645,1231
chr3,20990000,0.988333,0.6373,21000000,553,538,1090
chr3,21000000,0.887553,0.6219,21010000,424,456,1032
chr3,21010000,0.887827,0.6132,21020000,466,439,1036
chr3,21020000,0.951539,0.6141,21030000,744,1044,1264
chr3,21030000,0.97925,0.6192,21040000,530,638,1088
chr3,21040000,1,0.6114,21050000,392,469,896
chr3,21050000,0.971608,0.7076,21060000,741,752,1690
chr3,21060000,0.992567,0.6706,21070000,665,660,1472
chr3,21070000,0.928433,0.645,21080000,665,676,1334
chr3,21080000,0.9993,0.6665,21090000,624,560,1299
chr3,21090000,1,0.6847,21100000,759,809,1693
chr3,21100000,0.980547,0.5859,21110000,289,311,746
chr3,21110000,0.959152,0.5362,21120000,702,664,1029
chr3,21120000,0.917657,0.6505,21130000,524,507,1170
chr3,21130000,0.989762,0.6512,21140000,805,831,1555
chr3,21140000,1,0.5941,21150000,708,755,1069
chr3,21150000,1,0.667,21160000,646,729,1437
chr3,21160000,1,0.6802,21170000,671,692,1443
chr3,21170000,0.968486,0.6009,21180000,818,771,1332
chr3,21180000,0.9927,0.5837,21190000,469,569,1129
chr3,21190000,0.982923,0.6478,21200000,824,862,1332
chr3,21200000,1,0.5904,21210000,474,591,1016
chr3,21210000,0.919305,0.6725,21220000,612,595,1278
chr3,21220000,0.9825,0.6596,21230000,568,561,1293
chr3,21230000,0.981417,0.6458,21240000,687,596,1308
chr3,21240000,0.961953,0.5935,21250000,403,400,992
chr3,21250000,0.980222,0.5982,21260000,434,509,1013
chr3,21260000,0.9894,0.6595,21270000,669,655,1371
chr3,21270000,0.9971,0.6411,21280000,561,536,1148
chr3,21280000,0.884643,0.652,21290000,466,504,941
chr3,21290000,0.958153,0.6301,21300000,433,499,991
chr3,21300000,0.930193,0.5711,21310000,409,433,949
chr3,21310000,0.542779,0.5107,21320000,147,145,371
chr3,21320000,0.990742,0.5773,21330000,575,603,1038
chr3,21330000,0.788342,0.647,21340000,428,399,960
chr3,21340000,0.87378,0.6086,21350000,519,491,993
chr3,21350000,0.820698,0.6177,21360000,642,539,1061
chr3,21360000,0.965367,0.6294,21370000,539,573,1180
chr3,21370000,0.9957,0.6727,21380000,706,665,1476
chr3,21380000,0.998,0.6788,21390000,704,671,1365
chr3,21390000,1,0.6301,21400000,485,581,1061
chr3,21400000,0.920176,0.6028,21410000,441,509,951
chr3,21410000,0.927261,0.6601,21420000,624,569,1423
chr3,21420000,0.96584,0.5859,21430000,592,810,1096
chr3,21430000,0.929272,0.5786,21440000,454,620,1013
chr3,21440000,0.949167,0.5993,21450000,474,495,1048
chr3,21450000,0.841306,0.6183,21460000,487,560,970
chr3,21460000,0.9978,0.676,21470000,774,732,1598
chr3,21470000,0.952442,0.6513,21480000,609,577,1253
chr3,21480000,0.998415,0.6439,21490000,600,627,1198
chr3,21490000,0.974323,0.6353,21500000,542,613,1213
chr3,21500000,0.956533,0.6857,21510000,620,631,1391
chr3,21510000,0.995033,0.6627,21520000,606,610,1402
chr3,21520000,0.993565,0.5526,21530000,607,621,1069
chr3,21530000,0.98885,0.5416,21540000,520,537,1067
chr3,21540000,1,0.6677,21550000,635,660,1381
chr3,21550000,0.996133,0.6871,21560000,680,642,1497
chr3,21560000,0.934626,0.6944,21570000,664,631,1479
chr3,21570000,0.966539,0.6801,21580000,721,678,1509
chr3,21580000,0.99895,0.6892,21590000,810,715,1567
chr3,21590000,0.9987,0.6771,21600000,735,705,1370
chr3,21600000,1,0.6664,21610000,806,783,1494
chr3,21610000,1,0.6712,21620000,730,746,1415
chr3,21620000,0.947516,0.6869,21630000,645,625,1495
chr3,21630000,0.948608,0.6154,21640000,459,427,960
chr3,21640000,0.9595,0.6735,21650000,928,871,1642
chr3,21650000,0.770749,0.6206,21660000,423,408,932
chr3,21660000,1,0.6786,21670000,688,715,1502
chr3,21670000,0.9933,0.7106,21680000,805,808,1636
chr3,21680000,0.82204,0.6043,21690000,462,477,995
chr3,21690000,0.358836,0.4915,21700000,94,70,245
chr3,21700000,0.909955,0.5635,21710000,372,309,798
chr3,21710000,0.9987,0.6555,21720000,705,682,1440
chr3,21720000,0.818265,0.6552,21730000,1149,1535,2471
chr3,21730000,0.835025,0.6798,21740000,1140,1392,2482
chr3,21740000,0.919,0.6733,21750000,1714,2020,2884
chr3,21750000,1,0.6491,21760000,1138,1756,2647
chr3,21760000,0.914117,0.6462,21770000,986,1499,2055
chr3,21770000,0.930476,0.6025,21780000,1056,1451,2205
chr3,21780000,0.987582,0.5638,21790000,1057,1514,2115
chr3,21790000,0.958863,0.6463,21800000,1187,1643,2478
chr3,21800000,1,0.6536,21810000,1290,1925,2677
chr3,21810000,0.970977,0.6439,21820000,1051,1678,2299
chr3,21820000,0.971458,0.6709,21830000,1355,1943,2850
chr3,21830000,1,0.6503,21840000,1378,1903,2993
chr3,21840000,0.977305,0.5945,21850000,901,1364,2168
chr3,21850000,0.964787,0.6009,21860000,1013,1469,2210
chr3,21860000,0.998667,0.6569,21870000,1183,1854,2679
chr3,21870000,1,0.7113,21880000,1525,2132,3441
chr3,21880000,0.747258,0.6439,21890000,737,1072,1539
chr3,21890000,0.456708,0.622,21900000,7,8,28
chr3,21900000,0.896483,0.6741,21910000,1133,1528,2464
chr3,21910000,0.87595,0.6416,21920000,1806,1888,2517
chr3,21920000,0.9347,0.667,21930000,2044,2352,2882
chr3,21930000,0.977664,0.6534,21940000,3170,2296,2158
chr3,21940000,0.983267,0.6731,21950000,2780,2479,2843
chr3,21950000,0.7834,0.7119,21960000,1197,1495,2364
chr3,21960000,0.76695,0.6894,21970000,856,1190,1828
chr3,21970000,1,0.6532,21980000,1251,1992,2641
chr3,21980000,0.99225,0.6417,21990000,1152,1817,2623
chr3,21990000,0.923367,0.6491,22000000,1168,1614,2448
chr3,22000000,1,0.6244,22010000,1177,1756,2492
chr3,22010000,0.987517,0.6651,22020000,1222,1953,2640
chr3,22020000,0.953983,0.6349,22030000,1138,1626,2267
chr3,22030000,0.9452,0.6537,22040000,1290,1623,2504
chr3,22040000,0.909537,0.6862,22050000,1481,1895,2908
chr3,22050000,0.978583,0.637,22060000,1237,1826,2703
chr3,22060000,1,0.6651,22070000,1339,2025,2794
chr3,22070000,1,0.7013,22080000,1526,2140,3081
chr3,22080000,0.994383,0.7036,22090000,1520,2215,3169
chr3,22090000,1,0.6536,22100000,1234,1908,2659
chr3,22100000,0.980167,0.6256,22110000,1060,1738,2228
chr3,22110000,0.99105,0.63,22120000,1109,1613,2355
chr3,22120000,0.9969,0.7135,22130000,1869,2381,3661
chr3,22130000,1,0.675,22140000,1429,2240,3012
chr3,22140000,1,0.6908,22150000,1504,2200,3042
chr3,22150000,0.70181,0.6388,22160000,712,1032,1853
chr3,22160000,0.943958,0.6435,22170000,1161,1719,2441
chr3,22170000,0.976933,0.6695,22180000,1251,1810,2761
chr3,22180000,0.93296,0.6775,22190000,1231,1738,2590
chr3,22190000,1,0.6921,22200000,1427,2068,2971
chr3,22200000,1,0.6568,22210000,1196,1873,2683
chr3,22210000,1,0.6896,22220000,1410,2090,2873
chr3,22220000,1,0.62,22230000,1121,1771,2395
chr3,22230000,0.9955,0.6309,22240000,1054,1550,2270
chr3,22240000,0.998,0.6877,22250000,1481,2135,3019
chr3,22250000,0.9795,0.6587,22260000,1614,2140,2823
chr3,22260000,0.99875,0.6137,22270000,1102,1636,2282
chr3,22270000,0.990933,0.5853,22280000,1126,1679,2348
chr3,22280000,0.985417,0.6271,22290000,1420,2613,3198
chr3,22290000,1,0.6489,22300000,1197,1873,2471
chr3,22300000,0.986077,0.6267,22310000,1163,1757,2591
chr3,22310000,0.99445,0.5998,22320000,1142,1623,2454
chr3,22320000,0.99965,0.6301,22330000,1191,1811,2548
chr3,22330000,0.97445,0.6767,22340000,1431,2036,3025
chr3,22340000,1,0.648,22350000,1291,1916,2666
chr3,22350000,1,0.7726,22360000,2050,2633,4185
chr3,22360000,0.98215,0.6889,22370000,1455,1940,2866
chr3,22370000,0.9944,0.65,22380000,1318,1828,2781
chr3,22380000,0.99025,0.6626,22390000,1233,1852,2429
chr3,22390000,0.970167,0.6028,22400000,1129,1565,2193
chr3,22400000,0.772389,0.5525,22410000,575,833,1434
chr3,22410000,0.96867,0.5203,22420000,699,1064,1599
chr3,22420000,0.929663,0.6597,22430000,1417,1816,2659
chr3,22430000,0.978319,0.6841,22440000,1447,1957,3236
chr3,22440000,1,0.6724,22450000,1403,2132,2835
chr3,22450000,1,0.6612,22460000,1447,2073,3068
chr3,22460000,0.983703,0.6645,22470000,1389,2017,2752
chr3,22470000,0.877757,0.5102,22480000,554,793,1392
chr3,22480000,0.938731,0.5696,22490000,858,1375,1929
chr3,22490000,0.9757,0.666,22500000,1292,1895,2806
chr3,22500000,1,0.6962,22510000,1640,2295,3390
chr3,22510000,0.906258,0.6886,22520000,1173,1464,2657
chr3,22520000,0.950703,0.6315,22530000,969,1601,2217
chr3,22530000,0.99995,0.655,22540000,1275,1928,2620
chr3,22540000,1,0.6207,22550000,1137,1767,2336
chr3,22550000,0.99825,0.6644,22560000,1360,1948,3038
chr3,22560000,0.957251,0.6227,22570000,1097,1617,2393
chr3,22570000,0.97029,0.7105,22580000,1675,2124,3178
chr3,22580000,0.973915,0.6717,22590000,1479,2130,2968
chr3,22590000,0.96215,0.6754,22600000,1248,1846,2705
chr3,22600000,1,0.658,22610000,1241,1880,2693
chr3,22610000,0.909483,0.7126,22620000,1326,1935,3162
chr3,22620000,0.7822,0.6601,22630000,906,1332,2028
chr3,22630000,1,0.6553,22640000,1527,2203,2784
chr3,22640000,0.955283,0.6306,22650000,1426,2028,2550
chr3,22650000,0.99825,0.6153,22660000,1050,1729,2194
chr3,22660000,0.97518,0.6228,22670000,1160,1591,2434
chr3,22670000,0.991858,0.6378,22680000,1267,1848,2663
chr3,22680000,0.974603,0.6954,22690000,1605,2112,3408
chr3,22690000,0.9536,0.6337,22700000,1085,1691,2283
chr3,22700000,1,0.6153,22710000,835,1411,1715
chr3,22710000,1,0.5957,22720000,499,831,1067
chr3,22720000,0.99955,0.5926,22730000,907,1380,1844
chr3,22730000,0.99315,0.51,22740000,795,1139,1704
chr3,22740000,0.9981,0.6222,22750000,1126,1811,2370
chr3,22750000,1,0.6567,22760000,1308,1886,2559
chr3,22760000,0.99955,0.6876,22770000,1484,2040,3154
chr3,22770000,0.9139,0.6078,22780000,1092,1459,2210
chr3,22780000,0.9981,0.637,22790000,1140,1716,2334
chr3,22790000,0.812563,0.6097,22800000,791,1208,1770
chr3,22800000,0.9657,0.6188,22810000,944,1560,1953
chr3,22810000,0.9987,0.645,22820000,1147,1831,2473
chr3,22820000,0.946308,0.6717,22830000,1668,2081,3172
chr3,22830000,0.930858,0.7014,22840000,1478,1937,3190
chr3,22840000,0.794142,0.6035,22850000,994,1147,1804
chr3,22850000,0.904202,0.6825,22860000,1769,2083,2914
chr3,22860000,0.9935,0.6186,22870000,1156,1856,2157
chr3,22870000,0.9844,0.661,22880000,1271,1881,2867
chr3,22880000,0.97575,0.631,22890000,1136,1631,2424
chr3,22890000,0.995033,0.6375,22900000,1204,1828,2568
chr3,22900000,0.995717,0.6746,22910000,1415,2057,3245
chr3,22910000,0.9997,0.6634,22920000,1404,1969,2948
chr3,22920000,0.978852,0.6191,22930000,1185,1821,2359
chr3,22930000,0.932734,0.5846,22940000,903,1272,1886
chr3,22940000,1,0.6712,22950000,1379,2029,2928
chr3,22950000,0.9983,0.6635,22960000,1980,3475,3355
chr3,22960000,0.965598,0.6721,22970000,1274,1754,2808
chr3,22970000,0.85209,0.6296,22980000,962,1341,2049
chr3,22980000,0.896463,0.69,22990000,1242,1706,2731
chr3,22990000,1,0.6381,23000000,1112,1688,2377
chr3,23000000,1,0.657,23010000,1267,2029,2689
chr3,23010000,1,0.633,23020000,1104,1857,2410
chr3,23020000,0.931773,0.6603,23030000,1521,1956,2835
chr3,23030000,1,0.6287,23040000,1103,1760,2249
chr3,23040000,0.855092,0.5815,23050000,938,1323,2109
chr3,23050000,0.654159,0.5294,23060000,451,632,1006
chr3,23060000,0.9776,0.6621,23070000,1314,1896,2778
chr3,23070000,0.994329,0.7249,23080000,1686,2297,3618
chr3,23080000,0.904593,0.6785,23090000,1211,1727,2436
chr3,23090000,0.77975,0.647,23100000,782,1017,1718
chr3,23100000,0.952386,0.5537,23110000,730,1136,1811
chr3,23110000,0.88915,0.6226,23120000,1050,1285,1779
chr3,23120000,0.73545,0.6515,23130000,711,855,1634
chr3,23130000,0.87524,0.6913,23140000,1301,1539,2607
chr3,23140000,1,0.5935,23150000,1062,1594,2321
chr3,23150000,0.9461,0.5924,23160000,837,1431,1936
chr3,23160000,0.966152,0.7082,23170000,1347,1928,2923
chr3,23170000,0.999597,0.6985,23180000,1545,2154,3250
chr3,23180000,0.993333,0.694,23190000,1498,2038,3049
chr3,23190000,1,0.6431,23200000,1241,1827,2586
chr3,23200000,0.997,0.6223,23210000,1052,1691,2223
chr3,23210000,0.9981,0.6267,23220000,1088,1790,2389
chr3,23220000,1,0.6967,23230000,1487,2117,3334
chr3,23230000,1,0.6421,23240000,1286,1840,2717
chr3,23240000,0.958907,0.6656,23250000,1204,1755,2673
chr3,23250000,0.940167,0.6313,23260000,1183,1629,2408
chr3,23260000,0.933683,0.7113,23270000,1394,1987,3120
chr3,23270000,0.976693,0.6878,23280000,1452,1983,3022
chr3,23280000,0.9987,0.6584,23290000,1178,1978,1854
chr3,23290000,0.993247,0.6546,23300000,1191,1848,1911
chr3,23300000,1,0.7016,23310000,1439,1976,2402
chr3,23310000,0.9774,0.6708,23320000,1368,1833,2137
chr3,23320000,0.9961,0.6411,23330000,1179,1704,1903
chr3,23330000,0.99155,0.6367,23340000,2164,2720,2785
chr3,23340000,0.96515,0.67,23350000,2824,3223,3716
chr3,23350000,1,0.663,23360000,1304,1980,1930
chr3,23360000,1,0.6559,23370000,1212,1925,2001
chr3,23370000,0.99885,0.6593,23380000,1325,2031,2195
chr3,23380000,0.941216,0.6746,23390000,1799,2216,2452
chr3,23390000,0.938225,0.6494,23400000,1082,1660,1794
chr3,23400000,0.87985,0.7141,23410000,1353,1808,2188
chr3,23410000,1,0.6184,23420000,1145,1668,1788
chr3,23420000,0.940265,0.6588,23430000,1233,1799,2126
chr3,23430000,0.986833,0.6103,23440000,901,1532,1490
chr3,23440000,0.811492,0.6205,23450000,716,1019,1177
chr3,23450000,0.970193,0.7004,23460000,1551,2019,2556
chr3,23460000,1,0.6525,23470000,1136,1799,1777
chr3,23470000,0.951335,0.6084,23480000,873,1354,1530
chr3,23480000,0.950196,0.5883,23490000,817,1179,1374
chr3,23490000,0.998133,0.6767,23500000,1325,2027,2093
chr3,23500000,1,0.6913,23510000,1576,2131,2175
chr3,23510000,1,0.6157,23520000,2087,2341,2211
chr3,23520000,1,0.6726,23530000,1351,2023,2195
chr3,23530000,0.972883,0.6564,23540000,1269,1864,1912
chr3,23540000,0.966833,0.673,23550000,1303,1888,1980
chr3,23550000,0.99375,0.6343,23560000,1402,2061,1920
chr3,23560000,1,0.7012,23570000,1574,2208,2522
chr3,23570000,1,0.6002,23580000,916,1530,1414
chr3,23580000,1,0.6175,23590000,779,1313,1334
chr3,23590000,0.9929,0.6814,23600000,1276,1950,2047
chr3,23600000,0.990333,0.6465,23610000,1186,1926,1836
chr3,23610000,1,0.6686,23620000,1252,1977,2025
chr3,23620000,1,0.701,23630000,1732,2351,2555
chr3,23630000,0.964454,0.6147,23640000,948,1428,1520
chr3,23640000,0.899665,0.6048,23650000,751,1121,1365
chr3,23650000,0.808923,0.6489,23660000,978,1234,1819
chr3,23660000,0.820533,0.6423,23670000,962,1311,1596
chr3,23670000,0.899893,0.6292,23680000,1277,1646,1798
chr3,23680000,0.837301,0.6318,23690000,909,1318,1401
chr3,23690000,0.97645,0.6683,23700000,1269,1916,2071
chr3,23700000,0.983976,0.7022,23710000,1546,2177,2508
chr3,23710000,1,0.6056,23720000,958,1651,1482
chr3,23720000,1,0.6385,23730000,1063,1716,1745
chr3,23730000,1,0.596,23740000,880,1550,1320
chr3,23740000,1,0.6598,23750000,1305,2075,2149
chr3,23750000,0.988467,0.6913,23760000,1409,2197,2475
chr3,23760000,0.81945,0.6202,23770000,812,1168,1369
chr3,23770000,1,0.6218,23780000,1070,1595,1644
chr3,23780000,0.99375,0.671,23790000,2218,2572,2937
chr3,23790000,0.858741,0.6751,23800000,2398,2373,2787
chr3,23800000,0.908769,0.6161,23810000,1467,1908,1838
chr3,23810000,0.966896,0.6961,23820000,1444,1817,2258
chr3,23820000,0.846122,0.5913,23830000,763,1222,1296
chr3,23830000,1,0.6311,23840000,1250,1836,2013
chr3,23840000,0.888258,0.56,23850000,722,1199,1232
chr3,23850000,0.86818,0.5509,23860000,648,1064,1201
chr3,23860000,0.9989,0.6583,23870000,1423,1908,2069
chr3,23870000,1,0.6258,23880000,1721,2095,1908
chr3,23880000,0.864262,0.6886,23890000,1156,1683,2147
chr3,23890000,1,0.6291,23900000,1109,1793,1549
chr3,23900000,0.9894,0.637,23910000,1076,1648,1757
chr3,23910000,0.98555,0.6461,23920000,1212,1588,1952
chr3,23920000,0.9587,0.6437,23930000,1135,1684,1935
chr3,23930000,1,0.6756,23940000,1465,2049,2341
chr3,23940000,1,0.6438,23950000,1124,1763,1757
chr3,23950000,0.994672,0.5977,23960000,1037,1468,1666
chr3,23960000,0.9983,0.6477,23970000,1239,1816,1982
chr3,23970000,1,0.6365,23980000,976,1584,1549
chr3,23980000,0.932903,0.6619,23990000,1160,1723,1841
chr3,23990000,1,0.6399,24000000,1087,1700,1936
chr3,24000000,0.99615,0.6572,24010000,1173,1748,1903
chr3,24010000,0.820259,0.7136,24020000,1189,1587,2140
chr3,24020000,1,0.6478,24030000,1187,1750,1861
chr3,24030000,0.99485,0.6355,24040000,1157,1620,1929
chr3,24040000,0.685654,0.5231,24050000,607,752,954
chr3,24050000,0.888933,0.6065,24060000,961,1383,1523
chr3,24060000,1,0.6205,24070000,1070,1875,1737
chr3,24070000,0.99685,0.6534,24080000,1182,1831,1956
chr3,24080000,0.982147,0.6836,24090000,1372,1875,2298
chr3,24090000,1,0.6314,24100000,993,1576,1570
chr3,24100000,1,0.5868,24110000,1239,1678,1679
chr3,24110000,0.990501,0.6858,24120000,1420,2018,2170
chr3,24120000,0.935627,0.6912,24130000,1287,1869,2084
chr3,24130000,0.971075,0.6689,24140000,1314,1906,2210
chr3,24140000,0.95124,0.6963,24150000,1359,1754,2176
chr3,24150000,1,0.6514,24160000,1106,1759,1855
chr3,24160000,0.982977,0.6599,24170000,1153,1696,1941
chr3,24170000,1,0.6359,24180000,788,1097,1260
chr3,24180000,0.998783,0.683,24190000,1391,1933,2128
chr3,24190000,0.89795,0.6027,24200000,940,1437,1547
chr3,24200000,0.989925,0.6377,24210000,1167,1779,1924
chr3,24210000,0.854725,0.5511,24220000,595,929,1061
chr3,24220000,0.886615,0.5427,24230000,711,940,1204
chr3,24230000,0.9967,0.6599,24240000,1348,1981,2125
chr3,24240000,1,0.607,24250000,768,1277,1226
chr3,24250000,1,0.6154,24260000,840,1410,1436
chr3,24260000,0.99005,0.6845,24270000,1418,2018,2379
chr3,24270000,0.95525,0.6208,24280000,988,1410,1594
chr3,24280000,0.9975,0.6718,24290000,1285,1992,2156
chr3,24290000,0.9971,0.6459,24300000,1070,1654,1957
chr3,24300000,0.884174,0.6233,24310000,1484,1661,1936
chr3,24310000,0.992283,0.649,24320000,1138,1737,1790
chr3,24320000,0.99195,0.6182,24330000,1119,1602,1818
chr3,24330000,0.647987,0.6461,24340000,915,1248,1341
chr3,24340000,0.0863693,0.5758,24350000,10,4,15
chr3,24350000,0.832804,0.6171,24360000,896,1389,1425
chr3,24360000,0.971468,0.6251,24370000,1225,1846,1924
chr3,24370000,0.975105,0.6189,24380000,2082,2774,2942
chr3,24380000,0.9111,0.687,24390000,1050,1492,2011
chr3,24390000,0.99715,0.6598,24400000,1254,1553,1931
chr3,24400000,0.985111,0.6109,24410000,955,1266,1414
chr3,24410000,1,0.6775,24420000,1210,1755,1897
chr3,24420000,0.9702,0.6865,24430000,1466,2065,2282
chr3,24430000,1,0.6901,24440000,1317,2061,2095
chr3,24440000,1,0.6758,24450000,1337,1884,2190
chr3,24450000,0.95415,0.5816,24460000,771,1256,1195
chr3,24460000,0.9991,0.623,24470000,1135,1618,1607
chr3,24470000,0.984583,0.6449,24480000,1125,1687,1955
chr3,24480000,0.951807,0.725,24490000,1527,2059,2568
chr3,24490000,0.99945,0.6801,24500000,1290,1945,2017
chr3,24500000,0.9868,0.695,24510000,1624,2089,2505
chr3,24510000,0.999175,0.6469,24520000,1123,1669,1887
chr3,24520000,1,0.6484,24530000,1249,1781,1952
chr3,24530000,0.97575,0.6511,24540000,1533,1919,2084
chr3,24540000,1,0.6372,24550000,1172,1753,1708
chr3,24550000,1,0.6324,24560000,1190,1932,1769
chr3,24560000,1,0.6497,24570000,1200,1909,1892
chr3,24570000,1,0.6937,24580000,1452,2120,2400
chr3,24580000,0.99995,0.6487,24590000,1335,1929,2238
chr3,24590000,1,0.6261,24600000,1062,1769,1809
chr3,24600000,0.995325,0.716,24610000,1576,2213,2772
chr3,24610000,1,0.6612,24620000,1246,1908,2065
chr3,24620000,1,0.6633,24630000,1272,1900,2012
chr3,24630000,1,0.6352,24640000,1109,1775,1656
chr3,24640000,1,0.6222,24650000,1146,1503,1739
chr3,24650000,0.890195,0.6228,24660000,881,872,1547
chr3,24660000,0.996633,0.6608,24670000,1360,1025,1946
chr3,24670000,0.984017,0.706,24680000,1456,690,2434
chr3,24680000,0.98945,0.679,24690000,1329,640,2121
chr3,24690000,0.995287,0.6755,24700000,1607,841,2307
chr3,24700000,0.918715,0.6166,24710000,966,493,1857
chr3,24710000,0.982216,0.7153,24720000,1502,700,2347
chr3,24720000,0.904033,0.5376,24730000,794,481,1295
chr3,24730000,1,0.7309,24740000,1674,792,2564
chr3,24740000,0.772762,0.6288,24750000,929,510,1430
chr3,24750000,0.938666,0.6586,24760000,1025,538,1643
chr3,24760000,0.96805,0.6467,24770000,940,531,1686
chr3,24770000,0.986967,0.4969,24780000,707,373,1137
chr3,24780000,0.979667,0.628,24790000,1023,488,1650
chr3,24790000,0.874486,0.6264,24800000,1004,560,1691
chr3,24800000,0.82555,0.6427,24810000,792,468,1289
chr3,24810000,0.853175,0.6662,24820000,1215,756,1816
chr3,24820000,0.919083,0.6665,24830000,1740,1593,2332
chr3,24830000,0.8899,0.5935,24840000,1507,1208,2077
chr3,24840000,0.982653,0.6275,24850000,1362,828,1983
chr3,24850000,0.836273,0.6949,24860000,2106,1210,2792
chr3,24860000,0.945393,0.6168,24870000,791,409,1377
chr3,24870000,0.99625,0.641,24880000,1184,677,1926
chr3,24880000,1,0.6904,24890000,1602,803,2455
chr3,24890000,0.974855,0.6731,24900000,1389,719,2090
chr3,24900000,0.976127,0.7029,24910000,1406,770,2426
chr3,24910000,0.987503,0.6524,24920000,1133,572,1868
chr3,24920000,0.9981,0.6631,24930000,1292,648,1939
chr3,24930000,1,0.6316,24940000,1113,609,1665
chr3,24940000,0.984923,0.6221,24950000,961,525,1649
chr3,24950000,1,0.6059,24960000,948,584,1483
chr3,24960000,0.99625,0.6507,24970000,1258,620,1954
chr3,24970000,0.92705,0.6397,24980000,975,495,1684
chr3,24980000,0.980078,0.6594,24990000,1349,724,2314
chr3,24990000,0.722098,0.648,25000000,749,630,1419
chr3,25000000,0.855472,0.6536,25010000,1056,770,1747
chr3,25010000,1,0.6644,25020000,1227,554,2011
chr3,25020000,1,0.694,25030000,2214,1343,2183
chr3,25030000,0.99255,0.6256,25040000,2080,1557,1636
chr3,25040000,0.979903,0.6381,25050000,2537,2024,2062
chr3,25050000,0.84165,0.6545,25060000,1754,1292,1544
chr3,25060000,0.952742,0.6618,25070000,2252,1731,1759
chr3,25070000,0.962699,0.6443,25080000,4562,3374,3315
chr3,25080000,0.8317,0.6337,25090000,1791,1366,1445
chr3,25090000,1,0.6174,25100000,1338,1402,1470
chr3,25100000,0.985695,0.6803,25110000,1887,1854,1936
chr3,25110000,0.864463,0.6367,25120000,1357,1379,1563
chr3,25120000,0.901202,0.6302,25130000,1849,1618,1992
chr3,25130000,0.991863,0.6756,25140000,1939,1865,2090
chr3,25140000,0.994003,0.6444,25150000,1622,1625,1798
chr3,25150000,0.99755,0.6092,25160000,1387,1455,1483
chr3,25160000,1,0.6188,25170000,1281,1392,1418
chr3,25170000,1,0.6417,25180000,1625,1725,1687
chr3,25180000,0.9904,0.6677,25190000,1835,1753,1871
chr3,25190000,0.97465,0.6285,25200000,1460,1525,1578
chr3,25200000,0.979483,0.678,25210000,2227,2009,2195
chr3,25210000,0.96069,0.6629,25220000,1794,1789,2013
chr3,25220000,1,0.7271,25230000,2478,2281,2555
chr3,25230000,0.990298,0.6625,25240000,1875,1877,2210
chr3,25240000,0.9998,0.6763,25250000,2039,1962,2135
chr3,25250000,0.872826,0.62,25260000,1636,1600,1774
chr3,25260000,0.933932,0.6583,25270000,1781,1651,1949
chr3,25270000,0.995888,0.6707,25280000,1911,1859,2078
chr3,25280000,1,0.6759,25290000,2152,2102,2340
chr3,25290000,0.999815,0.6637,25300000,1914,1943,1960
chr3,25300000,1,0.6242,25310000,1596,1756,1686
chr3,25310000,1,0.6245,25320000,1519,1657,1567
chr3,25320000,0.98385,0.6567,25330000,1805,1759,2002
chr3,25330000,1,0.6415,25340000,1581,1580,1673
chr3,25340000,0.995023,0.6991,25350000,2188,1907,2291
chr3,25350000,0.979936,0.6485,25360000,1791,1784,1859
chr3,25360000,0.9779,0.641,25370000,1941,1962,2201
chr3,25370000,0.943142,0.6305,25380000,1805,1724,1984
chr3,25380000,0.99335,0.6084,25390000,1631,1601,1763
chr3,25390000,1,0.5289,25400000,1157,1268,1289
chr3,25400000,0.9906,0.6335,25410000,1692,1763,1642
chr3,25410000,0.97525,0.6463,25420000,1675,1722,1737
chr3,25420000,0.9703,0.7039,25430000,1984,1914,2237
chr3,25430000,1,0.6742,25440000,2041,2040,2026
chr3,25440000,0.965488,0.6919,25450000,2248,2077,2240
chr3,25450000,0.8818,0.6644,25460000,1585,1523,1755
chr3,25460000,0.991867,0.6395,25470000,1687,1790,1876
chr3,25470000,0.93531,0.6242,25480000,1592,1690,1762
chr3,25480000,0.964333,0.5963,25490000,1180,1323,1428
chr3,25490000,0.9624,0.6279,25500000,1497,1562,1633
chr3,25500000,0.934042,0.7108,25510000,2510,2193,2747
chr3,25510000,0.890817,0.6692,25520000,1657,1558,1751
chr3,25520000,0.9879,0.6294,25530000,1439,1425,1639
chr3,25530000,0.9856,0.7086,25540000,2811,2414,2970
chr3,25540000,0.965564,0.7156,25550000,2250,2031,2498
chr3,25550000,0.942647,0.6238,25560000,1860,1617,1929
chr3,25560000,0.864191,0.6377,25570000,1343,1349,1588
chr3,25570000,1,0.6277,25580000,1520,1526,1467
chr3,25580000,1,0.6458,25590000,1133,1133,1271
chr3,25590000,0.835648,0.6308,25600000,1050,1121,1248
chr3,25600000,1,0.6158,25610000,1073,1190,1167
chr3,25610000,0.823458,0.6563,25620000,1612,1186,1376
chr3,25620000,0.427186,0.6359,25630000,575,399,553
chr3,25630000,0.312685,0.6346,25640000,407,259,372
chr3,25640000,0.63931,0.6584,25650000,1312,953,1171
chr3,25650000,0.957073,0.6937,25660000,2488,1603,2223
chr3,25660000,0.994583,0.6292,25670000,2355,1708,1890
chr3,25670000,1,0.5716,25680000,1749,1358,1476
chr3,25680000,1,0.6699,25690000,2443,1741,2086
chr3,25690000,0.9498,0.6349,25700000,1790,1482,1480
chr3,25700000,0.9621,0.6416,25710000,1929,1659,1607
chr3,25710000,0.99735,0.6172,25720000,1743,1460,1379
chr3,25720000,0.9519,0.6178,25730000,1633,1394,1361
chr3,25730000,0.9969,0.6261,25740000,1945,1568,1595
chr3,25740000,0.9948,0.6102,25750000,1753,1524,1388
chr3,25750000,0.876956,0.6751,25760000,2923,2082,2477
chr3,25760000,1,0.6723,25770000,2623,1867,2187
chr3,25770000,0.929645,0.6709,25780000,2230,1709,1770
chr3,25780000,1,0.6829,25790000,4198,3749,3024
chr3,25790000,0.945858,0.7584,25800000,3094,1919,2845
chr3,25800000,0.9147,0.7229,25810000,2737,1898,2391
chr3,25810000,0.930219,0.6093,25820000,1629,1451,1496
chr3,25820000,1,0.6609,25830000,2678,2243,2270
chr3,25830000,0.99985,0.6325,25840000,2229,1708,1966
chr3,25840000,0.998867,0.6048,25850000,2190,1580,1868
chr3,25850000,1,0.6289,25860000,2128,1701,1588
chr3,25860000,0.9447,0.6515,25870000,2125,1668,1790
chr3,25870000,0.98525,0.5526,25880000,2711,2393,2011
chr3,25880000,0.95385,0.702,25890000,2795,1940,2100
chr3,25890000,0.998083,0.6948,25900000,3573,2525,2964
chr3,25900000,0.99885,0.6798,25910000,3168,2229,2600
chr3,25910000,0.953534,0.6209,25920000,2176,1529,1899
chr3,25920000,0.994,0.6232,25930000,2646,1993,2041
chr3,25930000,0.989677,0.7408,25940000,3557,2385,2931
chr3,25940000,0.9953,0.6162,25950000,2180,1636,1692
chr3,25950000,0.969683,0.6518,25960000,1976,1671,1912
chr3,25960000,1,0.6146,25970000,1512,1574,1557
chr3,25970000,0.903548,0.6955,25980000,1994,1725,2076
chr3,25980000,0.916092,0.6824,25990000,1819,1742,1822
chr3,25990000,0.90835,0.5881,26000000,1271,1159,1428
chr3,26000000,0.988829,0.6966,26010000,2957,2709,2966
chr3,26010000,0.962506,0.6904,26020000,2090,1971,2280
chr3,26020000,1,0.6828,26030000,1878,1829,1996
chr3,26030000,0.98375,0.6369,26040000,1685,1694,1810
chr3,26040000,1,0.7021,26050000,3155,2691,3038
chr3,26050000,0.9938,0.6849,26060000,1985,1969,2174
chr3,26060000,1,0.623,26070000,1541,1685,1648
chr3,26070000,0.981367,0.6007,26080000,1358,1443,1493
chr3,26080000,0.991787,0.6348,26090000,1677,1760,1758
chr3,26090000,1,0.6289,26100000,1609,1694,1680
chr3,26100000,1,0.6241,26110000,1391,1440,1462
chr3,26110000,0.9955,0.7318,26120000,2662,2334,2740
chr3,26120000,0.624632,0.6573,26130000,909,816,1076
chr3,26130000,0.879163,0.6055,26140000,1596,1721,1551
chr3,26140000,0.989887,0.6492,26150000,2706,2576,2829
chr3,26150000,0.937126,0.5778,26160000,1771,1677,2088
chr3,26160000,0.990834,0.6858,26170000,3010,2849,3313
chr3,26170000,0.971132,0.5518,26180000,1332,1299,1424
chr3,26180000,1,0.6287,26190000,1636,1723,1668
chr3,26190000,0.929083,0.6334,26200000,1621,1508,1938
chr3,26200000,1,0.6136,26210000,1333,1504,1435
chr3,26210000,1,0.586,26220000,1457,1546,1510
chr3,26220000,1,0.6483,26230000,1769,1734,1936
chr3,26230000,0.98745,0.6329,26240000,1640,1659,1808
chr3,26240000,1,0.6228,26250000,1580,1690,1558
chr3,26250000,0.989442,0.6486,26260000,1717,1753,1811
chr3,26260000,0.876758,0.6226,26270000,1331,1309,1651
chr3,26270000,0.948967,0.6686,26280000,1716,1703,1984
chr3,26280000,1,0.6236,26290000,1495,1802,1553
chr3,26290000,1,0.6024,26300000,1311,1553,1301
chr3,26300000,0.986065,0.6874,26310000,1981,1967,2231
chr3,26310000,0.989478,0.6353,26320000,1430,1496,1581
chr3,26320000,1,0.6676,26330000,1858,2032,2156
chr3,26330000,0.995267,0.7076,26340000,2304,2159,2730
chr3,26340000,0.9968,0.6025,26350000,1426,1494,1512
chr3,26350000,1,0.6188,26360000,1347,1494,1490
chr3,26360000,0.979267,0.6204,26370000,2492,2282,2442
chr3,26370000,0.9983,0.6598,26380000,2123,1896,2399
chr3,26380000,1,0.6294,26390000,1812,1750,2046
chr3,26390000,1,0.5807,26400000,1241,1387,1333
chr3,26400000,0.694342,0.6131,26410000,871,828,1116
chr3,26410000,0.899233,0.6673,26420000,1673,1548,1812
chr3,26420000,0.9903,0.6343,26430000,1636,1703,1832
chr3,26430000,0.708325,0.5789,26440000,832,851,839
chr3,26440000,0.386075,0.5975,26450000,231,253,321
chr3,26450000,1,0.5976,26460000,1395,1403,1499
chr3,26460000,1,0.6295,26470000,1443,1652,1642
chr3,26470000,0.991483,0.6107,26480000,1574,1622,1646
chr3,26480000,1,0.6215,26490000,1511,1702,1698
chr3,26490000,0.982135,0.6143,26500000,1342,1367,1523
chr3,26500000,0.99005,0.5963,26510000,1366,1454,1437
chr3,26510000,1,0.6035,26520000,1122,1243,1210
chr3,26520000,0.74092,0.7212,26530000,1399,1151,1535
chr3,26530000,0.180623,0.7177,26540000,102,113,196
chr3,26540000,0.295751,0.7197,26550000,162,171,326
chr3,26550000,0.184022,0.7178,26560000,141,130,224
chr3,26560000,0.204636,0.7205,26570000,173,124,232
chr3,26570000,0.230014,0.708,26580000,153,153,236
chr3,26580000,0.257256,0.585,26590000,151,151,234
chr3,26590000,0.53086,0.5376,26600000,548,477,567
chr3,26600000,0.796792,0.5815,26610000,1137,1054,1166
chr3,26610000,0.601127,0.5489,26620000,531,545,676
chr3,26620000,0.648316,0.5791,26630000,779,730,914
chr3,26630000,0.630761,0.5444,26640000,535,493,742
chr3,26640000,0.818594,0.5264,26650000,829,814,995
chr3,26650000,0.383879,0.5438,26660000,359,303,443
chr3,26660000,0.806185,0.5606,26670000,821,795,1068
chr3,26670000,0.893405,0.5739,26680000,1377,1210,1391
chr3,26680000,0.908647,0.5617,26690000,1101,1027,1294
chr3,26690000,0.740345,0.5265,26700000,609,610,823
chr3,26700000,0.810288,0.5485,26710000,787,719,926
chr3,26710000,0.592523,0.5722,26720000,762,785,760
chr3,26720000,0.723805,0.571,26730000,865,837,959
chr3,26730000,1,0.57,26740000,1299,1340,1442
chr3,26740000,0.838013,0.5557,26750000,963,1049,1174
chr3,26750000,0.772253,0.5195,26760000,673,599,813
chr3,26760000,0.657484,0.599,26770000,695,653,904
chr3,26770000,0.678,0.594,26780000,519,417,682
chr3,26780000,0.529682,0.5957,26790000,406,331,622
chr3,26790000,0.542282,0.5788,26800000,432,382,620
chr3,26800000,0.411604,0.5232,26810000,1428,2353,1545
chr3,26810000,0.567642,0.5203,26820000,1045,1810,1198
chr3,26820000,0.736248,0.6023,26830000,656,601,943
chr3,26830000,0.626817,0.6244,26840000,601,543,728
chr3,26840000,0.191126,0.5049,26850000,322,329,372
chr3,26850000,0.0478812,0.4944,26860000,25,24,25
chr3,26860000,0.0501868,0.4899,26870000,58,57,97
chr3,26870000,0.0170627,0.4915,26880000,1,3,1
chr3,26880000,0.276133,0.4815,26890000,15,13,27
chr3,26890000,0.0189263,0.4901,26900000,0,0,1
chr3,26900000,0.0178077,0.4891,26910000,0,0,0
chr3,26910000,0.0142373,0.4878,26920000,0,0,0
chr3,26920000,0.0325886,0.4858,26930000,2,2,2
chr3,26930000,0.0142084,0.4869,26940000,0,0,0
chr3,26940000,0.0350756,0.4862,26950000,38,52,59
chr3,26950000,0.0216092,0.4866,26960000,0,1,0
chr3,26960000,0.0291397,0.4858,26970000,32,43,36
chr3,26970000,0.0214722,0.4829,26980000,1,1,1
chr3,26980000,0.0142216,0.4897,26990000,0,0,0
chr3,26990000,0.0225254,0.4892,27000000,0,0,1
chr3,27000000,0.0143277,0.4875,27010000,0,1,1
chr3,27010000,0.0146709,0.4923,27020000,0,0,1
chr3,27020000,0.047372,0.4906,27030000,17,23,33
chr3,27030000,0.0146505,0.4936,27040000,0,0,0
chr3,27040000,0.0191709,0.4922,27050000,0,0,0
chr3,27050000,0.014518,0.4904,27060000,0,0,0
chr3,27060000,0.0295495,0.4886,27070000,31,28,41
chr3,27070000,0.0369165,0.487,27080000,26,24,40
chr3,27080000,0.0144979,0.4892,27090000,0,0,0
chr3,27090000,0.0176597,0.4909,27100000,0,0,0
chr3,27100000,0.0252126,0.5,27110000,0,0,1
chr3,27110000,0.0175326,0.4882,27120000,0,1,0
chr3,27120000,0.0239117,0.4874,27130000,0,0,0
chr3,27130000,0.0222672,0.4897,27140000,0,0,1
chr3,27140000,0.0238798,0.4904,27150000,1,1,1
chr3,27150000,0.0190633,0.4902,27160000,1,0,0
chr3,27160000,0.0215867,0.489,27170000,0,1,1
chr3,27170000,0.0402251,0.496,27180000,13,13,15
chr3,27180000,0.0173952,0.4901,27190000,0,0,0
chr3,27190000,0.0386648,0.4907,27200000,2,5,8
chr3,27200000,0.019064,0.4902,27210000,1,0,0
chr3,27210000,0.0250366,0.4888,27220000,2,0,0
chr3,27220000,0.0189419,0.4873,27230000,0,0,0
chr3,27230000,0.0291334,0.4865,27240000,13,23,24
chr3,27240000,0.0491571,0.4871,27250000,31,34,33
chr3,27250000,0.398946,0.4824,27260000,81,118,79
chr3,27260000,0.0190539,0.4875,27270000,0,0,1
chr3,27270000,0.0327156,0.484,27280000,104,109,124
chr3,27280000,0.0637002,0.4854,27290000,43,56,64
chr3,27290000,0.0176769,0.4894,27300000,0,0,0
chr3,27300000,0.0325885,0.4887,27310000,12,23,15
chr3,27310000,0.0344118,0.4912,27320000,15,14,27
chr3,27320000,0.0223598,0.493,27330000,0,1,0
chr3,27330000,0.0364494,0.4942,27340000,20,27,32
chr3,27340000,0.0473544,0.4899,27350000,8,14,6
chr3,27350000,0.0306966,0.4891,27360000,372,289,379
chr3,27360000,0.032175,0.4897,27370000,7,5,13
chr3,27370000,0.0759445,0.4878,27380000,41,35,52
chr3,27380000,0.0315976,0.493,27390000,1,1,1
chr3,27390000,0.0463569,0.4909,27400000,23,23,27
chr3,27400000,0.0298517,0.4815,27410000,10,10,10
chr3,27410000,0.0541638,0.498,27420000,58,55,45
chr3,27420000,0.0319879,0.4897,27430000,13,20,20
chr3,27430000,0.0153436,0.4769,27440000,0,0,0
chr3,27440000,0.0620448,0.4888,27450000,17,28,16
chr3,27450000,0.0300762,0.4797,27460000,3,7,2
chr3,27460000,0.0306389,0.4892,27470000,1,5,4
chr3,27470000,0.0175692,0.4927,27480000,0,0,0
chr3,27480000,0.032757,0.4941,27490000,10,8,10
chr3,27490000,0.0310297,0.4884,27500000,27,26,42
chr3,27500000,0.0602617,0.4854,27510000,25,39,33
chr3,27510000,0.0319383,0.4915,27520000,1,1,2
chr3,27520000,0.0149637,0.4879,27530000,0,2,1
chr3,27530000,0.0223589,0.4835,27540000,1,2,1
chr3,27540000,0.014967,0.4788,27550000,0,0,1
chr3,27550000,0.0298519,0.482,27560000,2,1,1
chr3,27560000,0.0149801,0.4819,27570000,2,0,1
chr3,27570000,0.0299587,0.4861,27580000,1,0,1
chr3,27580000,0.0310753,0.4936,27590000,0,0,1
chr3,27590000,0.0158784,0.4946,27600000,3,0,4
chr3,27600000,0.0156656,0.4822,27610000,2,0,2
chr3,27610000,0.0227642,0.4892,27620000,1,0,2
chr3,27620000,0.031651,0.4905,27630000,23,25,24
chr3,27630000,0.0149732,0.4886,27640000,2,1,1
chr4,0,0.317528,0.5926,10000,68,137,161
chr4,10000,0.56695,0.5823,20000,36,107,121
chr4,20000,0.563277,0.6962,30000,106,163,216
chr4,30000,0.5666,0.5861,40000,34,80,115
chr4,40000,0.413946,0.6066,50000,92,158,199
chr4,50000,0.384976,0.563,60000,213,294,332
chr4,60000,0.743264,0.5836,70000,748,858,904
chr4,70000,0.763638,0.5538,80000,212,474,557
chr4,80000,0.445846,0.5423,90000,60,102,151
chr4,90000,0.877118,0.5455,100000,311,558,675
chr4,100000,0.543475,0.5913,110000,245,402,508
chr4,110000,0.420538,0.5739,120000,36,66,95
chr4,120000,0.718922,0.5918,130000,384,586,689
chr4,130000,1,0.6004,140000,525,1117,1066
chr4,140000,0.986275,0.6036,150000,580,1086,1156
chr4,150000,0.994933,0.6055,160000,525,1079,1059
chr4,160000,0.9332,0.656,170000,778,1317,1327
chr4,170000,1,0.5724,180000,418,998,886
chr4,180000,0.9342,0.6247,190000,632,1087,1144
chr4,190000,1,0.5837,200000,500,1000,1181
chr4,200000,0.995925,0.6534,210000,694,1323,1389
chr4,210000,0.980417,0.5933,220000,419,893,927
chr4,220000,1,0.6362,230000,620,1222,1293
chr4,230000,1,0.6282,240000,543,1198,1018
chr4,240000,0.950192,0.5805,250000,476,992,1054
chr4,250000,0.9976,0.63,260000,584,1202,1220
chr4,260000,1,0.6471,270000,540,1184,1230
chr4,270000,1,0.6168,280000,535,1104,1254
chr4,280000,1,0.6035,290000,453,1067,950
chr4,290000,1,0.6402,300000,587,1205,1237
chr4,300000,1,0.6393,310000,581,1224,1177
chr4,310000,0.962865,0.6308,320000,601,1159,1121
chr4,320000,1,0.6077,330000,472,1130,930
chr4,330000,1,0.6406,340000,556,1109,1183
chr4,340000,0.91145,0.5944,350000,407,839,830
chr4,350000,0.91145,0.6122,360000,715,1230,1052
chr4,360000,0.974175,0.6415,370000,537,1144,1226
chr4,370000,1,0.6198,380000,492,1117,1070
chr4,380000,1,0.6748,390000,586,1168,1333
chr4,390000,1,0.6161,400000,476,1081,1066
chr4,400000,0.999025,0.6188,410000,527,1130,1028
chr4,410000,0.9997,0.6298,420000,608,1088,1246
chr4,420000,0.9939,0.6629,430000,679,1253,1335
chr4,430000,0.98965,0.6762,440000,705,1314,1346
chr4,440000,0.9728,0.6697,450000,760,1498,1385
chr4,450000,0.988497,0.6874,460000,734,1334,1510
chr4,460000,0.977032,0.6165,470000,560,1080,1146
chr4,470000,1,0.6253,480000,600,1190,1098
chr4,480000,0.935767,0.6472,490000,569,1193,1171
chr4,490000,1,0.604,500000,552,1067,1070
chr4,500000,1,0.6335,510000,548,1141,1086
chr4,510000,0.9981,0.6754,520000,705,1336,1416
chr4,520000,1,0.623,530000,536,1219,1018
chr4,530000,0.97227,0.6388,540000,505,1112,1240
chr4,540000,0.883833,0.6238,550000,443,985,975
chr4,550000,0.36003,0.615,560000,12,29,21
chr4,560000,0.352222,0.6296,570000,0,0,0
chr4,570000,0.370623,0.63,580000,3,6,6
chr4,580000,0.424282,0.6104,590000,85,138,126
chr4,590000,0.81763,0.6396,600000,457,941,1071
chr4,600000,0.948065,0.5836,610000,622,1019,1110
chr4,610000,0.93743,0.6045,620000,943,1449,1319
chr4,620000,0.913132,0.694,630000,676,1227,1612
chr4,630000,0.971292,0.6917,640000,713,1490,1592
chr4,640000,0.9857,0.6375,650000,618,1166,1325
chr4,650000,0.962083,0.639,660000,602,1183,1242
chr4,660000,0.9968,0.6539,670000,684,1261,1309
chr4,670000,0.9967,0.6448,680000,578,1260,1283
chr4,680000,0.9967,0.644,690000,692,1364,1338
chr4,690000,1,0.6081,700000,522,1042,1031
chr4,700000,0.913992,0.6647,710000,580,1003,1333
chr4,710000,0.99765,0.6438,720000,586,1179,1267
chr4,720000,0.973545,0.6487,730000,577,1108,1296
chr4,730000,0.9994,0.6102,740000,526,1082,1091
chr4,740000,0.996333,0.6347,750000,641,1218,1243
chr4,750000,0.936822,0.7106,760000,741,1398,1673
chr4,760000,0.919767,0.6399,770000,504,1066,1038
chr4,770000,0.9906,0.6389,780000,656,1255,1363
chr4,780000,0.96065,0.6603,790000,662,1305,1472
chr4,790000,0.962595,0.6605,800000,591,1234,1318
chr4,800000,0.910914,0.5989,810000,951,1279,1604
chr4,810000,0.845242,0.6694,820000,608,1029,1224
chr4,820000,0.83076,0.609,830000,419,743,923
chr4,830000,0.799352,0.6712,840000,527,939,1153
chr4,840000,0.521902,0.5052,850000,138,253,315
chr4,850000,0.689512,0.6226,860000,412,739,766
chr4,860000,1,0.5735,870000,336,888,779
chr4,870000,1,0.6572,880000,594,1382,1264
chr4,880000,0.909025,0.6943,890000,700,1277,1450
chr4,890000,0.97555,0.638,900000,1252,1570,1677
chr4,900000,0.9357,0.7034,910000,819,1318,1553
chr4,910000,0.888078,0.6866,920000,631,1144,1474
chr4,920000,0.923595,0.6781,930000,604,1215,1349
chr4,930000,1,0.6235,940000,502,1212,1110
chr4,940000,0.9962,0.6335,950000,523,1111,1126
chr4,950000,0.9812,0.6719,960000,670,1340,1411
chr4,960000,0.867825,0.6399,970000,564,957,1142
chr4,970000,1,0.6898,980000,757,1495,1600
chr4,980000,0.9865,0.6653,990000,862,1494,1573
chr4,990000,1,0.635,1000000,561,1147,1134
chr4,1000000,0.870659,0.6224,1010000,419,969,1012
chr4,1010000,0.954271,0.6601,1020000,594,1255,1217
chr4,1020000,1,0.6915,1030000,758,1474,1588
chr4,1030000,0.99895,0.6564,1040000,625,1326,1286
chr4,1040000,1,0.6597,1050000,771,1491,1435
chr4,1050000,0.99955,0.6725,1060000,646,1249,1385
chr4,1060000,0.989567,0.6773,1070000,695,1243,1480
chr4,1070000,1,0.6768,1080000,656,1268,1355
chr4,1080000,0.992,0.6955,1090000,705,1365,1612
chr4,1090000,0.99515,0.6534,1100000,1150,1668,1686
chr4,1100000,0.9987,0.6694,1110000,656,1325,1367
chr4,1110000,0.869896,0.5953,1120000,406,767,905
chr4,1120000,1,0.633,1130000,545,1173,1220
chr4,1130000,1,0.6446,1140000,560,1135,1102
chr4,1140000,0.9782,0.6858,1150000,688,1228,1444
chr4,1150000,1,0.7049,1160000,736,1407,1565
chr4,1160000,0.991147,0.6115,1170000,484,1065,1076
chr4,1170000,0.997,0.6666,1180000,753,1358,1739
chr4,1180000,0.984182,0.7055,1190000,800,1493,1638
chr4,1190000,0.99617,0.66,1200000,638,1218,1315
chr4,1200000,1,0.6554,1210000,799,1376,1395
chr4,1210000,0.972483,0.6613,1220000,841,1236,1496
chr4,1220000,0.63853,0.5294,1230000,256,399,481
chr4,1230000,0.768193,0.6056,1240000,457,811,960
chr4,1240000,0.964858,0.7015,1250000,727,1394,1517
chr4,1250000,0.989564,0.677,1260000,692,1340,1434
chr4,1260000,0.983415,0.6667,1270000,689,1238,1431
chr4,1270000,0.98425,0.6785,1280000,763,1282,1766
chr4,1280000,0.927457,0.6872,1290000,671,1258,1500
chr4,1290000,1,0.6866,1300000,731,1469,1515
chr4,1300000,0.9976,0.6827,1310000,701,1427,1493
chr4,1310000,0.972777,0.5484,1320000,653,1110,1069
chr4,1320000,0.99785,0.5786,1330000,629,1084,1245
chr4,1330000,1,0.6773,1340000,707,1315,1406
chr4,1340000,1,0.6659,1350000,710,1351,1532
chr4,1350000,0.965679,0.6392,1360000,652,1204,1347
chr4,1360000,0.959056,0.6085,1370000,529,1007,1033
chr4,1370000,0.99805,0.6498,1380000,617,1339,1231
chr4,1380000,0.98745,0.6167,1390000,479,1067,1085
chr4,1390000,1,0.71,1400000,727,1430,1654
chr4,1400000,0.96855,0.5145,1410000,320,657,703
chr4,1410000,0.981267,0.6371,1420000,571,1081,1181
chr4,1420000,1,0.6717,1430000,871,1327,1350
chr4,1430000,0.957967,0.6986,1440000,2370,2537,2474
chr4,1440000,0.9877,0.6809,1450000,685,1332,1468
chr4,1450000,0.99505,0.6544,1460000,626,1256,1322
chr4,1460000,0.9908,0.7193,1470000,766,1548,1781
chr4,1470000,0.97515,0.6853,1480000,816,1463,1713
chr4,1480000,0.99275,0.7027,1490000,825,1456,1701
chr4,1490000,0.626717,0.6514,1500000,237,498,539
chr4,1500000,0.625158,0.6847,1510000,312,535,754
chr4,1510000,0.599125,0.6755,1520000,255,403,557
chr4,1520000,0.752483,0.6096,1530000,285,574,700
chr4,1530000,0.952459,0.6187,1540000,527,928,1139
chr4,1540000,0.991683,0.6371,1550000,454,1089,1136
chr4,1550000,0.992642,0.6836,1560000,1255,1691,1613
chr4,1560000,1,0.6413,1570000,564,1260,1190
chr4,1570000,0.9965,0.682,1580000,722,1421,1596
chr4,1580000,1,0.6945,1590000,725,1574,1440
chr4,1590000,1,0.6454,1600000,620,1303,1173
chr4,1600000,0.947603,0.6912,1610000,698,1356,1443
chr4,1610000,0.99826,0.6069,1620000,485,1076,1012
chr4,1620000,0.988052,0.675,1630000,665,1387,1496
chr4,1630000,0.964747,0.541,1640000,824,1066,1074
chr4,1640000,0.910255,0.6078,1650000,516,910,1143
chr4,1650000,0.960663,0.6214,1660000,511,1071,1002
chr4,1660000,0.952677,0.7009,1670000,1134,1544,1792
chr4,1670000,1,0.6253,1680000,1348,1753,1712
chr4,1680000,1,0.6122,1690000,515,1092,1140
chr4,1690000,1,0.569,1700000,415,933,915
chr4,1700000,0.973312,0.6627,1710000,761,1321,1371
chr4,1710000,0.9919,0.5998,1720000,476,1042,955
chr4,1720000,0.99505,0.6143,1730000,542,1236,1092
chr4,1730000,1,0.6343,1740000,632,1257,1371
chr4,1740000,0.984407,0.7084,1750000,958,1587,1865
chr4,1750000,0.964583,0.6835,1760000,695,1307,1570
chr4,1760000,0.9919,0.675,1770000,695,1400,1460
chr4,1770000,0.994433,0.6858,1780000,871,1534,1707
chr4,1780000,0.876386,0.6998,1790000,880,1346,1588
chr4,1790000,0.451102,0.6641,1800000,221,413,563
chr4,1800000,0.803202,0.6505,1810000,459,922,988
chr4,1810000,1,0.6302,1820000,569,1230,1237
chr4,1820000,1,0.6119,1830000,501,1138,1048
chr4,1830000,0.995467,0.6476,1840000,586,1205,1272
chr4,1840000,0.995133,0.6602,1850000,577,1367,1442
chr4,1850000,0.947211,0.6164,1860000,531,1073,1152
chr4,1860000,0.888154,0.5909,1870000,377,645,884
chr4,1870000,0.969674,0.6672,1880000,680,1204,1420
chr4,1880000,1,0.6677,1890000,670,1368,1337
chr4,1890000,0.97555,0.627,1900000,457,932,978
chr4,1900000,0.950517,0.6263,1910000,668,1231,1350
chr4,1910000,0.961658,0.6698,1920000,1171,1565,1766
chr4,1920000,0.8602,0.6067,1930000,359,760,796
chr4,1930000,0.798924,0.6018,1940000,388,744,850
chr4,1940000,0.918444,0.6345,1950000,575,1086,1184
chr4,1950000,0.9972,0.6471,1960000,566,1193,1178
chr4,1960000,0.9952,0.6594,1970000,560,1218,1315
chr4,1970000,0.98465,0.7128,1980000,738,1481,1649
chr4,1980000,1,0.6762,1990000,626,1418,1434
chr4,1990000,0.827775,0.6901,2000000,510,920,1175
chr4,2000000,0.752958,0.5736,2010000,267,440,586
chr4,2010000,0.79515,0.5242,2020000,267,468,589
chr4,2020000,0.990675,0.6488,2030000,689,1279,1376
chr4,2030000,0.967852,0.6599,2040000,607,1091,1439
chr4,2040000,0.990392,0.6708,2050000,2052,2427,2616
chr4,2050000,0.984976,0.7063,2060000,1730,2088,2174
chr4,2060000,1,0.7047,2070000,792,1501,1722
chr4,2070000,1,0.6484,2080000,564,1217,1280
chr4,2080000,0.870999,0.6653,2090000,578,1145,1326
chr4,2090000,1,0.6743,2100000,670,1237,1323
chr4,2100000,1,0.7223,2110000,725,1574,1674
chr4,2110000,0.862822,0.6114,2120000,438,909,908
chr4,2120000,0.902453,0.6727,2130000,639,1239,1401
chr4,2130000,0.994567,0.6683,2140000,643,1379,1346
chr4,2140000,0.859255,0.6534,2150000,539,1108,1197
chr4,2150000,0.94216,0.66,2160000,626,1265,1170
chr4,2160000,0.9939,0.7073,2170000,737,1550,1646
chr4,2170000,1,0.6534,2180000,585,1215,1295
chr4,2180000,1,0.686,2190000,751,1495,1536
chr4,2190000,1,0.6502,2200000,542,1242,1323
chr4,2200000,0.997933,0.7055,2210000,817,1603,1719
chr4,2210000,0.71763,0.6575,2220000,444,853,1006
chr4,2220000,0.934376,0.6411,2230000,917,1446,1303
chr4,2230000,1,0.6742,2240000,816,1336,1380
chr4,2240000,1,0.6679,2250000,657,1322,1314
chr4,2250000,0.9996,0.6692,2260000,697,1283,1465
chr4,2260000,0.862617,0.6532,2270000,533,964,1060
chr4,2270000,0.990453,0.6448,2280000,545,1167,1136
chr4,2280000,0.99755,0.6542,2290000,665,1276,1389
chr4,2290000,0.977128,0.6524,2300000,586,1166,1263
chr4,2300000,0.642707,0.4934,2310000,172,302,406
chr4,2310000,0.917539,0.6272,2320000,534,1021,1127
chr4,2320000,0.836303,0.674,2330000,588,1029,1189
chr4,2330000,0.947083,0.679,2340000,721,1322,1485
chr4,2340000,0.9576,0.7357,2350000,837,1536,1855
chr4,2350000,1,0.6749,2360000,752,1578,1663
chr4,2360000,1,0.648,2370000,437,930,1043
chr4,2370000,1,0.6253,2380000,422,909,813
chr4,2380000,0.99905,0.6779,2390000,481,757,904
chr4,2390000,0.860033,0.6255,2400000,472,992,937
chr4,2400000,0.94555,0.5882,2410000,18424,15860,16698
chr4,2410000,0.966567,0.5167,2420000,4440,4796,3567
chr4,2420000,0.97485,0.5412,2430000,925,1336,1163
chr4,2430000,0.931524,0.6356,2440000,891,1062,1175
chr4,2440000,0.852061,0.596,2450000,746,1129,1203
chr4,2450000,0.980767,0.6574,2460000,737,1220,1398
chr4,2460000,0.858983,0.6298,2470000,346,757,754
chr4,2470000,0.983174,0.5467,2480000,600,1048,897
chr4,2480000,0.98627,0.5797,2490000,1176,1554,1693
chr4,2490000,0.984475,0.5917,2500000,1408,1769,1590
chr4,2500000,0.898492,0.531,2510000,2356,2425,1878
chr4,2510000,0.570471,0.6583,2520000,279,388,546
chr4,2520000,0.514623,0.6249,2530000,140,248,354
chr4,2530000,0.494479,0.6668,2540000,152,209,335
chr4,2540000,0.510021,0.6662,2550000,224,357,437
chr4,2550000,0.875667,0.6363,2560000,434,832,1001
chr4,2560000,0.954508,0.5945,2570000,521,894,1026
chr4,2570000,0.993867,0.5804,2580000,488,981,1064
chr4,2580000,0.9975,0.6284,2590000,616,1353,1322
chr4,2590000,0.987683,0.5715,2600000,3594,3754,3056
chr4,2600000,0.976633,0.6224,2610000,3372,3263,4190
chr4,2610000,0.9913,0.6815,2620000,778,1484,1640
chr4,2620000,1,0.6398,2630000,619,1319,1303
chr4,2630000,0.98,0.6202,2640000,575,1199,1232
chr4,2640000,0.891943,0.6363,2650000,432,927,1020
chr4,2650000,0.99945,0.745,2660000,1122,1824,2113
chr4,2660000,0.729417,0.6667,2670000,519,946,976
chr4,2670000,0.96505,0.6206,2680000,756,1175,1121
chr4,2680000,0.99245,0.6106,2690000,620,1200,1169
chr4,2690000,0.778965,0.5243,2700000,305,597,743
chr4,2700000,0.803124,0.5658,2710000,220,423,514
chr4,2710000,0.9809,0.6746,2720000,690,1156,1325
chr4,2720000,0.862551,0.6467,2730000,504,939,1084
chr4,2730000,0.878151,0.6407,2740000,558,973,1187
chr4,2740000,0.9935,0.6609,2750000,726,1361,1520
chr4,2750000,0.995117,0.6567,2760000,582,980,1131
chr4,2760000,1,0.6355,2770000,531,1251,1192
chr4,2770000,0.99355,0.6805,2780000,697,1402,1445
chr4,2780000,0.9994,0.5015,2790000,446,818,874
chr4,2790000,0.989242,0.6531,2800000,566,1241,1432
chr4,2800000,0.9944,0.7139,2810000,611,1067,1299
chr4,2810000,0.93375,0.6266,2820000,360,784,777
chr4,2820000,0.925783,0.6159,2830000,529,978,1032
chr4,2830000,0.99765,0.611,2840000,527,1148,1054
chr4,2840000,0.984342,0.6786,2850000,693,1329,1477
chr4,2850000,0.830272,0.5866,2860000,530,899,1103
chr4,2860000,0.938099,0.5864,2870000,483,840,960
chr4,2870000,1,0.6687,2880000,516,936,1109
chr4,2880000,0.990633,0.671,2890000,646,1226,1389
chr4,2890000,0.9949,0.6511,2900000,611,1253,1350
chr4,2900000,1,0.6423,2910000,559,1238,1224
chr4,2910000,1,0.6313,2920000,555,1238,1171
chr4,2920000,0.9965,0.6325,2930000,690,1360,1337
chr4,2930000,0.950894,0.5539,2940000,444,804,970
chr4,2940000,0.972517,0.653,2950000,1194,1644,1872
chr4,2950000,1,0.643,2960000,848,1545,1477
chr4,2960000,1,0.6344,2970000,655,1400,1400
chr4,2970000,0.990252,0.6399,2980000,653,1339,1438
chr4,2980000,0.989951,0.6505,2990000,599,1169,1287
chr4,2990000,1,0.6412,3000000,571,1207,1254
chr4,3000000,0.939728,0.6322,3010000,524,1011,1215
chr4,3010000,0.902221,0.5569,3020000,367,737,877
chr4,3020000,0.525088,0.4912,3030000,118,255,281
chr4,3030000,0.761324,0.5809,3040000,359,809,734
chr4,3040000,1,0.6382,3050000,546,1220,1146
chr4,3050000,0.99295,0.7136,3060000,827,1578,1751
chr4,3060000,0.99895,0.6242,3070000,538,1148,1210
chr4,3070000,1,0.6355,3080000,616,1303,1363
chr4,3080000,1,0.6249,3090000,495,1114,1007
chr4,3090000,1,0.6372,3100000,597,1292,1302
chr4,3100000,0.96085,0.6539,3110000,575,1186,1302
chr4,3110000,0.995852,0.7098,3120000,837,1488,1768
chr4,3120000,0.997769,0.6778,3130000,691,1358,1528
chr4,3130000,0.981483,0.6988,3140000,740,1499,1617
chr4,3140000,0.985937,0.6362,3150000,595,1255,1291
chr4,3150000,1,0.6089,3160000,454,1129,1051
chr4,3160000,0.974367,0.6185,3170000,1067,1538,1556
chr4,3170000,0.978169,0.6558,3180000,1528,1951,1912
chr4,3180000,0.997462,0.6474,3190000,676,1165,1279
chr4,3190000,1,0.5923,3200000,512,1033,1155
chr4,3200000,0.955524,0.5663,3210000,448,952,1014
chr4,3210000,0.869837,0.5288,3220000,336,649,728
chr4,3220000,0.938604,0.5633,3230000,405,837,879
chr4,3230000,0.989257,0.6524,3240000,554,1159,1249
chr4,3240000,1,0.7338,3250000,843,1594,1896
chr4,3250000,0.955462,0.6184,3260000,461,1080,996
chr4,3260000,0.666036,0.4902,3270000,167,318,443
chr4,3270000,0.982432,0.6307,3280000,565,1207,1120
chr4,3280000,1,0.6344,3290000,588,1222,1236
chr4,3290000,0.980667,0.6537,3300000,624,1180,1243
chr4,3300000,1,0.6725,3310000,695,1317,1403
chr4,3310000,0.9246,0.6487,3320000,453,966,991
chr4,3320000,0.967798,0.6089,3330000,388,808,821
chr4,3330000,0.9568,0.6078,3340000,381,879,847
chr4,3340000,0.958735,0.5062,3350000,344,630,729
chr4,3350000,0.380507,0.5375,3360000,147,254,292
chr4,3360000,0.811575,0.5401,3370000,381,633,719
chr4,3370000,0.569719,0.5219,3380000,151,311,372
chr4,3380000,0.360215,0.5215,3390000,75,161,195
chr4,3390000,0.906875,0.6057,3400000,1470,1626,1449
chr4,3400000,0.839989,0.6374,3410000,949,1190,1310
chr4,3410000,0.993605,0.6055,3420000,498,1083,1082
chr4,3420000,1,0.6744,3430000,694,1329,1475
chr4,3430000,0.762896,0.5419,3440000,662,768,946
chr4,3440000,0.875611,0.5955,3450000,467,891,1007
chr4,3450000,0.8774,0.641,3460000,428,931,955
chr4,3460000,0.825195,0.6275,3470000,1154,1418,1409
chr4,3470000,0.99675,0.6503,3480000,663,1188,1327
chr4,3480000,0.993225,0.6267,3490000,684,1223,1315
chr4,3490000,0.989592,0.6584,3500000,968,1420,1526
chr4,3500000,0.992414,0.6515,3510000,652,1294,1308
chr4,3510000,0.9158,0.6203,3520000,833,1442,1273
chr4,3520000,0.946133,0.6487,3530000,529,1134,1167
chr4,3530000,0.9728,0.6862,3540000,685,1340,1513
chr4,3540000,0.943814,0.6675,3550000,708,1261,1564
chr4,3550000,0.988093,0.7031,3560000,705,1457,1587
chr4,3560000,0.983625,0.66,3570000,851,1434,1622
chr4,3570000,0.995108,0.6542,3580000,691,1344,1436
chr4,3580000,0.808898,0.6542,3590000,544,885,1119
chr4,3590000,0.8833,0.6679,3600000,648,1137,1338
chr4,3600000,1,0.6305,3610000,624,1213,1279
chr4,3610000,1,0.6534,3620000,610,1406,1262
chr4,3620000,1,0.6081,3630000,776,1315,1298
chr4,3630000,0.9992,0.7111,3640000,815,1509,1689
chr4,3640000,1,0.6748,3650000,727,1424,1557
chr4,3650000,1,0.6655,3660000,678,1362,1454
chr4,3660000,0.9986,0.6506,3670000,602,1235,1274
chr4,3670000,0.999,0.6483,3680000,598,1366,1289
chr4,3680000,0.9997,0.6665,3690000,789,1588,1707
chr4,3690000,0.980892,0.736,3700000,834,1574,1832
chr4,3700000,1,0.6411,3710000,611,1277,1219
chr4,3710000,0.994675,0.7113,3720000,802,1589,1686
chr4,3720000,0.991767,0.6641,3730000,655,1379,1456
chr4,3730000,0.934576,0.6082,3740000,695,1054,1193
chr4,3740000,0.967454,0.5988,3750000,495,891,995
chr4,3750000,0.936837,0.6281,3760000,572,1042,1238
chr4,3760000,0.98826,0.6818,3770000,758,1436,1689
chr4,3770000,1,0.6489,3780000,571,1155,1191
chr4,3780000,0.9908,0.6415,3790000,600,1185,1294
chr4,3790000,0.9816,0.6477,3800000,635,1150,1369
chr4,3800000,0.992589,0.7081,3810000,785,1519,1731
chr4,3810000,0.987624,0.6493,3820000,604,1217,1271
chr4,3820000,0.992353,0.6762,3830000,830,1562,1644
chr4,3830000,1,0.6457,3840000,638,1235,1340
chr4,3840000,1,0.6674,3850000,706,1346,1428
chr4,3850000,0.9981,0.6754,3860000,799,1380,1563
chr4,3860000,1,0.6858,3870000,710,1366,1400
chr4,3870000,0.99825,0.6364,3880000,590,1149,1234
chr4,3880000,1,0.6666,3890000,737,1329,1426
chr4,3890000,0.781941,0.5894,3900000,370,714,701
chr4,3900000,0.630307,0.6,3910000,184,317,428
chr4,3910000,0.969712,0.5708,3920000,407,896,927
chr4,3920000,0.63455,0.6908,3930000,219,469,602
chr4,3930000,0.8697,0.6766,3940000,486,1007,984
chr4,3940000,0.9986,0.6443,3950000,680,1317,1313
chr4,3950000,1,0.6334,3960000,511,1121,1121
chr4,3960000,0.921492,0.6608,3970000,591,1134,1285
chr4,3970000,1,0.6785,3980000,765,1433,1484
chr4,3980000,0.9968,0.6561,3990000,807,1327,1547
chr4,3990000,0.912745,0.6781,4000000,591,1215,1301
chr4,4000000,0.985067,0.6848,4010000,791,1472,1595
chr4,4010000,0.875358,0.6731,4020000,561,1120,1177
chr4,4020000,0.984917,0.6062,4030000,1173,1678,1613
chr4,4030000,0.996817,0.645,4040000,587,1271,1231
chr4,4040000,0.959707,0.6984,4050000,622,1263,1495
chr4,4050000,0.93108,0.5976,4060000,446,817,1000
chr4,4060000,0.931583,0.6245,4070000,472,792,1079
chr4,4070000,0.99745,0.6544,4080000,685,1338,1456
chr4,4080000,0.9939,0.6803,4090000,653,1410,1369
chr4,4090000,1,0.5983,4100000,1089,1606,1435
chr4,4100000,0.97665,0.6704,4110000,771,1315,1552
chr4,4110000,0.997443,0.7103,4120000,888,1576,1715
chr4,4120000,0.898751,0.6771,4130000,697,1121,1360
chr4,4130000,0.978828,0.6597,4140000,869,1359,1483
chr4,4140000,0.901979,0.5896,4150000,362,681,841
chr4,4150000,0.99525,0.7134,4160000,737,1437,1633
chr4,4160000,0.988859,0.7424,4170000,956,1621,1933
chr4,4170000,1,0.6272,4180000,457,970,1004
chr4,4180000,0.850738,0.5967,4190000,518,900,1045
chr4,4190000,0.806549,0.5465,4200000,580,759,946
chr4,4200000,0.719809,0.5366,4210000,236,455,643
chr4,4210000,1,0.6767,4220000,687,1343,1496
chr4,4220000,0.9945,0.7087,4230000,733,1551,1623
chr4,4230000,1,0.6224,4240000,455,1060,950
chr4,4240000,0.986143,0.6292,4250000,514,1054,1256
chr4,4250000,0.984958,0.6143,4260000,531,1087,1166
chr4,4260000,1,0.6649,4270000,677,1473,1362
chr4,4270000,1,0.6552,4280000,674,1321,1424
chr4,4280000,1,0.6125,4290000,526,1082,1032
chr4,4290000,0.891841,0.5719,4300000,468,801,999
chr4,4300000,0.810427,0.6059,4310000,433,757,991
chr4,4310000,0.995425,0.5532,4320000,694,1131,1173
chr4,4320000,0.758343,0.5957,4330000,365,770,817
chr4,4330000,0.856477,0.5635,4340000,346,754,790
chr4,4340000,0.709474,0.52,4350000,214,419,505
chr4,4350000,0.985167,0.6132,4360000,493,1030,955
chr4,4360000,0.943983,0.6093,4370000,520,1008,1027
chr4,4370000,0.723091,0.5381,4380000,330,479,555
chr4,4380000,0.986762,0.5852,4390000,451,904,982
chr4,4390000,0.994304,0.6756,4400000,712,1342,1397
chr4,4400000,0.964027,0.6562,4410000,598,1122,1295
chr4,4410000,1,0.6642,4420000,722,1347,1546
chr4,4420000,0.947434,0.5245,4430000,860,1195,1391
chr4,4430000,0.9914,0.6242,4440000,511,1092,994
chr4,4440000,0.981858,0.584,4450000,9218,7279,4826
chr4,4450000,0.394625,0.5398,4460000,196,207,336
chr4,4460000,0.20356,0.5397,4470000,106,69,81
chr4,4470000,0.206781,0.5408,4480000,172,124,169
chr4,4480000,0.471081,0.5399,4490000,497,431,524
chr4,4490000,0.221249,0.5347,4500000,154,155,204
chr4,4500000,0.163546,0.5314,4510000,100,86,107
chr4,4510000,0.18784,0.5293,4520000,240,187,265
chr4,4520000,0.200022,0.5302,4530000,46,67,131
chr4,4530000,0.123642,0.531,4540000,89,64,119
chr4,4540000,0.076196,0.5301,4550000,71,53,89
chr4,4550000,0.0558947,0.5314,4560000,29,24,41
chr4,4560000,0.188462,0.532,4570000,68,64,119
chr4,4570000,0.267837,0.5318,4580000,104,113,171
chr4,4580000,0.171178,0.5299,4590000,116,105,121
chr4,4590000,0.187921,0.5319,4600000,96,97,143
chr4,4600000,0.0398985,0.5319,4610000,59,34,93
chr4,4610000,0.112018,0.5315,4620000,69,61,89
chr4,4620000,0.0656987,0.5321,4630000,11,15,21
chr4,4630000,0.0339697,0.5311,4640000,17,10,28
chr4,4640000,0.0316519,0.5322,4650000,25,20,21
chr4,4650000,0.164579,0.5315,4660000,36,74,107
chr4,4660000,0.064985,0.532,4670000,11,12,27
chr4,4670000,0.119723,0.5588,4680000,82,91,158
chr4,4680000,0.0757636,0.5514,4690000,78,67,92
chr4,4690000,0.0621887,0.5293,4700000,426,320,484
chr4,4700000,0.0795618,0.5302,4710000,72,75,85
chr4,4710000,0.101272,0.5279,4720000,37,48,70
chr4,4720000,0.0921088,0.5308,4730000,16,15,24
chr4,4730000,0.105555,0.5314,4740000,14,13,28
chr4,4740000,0.0599017,0.5306,4750000,22,14,32
chr4,4750000,0.0631901,0.5324,4760000,19,24,42
chr4,4760000,0.09415,0.5314,4770000,39,41,49
chr4,4770000,0.103847,0.53,4780000,24,33,57
chr4,4780000,0.0704196,0.5193,4790000,10,21,36
chr4,4790000,0.0618367,0.5261,4800000,51,40,46
chr4,4800000,0.141032,0.5251,4810000,124,107,197
chr4,4810000,0.108159,0.5315,4820000,75,77,110
chr4,4820000,0.128773,0.5326,4830000,93,104,118
chr4,4830000,0.0895515,0.536,4840000,50,51,67
chr4,4840000,0.0290512,0.5313,4850000,16,13,21
chr4,4850000,0.138568,0.534,4860000,62,68,127
chr4,4860000,0.210002,0.5319,4870000,425,325,434
chr4,4870000,0.0505949,0.5307,4880000,26,26,55
chr4,4880000,0.140576,0.5324,4890000,725,627,570
chr4,4890000,0.0944183,0.5296,4900000,146,111,189
chr4,4900000,0.495182,0.5333,4910000,1303,827,1250
chr4,4910000,0.724366,0.5423,4920000,1760,1161,1767
chr4,4920000,0.686641,0.5395,4930000,1074,801,926
chr4,4930000,0.548287,0.5431,4940000,483,529,537
chr4,4940000,0.275202,0.5416,4950000,215,171,283
chr4,4950000,0.4001,0.5403,4960000,478,434,457
chr4,4960000,0.329705,0.5413,4970000,339,271,366
chr4,4970000,0.582872,0.5416,4980000,819,542,895
chr4,4980000,0.99785,0.6539,4990000,669,1173,1278
chr4,4990000,0.99875,0.6562,5000000,604,1250,1296
chr4,5000000,0.807717,0.6268,5010000,456,882,1096
chr4,5010000,0.964025,0.6474,5020000,533,1031,1167
chr4,5020000,0.9011,0.6997,5030000,643,1161,1454
chr4,5030000,0.925756,0.6532,5040000,1206,1604,1822
chr4,5040000,0.946261,0.6578,5050000,725,1301,1394
chr4,5050000,0.99955,0.6912,5060000,719,1364,1569
chr4,5060000,0.871833,0.6551,5070000,674,1177,1280
chr4,5070000,0.919575,0.6368,5080000,561,1123,1090
chr4,5080000,0.800214,0.6748,5090000,596,1114,1266
chr4,5090000,1,0.6079,5100000,283,547,492
chr4,5100000,0.7968,0.6575,5110000,341,631,736
chr4,5110000,0.73775,0.6416,5120000,1054,1451,1259
chr4,5120000,0.954898,0.5911,5130000,828,1211,1200
chr4,5130000,0.999,0.6006,5140000,903,1384,1340
chr4,5140000,0.9824,0.6579,5150000,207,1229,1245
chr4,5150000,0.936438,0.6649,5160000,14,1261,1336
chr4,5160000,0.9171,0.6486,5170000,24,1095,1200
chr4,5170000,1,0.6742,5180000,6,1342,1428
chr4,5180000,1,0.6156,5190000,2,1079,999
chr4,5190000,1,0.6096,5200000,13,985,1093
chr4,5200000,1,0.6452,5210000,23,1317,1498
chr4,5210000,0.98845,0.7423,5220000,33,1590,1809
chr4,5220000,0.947637,0.6869,5230000,45,1226,1401
chr4,5230000,0.966,0.688,5240000,19,1330,1528
chr4,5240000,0.936404,0.5834,5250000,10,892,960
chr4,5250000,0.7816,0.6752,5260000,9,926,1214
chr4,5260000,1,0.624,5270000,1,1090,976
chr4,5270000,0.986767,0.6659,5280000,38,1271,1431
chr4,5280000,0.9963,0.6154,5290000,17,1122,1182
chr4,5290000,0.9996,0.6357,5300000,33,1187,1254
chr4,5300000,0.923156,0.7268,5310000,29,1320,1580
chr4,5310000,0.824683,0.6363,5320000,4,715,909
chr4,5320000,0.90955,0.6222,5330000,53,1051,1096
chr4,5330000,0.97216,0.6191,5340000,55,1070,1245
chr4,5340000,0.99895,0.6382,5350000,15,1248,1353
chr4,5350000,1,0.5778,5360000,9,1095,1097
chr4,5360000,0.99937,0.5608,5370000,3,933,929
chr4,5370000,0.988833,0.6951,5380000,133,1558,1773
chr4,5380000,0.960398,0.6706,5390000,4,1323,1357
chr4,5390000,0.904017,0.6541,5400000,32,1024,1174
chr4,5400000,0.982704,0.603,5410000,20,1102,1116
chr4,5410000,0.936095,0.5378,5420000,36,686,860
chr4,5420000,0.48576,0.5324,5430000,2,1,5
chr4,5430000,0.456393,0.5796,5440000,3,4,3
chr4,5440000,0.48556,0.5659,5450000,0,1,1
chr4,5450000,0.470915,0.5956,5460000,0,0,2
chr4,5460000,0.506833,0.7065,5470000,0,55,76
chr4,5470000,0.880791,0.5858,5480000,59,783,894
chr4,5480000,0.837318,0.5909,5490000,55,628,769
chr4,5490000,0.787733,0.5243,5500000,6,471,554
chr4,5500000,0.84898,0.5636,5510000,6,746,804
chr4,5510000,0.974707,0.6906,5520000,8,1355,1575
chr4,5520000,1,0.6275,5530000,150,1533,1308
chr4,5530000,0.971069,0.6837,5540000,37,1312,1626
chr4,5540000,0.975079,0.6307,5550000,88,1185,1225
chr4,5550000,0.996098,0.6464,5560000,25,1170,1321
chr4,5560000,0.992736,0.6067,5570000,44,1199,1148
chr4,5570000,0.745331,0.565,5580000,52,772,764
chr4,5580000,0.497266,0.5199,5590000,10,259,345
chr4,5590000,0.986517,0.5903,5600000,43,850,979
chr4,5600000,0.984892,0.5733,5610000,85,956,1043
chr4,5610000,1,0.5489,5620000,7,921,946
chr4,5620000,0.882016,0.6519,5630000,138,1142,1216
chr4,5630000,0.887524,0.6311,5640000,188,1135,1123
chr4,5640000,0.93392,0.6383,5650000,16,1044,1317
chr4,5650000,0.99935,0.7023,5660000,10,1509,1754
chr4,5660000,0.9643,0.6585,5670000,12,1183,1256
chr4,5670000,0.99115,0.7175,5680000,252,1793,2016
chr4,5680000,0.998,0.6304,5690000,11,1176,1207
chr4,5690000,1,0.6286,5700000,9,1202,1126
chr4,5700000,0.99555,0.6985,5710000,8,1464,1728
chr4,5710000,0.856658,0.6484,5720000,35,1134,1303
chr4,5720000,0.983414,0.651,5730000,60,1330,1298
chr4,5730000,0.87756,0.6458,5740000,14,1067,1189
chr4,5740000,0.693675,0.6437,5750000,30,685,855
chr4,5750000,0.986717,0.6054,5760000,27,1034,1196
chr4,5760000,0.957668,0.557,5770000,16,846,850
chr4,5770000,0.939699,0.6413,5780000,437,1380,1351
chr4,5780000,0.940028,0.5831,5790000,9,914,990
chr4,5790000,0.866835,0.6231,5800000,31,979,1192
chr4,5800000,0.9024,0.6672,5810000,41,1183,1411
chr4,5810000,0.972883,0.6716,5820000,67,1432,1483
chr4,5820000,0.98777,0.6287,5830000,92,1218,1350
chr4,5830000,0.922823,0.6182,5840000,177,1142,1162
chr4,5840000,0.982658,0.6535,5850000,43,1278,1343
chr4,5850000,0.995083,0.6986,5860000,15,1526,1679
chr4,5860000,0.99875,0.6843,5870000,11,1390,1539
chr4,5870000,0.994432,0.614,5880000,8,1098,1127
chr4,5880000,1,0.6523,5890000,25,1391,1359
chr4,5890000,0.862168,0.7472,5900000,3,1245,1732
chr4,5900000,0.511325,0.7482,5910000,2,481,791
chr4,5910000,0.67239,0.7121,5920000,20,706,1013
chr4,5920000,0.97905,0.5873,5930000,192,1175,1114
chr4,5930000,0.9906,0.6363,5940000,62,1316,1275
chr4,5940000,0.922542,0.6788,5950000,69,1248,1400
chr4,5950000,0.977473,0.7062,5960000,42,1460,1722
chr4,5960000,0.9995,0.7031,5970000,6,1449,1603
chr4,5970000,0.935937,0.6213,5980000,390,1251,1334
chr4,5980000,0.9342,0.6357,5990000,55,1138,1180
chr4,5990000,0.99922,0.6589,6000000,13,1196,1287
chr4,6000000,1,0.6149,6010000,9,1151,1256
chr4,6010000,1,0.6632,6020000,9,1290,1481
chr4,6020000,0.964382,0.5393,6030000,52,817,978
chr4,6030000,0.992,0.634,6040000,38,1215,1381
chr4,6040000,0.944486,0.5877,6050000,199,932,1128
chr4,6050000,0.98385,0.6459,6060000,234,1499,1441
chr4,6060000,0.992845,0.7025,6070000,27,1474,1667
chr4,6070000,0.924359,0.6151,6080000,21,921,1051
chr4,6080000,0.921897,0.6422,6090000,20,1131,1202
chr4,6090000,0.971617,0.6614,6100000,195,1360,1437
chr4,6100000,0.9968,0.6301,6110000,130,1236,1281
chr4,6110000,0.985567,0.6567,6120000,12,1233,1343
chr4,6120000,0.99205,0.6074,6130000,24,1126,1120
chr4,6130000,1,0.5222,6140000,93,1044,881
chr4,6140000,0.993533,0.6079,6150000,177,1451,1154
chr4,6150000,1,0.6274,6160000,8,1205,1170
chr4,6160000,0.960365,0.6628,6170000,9,1303,1445
chr4,6170000,0.734493,0.5789,6180000,7,769,870
chr4,6180000,0.76208,0.5766,6190000,12,697,822
chr4,6190000,0.987158,0.7032,6200000,68,1509,1729
chr4,6200000,0.99285,0.6115,6210000,2297,3088,2820
chr4,6210000,0.819972,0.5559,6220000,13,578,742
chr4,6220000,0.902001,0.602,6230000,35,963,1019
chr4,6230000,0.901983,0.6179,6240000,65,962,1026
chr4,6240000,0.994343,0.6234,6250000,70,1236,1311
chr4,6250000,0.960978,0.642,6260000,64,1255,1295
chr4,6260000,1,0.6314,6270000,43,1349,1312
chr4,6270000,0.879103,0.6517,6280000,59,1080,1323
chr4,6280000,0.88927,0.5709,6290000,201,886,977
chr4,6290000,0.904343,0.6616,6300000,49,1123,1295
chr4,6300000,1,0.6623,6310000,179,1608,1600
chr4,6310000,1,0.6746,6320000,79,1459,1739
chr4,6320000,0.993683,0.5957,6330000,34,1054,1085
chr4,6330000,1,0.6833,6340000,39,1505,1434
chr4,6340000,0.979525,0.6458,6350000,9,1195,1205
chr4,6350000,0.942943,0.6361,6360000,319,1387,1474
chr4,6360000,0.921296,0.5748,6370000,273,952,1112
chr4,6370000,0.814725,0.6229,6380000,227,1076,1103
chr4,6380000,0.933325,0.6569,6390000,13,1125,1366
chr4,6390000,1,0.6731,6400000,4,1345,1269
chr4,6400000,1,0.6543,6410000,4,1240,1318
chr4,6410000,1,0.5322,6420000,44,950,879
chr4,6420000,0.977125,0.6519,6430000,33,1183,1262
chr4,6430000,0.858043,0.6616,6440000,53,1109,1261
chr4,6440000,0.893855,0.5961,6450000,12,713,855
chr4,6450000,0.933295,0.6343,6460000,151,1150,1381
chr4,6460000,0.998063,0.6461,6470000,141,1322,1570
chr4,6470000,0.9803,0.6359,6480000,3,1048,1133
chr4,6480000,0.9738,0.6785,6490000,31,1351,1441
chr4,6490000,0.965858,0.6298,6500000,6,1064,1033
chr4,6500000,0.942317,0.5805,6510000,38,800,962
chr4,6510000,0.881616,0.5539,6520000,25,733,808
chr4,6520000,0.8752,0.7247,6530000,8,1117,1394
chr4,6530000,0.834306,0.6714,6540000,6,876,1101
chr4,6540000,0.955917,0.7513,6550000,6,1447,1900
chr4,6550000,0.976147,0.6764,6560000,8,1227,1321
chr4,6560000,0.99875,0.6755,6570000,30,1336,1356
chr4,6570000,0.994939,0.6532,6580000,81,1237,1346
chr4,6580000,0.912486,0.6727,6590000,17,1096,1337
chr4,6590000,0.535229,0.7306,6600000,3,341,482
chr4,6600000,0.789847,0.6102,6610000,40,708,794
chr4,6610000,0.384493,0.5781,6620000,23,202,253
chr4,6620000,0.717007,0.5727,6630000,14,554,647
chr4,6630000,0.764984,0.5146,6640000,13,473,623
chr4,6640000,0.979198,0.5387,6650000,50,827,932
chr4,6650000,0.9989,0.5549,6660000,94,859,896
chr4,6660000,0.775013,0.633,6670000,812,1569,1439
chr4,6670000,0.933241,0.6417,6680000,223,1200,1313
chr4,6680000,0.706276,0.6126,6690000,64,629,742
chr4,6690000,0.942567,0.631,6700000,6838,11723,8718
chr4,6700000,0.941425,0.6812,6710000,1731,3732,2928
chr4,6710000,0.776988,0.6875,6720000,216,932,1254
chr4,6720000,0.759022,0.6745,6730000,50,803,1068
chr4,6730000,0.864763,0.6426,6740000,126,944,1169
chr4,6740000,0.945311,0.6041,6750000,412,1214,1237
chr4,6750000,0.949113,0.6048,6760000,896,1650,1676
chr4,6760000,0.887917,0.5871,6770000,866,1302,1250
chr4,6770000,0.964525,0.5836,6780000,77,871,988
chr4,6780000,0.995333,0.6191,6790000,175,1199,1256
chr4,6790000,0.995117,0.6282,6800000,26,1046,1170
chr4,6800000,1,0.6657,6810000,28,1314,1426
chr4,6810000,1,0.6719,6820000,74,1369,1486
chr4,6820000,0.899134,0.6436,6830000,26,945,953
chr4,6830000,1,0.6716,6840000,295,1585,1552
chr4,6840000,0.98375,0.6389,6850000,507,1421,1468
chr4,6850000,0.958977,0.6244,6860000,336,1252,1156
chr4,6860000,0.99875,0.5485,6870000,12,916,874
chr4,6870000,0.854283,0.5348,6880000,22,647,669
chr4,6880000,0.487126,0.5434,6890000,4,1,11
chr4,6890000,0.443879,0.5797,6900000,4,6,3
chr4,6900000,0.497471,0.5677,6910000,2,5,10
chr4,6910000,0.471518,0.6036,6920000,0,0,1
chr4,6920000,0.582433,0.6987,6930000,8,242,256
chr4,6930000,1,0.6279,6940000,4,1187,1185
chr4,6940000,0.95405,0.6446,6950000,461,1564,1700
chr4,6950000,0.628838,0.6736,6960000,6,668,736
chr4,6960000,0.864248,0.6227,6970000,2,964,877
chr4,6970000,0.984433,0.6098,6980000,84,1093,1217
chr4,6980000,0.968112,0.5091,6990000,20,645,788
chr4,6990000,0.97581,0.6259,7000000,94,1097,1193
chr4,7000000,0.99915,0.7127,7010000,53,1458,1755
chr4,7010000,0.99095,0.6627,7020000,19,1308,1257
chr4,7020000,0.948875,0.556,7030000,60,738,833
chr4,7030000,1,0.6682,7040000,42,1352,1387
chr4,7040000,1,0.6758,7050000,20,1323,1490
chr4,7050000,1,0.5895,7060000,26,1007,1104
chr4,7060000,0.993833,0.6094,7070000,76,1080,1199
chr4,7070000,1,0.6891,7080000,13,1415,1699
chr4,7080000,1,0.6574,7090000,39,1276,1374
chr4,7090000,1,0.6065,7100000,19,1127,1167
chr4,7100000,0.981667,0.5761,7110000,145,942,1120
chr4,7110000,0.9994,0.6127,7120000,46,1167,1249
chr4,7120000,0.961762,0.6264,7130000,35,1051,1160
chr4,7130000,1,0.6388,7140000,5,1223,1288
chr4,7140000,0.9991,0.6501,7150000,27,1203,1330
chr4,7150000,0.990133,0.6204,7160000,16,1213,1287
chr4,7160000,0.983717,0.6354,7170000,78,1289,1359
chr4,7170000,0.983502,0.6028,7180000,32,1080,1176
chr4,7180000,0.986917,0.6572,7190000,18,1211,1455
chr4,7190000,1,0.7104,7200000,242,1744,1865
chr4,7200000,0.906315,0.5165,7210000,22,565,696
chr4,7210000,0.971467,0.6317,7220000,449,1618,1619
chr4,7220000,0.996447,0.6664,7230000,492,1643,1662
chr4,7230000,1,0.6535,7240000,52,1398,1530
chr4,7240000,0.923217,0.6376,7250000,124,1061,1285
chr4,7250000,0.945398,0.6207,7260000,494,1326,1338
chr4,7260000,1,0.6192,7270000,27,1115,1094
chr4,7270000,0.740331,0.6242,7280000,23,600,657
chr4,7280000,0.660238,0.6228,7290000,9,451,541
chr4,7290000,0.700875,0.6241,7300000,31,474,517
chr4,7300000,0.586535,0.6076,7310000,6,414,444
chr4,7310000,0.459194,0.6083,7320000,36,369,411
chr4,7320000,0.43136,0.5879,7330000,26,290,345
chr4,7330000,0.407074,0.6129,7340000,22,230,338
chr4,7340000,0.436865,0.6172,7350000,3,176,261
chr4,7350000,0.537196,0.6119,7360000,7,181,240
chr4,7360000,0.885473,0.6015,7370000,140,747,758
chr4,7370000,0.763013,0.622,7380000,9,464,530
chr4,7380000,0.610304,0.6204,7390000,6,365,413
chr4,7390000,0.636934,0.6182,7400000,13,369,407
chr4,7400000,0.365256,0.6169,7410000,1,103,135
chr4,7410000,0.475943,0.617,7420000,6,256,319
chr4,7420000,0.549866,0.6178,7430000,5,358,371
chr4,7430000,0.708051,0.609,7440000,3,430,522
chr4,7440000,0.694004,0.6187,7450000,39,477,506
chr4,7450000,0.641201,0.6075,7460000,31,508,509
chr4,7460000,0.313388,0.6059,7470000,24,135,174
chr4,7470000,0.442134,0.6184,7480000,35,281,307
chr4,7480000,0.496116,0.6156,7490000,10,289,339
chr4,7490000,0.58312,0.6179,7500000,38,444,394
chr4,7500000,0.534237,0.6198,7510000,8,277,361
chr4,7510000,0.644337,0.623,7520000,3,407,428
chr4,7520000,0.642843,0.6236,7530000,3,505,569
chr4,7530000,0.397764,0.6156,7540000,5,149,191
chr4,7540000,0.800956,0.6153,7550000,14,601,548
chr4,7550000,0.406674,0.6122,7560000,12,246,251
chr4,7560000,0.24781,0.609,7570000,0,114,128
chr4,7570000,0.587018,0.5885,7580000,59,442,529
chr4,7580000,0.3414,0.6109,7590000,2,82,93
chr4,7590000,0.639558,0.6031,7600000,16,416,454
chr4,7600000,0.952789,0.5805,7610000,35,740,813
chr4,7610000,0.884436,0.5834,7620000,41,675,760
chr4,7620000,0.94565,0.6212,7630000,3,769,873
chr4,7630000,0.652334,0.6194,7640000,3,478,622
chr4,7640000,0.9503,0.6043,7650000,67,907,938
chr4,7650000,0.94786,0.5729,7660000,12,714,760
chr4,7660000,0.714598,0.6078,7670000,266,715,855
chr4,7670000,0.932439,0.6201,7680000,4,760,934
chr4,7680000,0.714249,0.6234,7690000,13,631,621
chr4,7690000,0.626386,0.6155,7700000,74,385,458
chr4,7700000,0.44369,0.6185,7710000,65,171,177
chr4,7710000,0.299403,0.6154,7720000,0,97,97
chr4,7720000,0.528726,0.6155,7730000,13,279,340
chr4,7730000,0.436197,0.6126,7740000,179,337,352
chr4,7740000,0.332185,0.6118,7750000,11,122,171
chr4,7750000,0.466012,0.6122,7760000,5,211,238
chr4,7760000,0.649921,0.6127,7770000,9,352,417
chr4,7770000,0.29331,0.6131,7780000,8,107,130
chr4,7780000,0.289455,0.6114,7790000,24,115,153
chr4,7790000,0.568054,0.6154,7800000,33,377,410
chr4,7800000,0.444107,0.6113,7810000,2,215,256
chr4,7810000,0.621731,0.6098,7820000,55,354,414
chr4,7820000,0.397848,0.5885,7830000,5,205,247
chr4,7830000,0.37707,0.6112,7840000,5,99,126
chr4,7840000,0.579933,0.6006,7850000,49,390,419
chr4,7850000,0.548033,0.6093,7860000,13,299,376
chr4,7860000,0.325912,0.6051,7870000,10,151,167
chr4,7870000,0.444393,0.6033,7880000,9,247,309
chr4,7880000,0.715528,0.6109,7890000,74,474,514
chr4,7890000,0.543015,0.5984,7900000,82,351,438
chr4,7900000,0.338656,0.5895,7910000,64,292,331
chr4,7910000,0.695147,0.6062,7920000,21,453,529
chr4,7920000,0.484761,0.6142,7930000,24,306,319
chr4,7930000,0.396181,0.589,7940000,9,274,369
chr4,7940000,0.435563,0.5915,7950000,2,291,370
chr4,7950000,0.476734,0.6147,7960000,10,332,420
chr4,7960000,0.419717,0.6182,7970000,1,232,273
chr4,7970000,0.363403,0.617,7980000,5,193,254
chr4,7980000,0.396281,0.6158,7990000,8,215,259
chr4,7990000,0.453542,0.6187,8000000,10,242,269
chr4,8000000,0.548901,0.6109,8010000,25,330,390
chr4,8010000,0.544779,0.589,8020000,565,670,578
chr4,8020000,0.484413,0.5807,8030000,19,296,340
chr4,8030000,0.524182,0.5892,8040000,11,386,442
chr4,8040000,0.136931,0.5737,8050000,1,32,31
chr4,8050000,0.359002,0.5816,8060000,1,236,292
chr4,8060000,0.392874,0.6095,8070000,47,286,267
chr4,8070000,0.187984,0.6093,8080000,0,35,57
chr4,8080000,0.516892,0.6074,8090000,23,346,410
chr4,8090000,0.394795,0.581,8100000,14,271,309
chr4,8100000,0.423378,0.6113,8110000,26,238,351
chr4,8110000,0.276247,0.6142,8120000,2,111,160
chr4,8120000,0.572675,0.6031,8130000,464,664,697
chr4,8130000,0.765228,0.5826,8140000,65,584,596
chr4,8140000,0.54677,0.6087,8150000,41,304,369
chr4,8150000,0.565281,0.5974,8160000,364,565,502
chr4,8160000,0.270998,0.5785,8170000,84,221,271
chr4,8170000,0.440518,0.6124,8180000,3,274,354
chr4,8180000,0.667375,0.615,8190000,43,411,503
chr4,8190000,0.489703,0.6133,8200000,15,271,334
chr4,8200000,0.463083,0.6151,8210000,11,250,268
chr4,8210000,0.48146,0.616,8220000,3,276,359
chr4,8220000,0.366808,0.6174,8230000,39,585,913
chr4,8230000,0.21306,0.6184,8240000,2,90,127
chr4,8240000,0.144133,0.6205,8250000,1,34,42
chr4,8250000,0.223677,0.6162,8260000,1,96,124
chr4,8260000,0.330792,0.6072,8270000,7,182,253
chr4,8270000,0.138459,0.6186,8280000,4,60,109
chr4,8280000,0.168376,0.6177,8290000,5,73,106
chr4,8290000,0.191992,0.6173,8300000,2,84,109
chr4,8300000,0.199273,0.6156,8310000,2,105,150
chr4,8310000,0.172784,0.6164,8320000,42,124,133
chr4,8320000,0.111882,0.6142,8330000,32,106,148
chr4,8330000,0.164109,0.6161,8340000,0,41,63
chr4,8340000,0.299672,0.617,8350000,1,201,214
chr4,8350000,0.207131,0.6177,8360000,13,119,132
chr4,8360000,0.263884,0.6133,8370000,1,172,198
chr4,8370000,0.217803,0.6138,8380000,4,90,90
chr4,8380000,0.216641,0.6163,8390000,1,81,105
chr4,8390000,0.303249,0.591,8400000,120,239,224
chr4,8400000,0.29365,0.5997,8410000,3,69,107
chr4,8410000,0.274329,0.605,8420000,69,139,147
chr4,8420000,0.267525,0.5985,8430000,2,69,85
chr4,8430000,0.286715,0.6132,8440000,3,117,176
chr4,8440000,0.194222,0.6136,8450000,2,66,107
chr4,8450000,0.234559,0.6145,8460000,7,103,166
chr4,8460000,0.214181,0.6135,8470000,5,97,118
chr4,8470000,0.217268,0.6143,8480000,1,82,122
chr4,8480000,0.228549,0.6134,8490000,1,60,79
chr4,8490000,0.179227,0.6145,8500000,14,111,136
chr4,8500000,0.167301,0.6149,8510000,1,94,129
chr4,8510000,0.204396,0.6137,8520000,3,127,150
chr4,8520000,0.17634,0.6143,8530000,1,51,70
chr4,8530000,0.137017,0.615,8540000,7,57,88
chr4,8540000,0.12814,0.6147,8550000,5,54,75
chr4,8550000,0.242622,0.6155,8560000,5,139,180
chr4,8560000,0.261802,0.6155,8570000,5,88,136
chr4,8570000,0.10385,0.6144,8580000,20,42,68
chr4,8580000,0.0994718,0.6134,8590000,24,55,67
chr4,8590000,0.323324,0.615,8600000,61,287,312
chr4,8600000,0.0517774,0.6154,8610000,0,16,35
chr4,8610000,0.159304,0.6159,8620000,1,86,121
chr4,8620000,0.101109,0.6156,8630000,1,54,77
chr4,8630000,0.157345,0.614,8640000,2,95,143
chr4,8640000,0.213644,0.6173,8650000,0,91,118
chr4,8650000,0.219525,0.616,8660000,3,94,114
chr4,8660000,0.151478,0.6156,8670000,1,27,52
chr4,8670000,0.14746,0.6165,8680000,20,75,100
chr4,8680000,0.145161,0.6149,8690000,5,78,113
chr4,8690000,0.147288,0.6127,8700000,15,64,88
chr4,8700000,0.226631,0.6142,8710000,1,115,165
chr4,8710000,0.189273,0.6108,8720000,4,54,77
chr4,8720000,0.414404,0.6143,8730000,11,258,319
chr4,8730000,0.316119,0.6137,8740000,0,144,187
chr4,8740000,0.386831,0.5911,8750000,11,244,334
chr4,8750000,0.3107,0.5937,8760000,241,368,346
chr4,8760000,0.209784,0.5893,8770000,0,81,147
chr4,8770000,0.336054,0.5888,8780000,10,244,308
chr4,8780000,0.304409,0.596,8790000,2,196,261
chr4,8790000,0.291683,0.6203,8800000,12,160,185
chr4,8800000,0.199131,0.6173,8810000,4,54,61
chr4,8810000,0.241891,0.6167,8820000,1,130,155
chr4,8820000,0.2457,0.6174,8830000,2,111,122
chr4,8830000,0.112166,0.6193,8840000,3,68,57
chr4,8840000,0.194268,0.6201,8850000,1,92,115
chr4,8850000,0.0985607,0.6191,8860000,0,11,18
chr4,8860000,0.103429,0.6188,8870000,1,20,33
chr4,8870000,0.161154,0.6196,8880000,2,74,82
chr4,8880000,0.158632,0.6205,8890000,50,104,107
chr4,8890000,0.0920811,0.6187,8900000,1,57,39
chr4,8900000,0.155896,0.6198,8910000,3,49,50
chr4,8910000,0.139608,0.6188,8920000,9,69,74
chr4,8920000,0.16781,0.6184,8930000,1,73,107
chr4,8930000,0.172844,0.6194,8940000,3,70,86
chr4,8940000,0.106223,0.6214,8950000,42,74,87
chr4,8950000,0.307853,0.6156,8960000,26,173,194
chr4,8960000,0.232933,0.5762,8970000,1,129,140
chr4,8970000,0.259279,0.5781,8980000,0,60,95
chr4,8980000,0.26342,0.6181,8990000,3,188,246
chr4,8990000,0.266844,0.6047,9000000,3,198,221
chr4,9000000,0.196961,0.6053,9010000,3,74,73
chr4,9010000,0.118535,0.6136,9020000,3,54,79
chr4,9020000,0.140071,0.6006,9030000,5,32,61
chr4,9030000,0.168607,0.5976,9040000,4,83,94
chr4,9040000,0.278527,0.605,9050000,1,161,219
chr4,9050000,0.304612,0.6074,9060000,1,182,209
chr4,9060000,0.197144,0.6205,9070000,7,41,80
chr4,9070000,0.390012,0.6103,9080000,7,287,330
chr4,9080000,0.295695,0.5934,9090000,46,211,225
chr4,9090000,0.356672,0.5939,9100000,30,275,358
chr4,9100000,0.321271,0.6132,9110000,31,193,336
chr4,9110000,0.368384,0.6206,9120000,10,211,301
chr4,9120000,0.271233,0.5916,9130000,4,160,244
chr4,9130000,0.215059,0.6173,9140000,1,86,98
chr4,9140000,0.324589,0.5901,9150000,8,185,227
chr4,9150000,0.332906,0.6017,9160000,22,265,262
chr4,9160000,0.220738,0.5746,9170000,4,138,156
chr4,9170000,0.254712,0.6141,9180000,6,103,98
chr4,9180000,0.312006,0.6168,9190000,5,162,192
chr4,9190000,0.305806,0.607,9200000,3,181,244
chr4,9200000,0.360805,0.6158,9210000,4,224,286
chr4,9210000,0.300833,0.5645,9220000,5,186,183
chr4,9220000,0.292569,0.6108,9230000,3,157,226
chr4,9230000,0.227985,0.6163,9240000,5,79,80
chr4,9240000,0.254272,0.6167,9250000,1,77,99
chr4,9250000,0.327672,0.609,9260000,2,174,190
chr4,9260000,0.330442,0.5753,9270000,8,201,247
chr4,9270000,0.492734,0.5927,9280000,170,512,490
chr4,9280000,0.38101,0.6152,9290000,69,304,327
chr4,9290000,0.323976,0.6146,9300000,6,155,210
chr4,9300000,0.238954,0.6108,9310000,2,169,210
chr4,9310000,0.374934,0.6024,9320000,3,305,345
chr4,9320000,0.25958,0.5879,9330000,64,227,280
chr4,9330000,0.280842,0.5745,9340000,8,205,265
chr4,9340000,0.270398,0.5914,9350000,6,189,246
chr4,9350000,0.40425,0.592,9360000,2,239,280
chr4,9360000,0.148687,0.6168,9370000,1,80,74
chr4,9370000,0.151161,0.6158,9380000,0,40,50
chr4,9380000,0.347689,0.6174,9390000,4,106,178
chr4,9390000,0.402282,0.6177,9400000,17,155,190
chr4,9400000,0.251682,0.6117,9410000,0,85,105
chr4,9410000,0.217178,0.613,9420000,6,50,72
chr4,9420000,0.312154,0.6136,9430000,2,156,204
chr4,9430000,0.185633,0.6104,9440000,1,100,109
chr4,9440000,0.341096,0.6099,9450000,19,200,202
chr4,9450000,0.474925,0.5862,9460000,103,320,396
chr4,9460000,0.690834,0.6116,9470000,22,414,474
chr4,9470000,0.337212,0.6123,9480000,4,142,231
chr4,9480000,0.418451,0.5889,9490000,14,218,252
chr4,9490000,0.176227,0.6145,9500000,1,55,97
chr4,9500000,0.236225,0.6158,9510000,4,95,126
chr4,9510000,0.201857,0.6165,9520000,8,85,88
chr4,9520000,0.187383,0.6159,9530000,0,46,86
chr4,9530000,0.318605,0.6162,9540000,7,158,168
chr4,9540000,0.409771,0.6134,9550000,12,150,191
chr4,9550000,0.480699,0.6115,9560000,2,212,284
chr4,9560000,0.601855,0.6126,9570000,7,364,434
chr4,9570000,0.281541,0.6143,9580000,0,96,133
chr4,9580000,0.253975,0.614,9590000,0,78,87
chr4,9590000,0.383289,0.6137,9600000,9,173,235
chr4,9600000,0.320605,0.6143,9610000,5,136,184
chr4,9610000,0.306927,0.6149,9620000,0,75,81
chr4,9620000,0.357366,0.6124,9630000,2,182,191
chr4,9630000,0.196292,0.5865,9640000,16,155,186
chr4,9640000,0.35148,0.5899,9650000,9,253,316
chr4,9650000,0.419268,0.5948,9660000,9,271,316
chr4,9660000,0.461904,0.5899,9670000,7,265,358
chr4,9670000,0.296606,0.6109,9680000,1,89,145
chr4,9680000,0.404571,0.6151,9690000,3,165,254
chr4,9690000,0.277862,0.5861,9700000,2,217,232
chr4,9700000,0.180864,0.6128,9710000,4,97,116
chr4,9710000,0.146923,0.6128,9720000,3,32,44
chr4,9720000,0.281851,0.6102,9730000,0,112,127
chr4,9730000,0.291333,0.6118,9740000,7,155,166
chr4,9740000,0.429454,0.6082,9750000,578,660,529
chr4,9750000,0.410841,0.5841,9760000,2336,1983,1914
chr4,9760000,0.269515,0.5833,9770000,234,394,347
chr4,9770000,0.477193,0.6087,9780000,707,934,783
chr4,9780000,0.345128,0.5916,9790000,11,248,349
chr4,9790000,0.353566,0.589,9800000,23,265,341
chr4,9800000,0.368193,0.5802,9810000,5,196,245
chr4,9810000,0.295544,0.5735,9820000,2,201,225
chr4,9820000,0.493017,0.5912,9830000,13,383,459
chr4,9830000,0.548736,0.573,9840000,12,309,433
chr4,9840000,0.344904,0.5722,9850000,3,221,330
chr4,9850000,0.566622,0.5641,9860000,17,333,433
chr4,9860000,0.431935,0.608,9870000,14,301,477
chr4,9870000,0.573276,0.6029,9880000,24,385,520
chr4,9880000,0.45273,0.6055,9890000,14,329,451
chr4,9890000,0.333184,0.5844,9900000,3,198,288
chr4,9900000,0.272714,0.5823,9910000,5,156,223
chr4,9910000,0.400465,0.5831,9920000,3,208,292
chr4,9920000,0.41611,0.6112,9930000,43,273,335
chr4,9930000,0.296739,0.6184,9940000,4,131,181
chr4,9940000,0.335471,0.618,9950000,3,198,255
chr4,9950000,0.254506,0.6167,9960000,4,68,91
chr4,9960000,0.299849,0.6185,9970000,7,134,181
chr4,9970000,0.21051,0.6173,9980000,2,61,96
chr4,9980000,0.731594,0.5935,9990000,387,763,642
chr4,9990000,0.81409,0.5859,10000000,59,572,702
chr4,10000000,0.451771,0.5883,10010000,106,384,459
chr4,10010000,0.637361,0.5627,10020000,21,411,529
chr4,10020000,0.423541,0.5913,10030000,11,324,418
chr4,10030000,0.288221,0.6126,10040000,6,174,184
chr4,10040000,0.194242,0.611,10050000,0,63,94
chr4,10050000,0.292551,0.6132,10060000,8,130,158
chr4,10060000,0.173378,0.6139,10070000,0,46,70
chr4,10070000,0.279997,0.6082,10080000,3,143,211
chr4,10080000,0.221559,0.6115,10090000,1,95,113
chr4,10090000,0.409819,0.6024,10100000,21,196,246
chr4,10100000,0.452497,0.6133,10110000,3,244,323
chr4,10110000,0.201283,0.6142,10120000,5,87,130
chr4,10120000,0.325957,0.6129,10130000,4,130,130
chr4,10130000,0.388934,0.6048,10140000,4,205,271
chr4,10140000,0.411466,0.6135,10150000,2,201,214
chr4,10150000,0.465556,0.614,10160000,61,250,257
chr4,10160000,0.531269,0.6145,10170000,11,297,352
chr4,10170000,0.418932,0.5911,10180000,14,260,371
chr4,10180000,0.344223,0.6107,10190000,9,181,222
chr4,10190000,0.585655,0.6118,10200000,7,407,533
chr4,10200000,0.310208,0.6054,10210000,79,329,309
chr4,10210000,0.778464,0.614,10220000,129,783,761
chr4,10220000,0.444097,0.5796,10230000,17,287,333
chr4,10230000,0.322113,0.5976,10240000,43,192,218
chr4,10240000,0.291402,0.6126,10250000,17,136,124
chr4,10250000,0.242307,0.6166,10260000,7,71,85
chr4,10260000,0.353652,0.6157,10270000,10,209,259
chr4,10270000,0.494171,0.6142,10280000,1,239,282
chr4,10280000,0.479158,0.6123,10290000,1,215,262
chr4,10290000,0.641662,0.6109,10300000,15,398,472
chr4,10300000,0.45023,0.6116,10310000,8,247,302
chr4,10310000,0.418756,0.6123,10320000,21,247,310
chr4,10320000,0.328069,0.6138,10330000,0,136,176
chr4,10330000,0.266552,0.6129,10340000,3,82,123
chr4,10340000,0.245755,0.6121,10350000,0,99,99
chr4,10350000,0.524592,0.5903,10360000,39,346,401
chr4,10360000,0.615497,0.6073,10370000,142,457,574
chr4,10370000,0.322357,0.5778,10380000,8,206,280
chr4,10380000,0.430562,0.6081,10390000,8,218,272
chr4,10390000,0.458203,0.6232,10400000,5,275,282
chr4,10400000,0.416827,0.625,10410000,2,262,270
chr4,10410000,0.351877,0.6254,10420000,2,174,213
chr4,10420000,0.463506,0.6224,10430000,11,278,325
chr4,10430000,0.398673,0.6242,10440000,0,219,267
chr4,10440000,0.370528,0.6216,10450000,10,170,202
chr4,10450000,0.500696,0.6232,10460000,4,299,345
chr4,10460000,0.490931,0.6234,10470000,47,339,403
chr4,10470000,0.320536,0.6194,10480000,174,329,386
chr4,10480000,0.287604,0.606,10490000,5,107,159
chr4,10490000,0.518578,0.6145,10500000,12,273,352
chr4,10500000,0.276528,0.6234,10510000,4,79,108
chr4,10510000,0.281825,0.5939,10520000,53,182,225
chr4,10520000,0.355993,0.5922,10530000,5,213,253
chr4,10530000,0.29921,0.6246,10540000,0,164,185
chr4,10540000,0.219918,0.6275,10550000,1,86,124
chr4,10550000,0.33521,0.6263,10560000,2,195,249
chr4,10560000,0.395985,0.6071,10570000,4,238,294
chr4,10570000,0.512173,0.6158,10580000,3,398,516
chr4,10580000,0.536225,0.621,10590000,11,347,467
chr4,10590000,0.543047,0.608,10600000,8,356,455
chr4,10600000,0.528244,0.6154,10610000,41,335,504
chr4,10610000,0.410721,0.5891,10620000,7,293,394
chr4,10620000,0.689035,0.6056,10630000,90,500,641
chr4,10630000,0.416908,0.5941,10640000,70,337,293
chr4,10640000,0.405817,0.6209,10650000,3,111,150
chr4,10650000,0.594972,0.6191,10660000,2,446,531
chr4,10660000,0.539829,0.6191,10670000,3,306,401
chr4,10670000,0.285861,0.5822,10680000,13,193,272
chr4,10680000,0.503066,0.6106,10690000,3,360,425
chr4,10690000,0.438015,0.6212,10700000,1,231,336
chr4,10700000,0.267627,0.6116,10710000,1,129,159
chr4,10710000,0.336337,0.6169,10720000,0,229,280
chr4,10720000,0.503587,0.6253,10730000,14,352,437
chr4,10730000,0.580033,0.6224,10740000,11,425,463
chr4,10740000,0.365145,0.6155,10750000,3,212,290
chr4,10750000,0.650922,0.5935,10760000,57,428,509
chr4,10760000,0.513484,0.621,10770000,8,264,331
chr4,10770000,0.479695,0.6249,10780000,3,316,373
chr4,10780000,0.408365,0.6242,10790000,6,288,320
chr4,10790000,0.309615,0.6235,10800000,6,132,152
chr4,10800000,0.194664,0.626,10810000,2,36,33
chr4,10810000,0.337525,0.6241,10820000,21,151,192
chr4,10820000,0.418231,0.6256,10830000,11,224,258
chr4,10830000,0.630971,0.625,10840000,3,441,475
chr4,10840000,0.436667,0.6274,10850000,2,208,267
chr4,10850000,0.701223,0.5897,10860000,244,549,626
chr4,10860000,0.593171,0.617,10870000,8,345,395
chr4,10870000,0.588791,0.6139,10880000,4,323,374
chr4,10880000,0.371353,0.5858,10890000,16,219,271
chr4,10890000,0.961261,0.5835,10900000,57,767,876
chr4,10900000,0.762075,0.5834,10910000,430,884,757
chr4,10910000,0.376802,0.611,10920000,3,234,319
chr4,10920000,0.361801,0.6132,10930000,2,189,180
chr4,10930000,0.437118,0.6133,10940000,1,218,250
chr4,10940000,0.644676,0.6116,10950000,4,327,437
chr4,10950000,0.843936,0.5638,10960000,101,658,651
chr4,10960000,0.913904,0.5831,10970000,18,720,859
chr4,10970000,0.586348,0.5773,10980000,14,351,424
chr4,10980000,0.686691,0.581,10990000,7,512,617
chr4,10990000,0.880372,0.5863,11000000,635,1367,1331
chr4,11000000,0.894974,0.58,11010000,280,1069,1038
chr4,11010000,0.884547,0.6831,11020000,9089,7503,8525
chr4,11020000,0.532837,0.726,11030000,3721,2936,4210
chr4,11030000,0.916884,0.6395,11040000,2654,2793,3434
chr4,11040000,0.982244,0.6365,11050000,9,1100,1253
chr4,11050000,0.98985,0.6176,11060000,7,1022,1098
chr4,11060000,0.97579,0.6012,11070000,32,901,1047
chr4,11070000,0.99455,0.6215,11080000,121,1171,1311
chr4,11080000,0.99505,0.5512,11090000,119,1279,1123
chr4,11090000,0.9994,0.7176,11100000,21,1364,1666
chr4,11100000,0.979527,0.6472,11110000,315,1385,1500
chr4,11110000,0.957972,0.653,11120000,763,1485,1726
chr4,11120000,0.966605,0.6002,11130000,539,1161,1432
chr4,11130000,0.962827,0.5936,11140000,27,868,1031
chr4,11140000,1,0.6435,11150000,12,1216,1287
chr4,11150000,0.983658,0.6315,11160000,8,1122,1199
chr4,11160000,1,0.6343,11170000,88,1211,1337
chr4,11170000,1,0.6356,11180000,6,1212,1191
chr4,11180000,0.9924,0.5937,11190000,87,1038,1106
chr4,11190000,0.967817,0.6556,11200000,19,1222,1480
chr4,11200000,0.790599,0.5925,11210000,144,701,812
chr4,11210000,0.773698,0.6204,11220000,27,841,851
chr4,11220000,0.9876,0.611,11230000,29,1138,1059
chr4,11230000,1,0.6917,11240000,7,1458,1745
chr4,11240000,1,0.6494,11250000,7,1202,1294
chr4,11250000,0.86723,0.6326,11260000,132,1125,1112
chr4,11260000,0.990125,0.6973,11270000,14,1440,1597
chr4,11270000,0.982043,0.6745,11280000,58,1389,1594
chr4,11280000,0.994,0.6411,11290000,22,1108,1351
chr4,11290000,0.811287,0.5462,11300000,9,475,595
chr4,11300000,0.813497,0.5802,11310000,11,684,815
chr4,11310000,0.949983,0.6237,11320000,7,934,1030
chr4,11320000,0.983777,0.687,11330000,9,1275,1339
chr4,11330000,1,0.6365,11340000,18,1253,1288
chr4,11340000,0.925118,0.6569,11350000,5,1057,1196
chr4,11350000,0.907397,0.5555,11360000,247,759,851
chr4,11360000,0.931006,0.6124,11370000,233,1080,1167
chr4,11370000,0.716533,0.659,11380000,4,626,701
chr4,11380000,0.433808,0.6646,11390000,0,148,246
chr4,11390000,0.991792,0.6112,11400000,23,1001,1161
chr4,11400000,1,0.6486,11410000,25,1256,1414
chr4,11410000,0.9923,0.6989,11420000,16,1501,1622
chr4,11420000,1,0.6628,11430000,23,1321,1262
chr4,11430000,0.918239,0.5614,11440000,66,836,937
chr4,11440000,0.691844,0.5184,11450000,15,422,524
chr4,11450000,0.98225,0.6419,11460000,7,1132,1052
chr4,11460000,0.98225,0.5995,11470000,69,1116,1039
chr4,11470000,0.935058,0.6864,11480000,8818,7604,8484
chr4,11480000,0.810958,0.6792,11490000,2012,2254,2732
chr4,11490000,0.785717,0.6272,11500000,46,722,815
chr4,11500000,0.9595,0.6667,11510000,20,1094,1352
chr4,11510000,0.965876,0.7048,11520000,23,1285,1716
chr4,11520000,0.942958,0.6891,11530000,19,1271,1466
chr4,11530000,0.976,0.6415,11540000,61,1299,1253
chr4,11540000,0.77037,0.7006,11550000,4,915,979
chr4,11550000,0.848728,0.6836,11560000,139,1201,1403
chr4,11560000,0.969183,0.565,11570000,33,936,961
chr4,11570000,0.97105,0.6311,11580000,7,1096,1098
chr4,11580000,0.889092,0.6388,11590000,50,981,1111
chr4,11590000,0.9976,0.5976,11600000,91,1219,1259
chr4,11600000,0.824433,0.5412,11610000,36,606,551
chr4,11610000,1,0.6283,11620000,3,1064,936
chr4,11620000,1,0.6355,11630000,8,1206,1129
chr4,11630000,0.990037,0.7279,11640000,24,1608,2048
chr4,11640000,0.961607,0.6781,11650000,17,1361,1485
chr4,11650000,0.986981,0.6524,11660000,56,1330,1405
chr4,11660000,1,0.5941,11670000,11,1118,931
chr4,11670000,0.975167,0.6987,11680000,253,1585,1865
chr4,11680000,0.958767,0.6555,11690000,128,1228,1333
chr4,11690000,0.867046,0.5575,11700000,57,790,773
chr4,11700000,0.985417,0.6775,11710000,6,1362,1474
chr4,11710000,0.945413,0.663,11720000,11,1128,1271
chr4,11720000,1,0.6745,11730000,7,1390,1477
chr4,11730000,1,0.6127,11740000,83,1039,1040
chr4,11740000,1,0.598,11750000,8,929,971
chr4,11750000,0.996251,0.6497,11760000,4,1270,1242
chr4,11760000,1,0.6043,11770000,6,1009,944
chr4,11770000,0.878423,0.6342,11780000,638,1262,1517
chr4,11780000,0.912041,0.4974,11790000,41,522,658
chr4,11790000,0.957233,0.6532,11800000,382,1500,1442
chr4,11800000,0.96588,0.6116,11810000,6,1068,1180
chr4,11810000,0.833958,0.5756,11820000,2161,2795,2408
chr4,11820000,0.880772,0.608,11830000,296,1464,1666
chr4,11830000,1,0.6699,11840000,215,1486,1443
chr4,11840000,0.858804,0.6287,11850000,392,1072,1156
chr4,11850000,0.892107,0.5816,11860000,218,910,973
chr4,11860000,0.981113,0.6212,11870000,91,1047,1222
chr4,11870000,0.702656,0.6261,11880000,31,738,857
chr4,11880000,0.612921,0.5873,11890000,2,346,359
chr4,11890000,0.928436,0.5861,11900000,19,868,929
chr4,11900000,0.976983,0.5989,11910000,117,1128,1061
chr4,11910000,0.974272,0.6035,11920000,12316,14533,17856
chr4,11920000,0.99337,0.5951,11930000,12,1059,948
chr4,11930000,0.957608,0.6177,11940000,68,1134,1200
chr4,11940000,0.99825,0.6048,11950000,37,1127,1092
chr4,11950000,0.912206,0.5239,11960000,165,794,810
chr4,11960000,0.95051,0.5014,11970000,23,725,704
chr4,11970000,0.884305,0.5107,11980000,20,589,631
chr4,11980000,0.9825,0.5726,11990000,96,979,997
chr4,11990000,0.902936,0.6169,12000000,347,1014,1059
chr4,12000000,0.929663,0.5866,12010000,161,917,1120
chr4,12010000,0.972474,0.5472,12020000,13,738,901
chr4,12020000,0.889807,0.5769,12030000,76,762,806
chr4,12030000,0.894527,0.5918,12040000,133,864,1046
chr4,12040000,0.811275,0.5666,12050000,183,622,806
chr4,12050000,0.69058,0.579,12060000,75,470,557
chr4,12060000,0.9826,0.5733,12070000,162,879,946
chr4,12070000,0.904875,0.6059,12080000,114,861,980
chr4,12080000,0.75014,0.6325,12090000,31,766,888
chr4,12090000,0.590888,0.577,12100000,2,283,465
chr4,12100000,0.753607,0.6,12110000,2,582,664
chr4,12110000,0.712977,0.5182,12120000,2496,2397,2076
chr4,12120000,0.204185,0.6382,12130000,0,0,0
chr4,12130000,0.251412,0.5767,12140000,17,29,34
chr4,12140000,0.200611,0.5887,12150000,0,0,0
chr4,12150000,0.225574,0.6319,12160000,12,20,22
chr4,12160000,0.219297,0.5684,12170000,8,3,3
chr4,12170000,0.208619,0.649,12180000,0,0,0
chr4,12180000,0.271844,0.5543,12190000,25,60,54
chr4,12190000,0.197229,0.617,12200000,0,2,0
chr4,12200000,0.245442,0.6101,12210000,19,28,36
chr4,12210000,0.219563,0.5783,12220000,2,7,14
chr4,12220000,0.600097,0.6844,12230000,15,748,938
chr4,12230000,0.945792,0.6229,12240000,90,1082,1114
chr4,12240000,0.924283,0.6117,12250000,22,1019,976
chr4,12250000,0.971925,0.6655,12260000,89,1420,1479
chr4,12260000,1,0.6732,12270000,15,1408,1507
chr4,12270000,0.887058,0.6401,12280000,50,1043,1184
chr4,12280000,0.997381,0.6649,12290000,23,1322,1452
chr4,12290000,0.980483,0.6444,12300000,8,1250,1248
chr4,12300000,1,0.6633,12310000,64,1444,1545
chr4,12310000,0.8591,0.7263,12320000,192,1432,1502
chr4,12320000,0.585942,0.7451,12330000,2,569,784
chr4,12330000,1,0.6431,12340000,4,1055,1143
chr4,12340000,0.99285,0.6666,12350000,19,1170,1329
chr4,12350000,0.948186,0.6256,12360000,190,1283,1413
chr4,12360000,0.789711,0.578,12370000,626,1197,1134
chr4,12370000,0.851481,0.6104,12380000,236,941,1123
chr4,12380000,0.987009,0.6609,12390000,18,1338,1362
chr4,12390000,0.907817,0.618,12400000,10,929,1071
chr4,12400000,0.998433,0.6468,12410000,10,1310,1357
chr4,12410000,0.952867,0.6343,12420000,775,1805,1659
chr4,12420000,0.960967,0.639,12430000,184,1285,1396
chr4,12430000,0.9946,0.6418,12440000,12,1278,1326
chr4,12440000,0.96511,0.6198,12450000,5,1057,1104
chr4,12450000,1,0.612,12460000,9,1128,1083
chr4,12460000,0.99645,0.6475,12470000,5,986,1073
chr4,12470000,0.9949,0.6303,12480000,18,1115,1177
chr4,12480000,0.974202,0.6731,12490000,99,1348,1471
chr4,12490000,0.719549,0.549,12500000,5,533,631
chr4,12500000,0.639995,0.5501,12510000,3,557,557
chr4,12510000,0.996258,0.7224,12520000,36,1580,1859
chr4,12520000,0.9209,0.6447,12530000,41,1011,1268
chr4,12530000,0.9974,0.7104,12540000,43,1466,1666
chr4,12540000,0.9594,0.6994,12550000,9,1340,1606
chr4,12550000,0.99935,0.6456,12560000,36,1185,1236
chr4,12560000,0.971767,0.6917,12570000,46,1100,1333
chr4,12570000,0.894156,0.6787,12580000,9,1223,1398
chr4,12580000,0.9931,0.5883,12590000,296,1290,1383
chr4,12590000,0.980714,0.6134,12600000,480,1481,1498
chr4,12600000,0.981633,0.6173,12610000,721,1606,1670
chr4,12610000,0.9966,0.5679,12620000,605,1438,1349
chr4,12620000,1,0.564,12630000,164,1096,1008
chr4,12630000,1,0.6218,12640000,173,1110,1180
chr4,12640000,0.9889,0.6587,12650000,34,1280,1302
chr4,12650000,0.958075,0.6343,12660000,417,1372,1485
chr4,12660000,0.972117,0.6143,12670000,2191,2779,2608
chr4,12670000,0.911018,0.6351,12680000,535,1524,1824
chr4,12680000,0.934045,0.6593,12690000,6,1158,1173
chr4,12690000,0.905803,0.6143,12700000,214,910,1072
chr4,12700000,0.66895,0.6109,12710000,17,346,461
chr4,12710000,0.83195,0.6166,12720000,41,726,747
chr4,12720000,0.913575,0.6504,12730000,707,1626,1449
chr4,12730000,1,0.6277,12740000,8,1126,1053
chr4,12740000,0.992507,0.5781,12750000,88,1066,1117
chr4,12750000,0.9971,0.6894,12760000,93,1561,1732
chr4,12760000,0.9954,0.6872,12770000,15,1371,1689
chr4,12770000,1,0.6997,12780000,47,1452,1598
chr4,12780000,1,0.6592,12790000,7,1337,1197
chr4,12790000,1,0.683,12800000,6,1357,1439
chr4,12800000,0.96725,0.6525,12810000,672,1699,1718
chr4,12810000,0.9723,0.687,12820000,50,1372,1525
chr4,12820000,0.9846,0.7023,12830000,38,1325,1582
chr4,12830000,0.93982,0.6662,12840000,11,1264,1439
chr4,12840000,1,0.6353,12850000,8,1292,1261
chr4,12850000,0.878406,0.6534,12860000,66,1102,1306
chr4,12860000,1,0.6507,12870000,7,1218,1289
chr4,12870000,1,0.6796,12880000,2,1364,1454
chr4,12880000,1,0.6288,12890000,7,1111,1109
chr4,12890000,0.959418,0.6862,12900000,20,1244,1485
chr4,12900000,0.958278,0.6484,12910000,137,1214,1342
chr4,12910000,1,0.6543,12920000,12,1288,1235
chr4,12920000,0.999017,0.5585,12930000,127,1206,1183
chr4,12930000,0.85698,0.5833,12940000,97,693,822
chr4,12940000,1,0.619,12950000,13,1172,1207
chr4,12950000,0.953208,0.678,12960000,112,1355,1462
chr4,12960000,0.887782,0.609,12970000,2,772,964
chr4,12970000,0.991201,0.6477,12980000,12,1223,1323
chr4,12980000,1,0.6749,12990000,52,1398,1438
chr4,12990000,0.9913,0.6448,13000000,13,1209,1240
chr4,13000000,0.9998,0.6387,13010000,10,1328,1239
chr4,13010000,1,0.6836,13020000,6,1456,1567
chr4,13020000,0.995493,0.6599,13030000,7,1332,1364
chr4,13030000,0.97835,0.6244,13040000,7,1122,1226
chr4,13040000,0.99095,0.6646,13050000,143,1398,1368
chr4,13050000,0.9892,0.6236,13060000,577,1630,1437
chr4,13060000,0.831012,0.6362,13070000,306,1200,1171
chr4,13070000,0.937665,0.6797,13080000,246,1512,1755
chr4,13080000,0.995158,0.7001,13090000,34,1516,1727
chr4,13090000,1,0.688,13100000,4,1422,1551
chr4,13100000,1,0.6372,13110000,5,1285,1195
chr4,13110000,1,0.6435,13120000,33,1234,1246
chr4,13120000,1,0.6226,13130000,204,1278,1133
chr4,13130000,0.960301,0.646,13140000,281,1377,1450
chr4,13140000,1,0.6341,13150000,134,1231,1118
chr4,13150000,0.99192,0.6609,13160000,23,1369,1454
chr4,13160000,0.9963,0.6235,13170000,43,1218,1205
chr4,13170000,0.985942,0.5748,13180000,34,925,1011
chr4,13180000,0.36781,0.5852,13190000,14,300,355
chr4,13190000,0.975212,0.5838,13200000,10,821,957
chr4,13200000,0.922864,0.5863,13210000,11,754,905
chr4,13210000,0.96379,0.6575,13220000,153,1359,1410
chr4,13220000,1,0.6856,13230000,134,1478,1507
chr4,13230000,0.982469,0.6597,13240000,213,1397,1384
chr4,13240000,1,0.6774,13250000,564,1804,1901
chr4,13250000,0.977617,0.6588,13260000,116,1406,1285
chr4,13260000,0.990662,0.6476,13270000,190,1466,1467
chr4,13270000,0.976238,0.5902,13280000,108,1105,989
chr4,13280000,0.906847,0.6469,13290000,601,1547,1513
chr4,13290000,0.910347,0.6493,13300000,120,1180,1301
chr4,13300000,0.92425,0.6068,13310000,120,1112,984
chr4,13310000,0.846697,0.5822,13320000,39,738,830
chr4,13320000,0.324207,0.5844,13330000,4,258,363
chr4,13330000,0.458759,0.5999,13340000,14,407,459
chr4,13340000,0.442762,0.6381,13350000,2,224,356
chr4,13350000,0.590737,0.6423,13360000,5,487,540
chr4,13360000,0.94205,0.6336,13370000,13,1029,1059
chr4,13370000,0.979645,0.6741,13380000,32,1310,1500
chr4,13380000,0.94324,0.67,13390000,22,1190,1343
chr4,13390000,0.9579,0.6863,13400000,20,1320,1520
chr4,13400000,0.58904,0.6589,13410000,43,295,395
chr4,13410000,0.756954,0.6191,13420000,3,766,840
chr4,13420000,0.972408,0.6133,13430000,161,1197,1284
chr4,13430000,0.967385,0.6094,13440000,5,885,1138
chr4,13440000,0.9946,0.616,13450000,14,950,985
chr4,13450000,0.99585,0.6472,13460000,3,1271,1358
chr4,13460000,1,0.6622,13470000,29,1304,1378
chr4,13470000,0.960495,0.7028,13480000,170,1448,1757
chr4,13480000,0.99915,0.6391,13490000,82,1153,1178
chr4,13490000,0.9538,0.6504,13500000,470,1322,1298
chr4,13500000,1,0.7174,13510000,73,1576,1695
chr4,13510000,0.983737,0.6818,13520000,3,1087,1240
chr4,13520000,1,0.6484,13530000,50,1292,1289
chr4,13530000,1,0.654,13540000,11,735,888
chr4,13540000,0.993325,0.6417,13550000,13,1036,1199
chr4,13550000,1,0.6367,13560000,16,1180,1218
chr4,13560000,0.99295,0.6685,13570000,320,1588,1633
chr4,13570000,0.98455,0.6131,13580000,543,1615,1450
chr4,13580000,1,0.607,13590000,57,1167,1125
chr4,13590000,1,0.6648,13600000,86,1214,1322
chr4,13600000,0.87012,0.6562,13610000,22,941,1268
chr4,13610000,1,0.6435,13620000,7,1251,1428
chr4,13620000,1,0.6379,13630000,16,1225,1334
chr4,13630000,0.9967,0.6707,13640000,85,1370,1666
chr4,13640000,1,0.6629,13650000,13,1342,1348
chr4,13650000,0.99385,0.6946,13660000,8,1318,1511
chr4,13660000,0.9923,0.6396,13670000,27,1217,1224
chr4,13670000,0.966898,0.6956,13680000,45,1417,1740
chr4,13680000,0.994,0.6883,13690000,26,1417,1598
chr4,13690000,1,0.6669,13700000,3304,2776,4166
chr4,13700000,0.889872,0.6277,13710000,165,975,1126
chr4,13710000,1,0.6542,13720000,22,1283,1268
chr4,13720000,1,0.6942,13730000,10,1421,1604
chr4,13730000,1,0.6919,13740000,15,1439,1557
chr4,13740000,0.995738,0.6598,13750000,6,1147,1266
chr4,13750000,1,0.6003,13760000,3,939,850
chr4,13760000,0.897532,0.6582,13770000,25,1088,1297
chr4,13770000,0.968269,0.6624,13780000,8,1148,1272
chr4,13780000,1,0.6998,13790000,41,1469,1539
chr4,13790000,0.9985,0.7188,13800000,139,1639,1731
chr4,13800000,0.9873,0.6663,13810000,92,1325,1418
chr4,13810000,0.9985,0.6434,13820000,8,1281,1362
chr4,13820000,0.970302,0.6657,13830000,15,1237,1333
chr4,13830000,0.945005,0.6597,13840000,914,1744,1788
chr4,13840000,0.98355,0.6314,13850000,207,1156,1281
chr4,13850000,1,0.6303,13860000,5,959,980
chr4,13860000,0.958367,0.6127,13870000,7,939,1010
chr4,13870000,1,0.6839,13880000,28,1512,1563
chr4,13880000,1,0.6696,13890000,19,1322,1378
chr4,13890000,0.761242,0.6366,13900000,453,713,685
chr4,13900000,0.9282,0.6309,13910000,1030,1491,1594
chr4,13910000,0.858219,0.6525,13920000,1876,1817,2136
chr4,13920000,0.916092,0.6477,13930000,2214,2133,2463
chr4,13930000,0.765542,0.6515,13940000,88,827,833
chr4,13940000,1,0.6249,13950000,2,1094,1069
chr4,13950000,1,0.6458,13960000,7,1249,1158
chr4,13960000,0.988463,0.6948,13970000,28,1417,1689
chr4,13970000,1,0.6746,13980000,4,1393,1458
chr4,13980000,0.9828,0.7432,13990000,55,1501,1763
chr4,13990000,1,0.667,14000000,34,1303,1470
chr4,14000000,1,0.7308,14010000,81,1698,1928
chr4,14010000,0.99815,0.6518,14020000,4,1208,1231
chr4,14020000,1,0.6515,14030000,15,1215,1201
chr4,14030000,0.99825,0.628,14040000,120,1254,1257
chr4,14040000,1,0.6823,14050000,87,1365,1499
chr4,14050000,0.9977,0.6906,14060000,9,1470,1605
chr4,14060000,0.98605,0.6041,14070000,1,956,1077
chr4,14070000,0.870875,0.6542,14080000,24,876,1145
chr4,14080000,0.945883,0.6333,14090000,15,1072,1043
chr4,14090000,0.985227,0.65,14100000,95,1423,1361
chr4,14100000,0.99125,0.6803,14110000,38,1349,1424
chr4,14110000,0.940366,0.6115,14120000,4,984,1035
chr4,14120000,0.91401,0.5763,14130000,18,775,901
chr4,14130000,0.99125,0.7042,14140000,17,1498,1601
chr4,14140000,1,0.6752,14150000,13,1462,1536
chr4,14150000,0.909588,0.6771,14160000,36,1133,1527
chr4,14160000,0.9994,0.6592,14170000,130,1268,1375
chr4,14170000,0.998233,0.6694,14180000,97,1321,1549
chr4,14180000,0.893617,0.6571,14190000,929,1605,1951
chr4,14190000,0.97435,0.6904,14200000,319,1521,1714
chr4,14200000,0.997783,0.6451,14210000,25,1361,1301
chr4,14210000,0.998,0.6117,14220000,6,1184,1213
chr4,14220000,0.99975,0.6354,14230000,161,1250,1237
chr4,14230000,0.96735,0.6506,14240000,17,1175,1223
chr4,14240000,1,0.6613,14250000,52,1250,1341
chr4,14250000,0.9978,0.6556,14260000,19,1226,1386
chr4,14260000,0.980899,0.6976,14270000,40,1369,1576
chr4,14270000,1,0.7079,14280000,9,1584,1671
chr4,14280000,1,0.6394,14290000,3,1178,1167
chr4,14290000,1,0.6964,14300000,10,1386,1563
chr4,14300000,0.994067,0.6501,14310000,13,1116,1225
chr4,14310000,1,0.6737,14320000,6,1260,1403
chr4,14320000,0.959502,0.6136,14330000,5,1054,1065
chr4,14330000,0.86003,0.5554,14340000,43,553,708
chr4,14340000,0.95625,0.6909,14350000,23,1260,1522
chr4,14350000,0.9997,0.6677,14360000,677,1749,1580
chr4,14360000,1,0.6657,14370000,123,1382,1374
chr4,14370000,1,0.7087,14380000,6,1529,1646
chr4,14380000,1,0.5884,14390000,10,933,1029
chr4,14390000,1,0.701,14400000,11,1418,1493
chr4,14400000,0.99895,0.7143,14410000,44,1543,1631
chr4,14410000,1,0.6937,14420000,11,1378,1500
chr4,14420000,1,0.6869,14430000,63,1570,1595
chr4,14430000,1,0.6703,14440000,464,1905,1545
chr4,14440000,0.958742,0.6651,14450000,128,1364,1624
chr4,14450000,0.92695,0.6823,14460000,3,1000,1165
chr4,14460000,0.98825,0.6157,14470000,23,1021,1067
chr4,14470000,0.99065,0.6636,14480000,11,1350,1384
chr4,14480000,1,0.6797,14490000,3,1288,1404
chr4,14490000,0.9872,0.6409,14500000,82,1285,1320
chr4,14500000,0.887612,0.6782,14510000,45,1144,1505
chr4,14510000,0.994853,0.6416,14520000,7,1220,1371
chr4,14520000,1,0.6449,14530000,14,1228,1380
chr4,14530000,0.98705,0.7006,14540000,17,1370,1592
chr4,14540000,1,0.6671,14550000,337,1596,1591
chr4,14550000,1,0.6404,14560000,8,1193,1259
chr4,14560000,0.910825,0.6426,14570000,8,918,1096
chr4,14570000,0.798583,0.6127,14580000,4,662,915
chr4,14580000,1,0.6574,14590000,1,1332,1405
chr4,14590000,0.943467,0.6839,14600000,22,1243,1500
chr4,14600000,1,0.6714,14610000,5,1355,1395
chr4,14610000,0.975359,0.6858,14620000,23,1352,1483
chr4,14620000,0.9724,0.6542,14630000,22,1176,1123
chr4,14630000,0.969107,0.6617,14640000,63,1203,1334
chr4,14640000,0.925383,0.6563,14650000,30,1114,1153
chr4,14650000,0.97945,0.6828,14660000,4,1317,1425
chr4,14660000,0.954601,0.5777,14670000,127,989,1098
chr4,14670000,0.990283,0.6752,14680000,23,1298,1337
chr4,14680000,0.962803,0.6478,14690000,6,965,974
chr4,14690000,0.966231,0.6311,14700000,12,1109,1190
chr4,14700000,1,0.6729,14710000,6,1311,1354
chr4,14710000,1,0.6533,14720000,43,1356,1405
chr4,14720000,1,0.6434,14730000,12,1287,1236
chr4,14730000,1,0.6489,14740000,10,1251,1233
chr4,14740000,0.9952,0.6437,14750000,6,1168,1118
chr4,14750000,0.9952,0.6389,14760000,8,1166,1239
chr4,14760000,0.99345,0.7196,14770000,728,1909,2461
chr4,14770000,0.975276,0.6697,14780000,13,1264,1398
chr4,14780000,0.99475,0.6108,14790000,19,1068,1072
chr4,14790000,0.994417,0.618,14800000,10,1174,1096
chr4,14800000,0.927652,0.6846,14810000,109,1230,1549
chr4,14810000,0.961245,0.6426,14820000,103,1207,1318
chr4,14820000,1,0.6301,14830000,6,1109,1152
chr4,14830000,1,0.6468,14840000,3,1180,1166
chr4,14840000,1,0.6457,14850000,7,1212,1087
chr4,14850000,0.816325,0.6292,14860000,6,833,910
chr4,14860000,0.852033,0.6282,14870000,745,1380,1852
chr4,14870000,0.894417,0.5468,14880000,15,625,665
chr4,14880000,0.899508,0.6061,14890000,7,890,838
chr4,14890000,1,0.6221,14900000,21,1138,1099
chr4,14900000,1,0.6631,14910000,19,1255,1451
chr4,14910000,0.997833,0.6757,14920000,59,1392,1534
chr4,14920000,0.99925,0.6365,14930000,3,1273,1255
chr4,14930000,0.931433,0.6672,14940000,6,1186,1354
chr4,14940000,0.9578,0.65,14950000,351,1429,1585
chr4,14950000,0.99315,0.6757,14960000,656,1834,2136
chr4,14960000,1,0.6236,14970000,9,1216,1179
chr4,14970000,1,0.6226,14980000,5,1138,1081
chr4,14980000,1,0.6125,14990000,1,1067,991
chr4,14990000,0.935317,0.6128,15000000,35,1005,926
chr4,15000000,0.976125,0.6175,15010000,108,1051,1194
chr4,15010000,0.965984,0.6767,15020000,8,1220,1453
chr4,15020000,0.992298,0.6304,15030000,8,1022,1035
chr4,15030000,0.997533,0.6374,15040000,4,1202,1250
chr4,15040000,0.998192,0.644,15050000,6,894,1029
chr4,15050000,1,0.626,15060000,63,969,940
chr4,15060000,0.9979,0.6193,15070000,14,1073,1042
chr4,15070000,1,0.638,15080000,12,1310,1241
chr4,15080000,0.9988,0.5775,15090000,10,913,808
chr4,15090000,1,0.6386,15100000,153,1028,1063
chr4,15100000,1,0.649,15110000,103,1306,1273
chr4,15110000,0.9982,0.665,15120000,90,1310,1309
chr4,15120000,0.96505,0.6452,15130000,1055,1830,1552
chr4,15130000,0.9869,0.684,15140000,883,1787,1818
chr4,15140000,0.8809,0.7286,15150000,186,1296,1600
chr4,15150000,0.9982,0.6689,15160000,235,1491,1494
chr4,15160000,0.998417,0.7003,15170000,72,1291,1620
chr4,15170000,0.86789,0.6713,15180000,5,918,1151
chr4,15180000,0.994542,0.6224,15190000,3,1071,1001
chr4,15190000,1,0.6303,15200000,3,1316,1444
chr4,15200000,0.983743,0.645,15210000,9,1288,1295
chr4,15210000,0.98875,0.6374,15220000,372,1527,1591
chr4,15220000,1,0.6642,15230000,3,1237,1370
chr4,15230000,0.9862,0.6898,15240000,13,1381,1617
chr4,15240000,1,0.6761,15250000,9,1376,1470
chr4,15250000,1,0.6567,15260000,7,1315,1301
chr4,15260000,1,0.6715,15270000,2,1374,1535
chr4,15270000,1,0.6395,15280000,104,1508,1351
chr4,15280000,0.9879,0.6856,15290000,58,1375,1562
chr4,15290000,0.93185,0.6345,15300000,299,1270,1283
chr4,15300000,0.9965,0.6776,15310000,142,1532,1604
chr4,15310000,1,0.663,15320000,50,1375,1494
chr4,15320000,1,0.6159,15330000,5,1078,965
chr4,15330000,0.99805,0.6599,15340000,2819,2515,2595
chr4,15340000,1,0.6961,15350000,5,1151,1355
chr4,15350000,0.98205,0.6351,15360000,90,1185,1238
chr4,15360000,0.689022,0.6539,15370000,16,650,653
chr4,15370000,0.709447,0.6718,15380000,4,797,915
chr4,15380000,0.961067,0.6455,15390000,455,1526,1504
chr4,15390000,1,0.6912,15400000,6,1367,1466
chr4,15400000,0.919083,0.6589,15410000,33,1123,1313
chr4,15410000,0.799533,0.6156,15420000,34,694,776
chr4,15420000,0.960467,0.6356,15430000,10,985,1009
chr4,15430000,0.98235,0.5663,15440000,213,1057,1100
chr4,15440000,0.879457,0.6118,15450000,230,892,1057
chr4,15450000,0.944578,0.6497,15460000,34,940,1180
chr4,15460000,1,0.6449,15470000,15,1246,1211
chr4,15470000,0.836549,0.6571,15480000,12,919,1157
chr4,15480000,1,0.6602,15490000,7,1317,1331
chr4,15490000,0.98521,0.7067,15500000,7,1338,1580
chr4,15500000,0.986542,0.5971,15510000,398,1293,1225
chr4,15510000,0.770867,0.6536,15520000,95,943,915
chr4,15520000,0.35565,0.6828,15530000,0,24,26
chr4,15530000,0.361008,0.701,15540000,1,20,32
chr4,15540000,0.36325,0.6579,15550000,1,23,29
chr4,15550000,0.358966,0.7039,15560000,0,16,22
chr4,15560000,0.345941,0.659,15570000,0,0,0
chr4,15570000,0.3772,0.7038,15580000,0,84,122
chr4,15580000,0.533675,0.6682,15590000,0,288,447
chr4,15590000,0.892638,0.6453,15600000,1,883,1048
chr4,15600000,1,0.6558,15610000,7,1111,1291
chr4,15610000,1,0.6327,15620000,7,1091,1076
chr4,15620000,0.921892,0.6502,15630000,121,1044,1448
chr4,15630000,1,0.6329,15640000,3,1127,1066
chr4,15640000,0.9981,0.6346,15650000,5,1238,1235
chr4,15650000,1,0.6448,15660000,1,1185,1224
chr4,15660000,1,0.6079,15670000,3,1144,1129
chr4,15670000,1,0.6365,15680000,5,1240,1243
chr4,15680000,1,0.6316,15690000,7,1161,1008
chr4,15690000,0.973567,0.6741,15700000,16,1171,1346
chr4,15700000,0.91513,0.7065,15710000,37,1167,1296
chr4,15710000,0.939,0.7061,15720000,14,1284,1349
chr4,15720000,0.964882,0.6798,15730000,5,1217,1279
chr4,15730000,1,0.5589,15740000,140,1126,1099
chr4,15740000,1,0.6053,15750000,60,1091,1038
chr4,15750000,1,0.625,15760000,2,1103,1022
chr4,15760000,0.99575,0.6647,15770000,11,1209,1314
chr4,15770000,1,0.6175,15780000,3,1108,1116
chr4,15780000,0.9898,0.6571,15790000,2,1194,1232
chr4,15790000,0.992317,0.6676,15800000,16,1212,1274
chr4,15800000,0.983075,0.6131,15810000,16,942,944
chr4,15810000,0.99465,0.6689,15820000,29,1175,1524
chr4,15820000,0.981517,0.6338,15830000,66,1129,1178
chr4,15830000,0.99265,0.6405,15840000,11,1154,1208
chr4,15840000,1,0.6505,15850000,9,1181,1266
chr4,15850000,1,0.6499,15860000,4,1191,1215
chr4,15860000,0.99905,0.6797,15870000,5,1346,1433
chr4,15870000,0.972,0.6246,15880000,155,992,1006
chr4,15880000,1,0.618,15890000,5,566,631
chr4,15890000,0.9788,0.6734,15900000,442,1442,1661
chr4,15900000,0.978524,0.6645,15910000,5,1188,1219
chr4,15910000,1,0.6331,15920000,75,1215,1198
chr4,15920000,0.9979,0.6652,15930000,32,1257,1485
chr4,15930000,1,0.6149,15940000,52,1111,1020
chr4,15940000,1,0.6542,15950000,6,1294,1313
chr4,15950000,0.948694,0.6214,15960000,12,1041,1042
chr4,15960000,0.82695,0.639,15970000,6,787,748
chr4,15970000,0.99895,0.6324,15980000,11,1225,1216
chr4,15980000,0.8259,0.6591,15990000,60,864,864
chr4,15990000,1,0.6437,16000000,6,1221,1203
chr4,16000000,1,0.6678,16010000,23,1297,1361
chr4,16010000,0.86402,0.668,16020000,18,1024,1287
chr4,16020000,0.982143,0.6684,16030000,22,1184,1481
chr4,16030000,0.936808,0.6444,16040000,7,1012,1091
chr4,16040000,0.9715,0.7003,16050000,44,1249,1589
chr4,16050000,1,0.6866,16060000,6,1248,1432
chr4,16060000,0.991937,0.6972,16070000,15,1377,1660
chr4,16070000,0.9984,0.6678,16080000,3,1326,1324
chr4,16080000,0.998697,0.6486,16090000,80,1401,1323
chr4,16090000,0.9939,0.6551,16100000,11,1177,1302
chr4,16100000,0.9978,0.6669,16110000,21,1246,1266
chr4,16110000,1,0.6416,16120000,7,1042,1207
chr4,16120000,0.948717,0.6362,16130000,12,1036,1309
chr4,16130000,1,0.7009,16140000,6,1392,1743
chr4,16140000,1,0.6894,16150000,234,1617,1570
chr4,16150000,1,0.6065,16160000,11,1073,998
chr4,16160000,0.996041,0.6251,16170000,4,1178,1139
chr4,16170000,1,0.6405,16180000,1,1261,1134
chr4,16180000,1,0.642,16190000,4,1157,1234
chr4,16190000,1,0.6294,16200000,0,996,1034
chr4,16200000,1,0.6318,16210000,3,1074,1033
chr4,16210000,1,0.6695,16220000,3,1321,1264
chr4,16220000,0.906952,0.6386,16230000,56,868,1170
chr4,16230000,0.956133,0.6616,16240000,11,1104,1380
chr4,16240000,1,0.6125,16250000,8,1009,942
chr4,16250000,0.99835,0.6786,16260000,103,1340,1485
chr4,16260000,0.99655,0.639,16270000,9,1160,1206
chr4,16270000,0.977303,0.6432,16280000,8,1195,1238
chr4,16280000,0.8792,0.6228,16290000,3,867,1040
chr4,16290000,0.9726,0.6092,16300000,41,989,1058
chr4,16300000,1,0.6486,16310000,233,1203,1342
chr4,16310000,1,0.6596,16320000,683,1350,1336
chr4,16320000,0.972413,0.6184,16330000,515,1128,1020
chr4,16330000,1,0.6262,16340000,471,996,975
chr4,16340000,0.9366,0.6388,16350000,448,860,989
chr4,16350000,0.977175,0.6322,16360000,471,943,1066
chr4,16360000,0.973118,0.6406,16370000,592,1094,1248
chr4,16370000,0.9927,0.6287,16380000,561,1159,1125
chr4,16380000,0.9976,0.6479,16390000,725,1399,1365
chr4,16390000,0.917781,0.6696,16400000,581,1152,1259
chr4,16400000,0.529185,0.6441,16410000,344,597,783
chr4,16410000,0.997267,0.6238,16420000,530,1148,1168
chr4,16420000,1,0.6211,16430000,419,1008,978
chr4,16430000,1,0.6001,16440000,477,963,947
chr4,16440000,0.9927,0.6598,16450000,639,1248,1378
chr4,16450000,1,0.6434,16460000,717,1457,1439
chr4,16460000,1,0.6133,16470000,466,1010,994
chr4,16470000,1,0.6076,16480000,440,965,914
chr4,16480000,0.984533,0.6169,16490000,523,1059,1201
chr4,16490000,1,0.6679,16500000,732,1281,1441
chr4,16500000,1,0.6423,16510000,513,1121,1099
chr4,16510000,1,0.6153,16520000,448,912,963
chr4,16520000,1,0.6387,16530000,490,1052,1124
chr4,16530000,1,0.6229,16540000,903,1438,1335
chr4,16540000,0.9672,0.6696,16550000,705,1255,1474
chr4,16550000,0.993117,0.6436,16560000,587,1153,1302
chr4,16560000,0.994767,0.6202,16570000,532,1161,1113
chr4,16570000,0.99425,0.6572,16580000,611,1296,1332
chr4,16580000,1,0.6645,16590000,597,1331,1288
chr4,16590000,0.978092,0.6004,16600000,523,980,1130
chr4,16600000,0.955,0.6043,16610000,482,1038,945
chr4,16610000,1,0.6754,16620000,698,1410,1462
chr4,16620000,1,0.621,16630000,558,1138,1146
chr4,16630000,1,0.626,16640000,540,1056,1084
chr4,16640000,0.953328,0.6601,16650000,762,1395,1393
chr4,16650000,0.894817,0.6633,16660000,755,1145,1516
chr4,16660000,0.99925,0.6355,16670000,815,1438,1370
chr4,16670000,1,0.6581,16680000,574,1235,1289
chr4,16680000,1,0.6494,16690000,803,1442,1257
chr4,16690000,0.99985,0.6854,16700000,670,1301,1518
chr4,16700000,0.9914,0.6193,16710000,525,1134,1132
chr4,16710000,0.9929,0.6109,16720000,471,1024,1070
chr4,16720000,1,0.6419,16730000,591,1154,1170
chr4,16730000,1,0.6538,16740000,601,1139,1236
chr4,16740000,0.99945,0.6502,16750000,653,1181,1342
chr4,16750000,1,0.6672,16760000,694,1348,1471
chr4,16760000,1,0.6728,16770000,737,1387,1494
chr4,16770000,1,0.6549,16780000,586,1262,1197
chr4,16780000,1,0.6552,16790000,601,1203,1200
chr4,16790000,1,0.617,16800000,487,1080,1005
chr4,16800000,0.999533,0.6384,16810000,512,1071,1104
chr4,16810000,0.99145,0.6545,16820000,597,1164,1289
chr4,16820000,0.988831,0.6287,16830000,523,1091,1058
chr4,16830000,0.921565,0.6547,16840000,4338,3833,4001
chr4,16840000,0.984583,0.6425,16850000,617,1224,1206
chr4,16850000,1,0.6403,16860000,606,1215,1217
chr4,16860000,0.99545,0.68,16870000,691,1292,1521
chr4,16870000,1,0.6426,16880000,533,1091,1129
chr4,16880000,1,0.6331,16890000,548,1120,1072
chr4,16890000,1,0.6404,16900000,584,1144,1156
chr4,16900000,1,0.6342,16910000,506,1025,1110
chr4,16910000,1,0.6858,16920000,785,1385,1483
chr4,16920000,0.961183,0.6609,16930000,589,1119,1342
chr4,16930000,0.978567,0.6419,16940000,536,1146,1099
chr4,16940000,1,0.6231,16950000,496,1075,1051
chr4,16950000,1,0.6616,16960000,525,1188,1196
chr4,16960000,0.99805,0.6475,16970000,538,1135,1174
chr4,16970000,0.9653,0.6523,16980000,516,1012,1131
chr4,16980000,0.93281,0.6404,16990000,490,968,1132
chr4,16990000,0.9943,0.6448,17000000,610,1232,1290
chr4,17000000,1,0.626,17010000,427,981,1058
chr4,17010000,0.972666,0.7021,17020000,675,1252,1471
chr4,17020000,0.968378,0.6731,17030000,559,1127,1223
chr4,17030000,0.989958,0.6439,17040000,535,1152,1220
chr4,17040000,0.998,0.6829,17050000,895,1427,1700
chr4,17050000,1,0.6289,17060000,581,1164,1334
chr4,17060000,1,0.6053,17070000,486,1019,1064
chr4,17070000,0.98451,0.636,17080000,536,1045,1127
chr4,17080000,0.978867,0.626,17090000,525,1029,1115
chr4,17090000,0.953317,0.5878,17100000,339,763,723
chr4,17100000,1,0.6401,17110000,586,1175,1129
chr4,17110000,1,0.6464,17120000,560,1216,1228
chr4,17120000,0.991635,0.6918,17130000,943,1558,1569
chr4,17130000,0.960174,0.634,17140000,571,1173,1168
chr4,17140000,0.884631,0.6913,17150000,755,1236,1639
chr4,17150000,0.9811,0.6546,17160000,958,1517,1581
chr4,17160000,1,0.6582,17170000,614,1250,1314
chr4,17170000,0.962458,0.6508,17180000,625,1252,1166
chr4,17180000,0.939737,0.6346,17190000,554,1186,1065
chr4,17190000,0.993325,0.6203,17200000,488,1023,1043
chr4,17200000,0.993695,0.681,17210000,739,1354,1598
chr4,17210000,1,0.6012,17220000,2228,2476,2405
chr4,17220000,0.951317,0.6393,17230000,467,945,1027
chr4,17230000,0.98012,0.656,17240000,621,1288,1449
chr4,17240000,1,0.6551,17250000,624,1260,1278
chr4,17250000,1,0.6557,17260000,576,1293,1346
chr4,17260000,0.944733,0.6409,17270000,554,1118,1144
chr4,17270000,1,0.6016,17280000,437,1002,1004
chr4,17280000,0.998,0.6229,17290000,505,1054,1149
chr4,17290000,0.9998,0.628,17300000,523,1036,1118
chr4,17300000,0.9992,0.6668,17310000,682,1284,1324
chr4,17310000,0.9708,0.6387,17320000,576,1117,1232
chr4,17320000,1,0.6627,17330000,651,1257,1353
chr4,17330000,1,0.6235,17340000,501,1075,1075
chr4,17340000,1,0.6372,17350000,573,1183,1165
chr4,17350000,0.99575,0.5998,17360000,432,1066,961
chr4,17360000,0.9929,0.6391,17370000,575,1174,1292
chr4,17370000,1,0.6096,17380000,603,1405,1056
chr4,17380000,0.978782,0.6168,17390000,494,968,1163
chr4,17390000,0.98075,0.6686,17400000,604,1269,1361
chr4,17400000,0.812717,0.6218,17410000,396,727,779
chr4,17410000,0.987567,0.6145,17420000,462,971,921
chr4,17420000,1,0.6257,17430000,536,1103,1195
chr4,17430000,1,0.6482,17440000,581,1197,1285
chr4,17440000,0.999275,0.6628,17450000,656,1195,1340
chr4,17450000,0.941952,0.6117,17460000,651,1055,1247
chr4,17460000,0.885369,0.6623,17470000,538,1045,1173
chr4,17470000,0.486527,0.6068,17480000,0,0,0
chr4,17480000,0.477732,0.6155,17490000,0,3,0
chr4,17490000,0.5,0.6363,17500000,0,0,0
chr4,17500000,0.5074,0.6429,17510000,17,22,36
chr4,17510000,0.464259,0.612,17520000,3,1,1
chr4,17520000,0.5,0.6324,17530000,0,0,0
chr4,17530000,0.677233,0.65,17540000,236,417,396
chr4,17540000,0.898683,0.6103,17550000,397,904,841
chr4,17550000,0.9875,0.6728,17560000,682,1264,1435
chr4,17560000,1,0.6748,17570000,654,1242,1277
chr4,17570000,0.96727,0.6539,17580000,572,1137,1222
chr4,17580000,1,0.628,17590000,496,1073,938
chr4,17590000,0.995388,0.663,17600000,1621,2167,2235
chr4,17600000,1,0.6653,17610000,679,1360,1322
chr4,17610000,1,0.6314,17620000,533,1131,1129
chr4,17620000,1,0.64,17630000,556,1157,1116
chr4,17630000,1,0.6713,17640000,598,1260,1368
chr4,17640000,0.91975,0.6582,17650000,765,1265,1440
chr4,17650000,0.887433,0.6531,17660000,592,1021,1183
chr4,17660000,0.987015,0.6652,17670000,632,1319,1292
chr4,17670000,1,0.6264,17680000,499,1114,1072
chr4,17680000,0.997262,0.643,17690000,583,1176,1226
chr4,17690000,0.692594,0.6218,17700000,322,514,764
chr4,17700000,0.9869,0.647,17710000,579,1041,1119
chr4,17710000,0.99251,0.6058,17720000,431,1119,994
chr4,17720000,1,0.6175,17730000,473,1078,999
chr4,17730000,1,0.6304,17740000,490,1063,1046
chr4,17740000,0.9805,0.6545,17750000,532,1113,1338
chr4,17750000,0.92895,0.6449,17760000,491,931,1195
chr4,17760000,0.99935,0.6358,17770000,541,1130,1126
chr4,17770000,1,0.6126,17780000,452,932,974
chr4,17780000,0.904718,0.6487,17790000,511,1055,1131
chr4,17790000,0.918483,0.5999,17800000,403,950,904
chr4,17800000,1,0.611,17810000,498,1033,981
chr4,17810000,1,0.6043,17820000,463,1006,934
chr4,17820000,0.959419,0.6458,17830000,597,1192,1311
chr4,17830000,1,0.6722,17840000,668,1263,1353
chr4,17840000,1,0.6501,17850000,629,1205,1194
chr4,17850000,1,0.6455,17860000,583,1251,1257
chr4,17860000,1,0.6191,17870000,510,1170,1163
chr4,17870000,1,0.6612,17880000,664,1308,1388
chr4,17880000,0.9853,0.7052,17890000,793,1383,1604
chr4,17890000,1,0.6209,17900000,413,816,948
chr4,17900000,1,0.6307,17910000,456,957,1026
chr4,17910000,0.98357,0.6332,17920000,520,1119,1040
chr4,17920000,0.93894,0.637,17930000,690,1170,1101
chr4,17930000,0.998752,0.6355,17940000,469,960,1109
chr4,17940000,0.957817,0.6636,17950000,579,1088,1164
chr4,17950000,0.651256,0.6164,17960000,312,639,798
chr4,17960000,1,0.6135,17970000,463,1044,945
chr4,17970000,0.970442,0.6389,17980000,536,1080,1221
chr4,17980000,1,0.6546,17990000,625,1207,1257
chr4,17990000,0.97645,0.6384,18000000,496,1094,1095
chr4,18000000,0.9995,0.6914,18010000,768,1286,1546
chr4,18010000,1,0.699,18020000,722,1346,1547
chr4,18020000,0.975,0.6273,18030000,722,1279,1225
chr4,18030000,0.99985,0.6369,18040000,572,1183,1095
chr4,18040000,0.972489,0.6536,18050000,603,1075,1294
chr4,18050000,1,0.6456,18060000,637,1252,1308
chr4,18060000,0.9945,0.5951,18070000,401,993,853
chr4,18070000,1,0.616,18080000,497,1099,1036
chr4,18080000,0.955267,0.6198,18090000,445,889,959
chr4,18090000,1,0.5983,18100000,467,963,844
chr4,18100000,0.950122,0.6611,18110000,567,1179,1266
chr4,18110000,1,0.6063,18120000,436,964,1010
chr4,18120000,1,0.6497,18130000,594,1169,1189
chr4,18130000,1,0.6211,18140000,469,1057,1031
chr4,18140000,1,0.6239,18150000,518,1116,1213
chr4,18150000,1,0.6266,18160000,514,1159,1062
chr4,18160000,1,0.653,18170000,602,1194,1352
chr4,18170000,1,0.6611,18180000,655,1238,1315
chr4,18180000,0.96959,0.651,18190000,601,1134,1465
chr4,18190000,1,0.6731,18200000,678,1307,1519
chr4,18200000,0.99685,0.6345,18210000,443,989,1112
chr4,18210000,0.99885,0.6198,18220000,475,975,970
chr4,18220000,0.985644,0.6269,18230000,551,1006,1053
chr4,18230000,0.97495,0.7112,18240000,889,1371,1635
chr4,18240000,0.982808,0.6142,18250000,446,1070,889
chr4,18250000,0.96755,0.6304,18260000,502,1111,1217
chr4,18260000,1,0.627,18270000,536,1099,1101
chr4,18270000,0.968673,0.6249,18280000,503,1054,1156
chr4,18280000,1,0.6105,18290000,473,1076,970
chr4,18290000,0.97614,0.6345,18300000,534,1151,1198
chr4,18300000,0.9616,0.6008,18310000,413,938,905
chr4,18310000,1,0.6506,18320000,572,1180,1285
chr4,18320000,1,0.6419,18330000,557,1159,1204
chr4,18330000,0.99905,0.6317,18340000,561,1135,1224
chr4,18340000,1,0.6304,18350000,458,1097,1045
chr4,18350000,1,0.6193,18360000,447,973,958
chr4,18360000,1,0.6215,18370000,515,1056,1046
chr4,18370000,1,0.6228,18380000,527,1163,1127
chr4,18380000,1,0.6511,18390000,565,1235,1224
chr4,18390000,0.990983,0.6608,18400000,698,1245,1336
chr4,18400000,0.9917,0.6482,18410000,639,1116,1273
chr4,18410000,0.97115,0.6275,18420000,526,1025,1118
chr4,18420000,1,0.626,18430000,584,1116,1055
chr4,18430000,1,0.6056,18440000,491,1134,927
chr4,18440000,1,0.6408,18450000,598,1035,1136
chr4,18450000,1,0.623,18460000,507,532,1107
chr4,18460000,0.97785,0.6289,18470000,530,495,1073
chr4,18470000,0.972567,0.6453,18480000,500,545,1120
chr4,18480000,0.99955,0.6646,18490000,635,587,1459
chr4,18490000,0.99629,0.7114,18500000,829,791,1637
chr4,18500000,1,0.6649,18510000,569,654,1309
chr4,18510000,0.906165,0.6111,18520000,435,452,1051
chr4,18520000,0.936205,0.6727,18530000,547,566,1291
chr4,18530000,1,0.6323,18540000,573,526,1116
chr4,18540000,0.976236,0.6992,18550000,695,710,1593
chr4,18550000,0.965788,0.6908,18560000,653,617,1465
chr4,18560000,1,0.6396,18570000,566,603,1179
chr4,18570000,1,0.6663,18580000,690,624,1345
chr4,18580000,0.99535,0.6281,18590000,544,536,1204
chr4,18590000,1,0.6614,18600000,600,654,1276
chr4,18600000,1,0.6391,18610000,514,487,1016
chr4,18610000,1,0.6541,18620000,583,621,1234
chr4,18620000,1,0.6171,18630000,467,504,988
chr4,18630000,1,0.6154,18640000,471,569,1002
chr4,18640000,1,0.6829,18650000,686,673,1447
chr4,18650000,1,0.6528,18660000,630,688,1314
chr4,18660000,0.987033,0.6202,18670000,530,513,1094
chr4,18670000,1,0.6077,18680000,487,476,948
chr4,18680000,1,0.6364,18690000,514,558,1144
chr4,18690000,1,0.6719,18700000,687,620,1377
chr4,18700000,1,0.608,18710000,401,505,926
chr4,18710000,1,0.6702,18720000,659,681,1367
chr4,18720000,0.973448,0.7052,18730000,708,663,1594
chr4,18730000,1,0.6342,18740000,590,566,1238
chr4,18740000,0.900508,0.6251,18750000,528,517,1201
chr4,18750000,1,0.5968,18760000,441,489,870
chr4,18760000,1,0.6132,18770000,436,453,943
chr4,18770000,1,0.6352,18780000,522,571,1130
chr4,18780000,1,0.6681,18790000,702,677,1307
chr4,18790000,1,0.6129,18800000,483,511,982
chr4,18800000,1,0.6397,18810000,583,574,1140
chr4,18810000,0.907167,0.6318,18820000,517,543,1132
chr4,18820000,1,0.6321,18830000,529,571,1110
chr4,18830000,1,0.6916,18840000,669,697,1477
chr4,18840000,0.99435,0.6456,18850000,557,567,1087
chr4,18850000,0.99105,0.6709,18860000,624,623,1363
chr4,18860000,1,0.68,18870000,682,694,1490
chr4,18870000,1,0.6562,18880000,583,588,1240
chr4,18880000,1,0.6743,18890000,652,645,1317
chr4,18890000,1,0.6394,18900000,601,606,1180
chr4,18900000,1,0.6165,18910000,450,477,985
chr4,18910000,1,0.6388,18920000,521,562,1084
chr4,18920000,1,0.6768,18930000,675,667,1381
chr4,18930000,1,0.6401,18940000,509,593,1088
chr4,18940000,1,0.6354,18950000,419,460,1074
chr4,18950000,1,0.6529,18960000,489,593,1102
chr4,18960000,1,0.6484,18970000,521,546,1135
chr4,18970000,1,0.6655,18980000,617,593,1284
chr4,18980000,0.999267,0.6963,18990000,720,680,1574
chr4,18990000,1,0.625,19000000,575,604,1207
chr4,19000000,0.958833,0.6102,19010000,471,495,1018
chr4,19010000,0.924865,0.6533,19020000,1087,1022,1588
chr4,19020000,0.941417,0.5931,19030000,1615,1140,1808
chr4,19030000,1,0.6595,19040000,607,628,1249
chr4,19040000,1,0.6528,19050000,522,576,1102
chr4,19050000,1,0.6288,19060000,322,302,663
chr4,19060000,0.938505,0.6388,19070000,480,521,964
chr4,19070000,0.99044,0.671,19080000,664,718,1393
chr4,19080000,0.99805,0.6255,19090000,621,601,1207
chr4,19090000,0.959158,0.6497,19100000,485,516,1138
chr4,19100000,1,0.6682,19110000,703,681,1327
chr4,19110000,0.995592,0.6524,19120000,549,592,1277
chr4,19120000,1,0.6477,19130000,597,601,1276
chr4,19130000,0.988781,0.6414,19140000,605,614,1150
chr4,19140000,0.615323,0.6589,19150000,395,388,945
chr4,19150000,1,0.6403,19160000,524,565,1132
chr4,19160000,0.9941,0.629,19170000,500,514,1030
chr4,19170000,1,0.668,19180000,641,667,1332
chr4,19180000,0.99825,0.6823,19190000,689,694,1478
chr4,19190000,0.96455,0.5964,19200000,380,469,848
chr4,19200000,0.974925,0.6134,19210000,512,540,929
chr4,19210000,1,0.621,19220000,517,590,1027
chr4,19220000,1,0.6352,19230000,546,585,1133
chr4,19230000,0.948427,0.5906,19240000,521,551,900
chr4,19240000,1,0.656,19250000,582,563,1206
chr4,19250000,1,0.684,19260000,691,717,1428
chr4,19260000,0.99985,0.63,19270000,479,471,1062
chr4,19270000,0.890076,0.5797,19280000,397,370,886
chr4,19280000,0.793264,0.6294,19290000,423,387,939
chr4,19290000,0.945518,0.6829,19300000,485,465,1182
chr4,19300000,0.950331,0.6787,19310000,604,589,1249
chr4,19310000,1,0.6656,19320000,591,625,1371
chr4,19320000,0.9978,0.6814,19330000,647,716,1379
chr4,19330000,0.9902,0.6193,19340000,506,562,985
chr4,19340000,0.99735,0.6153,19350000,465,541,993
chr4,19350000,1,0.6606,19360000,654,678,1367
chr4,19360000,1,0.6309,19370000,556,567,1162
chr4,19370000,1,0.6374,19380000,604,623,1277
chr4,19380000,0.9984,0.6692,19390000,667,636,1300
chr4,19390000,1,0.6379,19400000,597,633,1311
chr4,19400000,0.9992,0.6148,19410000,548,549,1129
chr4,19410000,0.99885,0.652,19420000,538,554,1310
chr4,19420000,1,0.6233,19430000,471,561,1046
chr4,19430000,0.987117,0.6236,19440000,485,481,1004
chr4,19440000,0.92585,0.6107,19450000,557,659,1168
chr4,19450000,0.977217,0.6544,19460000,612,582,1251
chr4,19460000,0.947058,0.6405,19470000,2466,1831,2809
chr4,19470000,0.961638,0.66,19480000,888,751,1649
chr4,19480000,1,0.6165,19490000,473,537,1022
chr4,19490000,0.969973,0.5626,19500000,455,421,949
chr4,19500000,0.905236,0.5338,19510000,273,290,779
chr4,19510000,0.918917,0.5771,19520000,373,373,921
chr4,19520000,0.988157,0.642,19530000,621,675,1419
chr4,19530000,0.987638,0.6385,19540000,658,874,1609
chr4,19540000,0.92685,0.6501,19550000,491,433,1103
chr4,19550000,1,0.6316,19560000,550,645,1344
chr4,19560000,1,0.6171,19570000,498,554,1057
chr4,19570000,1,0.6406,19580000,561,586,1252
chr4,19580000,1,0.6396,19590000,576,622,1225
chr4,19590000,0.99725,0.684,19600000,724,680,1616
chr4,19600000,1,0.622,19610000,520,537,1109
chr4,19610000,1,0.6111,19620000,494,496,949
chr4,19620000,1,0.6253,19630000,518,569,1037
chr4,19630000,1,0.5924,19640000,454,569,975
chr4,19640000,1,0.6483,19650000,517,585,1246
chr4,19650000,0.929467,0.6256,19660000,625,568,1108
chr4,19660000,0.985325,0.6814,19670000,610,609,1391
chr4,19670000,0.973542,0.6143,19680000,431,468,978
chr4,19680000,0.925103,0.6971,19690000,643,617,1370
chr4,19690000,0.99755,0.6829,19700000,656,659,1489
chr4,19700000,0.986822,0.6772,19710000,686,631,1560
chr4,19710000,1,0.6504,19720000,566,581,1164
chr4,19720000,0.96985,0.6342,19730000,525,532,1056
chr4,19730000,0.836033,0.5851,19740000,255,326,642
chr4,19740000,0.980633,0.6479,19750000,561,602,1211
chr4,19750000,0.977784,0.6465,19760000,550,574,1272
chr4,19760000,1,0.6519,19770000,625,575,1261
chr4,19770000,0.980293,0.6682,19780000,653,631,1455
chr4,19780000,0.980017,0.6677,19790000,672,599,1522
chr4,19790000,0.812333,0.6235,19800000,328,287,817
chr4,19800000,0.773583,0.6232,19810000,393,451,623
chr4,19810000,0.896067,0.6281,19820000,430,411,1051
chr4,19820000,0.934133,0.693,19830000,1235,955,1882
chr4,19830000,0.979846,0.6474,19840000,979,920,1455
chr4,19840000,0.975474,0.6345,19850000,580,575,1219
chr4,19850000,0.907966,0.6622,19860000,541,575,1113
chr4,19860000,0.99625,0.5772,19870000,473,544,955
chr4,19870000,0.931084,0.6907,19880000,664,629,1454
chr4,19880000,0.980117,0.5175,19890000,542,532,828
chr4,19890000,0.834367,0.6227,19900000,414,393,921
chr4,19900000,0.743867,0.6293,19910000,273,263,622
chr4,19910000,0.940379,0.6738,19920000,634,538,1178
chr4,19920000,0.81361,0.667,19930000,397,356,828
chr4,19930000,0.945858,0.6609,19940000,561,550,1141
chr4,19940000,1,0.6951,19950000,615,565,1331
chr4,19950000,0.979693,0.6552,19960000,564,593,1209
chr4,19960000,0.921888,0.6282,19970000,397,434,1007
chr4,19970000,0.9967,0.6507,19980000,599,574,1248
chr4,19980000,1,0.6315,19990000,544,499,1094
chr4,19990000,1,0.6494,20000000,556,653,1206
chr4,20000000,1,0.6297,20010000,483,610,1061
chr4,20010000,1,0.6166,20020000,474,534,993
chr4,20020000,1,0.6309,20030000,546,579,1144
chr4,20030000,1,0.614,20040000,512,591,1059
chr4,20040000,1,0.6648,20050000,783,624,1349
chr4,20050000,0.99095,0.6552,20060000,1220,641,1315
chr4,20060000,0.9886,0.6285,20070000,977,525,1034
chr4,20070000,1,0.639,20080000,999,540,1123
chr4,20080000,1,0.6463,20090000,1133,560,1197
chr4,20090000,0.99695,0.6471,20100000,1096,578,1186
chr4,20100000,0.992,0.6272,20110000,1394,1148,1376
chr4,20110000,0.998361,0.6414,20120000,935,486,996
chr4,20120000,1,0.6587,20130000,1143,643,1238
chr4,20130000,1,0.6097,20140000,706,404,753
chr4,20140000,1,0.6303,20150000,698,385,735
chr4,20150000,0.917363,0.6801,20160000,1246,592,1394
chr4,20160000,0.917351,0.6678,20170000,1110,529,1287
chr4,20170000,1,0.6328,20180000,1036,510,1082
chr4,20180000,1,0.6491,20190000,1115,566,1170
chr4,20190000,1,0.6508,20200000,1173,624,1244
chr4,20200000,1,0.6372,20210000,1139,615,1261
chr4,20210000,1,0.6567,20220000,1035,565,1211
chr4,20220000,1,0.6416,20230000,982,470,1045
chr4,20230000,1,0.6463,20240000,1145,584,1168
chr4,20240000,0.95881,0.633,20250000,1118,545,1229
chr4,20250000,0.954505,0.6386,20260000,1072,614,1219
chr4,20260000,1,0.6525,20270000,1203,557,1223
chr4,20270000,1,0.6301,20280000,1033,495,1064
chr4,20280000,0.99925,0.6328,20290000,998,572,1138
chr4,20290000,0.982123,0.6717,20300000,1291,609,1310
chr4,20300000,0.995408,0.6858,20310000,1328,610,1488
chr4,20310000,1,0.6223,20320000,909,499,973
chr4,20320000,1,0.6885,20330000,1369,669,1501
chr4,20330000,0.965959,0.6779,20340000,1323,598,1338
chr4,20340000,1,0.6417,20350000,1111,636,1148
chr4,20350000,0.742761,0.606,20360000,566,318,690
chr4,20360000,1,0.6417,20370000,1003,469,1086
chr4,20370000,1,0.6236,20380000,923,498,1063
chr4,20380000,0.897741,0.6204,20390000,838,415,938
chr4,20390000,0.962617,0.6308,20400000,847,449,1069
chr4,20400000,0.996987,0.6517,20410000,1064,575,1127
chr4,20410000,1,0.6182,20420000,753,429,858
chr4,20420000,0.958733,0.6415,20430000,1006,519,1133
chr4,20430000,1,0.585,20440000,937,546,1070
chr4,20440000,0.9995,0.5664,20450000,1093,758,1197
chr4,20450000,1,0.6728,20460000,1223,614,1254
chr4,20460000,0.94755,0.6363,20470000,1014,561,1053
chr4,20470000,0.7789,0.6266,20480000,599,344,709
chr4,20480000,0.95265,0.6097,20490000,681,341,728
chr4,20490000,0.97945,0.6429,20500000,892,483,970
chr4,20500000,0.997098,0.6874,20510000,1270,670,1444
chr4,20510000,1,0.6772,20520000,1340,658,1374
chr4,20520000,1,0.5909,20530000,958,467,949
chr4,20530000,1,0.6089,20540000,844,468,936
chr4,20540000,0.971392,0.6401,20550000,1013,586,1087
chr4,20550000,0.932208,0.6469,20560000,948,500,1020
chr4,20560000,0.99975,0.6558,20570000,1207,583,1346
chr4,20570000,0.99965,0.684,20580000,1388,639,1362
chr4,20580000,0.983279,0.6941,20590000,1344,630,1594
chr4,20590000,0.998217,0.633,20600000,1049,516,1042
chr4,20600000,1,0.6287,20610000,1063,495,1063
chr4,20610000,0.991183,0.6614,20620000,1179,602,1339
chr4,20620000,1,0.6683,20630000,1303,658,1378
chr4,20630000,0.9982,0.6423,20640000,1099,556,1106
chr4,20640000,0.996008,0.6516,20650000,1218,624,1309
chr4,20650000,0.998733,0.6605,20660000,1200,593,1285
chr4,20660000,1,0.6418,20670000,915,454,1002
chr4,20670000,1,0.6426,20680000,1094,555,1214
chr4,20680000,1,0.6772,20690000,1255,622,1377
chr4,20690000,1,0.6542,20700000,1194,617,1282
chr4,20700000,0.964549,0.6673,20710000,1081,544,1237
chr4,20710000,1,0.6394,20720000,1176,686,1187
chr4,20720000,1,0.6152,20730000,973,508,1017
chr4,20730000,1,0.6412,20740000,1016,584,1115
chr4,20740000,1,0.673,20750000,1223,616,1330
chr4,20750000,0.9988,0.6649,20760000,1039,538,1171
chr4,20760000,0.989567,0.6991,20770000,1564,673,1646
chr4,20770000,1,0.6331,20780000,1067,563,1061
chr4,20780000,1,0.6148,20790000,708,366,838
chr4,20790000,1,0.608,20800000,922,637,891
chr4,20800000,1,0.6515,20810000,1030,513,1131
chr4,20810000,0.833491,0.712,20820000,1526,708,1582
chr4,20820000,0.998969,0.6555,20830000,1030,535,1097
chr4,20830000,1,0.6413,20840000,962,453,963
chr4,20840000,0.99255,0.6693,20850000,1200,593,1212
chr4,20850000,0.9756,0.6216,20860000,978,488,1095
chr4,20860000,0.9962,0.6458,20870000,1145,574,1254
chr4,20870000,0.9936,0.6364,20880000,1038,553,1059
chr4,20880000,1,0.6475,20890000,1102,600,1148
chr4,20890000,0.9957,0.603,20900000,947,520,1080
chr4,20900000,0.972333,0.6572,20910000,1174,585,1396
chr4,20910000,0.96105,0.6886,20920000,1349,635,1490
chr4,20920000,1,0.6731,20930000,1243,638,1335
chr4,20930000,1,0.6516,20940000,1193,565,1149
chr4,20940000,0.95435,0.6159,20950000,1717,1278,1411
chr4,20950000,0.9762,0.6378,20960000,1285,1046,1307
chr4,20960000,1,0.6284,20970000,1026,602,1059
chr4,20970000,1,0.6337,20980000,976,583,985
chr4,20980000,1,0.6712,20990000,1314,681,1375
chr4,20990000,1,0.6265,21000000,832,476,920
chr4,21000000,1,0.6407,21010000,975,459,981
chr4,21010000,1,0.6319,21020000,1085,722,1098
chr4,21020000,0.9087,0.6331,21030000,948,417,1033
chr4,21030000,0.994,0.6548,21040000,1112,624,1165
chr4,21040000,1,0.6548,21050000,1240,605,1215
chr4,21050000,1,0.6843,21060000,1402,648,1692
chr4,21060000,0.9862,0.6257,21070000,1092,600,1081
chr4,21070000,1,0.6756,21080000,1190,547,1324
chr4,21080000,0.99835,0.6167,21090000,922,513,1038
chr4,21090000,0.98785,0.6287,21100000,913,494,968
chr4,21100000,0.898906,0.6594,21110000,980,530,1157
chr4,21110000,0.99975,0.6279,21120000,1029,566,1098
chr4,21120000,1,0.6325,21130000,1088,618,1053
chr4,21130000,1,0.6038,21140000,874,488,887
chr4,21140000,1,0.6309,21150000,975,515,1085
chr4,21150000,1,0.698,21160000,1490,686,1464
chr4,21160000,1,0.6356,21170000,1156,566,1212
chr4,21170000,1,0.6164,21180000,814,478,865
chr4,21180000,0.99765,0.6767,21190000,1233,664,1374
chr4,21190000,0.9999,0.6291,21200000,827,462,954
chr4,21200000,0.979067,0.6625,21210000,1093,554,1152
chr4,21210000,1,0.5977,21220000,766,427,809
chr4,21220000,0.962096,0.6416,21230000,1115,596,1248
chr4,21230000,0.9827,0.678,21240000,1225,663,1492
chr4,21240000,0.962167,0.6825,21250000,1516,801,1544
chr4,21250000,1,0.5863,21260000,1627,1755,1802
chr4,21260000,1,0.632,21270000,1050,533,1168
chr4,21270000,0.997733,0.6163,21280000,971,492,1039
chr4,21280000,1,0.6293,21290000,1066,558,1137
chr4,21290000,0.97485,0.639,21300000,1036,501,1111
chr4,21300000,0.969159,0.7122,21310000,1400,681,1616
chr4,21310000,0.998635,0.6357,21320000,930,533,1064
chr4,21320000,1,0.6198,21330000,956,509,1006
chr4,21330000,1,0.6172,21340000,1057,585,1020
chr4,21340000,0.9961,0.6741,21350000,1255,587,1337
chr4,21350000,1,0.6156,21360000,902,551,957
chr4,21360000,1,0.6829,21370000,1427,716,1479
chr4,21370000,1,0.6298,21380000,1042,528,1139
chr4,21380000,1,0.608,21390000,783,518,906
chr4,21390000,1,0.68,21400000,1270,624,1421
chr4,21400000,0.9943,0.6639,21410000,1253,648,1292
chr4,21410000,0.982833,0.667,21420000,1291,607,1365
chr4,21420000,0.9997,0.6652,21430000,1290,635,1421
chr4,21430000,1,0.6882,21440000,1302,671,1504
chr4,21440000,0.98969,0.6355,21450000,1124,559,1218
chr4,21450000,1,0.6288,21460000,900,453,936
chr4,21460000,0.782965,0.6303,21470000,688,325,717
chr4,21470000,0.963227,0.691,21480000,1422,688,1516
chr4,21480000,0.98105,0.6449,21490000,1121,550,1195
chr4,21490000,0.9943,0.6639,21500000,1289,678,1304
chr4,21500000,0.980491,0.6554,21510000,1122,578,1259
chr4,21510000,1,0.6221,21520000,934,492,890
chr4,21520000,0.99925,0.6617,21530000,1388,726,1383
chr4,21530000,0.937926,0.6708,21540000,1153,545,1359
chr4,21540000,1,0.6347,21550000,998,539,1121
chr4,21550000,0.994633,0.6306,21560000,999,517,1079
chr4,21560000,0.937606,0.6147,21570000,909,475,944
chr4,21570000,0.884651,0.6397,21580000,936,391,1107
chr4,21580000,0.960137,0.6092,21590000,931,828,948
chr4,21590000,1,0.6682,21600000,1162,560,1217
chr4,21600000,1,0.6341,21610000,921,534,953
chr4,21610000,0.970547,0.6545,21620000,1072,522,1223
chr4,21620000,1,0.6703,21630000,1272,620,1470
chr4,21630000,0.91615,0.5515,21640000,600,326,715
chr4,21640000,1,0.6368,21650000,794,363,800
chr4,21650000,1,0.6358,21660000,798,401,870
chr4,21660000,0.979394,0.609,21670000,1463,1492,1394
chr4,21670000,0.949343,0.6287,21680000,1101,618,1111
chr4,21680000,0.984088,0.6664,21690000,1343,823,1348
chr4,21690000,1,0.6196,21700000,674,367,693
chr4,21700000,0.971596,0.6281,21710000,1102,521,1183
chr4,21710000,1,0.6433,21720000,1167,612,1174
chr4,21720000,1,0.6299,21730000,937,501,995
chr4,21730000,1,0.6579,21740000,1241,587,1213
chr4,21740000,1,0.6177,21750000,942,575,956
chr4,21750000,0.99805,0.65,21760000,1072,541,1139
chr4,21760000,0.874667,0.6938,21770000,1156,557,1383
chr4,21770000,0.9929,0.6344,21780000,1040,609,1140
chr4,21780000,1,0.6777,21790000,1370,752,1427
chr4,21790000,1,0.6449,21800000,1101,603,1299
chr4,21800000,0.788521,0.6227,21810000,1452,878,1351
chr4,21810000,0.977227,0.6477,21820000,1074,535,1146
chr4,21820000,1,0.6095,21830000,893,462,968
chr4,21830000,1,0.6046,21840000,959,526,1009
chr4,21840000,1,0.6029,21850000,935,520,915
chr4,21850000,1,0.6416,21860000,1127,601,1160
chr4,21860000,1,0.6572,21870000,1223,599,1270
chr4,21870000,0.98815,0.6577,21880000,1165,552,1259
chr4,21880000,0.99425,0.6432,21890000,1096,547,1117
chr4,21890000,0.914118,0.5285,21900000,738,374,754
chr4,21900000,0.950927,0.595,21910000,871,475,982
chr4,21910000,1,0.6003,21920000,897,496,851
chr4,21920000,1,0.5789,21930000,831,517,864
chr4,21930000,1,0.6234,21940000,1003,563,1099
chr4,21940000,1,0.6124,21950000,999,551,950
chr4,21950000,0.9931,0.6398,21960000,1073,571,1050
chr4,21960000,0.9218,0.6276,21970000,931,511,983
chr4,21970000,0.997217,0.6147,21980000,992,582,985
chr4,21980000,0.986367,0.6278,21990000,1126,608,1193
chr4,21990000,0.9801,0.6217,22000000,1106,553,1119
chr4,22000000,1,0.6553,22010000,1217,563,1271
chr4,22010000,0.99425,0.6244,22020000,769,433,844
chr4,22020000,1,0.6596,22030000,1182,629,1231
chr4,22030000,0.999875,0.6712,22040000,1225,629,1303
chr4,22040000,1,0.6558,22050000,1011,585,1125
chr4,22050000,0.953758,0.6315,22060000,943,534,1068
chr4,22060000,1,0.6467,22070000,1157,582,1260
chr4,22070000,1,0.6363,22080000,1007,501,1067
chr4,22080000,0.916047,0.6158,22090000,748,389,961
chr4,22090000,0.984632,0.634,22100000,864,439,974
chr4,22100000,1,0.607,22110000,906,463,1020
chr4,22110000,0.9994,0.6035,22120000,993,540,1023
chr4,22120000,0.99785,0.6952,22130000,1455,715,1630
chr4,22130000,1,0.6457,22140000,1114,548,1157
chr4,22140000,1,0.6468,22150000,1207,575,1263
chr4,22150000,0.988372,0.6923,22160000,1369,608,1352
chr4,22160000,0.994117,0.6773,22170000,1281,636,1386
chr4,22170000,0.981798,0.6497,22180000,1189,550,1321
chr4,22180000,1,0.6461,22190000,1156,589,1167
chr4,22190000,1,0.6212,22200000,977,538,991
chr4,22200000,1,0.6171,22210000,946,530,1055
chr4,22210000,1,0.6222,22220000,989,547,1013
chr4,22220000,1,0.6509,22230000,1141,591,1122
chr4,22230000,0.99585,0.638,22240000,1068,519,1185
chr4,22240000,0.965425,0.6775,22250000,1366,740,1368
chr4,22250000,1,0.6562,22260000,1196,581,1172
chr4,22260000,0.99855,0.641,22270000,1447,623,1306
chr4,22270000,0.9989,0.6561,22280000,1836,594,1359
chr4,22280000,0.9911,0.6839,22290000,1910,590,1376
chr4,22290000,1,0.7218,22300000,2476,818,1840
chr4,22300000,0.937924,0.6911,22310000,1729,576,1456
chr4,22310000,0.99965,0.6176,22320000,1333,505,962
chr4,22320000,0.998683,0.6324,22330000,1663,599,1165
chr4,22330000,0.972975,0.6808,22340000,2097,836,1955
chr4,22340000,0.940805,0.633,22350000,1502,510,1081
chr4,22350000,1,0.6697,22360000,1836,599,1227
chr4,22360000,1,0.636,22370000,1852,842,1410
chr4,22370000,0.942,0.6508,22380000,1838,1256,1423
chr4,22380000,1,0.6587,22390000,1927,1471,1581
chr4,22390000,1,0.6305,22400000,1893,1473,1577
chr4,22400000,0.988092,0.6752,22410000,1949,837,1498
chr4,22410000,1,0.6696,22420000,1752,618,1378
chr4,22420000,0.9868,0.7119,22430000,2088,647,1453
chr4,22430000,0.99915,0.6144,22440000,1618,612,1074
chr4,22440000,0.960467,0.6113,22450000,1251,426,903
chr4,22450000,0.893787,0.5639,22460000,1043,363,817
chr4,22460000,0.785612,0.532,22470000,782,269,549
chr4,22470000,0.978742,0.6232,22480000,1305,447,966
chr4,22480000,0.99278,0.6585,22490000,1616,544,1263
chr4,22490000,1,0.6389,22500000,1583,547,1090
chr4,22500000,0.9982,0.6415,22510000,1749,847,1260
chr4,22510000,0.952399,0.6388,22520000,1497,533,1107
chr4,22520000,1,0.6434,22530000,1556,596,1048
chr4,22530000,0.99745,0.6153,22540000,1331,540,913
chr4,22540000,0.99745,0.5948,22550000,1567,528,1068
chr4,22550000,1,0.6179,22560000,1489,501,995
chr4,22560000,1,0.6092,22570000,1410,496,996
chr4,22570000,1,0.6488,22580000,1677,548,1166
chr4,22580000,0.9981,0.6699,22590000,1831,673,1337
chr4,22590000,1,0.6307,22600000,1485,553,1100
chr4,22600000,1,0.6526,22610000,1783,543,1264
chr4,22610000,0.9819,0.6121,22620000,1384,497,972
chr4,22620000,1,0.6195,22630000,1537,522,1058
chr4,22630000,1,0.6455,22640000,1807,579,1195
chr4,22640000,0.9971,0.663,22650000,1861,620,1320
chr4,22650000,1,0.6671,22660000,1694,540,1251
chr4,22660000,0.9564,0.5994,22670000,1293,424,929
chr4,22670000,0.93165,0.6007,22680000,1044,412,813
chr4,22680000,1,0.6308,22690000,1474,512,1056
chr4,22690000,1,0.6459,22700000,1645,593,1095
chr4,22700000,1,0.6199,22710000,1424,489,963
chr4,22710000,1,0.6457,22720000,1687,595,1310
chr4,22720000,0.9974,0.6224,22730000,1374,462,1099
chr4,22730000,0.998583,0.6457,22740000,1733,618,1204
chr4,22740000,1,0.6418,22750000,1624,600,1104
chr4,22750000,1,0.6352,22760000,1612,538,1116
chr4,22760000,0.995723,0.6564,22770000,1731,632,1200
chr4,22770000,1,0.6071,22780000,1449,541,1008
chr4,22780000,1,0.634,22790000,1636,545,1112
chr4,22790000,1,0.6071,22800000,1377,506,997
chr4,22800000,0.996125,0.6675,22810000,1878,592,1346
chr4,22810000,0.6537,0.6539,22820000,688,215,488
chr4,22820000,0.94875,0.6239,22830000,1272,468,962
chr4,22830000,0.99,0.608,22840000,1902,882,1409
chr4,22840000,0.99195,0.6216,22850000,1339,503,931
chr4,22850000,0.9855,0.6082,22860000,1360,528,978
chr4,22860000,0.99985,0.61,22870000,1316,529,884
chr4,22870000,1,0.6428,22880000,1758,639,1209
chr4,22880000,0.97605,0.6612,22890000,1679,595,1153
chr4,22890000,0.978075,0.6725,22900000,1881,658,1334
chr4,22900000,1,0.6273,22910000,1448,530,1084
chr4,22910000,1,0.6537,22920000,1880,606,1281
chr4,22920000,1,0.6719,22930000,1975,666,1322
chr4,22930000,1,0.6261,22940000,1624,564,1092
chr4,22940000,1,0.6071,22950000,1464,516,1054
chr4,22950000,0.9223,0.599,22960000,1016,373,795
chr4,22960000,0.9998,0.6324,22970000,1592,511,1157
chr4,22970000,1,0.6728,22980000,1832,616,1277
chr4,22980000,0.9992,0.6857,22990000,1995,671,1424
chr4,22990000,1,0.6753,23000000,1903,652,1248
chr4,23000000,0.99445,0.6753,23010000,1787,645,1348
chr4,23010000,0.99895,0.6917,23020000,2026,665,1517
chr4,23020000,1,0.6206,23030000,1433,566,952
chr4,23030000,1,0.6207,23040000,1576,905,1155
chr4,23040000,0.97155,0.6588,23050000,1769,595,1304
chr4,23050000,0.99985,0.6449,23060000,1747,616,1202
chr4,23060000,0.98855,0.6067,23070000,1288,501,881
chr4,23070000,1,0.6239,23080000,1564,576,1080
chr4,23080000,1,0.6389,23090000,1685,578,1212
chr4,23090000,0.971489,0.6305,23100000,1674,608,1280
chr4,23100000,0.99725,0.6811,23110000,1959,638,1398
chr4,23110000,0.8808,0.6882,23120000,1639,533,1117
chr4,23120000,0.972691,0.6541,23130000,1656,595,1237
chr4,23130000,0.89408,0.6572,23140000,1569,518,1134
chr4,23140000,0.97025,0.6864,23150000,1970,644,1339
chr4,23150000,0.9896,0.6682,23160000,1909,631,1346
chr4,23160000,1,0.6372,23170000,1610,595,1229
chr4,23170000,1,0.6175,23180000,1596,594,1163
chr4,23180000,1,0.6415,23190000,1802,618,1199
chr4,23190000,0.9962,0.6251,23200000,1521,442,1115
chr4,23200000,0.99935,0.6503,23210000,1795,658,1341
chr4,23210000,1,0.6622,23220000,1809,639,1367
chr4,23220000,0.9067,0.6466,23230000,1381,457,1120
chr4,23230000,0.9899,0.6731,23240000,1899,538,1314
chr4,23240000,1,0.6324,23250000,1382,436,1042
chr4,23250000,1,0.628,23260000,1507,561,1093
chr4,23260000,1,0.6022,23270000,1422,497,949
chr4,23270000,0.991022,0.6276,23280000,1614,585,1676
chr4,23280000,0.968518,0.6455,23290000,1691,606,1888
chr4,23290000,0.9924,0.6869,23300000,2126,862,2196
chr4,23300000,0.674047,0.6286,23310000,611,289,688
chr4,23310000,0.52116,0.6476,23320000,127,28,155
chr4,23320000,0.81105,0.6479,23330000,565,178,619
chr4,23330000,0.804183,0.6443,23340000,576,190,676
chr4,23340000,0.524643,0.6304,23350000,107,39,163
chr4,23350000,0.723967,0.6706,23360000,809,253,848
chr4,23360000,0.995283,0.6616,23370000,1723,589,1893
chr4,23370000,0.99655,0.6516,23380000,1748,599,1906
chr4,23380000,0.97015,0.6556,23390000,1928,686,2083
chr4,23390000,0.99935,0.6675,23400000,1744,572,1968
chr4,23400000,1,0.651,23410000,1742,598,1837
chr4,23410000,0.966208,0.6867,23420000,1953,678,2157
chr4,23420000,1,0.6232,23430000,1573,591,1665
chr4,23430000,1,0.6339,23440000,1627,558,1725
chr4,23440000,0.9909,0.6306,23450000,1424,540,1542
chr4,23450000,0.985639,0.6409,23460000,1652,572,1771
chr4,23460000,1,0.6362,23470000,1589,727,1692
chr4,23470000,0.935218,0.6476,23480000,1628,521,1777
chr4,23480000,1,0.659,23490000,2331,1110,2240
chr4,23490000,0.9937,0.6638,23500000,1839,756,2005
chr4,23500000,0.869583,0.7157,23510000,2063,611,2392
chr4,23510000,0.991607,0.6493,23520000,1672,584,1796
chr4,23520000,1,0.6169,23530000,1316,480,1491
chr4,23530000,0.975175,0.6339,23540000,1627,576,1739
chr4,23540000,0.998733,0.6128,23550000,1348,508,1408
chr4,23550000,1,0.6022,23560000,1348,478,1422
chr4,23560000,1,0.6048,23570000,1357,516,1499
chr4,23570000,0.983718,0.6491,23580000,1788,607,1925
chr4,23580000,1,0.5981,23590000,1313,496,1495
chr4,23590000,0.989,0.6532,23600000,3087,2142,3014
chr4,23600000,1,0.6812,23610000,1904,607,1950
chr4,23610000,0.9987,0.6824,23620000,2077,669,2258
chr4,23620000,0.99985,0.6361,23630000,1717,620,1911
chr4,23630000,1,0.6544,23640000,1786,618,2040
chr4,23640000,1,0.6181,23650000,1534,521,1618
chr4,23650000,1,0.6345,23660000,1635,546,1668
chr4,23660000,0.953193,0.6489,23670000,1547,485,1663
chr4,23670000,0.996733,0.6702,23680000,1945,694,2252
chr4,23680000,0.997867,0.637,23690000,1626,518,1656
chr4,23690000,0.973035,0.6547,23700000,1765,563,1859
chr4,23700000,1,0.6243,23710000,1499,488,1511
chr4,23710000,0.93628,0.6487,23720000,1451,549,1767
chr4,23720000,1,0.6404,23730000,1529,548,1619
chr4,23730000,0.975833,0.6362,23740000,1664,564,1716
chr4,23740000,0.996467,0.6326,23750000,1054,318,1238
chr4,23750000,1,0.6307,23760000,1545,558,1688
chr4,23760000,1,0.5777,23770000,1120,438,1228
chr4,23770000,0.995759,0.6568,23780000,1782,575,1918
chr4,23780000,0.93855,0.6094,23790000,1200,482,1273
chr4,23790000,0.99995,0.646,23800000,1750,643,1726
chr4,23800000,0.972233,0.6115,23810000,1515,876,1635
chr4,23810000,1,0.6238,23820000,1576,606,1491
chr4,23820000,1,0.6283,23830000,1595,556,1665
chr4,23830000,1,0.6192,23840000,1468,538,1470
chr4,23840000,1,0.6114,23850000,1442,560,1573
chr4,23850000,1,0.6191,23860000,2339,1309,2847
chr4,23860000,1,0.6266,23870000,1476,525,1532
chr4,23870000,0.947257,0.6662,23880000,1855,704,2166
chr4,23880000,0.957917,0.6417,23890000,1540,505,1694
chr4,23890000,0.994217,0.6434,23900000,1542,542,1690
chr4,23900000,1,0.658,23910000,1808,682,1806
chr4,23910000,0.998776,0.6447,23920000,1778,637,1815
chr4,23920000,0.99555,0.7119,23930000,2371,735,2488
chr4,23930000,0.775344,0.6334,23940000,1154,380,1332
chr4,23940000,0.921263,0.6617,23950000,1643,509,1769
chr4,23950000,1,0.6112,23960000,1292,519,1429
chr4,23960000,0.962025,0.6351,23970000,3326,1940,2693
chr4,23970000,1,0.6421,23980000,1746,644,1791
chr4,23980000,1,0.6145,23990000,1406,529,1548
chr4,23990000,1,0.6363,24000000,1459,532,1663
chr4,24000000,0.99845,0.6543,24010000,1813,656,1931
chr4,24010000,1,0.6293,24020000,1573,567,1752
chr4,24020000,1,0.6135,24030000,1382,481,1457
chr4,24030000,0.982786,0.6481,24040000,1664,579,1709
chr4,24040000,1,0.6498,24050000,1787,588,1835
chr4,24050000,1,0.6475,24060000,1773,582,1781
chr4,24060000,0.9689,0.6827,24070000,1872,596,2039
chr4,24070000,0.99955,0.7033,24080000,2210,700,2419
chr4,24080000,0.9868,0.6606,24090000,3120,2715,3209
chr4,24090000,0.951093,0.642,24100000,1632,533,1876
chr4,24100000,0.9111,0.6201,24110000,1263,400,1544
chr4,24110000,1,0.6429,24120000,1632,543,1761
chr4,24120000,0.972747,0.6308,24130000,1521,490,1592
chr4,24130000,1,0.6836,24140000,1848,595,2054
chr4,24140000,0.957333,0.7088,24150000,2010,584,2256
chr4,24150000,0.96375,0.678,24160000,1724,564,1739
chr4,24160000,1,0.6421,24170000,1810,802,1903
chr4,24170000,0.992088,0.6302,24180000,1620,583,1797
chr4,24180000,1,0.6703,24190000,1861,615,1880
chr4,24190000,0.991584,0.6459,24200000,1663,522,1891
chr4,24200000,1,0.5947,24210000,1141,438,1157
chr4,24210000,1,0.6357,24220000,1652,574,1735
chr4,24220000,1,0.6385,24230000,1640,565,1661
chr4,24230000,0.977101,0.6447,24240000,1551,534,1647
chr4,24240000,1,0.6787,24250000,2009,644,2123
chr4,24250000,1,0.6101,24260000,1370,508,1380
chr4,24260000,0.965883,0.6232,24270000,1273,408,1523
chr4,24270000,0.964733,0.6448,24280000,1466,490,1597
chr4,24280000,0.9999,0.6495,24290000,1729,605,1805
chr4,24290000,0.999708,0.5929,24300000,1078,396,1215
chr4,24300000,0.99485,0.6523,24310000,1805,539,1768
chr4,24310000,0.989967,0.6535,24320000,1677,560,1842
chr4,24320000,0.9991,0.6509,24330000,1924,855,2030
chr4,24330000,0.992889,0.6869,24340000,2135,675,2339
chr4,24340000,1,0.6334,24350000,1546,543,1572
chr4,24350000,0.996808,0.661,24360000,1819,584,1841
chr4,24360000,1,0.6435,24370000,1610,514,1633
chr4,24370000,1,0.6366,24380000,1562,600,1717
chr4,24380000,0.9967,0.6476,24390000,1586,548,1711
chr4,24390000,1,0.605,24400000,1361,515,1409
chr4,24400000,1,0.6037,24410000,1356,536,1473
chr4,24410000,0.98785,0.607,24420000,1331,494,1474
chr4,24420000,1,0.6008,24430000,1358,471,1436
chr4,24430000,0.992139,0.7029,24440000,1997,671,2073
chr4,24440000,1,0.6253,24450000,1676,548,1802
chr4,24450000,0.9961,0.6552,24460000,1725,599,1874
chr4,24460000,0.965067,0.6418,24470000,1564,492,1642
chr4,24470000,0.986933,0.6352,24480000,1430,463,1568
chr4,24480000,1,0.6425,24490000,1575,495,1553
chr4,24490000,1,0.6269,24500000,1538,536,1671
chr4,24500000,1,0.6353,24510000,1601,561,1660
chr4,24510000,1,0.6118,24520000,1428,505,1531
chr4,24520000,1,0.6364,24530000,1713,621,1738
chr4,24530000,1,0.5896,24540000,1212,453,1322
chr4,24540000,1,0.6093,24550000,1482,641,1556
chr4,24550000,1,0.6063,24560000,1481,544,1558
chr4,24560000,0.98385,0.6359,24570000,1782,559,2112
chr4,24570000,1,0.7181,24580000,2469,803,2614
chr4,24580000,0.984438,0.6011,24590000,1352,526,1571
chr4,24590000,1,0.6006,24600000,1325,500,1371
chr4,24600000,1,0.5913,24610000,1485,501,1547
chr4,24610000,0.991167,0.6036,24620000,1368,495,1471
chr4,24620000,0.9927,0.6033,24630000,1248,452,1358
chr4,24630000,0.969267,0.6483,24640000,1610,513,1791
chr4,24640000,1,0.5809,24650000,1120,445,1195
chr4,24650000,1,0.5637,24660000,1125,438,1205
chr4,24660000,0.972596,0.6272,24670000,1310,435,1567
chr4,24670000,1,0.5998,24680000,966,361,1089
chr4,24680000,1,0.6087,24690000,1420,541,1391
chr4,24690000,0.93842,0.5835,24700000,1146,463,1359
chr4,24700000,0.908492,0.6041,24710000,1346,554,1720
chr4,24710000,1,0.6064,24720000,1402,478,1528
chr5,0,0.468805,0.5789,10000,212,205,223
chr5,10000,1,0.5844,20000,395,441,422
chr5,20000,1,0.5916,30000,433,532,455
chr5,30000,1,0.5916,40000,401,456,399
chr5,40000,0.965817,0.5816,50000,439,465,539
chr5,50000,0.940136,0.5756,60000,425,472,446
chr5,60000,0.816183,0.6667,70000,474,440,553
chr5,70000,0.9913,0.6673,80000,651,612,676
chr5,80000,1,0.5676,90000,429,508,418
chr5,90000,0.99385,0.6179,100000,483,534,538
chr5,100000,0.966318,0.637,110000,490,556,554
chr5,110000,0.989383,0.6427,120000,622,652,645
chr5,120000,0.990286,0.5863,130000,425,480,517
chr5,130000,0.90515,0.6228,140000,465,441,497
chr5,140000,1,0.6008,150000,463,554,505
chr5,150000,0.959855,0.6667,160000,600,638,610
chr5,160000,1,0.6237,170000,508,542,511
chr5,170000,1,0.6559,180000,604,583,672
chr5,180000,1,0.6292,190000,576,538,567
chr5,190000,1,0.6542,200000,615,609,626
chr5,200000,0.99765,0.6476,210000,615,596,638
chr5,210000,0.867308,0.6567,220000,474,506,600
chr5,220000,0.977285,0.6633,230000,644,629,683
chr5,230000,0.9864,0.6733,240000,637,612,727
chr5,240000,1,0.6305,250000,530,607,521
chr5,250000,0.99645,0.6959,260000,749,695,704
chr5,260000,0.9952,0.6368,270000,570,574,594
chr5,270000,0.99735,0.6792,280000,1292,1142,1191
chr5,280000,0.950471,0.7005,290000,1120,1068,987
chr5,290000,0.999559,0.7066,300000,727,698,754
chr5,300000,1,0.6394,310000,591,640,659
chr5,310000,0.972467,0.6527,320000,568,657,661
chr5,320000,1,0.6407,330000,525,565,557
chr5,330000,0.975067,0.6446,340000,552,576,570
chr5,340000,0.998803,0.6619,350000,639,614,647
chr5,350000,0.77587,0.5872,360000,1938,2072,1751
chr5,360000,0.416275,0.631,370000,138,110,137
chr5,370000,0.896567,0.6266,380000,388,408,505
chr5,380000,0.9965,0.6516,390000,638,571,658
chr5,390000,1,0.6516,400000,588,566,598
chr5,400000,0.9438,0.6924,410000,664,640,721
chr5,410000,1,0.6531,420000,610,621,674
chr5,420000,1,0.7045,430000,765,711,794
chr5,430000,0.9822,0.6919,440000,676,641,718
chr5,440000,0.99935,0.6788,450000,638,661,609
chr5,450000,1,0.6668,460000,606,649,634
chr5,460000,1,0.677,470000,606,616,654
chr5,470000,0.997333,0.6749,480000,702,668,669
chr5,480000,0.99665,0.6497,490000,627,647,667
chr5,490000,0.997805,0.6708,500000,628,634,719
chr5,500000,0.969906,0.6441,510000,596,522,673
chr5,510000,1,0.6411,520000,553,647,631
chr5,520000,0.835292,0.6521,530000,506,504,578
chr5,530000,1,0.6032,540000,540,552,573
chr5,540000,0.9704,0.6232,550000,528,575,574
chr5,550000,0.981117,0.6508,560000,561,613,635
chr5,560000,0.831517,0.6274,570000,396,393,467
chr5,570000,0.9976,0.6786,580000,720,704,809
chr5,580000,0.910949,0.6794,590000,580,595,696
chr5,590000,0.998,0.691,600000,694,625,800
chr5,600000,0.9996,0.682,610000,649,643,655
chr5,610000,1,0.653,620000,578,589,613
chr5,620000,0.909643,0.6815,630000,679,586,719
chr5,630000,0.974842,0.6913,640000,763,676,750
chr5,640000,0.986721,0.6348,650000,568,572,627
chr5,650000,1,0.6681,660000,677,664,704
chr5,660000,0.963565,0.6625,670000,630,603,686
chr5,670000,0.877267,0.636,680000,488,515,493
chr5,680000,0.995883,0.6335,690000,530,613,549
chr5,690000,1,0.6211,700000,578,649,627
chr5,700000,1,0.6367,710000,537,593,613
chr5,710000,0.99395,0.6943,720000,673,669,801
chr5,720000,0.997675,0.7342,730000,800,800,881
chr5,730000,0.9774,0.6669,740000,616,661,681
chr5,740000,0.805587,0.6414,750000,456,381,514
chr5,750000,0.954202,0.6604,760000,604,562,661
chr5,760000,1,0.6801,770000,718,711,711
chr5,770000,1,0.7053,780000,794,736,883
chr5,780000,0.992983,0.6571,790000,692,740,769
chr5,790000,0.997,0.6299,800000,461,509,469
chr5,800000,0.98251,0.6684,810000,633,642,717
chr5,810000,0.94402,0.6157,820000,511,493,527
chr5,820000,0.9962,0.6928,830000,829,829,852
chr5,830000,0.991883,0.6659,840000,655,698,727
chr5,840000,0.99935,0.6594,850000,629,638,623
chr5,850000,1,0.6334,860000,567,579,657
chr5,860000,1,0.6328,870000,576,583,557
chr5,870000,1,0.686,880000,677,698,729
chr5,880000,1,0.7196,890000,825,680,864
chr5,890000,0.979233,0.6355,900000,537,643,607
chr5,900000,0.9882,0.6434,910000,561,567,605
chr5,910000,0.98815,0.6185,920000,658,723,580
chr5,920000,0.99365,0.6208,930000,477,573,498
chr5,930000,1,0.6198,940000,499,570,523
chr5,940000,1,0.6166,950000,513,564,535
chr5,950000,0.87265,0.6321,960000,416,461,438
chr5,960000,0.86385,0.6315,970000,386,391,430
chr5,970000,0.9615,0.6566,980000,605,572,656
chr5,980000,1,0.6344,990000,601,561,592
chr5,990000,0.96625,0.6395,1000000,556,575,624
chr5,1000000,0.988917,0.6933,1010000,754,640,836
chr5,1010000,1,0.6143,1020000,483,483,561
chr5,1020000,1,0.614,1030000,474,581,581
chr5,1030000,1,0.6749,1040000,724,705,721
chr5,1040000,1,0.6308,1050000,522,599,571
chr5,1050000,0.999333,0.6695,1060000,652,684,739
chr5,1060000,0.99865,0.6634,1070000,650,620,628
chr5,1070000,0.931462,0.6912,1080000,624,638,815
chr5,1080000,0.9842,0.6404,1090000,829,766,741
chr5,1090000,0.99855,0.5184,1100000,879,959,668
chr5,1100000,0.98525,0.6441,1110000,528,601,557
chr5,1110000,0.938192,0.6629,1120000,669,681,738
chr5,1120000,0.957607,0.6931,1130000,741,644,870
chr5,1130000,0.9785,0.658,1140000,648,662,699
chr5,1140000,0.97825,0.6506,1150000,580,561,631
chr5,1150000,0.977417,0.6635,1160000,625,726,710
chr5,1160000,0.978725,0.6808,1170000,677,689,804
chr5,1170000,0.960067,0.6738,1180000,602,610,703
chr5,1180000,0.918412,0.6358,1190000,671,650,664
chr5,1190000,0.938885,0.6144,1200000,624,710,683
chr5,1200000,0.837313,0.6962,1210000,700,661,742
chr5,1210000,0.831369,0.5939,1220000,371,358,443
chr5,1220000,0.95984,0.5687,1230000,887,725,939
chr5,1230000,0.971742,0.6189,1240000,1043,995,1062
chr5,1240000,0.996217,0.6341,1250000,475,513,548
chr5,1250000,0.930283,0.6574,1260000,562,535,562
chr5,1260000,1,0.6329,1270000,592,545,616
chr5,1270000,0.920586,0.6392,1280000,862,1036,902
chr5,1280000,0.319996,0.6275,1290000,45,44,74
chr5,1290000,0.798894,0.6533,1300000,417,420,474
chr5,1300000,0.975,0.6859,1310000,560,581,653
chr5,1310000,1,0.6395,1320000,599,608,625
chr5,1320000,0.931602,0.5999,1330000,1240,1206,1109
chr5,1330000,0.88302,0.659,1340000,643,575,678
chr5,1340000,0.947833,0.6497,1350000,570,508,580
chr5,1350000,0.992702,0.6258,1360000,567,576,616
chr5,1360000,1,0.6397,1370000,609,638,555
chr5,1370000,1,0.6175,1380000,460,546,479
chr5,1380000,1,0.6412,1390000,634,656,678
chr5,1390000,1,0.6307,1400000,622,672,577
chr5,1400000,1,0.6686,1410000,589,609,618
chr5,1410000,0.970517,0.4929,1420000,584,661,629
chr5,1420000,1,0.6521,1430000,612,610,662
chr5,1430000,0.976654,0.7237,1440000,864,703,968
chr5,1440000,0.989175,0.65,1450000,582,601,580
chr5,1450000,0.820807,0.6892,1460000,539,534,655
chr5,1460000,0.841592,0.6387,1470000,487,512,548
chr5,1470000,0.969189,0.6493,1480000,693,593,673
chr5,1480000,0.9274,0.6305,1490000,483,504,478
chr5,1490000,0.89885,0.6422,1500000,511,566,571
chr5,1500000,0.822233,0.6502,1510000,374,436,430
chr5,1510000,1,0.6514,1520000,657,674,629
chr5,1520000,0.9504,0.6936,1530000,673,603,769
chr5,1530000,0.9678,0.6855,1540000,660,576,767
chr5,1540000,1,0.7201,1550000,945,905,924
chr5,1550000,0.98525,0.6815,1560000,698,727,788
chr5,1560000,0.979356,0.7219,1570000,826,764,931
chr5,1570000,1,0.6942,1580000,706,693,763
chr5,1580000,0.980467,0.6189,1590000,501,541,516
chr5,1590000,0.715768,0.6015,1600000,326,344,395
chr5,1600000,0.941683,0.6768,1610000,1147,1265,1107
chr5,1610000,0.858667,0.7011,1620000,646,667,724
chr5,1620000,0.992833,0.6787,1630000,1561,1550,1390
chr5,1630000,0.854179,0.6518,1640000,487,507,540
chr5,1640000,0.9972,0.66,1650000,702,638,720
chr5,1650000,0.925038,0.5379,1660000,396,371,429
chr5,1660000,0.792484,0.6338,1670000,512,488,546
chr5,1670000,1,0.6465,1680000,611,616,631
chr5,1680000,1,0.6858,1690000,648,659,697
chr5,1690000,0.837188,0.6466,1700000,616,595,729
chr5,1700000,0.949058,0.6258,1710000,527,582,642
chr5,1710000,0.984577,0.6785,1720000,695,751,716
chr5,1720000,0.934883,0.6669,1730000,1095,940,855
chr5,1730000,0.832908,0.6312,1740000,434,429,568
chr5,1740000,0.852932,0.5896,1750000,376,432,509
chr5,1750000,1,0.6787,1760000,594,668,707
chr5,1760000,0.9873,0.7135,1770000,763,718,857
chr5,1770000,0.847627,0.6573,1780000,552,553,653
chr5,1780000,1,0.6715,1790000,708,728,736
chr5,1790000,1,0.6202,1800000,581,694,587
chr5,1800000,0.892993,0.6722,1810000,626,593,609
chr5,1810000,0.940433,0.662,1820000,577,556,644
chr5,1820000,0.898233,0.6358,1830000,472,486,584
chr5,1830000,1,0.6218,1840000,497,538,572
chr5,1840000,1,0.7032,1850000,741,730,783
chr5,1850000,1,0.6909,1860000,643,737,666
chr5,1860000,0.99515,0.7183,1870000,828,747,940
chr5,1870000,0.9946,0.6838,1880000,710,703,714
chr5,1880000,0.9925,0.6663,1890000,662,665,706
chr5,1890000,0.995075,0.6595,1900000,685,635,633
chr5,1900000,0.97615,0.4917,1910000,1072,937,959
chr5,1910000,0.969867,0.7015,1920000,686,625,760
chr5,1920000,0.978955,0.6563,1930000,614,573,632
chr5,1930000,0.987833,0.6523,1940000,567,567,631
chr5,1940000,1,0.6506,1950000,594,646,617
chr5,1950000,1,0.6249,1960000,563,526,556
chr5,1960000,0.981467,0.574,1970000,514,505,536
chr5,1970000,0.986217,0.6677,1980000,761,740,779
chr5,1980000,0.9992,0.7223,1990000,843,833,916
chr5,1990000,0.9995,0.616,2000000,492,548,541
chr5,2000000,0.836117,0.6083,2010000,314,352,344
chr5,2010000,0.9931,0.6254,2020000,592,593,581
chr5,2020000,0.988351,0.6587,2030000,644,597,742
chr5,2030000,0.907535,0.6693,2040000,576,580,628
chr5,2040000,0.987838,0.6838,2050000,725,680,735
chr5,2050000,0.852075,0.7189,2060000,637,632,791
chr5,2060000,1,0.6291,2070000,474,557,557
chr5,2070000,0.805612,0.6091,2080000,421,420,451
chr5,2080000,0.91957,0.6211,2090000,491,505,452
chr5,2090000,1,0.6303,2100000,552,544,585
chr5,2100000,0.96775,0.6296,2110000,572,567,559
chr5,2110000,1,0.6663,2120000,700,727,824
chr5,2120000,0.99905,0.6348,2130000,558,635,517
chr5,2130000,0.926367,0.6081,2140000,1098,941,858
chr5,2140000,1,0.6431,2150000,541,556,601
chr5,2150000,0.96955,0.6779,2160000,727,652,728
chr5,2160000,0.950649,0.6828,2170000,616,617,727
chr5,2170000,0.859292,0.6594,2180000,614,624,731
chr5,2180000,1,0.6798,2190000,622,681,726
chr5,2190000,0.882778,0.6316,2200000,532,508,552
chr5,2200000,0.926498,0.6362,2210000,519,520,555
chr5,2210000,0.937272,0.6598,2220000,538,576,651
chr5,2220000,1,0.6349,2230000,586,612,629
chr5,2230000,0.995292,0.6617,2240000,737,728,745
chr5,2240000,0.995891,0.6604,2250000,644,695,721
chr5,2250000,1,0.6466,2260000,578,613,612
chr5,2260000,0.9898,0.6202,2270000,511,564,498
chr5,2270000,0.9993,0.6475,2280000,558,573,603
chr5,2280000,1,0.654,2290000,641,690,674
chr5,2290000,0.979983,0.6346,2300000,568,619,519
chr5,2300000,0.9861,0.6426,2310000,654,547,647
chr5,2310000,1,0.6864,2320000,704,685,770
chr5,2320000,0.996415,0.6754,2330000,684,690,767
chr5,2330000,1,0.685,2340000,712,700,763
chr5,2340000,0.951354,0.6898,2350000,681,578,742
chr5,2350000,0.996,0.605,2360000,443,532,475
chr5,2360000,0.99875,0.6158,2370000,507,560,605
chr5,2370000,1,0.6437,2380000,589,643,569
chr5,2380000,0.99935,0.6603,2390000,654,687,1330
chr5,2390000,0.905317,0.6562,2400000,556,536,1157
chr5,2400000,0.912983,0.6189,2410000,416,421,821
chr5,2410000,1,0.6471,2420000,557,585,1193
chr5,2420000,0.990413,0.6385,2430000,590,611,1229
chr5,2430000,0.94222,0.6429,2440000,1006,936,1362
chr5,2440000,0.996567,0.6666,2450000,1284,1096,2107
chr5,2450000,0.9975,0.6713,2460000,623,673,1453
chr5,2460000,1,0.6705,2470000,752,666,1507
chr5,2470000,1,0.6467,2480000,587,590,1221
chr5,2480000,0.849056,0.6432,2490000,552,527,1247
chr5,2490000,0.879095,0.6682,2500000,606,566,1306
chr5,2500000,1,0.7008,2510000,856,796,1699
chr5,2510000,1,0.6565,2520000,695,658,1349
chr5,2520000,0.964183,0.6205,2530000,780,671,1373
chr5,2530000,0.9768,0.5423,2540000,613,592,1107
chr5,2540000,0.967549,0.6553,2550000,556,624,1213
chr5,2550000,0.952299,0.6711,2560000,608,572,1360
chr5,2560000,1,0.6295,2570000,544,575,1053
chr5,2570000,0.811302,0.6656,2580000,616,624,1284
chr5,2580000,0.860341,0.6462,2590000,489,498,1083
chr5,2590000,0.978962,0.6331,2600000,559,572,1247
chr5,2600000,0.995175,0.6501,2610000,629,675,1276
chr5,2610000,0.9995,0.6255,2620000,501,606,1102
chr5,2620000,0.99785,0.6283,2630000,587,564,1316
chr5,2630000,0.9559,0.6502,2640000,628,654,1302
chr5,2640000,0.8108,0.6677,2650000,391,368,1048
chr5,2650000,0.986136,0.6646,2660000,1152,1015,1753
chr5,2660000,1,0.6409,2670000,597,603,1277
chr5,2670000,1,0.6655,2680000,675,761,1423
chr5,2680000,1,0.6304,2690000,586,571,1147
chr5,2690000,1,0.6403,2700000,640,678,1312
chr5,2700000,0.998808,0.6768,2710000,804,753,1646
chr5,2710000,0.889993,0.6625,2720000,506,592,1183
chr5,2720000,0.99505,0.6537,2730000,616,654,1267
chr5,2730000,1,0.6674,2740000,706,778,1435
chr5,2740000,0.97635,0.6881,2750000,680,688,1577
chr5,2750000,0.99645,0.6314,2760000,560,559,1198
chr5,2760000,1,0.702,2770000,744,762,1556
chr5,2770000,0.849794,0.564,2780000,406,368,863
chr5,2780000,0.776002,0.5823,2790000,469,382,1021
chr5,2790000,1,0.6268,2800000,560,563,1133
chr5,2800000,0.98275,0.6343,2810000,67,534,1074
chr5,2810000,0.979596,0.6647,2820000,102,732,1436
chr5,2820000,0.992633,0.6664,2830000,36,721,1397
chr5,2830000,0.970367,0.6807,2840000,93,646,1546
chr5,2840000,0.987793,0.6848,2850000,45,699,1521
chr5,2850000,0.858417,0.6333,2860000,3,379,814
chr5,2860000,0.91725,0.6196,2870000,2744,2131,3010
chr5,2870000,0.988642,0.6737,2880000,30,629,1512
chr5,2880000,0.989293,0.6833,2890000,4,688,1469
chr5,2890000,0.969029,0.649,2900000,188,722,1461
chr5,2900000,1,0.6376,2910000,236,847,1371
chr5,2910000,1,0.6339,2920000,281,913,1338
chr5,2920000,0.99855,0.6744,2930000,41,694,1493
chr5,2930000,1,0.6571,2940000,8,564,1231
chr5,2940000,0.9872,0.6507,2950000,11,590,1163
chr5,2950000,0.9991,0.6285,2960000,24,581,1133
chr5,2960000,0.984783,0.6688,2970000,46,701,1530
chr5,2970000,0.950995,0.5527,2980000,85,426,906
chr5,2980000,0.9988,0.6395,2990000,11,584,1164
chr5,2990000,0.995707,0.6547,3000000,18,714,1293
chr5,3000000,1,0.6466,3010000,71,733,1386
chr5,3010000,1,0.6465,3020000,196,792,1326
chr5,3020000,0.96927,0.6526,3030000,10,622,1290
chr5,3030000,1,0.6266,3040000,7,550,1139
chr5,3040000,0.9624,0.6148,3050000,2,526,1060
chr5,3050000,0.9928,0.6573,3060000,10,588,1358
chr5,3060000,0.826989,0.6564,3070000,147,614,1204
chr5,3070000,0.965183,0.5957,3080000,978,1693,2066
chr5,3080000,0.973,0.6205,3090000,183,635,1152
chr5,3090000,0.864914,0.5697,3100000,170,522,874
chr5,3100000,0.9986,0.7026,3110000,46,747,1596
chr5,3110000,1,0.6325,3120000,18,572,1000
chr5,3120000,1,0.6848,3130000,70,810,1497
chr5,3130000,0.985626,0.6968,3140000,874,1518,2070
chr5,3140000,0.97978,0.644,3150000,62,686,1313
chr5,3150000,0.979727,0.5012,3160000,78,363,767
chr5,3160000,0.965333,0.6845,3170000,45,663,1479
chr5,3170000,1,0.6304,3180000,7,617,1059
chr5,3180000,0.973983,0.6546,3190000,6,657,1283
chr5,3190000,1,0.6468,3200000,21,625,1344
chr5,3200000,0.99555,0.6355,3210000,42,649,1193
chr5,3210000,1,0.6438,3220000,7,712,1317
chr5,3220000,0.948333,0.6987,3230000,33,668,1492
chr5,3230000,0.98815,0.6562,3240000,6,645,1358
chr5,3240000,1,0.6154,3250000,6,600,1096
chr5,3250000,0.9957,0.6307,3260000,3,597,1179
chr5,3260000,1,0.713,3270000,17,743,1783
chr5,3270000,1,0.6576,3280000,41,719,1486
chr5,3280000,1,0.6148,3290000,3,594,1002
chr5,3290000,1,0.6269,3300000,10,637,1212
chr5,3300000,1,0.6702,3310000,10,715,1541
chr5,3310000,0.9997,0.6285,3320000,111,670,1446
chr5,3320000,0.960118,0.6932,3330000,21,670,1468
chr5,3330000,1,0.6885,3340000,3,674,1563
chr5,3340000,0.863945,0.6506,3350000,12,465,1098
chr5,3350000,0.99875,0.6523,3360000,78,678,1412
chr5,3360000,1,0.6607,3370000,7,658,1339
chr5,3370000,0.829583,0.6739,3380000,2,527,1102
chr5,3380000,0.98119,0.7083,3390000,97,752,1739
chr5,3390000,0.967917,0.6697,3400000,17,613,1366
chr5,3400000,0.971483,0.7115,3410000,116,830,1700
chr5,3410000,1,0.6691,3420000,31,664,1522
chr5,3420000,0.9202,0.6804,3430000,9,625,1357
chr5,3430000,1,0.6601,3440000,8,666,1405
chr5,3440000,0.969167,0.6072,3450000,426,830,1592
chr5,3450000,0.973933,0.5607,3460000,428,784,1286
chr5,3460000,0.99,0.6442,3470000,12,605,1309
chr5,3470000,1,0.6986,3480000,54,250,627
chr5,3480000,0.983125,0.6592,3490000,438,563,984
chr5,3490000,0.978088,0.5957,3500000,247,450,743
chr5,3500000,0.971598,0.6946,3510000,332,426,701
chr5,3510000,0.948633,0.668,3520000,10,150,424
chr5,3520000,1,0.654,3530000,132,439,752
chr5,3530000,0.980989,0.7163,3540000,315,531,1161
chr5,3540000,1,0.6615,3550000,11,395,964
chr5,3550000,0.964049,0.6804,3560000,236,880,1689
chr5,3560000,0.986652,0.6846,3570000,31,688,1612
chr5,3570000,0.93525,0.6573,3580000,3,540,1155
chr5,3580000,0.997,0.6683,3590000,153,807,1468
chr5,3590000,0.87685,0.6781,3600000,2461,2589,3083
chr5,3600000,0.9126,0.6694,3610000,7,577,1320
chr5,3610000,0.9454,0.7167,3620000,38,748,1741
chr5,3620000,0.828241,0.6305,3630000,22,487,1073
chr5,3630000,1,0.6825,3640000,4,703,1433
chr5,3640000,1,0.6788,3650000,400,1037,1699
chr5,3650000,0.843713,0.6651,3660000,6,536,1136
chr5,3660000,0.981386,0.7,3670000,18,732,1602
chr5,3670000,0.834648,0.6106,3680000,271,768,1503
chr5,3680000,0.695497,0.6176,3690000,79,344,766
chr5,3690000,0.776002,0.6572,3700000,112,461,1094
chr5,3700000,0.872383,0.6805,3710000,153,589,1220
chr5,3710000,0.982629,0.6654,3720000,114,788,1318
chr5,3720000,0.989632,0.7013,3730000,12,756,1656
chr5,3730000,0.98595,0.6202,3740000,13,575,1218
chr5,3740000,0.994032,0.6962,3750000,19,764,1647
chr5,3750000,0.979841,0.6584,3760000,5,648,1367
chr5,3760000,0.986187,0.6891,3770000,24,600,1309
chr5,3770000,0.975461,0.6151,3780000,358,708,1194
chr5,3780000,0.9917,0.6876,3790000,6,660,1478
chr5,3790000,0.921845,0.6206,3800000,305,614,1065
chr5,3800000,0.568698,0.492,3810000,17,121,330
chr5,3810000,0.9538,0.6586,3820000,11,660,1273
chr5,3820000,0.99985,0.641,3830000,15,621,1340
chr5,3830000,0.99995,0.6563,3840000,11,693,1329
chr5,3840000,1,0.6268,3850000,8,615,1071
chr5,3850000,0.9287,0.6471,3860000,7,549,1275
chr5,3860000,0.958305,0.6464,3870000,4,604,1279
chr5,3870000,0.988979,0.6235,3880000,16,559,1166
chr5,3880000,0.9846,0.5416,3890000,69,422,986
chr5,3890000,1,0.632,3900000,4,597,1180
chr5,3900000,0.97409,0.6144,3910000,59,542,1234
chr5,3910000,0.98502,0.6601,3920000,6,652,1332
chr5,3920000,0.936332,0.606,3930000,13,434,1086
chr5,3930000,0.863628,0.5665,3940000,32,395,915
chr5,3940000,0.786183,0.6141,3950000,0,348,813
chr5,3950000,0.981717,0.6255,3960000,29,611,1326
chr5,3960000,0.817759,0.5449,3970000,1622,2003,2779
chr5,3970000,0.630795,0.5584,3980000,15,277,679
chr5,3980000,1,0.6459,3990000,95,698,1372
chr5,3990000,0.98615,0.6196,4000000,303,920,1506
chr5,4000000,1,0.5449,4010000,36,519,1033
chr5,4010000,0.98641,0.6476,4020000,31,634,1417
chr5,4020000,0.871507,0.5743,4030000,11,377,901
chr5,4030000,1,0.6531,4040000,4,709,1355
chr5,4040000,0.99435,0.6667,4050000,227,886,1560
chr5,4050000,0.9871,0.6181,4060000,975,1471,1602
chr5,4060000,0.9894,0.6707,4070000,12,652,1439
chr5,4070000,0.887192,0.6934,4080000,78,667,1600
chr5,4080000,0.989665,0.6645,4090000,41,708,1515
chr5,4090000,0.972667,0.6156,4100000,206,762,1199
chr5,4100000,0.9937,0.6705,4110000,43,718,1533
chr5,4110000,0.91605,0.652,4120000,31,569,1189
chr5,4120000,0.9556,0.6692,4130000,52,672,1430
chr5,4130000,0.831959,0.6249,4140000,98,465,1024
chr5,4140000,0.831054,0.6493,4150000,44,552,1049
chr5,4150000,0.96625,0.6383,4160000,309,798,1493
chr5,4160000,1,0.6225,4170000,123,695,1309
chr5,4170000,0.980564,0.6201,4180000,5,557,1130
chr5,4180000,1,0.6241,4190000,2,561,1072
chr5,4190000,1,0.6253,4200000,4,593,1201
chr5,4200000,1,0.6685,4210000,9,747,1972
chr5,4210000,0.893122,0.5435,4220000,11,381,841
chr5,4220000,1,0.654,4230000,5,642,1278
chr5,4230000,1,0.6504,4240000,2,689,1362
chr5,4240000,0.991696,0.6529,4250000,19,655,1401
chr5,4250000,0.990002,0.6897,4260000,85,761,1574
chr5,4260000,0.893214,0.5931,4270000,8,516,1089
chr5,4270000,0.616354,0.5226,4280000,9,191,477
chr5,4280000,0.932382,0.5971,4290000,33,459,933
chr5,4290000,1,0.6511,4300000,96,753,1385
chr5,4300000,1,0.7091,4310000,10,711,1499
chr5,4310000,1,0.668,4320000,28,702,1399
chr5,4320000,1,0.6814,4330000,16,682,1471
chr5,4330000,0.99795,0.675,4340000,141,840,1698
chr5,4340000,0.955483,0.6983,4350000,46,672,1492
chr5,4350000,0.995897,0.5514,4360000,24,499,1015
chr5,4360000,1,0.7244,4370000,37,857,1793
chr5,4370000,0.816913,0.6445,4380000,243,580,1171
chr5,4380000,1,0.6751,4390000,47,772,1641
chr5,4390000,0.870701,0.6137,4400000,1894,1997,1763
chr5,4400000,0.982118,0.6904,4410000,69,724,1592
chr5,4410000,1,0.6037,4420000,587,1111,1211
chr5,4420000,0.912769,0.6709,4430000,5,592,1363
chr5,4430000,0.938956,0.6508,4440000,5,563,1184
chr5,4440000,0.897819,0.6784,4450000,16,584,1382
chr5,4450000,0.998033,0.6847,4460000,18,738,1504
chr5,4460000,1,0.7071,4470000,40,725,1641
chr5,4470000,0.811882,0.6545,4480000,62,499,1225
chr5,4480000,0.9633,0.6533,4490000,42,655,1434
chr5,4490000,0.984146,0.6692,4500000,30,714,1567
chr5,4500000,0.94554,0.6655,4510000,60,664,1501
chr5,4510000,0.884367,0.6278,4520000,50,504,1061
chr5,4520000,1,0.6336,4530000,2,695,1306
chr5,4530000,0.579217,0.6905,4540000,4,159,405
chr5,4540000,0.805483,0.623,4550000,468,768,1148
chr5,4550000,1,0.6895,4560000,2,474,1100
chr5,4560000,0.9999,0.7127,4570000,38,790,1767
chr5,4570000,1,0.6815,4580000,17,709,1544
chr5,4580000,0.9947,0.692,4590000,20,761,1496
chr5,4590000,1,0.6661,4600000,32,715,1577
chr5,4600000,0.569953,0.6436,4610000,3,265,568
chr5,4610000,1,0.6701,4620000,2,730,1397
chr5,4620000,0.995083,0.7338,4630000,84,855,2003
chr5,4630000,0.994635,0.6447,4640000,14,629,1397
chr5,4640000,0.861298,0.6499,4650000,14,534,1318
chr5,4650000,0.986933,0.7077,4660000,34,767,1659
chr5,4660000,0.87675,0.6071,4670000,6,420,795
chr5,4670000,0.996936,0.6877,4680000,27,670,1518
chr5,4680000,0.992412,0.6763,4690000,138,764,1572
chr5,4690000,0.986295,0.6692,4700000,41,720,1561
chr5,4700000,0.99485,0.7253,4710000,21,806,1858
chr5,4710000,0.971688,0.5828,4720000,34,515,1144
chr5,4720000,0.98835,0.6016,4730000,32,607,1279
chr5,4730000,0.988603,0.6504,4740000,436,1036,1535
chr5,4740000,0.9971,0.6824,4750000,1159,1803,2352
chr5,4750000,0.97255,0.643,4760000,8,549,1136
chr5,4760000,0.9953,0.6868,4770000,67,730,1679
chr5,4770000,0.987617,0.6978,4780000,86,832,1577
chr5,4780000,0.885242,0.622,4790000,341,646,1241
chr5,4790000,0.768995,0.6029,4800000,434,597,1057
chr5,4800000,0.867159,0.6263,4810000,165,564,1122
chr5,4810000,0.986625,0.6986,4820000,29,728,1676
chr5,4820000,0.9848,0.6341,4830000,346,961,1520
chr5,4830000,0.97255,0.6374,4840000,178,861,1648
chr5,4840000,0.9856,0.7006,4850000,1208,1599,2787
chr5,4850000,1,0.6449,4860000,14,629,1296
chr5,4860000,1,0.7038,4870000,218,868,1687
chr5,4870000,0.975984,0.621,4880000,1115,1326,1843
chr5,4880000,1,0.6625,4890000,8,654,1248
chr5,4890000,0.90489,0.6326,4900000,16,518,998
chr5,4900000,1,0.6158,4910000,5,642,1193
chr5,4910000,1,0.6325,4920000,9,633,1215
chr5,4920000,0.9954,0.6879,4930000,28,738,1610
chr5,4930000,0.954108,0.6607,4940000,48,728,1327
chr5,4940000,0.877019,0.6253,4950000,54,504,1048
chr5,4950000,1,0.6505,4960000,38,759,1324
chr5,4960000,0.945569,0.6791,4970000,41,670,1438
chr5,4970000,0.990067,0.5976,4980000,57,532,1238
chr5,4980000,1,0.6275,4990000,48,631,1304
chr5,4990000,0.983483,0.6887,5000000,5,726,1607
chr5,5000000,1,0.6253,5010000,133,675,1317
chr5,5010000,0.825397,0.6298,5020000,142,521,1217
chr5,5020000,0.979103,0.6195,5030000,20,561,1055
chr5,5030000,1,0.6664,5040000,20,735,1514
chr5,5040000,0.846724,0.6418,5050000,61,684,1384
chr5,5050000,0.828179,0.6461,5060000,14,539,1230
chr5,5060000,0.85826,0.5976,5070000,251,532,1015
chr5,5070000,0.842102,0.5653,5080000,9,429,818
chr5,5080000,0.9976,0.6649,5090000,5,668,1436
chr5,5090000,1,0.6507,5100000,45,605,1393
chr5,5100000,1,0.6712,5110000,41,703,1574
chr5,5110000,1,0.6143,5120000,11,635,1252
chr5,5120000,0.906153,0.6165,5130000,948,904,1775
chr5,5130000,0.921876,0.6335,5140000,13,542,1265
chr5,5140000,0.984993,0.663,5150000,20,704,1535
chr5,5150000,0.958857,0.6693,5160000,7,667,1473
chr5,5160000,1,0.6368,5170000,29,644,1345
chr5,5170000,0.989445,0.57,5180000,47,480,984
chr5,5180000,0.977836,0.5071,5190000,62,409,757
chr5,5190000,0.9832,0.5159,5200000,83,431,854
chr5,5200000,0.9244,0.5947,5210000,19,410,1091
chr5,5210000,0.9244,0.5819,5220000,6,479,951
chr5,5220000,0.974836,0.6331,5230000,43,616,1242
chr5,5230000,0.984158,0.6905,5240000,20,675,1576
chr5,5240000,0.868985,0.6054,5250000,142,545,964
chr5,5250000,0.724347,0.5137,5260000,3,194,483
chr5,5260000,0.953088,0.6493,5270000,38,501,1254
chr5,5270000,0.663277,0.6995,5280000,5,326,760
chr5,5280000,0.767095,0.6292,5290000,221,538,1024
chr5,5290000,0.925964,0.5926,5300000,155,576,1077
chr5,5300000,0.992292,0.6418,5310000,198,732,1395
chr5,5310000,0.917247,0.6014,5320000,13,387,932
chr5,5320000,0.942309,0.5899,5330000,76,471,911
chr5,5330000,0.895153,0.5836,5340000,38,405,893
chr5,5340000,0.91159,0.5646,5350000,4,344,743
chr5,5350000,0.899789,0.6391,5360000,502,754,1269
chr5,5360000,0.877614,0.5896,5370000,18,302,787
chr5,5370000,0.933504,0.5601,5380000,20,333,739
chr5,5380000,0.916183,0.629,5390000,286,635,1174
chr5,5390000,0.811164,0.4911,5400000,184,370,563
chr5,5400000,0.845342,0.5239,5410000,6,264,611
chr5,5410000,0.878425,0.6041,5420000,153,497,928
chr5,5420000,0.883941,0.5663,5430000,86,520,865
chr5,5430000,0.52078,0.5351,5440000,2,106,246
chr5,5440000,0.94101,0.6439,5450000,2285,2221,2239
chr5,5450000,0.936154,0.6279,5460000,276,734,1205
chr5,5460000,0.921568,0.6477,5470000,731,1096,1624
chr5,5470000,0.995133,0.5807,5480000,66,540,1059
chr5,5480000,0.865999,0.5701,5490000,15,345,740
chr5,5490000,0.694553,0.5477,5500000,6,236,663
chr5,5500000,0.607386,0.508,5510000,2,164,385
chr5,5510000,0.595143,0.552,5520000,19,200,495
chr5,5520000,0.797478,0.5501,5530000,13,265,711
chr5,5530000,0.825179,0.6201,5540000,15,349,948
chr5,5540000,0.92739,0.6117,5550000,12,499,1139
chr5,5550000,0.9291,0.5498,5560000,32,396,790
chr5,5560000,0.675685,0.6214,5570000,12,149,302
chr5,5570000,0.637033,0.6573,5580000,0,145,340
chr5,5580000,0.945641,0.5991,5590000,12,378,924
chr5,5590000,0.982184,0.5624,5600000,32,425,841
chr5,5600000,0.932964,0.5463,5610000,18,350,767
chr5,5610000,0.99635,0.6362,5620000,36,611,1189
chr5,5620000,0.977369,0.6729,5630000,22,434,1152
chr5,5630000,1,0.6524,5640000,17,606,1248
chr5,5640000,0.979115,0.5518,5650000,372,984,1266
chr5,5650000,0.985746,0.6448,5660000,55,719,1455
chr5,5660000,0.928544,0.6135,5670000,9,429,1006
chr5,5670000,0.53994,0.5804,5680000,8,235,478
chr5,5680000,0.401819,0.5868,5690000,39,190,464
chr5,5690000,0.905972,0.6791,5700000,174,645,1395
chr5,5700000,0.993233,0.701,5710000,165,880,1639
chr5,5710000,0.976678,0.5376,5720000,11,410,710
chr5,5720000,0.973887,0.609,5730000,107,629,1216
chr5,5730000,0.99935,0.5881,5740000,81,531,1029
chr5,5740000,0.903353,0.5737,5750000,37,392,858
chr5,5750000,0.976492,0.5055,5760000,145,436,752
chr5,5760000,0.9927,0.5573,5770000,66,435,835
chr5,5770000,1,0.5882,5780000,83,594,1112
chr5,5780000,1,0.6727,5790000,8,643,1310
chr5,5790000,0.954633,0.6244,5800000,149,628,1325
chr5,5800000,0.608056,0.577,5810000,4,254,593
chr5,5810000,0.985318,0.6644,5820000,131,833,1421
chr5,5820000,0.99787,0.718,5830000,21,778,1741
chr5,5830000,0.995029,0.6825,5840000,128,854,1638
chr5,5840000,1,0.6757,5850000,63,751,1538
chr5,5850000,1,0.651,5860000,40,762,1340
chr5,5860000,0.955911,0.6333,5870000,61,618,1197
chr5,5870000,0.72094,0.4973,5880000,22,203,416
chr5,5880000,0.9974,0.5715,5890000,76,575,1030
chr5,5890000,0.993048,0.5498,5900000,107,485,910
chr5,5900000,0.873998,0.5752,5910000,8,317,796
chr5,5910000,0.976858,0.5906,5920000,11,356,967
chr5,5920000,0.967285,0.5802,5930000,47,401,881
chr5,5930000,0.97953,0.5824,5940000,60,478,1014
chr5,5940000,0.870848,0.5828,5950000,197,512,938
chr5,5950000,0.943714,0.5922,5960000,89,528,1052
chr5,5960000,0.799568,0.5425,5970000,83,369,718
chr5,5970000,0.87548,0.5406,5980000,25,369,775
chr5,5980000,1,0.5768,5990000,61,543,953
chr5,5990000,0.9916,0.6259,6000000,183,713,1279
chr5,6000000,0.954065,0.6463,6010000,13,589,1183
chr5,6010000,0.587728,0.4938,6020000,9,145,310
chr5,6020000,0.970642,0.6102,6030000,5,483,1103
chr5,6030000,1,0.7023,6040000,6,657,1404
chr5,6040000,1,0.675,6050000,7,686,1333
chr5,6050000,0.9988,0.5956,6060000,4,550,1009
chr5,6060000,0.974015,0.6022,6070000,23,470,1175
chr5,6070000,0.9972,0.6238,6080000,35,570,1199
chr5,6080000,0.714966,0.6152,6090000,4,330,742
chr5,6090000,0.95265,0.5831,6100000,807,1883,1537
chr5,6100000,0.972417,0.6468,6110000,56,573,1230
chr5,6110000,0.9627,0.6754,6120000,231,748,1634
chr5,6120000,1,0.7058,6130000,10,783,1601
chr5,6130000,0.83679,0.6307,6140000,54,441,866
chr5,6140000,0.675543,0.6836,6150000,26,321,824
chr5,6150000,0.819114,0.6194,6160000,85,434,1021
chr5,6160000,0.956158,0.6666,6170000,8,595,1358
chr5,6170000,0.98645,0.6432,6180000,6,615,1232
chr5,6180000,0.964751,0.6396,6190000,45,634,1266
chr5,6190000,0.969088,0.5153,6200000,34,343,831
chr5,6200000,0.997768,0.6735,6210000,12,644,1401
chr5,6210000,0.915056,0.6027,6220000,16,426,987
chr5,6220000,0.99745,0.6822,6230000,7,644,1373
chr5,6230000,0.9893,0.672,6240000,14,565,1281
chr5,6240000,1,0.6462,6250000,29,679,1230
chr5,6250000,1,0.6681,6260000,52,632,1445
chr5,6260000,1,0.6554,6270000,22,576,1283
chr5,6270000,0.970787,0.5873,6280000,215,563,1055
chr5,6280000,0.951725,0.5862,6290000,22,407,922
chr5,6290000,0.987933,0.5848,6300000,36,406,959
chr5,6300000,0.983755,0.6074,6310000,138,517,1029
chr5,6310000,0.94115,0.6153,6320000,25,420,974
chr5,6320000,0.909155,0.5699,6330000,113,393,871
chr5,6330000,0.933092,0.5734,6340000,43,402,853
chr5,6340000,0.83566,0.5885,6350000,316,582,1081
chr5,6350000,0.897561,0.5828,6360000,1420,1333,1814
chr5,6360000,0.95302,0.5543,6370000,59,451,819
chr5,6370000,0.984275,0.6309,6380000,15,514,1189
chr5,6380000,0.893441,0.5887,6390000,8,300,863
chr5,6390000,0.988675,0.5714,6400000,28,454,959
chr5,6400000,0.983008,0.5814,6410000,24,455,914
chr5,6410000,0.993992,0.6951,6420000,10,81,1725
chr5,6420000,1,0.6194,6430000,4,5,968
chr5,6430000,1,0.6799,6440000,45,22,1315
chr5,6440000,1,0.5892,6450000,93,143,1066
chr5,6450000,0.983917,0.6191,6460000,78,80,1175
chr5,6460000,0.958509,0.6502,6470000,63,79,1271
chr5,6470000,0.633854,0.5849,6480000,16,14,557
chr5,6480000,0.847833,0.6026,6490000,416,359,1147
chr5,6490000,0.844037,0.5814,6500000,26,28,805
chr5,6500000,0.842597,0.5589,6510000,5,10,637
chr5,6510000,0.96757,0.5907,6520000,33,42,920
chr5,6520000,0.971875,0.4984,6530000,36,20,599
chr5,6530000,0.980503,0.58,6540000,51,42,973
chr5,6540000,1,0.5931,6550000,34,46,1053
chr5,6550000,0.987362,0.5808,6560000,152,163,1019
chr5,6560000,0.94033,0.5918,6570000,239,198,995
chr5,6570000,0.902771,0.605,6580000,27,27,896
chr5,6580000,0.988275,0.6876,6590000,73,102,1391
chr5,6590000,0.97066,0.5651,6600000,169,154,926
chr5,6600000,0.811464,0.5505,6610000,545,484,704
chr5,6610000,0.762563,0.6014,6620000,960,787,825
chr5,6620000,0.42593,0.5989,6630000,88,74,181
chr5,6630000,0.597433,0.5991,6640000,379,365,583
chr5,6640000,0.534634,0.6008,6650000,901,791,753
chr5,6650000,0.230385,0.5987,6660000,107,98,142
chr5,6660000,0.349245,0.5966,6670000,680,570,435
chr5,6670000,0.238046,0.5958,6680000,298,182,213
chr5,6680000,0.399527,0.5969,6690000,420,317,382
chr5,6690000,0.343914,0.5968,6700000,228,185,217
chr5,6700000,0.634974,0.5982,6710000,503,495,633
chr5,6710000,0.479352,0.6017,6720000,106,98,290
chr5,6720000,0.57351,0.6023,6730000,323,272,494
chr5,6730000,0.333554,0.603,6740000,1325,1381,628
chr5,6740000,0.238744,0.6024,6750000,276,220,82
chr5,6750000,0.358522,0.6027,6760000,227,198,244
chr5,6760000,0.450665,0.6027,6770000,167,162,331
chr5,6770000,0.470719,0.6034,6780000,146,152,360
chr5,6780000,0.63583,0.6043,6790000,777,702,664
chr5,6790000,0.422123,0.6017,6800000,768,886,493
chr5,6800000,0.41763,0.6016,6810000,32,26,276
chr5,6810000,0.30332,0.6043,6820000,57,65,216
chr5,6820000,0.367078,0.6045,6830000,21,15,253
chr5,6830000,0.324583,0.6044,6840000,21,21,232
chr5,6840000,0.242746,0.6085,6850000,3,7,125
chr5,6850000,0.263598,0.6072,6860000,12,17,153
chr5,6860000,0.239567,0.6027,6870000,4,5,112
chr5,6870000,0.237656,0.6046,6880000,8,8,139
chr5,6880000,0.387061,0.5924,6890000,29,19,170
chr5,6890000,0.391401,0.5974,6900000,310,230,288
chr5,6900000,0.50287,0.6006,6910000,106,121,454
chr5,6910000,0.357384,0.6012,6920000,24,36,287
chr5,6920000,0.168559,0.6007,6930000,26,28,33
chr5,6930000,0.328194,0.6019,6940000,77,74,258
chr5,6940000,0.372901,0.6051,6950000,66,37,335
chr5,6950000,0.237576,0.6042,6960000,17,10,134
chr5,6960000,0.248521,0.5979,6970000,35,28,148
chr5,6970000,0.575643,0.5999,6980000,1546,1062,1291
chr5,6980000,0.284692,0.5964,6990000,30,19,210
chr5,6990000,0.455777,0.6027,7000000,43,67,386
chr5,7000000,0.423787,0.604,7010000,43,32,320
chr5,7010000,0.354154,0.6019,7020000,42,32,290
chr5,7020000,0.245371,0.6036,7030000,39,31,170
chr5,7030000,0.369758,0.5991,7040000,42,40,293
chr5,7040000,0.38166,0.5959,7050000,120,111,298
chr5,7050000,0.326296,0.5933,7060000,156,144,280
chr5,7060000,0.296267,0.5931,7070000,52,41,222
chr5,7070000,0.330585,0.5966,7080000,41,48,227
chr5,7080000,0.334531,0.5937,7090000,35,34,172
chr5,7090000,0.236586,0.5981,7100000,142,129,172
chr5,7100000,0.226614,0.5977,7110000,86,76,149
chr5,7110000,0.149043,0.5957,7120000,161,140,174
chr5,7120000,0.122657,0.5961,7130000,48,48,130
chr5,7130000,0.229166,0.5939,7140000,36,29,199
chr5,7140000,0.313318,0.5986,7150000,117,80,241
chr5,7150000,0.415469,0.5796,7160000,66,67,293
chr5,7160000,0.112856,0.5966,7170000,83,53,92
chr5,7170000,0.119974,0.5967,7180000,91,68,128
chr5,7180000,0.228926,0.5953,7190000,73,53,154
chr5,7190000,0.352826,0.6074,7200000,26,16,339
chr5,7200000,0.428895,0.5834,7210000,61,68,349
chr5,7210000,0.472748,0.5849,7220000,53,68,418
chr5,7220000,0.307398,0.5955,7230000,969,549,487
chr5,7230000,0.356738,0.5975,7240000,64,45,246
chr5,7240000,0.314305,0.5947,7250000,1097,1203,576
chr5,7250000,0.381745,0.5977,7260000,357,306,292
chr5,7260000,0.257592,0.5913,7270000,24,13,164
chr5,7270000,0.227153,0.5954,7280000,280,212,254
chr5,7280000,0.270531,0.5949,7290000,309,319,281
chr5,7290000,0.449298,0.5959,7300000,53,32,409
chr5,7300000,0.326322,0.5802,7310000,3,3,257
chr5,7310000,0.298802,0.5964,7320000,50,49,270
chr5,7320000,0.185545,0.5942,7330000,69,45,154
chr5,7330000,0.326625,0.5873,7340000,50,56,291
chr5,7340000,0.275941,0.5972,7350000,53,46,185
chr5,7350000,0.228335,0.5964,7360000,57,47,152
chr5,7360000,0.227569,0.5959,7370000,41,28,174
chr5,7370000,0.277418,0.5967,7380000,79,74,221
chr5,7380000,0.262338,0.596,7390000,550,383,323
chr5,7390000,0.173812,0.5968,7400000,27,31,122
chr5,7400000,0.348222,0.5984,7410000,22,26,217
chr5,7410000,0.233039,0.5963,7420000,98,91,196
chr5,7420000,0.245526,0.5985,7430000,162,153,248
chr5,7430000,0.285724,0.5973,7440000,25,20,178
chr5,7440000,0.253066,0.5963,7450000,12,9,183
chr5,7450000,0.280453,0.5967,7460000,22,19,199
chr5,7460000,0.11531,0.5928,7470000,72,78,68
chr5,7470000,0.171268,0.5935,7480000,5,6,122
chr5,7480000,0.124413,0.5941,7490000,54,38,104
chr5,7490000,0.171124,0.5933,7500000,6,10,131
chr5,7500000,0.229657,0.5959,7510000,21,14,143
chr5,7510000,0.324882,0.5965,7520000,137,171,502
chr5,7520000,0.218471,0.5956,7530000,20,27,160
chr5,7530000,0.216498,0.5959,7540000,89,66,183
chr5,7540000,0.36542,0.5822,7550000,25,37,261
chr5,7550000,0.229176,0.5946,7560000,117,124,241
chr5,7560000,0.318892,0.5946,7570000,95,78,228
chr5,7570000,0.165929,0.5965,7580000,61,58,123
chr5,7580000,0.201835,0.5952,7590000,42,42,140
chr5,7590000,0.425065,0.5961,7600000,389,221,376
chr5,7600000,0.460649,0.5968,7610000,14,13,317
chr5,7610000,0.202864,0.5736,7620000,4,9,133
chr5,7620000,0.215576,0.5885,7630000,5,2,124
chr5,7630000,0.275268,0.5974,7640000,15,10,159
chr5,7640000,0.174699,0.5969,7650000,11,5,46
chr5,7650000,0.121841,0.598,7660000,131,98,99
chr5,7660000,0.24943,0.5839,7670000,8,6,166
chr5,7670000,0.24357,0.5816,7680000,32,36,220
chr5,7680000,0.252775,0.5988,7690000,35,37,175
chr5,7690000,0.160474,0.5975,7700000,36,34,83
chr5,7700000,0.181076,0.5984,7710000,20,20,131
chr5,7710000,0.237925,0.598,7720000,6,5,195
chr5,7720000,0.174888,0.5959,7730000,20,16,104
chr5,7730000,0.338764,0.5974,7740000,9,4,271
chr5,7740000,0.178632,0.5913,7750000,13,10,100
chr5,7750000,0.124987,0.5895,7760000,22,27,70
chr5,7760000,0.113513,0.5898,7770000,45,46,75
chr5,7770000,0.140903,0.5932,7780000,37,46,97
chr5,7780000,0.215008,0.5917,7790000,84,53,170
chr5,7790000,0.254565,0.5979,7800000,1984,1097,586
chr5,7800000,0.157272,0.5948,7810000,75,57,150
chr5,7810000,0.317231,0.5953,7820000,94,77,269
chr5,7820000,0.316587,0.5966,7830000,68,59,190
chr5,7830000,0.169114,0.5975,7840000,23,5,73
chr5,7840000,0.104615,0.599,7850000,54,35,67
chr5,7850000,0.170337,0.5969,7860000,170,197,172
chr5,7860000,0.189481,0.5976,7870000,29,17,105
chr5,7870000,0.179944,0.5934,7880000,53,37,174
chr5,7880000,0.134791,0.5935,7890000,11,15,56
chr5,7890000,0.143308,0.5959,7900000,50,29,94
chr5,7900000,0.129986,0.5986,7910000,12,8,81
chr5,7910000,0.227351,0.5967,7920000,30,20,159
chr5,7920000,0.372965,0.6029,7930000,14,25,205
chr5,7930000,0.316308,0.6041,7940000,9,6,235
chr5,7940000,0.446325,0.5839,7950000,16,20,365
chr5,7950000,0.308975,0.5992,7960000,81,38,266
chr5,7960000,0.346836,0.6046,7970000,563,310,407
chr5,7970000,0.368901,0.6042,7980000,54,30,263
chr5,7980000,0.0937261,0.605,7990000,2,3,40
chr5,7990000,0.248313,0.6068,8000000,34,24,201
chr5,8000000,0.283573,0.6056,8010000,12,8,191
chr5,8010000,0.166679,0.6061,8020000,6,6,111
chr5,8020000,0.162098,0.6074,8030000,5,9,125
chr5,8030000,0.200263,0.6081,8040000,18,9,160
chr5,8040000,0.161844,0.586,8050000,2,5,120
chr5,8050000,0.297224,0.6039,8060000,8,9,162
chr5,8060000,0.122273,0.6071,8070000,3,0,63
chr5,8070000,0.139498,0.6052,8080000,5,4,74
chr5,8080000,0.27981,0.5825,8090000,3,2,167
chr5,8090000,0.228234,0.6067,8100000,14,16,155
chr5,8100000,0.188191,0.6052,8110000,16,11,172
chr5,8110000,0.286535,0.5856,8120000,17,11,199
chr5,8120000,0.315336,0.5954,8130000,130,106,259
chr5,8130000,0.386757,0.6054,8140000,127,145,369
chr5,8140000,0.33804,0.6076,8150000,26,24,320
chr5,8150000,0.183459,0.592,8160000,25,18,161
chr5,8160000,0.225685,0.6048,8170000,33,34,175
chr5,8170000,0.124582,0.605,8180000,12,9,87
chr5,8180000,0.185832,0.6016,8190000,275,252,243
chr5,8190000,0.205018,0.6031,8200000,62,59,216
chr5,8200000,0.192927,0.6031,8210000,15,6,216
chr5,8210000,0.167257,0.6032,8220000,246,129,138
chr5,8220000,0.185137,0.6044,8230000,16,13,108
chr5,8230000,0.310011,0.6043,8240000,21,31,285
chr5,8240000,0.251495,0.6024,8250000,180,106,247
chr5,8250000,0.200561,0.606,8260000,5,3,62
chr5,8260000,0.300347,0.6075,8270000,45,41,162
chr5,8270000,0.339851,0.6044,8280000,10,20,258
chr5,8280000,0.279025,0.6022,8290000,136,119,272
chr5,8290000,0.251876,0.5817,8300000,24,19,203
chr5,8300000,0.136117,0.6033,8310000,14,16,128
chr5,8310000,0.122388,0.5979,8320000,99,66,78
chr5,8320000,0.230527,0.5987,8330000,69,65,261
chr5,8330000,0.222626,0.602,8340000,26,14,203
chr5,8340000,0.189123,0.6047,8350000,3,2,83
chr5,8350000,0.205574,0.6017,8360000,15,14,103
chr5,8360000,0.0899132,0.5987,8370000,6,5,45
chr5,8370000,0.0864016,0.5991,8380000,5,10,66
chr5,8380000,0.176144,0.6003,8390000,5,2,139
chr5,8390000,0.165249,0.6013,8400000,9,8,113
chr5,8400000,0.194891,0.6045,8410000,24,26,126
chr5,8410000,0.246267,0.6046,8420000,211,109,194
chr5,8420000,0.229778,0.6031,8430000,29,22,163
chr5,8430000,0.206913,0.6036,8440000,24,14,150
chr5,8440000,0.298176,0.6037,8450000,32,29,192
chr5,8450000,0.146101,0.6027,8460000,8,2,93
chr5,8460000,0.101804,0.6021,8470000,1,0,71
chr5,8470000,0.165789,0.6025,8480000,9,10,135
chr5,8480000,0.179183,0.6025,8490000,1,0,120
chr5,8490000,0.194317,0.5911,8500000,21,7,151
chr5,8500000,0.2138,0.5923,8510000,3,3,186
chr5,8510000,0.134377,0.6021,8520000,1,0,110
chr5,8520000,0.0981832,0.6022,8530000,3,0,54
chr5,8530000,0.13491,0.6015,8540000,0,1,95
chr5,8540000,0.166129,0.6024,8550000,14,7,128
chr5,8550000,0.184646,0.6032,8560000,5,6,189
chr5,8560000,0.151338,0.6032,8570000,1,0,73
chr5,8570000,0.165379,0.5902,8580000,2,2,100
chr5,8580000,0.329195,0.5966,8590000,23,12,294
chr5,8590000,0.12313,0.6042,8600000,3,2,70
chr5,8600000,0.118268,0.6021,8610000,4,1,77
chr5,8610000,0.14622,0.6017,8620000,16,7,108
chr5,8620000,0.140564,0.604,8630000,2,4,91
chr5,8630000,0.200376,0.6048,8640000,27,14,146
chr5,8640000,0.11698,0.6043,8650000,6,7,129
chr5,8650000,0.213636,0.578,8660000,8,4,141
chr5,8660000,0.169365,0.6057,8670000,13,10,139
chr5,8670000,0.188828,0.6048,8680000,3,2,90
chr5,8680000,0.187536,0.6032,8690000,9,8,111
chr5,8690000,0.163966,0.6037,8700000,3,8,142
chr5,8700000,0.158616,0.603,8710000,11,8,76
chr5,8710000,0.218456,0.5989,8720000,51,54,159
chr5,8720000,0.255858,0.6002,8730000,22,28,209
chr5,8730000,0.185234,0.5805,8740000,43,44,200
chr5,8740000,0.305967,0.5963,8750000,35,33,204
chr5,8750000,0.314626,0.597,8760000,25,19,259
chr5,8760000,0.301919,0.6118,8770000,16,24,282
chr5,8770000,0.516108,0.5858,8780000,65,64,395
chr5,8780000,0.252121,0.5799,8790000,16,7,283
chr5,8790000,0.122404,0.6003,8800000,8,8,125
chr5,8800000,0.238341,0.605,8810000,29,33,211
chr5,8810000,0.0889029,0.6054,8820000,11,12,42
chr5,8820000,0.145467,0.6018,8830000,20,14,146
chr5,8830000,0.142678,0.6024,8840000,43,27,125
chr5,8840000,0.274301,0.6063,8850000,35,26,229
chr5,8850000,0.265505,0.605,8860000,37,20,189
chr5,8860000,0.172831,0.5952,8870000,8,7,111
chr5,8870000,0.372274,0.5943,8880000,2,5,260
chr5,8880000,0.173378,0.5724,8890000,10,22,106
chr5,8890000,0.235017,0.5853,8900000,4,2,208
chr5,8900000,0.115044,0.5986,8910000,7,5,85
chr5,8910000,0.274857,0.5892,8920000,28,10,283
chr5,8920000,0.21922,0.5724,8930000,9,2,156
chr5,8930000,0.258088,0.6047,8940000,59,42,221
chr5,8940000,0.208968,0.603,8950000,35,22,114
chr5,8950000,0.239141,0.5974,8960000,12,8,182
chr5,8960000,0.186463,0.5958,8970000,16,12,145
chr5,8970000,0.366108,0.5824,8980000,18,21,355
chr5,8980000,0.216554,0.6045,8990000,253,91,257
chr5,8990000,0.233961,0.594,9000000,41,54,165
chr5,9000000,0.302371,0.5848,9010000,6,11,213
chr5,9010000,0.293458,0.6045,9020000,15,24,291
chr5,9020000,0.282066,0.5818,9030000,12,11,232
chr5,9030000,0.18125,0.6045,9040000,3,4,123
chr5,9040000,0.448946,0.544,9050000,271,190,451
chr5,9050000,0.444275,0.5167,9060000,7,3,166
chr5,9060000,0.175022,0.5876,9070000,16,25,96
chr5,9070000,0.335367,0.601,9080000,19,21,200
chr5,9080000,0.248313,0.5979,9090000,97,54,200
chr5,9090000,0.247522,0.5835,9100000,20,15,184
chr5,9100000,0.16934,0.5989,9110000,9,6,109
chr5,9110000,0.112489,0.5977,9120000,14,17,90
chr5,9120000,0.110174,0.5975,9130000,23,26,61
chr5,9130000,0.174643,0.6022,9140000,7,10,105
chr5,9140000,0.170867,0.6003,9150000,9,7,112
chr5,9150000,0.174548,0.5988,9160000,2,1,86
chr5,9160000,0.249094,0.5911,9170000,9,4,205
chr5,9170000,0.235958,0.5996,9180000,17,13,129
chr5,9180000,0.345235,0.5982,9190000,60,47,307
chr5,9190000,0.261938,0.5979,9200000,48,41,204
chr5,9200000,0.250369,0.5896,9210000,8,8,203
chr5,9210000,0.334144,0.5615,9220000,9,9,256
chr5,9220000,0.185111,0.5964,9230000,6,5,131
chr5,9230000,0.186191,0.5962,9240000,2,7,99
chr5,9240000,0.0926411,0.5969,9250000,5,0,66
chr5,9250000,0.143602,0.5976,9260000,5,5,107
chr5,9260000,0.251457,0.6004,9270000,9,6,240
chr5,9270000,0.165101,0.6,9280000,5,4,154
chr5,9280000,0.111523,0.5994,9290000,4,6,104
chr5,9290000,0.14166,0.5972,9300000,6,2,102
chr5,9300000,0.136494,0.5975,9310000,7,8,140
chr5,9310000,0.102267,0.5995,9320000,5,1,45
chr5,9320000,0.0978835,0.6006,9330000,1,1,55
chr5,9330000,0.21926,0.5985,9340000,78,70,183
chr5,9340000,0.195477,0.5869,9350000,8,10,114
chr5,9350000,0.239939,0.5984,9360000,66,59,188
chr5,9360000,0.318028,0.5863,9370000,41,45,275
chr5,9370000,0.183974,0.6006,9380000,2,5,171
chr5,9380000,0.17482,0.5902,9390000,4,2,101
chr5,9390000,0.146789,0.5946,9400000,16,11,93
chr5,9400000,0.149962,0.5879,9410000,7,7,76
chr5,9410000,0.330819,0.6044,9420000,17,10,283
chr5,9420000,0.169801,0.5998,9430000,12,14,122
chr5,9430000,0.127605,0.5999,9440000,2,7,85
chr5,9440000,0.162293,0.6025,9450000,13,10,107
chr5,9450000,0.221476,0.6021,9460000,42,44,171
chr5,9460000,0.239164,0.5998,9470000,100,88,226
chr5,9470000,0.230423,0.5986,9480000,22,17,203
chr5,9480000,0.181319,0.5973,9490000,12,6,124
chr5,9490000,0.205974,0.5979,9500000,5,4,143
chr5,9500000,0.171444,0.5877,9510000,25,16,96
chr5,9510000,0.391914,0.5939,9520000,7,12,294
chr5,9520000,0.22061,0.605,9530000,41,51,206
chr5,9530000,0.218054,0.6035,9540000,6,5,158
chr5,9540000,0.142714,0.5851,9550000,13,9,79
chr5,9550000,0.266179,0.5745,9560000,4,3,158
chr5,9560000,0.270522,0.5926,9570000,10,11,255
chr5,9570000,0.218732,0.5813,9580000,2,2,47
chr5,9580000,0.306936,0.6072,9590000,17,10,222
chr5,9590000,0.194703,0.6052,9600000,3,1,131
chr5,9600000,0.188793,0.6073,9610000,2,3,110
chr5,9610000,0.199064,0.603,9620000,53,56,215
chr5,9620000,0.270133,0.5979,9630000,12,15,197
chr5,9630000,0.292394,0.5851,9640000,31,40,256
chr5,9640000,0.177681,0.5849,9650000,3,4,100
chr5,9650000,0.299954,0.5988,9660000,29,18,158
chr5,9660000,0.251129,0.5968,9670000,6,2,163
chr5,9670000,0.227106,0.5939,9680000,24,29,127
chr5,9680000,0.200335,0.5896,9690000,20,17,126
chr5,9690000,0.173088,0.5874,9700000,14,14,196
chr5,9700000,0.124184,0.5934,9710000,1,0,61
chr5,9710000,0.261037,0.5975,9720000,10,13,168
chr5,9720000,0.288223,0.6013,9730000,6,8,186
chr5,9730000,0.29097,0.5995,9740000,31,26,215
chr5,9740000,0.269691,0.6006,9750000,13,5,177
chr5,9750000,0.173177,0.5997,9760000,3,3,89
chr5,9760000,0.182977,0.607,9770000,5,11,124
chr5,9770000,0.313895,0.5976,9780000,21,22,286
chr5,9780000,0.15863,0.6022,9790000,3,2,132
chr5,9790000,0.345655,0.5798,9800000,18,17,256
chr5,9800000,0.28539,0.5839,9810000,13,18,256
chr5,9810000,0.266321,0.5842,9820000,0,2,162
chr5,9820000,0.339479,0.5817,9830000,4,4,222
chr5,9830000,0.241177,0.5998,9840000,13,8,153
chr5,9840000,0.183152,0.6003,9850000,7,3,98
chr5,9850000,0.164571,0.5984,9860000,5,7,81
chr5,9860000,0.163847,0.5992,9870000,11,7,92
chr5,9870000,0.194978,0.5835,9880000,3,4,95
chr5,9880000,0.213948,0.5995,9890000,29,14,207
chr5,9890000,0.084494,0.6017,9900000,4,2,45
chr5,9900000,0.256518,0.593,9910000,7,4,166
chr5,9910000,0.296988,0.5909,9920000,61,51,297
chr5,9920000,0.237975,0.6017,9930000,4,4,157
chr5,9930000,0.156073,0.5849,9940000,112,68,98
chr5,9940000,0.139699,0.5987,9950000,105,70,73
chr5,9950000,0.20633,0.5994,9960000,47,72,155
chr5,9960000,0.292064,0.6053,9970000,50,25,226
chr5,9970000,0.258972,0.6074,9980000,170,210,231
chr5,9980000,0.212606,0.6047,9990000,10,18,157
chr5,9990000,0.284556,0.6089,10000000,1,2,218
chr5,10000000,0.171279,0.6062,10010000,18,10,114
chr5,10010000,0.14306,0.607,10020000,17,19,53
chr5,10020000,0.190017,0.6081,10030000,16,14,158
chr5,10030000,0.228892,0.6079,10040000,35,36,189
chr5,10040000,0.205432,0.6049,10050000,11,1,166
chr5,10050000,0.238857,0.605,10060000,8,3,170
chr5,10060000,0.292068,0.608,10070000,10,7,260
chr5,10070000,0.194824,0.6111,10080000,19,11,71
chr5,10080000,0.128518,0.6102,10090000,21,17,97
chr5,10090000,0.145813,0.5927,10100000,5,7,134
chr5,10100000,0.256671,0.5977,10110000,6,4,227
chr5,10110000,0.153097,0.6086,10120000,12,14,78
chr5,10120000,0.161479,0.6075,10130000,1,7,89
chr5,10130000,0.24883,0.6063,10140000,8,5,182
chr5,10140000,0.241583,0.6081,10150000,18,25,198
chr5,10150000,0.408921,0.5322,10160000,57,43,190
chr5,10160000,0.45575,0.5336,10170000,94,77,222
chr5,10170000,0.180045,0.599,10180000,8,7,57
chr5,10180000,0.378021,0.5995,10190000,32,16,313
chr5,10190000,0.376585,0.5969,10200000,333,320,547
chr5,10200000,0.118599,0.5962,10210000,22,21,75
chr5,10210000,0.100727,0.5956,10220000,22,14,64
chr5,10220000,0.125857,0.5957,10230000,6,5,94
chr5,10230000,0.139515,0.5961,10240000,13,11,125
chr5,10240000,0.190695,0.5953,10250000,10,3,136
chr5,10250000,0.277146,0.5907,10260000,9,8,166
chr5,10260000,0.174216,0.5916,10270000,2,3,106
chr5,10270000,0.245221,0.5776,10280000,8,12,152
chr5,10280000,0.171946,0.591,10290000,6,7,119
chr5,10290000,0.303608,0.5846,10300000,24,34,219
chr5,10300000,0.207715,0.6023,10310000,22,8,156
chr5,10310000,0.198354,0.6004,10320000,7,6,80
chr5,10320000,0.130114,0.6034,10330000,4,4,72
chr5,10330000,0.166705,0.6022,10340000,8,5,127
chr5,10340000,0.22935,0.5988,10350000,84,50,112
chr5,10350000,0.351786,0.5991,10360000,19,15,241
chr5,10360000,0.207277,0.5901,10370000,7,6,178
chr5,10370000,0.222746,0.5937,10380000,5,8,189
chr5,10380000,0.151973,0.5987,10390000,2,1,118
chr5,10390000,0.136581,0.5944,10400000,1,1,68
chr5,10400000,0.255178,0.5965,10410000,6,12,145
chr5,10410000,0.261391,0.5952,10420000,11,12,155
chr5,10420000,0.296377,0.5882,10430000,18,19,242
chr5,10430000,0.218192,0.5998,10440000,4,1,142
chr5,10440000,0.268503,0.5995,10450000,13,16,206
chr5,10450000,0.225779,0.6004,10460000,4,4,134
chr5,10460000,0.225137,0.6017,10470000,13,11,155
chr5,10470000,0.479484,0.6022,10480000,78,68,400
chr5,10480000,0.221614,0.6016,10490000,31,18,117
chr5,10490000,0.267228,0.6034,10500000,52,24,161
chr5,10500000,0.192319,0.6032,10510000,106,124,137
chr5,10510000,0.282629,0.601,10520000,69,58,227
chr5,10520000,0.282668,0.6022,10530000,33,42,204
chr5,10530000,0.305854,0.5962,10540000,49,28,233
chr5,10540000,0.354842,0.6039,10550000,18,9,288
chr5,10550000,0.276531,0.5986,10560000,77,45,167
chr5,10560000,0.261894,0.5966,10570000,36,15,168
chr5,10570000,0.449962,0.5971,10580000,73,73,341
chr5,10580000,0.453988,0.5958,10590000,284,386,443
chr5,10590000,0.338033,0.6058,10600000,119,97,320
chr5,10600000,0.172113,0.598,10610000,13,5,90
chr5,10610000,0.244958,0.6016,10620000,4,8,116
chr5,10620000,0.236373,0.6014,10630000,71,64,166
chr5,10630000,0.287926,0.5983,10640000,15,14,166
chr5,10640000,0.394918,0.5987,10650000,29,21,299
chr5,10650000,0.288493,0.5968,10660000,25,11,196
chr5,10660000,0.31754,0.5997,10670000,49,34,159
chr5,10670000,0.499545,0.6023,10680000,30,32,397
chr5,10680000,0.405721,0.6022,10690000,11,8,336
chr5,10690000,0.268706,0.6016,10700000,13,4,156
chr5,10700000,0.240715,0.6015,10710000,102,49,233
chr5,10710000,0.39796,0.602,10720000,68,62,311
chr5,10720000,0.157013,0.6033,10730000,12,5,107
chr5,10730000,0.259443,0.6013,10740000,12,9,242
chr5,10740000,0.351641,0.6013,10750000,14,7,366
chr5,10750000,0.123397,0.6014,10760000,4,1,94
chr5,10760000,0.160707,0.6004,10770000,3,2,102
chr5,10770000,0.160066,0.6004,10780000,6,3,109
chr5,10780000,0.149723,0.6019,10790000,2,1,80
chr5,10790000,0.119925,0.6016,10800000,3,1,102
chr5,10800000,0.213575,0.6015,10810000,2,3,130
chr5,10810000,0.307141,0.5997,10820000,99,45,292
chr5,10820000,0.188445,0.6015,10830000,2,3,118
chr5,10830000,0.152383,0.601,10840000,44,44,122
chr5,10840000,0.257039,0.6007,10850000,6,3,216
chr5,10850000,0.233357,0.6006,10860000,3,4,179
chr5,10860000,0.180265,0.6002,10870000,54,41,155
chr5,10870000,0.18158,0.6011,10880000,25,17,158
chr5,10880000,0.188347,0.6005,10890000,4,5,149
chr5,10890000,0.285145,0.6012,10900000,17,17,171
chr5,10900000,0.224547,0.6003,10910000,218,186,305
chr5,10910000,0.149109,0.601,10920000,18,13,93
chr5,10920000,0.264662,0.6004,10930000,21,19,201
chr5,10930000,0.2384,0.5993,10940000,41,19,167
chr5,10940000,0.212109,0.6021,10950000,37,29,77
chr5,10950000,0.184188,0.5999,10960000,20,15,135
chr5,10960000,0.406324,0.6025,10970000,33,27,366
chr5,10970000,0.2031,0.601,10980000,4,4,150
chr5,10980000,0.25891,0.5993,10990000,13,17,206
chr5,10990000,0.150405,0.5996,11000000,7,5,98
chr5,11000000,0.157503,0.5994,11010000,17,10,168
chr5,11010000,0.331983,0.6002,11020000,68,47,281
chr5,11020000,0.210351,0.5998,11030000,19,15,113
chr5,11030000,0.170696,0.6005,11040000,4,5,101
chr5,11040000,0.678473,0.618,11050000,118,66,848
chr5,11050000,1,0.61,11060000,3,7,844
chr5,11060000,1,0.645,11070000,6,8,1277
chr5,11070000,0.998683,0.6639,11080000,155,157,1589
chr5,11080000,0.946717,0.6621,11090000,50,72,1343
chr5,11090000,0.933383,0.6838,11100000,2,8,1262
chr5,11100000,1,0.6683,11110000,114,69,1411
chr5,11110000,0.855041,0.6624,11120000,215,97,1336
chr5,11120000,0.799502,0.6488,11130000,201,146,1105
chr5,11130000,0.982783,0.6508,11140000,162,255,1350
chr5,11140000,0.993867,0.6763,11150000,49,43,1417
chr5,11150000,0.66347,0.5448,11160000,1,4,611
chr5,11160000,0.7441,0.5728,11170000,25,24,758
chr5,11170000,0.984003,0.6089,11180000,28,18,865
chr5,11180000,0.947282,0.688,11190000,29,22,1207
chr5,11190000,0.856925,0.6601,11200000,350,206,1584
chr5,11200000,0.756299,0.6395,11210000,7,4,789
chr5,11210000,0.909782,0.641,11220000,50,63,1067
chr5,11220000,0.853043,0.6461,11230000,65,50,1218
chr5,11230000,0.9902,0.6346,11240000,88,89,1287
chr5,11240000,0.99975,0.6086,11250000,151,162,1252
chr5,11250000,1,0.6388,11260000,121,135,1083
chr5,11260000,1,0.6089,11270000,47,65,580
chr5,11270000,0.97765,0.6342,11280000,229,231,821
chr5,11280000,0.975847,0.523,11290000,125,198,760
chr5,11290000,0.70286,0.5667,11300000,119,134,526
chr5,11300000,0.556309,0.5583,11310000,105,145,390
chr5,11310000,0.890437,0.5425,11320000,350,356,733
chr5,11320000,0.453201,0.5455,11330000,102,84,394
chr5,11330000,0.810738,0.5779,11340000,908,726,910
chr5,11340000,0.94886,0.5552,11350000,2613,2280,1803
chr5,11350000,0.86315,0.5732,11360000,39,34,476
chr5,11360000,0.531042,0.5438,11370000,9,7,89
chr5,11370000,0.562325,0.5161,11380000,13,14,68
chr5,11380000,0.438532,0.5402,11390000,3,0,101
chr5,11390000,0.547418,0.572,11400000,142,131,200
chr5,11400000,0.522142,0.5559,11410000,21,7,46
chr5,11410000,0.5427,0.5193,11420000,54,56,76
chr5,11420000,0.533347,0.5294,11430000,3,5,115
chr5,11430000,0.439812,0.5618,11440000,86,68,141
chr5,11440000,0.610981,0.5348,11450000,44,48,139
chr5,11450000,1,0.5715,11460000,115,113,527
chr5,11460000,0.99515,0.6146,11470000,3348,3050,3236
chr5,11470000,0.929068,0.5108,11480000,5333,4459,4395
chr5,11480000,0.89742,0.5371,11490000,2955,2279,2561
chr5,11490000,0.946958,0.6132,11500000,3582,3243,3304
chr5,11500000,0.98015,0.6666,11510000,74,104,1023
chr5,11510000,0.949958,0.6555,11520000,218,175,1001
chr5,11520000,0.801207,0.5553,11530000,37,30,655
chr5,11530000,0.813815,0.4964,11540000,20,14,509
chr5,11540000,0.838018,0.5342,11550000,55,53,654
chr5,11550000,0.99985,0.5152,11560000,731,681,1080
chr5,11560000,1,0.6147,11570000,20,26,1112
chr5,11570000,0.99615,0.5727,11580000,340,295,1134
chr5,11580000,0.959467,0.5805,11590000,555,552,1218
chr5,11590000,0.99595,0.6057,11600000,42,59,1084
chr5,11600000,0.946392,0.6085,11610000,549,535,1579
chr5,11610000,1,0.6367,11620000,113,124,1307
chr5,11620000,0.99595,0.6163,11630000,118,129,1108
chr5,11630000,0.663995,0.5775,11640000,11,18,501
chr5,11640000,0.884822,0.6113,11650000,227,240,1069
chr5,11650000,0.967656,0.5673,11660000,298,346,1017
chr5,11660000,0.98425,0.583,11670000,408,353,1202
chr5,11670000,0.851841,0.5343,11680000,74,91,680
chr5,11680000,0.716204,0.5373,11690000,52,46,634
chr5,11690000,0.961179,0.5826,11700000,181,170,1046
chr5,11700000,0.581665,0.4915,11710000,13,8,273
chr5,11710000,0.961523,0.545,11720000,17,41,835
chr5,11720000,0.915766,0.5258,11730000,42,50,691
chr5,11730000,0.928218,0.5263,11740000,52,54,701
chr5,11740000,0.782236,0.547,11750000,9,21,630
chr5,11750000,0.432911,0.579,11760000,247,237,411
chr5,11760000,0.607384,0.5601,11770000,6,7,406
chr5,11770000,0.634709,0.5434,11780000,27,28,300
chr5,11780000,0.764096,0.5003,11790000,10,15,445
chr5,11790000,0.895075,0.5398,11800000,119,136,847
chr5,11800000,0.887524,0.5499,11810000,407,318,1002
chr5,11810000,0.888438,0.5779,11820000,482,644,1231
chr5,11820000,0.880741,0.5684,11830000,397,333,1101
chr5,11830000,0.788037,0.5731,11840000,293,247,1026
chr5,11840000,0.989391,0.5983,11850000,191,162,1115
chr5,11850000,0.99675,0.6568,11860000,187,231,1255
chr5,11860000,1,0.6585,11870000,1347,1249,2222
chr5,11870000,0.943357,0.5844,11880000,475,768,1113
chr5,11880000,0.63108,0.5088,11890000,17,23,365
chr5,11890000,0.999083,0.5735,11900000,569,504,1366
chr5,11900000,0.885055,0.6212,11910000,778,615,1512
chr5,11910000,1,0.612,11920000,66,52,1219
chr5,11920000,0.997083,0.6846,11930000,154,250,1789
chr5,11930000,1,0.6243,11940000,7,11,908
chr5,11940000,0.901382,0.6989,11950000,154,124,1610
chr5,11950000,0.971696,0.6187,11960000,2306,1711,2336
chr5,11960000,0.53419,0.5788,11970000,2446,2002,1894
chr5,11970000,0.757655,0.6222,11980000,251,207,1035
chr5,11980000,1,0.6514,11990000,15,12,1198
chr5,11990000,0.995483,0.6678,12000000,23,29,1401
chr5,12000000,0.99765,0.6514,12010000,7,12,1126
chr5,12010000,1,0.6183,12020000,69,64,893
chr5,12020000,1,0.5813,12030000,155,172,1067
chr5,12030000,0.99605,0.5653,12040000,70,69,1072
chr5,12040000,0.9957,0.6682,12050000,249,204,1366
chr5,12050000,1,0.6094,12060000,3640,2957,3767
chr5,12060000,0.981129,0.621,12070000,1928,1706,2439
chr5,12070000,0.946284,0.5742,12080000,1788,1385,1761
chr5,12080000,0.982412,0.626,12090000,478,415,1387
chr5,12090000,1,0.5917,12100000,186,211,1030
chr5,12100000,0.9979,0.6648,12110000,152,185,1060
chr5,12110000,0.997843,0.6285,12120000,262,233,1269
chr5,12120000,0.980233,0.5483,12130000,184,204,874
chr5,12130000,0.98095,0.5652,12140000,318,310,1180
chr5,12140000,0.656006,0.5911,12150000,1335,1402,1604
chr5,12150000,0.773633,0.6229,12160000,26,44,853
chr5,12160000,0.980099,0.5693,12170000,431,433,1227
chr5,12170000,0.955805,0.5825,12180000,885,702,1619
chr5,12180000,0.967627,0.5456,12190000,58,61,902
chr5,12190000,0.994767,0.6043,12200000,149,146,1194
chr5,12200000,0.987008,0.6699,12210000,155,144,1633
chr5,12210000,0.965383,0.7104,12220000,53,53,1621
chr5,12220000,1,0.6224,12230000,15,10,1195
chr5,12230000,1,0.6258,12240000,4,7,1008
chr5,12240000,0.948967,0.6173,12250000,142,181,1301
chr5,12250000,0.995562,0.6824,12260000,74,52,1462
chr5,12260000,1,0.6207,12270000,10,7,1123
chr5,12270000,0.938505,0.7102,12280000,30,27,1699
chr5,12280000,0.978817,0.5834,12290000,9,14,1032
chr5,12290000,0.99905,0.6156,12300000,2,4,1163
chr5,12300000,0.979356,0.7162,12310000,62,37,1746
chr5,12310000,1,0.6245,12320000,8,17,1041
chr5,12320000,0.906958,0.6196,12330000,272,443,1264
chr5,12330000,0.923535,0.6843,12340000,26,20,1417
chr5,12340000,1,0.6859,12350000,18,24,1494
chr5,12350000,0.881691,0.5814,12360000,24,29,843
chr5,12360000,0.537851,0.5258,12370000,11,13,347
chr5,12370000,0.870783,0.6848,12380000,17,18,1180
chr5,12380000,0.672508,0.6688,12390000,128,92,836
chr5,12390000,0.808867,0.6451,12400000,208,170,1171
chr5,12400000,0.977208,0.703,12410000,635,608,2069
chr5,12410000,0.96635,0.6591,12420000,38,22,1240
chr5,12420000,0.998162,0.6668,12430000,18,23,1436
chr5,12430000,0.865787,0.6381,12440000,46,37,1074
chr5,12440000,0.887828,0.6129,12450000,30,12,891
chr5,12450000,0.65056,0.6356,12460000,61,67,650
chr5,12460000,0.9413,0.6613,12470000,11,14,1089
chr5,12470000,0.99295,0.6359,12480000,419,354,1581
chr5,12480000,1,0.6663,12490000,28,32,1427
chr5,12490000,1,0.6093,12500000,111,110,1025
chr5,12500000,0.99465,0.6745,12510000,307,174,1651
chr5,12510000,0.99775,0.6219,12520000,18,19,1158
chr5,12520000,0.99585,0.6241,12530000,56,31,1096
chr5,12530000,0.9843,0.6394,12540000,195,100,1325
chr5,12540000,1,0.5755,12550000,11,12,1116
chr5,12550000,1,0.6339,12560000,53,51,1301
chr5,12560000,0.9995,0.6673,12570000,48,55,1420
chr5,12570000,0.964933,0.7067,12580000,14,15,1747
chr5,12580000,1,0.6321,12590000,15,25,1016
chr5,12590000,1,0.6927,12600000,11,12,1634
chr5,12600000,0.983734,0.6406,12610000,64,91,1236
chr5,12610000,1,0.6472,12620000,10,23,1145
chr5,12620000,1,0.6502,12630000,6,15,1190
chr5,12630000,0.946342,0.6855,12640000,191,155,1719
chr5,12640000,0.824373,0.6641,12650000,908,912,1450
chr5,12650000,0.984068,0.6335,12660000,438,529,1345
chr5,12660000,0.8205,0.6375,12670000,76,78,1039
chr5,12670000,0.959275,0.6321,12680000,20,17,1204
chr5,12680000,0.990362,0.6231,12690000,16,19,1158
chr5,12690000,0.9926,0.6481,12700000,41,40,1283
chr5,12700000,0.966228,0.6104,12710000,297,293,1395
chr5,12710000,0.991517,0.6173,12720000,492,666,1212
chr5,12720000,0.9144,0.6476,12730000,221,279,1293
chr5,12730000,0.957033,0.6527,12740000,61,43,1449
chr5,12740000,0.986508,0.6876,12750000,18,19,1517
chr5,12750000,0.988667,0.6149,12760000,246,256,1426
chr5,12760000,0.973883,0.5329,12770000,260,216,1144
chr5,12770000,1,0.6739,12780000,9,15,1410
chr5,12780000,0.95855,0.6807,12790000,3,5,1418
chr5,12790000,1,0.6808,12800000,12,25,1509
chr5,12800000,0.9587,0.6398,12810000,4,11,1149
chr5,12810000,0.990518,0.6845,12820000,85,90,1409
chr5,12820000,0.96895,0.6467,12830000,87,112,1268
chr5,12830000,0.983567,0.6329,12840000,118,121,1247
chr5,12840000,1,0.6243,12850000,17,34,1038
chr5,12850000,0.960905,0.6379,12860000,908,763,2271
chr5,12860000,0.967193,0.6164,12870000,5,7,1137
chr5,12870000,0.854502,0.6119,12880000,16,17,925
chr5,12880000,0.99735,0.6934,12890000,29,30,1594
chr5,12890000,0.93775,0.5611,12900000,55,59,824
chr5,12900000,0.848512,0.618,12910000,21,14,929
chr5,12910000,0.9996,0.6344,12920000,2519,2211,3061
chr5,12920000,0.996822,0.6297,12930000,20,27,1200
chr5,12930000,0.99335,0.6432,12940000,15,23,1260
chr5,12940000,1,0.6407,12950000,67,126,1267
chr5,12950000,1,0.6497,12960000,5,9,1230
chr5,12960000,0.992927,0.6495,12970000,116,115,1424
chr5,12970000,0.855028,0.594,12980000,304,287,1134
chr5,12980000,0.910888,0.6709,12990000,36,62,1278
chr5,12990000,0.9364,0.6877,13000000,339,255,1702
chr5,13000000,0.887642,0.6159,13010000,1402,1188,2152
chr5,13010000,0.93122,0.6765,13020000,559,418,1967
chr5,13020000,1,0.6605,13030000,25,38,1359
chr5,13030000,1,0.6626,13040000,21,36,1290
chr5,13040000,1,0.6757,13050000,29,27,1527
chr5,13050000,0.9971,0.6702,13060000,291,196,1740
chr5,13060000,0.9971,0.6568,13070000,70,57,1454
chr5,13070000,0.97835,0.7019,13080000,20,18,1742
chr5,13080000,0.940847,0.6458,13090000,112,98,1419
chr5,13090000,1,0.6295,13100000,6,5,1017
chr5,13100000,1,0.5958,13110000,6,8,988
chr5,13110000,0.951486,0.6404,13120000,53,53,1282
chr5,13120000,0.975418,0.682,13130000,29,28,1396
chr5,13130000,0.78068,0.6221,13140000,596,386,1277
chr5,13140000,0.990165,0.6565,13150000,11,24,994
chr5,13150000,0.890902,0.6468,13160000,93,141,1308
chr5,13160000,0.689069,0.6071,13170000,54,73,841
chr5,13170000,0.986517,0.7078,13180000,12,14,1804
chr5,13180000,0.9927,0.6905,13190000,1604,1684,3025
chr5,13190000,0.996,0.7086,13200000,232,243,1886
chr5,13200000,0.962917,0.6794,13210000,21,16,1407
chr5,13210000,1,0.6587,13220000,8,8,1422
chr5,13220000,0.98135,0.6355,13230000,9,6,1372
chr5,13230000,1,0.634,13240000,36,30,1306
chr5,13240000,0.963145,0.6593,13250000,244,254,1309
chr5,13250000,0.9877,0.6305,13260000,411,353,1329
chr5,13260000,1,0.6883,13270000,220,281,1719
chr5,13270000,1,0.6762,13280000,483,774,1829
chr5,13280000,0.990848,0.5521,13290000,31,36,921
chr5,13290000,0.99495,0.6368,13300000,20,25,1219
chr5,13300000,1,0.6843,13310000,8,16,1472
chr5,13310000,1,0.5979,13320000,45,54,1258
chr5,13320000,1,0.5688,13330000,48,62,1083
chr5,13330000,0.99995,0.6282,13340000,60,69,1345
chr5,13340000,1,0.6555,13350000,1,6,1265
chr5,13350000,1,0.6259,13360000,69,57,1164
chr5,13360000,0.951273,0.6532,13370000,14,19,1131
chr5,13370000,0.988792,0.6751,13380000,197,147,1649
chr5,13380000,0.937233,0.573,13390000,279,182,1244
chr5,13390000,0.941067,0.6334,13400000,238,239,1185
chr5,13400000,0.985933,0.6424,13410000,104,128,1229
chr5,13410000,0.9373,0.7003,13420000,717,987,2192
chr5,13420000,0.99865,0.6467,13430000,322,455,1415
chr5,13430000,0.97935,0.6615,13440000,255,242,1478
chr5,13440000,0.9658,0.626,13450000,101,146,1076
chr5,13450000,0.99445,0.6336,13460000,475,618,1337
chr5,13460000,0.983883,0.6298,13470000,100,109,1314
chr5,13470000,1,0.6228,13480000,3,8,1099
chr5,13480000,0.998833,0.6633,13490000,21,21,1519
chr5,13490000,1,0.6654,13500000,3,9,1490
chr5,13500000,0.99885,0.6585,13510000,141,165,1528
chr5,13510000,1,0.6659,13520000,11,24,1391
chr5,13520000,0.995798,0.6723,13530000,6,7,1338
chr5,13530000,0.971764,0.653,13540000,21,33,1159
chr5,13540000,0.899983,0.6668,13550000,59,36,1208
chr5,13550000,0.995483,0.6515,13560000,418,366,1407
chr5,13560000,0.94725,0.6689,13570000,92,112,1433
chr5,13570000,1,0.6824,13580000,5,8,1509
chr5,13580000,0.708783,0.6459,13590000,62,39,817
chr5,13590000,0.99935,0.7163,13600000,46,26,1801
chr5,13600000,0.970283,0.6705,13610000,376,230,1594
chr5,13610000,0.9882,0.6362,13620000,21,20,1191
chr5,13620000,0.945733,0.6675,13630000,39,25,1211
chr5,13630000,0.98935,0.6855,13640000,14,21,1514
chr5,13640000,1,0.6529,13650000,41,36,1358
chr5,13650000,0.940138,0.6073,13660000,8,10,909
chr5,13660000,0.72167,0.6006,13670000,23,24,757
chr5,13670000,0.978711,0.635,13680000,25,24,1223
chr5,13680000,0.69165,0.7359,13690000,14,8,1117
chr5,13690000,0.970372,0.6412,13700000,312,251,1252
chr5,13700000,0.933358,0.6573,13710000,34,21,1216
chr5,13710000,0.909635,0.6235,13720000,2,4,1105
chr5,13720000,0.674166,0.4968,13730000,3,1,394
chr5,13730000,0.946974,0.6433,13740000,28,26,1326
chr5,13740000,0.9988,0.7033,13750000,214,237,1788
chr5,13750000,0.964987,0.7545,13760000,292,171,1990
chr5,13760000,0.876793,0.6077,13770000,315,382,1090
chr5,13770000,0.868921,0.6486,13780000,129,161,1165
chr5,13780000,0.998,0.6509,13790000,251,409,1424
chr5,13790000,0.9913,0.6336,13800000,303,329,1298
chr5,13800000,1,0.6707,13810000,17,27,1484
chr5,13810000,1,0.6416,13820000,12,22,1292
chr5,13820000,1,0.7029,13830000,1,7,1590
chr5,13830000,0.961408,0.7223,13840000,38,35,1750
chr5,13840000,0.992875,0.6782,13850000,34,18,1432
chr5,13850000,1,0.6215,13860000,42,63,1361
chr5,13860000,1,0.6982,13870000,1,3,1589
chr5,13870000,0.99456,0.6673,13880000,66,61,1479
chr5,13880000,1,0.551,13890000,67,67,1038
chr5,13890000,1,0.6398,13900000,21,24,1309
chr5,13900000,0.999667,0.6149,13910000,7,14,1048
chr5,13910000,1,0.6617,13920000,618,895,1556
chr5,13920000,0.999933,0.6425,13930000,143,137,1377
chr5,13930000,1,0.5772,13940000,12,14,1050
chr5,13940000,0.99401,0.6714,13950000,35,62,1404
chr5,13950000,0.993504,0.6788,13960000,12,26,1443
chr5,13960000,0.948322,0.6032,13970000,51,63,1175
chr5,13970000,0.98785,0.59,13980000,91,69,1287
chr5,13980000,1,0.6537,13990000,6,5,1350
chr5,13990000,0.9971,0.6475,14000000,23,12,1319
chr5,14000000,1,0.684,14010000,42,45,1548
chr5,14010000,0.9952,0.6819,14020000,34,36,1598
chr5,14020000,0.97795,0.6323,14030000,7,13,1206
chr5,14030000,0.871392,0.6208,14040000,12,11,1035
chr5,14040000,0.887617,0.6232,14050000,0,1,1015
chr5,14050000,0.899192,0.6557,14060000,57,50,1287
chr5,14060000,1,0.6721,14070000,75,56,1593
chr5,14070000,0.910787,0.6364,14080000,9,13,1146
chr5,14080000,0.907913,0.6479,14090000,81,46,1305
chr5,14090000,0.869497,0.5917,14100000,417,431,1230
chr5,14100000,0.987667,0.6367,14110000,613,575,1676
chr5,14110000,0.95945,0.6759,14120000,99,85,1462
chr5,14120000,0.9976,0.7062,14130000,35,29,1745
chr5,14130000,1,0.6813,14140000,41,50,1532
chr5,14140000,0.971922,0.6397,14150000,38,50,1299
chr5,14150000,1,0.6771,14160000,52,65,1488
chr5,14160000,0.976037,0.6421,14170000,15,10,1146
chr5,14170000,0.96775,0.6803,14180000,10,5,1400
chr5,14180000,1,0.6969,14190000,175,129,1816
chr5,14190000,1,0.6208,14200000,8,163,1060
chr5,14200000,1,0.6039,14210000,219,791,1084
chr5,14210000,1,0.6482,14220000,319,1152,1471
chr5,14220000,0.988917,0.6597,14230000,23,674,1281
chr5,14230000,1,0.6511,14240000,7,615,1243
chr5,14240000,0.9904,0.6517,14250000,6,611,1186
chr5,14250000,0.9788,0.6543,14260000,2,604,1408
chr5,14260000,0.982992,0.6299,14270000,12,623,1268
chr5,14270000,0.929258,0.6526,14280000,64,627,1327
chr5,14280000,1,0.6611,14290000,93,798,1434
chr5,14290000,1,0.6436,14300000,708,1257,1601
chr5,14300000,1,0.6032,14310000,438,995,1156
chr5,14310000,1,0.6846,14320000,207,886,1674
chr5,14320000,0.978853,0.6868,14330000,29,658,1510
chr5,14330000,0.745817,0.6248,14340000,47,397,786
chr5,14340000,0.9929,0.6277,14350000,26,637,1301
chr5,14350000,1,0.6316,14360000,6,639,1112
chr5,14360000,0.990731,0.681,14370000,18,650,1492
chr5,14370000,0.833617,0.6749,14380000,6,510,1118
chr5,14380000,0.995347,0.6626,14390000,18,683,1460
chr5,14390000,1,0.6873,14400000,6,778,1559
chr5,14400000,0.975915,0.68,14410000,6,681,1615
chr5,14410000,0.9203,0.6561,14420000,40,568,1196
chr5,14420000,0.98645,0.6756,14430000,9,614,1309
chr5,14430000,1,0.6363,14440000,2,557,1170
chr5,14440000,0.999,0.6423,14450000,6,524,1084
chr5,14450000,1,0.6147,14460000,163,663,1048
chr5,14460000,0.422164,0.6129,14470000,559,631,469
chr5,14470000,0.168654,0.6416,14480000,0,0,0
chr5,14480000,0.180734,0.645,14490000,0,7,11
chr5,14490000,0.914185,0.7188,14500000,1067,1203,1515
chr5,14500000,1,0.6785,14510000,598,1026,1427
chr5,14510000,0.993867,0.7089,14520000,665,1198,2019
chr5,14520000,0.982878,0.6676,14530000,448,717,933
chr5,14530000,0.996331,0.6993,14540000,15,288,773
chr5,14540000,0.9586,0.6096,14550000,334,487,582
chr5,14550000,0.778867,0.5977,14560000,0,290,587
chr5,14560000,1,0.6549,14570000,23,641,1353
chr5,14570000,0.994567,0.6755,14580000,102,738,1498
chr5,14580000,1,0.6722,14590000,24,681,1412
chr5,14590000,0.979327,0.6628,14600000,166,792,1475
chr5,14600000,0.99145,0.6185,14610000,524,1111,1635
chr5,14610000,0.818457,0.6333,14620000,18,498,1034
chr5,14620000,1,0.6528,14630000,15,719,1404
chr5,14630000,0.97985,0.6497,14640000,147,825,1412
chr5,14640000,0.950737,0.6947,14650000,23,610,1368
chr5,14650000,0.9993,0.6636,14660000,4,604,1393
chr5,14660000,1,0.6751,14670000,9,674,1424
chr5,14670000,0.99945,0.6485,14680000,22,673,1409
chr5,14680000,0.973608,0.6471,14690000,6,504,1059
chr5,14690000,0.720173,0.5795,14700000,1,228,448
chr5,14700000,1,0.634,14710000,15,581,1030
chr5,14710000,0.869283,0.6895,14720000,61,506,1239
chr5,14720000,0.864851,0.584,14730000,80,516,941
chr5,14730000,0.705419,0.5722,14740000,17,336,671
chr5,14740000,0.921125,0.6843,14750000,45,582,1191
chr5,14750000,0.736279,0.6149,14760000,19,229,462
chr5,14760000,1,0.6547,14770000,17,549,1119
chr5,14770000,0.969818,0.7046,14780000,8,701,1673
chr5,14780000,1,0.6562,14790000,5,630,1348
chr5,14790000,1,0.6612,14800000,658,994,1526
chr5,14800000,1,0.6678,14810000,8,367,820
chr5,14810000,0.994617,0.6302,14820000,393,784,1370
chr5,14820000,0.99315,0.6585,14830000,182,699,1232
chr5,14830000,0.954445,0.6774,14840000,36,612,1268
chr5,14840000,1,0.6765,14850000,31,706,1381
chr5,14850000,1,0.6432,14860000,2212,3229,3374
chr5,14860000,1,0.6023,14870000,3072,4210,3838
chr5,14870000,1,0.6297,14880000,5,432,906
chr5,14880000,0.9742,0.6751,14890000,39,728,1412
chr5,14890000,0.931317,0.672,14900000,36,568,1307
chr5,14900000,1,0.6606,14910000,29,621,1296
chr5,14910000,0.824474,0.6167,14920000,4,440,800
chr5,14920000,0.769325,0.5973,14930000,9,442,717
chr5,14930000,0.981883,0.6485,14940000,6,586,1246
chr5,14940000,1,0.6396,14950000,200,950,1370
chr5,14950000,1,0.6392,14960000,28,563,1037
chr5,14960000,0.989357,0.6683,14970000,32,725,1418
chr5,14970000,0.989677,0.6151,14980000,5,520,1071
chr5,14980000,1,0.6177,14990000,12,501,1125
chr5,14990000,1,0.6536,15000000,18,609,1274
chr5,15000000,1,0.6383,15010000,42,649,1233
chr5,15010000,0.941633,0.5961,15020000,26,509,976
chr5,15020000,0.9931,0.5984,15030000,31,516,1073
chr5,15030000,1,0.6364,15040000,6,569,1104
chr5,15040000,1,0.6069,15050000,2,551,1078
chr5,15050000,0.999775,0.6522,15060000,69,715,1351
chr5,15060000,1,0.6218,15070000,27,644,1091
chr5,15070000,0.942534,0.6004,15080000,6,452,1037
chr5,15080000,0.980567,0.6721,15090000,4,646,1539
chr5,15090000,0.99895,0.6351,15100000,12,613,1172
chr5,15100000,0.452608,0.6758,15110000,11,309,695
chr5,15110000,0.124031,0.6704,15120000,0,61,189
chr5,15120000,0.129731,0.6676,15130000,1,41,113
chr5,15130000,0.761879,0.7406,15140000,881,1259,2154
chr5,15140000,0.956365,0.646,15150000,42,662,1306
chr5,15150000,0.743091,0.6254,15160000,34,408,932
chr5,15160000,0.952,0.6627,15170000,9,638,1411
chr5,15170000,0.976,0.6595,15180000,78,681,1479
chr5,15180000,0.99525,0.612,15190000,4,535,1083
chr5,15190000,0.98675,0.6447,15200000,106,663,1287
chr5,15200000,1,0.6073,15210000,7,550,921
chr5,15210000,1,0.6104,15220000,1,559,1106
chr5,15220000,0.9924,0.6611,15230000,53,608,1211
chr5,15230000,0.637073,0.7432,15240000,13,396,1043
chr5,15240000,0.886893,0.6774,15250000,10,549,1225
chr5,15250000,0.990817,0.6173,15260000,5,498,1034
chr5,15260000,0.995868,0.6203,15270000,9,527,1011
chr5,15270000,1,0.628,15280000,7,620,1278
chr5,15280000,1,0.6082,15290000,8,601,1047
chr5,15290000,0.923517,0.6486,15300000,28,525,1197
chr5,15300000,0.995296,0.6395,15310000,6,637,1145
chr5,15310000,0.90385,0.6586,15320000,330,972,1528
chr5,15320000,0.9999,0.673,15330000,1,718,1376
chr5,15330000,0.99915,0.6667,15340000,91,778,1509
chr5,15340000,1,0.6461,15350000,193,993,1283
chr5,15350000,0.992175,0.6233,15360000,9,584,1175
chr5,15360000,1,0.6847,15370000,490,1231,1760
chr5,15370000,0.992275,0.6725,15380000,125,749,1486
chr5,15380000,0.959893,0.6233,15390000,4,476,1245
chr5,15390000,0.967592,0.5751,15400000,5,459,883
chr5,15400000,0.906383,0.5285,15410000,23,310,730
chr5,15410000,1,0.6482,15420000,9,645,1250
chr5,15420000,1,0.6995,15430000,3,773,1613
chr5,15430000,0.973367,0.6843,15440000,14,703,1588
chr5,15440000,0.907966,0.6819,15450000,18,467,1344
chr5,15450000,1,0.6861,15460000,11,656,1376
chr5,15460000,0.904992,0.6689,15470000,273,803,1526
chr5,15470000,0.958425,0.6604,15480000,20,515,1171
chr5,15480000,1,0.6418,15490000,6,636,1198
chr5,15490000,0.9428,0.6559,15500000,18,571,1108
chr5,15500000,0.923575,0.6595,15510000,110,502,1260
chr5,15510000,0.99595,0.636,15520000,15,288,806
chr5,15520000,1,0.6264,15530000,58,425,797
chr5,15530000,1,0.6492,15540000,222,751,1285
chr5,15540000,1,0.6854,15550000,9,655,1356
chr5,15550000,0.971715,0.7257,15560000,22,777,1768
chr5,15560000,1,0.6564,15570000,2,662,1266
chr5,15570000,1,0.6165,15580000,2,560,1124
chr5,15580000,1,0.6461,15590000,9,643,1300
chr5,15590000,1,0.6423,15600000,7,645,1268
chr5,15600000,0.9788,0.6629,15610000,4,608,1160
chr5,15610000,0.921283,0.6322,15620000,4,513,1028
chr5,15620000,0.8659,0.6088,15630000,5,373,740
chr5,15630000,1,0.6377,15640000,20,597,1078
chr5,15640000,0.986883,0.6684,15650000,8,661,1298
chr5,15650000,1,0.6288,15660000,7,580,1151
chr5,15660000,0.9989,0.6288,15670000,21,545,1215
chr5,15670000,0.95151,0.6336,15680000,15,562,1293
chr5,15680000,0.942021,0.6651,15690000,92,677,1370
chr5,15690000,1,0.6251,15700000,13,584,1090
chr5,15700000,1,0.5976,15710000,43,501,929
chr5,15710000,0.990233,0.6239,15720000,98,597,1272
chr5,15720000,0.964732,0.6297,15730000,6,508,1197
chr5,15730000,1,0.6807,15740000,2,576,1322
chr5,15740000,0.789007,0.655,15750000,21,479,1084
chr5,15750000,0.832196,0.6314,15760000,150,702,1095
chr5,15760000,0.980842,0.6263,15770000,8,575,1228
chr5,15770000,0.707218,0.6438,15780000,25,385,1112
chr5,15780000,0.906724,0.5902,15790000,20,415,789
chr5,15790000,0.982678,0.6444,15800000,13,564,1255
chr5,15800000,0.85986,0.6224,15810000,7,419,908
chr5,15810000,1,0.6286,15820000,3,443,907
chr5,15820000,1,0.6186,15830000,8,573,1039
chr5,15830000,0.98554,0.649,15840000,9,565,1218
chr5,15840000,0.969033,0.6833,15850000,32,606,1424
chr5,15850000,1,0.6313,15860000,3,487,1049
chr5,15860000,0.9947,0.6441,15870000,6,503,986
chr5,15870000,1,0.6397,15880000,3,552,1009
chr5,15880000,1,0.6082,15890000,4,494,887
chr5,15890000,0.814847,0.6119,15900000,4,423,871
chr5,15900000,0.958217,0.7029,15910000,22,629,1490
chr5,15910000,0.8925,0.6561,15920000,124,530,1200
chr5,15920000,1,0.6653,15930000,93,670,1261
chr5,15930000,0.9988,0.6411,15940000,106,668,1199
chr5,15940000,0.958373,0.6199,15950000,31,545,1035
chr5,15950000,1,0.6338,15960000,6,626,1092
chr5,15960000,1,0.6267,15970000,12,593,1103
chr5,15970000,1,0.6408,15980000,3,609,1195
chr5,15980000,0.987222,0.6572,15990000,4,560,1262
chr5,15990000,0.96337,0.6656,16000000,3,510,1403
chr5,16000000,0.9998,0.5912,16010000,2,545,1091
chr5,16010000,0.9975,0.5991,16020000,12,493,945
chr5,16020000,0.9975,0.6195,16030000,16,548,1108
chr5,16030000,0.9901,0.6497,16040000,7,575,1272
chr5,16040000,1,0.6359,16050000,7,547,1082
chr5,16050000,0.997817,0.6578,16060000,11,672,1307
chr5,16060000,1,0.6808,16070000,68,777,1516
chr5,16070000,0.994752,0.6656,16080000,10,634,1389
chr5,16080000,1,0.6692,16090000,6,689,1383
chr5,16090000,0.9682,0.6178,16100000,3,519,1155
chr5,16100000,0.91825,0.606,16110000,4,485,920
chr5,16110000,1,0.6462,16120000,12,626,1198
chr5,16120000,1,0.6184,16130000,3,563,999
chr5,16130000,1,0.6274,16140000,6,510,1044
chr5,16140000,1,0.6118,16150000,390,956,1262
chr5,16150000,1,0.645,16160000,4,615,1171
chr5,16160000,0.890787,0.6523,16170000,9,520,1214
chr5,16170000,0.99945,0.6777,16180000,18,645,1496
chr5,16180000,0.881712,0.6736,16190000,138,695,1481
chr5,16190000,0.997862,0.6632,16200000,6,638,1300
chr5,16200000,1,0.6178,16210000,6,547,1096
chr5,16210000,1,0.6059,16220000,10,527,1037
chr5,16220000,1,0.6186,16230000,5,542,1016
chr5,16230000,0.99935,0.6784,16240000,19,658,1444
chr5,16240000,1,0.5984,16250000,4,540,971
chr5,16250000,1,0.6427,16260000,49,629,1299
chr5,16260000,1,0.6679,16270000,100,666,1252
chr5,16270000,0.997167,0.6524,16280000,610,620,1258
chr5,16280000,1,0.628,16290000,571,561,1154
chr5,16290000,0.9993,0.6255,16300000,573,640,1251
chr5,16300000,0.99575,0.6216,16310000,461,573,957
chr5,16310000,0.898117,0.5729,16320000,353,373,768
chr5,16320000,0.85225,0.628,16330000,382,407,900
chr5,16330000,0.958833,0.638,16340000,437,522,1074
chr5,16340000,0.930075,0.5692,16350000,329,389,834
chr5,16350000,0.900154,0.6253,16360000,478,476,1014
chr5,16360000,1,0.643,16370000,575,621,1220
chr5,16370000,0.966207,0.7112,16380000,725,743,1619
chr5,16380000,0.9547,0.6858,16390000,643,575,1332
chr5,16390000,1,0.6881,16400000,672,646,1438
chr5,16400000,1,0.6574,16410000,627,663,1288
chr5,16410000,1,0.6232,16420000,542,544,1051
chr5,16420000,1,0.6228,16430000,456,496,1005
chr5,16430000,0.966793,0.6355,16440000,505,529,1063
chr5,16440000,0.93525,0.6089,16450000,394,414,826
chr5,16450000,0.96705,0.6599,16460000,530,484,978
chr5,16460000,0.997983,0.6989,16470000,757,729,814
chr5,16470000,0.99415,0.6522,16480000,641,617,684
chr5,16480000,0.968589,0.6506,16490000,577,601,610
chr5,16490000,0.9979,0.648,16500000,564,607,630
chr5,16500000,1,0.6398,16510000,548,558,569
chr5,16510000,0.98005,0.6501,16520000,829,762,782
chr5,16520000,1,0.6767,16530000,615,686,708
chr5,16530000,1,0.652,16540000,585,540,612
chr5,16540000,0.960933,0.6571,16550000,554,597,615
chr5,16550000,0.9998,0.6447,16560000,540,601,599
chr5,16560000,0.89965,0.6251,16570000,430,431,550
chr5,16570000,0.71435,0.6268,16580000,225,232,237
chr5,16580000,0.955489,0.6195,16590000,519,516,483
chr5,16590000,1,0.6551,16600000,609,648,658
chr5,16600000,1,0.6222,16610000,464,509,510
chr5,16610000,0.99335,0.6032,16620000,473,529,475
chr5,16620000,0.9747,0.6463,16630000,576,567,579
chr5,16630000,0.974515,0.6138,16640000,557,566,615
chr5,16640000,0.962033,0.6487,16650000,753,847,961
chr5,16650000,0.9814,0.6512,16660000,608,631,601
chr5,16660000,0.95135,0.6037,16670000,391,432,462
chr5,16670000,0.99825,0.6708,16680000,627,629,715
chr5,16680000,0.97,0.6455,16690000,574,607,605
chr5,16690000,1,0.6374,16700000,546,602,585
chr5,16700000,0.982,0.6054,16710000,517,518,493
chr5,16710000,0.9901,0.6575,16720000,638,606,696
chr5,16720000,0.9862,0.687,16730000,1712,1683,1809
chr5,16730000,0.959831,0.685,16740000,1088,1065,1247
chr5,16740000,0.971925,0.6254,16750000,506,558,595
chr5,16750000,0.99965,0.7059,16760000,726,752,772
chr5,16760000,1,0.6239,16770000,497,530,575
chr5,16770000,0.99945,0.6159,16780000,517,549,547
chr5,16780000,0.9987,0.6892,16790000,809,735,781
chr5,16790000,0.975986,0.6301,16800000,733,720,762
chr5,16800000,1,0.6131,16810000,576,572,621
chr5,16810000,0.9959,0.6344,16820000,1031,969,896
chr5,16820000,0.99985,0.6735,16830000,696,692,720
chr5,16830000,1,0.6428,16840000,536,591,604
chr5,16840000,1,0.6316,16850000,584,604,585
chr5,16850000,0.976933,0.6712,16860000,647,600,714
chr5,16860000,0.972683,0.6755,16870000,712,703,710
chr5,16870000,0.998733,0.6605,16880000,658,625,701
chr5,16880000,0.747268,0.6289,16890000,343,369,375
chr5,16890000,0.971593,0.6535,16900000,602,665,657
chr5,16900000,1,0.6161,16910000,564,605,520
chr5,16910000,0.978468,0.6516,16920000,604,619,694
chr5,16920000,0.9921,0.661,16930000,641,588,721
chr5,16930000,1,0.6824,16940000,675,714,746
chr5,16940000,0.99215,0.6529,16950000,667,645,632
chr5,16950000,1,0.6781,16960000,677,702,672
chr5,16960000,0.967467,0.6638,16970000,606,577,609
chr5,16970000,1,0.6257,16980000,520,536,553
chr5,16980000,0.964717,0.627,16990000,499,498,498
chr5,16990000,1,0.6369,17000000,553,604,634
chr5,17000000,0.997597,0.6537,17010000,650,677,687
chr5,17010000,0.99775,0.6526,17020000,585,628,595
chr5,17020000,0.986089,0.6395,17030000,555,588,565
chr5,17030000,1,0.6204,17040000,527,532,527
chr5,17040000,1,0.6779,17050000,665,745,714
chr5,17050000,1,0.672,17060000,599,670,703
chr5,17060000,0.963167,0.6542,17070000,619,629,682
chr5,17070000,1,0.591,17080000,451,468,471
chr5,17080000,1,0.604,17090000,359,408,441
chr5,17090000,0.969167,0.6271,17100000,411,390,456
chr5,17100000,0.921625,0.6639,17110000,516,555,634
chr5,17110000,0.934172,0.6458,17120000,592,568,679
chr5,17120000,0.9265,0.5883,17130000,456,463,524
chr5,17130000,0.9942,0.6214,17140000,699,684,675
chr5,17140000,1,0.6702,17150000,577,594,611
chr5,17150000,0.972944,0.6379,17160000,560,557,549
chr5,17160000,0.939922,0.5038,17170000,296,296,320
chr5,17170000,1,0.6765,17180000,651,670,715
chr5,17180000,1,0.6693,17190000,613,707,692
chr5,17190000,0.99855,0.6602,17200000,587,608,689
chr5,17200000,1,0.6097,17210000,461,519,473
chr5,17210000,0.9884,0.6743,17220000,634,655,735
chr5,17220000,0.985332,0.7,17230000,686,692,757
chr5,17230000,1,0.6522,17240000,615,604,682
chr5,17240000,1,0.7007,17250000,751,646,845
chr5,17250000,0.99665,0.6743,17260000,721,636,790
chr5,17260000,0.989899,0.6624,17270000,631,638,672
chr5,17270000,0.972917,0.6235,17280000,519,554,592
chr5,17280000,0.9904,0.6105,17290000,510,540,541
chr5,17290000,1,0.6828,17300000,656,630,636
chr5,17300000,0.978403,0.6691,17310000,597,598,668
chr5,17310000,0.862572,0.7268,17320000,820,663,839
chr5,17320000,1,0.6557,17330000,567,616,613
chr5,17330000,1,0.6555,17340000,595,612,586
chr5,17340000,1,0.6659,17350000,639,634,616
chr5,17350000,1,0.6536,17360000,549,506,551
chr5,17360000,1,0.6561,17370000,648,640,692
chr5,17370000,0.985496,0.6581,17380000,623,617,668
chr5,17380000,0.978467,0.6353,17390000,529,573,546
chr5,17390000,0.985338,0.6792,17400000,670,655,736
chr5,17400000,1,0.6508,17410000,618,648,636
chr5,17410000,1,0.593,17420000,426,599,475
chr5,17420000,0.972977,0.7077,17430000,918,828,1024
chr5,17430000,0.983052,0.6531,17440000,747,586,724
chr5,17440000,0.9868,0.6292,17450000,637,611,655
chr5,17450000,0.911997,0.6651,17460000,563,592,625
chr5,17460000,0.865108,0.6286,17470000,481,445,549
chr5,17470000,0.9956,0.6259,17480000,537,591,628
chr5,17480000,0.9617,0.6398,17490000,560,580,555
chr5,17490000,1,0.6239,17500000,494,547,532
chr5,17500000,0.989867,0.6932,17510000,695,710,749
chr5,17510000,1,0.6371,17520000,567,639,658
chr5,17520000,1,0.6498,17530000,580,600,569
chr5,17530000,0.980533,0.6439,17540000,1108,914,1078
chr5,17540000,1,0.6112,17550000,417,428,470
chr5,17550000,1,0.6223,17560000,457,505,483
chr5,17560000,0.957689,0.6249,17570000,507,537,570
chr5,17570000,0.90055,0.5992,17580000,436,451,447
chr5,17580000,0.97515,0.6062,17590000,503,506,489
chr5,17590000,1,0.6038,17600000,501,478,520
chr5,17600000,1,0.6064,17610000,465,513,534
chr5,17610000,0.993192,0.607,17620000,448,484,524
chr5,17620000,0.9992,0.6598,17630000,684,636,700
chr5,17630000,1,0.6349,17640000,444,515,600
chr5,17640000,0.962118,0.6523,17650000,550,573,643
chr5,17650000,1,0.6152,17660000,472,489,477
chr5,17660000,1,0.5786,17670000,409,453,421
chr5,17670000,1,0.6087,17680000,512,464,471
chr5,17680000,0.990078,0.6596,17690000,660,629,730
chr5,17690000,1,0.6317,17700000,556,663,544
chr5,17700000,1,0.6497,17710000,591,631,603
chr5,17710000,0.964107,0.6176,17720000,475,490,543
chr5,17720000,0.995057,0.6333,17730000,597,564,659
chr5,17730000,1,0.6592,17740000,612,614,627
chr5,17740000,0.9963,0.653,17750000,590,594,634
chr5,17750000,0.987322,0.6504,17760000,565,578,623
chr5,17760000,0.988696,0.636,17770000,591,526,657
chr5,17770000,1,0.6382,17780000,567,489,557
chr5,17780000,1,0.633,17790000,564,569,534
chr5,17790000,1,0.6203,17800000,534,552,538
chr5,17800000,1,0.639,17810000,534,532,510
chr5,17810000,1,0.6539,17820000,579,650,612
chr5,17820000,1,0.6274,17830000,538,556,599
chr5,17830000,0.98765,0.6395,17840000,565,604,657
chr5,17840000,0.955635,0.6844,17850000,842,876,879
chr5,17850000,0.991617,0.6617,17860000,652,631,694
chr5,17860000,1,0.6183,17870000,500,579,535
chr5,17870000,1,0.6164,17880000,531,563,498
chr5,17880000,0.989883,0.6388,17890000,1232,1313,1220
chr5,17890000,1,0.6231,17900000,1798,2243,1806
chr5,17900000,0.971708,0.6305,17910000,1025,1178,1008
chr5,17910000,1,0.6042,17920000,440,550,474
chr5,17920000,1,0.6129,17930000,479,569,532
chr5,17930000,1,0.6078,17940000,449,486,448
chr5,17940000,1,0.6116,17950000,481,541,526
chr5,17950000,1,0.6343,17960000,568,577,516
chr5,17960000,1,0.6086,17970000,432,523,461
chr5,17970000,1,0.6076,17980000,490,538,507
chr5,17980000,1,0.6181,17990000,509,543,470
chr5,17990000,1,0.6031,18000000,469,524,475
chr5,18000000,0.9997,0.6224,18010000,511,575,516
chr5,18010000,0.884292,0.6311,18020000,368,405,401
chr5,18020000,0.99685,0.667,18030000,638,686,661
chr5,18030000,0.79818,0.6064,18040000,343,351,417
chr5,18040000,1,0.6191,18050000,543,591,547
chr5,18050000,1,0.6549,18060000,592,611,619
chr5,18060000,1,0.6697,18070000,603,667,701
chr5,18070000,0.99935,0.654,18080000,522,527,629
chr5,18080000,0.854203,0.6216,18090000,442,408,497
chr5,18090000,1,0.6517,18100000,610,537,600
chr5,18100000,0.973408,0.6601,18110000,624,591,619
chr5,18110000,0.976733,0.6419,18120000,581,615,610
chr5,18120000,0.993652,0.6527,18130000,619,633,701
chr5,18130000,1,0.6697,18140000,1044,1348,1030
chr5,18140000,0.975662,0.6768,18150000,660,670,728
chr5,18150000,1,0.6249,18160000,512,519,534
chr5,18160000,1,0.6325,18170000,512,565,528
chr5,18170000,0.923275,0.6205,18180000,455,488,469
chr5,18180000,0.9429,0.6747,18190000,654,584,664
chr5,18190000,0.9437,0.6513,18200000,504,534,572
chr5,18200000,1,0.6361,18210000,587,568,555
chr5,18210000,1,0.6427,18220000,588,661,617
chr5,18220000,1,0.6322,18230000,582,591,551
chr5,18230000,0.999,0.6799,18240000,675,613,740
chr5,18240000,1,0.6546,18250000,641,643,654
chr5,18250000,1,0.67,18260000,672,652,739
chr5,18260000,0.998583,0.6585,18270000,603,624,592
chr5,18270000,1,0.6648,18280000,654,625,662
chr5,18280000,1,0.6416,18290000,538,652,615
chr5,18290000,0.994583,0.6323,18300000,593,596,576
chr5,18300000,0.976433,0.6591,18310000,640,661,729
chr5,18310000,1,0.6323,18320000,606,563,536
chr5,18320000,0.986846,0.6186,18330000,498,493,489
chr5,18330000,0.996783,0.6437,18340000,554,687,631
chr5,18340000,0.945636,0.65,18350000,562,546,568
chr5,18350000,0.853832,0.6099,18360000,421,431,449
chr5,18360000,0.9969,0.6272,18370000,559,577,651
chr5,18370000,0.98055,0.6776,18380000,634,546,652
chr5,18380000,0.902775,0.6419,18390000,455,464,515
chr5,18390000,0.88835,0.6229,18400000,368,402,418
chr5,18400000,0.99885,0.6175,18410000,508,531,516
chr5,18410000,1,0.6252,18420000,554,601,547
chr5,18420000,1,0.6658,18430000,705,636,726
chr5,18430000,0.955483,0.61,18440000,506,471,491
chr5,18440000,0.981383,0.7146,18450000,727,704,848
chr5,18450000,0.9725,0.632,18460000,496,548,546
chr5,18460000,1,0.6434,18470000,560,595,603
chr5,18470000,0.979066,0.659,18480000,597,626,646
chr5,18480000,1,0.6312,18490000,546,515,543
chr5,18490000,1,0.6279,18500000,1384,1750,1055
chr5,18500000,1,0.6031,18510000,475,547,506
chr5,18510000,1,0.6144,18520000,477,559,537
chr5,18520000,0.954733,0.6448,18530000,599,615,584
chr5,18530000,1,0.6549,18540000,639,657,624
chr5,18540000,1,0.6127,18550000,489,538,561
chr5,18550000,1,0.6115,18560000,487,474,479
chr5,18560000,1,0.6227,18570000,506,529,512
chr5,18570000,0.9994,0.6706,18580000,675,608,718
chr5,18580000,1,0.6283,18590000,534,552,552
chr5,18590000,1,0.6185,18600000,2530,2999,2355
chr5,18600000,1,0.6441,18610000,511,558,571
chr5,18610000,1,0.6391,18620000,591,618,642
chr5,18620000,0.9953,0.6516,18630000,596,681,698
chr5,18630000,0.9953,0.611,18640000,426,461,502
chr5,18640000,1,0.6134,18650000,552,613,583
chr5,18650000,0.9976,0.6537,18660000,608,670,576
chr5,18660000,1,0.6209,18670000,518,553,518
chr5,18670000,1,0.6314,18680000,537,610,556
chr5,18680000,0.802753,0.6627,18690000,750,666,827
chr5,18690000,1,0.6046,18700000,474,550,460
chr5,18700000,1,0.6409,18710000,598,614,583
chr5,18710000,1,0.6483,18720000,600,606,613
chr5,18720000,0.990933,0.6165,18730000,517,576,577
chr5,18730000,1,0.6708,18740000,621,618,658
chr5,18740000,0.957367,0.679,18750000,590,591,628
chr5,18750000,0.99665,0.6488,18760000,544,609,663
chr5,18760000,0.985583,0.6518,18770000,583,605,638
chr5,18770000,1,0.6379,18780000,602,526,599
chr5,18780000,0.9897,0.6234,18790000,501,525,545
chr5,18790000,0.9996,0.6451,18800000,640,602,624
chr5,18800000,1,0.617,18810000,537,564,521
chr5,18810000,1,0.6612,18820000,630,582,649
chr5,18820000,1,0.6317,18830000,472,601,530
chr5,18830000,1,0.6121,18840000,515,568,548
chr5,18840000,0.974415,0.633,18850000,499,557,554
chr5,18850000,1,0.6316,18860000,791,777,714
chr5,18860000,1,0.6123,18870000,401,443,421
chr5,18870000,1,0.6402,18880000,575,552,525
chr5,18880000,1,0.6622,18890000,645,653,669
chr5,18890000,0.97106,0.6484,18900000,470,572,590
chr5,18900000,1,0.6164,18910000,447,465,416
chr5,18910000,1,0.64,18920000,570,548,601
chr5,18920000,1,0.596,18930000,449,453,481
chr5,18930000,1,0.6401,18940000,482,524,485
chr5,18940000,1,0.6142,18950000,467,508,516
chr5,18950000,0.938511,0.6163,18960000,382,467,449
chr5,18960000,0.948773,0.6053,18970000,448,470,468
chr5,18970000,1,0.6294,18980000,987,1143,1040
chr5,18980000,1,0.6226,18990000,501,570,531
chr5,18990000,0.9898,0.6127,19000000,553,570,593
chr5,19000000,1,0.6152,19010000,537,593,585
chr5,19010000,1,0.6148,19020000,491,488,517
chr5,19020000,1,0.618,19030000,487,526,528
chr5,19030000,1,0.6182,19040000,457,512,492
chr5,19040000,1,0.6173,19050000,524,511,498
chr5,19050000,0.99985,0.6511,19060000,582,602,617
chr5,19060000,0.97439,0.6129,19070000,459,476,528
chr5,19070000,0.974142,0.6745,19080000,689,593,757
chr5,19080000,1,0.6233,19090000,495,539,547
chr5,19090000,0.9812,0.6476,19100000,595,551,617
chr5,19100000,0.99835,0.6351,19110000,749,635,654
chr5,19110000,0.99835,0.6422,19120000,637,685,661
chr5,19120000,0.996531,0.6689,19130000,681,683,739
chr5,19130000,1,0.6283,19140000,405,403,398
chr5,19140000,1,0.6343,19150000,556,546,545
chr5,19150000,0.9974,0.6183,19160000,523,589,595
chr5,19160000,1,0.6356,19170000,613,640,594
chr5,19170000,0.992615,0.6413,19180000,546,506,552
chr5,19180000,1,0.6698,19190000,588,563,606
chr5,19190000,0.9992,0.6374,19200000,444,483,531
chr5,19200000,1,0.6808,19210000,661,632,680
chr5,19210000,0.9955,0.6281,19220000,542,558,550
chr5,19220000,0.964939,0.6341,19230000,444,484,585
chr5,19230000,1,0.6263,19240000,544,546,548
chr5,19240000,1,0.6256,19250000,546,562,554
chr5,19250000,1,0.6066,19260000,461,540,464
chr5,19260000,0.960133,0.6422,19270000,549,594,569
chr5,19270000,1,0.6206,19280000,497,500,504
chr5,19280000,1,0.5991,19290000,419,491,434
chr5,19290000,0.9117,0.6146,19300000,570,651,605
chr5,19300000,0.877943,0.6073,19310000,610,660,703
chr5,19310000,0.9472,0.6239,19320000,596,541,581
chr5,19320000,0.96175,0.6678,19330000,611,583,618
chr5,19330000,1,0.641,19340000,526,522,567
chr5,19340000,0.969472,0.6171,19350000,473,460,521
chr5,19350000,0.901899,0.6109,19360000,448,411,497
chr5,19360000,0.997534,0.7202,19370000,1233,1135,1382
chr5,19370000,0.981617,0.65,19380000,539,592,594
chr5,19380000,0.999533,0.6162,19390000,531,582,554
chr5,19390000,1,0.6701,19400000,636,585,704
chr5,19400000,0.994233,0.6508,19410000,682,760,697
chr5,19410000,1,0.6114,19420000,2917,4625,2599
chr5,19420000,1,0.6454,19430000,573,607,634
chr5,19430000,1,0.6248,19440000,507,563,511
chr5,19440000,1,0.6424,19450000,520,591,621
chr5,19450000,1,0.669,19460000,624,642,656
chr5,19460000,0.94802,0.6199,19470000,483,521,584
chr5,19470000,0.998027,0.6325,19480000,503,568,521
chr5,19480000,0.99855,0.6358,19490000,507,613,533
chr5,19490000,0.99869,0.6747,19500000,899,889,857
chr5,19500000,0.874465,0.6013,19510000,456,412,499
chr5,19510000,0.856268,0.6289,19520000,447,448,480
chr5,19520000,0.9986,0.6397,19530000,483,558,592
chr5,19530000,0.996117,0.6606,19540000,616,608,603
chr5,19540000,1,0.6536,19550000,585,576,611
chr5,19550000,0.982733,0.644,19560000,541,525,565
chr5,19560000,0.942164,0.6638,19570000,541,582,616
chr5,19570000,0.79483,0.6333,19580000,392,357,461
chr5,19580000,0.890058,0.6149,19590000,445,356,464
chr5,19590000,0.943748,0.6506,19600000,1491,1610,1535
chr5,19600000,1,0.6217,19610000,491,625,536
chr5,19610000,0.9155,0.6087,19620000,385,404,493
chr5,19620000,0.99055,0.6724,19630000,619,668,610
chr5,19630000,1,0.6755,19640000,697,715,761
chr5,19640000,1,0.6153,19650000,509,526,499
chr5,19650000,0.9972,0.6148,19660000,508,524,493
chr5,19660000,1,0.6386,19670000,522,588,618
chr5,19670000,1,0.6614,19680000,599,643,619
chr5,19680000,1,0.6434,19690000,599,661,619
chr5,19690000,1,0.6383,19700000,558,545,521
chr5,19700000,1,0.6659,19710000,613,658,684
chr5,19710000,1,0.6596,19720000,608,641,615
chr5,19720000,1,0.627,19730000,561,618,609
chr5,19730000,0.957785,0.6662,19740000,820,804,828
chr5,19740000,1,0.6352,19750000,563,566,534
chr5,19750000,1,0.6095,19760000,443,532,532
chr5,19760000,1,0.6481,19770000,551,606,594
chr5,19770000,0.940426,0.6213,19780000,440,505,475
chr5,19780000,0.968291,0.6112,19790000,607,629,605
chr5,19790000,0.99965,0.6152,19800000,407,482,479
chr5,19800000,0.99955,0.6296,19810000,506,554,547
chr5,19810000,0.989667,0.6593,19820000,590,669,668
chr5,19820000,1,0.6407,19830000,513,589,518
chr5,19830000,0.992392,0.6655,19840000,569,593,593
chr5,19840000,0.99915,0.6319,19850000,496,527,565
chr5,19850000,1,0.6279,19860000,510,594,482
chr5,19860000,0.9984,0.6321,19870000,519,589,580
chr5,19870000,0.995508,0.6254,19880000,584,570,566
chr5,19880000,0.955463,0.6804,19890000,664,647,743
chr5,19890000,0.99945,0.6327,19900000,586,601,617
chr5,19900000,0.956967,0.6184,19910000,453,514,431
chr5,19910000,0.979874,0.6386,19920000,558,589,529
chr5,19920000,0.99055,0.5925,19930000,449,496,399
chr5,19930000,0.921383,0.6272,19940000,478,499,489
chr5,19940000,1,0.6304,19950000,465,447,461
chr5,19950000,0.9996,0.5988,19960000,411,380,441
chr5,19960000,0.9776,0.6544,19970000,513,518,553
chr5,19970000,1,0.6339,19980000,514,533,571
chr5,19980000,1,0.6431,19990000,731,935,712
chr5,19990000,0.99965,0.6042,20000000,480,535,498
chr5,20000000,0.99965,0.6036,20010000,521,534,510
chr5,20010000,1,0.6306,20020000,511,598,486
chr5,20020000,0.99165,0.6508,20030000,954,1219,950
chr5,20030000,0.992883,0.6301,20040000,489,531,496
chr5,20040000,1,0.6064,20050000,402,394,441
chr5,20050000,1,0.6749,20060000,662,651,729
chr5,20060000,1,0.628,20070000,556,629,566
chr5,20070000,1,0.6018,20080000,392,444,470
chr5,20080000,0.965767,0.6708,20090000,618,660,744
chr5,20090000,0.99795,0.635,20100000,642,695,647
chr5,20100000,1,0.6112,20110000,506,535,462
chr5,20110000,0.9751,0.6223,20120000,471,459,442
chr5,20120000,0.98,0.6302,20130000,450,505,519
chr5,20130000,0.988883,0.6659,20140000,608,665,727
chr5,20140000,0.9015,0.7098,20150000,666,655,695
chr5,20150000,1,0.6309,20160000,477,487,515
chr5,20160000,1,0.6492,20170000,738,682,748
chr5,20170000,1,0.6285,20180000,761,791,689
chr5,20180000,1,0.656,20190000,632,585,668
chr5,20190000,0.9935,0.6039,20200000,477,499,518
chr5,20200000,0.816167,0.5802,20210000,341,310,395
chr5,20210000,0.9897,0.6141,20220000,448,548,501
chr5,20220000,1,0.6072,20230000,422,537,499
chr5,20230000,0.953247,0.6437,20240000,539,595,571
chr5,20240000,0.99365,0.6135,20250000,712,854,704
chr5,20250000,0.949118,0.6606,20260000,1085,1180,1153
chr5,20260000,1,0.6466,20270000,1137,1395,1190
chr5,20270000,1,0.617,20280000,445,491,486
chr5,20280000,0.995383,0.6284,20290000,506,508,521
chr5,20290000,0.99781,0.6215,20300000,440,498,502
chr5,20300000,0.9958,0.6748,20310000,698,720,773
chr5,20310000,0.9999,0.6623,20320000,629,620,693
chr5,20320000,1,0.6384,20330000,560,579,542
chr5,20330000,1,0.6177,20340000,497,515,467
chr5,20340000,0.99455,0.6274,20350000,470,554,527
chr5,20350000,0.9967,0.6333,20360000,481,556,515
chr5,20360000,0.99785,0.635,20370000,524,544,501
chr5,20370000,0.999467,0.6499,20380000,548,598,610
chr5,20380000,0.923853,0.6583,20390000,826,760,809
chr5,20390000,0.983253,0.6782,20400000,666,627,737
chr5,20400000,1,0.6133,20410000,516,537,498
chr5,20410000,1,0.6084,20420000,436,510,473
chr5,20420000,1,0.6045,20430000,413,509,456
chr5,20430000,0.985217,0.6308,20440000,504,535,565
chr5,20440000,1,0.6368,20450000,476,549,503
chr5,20450000,1,0.6493,20460000,410,491,457
chr5,20460000,0.994292,0.6909,20470000,692,565,681
chr5,20470000,0.9957,0.688,20480000,1203,740,1109
chr5,20480000,0.9957,0.6321,20490000,739,644,745
chr5,20490000,1,0.6103,20500000,485,596,509
chr5,20500000,0.990128,0.6172,20510000,368,379,445
chr5,20510000,0.846413,0.6127,20520000,413,449,532
chr5,20520000,0.995033,0.6367,20530000,441,459,509
chr5,20530000,0.984278,0.6372,20540000,531,629,583
chr5,20540000,0.989379,0.6135,20550000,454,503,511
chr5,20550000,0.994433,0.6493,20560000,555,559,572
chr5,20560000,0.9866,0.5981,20570000,494,477,514
chr5,20570000,0.99005,0.6308,20580000,420,487,504
chr5,20580000,0.975476,0.6969,20590000,757,711,774
chr5,20590000,1,0.5933,20600000,404,488,436
chr5,20600000,1,0.6548,20610000,597,594,609
chr5,20610000,0.9924,0.6609,20620000,668,679,786
chr5,20620000,1,0.6212,20630000,539,508,584
chr5,20630000,0.9996,0.6676,20640000,603,595,643
chr5,20640000,0.938537,0.674,20650000,696,640,669
chr5,20650000,0.980672,0.6197,20660000,499,518,540
chr5,20660000,1,0.6604,20670000,629,593,682
chr5,20670000,1,0.6252,20680000,471,505,472
chr5,20680000,1,0.647,20690000,529,583,587
chr5,20690000,1,0.7116,20700000,731,734,813
chr5,20700000,0.995131,0.6399,20710000,572,568,592
chr5,20710000,0.99725,0.6479,20720000,541,517,598
chr5,20720000,1,0.63,20730000,530,584,482
chr5,20730000,1,0.6421,20740000,524,562,510
chr5,20740000,1,0.6461,20750000,559,575,565
chr5,20750000,1,0.6386,20760000,504,527,544
chr5,20760000,0.98315,0.6439,20770000,508,512,546
chr5,20770000,0.99113,0.6221,20780000,458,529,481
chr5,20780000,0.996842,0.636,20790000,604,604,646
chr5,20790000,1,0.6065,20800000,459,476,533
chr5,20800000,0.9953,0.6354,20810000,514,573,570
chr5,20810000,0.53465,0.5911,20820000,44,58,47
chr5,20820000,0.71605,0.6044,20830000,197,233,183
chr5,20830000,1,0.6128,20840000,446,499,479
chr5,20840000,1,0.6351,20850000,557,589,615
chr5,20850000,0.9844,0.6639,20860000,655,679,745
chr5,20860000,1,0.6182,20870000,514,518,553
chr5,20870000,0.991883,0.6507,20880000,512,518,622
chr5,20880000,0.998,0.6277,20890000,692,677,788
chr5,20890000,1,0.6285,20900000,544,551,600
chr5,20900000,1,0.6426,20910000,539,599,579
chr5,20910000,0.998125,0.6425,20920000,641,626,676
chr5,20920000,1,0.6472,20930000,531,563,553
chr5,20930000,0.918207,0.6326,20940000,472,479,451
chr5,20940000,0.97065,0.6311,20950000,534,543,531
chr5,20950000,0.965745,0.6434,20960000,565,521,607
chr5,20960000,1,0.651,20970000,569,644,621
chr5,20970000,0.99915,0.6163,20980000,469,463,499
chr5,20980000,1,0.6041,20990000,412,501,469
chr5,20990000,0.9385,0.5968,21000000,344,416,363
chr5,21000000,0.9348,0.6127,21010000,426,491,466
chr5,21010000,0.992,0.6024,21020000,1351,1662,1254
chr5,21020000,0.936833,0.6169,21030000,594,665,523
chr5,21030000,0.994112,0.7009,21040000,683,678,826
chr5,21040000,1,0.6152,21050000,433,542,484
chr5,21050000,1,0.6202,21060000,456,547,481
chr5,21060000,1,0.6511,21070000,604,570,695
chr5,21070000,1,0.6269,21080000,463,480,482
chr5,21080000,0.993427,0.6367,21090000,532,549,573
chr5,21090000,0.967575,0.6271,21100000,581,480,557
chr5,21100000,0.998413,0.6718,21110000,589,589,705
chr5,21110000,0.980626,0.6314,21120000,477,508,515
chr5,21120000,0.9895,0.6307,21130000,527,565,564
chr5,21130000,1,0.6328,21140000,536,522,523
chr5,21140000,0.976256,0.6671,21150000,648,632,712
chr5,21150000,0.9999,0.6343,21160000,475,495,557
chr5,21160000,0.995817,0.6685,21170000,666,657,620
chr5,21170000,1,0.6118,21180000,481,514,523
chr5,21180000,1,0.6335,21190000,487,494,478
chr5,21190000,0.844933,0.6781,21200000,737,700,750
chr5,21200000,0.865611,0.6346,21210000,418,441,465
chr5,21210000,0.8741,0.6365,21220000,379,425,402
chr5,21220000,0.949858,0.6238,21230000,471,440,628
chr5,21230000,1,0.6192,21240000,356,382,422
chr5,21240000,1,0.6078,21250000,378,449,434
chr5,21250000,0.915562,0.6949,21260000,562,535,660
chr5,21260000,0.9098,0.6278,21270000,373,466,443
chr5,21270000,1,0.6273,21280000,494,523,576
chr5,21280000,1,0.5977,21290000,413,432,431
chr5,21290000,0.99975,0.639,21300000,537,523,581
chr5,21300000,0.98674,0.654,21310000,572,513,538
chr5,21310000,0.924477,0.6668,21320000,571,476,576
chr5,21320000,0.97455,0.6308,21330000,770,843,712
chr5,21330000,1,0.621,21340000,497,556,470
chr5,21340000,1,0.6336,21350000,538,527,546
chr5,21350000,1,0.6721,21360000,676,584,681
chr5,21360000,1,0.6384,21370000,549,545,503
chr5,21370000,0.887408,0.5471,21380000,408,399,389
chr5,21380000,0.956083,0.5569,21390000,343,351,406
chr5,21390000,0.928631,0.6242,21400000,461,454,478
chr5,21400000,0.995907,0.6414,21410000,1576,1499,1273
chr5,21410000,1,0.6405,21420000,612,649,648
chr5,21420000,0.946943,0.6709,21430000,721,666,795
chr5,21430000,1,0.6267,21440000,475,566,490
chr5,21440000,1,0.6667,21450000,621,632,687
chr5,21450000,0.9991,0.6462,21460000,537,563,594
chr5,21460000,1,0.6306,21470000,645,588,571
chr5,21470000,1,0.7078,21480000,757,640,772
chr5,21480000,0.995812,0.6332,21490000,565,560,574
chr5,21490000,0.989417,0.6545,21500000,450,511,543
chr5,21500000,0.9952,0.636,21510000,559,576,545
chr5,21510000,0.999733,0.6157,21520000,447,559,535
chr5,21520000,0.694267,0.6526,21530000,547,461,608
chr5,21530000,0.870184,0.6063,21540000,378,341,432
chr5,21540000,0.925155,0.6554,21550000,448,429,489
chr5,21550000,0.806808,0.6166,21560000,1237,794,1109
chr5,21560000,0.99675,0.6554,21570000,656,644,713
chr5,21570000,0.578574,0.6117,21580000,295,262,390
chr5,21580000,1,0.639,21590000,537,538,493
chr5,21590000,0.932192,0.6791,21600000,567,601,697
chr5,21600000,0.97045,0.629,21610000,602,611,599
chr5,21610000,0.8996,0.6789,21620000,608,597,684
chr5,21620000,0.96729,0.6832,21630000,710,736,797
chr5,21630000,0.993284,0.6908,21640000,682,607,697
chr5,21640000,1,0.6587,21650000,664,612,659
chr5,21650000,1,0.6192,21660000,631,551,601
chr5,21660000,0.986583,0.636,21670000,503,569,572
chr5,21670000,0.982762,0.6433,21680000,551,531,594
chr5,21680000,1,0.6415,21690000,599,598,683
chr5,21690000,1,0.6094,21700000,455,489,504
chr5,21700000,1,0.6355,21710000,569,548,538
chr5,21710000,0.903,0.5949,21720000,364,380,400
chr5,21720000,1,0.6112,21730000,496,525,489
chr5,21730000,1,0.6192,21740000,470,473,451
chr5,21740000,1,0.6319,21750000,528,543,528
chr5,21750000,1,0.6213,21760000,525,512,523
chr5,21760000,0.980242,0.6835,21770000,669,644,803
chr5,21770000,0.9157,0.6173,21780000,377,467,384
chr5,21780000,0.9568,0.6568,21790000,527,484,554
chr5,21790000,0.9659,0.6177,21800000,6502,8940,7554
chr5,21800000,1,0.6006,21810000,13671,21895,14832
chr5,21810000,0.9908,0.5972,21820000,554,684,538
chr5,21820000,1,0.6234,21830000,535,537,553
chr5,21830000,1,0.6663,21840000,629,665,684
chr5,21840000,0.912363,0.6564,21850000,525,539,556
chr5,21850000,0.9988,0.6828,21860000,1423,1359,1266
chr5,21860000,1,0.6302,21870000,691,756,681
chr5,21870000,1,0.6564,21880000,551,576,641
chr5,21880000,0.96375,0.6526,21890000,543,492,594
chr5,21890000,1,0.6486,21900000,534,591,572
chr5,21900000,0.992046,0.6394,21910000,580,613,655
chr5,21910000,0.9896,0.6575,21920000,562,592,643
chr5,21920000,1,0.6247,21930000,437,446,471
chr5,21930000,1,0.5934,21940000,414,429,438
chr5,21940000,1,0.6191,21950000,411,495,524
chr5,21950000,1,0.6426,21960000,484,500,512
chr5,21960000,1,0.6331,21970000,555,511,601
chr5,21970000,0.99345,0.6156,21980000,470,502,479
chr5,21980000,0.97525,0.6168,21990000,377,399,442
chr5,21990000,0.93911,0.6474,22000000,537,543,579
chr5,22000000,1,0.6077,22010000,413,427,441
chr5,22010000,0.99595,0.606,22020000,462,464,499
chr5,22020000,0.99795,0.6347,22030000,505,519,565
chr5,22030000,0.931675,0.6609,22040000,537,503,600
chr5,22040000,0.9984,0.6144,22050000,469,525,456
chr5,22050000,1,0.655,22060000,633,607,652
chr5,22060000,1,0.6252,22070000,492,506,509
chr5,22070000,1,0.6396,22080000,687,632,651
chr5,22080000,0.971558,0.6671,22090000,1324,1271,1274
chr5,22090000,1,0.673,22100000,1224,1255,1245
chr5,22100000,0.973667,0.6614,22110000,1083,1079,1195
chr5,22110000,0.96919,0.6588,22120000,1304,1254,1461
chr5,22120000,1,0.6352,22130000,1091,1192,1046
chr5,22130000,1,0.6003,22140000,784,914,880
chr5,22140000,0.98835,0.6528,22150000,1340,1276,1435
chr5,22150000,0.99,0.6896,22160000,1292,1328,1444
chr5,22160000,1,0.6617,22170000,1202,1243,1380
chr5,22170000,1,0.6297,22180000,695,762,815
chr5,22180000,0.99805,0.6333,22190000,1010,1059,1102
chr5,22190000,0.99925,0.6413,22200000,1130,1100,1212
chr5,22200000,0.796683,0.6111,22210000,512,540,591
chr5,22210000,0.78425,0.6264,22220000,600,602,649
chr5,22220000,0.787137,0.6796,22230000,1259,1064,1231
chr5,22230000,0.98115,0.6368,22240000,1081,1095,1150
chr5,22240000,0.646347,0.6045,22250000,586,657,631
chr5,22250000,0.634917,0.6072,22260000,338,328,310
chr5,22260000,0.9485,0.6607,22270000,1099,1131,1194
chr5,22270000,0.972296,0.6153,22280000,902,905,910
chr5,22280000,0.990175,0.6252,22290000,1047,1123,992
chr5,22290000,0.994854,0.6442,22300000,1066,1100,1173
chr5,22300000,0.95452,0.6244,22310000,939,956,1084
chr5,22310000,0.9928,0.6614,22320000,1816,1655,1604
chr5,22320000,0.996767,0.6519,22330000,1049,1183,1233
chr5,22330000,0.976433,0.6534,22340000,993,963,1103
chr5,22340000,0.954567,0.6496,22350000,1208,1191,1347
chr5,22350000,0.986039,0.6112,22360000,794,844,894
chr5,22360000,0.9875,0.6704,22370000,1237,1059,1370
chr5,22370000,1,0.6592,22380000,1175,1239,1313
chr5,22380000,0.802313,0.6143,22390000,661,750,863
chr5,22390000,0.785402,0.6046,22400000,712,783,835
chr5,22400000,1,0.6203,22410000,765,830,852
chr5,22410000,0.932252,0.6475,22420000,1130,1082,1171
chr5,22420000,1,0.6046,22430000,870,994,1058
chr5,22430000,1,0.606,22440000,937,1045,987
chr5,22440000,0.962108,0.644,22450000,1204,1069,1350
chr5,22450000,0.9992,0.655,22460000,1269,1305,1375
chr5,22460000,1,0.6901,22470000,1536,1362,1576
chr5,22470000,1,0.6529,22480000,1219,1154,1236
chr5,22480000,0.993717,0.7095,22490000,1531,1380,1663
chr5,22490000,1,0.6818,22500000,1408,1349,1426
chr5,22500000,1,0.6487,22510000,1230,1224,1328
chr5,22510000,0.99335,0.6727,22520000,1339,1259,1476
chr5,22520000,0.97545,0.6414,22530000,1042,1043,1075
chr5,22530000,0.972217,0.6532,22540000,1100,1053,1258
chr5,22540000,0.963183,0.648,22550000,1021,1045,1066
chr5,22550000,0.9978,0.6434,22560000,657,612,749
chr5,22560000,1,0.6119,22570000,735,759,749
chr5,22570000,0.792196,0.6099,22580000,818,878,956
chr5,22580000,0.989561,0.6615,22590000,1465,1317,1607
chr5,22590000,0.940117,0.677,22600000,1122,1155,1286
chr5,22600000,0.85235,0.6284,22610000,5047,4433,2958
chr5,22610000,0.943733,0.6391,22620000,1061,941,1242
chr5,22620000,0.991125,0.6186,22630000,960,1018,1053
chr5,22630000,0.98065,0.6277,22640000,1016,1020,1102
chr5,22640000,0.8702,0.6536,22650000,1016,933,1035
chr5,22650000,0.959945,0.6355,22660000,1085,1165,1073
chr5,22660000,0.945444,0.6386,22670000,973,1033,1055
chr5,22670000,1,0.6028,22680000,874,1023,889
chr5,22680000,1,0.6093,22690000,953,1087,918
chr5,22690000,0.996017,0.6782,22700000,1330,1241,1320
chr5,22700000,1,0.6084,22710000,891,1036,1059
chr5,22710000,0.9927,0.6201,22720000,907,1065,994
chr5,22720000,0.886567,0.6756,22730000,1000,991,1058
chr5,22730000,0.532983,0.7089,22740000,423,400,472
chr5,22740000,1,0.6246,22750000,921,930,952
chr5,22750000,0.97045,0.6372,22760000,1175,1068,1231
chr5,22760000,1,0.6966,22770000,1583,1313,1612
chr5,22770000,1,0.6101,22780000,1001,1070,980
chr5,22780000,1,0.6377,22790000,1055,1142,1132
chr5,22790000,0.97775,0.6493,22800000,1168,1221,1208
chr5,22800000,1,0.6161,22810000,986,1068,1041
chr5,22810000,1,0.6478,22820000,1149,1224,1220
chr5,22820000,0.9825,0.6665,22830000,1256,1160,1295
chr5,22830000,1,0.6519,22840000,1198,1214,1227
chr5,22840000,1,0.6329,22850000,993,1064,1171
chr5,22850000,0.755352,0.5958,22860000,626,656,764
chr5,22860000,0.959739,0.6267,22870000,965,982,1010
chr5,22870000,1,0.64,22880000,1042,1065,1113
chr5,22880000,1,0.6131,22890000,908,966,893
chr5,22890000,1,0.6956,22900000,1890,1655,2016
chr5,22900000,1,0.6114,22910000,952,984,968
chr5,22910000,0.8442,0.6195,22920000,729,772,849
chr5,22920000,1,0.5913,22930000,904,961,950
chr5,22930000,0.839069,0.6255,22940000,1264,1243,1178
chr5,22940000,0.949472,0.6906,22950000,1253,1272,1469
chr5,22950000,1,0.6362,22960000,972,1041,992
chr5,22960000,1,0.6086,22970000,958,1073,1018
chr5,22970000,0.987567,0.7103,22980000,1792,1537,1913
chr5,22980000,0.981739,0.6511,22990000,1211,1227,1366
chr5,22990000,1,0.62,23000000,995,1124,1014
chr5,23000000,1,0.5839,23010000,714,801,768
chr5,23010000,1,0.6183,23020000,1000,1106,1047
chr5,23020000,0.9909,0.6191,23030000,1131,1109,1114
chr5,23030000,1,0.5981,23040000,921,1021,879
chr5,23040000,1,0.6172,23050000,1067,1095,1095
chr5,23050000,0.992747,0.6781,23060000,1365,1295,1501
chr5,23060000,0.998783,0.6226,23070000,1014,1130,1160
chr5,23070000,0.965562,0.656,23080000,1140,1151,1308
chr5,23080000,1,0.5891,23090000,803,925,874
chr5,23090000,1,0.5842,23100000,861,968,861
chr5,23100000,1,0.6072,23110000,933,936,947
chr5,23110000,0.984175,0.5853,23120000,1051,978,1194
chr5,23120000,1,0.5732,23130000,633,755,724
chr5,23130000,1,0.5599,23140000,778,881,839
chr5,23140000,0.928719,0.58,23150000,719,761,786
chr5,23150000,0.621405,0.495,23160000,326,304,408
chr5,23160000,0.953996,0.5933,23170000,698,708,782
chr5,23170000,1,0.5749,23180000,733,785,807
chr5,23180000,0.59535,0.565,23190000,116,134,162
chr5,23190000,0.87195,0.5867,23200000,690,686,792
chr6,0,0.789644,0.5928,10000,1031,783,1250
chr6,10000,1,0.5691,20000,1213,920,1299
chr6,20000,1,0.5855,30000,1090,855,1222
chr6,30000,0.9763,0.5966,40000,1187,910,1317
chr6,40000,0.972805,0.6803,50000,1871,1242,2052
chr6,50000,0.994602,0.5981,60000,1413,1068,1553
chr6,60000,1,0.6491,70000,1606,1096,1696
chr6,70000,0.9854,0.6863,80000,2220,1407,2461
chr6,80000,0.953392,0.6441,90000,1592,1119,1770
chr6,90000,0.998933,0.6259,100000,1604,1098,1825
chr6,100000,0.8821,0.6577,110000,1523,976,1643
chr6,110000,1,0.5988,120000,1186,872,1298
chr6,120000,0.985067,0.673,130000,2126,1333,2233
chr6,130000,0.9909,0.6547,140000,1809,1189,1821
chr6,140000,0.968283,0.5884,150000,1265,880,1395
chr6,150000,1,0.6068,160000,1360,969,1602
chr6,160000,1,0.5919,170000,1150,847,1267
chr6,170000,0.968575,0.6414,180000,1633,1081,1736
chr6,180000,1,0.5977,190000,1313,1005,1376
chr6,190000,1,0.6076,200000,1408,1028,1454
chr6,200000,0.986683,0.6228,210000,1589,1175,1750
chr6,210000,0.9959,0.615,220000,1528,999,1652
chr6,220000,1,0.6332,230000,1517,1114,1579
chr6,230000,1,0.6297,240000,1267,780,1389
chr6,240000,1,0.608,250000,870,670,970
chr6,250000,1,0.6551,260000,1730,1313,1937
chr6,260000,1,0.6185,270000,1473,1159,1655
chr6,270000,1,0.6061,280000,1375,993,1506
chr6,280000,1,0.6757,290000,1974,1275,2100
chr6,290000,1,0.6397,300000,1570,1118,1814
chr6,300000,0.99415,0.6193,310000,1620,1161,1645
chr6,310000,0.99755,0.612,320000,1256,916,1289
chr6,320000,1,0.621,330000,1253,958,1402
chr6,330000,1,0.6302,340000,1480,1010,1460
chr6,340000,0.939792,0.6955,350000,2242,1299,2354
chr6,350000,1,0.7032,360000,2235,1421,2413
chr6,360000,1,0.6546,370000,1834,1249,1958
chr6,370000,1,0.6743,380000,1960,1318,1955
chr6,380000,1,0.6311,390000,1512,1069,1627
chr6,390000,1,0.61,400000,1433,1022,1403
chr6,400000,0.9999,0.6578,410000,1821,1193,1998
chr6,410000,0.974375,0.6527,420000,1646,1058,1781
chr6,420000,0.983067,0.6481,430000,1672,1125,1864
chr6,430000,0.99595,0.6696,440000,1993,1303,2245
chr6,440000,0.9954,0.6313,450000,1469,1047,1489
chr6,450000,0.9884,0.6567,460000,1823,1249,1880
chr6,460000,1,0.6404,470000,1642,1122,1773
chr6,470000,1,0.6532,480000,1740,1185,1840
chr6,480000,1,0.6234,490000,1496,1126,1541
chr6,490000,1,0.6373,500000,1608,1144,1641
chr6,500000,1,0.6239,510000,1511,1118,1515
chr6,510000,1,0.6364,520000,1630,1094,1785
chr6,520000,1,0.6899,530000,2068,1328,2100
chr6,530000,0.997,0.6309,540000,1889,1606,1835
chr6,540000,1,0.6626,550000,1814,1289,1916
chr6,550000,1,0.6322,560000,1484,978,1580
chr6,560000,1,0.6216,570000,1319,936,1366
chr6,570000,0.941909,0.6562,580000,1867,1401,2152
chr6,580000,0.912217,0.6481,590000,1676,1014,1934
chr6,590000,1,0.631,600000,1738,1474,1845
chr6,600000,1,0.6468,610000,1665,1151,1708
chr6,610000,0.980065,0.6229,620000,1795,1210,1942
chr6,620000,0.99265,0.6025,630000,1993,1432,1989
chr6,630000,1,0.6817,640000,1906,1246,1974
chr6,640000,0.998983,0.6457,650000,1820,1130,1871
chr6,650000,1,0.6298,660000,1659,1079,1682
chr6,660000,1,0.6355,670000,1631,1165,1798
chr6,670000,0.981533,0.6553,680000,1561,1032,1687
chr6,680000,0.948984,0.7155,690000,2129,1319,2398
chr6,690000,0.9971,0.6917,700000,2634,1599,2283
chr6,700000,0.922267,0.666,710000,1724,1126,1847
chr6,710000,0.901517,0.613,720000,1245,874,1339
chr6,720000,1,0.6845,730000,2266,1405,2365
chr6,730000,1,0.6434,740000,1655,1094,1684
chr6,740000,1,0.6352,750000,1606,1105,1599
chr6,750000,1,0.6181,760000,1417,1054,1508
chr6,760000,1,0.6041,770000,1137,910,1227
chr6,770000,1,0.5874,780000,1146,885,1229
chr6,780000,1,0.6251,790000,1339,975,1481
chr6,790000,0.9988,0.6672,800000,1763,1209,1951
chr6,800000,1,0.6196,810000,1391,1104,1549
chr6,810000,1,0.6267,820000,1582,1180,1609
chr6,820000,1,0.6011,830000,1324,1040,1359
chr6,830000,1,0.6246,840000,1569,1130,1586
chr6,840000,1,0.6295,850000,1570,1148,1690
chr6,850000,0.99735,0.6695,860000,2224,1524,2373
chr6,860000,0.99545,0.6884,870000,2027,1312,2275
chr6,870000,0.98725,0.6462,880000,1760,1097,1911
chr6,880000,0.99935,0.6306,890000,1588,1045,1671
chr6,890000,1,0.6311,900000,1570,1204,1720
chr6,900000,0.896138,0.6818,910000,1828,1096,2089
chr6,910000,0.7925,0.6059,920000,738,612,802
chr6,920000,0.998181,0.7085,930000,2205,1422,2501
chr6,930000,1,0.5917,940000,1267,928,1324
chr6,940000,0.976894,0.6452,950000,1600,1025,1815
chr6,950000,1,0.6524,960000,1626,1125,1823
chr6,960000,1,0.6184,970000,1471,1088,1635
chr6,970000,1,0.6562,980000,1876,1308,2045
chr6,980000,1,0.6428,990000,1746,1182,1788
chr6,990000,0.9546,0.699,1000000,2110,1265,2265
chr6,1000000,0.8859,0.7851,1010000,2389,1315,2883
chr6,1010000,0.9994,0.6471,1020000,1547,1052,1696
chr6,1020000,1,0.6325,1030000,1469,1034,1470
chr6,1030000,0.670383,0.6084,1040000,716,634,729
chr6,1040000,0.913767,0.631,1050000,1395,970,1355
chr6,1050000,0.9932,0.6578,1060000,1662,1117,1732
chr6,1060000,0.988283,0.657,1070000,1571,1063,1649
chr6,1070000,0.987324,0.6297,1080000,1590,1069,1681
chr6,1080000,1,0.6475,1090000,1832,1247,1825
chr6,1090000,0.989618,0.6707,1100000,2065,1325,2171
chr6,1100000,1,0.6294,1110000,1476,995,1467
chr6,1110000,0.81571,0.6396,1120000,1298,826,1578
chr6,1120000,1,0.644,1130000,1547,1118,1705
chr6,1130000,0.99615,0.6477,1140000,1749,1151,1882
chr6,1140000,0.971843,0.6635,1150000,1836,1216,2099
chr6,1150000,0.99863,0.684,1160000,2013,1189,2199
chr6,1160000,1,0.6505,1170000,1745,1252,1828
chr6,1170000,0.987846,0.6687,1180000,1926,1247,2039
chr6,1180000,0.935086,0.6321,1190000,1558,1092,1747
chr6,1190000,1,0.6385,1200000,1514,1044,1511
chr6,1200000,1,0.6686,1210000,1862,1234,2070
chr6,1210000,1,0.6906,1220000,1898,1224,2091
chr6,1220000,0.988778,0.6729,1230000,1922,1159,2067
chr6,1230000,0.835641,0.6183,1240000,1251,753,1387
chr6,1240000,1,0.6402,1250000,1593,1144,1624
chr6,1250000,1,0.6405,1260000,1568,1088,1601
chr6,1260000,1,0.6666,1270000,2031,1254,1994
chr6,1270000,1,0.6545,1280000,1812,1256,1938
chr6,1280000,1,0.6338,1290000,1468,1033,1619
chr6,1290000,0.959633,0.6675,1300000,1666,1124,1917
chr6,1300000,1,0.6287,1310000,1574,1102,1650
chr6,1310000,0.972568,0.619,1320000,1460,970,1664
chr6,1320000,1,0.6569,1330000,1914,1206,1964
chr6,1330000,1,0.6372,1340000,1769,1118,1871
chr6,1340000,0.9972,0.6308,1350000,1521,1053,1691
chr6,1350000,1,0.6685,1360000,1900,1257,2034
chr6,1360000,1,0.6384,1370000,1534,1005,1684
chr6,1370000,1,0.6156,1380000,1389,1076,1478
chr6,1380000,0.965267,0.6501,1390000,1651,1126,1720
chr6,1390000,0.902242,0.6336,1400000,1294,886,1352
chr6,1400000,0.985623,0.6396,1410000,1575,1010,1725
chr6,1410000,1,0.6046,1420000,1261,917,1414
chr6,1420000,0.995967,0.6785,1430000,1869,1365,2038
chr6,1430000,1,0.6616,1440000,1643,965,1785
chr6,1440000,1,0.5983,1450000,1154,836,1362
chr6,1450000,1,0.6067,1460000,1495,1120,1506
chr6,1460000,1,0.6658,1470000,1943,1264,2080
chr6,1470000,1,0.6306,1480000,1470,1004,1556
chr6,1480000,0.901223,0.6784,1490000,1601,999,1714
chr6,1490000,0.97286,0.6829,1500000,1924,1297,2048
chr6,1500000,0.9897,0.6107,1510000,1138,810,1328
chr6,1510000,1,0.6374,1520000,1505,1084,1645
chr6,1520000,1,0.6596,1530000,1780,1180,1935
chr6,1530000,1,0.6547,1540000,1479,964,1619
chr6,1540000,1,0.6337,1550000,1640,1081,1651
chr6,1550000,0.895395,0.6326,1560000,1360,896,1594
chr6,1560000,0.886444,0.6204,1570000,1333,883,1496
chr6,1570000,1,0.6395,1580000,1458,1054,1703
chr6,1580000,1,0.6209,1590000,1257,869,1434
chr6,1590000,1,0.5975,1600000,1268,949,1350
chr6,1600000,0.967085,0.6036,1610000,1375,989,1392
chr6,1610000,0.82025,0.6214,1620000,820,558,944
chr6,1620000,0.998817,0.6281,1630000,1287,845,1469
chr6,1630000,0.99525,0.6517,1640000,1617,1128,1810
chr6,1640000,0.817636,0.6389,1650000,1053,698,1179
chr6,1650000,0.9902,0.6376,1660000,1565,1101,1699
chr6,1660000,1,0.6108,1670000,1414,1065,1505
chr6,1670000,0.994133,0.649,1680000,1670,1174,1887
chr6,1680000,0.978918,0.6415,1690000,1628,1111,1810
chr6,1690000,1,0.6172,1700000,1499,1059,1510
chr6,1700000,0.95586,0.6573,1710000,1607,1088,1804
chr6,1710000,1,0.645,1720000,1621,1190,1797
chr6,1720000,0.95597,0.6705,1730000,1752,1105,1829
chr6,1730000,0.99595,0.647,1740000,1745,1117,1857
chr6,1740000,1,0.6072,1750000,1301,860,1382
chr6,1750000,0.997667,0.6114,1760000,1332,1002,1328
chr6,1760000,0.963317,0.6239,1770000,1281,855,1433
chr6,1770000,1,0.5994,1780000,1250,881,1364
chr6,1780000,0.709467,0.6817,1790000,26998,24956,31772
chr6,1790000,0.874283,0.6528,1800000,27704,25228,30840
chr6,1800000,1,0.6191,1810000,1359,993,1503
chr6,1810000,1,0.6499,1820000,1552,1234,1649
chr6,1820000,0.965242,0.6724,1830000,1965,1313,2109
chr6,1830000,0.90465,0.6476,1840000,1182,794,1381
chr6,1840000,0.901377,0.6301,1850000,1249,898,1349
chr6,1850000,1,0.6527,1860000,1727,1161,1727
chr6,1860000,1,0.6327,1870000,1579,1089,1555
chr6,1870000,1,0.6024,1880000,1344,1038,1472
chr6,1880000,1,0.6215,1890000,1417,983,1560
chr6,1890000,1,0.6044,1900000,1424,948,1503
chr6,1900000,0.993613,0.6492,1910000,1709,1165,1896
chr6,1910000,0.8522,0.6318,1920000,1157,722,1385
chr6,1920000,0.99235,0.6449,1930000,1638,1117,1839
chr6,1930000,0.85985,0.6142,1940000,1199,771,1255
chr6,1940000,1,0.6641,1950000,1753,1228,1948
chr6,1950000,1,0.6374,1960000,1660,1129,1661
chr6,1960000,1,0.6415,1970000,1746,1150,1814
chr6,1970000,0.993533,0.6396,1980000,1940,1309,2348
chr6,1980000,0.972,0.6076,1990000,1211,840,1372
chr6,1990000,1,0.6025,2000000,1298,983,1346
chr6,2000000,1,0.6111,2010000,1301,930,1381
chr6,2010000,1,0.6318,2020000,1246,848,1370
chr6,2020000,1,0.6141,2030000,1419,1071,1496
chr6,2030000,1,0.6507,2040000,1704,1159,1828
chr6,2040000,1,0.6695,2050000,1952,1239,2120
chr6,2050000,0.9039,0.6165,2060000,1218,887,1395
chr6,2060000,1,0.5955,2070000,1324,941,1268
chr6,2070000,0.988452,0.676,2080000,1902,1224,2117
chr6,2080000,1,0.6571,2090000,1881,1233,2000
chr6,2090000,1,0.6143,2100000,1461,1017,1593
chr6,2100000,1,0.6358,2110000,1303,988,1396
chr6,2110000,1,0.6481,2120000,1613,997,1754
chr6,2120000,0.99785,0.6349,2130000,1601,1126,1797
chr6,2130000,0.984567,0.6523,2140000,1698,1151,1830
chr6,2140000,0.967842,0.6134,2150000,1370,915,1571
chr6,2150000,0.99708,0.6065,2160000,1269,879,1502
chr6,2160000,0.993275,0.6436,2170000,1503,969,1600
chr6,2170000,1,0.6397,2180000,1473,1061,1572
chr6,2180000,1,0.6057,2190000,1276,973,1349
chr6,2190000,0.995117,0.6455,2200000,1740,1100,1857
chr6,2200000,0.964367,0.6208,2210000,1332,972,1523
chr6,2210000,0.9943,0.6829,2220000,2016,1218,2160
chr6,2220000,1,0.6523,2230000,1794,1144,1958
chr6,2230000,1,0.6244,2240000,1334,946,1456
chr6,2240000,1,0.628,2250000,1525,1072,1617
chr6,2250000,0.99995,0.6303,2260000,1678,1160,1650
chr6,2260000,0.9991,0.6325,2270000,1673,1197,1859
chr6,2270000,1,0.6139,2280000,1358,1036,1378
chr6,2280000,1,0.6362,2290000,1661,1032,1659
chr6,2290000,0.982967,0.6517,2300000,1724,1065,1787
chr6,2300000,0.884245,0.6234,2310000,1297,923,1467
chr6,2310000,0.976417,0.6848,2320000,1918,1199,2052
chr6,2320000,1,0.6456,2330000,1631,1115,1726
chr6,2330000,1,0.6701,2340000,1785,1158,1910
chr6,2340000,0.9688,0.6733,2350000,1915,1188,2028
chr6,2350000,1,0.6234,2360000,1474,1105,1563
chr6,2360000,1,0.6332,2370000,1489,1112,1637
chr6,2370000,0.994575,0.6176,2380000,1647,1165,1880
chr6,2380000,1,0.6473,2390000,1740,1157,1854
chr6,2390000,0.992467,0.602,2400000,1156,898,1183
chr6,2400000,0.9412,0.6248,2410000,1555,1146,1532
chr6,2410000,0.9978,0.6101,2420000,1646,1171,1557
chr6,2420000,0.999267,0.6551,2430000,1856,1232,2025
chr6,2430000,0.97405,0.6354,2440000,1458,1027,1562
chr6,2440000,0.939161,0.6844,2450000,1717,1032,1950
chr6,2450000,1,0.6532,2460000,1772,1150,1748
chr6,2460000,1,0.6251,2470000,1498,1110,1548
chr6,2470000,1,0.6348,2480000,1636,1156,1739
chr6,2480000,1,0.6362,2490000,1407,984,1547
chr6,2490000,1,0.6495,2500000,1717,1144,1705
chr6,2500000,0.9912,0.6245,2510000,1551,1042,1684
chr6,2510000,0.9582,0.6315,2520000,1395,904,1420
chr6,2520000,1,0.6269,2530000,1567,1095,1540
chr6,2530000,0.990301,0.6832,2540000,1981,1288,2175
chr6,2540000,0.9915,0.6628,2550000,1764,1200,1945
chr6,2550000,0.9884,0.619,2560000,1769,1329,1614
chr6,2560000,1,0.6724,2570000,1852,1318,1983
chr6,2570000,0.991973,0.655,2580000,1493,1067,1783
chr6,2580000,1,0.6143,2590000,1124,790,1228
chr6,2590000,1,0.6471,2600000,1620,1142,1722
chr6,2600000,0.9925,0.6142,2610000,1381,1119,1526
chr6,2610000,0.984082,0.6347,2620000,1561,939,1633
chr6,2620000,1,0.6171,2630000,1236,861,1423
chr6,2630000,0.991617,0.6723,2640000,1862,1154,1990
chr6,2640000,1,0.6357,2650000,1494,1083,1552
chr6,2650000,0.955967,0.6678,2660000,1827,1092,1883
chr6,2660000,0.871683,0.619,2670000,1221,785,1336
chr6,2670000,1,0.6266,2680000,1573,1153,1689
chr6,2680000,0.9982,0.6215,2690000,1501,1031,1609
chr6,2690000,1,0.581,2700000,1320,975,1340
chr6,2700000,1,0.6232,2710000,1513,1039,1726
chr6,2710000,0.9441,0.6231,2720000,1288,979,1327
chr6,2720000,1,0.6465,2730000,1780,1205,1743
chr6,2730000,0.98694,0.6994,2740000,2036,1288,2303
chr6,2740000,1,0.7112,2750000,2171,1280,2132
chr6,2750000,0.978953,0.6905,2760000,1812,1232,2033
chr6,2760000,0.9491,0.6181,2770000,1493,977,1700
chr6,2770000,1,0.6121,2780000,1459,1030,1515
chr6,2780000,1,0.6255,2790000,1456,1077,1588
chr6,2790000,1,0.6291,2800000,1594,1133,1558
chr6,2800000,1,0.6542,2810000,1751,1221,1853
chr6,2810000,1,0.6756,2820000,1991,1304,1926
chr6,2820000,0.9441,0.648,2830000,1563,1033,1678
chr6,2830000,0.997933,0.6591,2840000,1998,1157,2160
chr6,2840000,1,0.634,2850000,1579,1138,1622
chr6,2850000,1,0.6155,2860000,1348,989,1477
chr6,2860000,0.99975,0.654,2870000,1856,1320,1947
chr6,2870000,1,0.6477,2880000,1811,1367,1870
chr6,2880000,0.99685,0.6654,2890000,1880,1177,1882
chr6,2890000,0.9649,0.6239,2900000,1472,983,1757
chr6,2900000,1,0.6153,2910000,1407,924,1514
chr6,2910000,1,0.616,2920000,1554,1088,1430
chr6,2920000,1,0.6384,2930000,1575,1174,1667
chr6,2930000,1,0.641,2940000,1894,1513,2013
chr6,2940000,1,0.6581,2950000,1776,1207,1792
chr6,2950000,0.737761,0.6292,2960000,1302,804,1509
chr6,2960000,0.8249,0.6514,2970000,1509,921,1612
chr6,2970000,0.900762,0.6172,2980000,1279,931,1355
chr6,2980000,1,0.5738,2990000,1042,765,1233
chr6,2990000,0.929152,0.6495,3000000,1634,1107,1704
chr6,3000000,1,0.6612,3010000,1704,1119,1908
chr6,3010000,1,0.6248,3020000,1590,1081,1602
chr6,3020000,1,0.6443,3030000,1745,1147,1975
chr6,3030000,1,0.6197,3040000,1454,1048,1540
chr6,3040000,1,0.634,3050000,1571,1145,1591
chr6,3050000,1,0.6065,3060000,1242,939,1298
chr6,3060000,1,0.6025,3070000,989,719,1019
chr6,3070000,0.993642,0.6453,3080000,1478,1058,1637
chr6,3080000,0.966545,0.6638,3090000,1667,1085,1936
chr6,3090000,0.9987,0.6528,3100000,1773,1225,1824
chr6,3100000,0.99925,0.6285,3110000,1482,1133,1535
chr6,3110000,1,0.6482,3120000,1626,1148,1722
chr6,3120000,1,0.6118,3130000,1406,995,1441
chr6,3130000,1,0.6509,3140000,1707,1197,1759
chr6,3140000,0.976508,0.6499,3150000,1874,1244,1918
chr6,3150000,0.970133,0.6867,3160000,1988,1177,2166
chr6,3160000,1,0.6425,3170000,1666,1176,1768
chr6,3170000,1,0.6089,3180000,1453,1039,1442
chr6,3180000,0.975207,0.6231,3190000,1548,1057,1550
chr6,3190000,0.937688,0.6542,3200000,1575,1024,1759
chr6,3200000,1,0.6038,3210000,1386,996,1504
chr6,3210000,1,0.6207,3220000,1379,936,1444
chr6,3220000,0.9995,0.6232,3230000,1254,1245,1761
chr6,3230000,1,0.6515,3240000,1428,1422,2030
chr6,3240000,1,0.6496,3250000,1460,1431,2005
chr6,3250000,1,0.6132,3260000,972,1036,1483
chr6,3260000,0.96565,0.6091,3270000,1084,1298,1489
chr6,3270000,0.99585,0.6219,3280000,1022,1169,1683
chr6,3280000,1,0.6039,3290000,1013,1139,1573
chr6,3290000,1,0.6169,3300000,890,925,1484
chr6,3300000,1,0.6016,3310000,459,475,721
chr6,3310000,1,0.6222,3320000,1000,1078,1569
chr6,3320000,1,0.6198,3330000,844,893,1290
chr6,3330000,0.9996,0.6057,3340000,794,782,1231
chr6,3340000,1,0.615,3350000,939,1090,1466
chr6,3350000,1,0.5968,3360000,793,822,1189
chr6,3360000,0.987477,0.6216,3370000,943,970,1542
chr6,3370000,0.988283,0.6432,3380000,1100,1132,1783
chr6,3380000,0.99535,0.5884,3390000,789,934,1240
chr6,3390000,0.99535,0.6258,3400000,1091,1127,1677
chr6,3400000,1,0.6183,3410000,911,973,1493
chr6,3410000,0.986658,0.6393,3420000,1069,1151,1804
chr6,3420000,0.98855,0.6414,3430000,1107,1167,1597
chr6,3430000,0.98855,0.6118,3440000,836,898,1437
chr6,3440000,1,0.5999,3450000,982,933,1627
chr6,3450000,0.99635,0.6517,3460000,1098,1173,1715
chr6,3460000,0.9804,0.6313,3470000,932,988,1556
chr6,3470000,1,0.609,3480000,924,1000,1393
chr6,3480000,1,0.6185,3490000,943,1038,1510
chr6,3490000,1,0.6246,3500000,916,1016,1526
chr6,3500000,1,0.6184,3510000,934,981,1447
chr6,3510000,1,0.627,3520000,1045,1067,1613
chr6,3520000,0.99305,0.6334,3530000,1167,1228,1941
chr6,3530000,0.980483,0.6506,3540000,1146,1210,1911
chr6,3540000,1,0.6348,3550000,1064,1151,1759
chr6,3550000,0.949803,0.6445,3560000,1159,1067,1749
chr6,3560000,1,0.6244,3570000,1003,1004,1422
chr6,3570000,0.952995,0.6252,3580000,950,966,1552
chr6,3580000,0.751947,0.653,3590000,591,602,952
chr6,3590000,0.49697,0.6377,3600000,1,0,7
chr6,3600000,0.517358,0.6962,3610000,229,184,384
chr6,3610000,0.511287,0.6468,3620000,39,30,86
chr6,3620000,0.506958,0.6748,3630000,177,145,358
chr6,3630000,0.900062,0.6782,3640000,1216,1108,2050
chr6,3640000,1,0.6398,3650000,1078,1108,1713
chr6,3650000,1,0.5937,3660000,828,1056,1403
chr6,3660000,1,0.6094,3670000,953,1047,1425
chr6,3670000,0.994033,0.6946,3680000,1340,1219,2209
chr6,3680000,1,0.6172,3690000,959,1093,1467
chr6,3690000,0.960357,0.5945,3700000,1010,1012,1635
chr6,3700000,0.89965,0.6235,3710000,767,761,1454
chr6,3710000,1,0.6491,3720000,1096,1142,1714
chr6,3720000,1,0.624,3730000,1021,1068,1603
chr6,3730000,1,0.6353,3740000,928,1022,1613
chr6,3740000,0.99165,0.6226,3750000,964,1007,1650
chr6,3750000,0.9959,0.6214,3760000,1098,1049,1564
chr6,3760000,1,0.6216,3770000,983,1081,1637
chr6,3770000,0.9985,0.6781,3780000,1296,1229,2180
chr6,3780000,0.99835,0.6658,3790000,1263,1220,1922
chr6,3790000,0.959267,0.6399,3800000,1052,1111,1799
chr6,3800000,0.992883,0.6161,3810000,952,974,1490
chr6,3810000,1,0.6441,3820000,1108,1246,1767
chr6,3820000,1,0.616,3830000,940,1068,1522
chr6,3830000,0.9872,0.6416,3840000,1109,1106,1794
chr6,3840000,0.771501,0.6213,3850000,779,719,1356
chr6,3850000,0.99335,0.6469,3860000,2997,4747,3713
chr6,3860000,0.998833,0.6763,3870000,1385,1278,2256
chr6,3870000,0.96785,0.6446,3880000,1073,1062,1794
chr6,3880000,0.988383,0.6356,3890000,1361,1344,1819
chr6,3890000,0.988133,0.6589,3900000,1224,1245,1989
chr6,3900000,1,0.6505,3910000,1163,1100,1774
chr6,3910000,0.960633,0.609,3920000,852,873,1349
chr6,3920000,1,0.6389,3930000,946,934,1511
chr6,3930000,0.9998,0.6405,3940000,987,1081,1586
chr6,3940000,1,0.6461,3950000,1141,1131,1893
chr6,3950000,1,0.6608,3960000,1221,1224,1975
chr6,3960000,0.848067,0.6624,3970000,911,850,1448
chr6,3970000,0.86155,0.6505,3980000,918,957,1368
chr6,3980000,1,0.5932,3990000,867,918,1327
chr6,3990000,0.99995,0.6614,4000000,1296,1329,2136
chr6,4000000,1,0.6537,4010000,1247,1254,1991
chr6,4010000,0.9965,0.6346,4020000,1008,1149,1653
chr6,4020000,1,0.6186,4030000,911,1058,1472
chr6,4030000,1,0.6422,4040000,1077,1192,1770
chr6,4040000,0.990313,0.6874,4050000,1383,1202,2105
chr6,4050000,1,0.6283,4060000,1041,1110,1694
chr6,4060000,1,0.5921,4070000,791,909,1343
chr6,4070000,1,0.625,4080000,1053,1085,1769
chr6,4080000,0.962143,0.653,4090000,1155,1017,1937
chr6,4090000,0.95485,0.6515,4100000,1134,1145,1705
chr6,4100000,0.9836,0.6048,4110000,1278,1369,1796
chr6,4110000,1,0.6364,4120000,917,1014,1450
chr6,4120000,0.9979,0.6205,4130000,964,1005,1587
chr6,4130000,1,0.6062,4140000,869,994,1410
chr6,4140000,0.981213,0.6519,4150000,1043,1058,1906
chr6,4150000,1,0.6033,4160000,932,1053,1383
chr6,4160000,0.997283,0.6236,4170000,1268,1416,1753
chr6,4170000,1,0.6011,4180000,1186,1286,1634
chr6,4180000,1,0.6162,4190000,980,1089,1454
chr6,4190000,1,0.6136,4200000,984,1105,1547
chr6,4200000,0.980743,0.6229,4210000,1131,1073,1673
chr6,4210000,1,0.6453,4220000,1096,1128,1948
chr6,4220000,0.997767,0.662,4230000,1254,1238,2109
chr6,4230000,1,0.6534,4240000,1143,1180,1895
chr6,4240000,0.99945,0.6535,4250000,1161,1216,1793
chr6,4250000,1,0.6524,4260000,1102,1171,1815
chr6,4260000,1,0.6449,4270000,1034,1219,1705
chr6,4270000,1,0.6103,4280000,870,863,1422
chr6,4280000,1,0.6578,4290000,1175,1175,2020
chr6,4290000,1,0.6602,4300000,1202,1221,1808
chr6,4300000,1,0.6795,4310000,1386,1360,2220
chr6,4310000,1,0.6273,4320000,986,1052,1549
chr6,4320000,1,0.6455,4330000,1142,1187,1860
chr6,4330000,0.9865,0.6676,4340000,1221,1227,1823
chr6,4340000,0.9993,0.6145,4350000,753,742,1119
chr6,4350000,0.9993,0.6535,4360000,1189,1160,1834
chr6,4360000,1,0.6223,4370000,1010,1117,1597
chr6,4370000,1,0.6077,4380000,1054,1218,1542
chr6,4380000,1,0.6416,4390000,1267,1264,1791
chr6,4390000,0.955017,0.6707,4400000,1208,1114,1933
chr6,4400000,1,0.6153,4410000,800,895,1330
chr6,4410000,1,0.6218,4420000,939,998,1449
chr6,4420000,1,0.6481,4430000,1100,1225,1736
chr6,4430000,1,0.6143,4440000,879,998,1414
chr6,4440000,0.99735,0.6711,4450000,1215,1163,1927
chr6,4450000,1,0.6338,4460000,1076,1071,1641
chr6,4460000,1,0.6147,4470000,971,989,1457
chr6,4470000,1,0.672,4480000,1230,1265,1999
chr6,4480000,0.998883,0.6428,4490000,1053,1000,1588
chr6,4490000,0.9558,0.662,4500000,1142,1028,1998
chr6,4500000,1,0.6069,4510000,817,1013,1364
chr6,4510000,1,0.6766,4520000,1381,1271,2143
chr6,4520000,0.99595,0.6704,4530000,1239,1210,1973
chr6,4530000,1,0.6297,4540000,1011,1056,1628
chr6,4540000,0.989808,0.704,4550000,1468,1315,2304
chr6,4550000,0.955279,0.6921,4560000,1313,1274,2286
chr6,4560000,1,0.6137,4570000,842,892,1299
chr6,4570000,0.99865,0.6202,4580000,726,717,1205
chr6,4580000,1,0.6074,4590000,818,869,1308
chr6,4590000,1,0.624,4600000,1102,1163,1642
chr6,4600000,1,0.6596,4610000,1176,1241,1833
chr6,4610000,0.979917,0.6354,4620000,962,1030,1581
chr6,4620000,0.958955,0.6251,4630000,931,978,1641
chr6,4630000,1,0.6271,4640000,909,1045,1510
chr6,4640000,1,0.6455,4650000,1069,1154,1756
chr6,4650000,0.990663,0.6716,4660000,1294,1243,2079
chr6,4660000,0.9985,0.6515,4670000,1150,1215,1778
chr6,4670000,0.977587,0.7319,4680000,1691,1333,2753
chr6,4680000,0.99845,0.6564,4690000,1153,1162,1724
chr6,4690000,0.9975,0.6649,4700000,1278,1161,2036
chr6,4700000,1,0.6081,4710000,901,1030,1513
chr6,4710000,0.98491,0.6468,4720000,1202,1189,1818
chr6,4720000,0.962348,0.6982,4730000,1229,1182,2025
chr6,4730000,1,0.6242,4740000,901,971,1543
chr6,4740000,1,0.6167,4750000,958,1072,1601
chr6,4750000,0.99815,0.6178,4760000,1025,1081,1623
chr6,4760000,1,0.6351,4770000,1093,1141,1642
chr6,4770000,0.9846,0.6233,4780000,1101,1078,1888
chr6,4780000,1,0.6025,4790000,744,829,1234
chr6,4790000,0.995582,0.6563,4800000,1210,1190,2068
chr6,4800000,0.9994,0.6136,4810000,889,951,1306
chr6,4810000,0.993327,0.6666,4820000,1169,1132,1972
chr6,4820000,0.996717,0.6266,4830000,1448,1338,1791
chr6,4830000,0.9998,0.6307,4840000,962,1137,1490
chr6,4840000,1,0.6293,4850000,1005,1111,1554
chr6,4850000,1,0.6167,4860000,896,993,1467
chr6,4860000,1,0.6106,4870000,782,825,1347
chr6,4870000,1,0.6445,4880000,1040,1032,1644
chr6,4880000,1,0.6151,4890000,951,1055,1501
chr6,4890000,1,0.6718,4900000,1432,1478,2277
chr6,4900000,1,0.6087,4910000,806,940,1424
chr6,4910000,1,0.6129,4920000,986,1115,1585
chr6,4920000,1,0.6596,4930000,1210,1225,1926
chr6,4930000,1,0.6424,4940000,981,1081,1706
chr6,4940000,0.996817,0.6258,4950000,986,1113,1636
chr6,4950000,0.976652,0.6485,4960000,1092,1180,1872
chr6,4960000,1,0.6118,4970000,800,834,1281
chr6,4970000,1,0.6254,4980000,835,937,1478
chr6,4980000,1,0.605,4990000,791,849,1318
chr6,4990000,1,0.6198,5000000,976,1055,1476
chr6,5000000,1,0.6324,5010000,1017,1091,1663
chr6,5010000,1,0.6536,5020000,1158,1170,1817
chr6,5020000,1,0.6322,5030000,1058,1139,1620
chr6,5030000,1,0.6293,5040000,1044,1087,1632
chr6,5040000,0.998808,0.6586,5050000,1272,1193,1912
chr6,5050000,0.921767,0.6874,5060000,1278,1153,2092
chr6,5060000,0.985125,0.7041,5070000,1434,1372,2315
chr6,5070000,1,0.6734,5080000,1284,1214,2041
chr6,5080000,1,0.6205,5090000,1052,1192,1654
chr6,5090000,1,0.6405,5100000,1068,1179,1706
chr6,5100000,1,0.6853,5110000,1365,1244,2226
chr6,5110000,1,0.6659,5120000,1230,1226,1953
chr6,5120000,1,0.6016,5130000,838,937,1254
chr6,5130000,1,0.6202,5140000,956,1028,1492
chr6,5140000,0.99315,0.6769,5150000,1322,1220,2062
chr6,5150000,0.980133,0.6519,5160000,1230,1163,2030
chr6,5160000,0.928327,0.5724,5170000,697,725,1314
chr6,5170000,0.935864,0.5968,5180000,828,902,1450
chr6,5180000,1,0.5877,5190000,834,909,1275
chr6,5190000,1,0.6063,5200000,787,945,1349
chr6,5200000,1,0.6256,5210000,1022,1159,1581
chr6,5210000,1,0.6187,5220000,901,1049,1427
chr6,5220000,1,0.5832,5230000,851,943,1337
chr6,5230000,1,0.6048,5240000,800,854,1316
chr6,5240000,1,0.6289,5250000,1030,1046,1575
chr6,5250000,1,0.593,5260000,789,931,1309
chr6,5260000,1,0.6204,5270000,1028,1150,1592
chr6,5270000,1,0.5804,5280000,818,942,1219
chr6,5280000,0.9996,0.614,5290000,876,941,1433
chr6,5290000,1,0.6073,5300000,848,941,1337
chr6,5300000,1,0.6219,5310000,970,1146,1594
chr6,5310000,1,0.6287,5320000,1077,1168,1581
chr6,5320000,1,0.6498,5330000,1229,1181,1804
chr6,5330000,0.9991,0.6262,5340000,1138,1133,1966
chr6,5340000,0.998258,0.6411,5350000,1139,1256,1787
chr6,5350000,1,0.6546,5360000,1165,1262,1901
chr6,5360000,1,0.6113,5370000,1031,1149,1534
chr6,5370000,1,0.6115,5380000,959,976,1575
chr6,5380000,1,0.6128,5390000,911,1017,1513
chr6,5390000,1,0.6107,5400000,839,973,1468
chr6,5400000,1,0.6145,5410000,842,921,1426
chr6,5410000,1,0.6198,5420000,919,972,1491
chr6,5420000,1,0.6179,5430000,981,1050,1604
chr6,5430000,0.9949,0.6187,5440000,1248,1423,1796
chr6,5440000,0.968733,0.6151,5450000,1049,1058,1672
chr6,5450000,1,0.6178,5460000,974,1091,1529
chr6,5460000,0.932969,0.6591,5470000,1317,1143,2165
chr6,5470000,0.995675,0.6521,5480000,1479,1440,2079
chr6,5480000,1,0.6101,5490000,975,962,1547
chr6,5490000,1,0.6283,5500000,1025,1064,1634
chr6,5500000,1,0.6547,5510000,958,899,1527
chr6,5510000,1,0.6037,5520000,956,1006,1470
chr6,5520000,0.9996,0.623,5530000,1019,1068,1639
chr6,5530000,1,0.6068,5540000,949,1044,1476
chr6,5540000,1,0.6758,5550000,1340,1281,2002
chr6,5550000,0.990117,0.6399,5560000,1145,1149,1770
chr6,5560000,0.96453,0.666,5570000,1283,1193,2156
chr6,5570000,1,0.679,5580000,1244,1163,2002
chr6,5580000,1,0.628,5590000,1034,1080,1727
chr6,5590000,0.961983,0.6459,5600000,1124,1111,1751
chr6,5600000,1,0.6473,5610000,1176,1207,1958
chr6,5610000,0.9997,0.6573,5620000,1285,1269,2070
chr6,5620000,1,0.6232,5630000,923,1120,1543
chr6,5630000,0.631308,0.5376,5640000,416,474,737
chr6,5640000,0.62013,0.5535,5650000,483,532,853
chr6,5650000,0.941301,0.6134,5660000,897,875,1548
chr6,5660000,1,0.6194,5670000,915,937,1405
chr6,5670000,1,0.6058,5680000,888,939,1310
chr6,5680000,1,0.6351,5690000,931,1106,1580
chr6,5690000,1,0.6337,5700000,935,1028,1461
chr6,5700000,1,0.6844,5710000,1327,1321,1975
chr6,5710000,1,0.64,5720000,991,1048,1696
chr6,5720000,0.99735,0.6652,5730000,1196,1192,2093
chr6,5730000,0.746633,0.6571,5740000,956,844,1519
chr6,5740000,0.815933,0.6198,5750000,789,699,1294
chr6,5750000,0.968517,0.6172,5760000,840,881,1326
chr6,5760000,1,0.6239,5770000,915,1014,1481
chr6,5770000,1,0.6177,5780000,1121,1081,1752
chr6,5780000,1,0.6421,5790000,1228,1245,1884
chr6,5790000,0.971283,0.622,5800000,986,949,1533
chr6,5800000,1,0.6358,5810000,1122,1072,1780
chr6,5810000,1,0.636,5820000,1154,1159,1753
chr6,5820000,1,0.6309,5830000,1045,1055,1800
chr6,5830000,0.99325,0.6659,5840000,1239,1238,2014
chr6,5840000,1,0.6182,5850000,942,1020,1606
chr6,5850000,0.946802,0.6533,5860000,1172,1112,1725
chr6,5860000,0.472665,0.6191,5870000,323,405,566
chr6,5870000,1,0.6218,5880000,975,1066,1568
chr6,5880000,0.975654,0.6602,5890000,1107,1030,1827
chr6,5890000,0.990495,0.6321,5900000,1326,1306,2132
chr6,5900000,1,0.6737,5910000,1243,1202,2036
chr6,5910000,0.893327,0.697,5920000,1017,1076,1750
chr6,5920000,0.836712,0.6845,5930000,1044,944,1558
chr6,5930000,1,0.6515,5940000,1059,1160,1690
chr6,5940000,1,0.6262,5950000,1094,1123,1948
chr6,5950000,0.998,0.6836,5960000,1292,1384,2242
chr6,5960000,1,0.6377,5970000,1016,1143,1711
chr6,5970000,1,0.6415,5980000,1069,1264,1796
chr6,5980000,1,0.6423,5990000,1025,1082,1634
chr6,5990000,0.935095,0.6959,6000000,1334,1262,2282
chr6,6000000,0.9991,0.6263,6010000,1104,1196,1774
chr6,6010000,0.9979,0.6263,6020000,960,1039,1591
chr6,6020000,0.9981,0.605,6030000,925,983,1528
chr6,6030000,0.985833,0.6602,6040000,1138,1214,2049
chr6,6040000,1,0.6115,6050000,946,1000,1478
chr6,6050000,0.99955,0.6351,6060000,1056,1136,1740
chr6,6060000,0.994167,0.5989,6070000,873,1019,1361
chr6,6070000,1,0.6299,6080000,846,796,1338
chr6,6080000,0.9999,0.6555,6090000,1083,1034,1721
chr6,6090000,1,0.6517,6100000,1107,1050,1713
chr6,6100000,0.919618,0.6515,6110000,1077,1029,1784
chr6,6110000,1,0.6357,6120000,1093,1202,1790
chr6,6120000,0.929834,0.6318,6130000,977,1070,1680
chr6,6130000,0.884367,0.6346,6140000,861,889,1372
chr6,6140000,0.803438,0.6462,6150000,998,971,1550
chr6,6150000,0.759475,0.6224,6160000,1036,1028,1321
chr6,6160000,1,0.5885,6170000,665,804,1114
chr6,6170000,0.826455,0.6322,6180000,722,847,1264
chr6,6180000,0.613577,0.6411,6190000,446,530,770
chr6,6190000,0.971483,0.6362,6200000,1053,1082,1762
chr6,6200000,1,0.6712,6210000,1242,1250,1964
chr6,6210000,0.814367,0.652,6220000,830,815,1340
chr6,6220000,0.8051,0.6398,6230000,659,706,1172
chr6,6230000,1,0.651,6240000,1219,1207,1805
chr6,6240000,0.842283,0.6257,6250000,979,994,1532
chr6,6250000,0.994715,0.6755,6260000,1316,1332,2031
chr6,6260000,1,0.6086,6270000,787,883,1193
chr6,6270000,1,0.6115,6280000,1001,1057,1532
chr6,6280000,1,0.6295,6290000,1002,1138,1669
chr6,6290000,1,0.6492,6300000,1123,1183,1888
chr6,6300000,0.989933,0.6635,6310000,1227,1197,2041
chr6,6310000,1,0.6464,6320000,1053,1106,1815
chr6,6320000,0.979883,0.696,6330000,1383,1374,2382
chr6,6330000,0.998417,0.6469,6340000,1205,1167,1926
chr6,6340000,0.989476,0.6459,6350000,1064,1109,1826
chr6,6350000,0.996383,0.6516,6360000,1159,1193,1930
chr6,6360000,0.746198,0.5869,6370000,737,684,1118
chr6,6370000,1,0.6285,6380000,1019,1115,1579
chr6,6380000,1,0.652,6390000,1243,1276,1887
chr6,6390000,1,0.6297,6400000,1084,1094,1573
chr6,6400000,1,0.6297,6410000,1046,1087,1564
chr6,6410000,1,0.6185,6420000,1029,1069,1660
chr6,6420000,1,0.6213,6430000,963,1096,1533
chr6,6430000,1,0.6254,6440000,959,1067,1567
chr6,6440000,1,0.5991,6450000,818,973,1322
chr6,6450000,0.9943,0.6222,6460000,1167,1259,1511
chr6,6460000,1,0.6001,6470000,901,1062,1443
chr6,6470000,1,0.6274,6480000,1053,1109,1682
chr6,6480000,0.97985,0.6146,6490000,1088,1054,1719
chr6,6490000,1,0.6354,6500000,1038,1144,1828
chr6,6500000,1,0.6462,6510000,1130,1135,1800
chr6,6510000,1,0.6477,6520000,1107,1152,1703
chr6,6520000,1,0.7142,6530000,1454,1471,2436
chr6,6530000,0.992345,0.6769,6540000,1405,1368,2177
chr6,6540000,0.998867,0.684,6550000,1564,1585,2165
chr6,6550000,0.9999,0.6549,6560000,1147,1182,1925
chr6,6560000,1,0.6268,6570000,1009,1124,1554
chr6,6570000,1,0.6605,6580000,1216,1201,1858
chr6,6580000,1,0.6215,6590000,1015,1099,1599
chr6,6590000,0.93945,0.6297,6600000,903,909,1503
chr6,6600000,0.99865,0.6297,6610000,1090,1119,1654
chr6,6610000,1,0.636,6620000,1035,1158,1719
chr6,6620000,1,0.615,6630000,966,997,1570
chr6,6630000,1,0.6516,6640000,1065,1129,1620
chr6,6640000,1,0.6443,6650000,1199,1183,1976
chr6,6650000,1,0.6191,6660000,1015,1040,1624
chr6,6660000,0.99375,0.6173,6670000,1130,1135,1747
chr6,6670000,1,0.6127,6680000,853,1091,1437
chr6,6680000,1,0.6191,6690000,966,986,1482
chr6,6690000,1,0.6195,6700000,1069,1071,1631
chr6,6700000,1,0.602,6710000,828,946,1259
chr6,6710000,0.537717,0.6294,6720000,85,122,182
chr6,6720000,0.587333,0.6359,6730000,192,209,352
chr6,6730000,0.95745,0.6458,6740000,874,998,1491
chr6,6740000,0.9872,0.6104,6750000,823,898,1374
chr6,6750000,0.99275,0.6427,6760000,1133,1228,1723
chr6,6760000,0.974161,0.6574,6770000,1140,1118,2055
chr6,6770000,0.988874,0.6395,6780000,1295,1177,1981
chr6,6780000,0.999287,0.6679,6790000,1192,1250,1918
chr6,6790000,0.945017,0.6916,6800000,1718,1552,2529
chr6,6800000,0.986806,0.6807,6810000,1287,1207,2164
chr6,6810000,0.995983,0.6216,6820000,959,1003,1474
chr6,6820000,0.9971,0.6345,6830000,1069,1130,1627
chr6,6830000,0.968343,0.6663,6840000,1241,1203,2002
chr6,6840000,1,0.6263,6850000,954,1029,1544
chr6,6850000,0.986624,0.6536,6860000,1221,1268,1934
chr6,6860000,0.9629,0.5819,6870000,883,942,1438
chr6,6870000,0.9865,0.6084,6880000,887,931,1309
chr6,6880000,1,0.6593,6890000,1236,1254,1946
chr6,6890000,1,0.6776,6900000,1402,1298,2121
chr6,6900000,1,0.6672,6910000,1215,1198,1942
chr6,6910000,1,0.6219,6920000,1020,1178,1677
chr6,6920000,1,0.6178,6930000,937,1032,1485
chr6,6930000,1,0.6321,6940000,1091,1061,1679
chr6,6940000,0.993536,0.6733,6950000,1260,1308,2273
chr6,6950000,0.771548,0.64,6960000,759,676,1323
chr6,6960000,0.977036,0.6504,6970000,1184,1177,1948
chr6,6970000,1,0.6311,6980000,1067,1228,1712
chr6,6980000,0.99545,0.6086,6990000,863,1031,1400
chr6,6990000,1,0.647,7000000,1207,1182,1831
chr6,7000000,1,0.6373,7010000,1115,1139,1658
chr6,7010000,0.988619,0.652,7020000,1246,1214,2064
chr6,7020000,1,0.6027,7030000,857,963,1311
chr6,7030000,1,0.6552,7040000,1171,1226,1910
chr6,7040000,0.9973,0.6721,7050000,1227,1335,1951
chr6,7050000,1,0.6574,7060000,1058,1089,1809
chr6,7060000,1,0.6578,7070000,1277,1222,2002
chr6,7070000,0.98445,0.6493,7080000,1145,1192,1900
chr6,7080000,0.99325,0.6443,7090000,1204,1229,1973
chr6,7090000,0.994867,0.7004,7100000,1470,1386,2376
chr6,7100000,0.758117,0.6523,7110000,742,741,1276
chr6,7110000,0.983967,0.6535,7120000,1189,1109,1868
chr6,7120000,0.823775,0.6103,7130000,851,806,1432
chr6,7130000,0.992383,0.6384,7140000,1046,1207,1867
chr6,7140000,1,0.6243,7150000,792,819,1227
chr6,7150000,1,0.6325,7160000,1114,1185,1773
chr6,7160000,0.926285,0.6473,7170000,1127,1049,1950
chr6,7170000,1,0.6161,7180000,760,791,1271
chr6,7180000,1,0.6174,7190000,946,1061,1528
chr6,7190000,1,0.6118,7200000,1115,1163,1694
chr6,7200000,1,0.6434,7210000,1030,1158,1667
chr6,7210000,0.990077,0.6418,7220000,1111,1088,1826
chr6,7220000,0.9946,0.6206,7230000,940,1095,1473
chr6,7230000,0.9995,0.627,7240000,1038,1147,1625
chr6,7240000,0.992633,0.6454,7250000,1113,1228,1789
chr6,7250000,0.981833,0.6172,7260000,984,965,1719
chr6,7260000,0.9911,0.6064,7270000,886,1083,1410
chr6,7270000,1,0.6262,7280000,1047,1108,1685
chr6,7280000,1,0.6069,7290000,916,1048,1440
chr6,7290000,1,0.665,7300000,1196,1082,1882
chr6,7300000,1,0.6307,7310000,1108,1097,1660
chr6,7310000,0.996858,0.6924,7320000,1420,1321,2102
chr6,7320000,0.975661,0.7082,7330000,1435,1348,2364
chr6,7330000,0.767533,0.6002,7340000,788,810,1236
chr6,7340000,0.993536,0.6616,7350000,1135,1058,1928
chr6,7350000,1,0.6274,7360000,911,962,1438
chr6,7360000,1,0.6093,7370000,1412,1476,1840
chr6,7370000,0.99845,0.6407,7380000,1079,1127,1876
chr6,7380000,1,0.6349,7390000,933,936,1524
chr6,7390000,0.949583,0.6581,7400000,969,1063,1682
chr6,7400000,0.99025,0.6838,7410000,1280,1228,1979
chr6,7410000,1,0.6391,7420000,1124,1047,1807
chr6,7420000,1,0.6362,7430000,1079,1185,1804
chr6,7430000,0.988433,0.6269,7440000,1060,1044,1853
chr6,7440000,1,0.6076,7450000,836,1018,1392
chr6,7450000,1,0.6541,7460000,1193,1273,1916
chr6,7460000,1,0.6516,7470000,1166,1161,1772
chr6,7470000,0.971998,0.6167,7480000,925,950,1629
chr6,7480000,1,0.6973,7490000,1351,1327,2122
chr6,7490000,1,0.6076,7500000,873,985,1428
chr6,7500000,0.992667,0.6343,7510000,1030,1105,1668
chr6,7510000,1,0.658,7520000,1371,1330,2158
chr6,7520000,1,0.6221,7530000,1092,1129,1788
chr6,7530000,0.965875,0.6622,7540000,1227,1109,1821
chr6,7540000,0.879967,0.6063,7550000,684,664,1156
chr6,7550000,1,0.6052,7560000,937,931,1512
chr6,7560000,1,0.6253,7570000,993,1048,1394
chr6,7570000,1,0.6165,7580000,932,920,1527
chr6,7580000,1,0.6249,7590000,1007,1053,1526
chr6,7590000,1,0.613,7600000,1013,1110,1504
chr6,7600000,0.9973,0.6381,7610000,1169,1165,1852
chr6,7610000,0.99885,0.6756,7620000,1188,1281,2064
chr6,7620000,1,0.6239,7630000,923,987,1472
chr6,7630000,1,0.6379,7640000,1022,1095,1679
chr6,7640000,1,0.6899,7650000,1486,1342,2256
chr6,7650000,1,0.6085,7660000,882,958,1495
chr6,7660000,0.998817,0.6394,7670000,1202,1174,1990
chr6,7670000,1,0.6428,7680000,1152,1180,1917
chr6,7680000,0.975174,0.6219,7690000,1071,1143,1711
chr6,7690000,0.9806,0.6676,7700000,1232,1247,2096
chr6,7700000,0.994763,0.6507,7710000,1244,1237,1972
chr6,7710000,0.898963,0.6367,7720000,1045,985,1619
chr6,7720000,0.997183,0.6631,7730000,1288,1322,2069
chr6,7730000,1,0.6467,7740000,2330,1795,2489
chr6,7740000,1,0.6361,7750000,1161,1210,1876
chr6,7750000,0.880375,0.6841,7760000,1192,1073,1971
chr6,7760000,0.9978,0.6391,7770000,1193,1143,1945
chr6,7770000,0.981783,0.6497,7780000,1233,1152,1889
chr6,7780000,1,0.6204,7790000,1004,1099,1441
chr6,7790000,1,0.7243,7800000,1526,1310,2401
chr6,7800000,1,0.7057,7810000,1230,1104,2236
chr6,7810000,0.936996,0.6759,7820000,1042,1023,1790
chr6,7820000,0.975,0.6432,7830000,1127,1050,1694
chr6,7830000,1,0.6299,7840000,1021,1051,1637
chr6,7840000,1,0.6803,7850000,1273,1266,2070
chr6,7850000,0.98325,0.659,7860000,1185,1174,1945
chr6,7860000,0.984417,0.6136,7870000,922,952,1513
chr6,7870000,1,0.6137,7880000,935,1028,1589
chr6,7880000,0.987017,0.6457,7890000,1131,1158,1853
chr6,7890000,0.97735,0.6433,7900000,1122,1148,1743
chr6,7900000,1,0.6072,7910000,914,980,1450
chr6,7910000,1,0.6318,7920000,1028,1091,1634
chr6,7920000,1,0.6033,7930000,806,925,1342
chr6,7930000,1,0.611,7940000,924,949,1393
chr6,7940000,1,0.626,7950000,956,1075,1590
chr6,7950000,1,0.6364,7960000,1004,1078,1609
chr6,7960000,1,0.6274,7970000,977,1071,1596
chr6,7970000,0.9921,0.645,7980000,1060,1066,1564
chr6,7980000,0.911112,0.6112,7990000,983,948,1730
chr6,7990000,1,0.6347,8000000,1118,1082,1593
chr6,8000000,1,0.6157,8010000,945,1075,1567
chr6,8010000,1,0.6161,8020000,926,988,1433
chr6,8020000,0.960273,0.6546,8030000,1169,1057,1789
chr6,8030000,1,0.6204,8040000,738,760,1201
chr6,8040000,1,0.6147,8050000,894,1017,1453
chr6,8050000,0.99885,0.6825,8060000,1455,1301,2319
chr6,8060000,1,0.6526,8070000,1130,1296,1834
chr6,8070000,1,0.6167,8080000,970,1056,1538
chr6,8080000,0.9977,0.6105,8090000,941,1017,1453
chr6,8090000,1,0.6219,8100000,902,842,1460
chr6,8100000,1,0.6128,8110000,938,1027,1510
chr6,8110000,1,0.6211,8120000,1014,1137,1551
chr6,8120000,0.959418,0.6416,8130000,1187,1293,1791
chr6,8130000,0.821403,0.6227,8140000,808,815,1362
chr6,8140000,1,0.6198,8150000,992,1102,1556
chr6,8150000,1,0.6075,8160000,957,1065,1475
chr6,8160000,1,0.6229,8170000,1078,1154,1611
chr6,8170000,1,0.6362,8180000,1139,1199,1756
chr6,8180000,0.971766,0.6649,8190000,1194,1293,1957
chr6,8190000,1,0.6196,8200000,989,1111,1534
chr6,8200000,1,0.6452,8210000,1109,1121,1799
chr6,8210000,1,0.6365,8220000,1106,1208,1765
chr6,8220000,1,0.6198,8230000,942,1122,1599
chr6,8230000,1,0.6189,8240000,998,1083,1573
chr6,8240000,1,0.6511,8250000,1196,1153,1710
chr6,8250000,0.9973,0.6251,8260000,1045,1094,1724
chr6,8260000,1,0.6338,8270000,1107,1097,1753
chr6,8270000,1,0.6078,8280000,859,921,1325
chr6,8280000,1,0.6364,8290000,913,959,1492
chr6,8290000,0.9879,0.6093,8300000,1049,1060,1791
chr6,8300000,1,0.6336,8310000,1207,1120,1720
chr6,8310000,0.99645,0.6566,8320000,1185,1244,1991
chr6,8320000,1,0.6064,8330000,933,975,1471
chr6,8330000,1,0.6258,8340000,1052,1049,1579
chr6,8340000,0.98865,0.6281,8350000,869,939,1389
chr6,8350000,0.988327,0.6364,8360000,1028,1093,1596
chr6,8360000,0.944618,0.6813,8370000,1280,1170,2121
chr6,8370000,0.864707,0.6139,8380000,842,798,1612
chr6,8380000,0.996217,0.6285,8390000,1109,1084,1646
chr6,8390000,0.988002,0.6426,8400000,1086,1140,1792
chr6,8400000,0.852011,0.6261,8410000,854,810,1554
chr6,8410000,0.97845,0.5942,8420000,765,879,1308
chr6,8420000,1,0.6695,8430000,1324,1300,2153
chr6,8430000,0.878667,0.6138,8440000,767,770,1210
chr6,8440000,0.954543,0.6609,8450000,1250,1200,1985
chr6,8450000,0.886864,0.5995,8460000,751,785,1252
chr6,8460000,0.987872,0.6367,8470000,967,999,1587
chr6,8470000,1,0.6232,8480000,942,940,1530
chr6,8480000,0.984583,0.6435,8490000,1138,1163,1888
chr6,8490000,0.995815,0.67,8500000,1277,1310,2208
chr6,8500000,1,0.6554,8510000,1327,1308,1920
chr6,8510000,0.974737,0.6859,8520000,1282,1294,2284
chr6,8520000,1,0.617,8530000,1024,1091,1612
chr6,8530000,1,0.6229,8540000,1077,1149,1600
chr6,8540000,1,0.65,8550000,1182,1206,1869
chr6,8550000,0.9994,0.6185,8560000,983,1036,1667
chr6,8560000,0.994383,0.6442,8570000,1270,1214,2094
chr6,8570000,0.9599,0.5977,8580000,839,924,1266
chr6,8580000,0.991,0.6357,8590000,984,1080,1630
chr6,8590000,0.8979,0.6397,8600000,815,940,1327
chr6,8600000,0.98015,0.6515,8610000,1117,1084,1885
chr6,8610000,0.9955,0.6284,8620000,1027,1213,1698
chr6,8620000,0.98815,0.6321,8630000,942,1019,1554
chr6,8630000,0.958617,0.6576,8640000,1032,1100,1873
chr6,8640000,0.983642,0.6972,8650000,1426,1274,2322
chr6,8650000,1,0.651,8660000,1203,1191,1852
chr6,8660000,1,0.637,8670000,1037,1079,1765
chr6,8670000,1,0.636,8680000,1132,1064,1724
chr6,8680000,0.942645,0.599,8690000,729,864,1262
chr6,8690000,0.640805,0.6193,8700000,553,669,941
chr6,8700000,1,0.645,8710000,1020,1088,1606
chr6,8710000,0.944371,0.6569,8720000,1161,1089,1827
chr6,8720000,0.978567,0.6494,8730000,1264,1156,2057
chr6,8730000,0.471461,0.6898,8740000,552,465,797
chr6,8740000,0.675959,0.6576,8750000,601,618,1106
chr6,8750000,0.801962,0.6073,8760000,662,643,1265
chr6,8760000,0.99895,0.6348,8770000,1046,1074,1690
chr6,8770000,0.989528,0.5991,8780000,858,929,1367
chr6,8780000,0.961662,0.5816,8790000,1278,1102,1877
chr6,8790000,0.634959,0.6431,8800000,908,907,1432
chr6,8800000,0.994566,0.6881,8810000,1430,1310,2364
chr6,8810000,1,0.6419,8820000,1131,1071,1846
chr6,8820000,1,0.6711,8830000,1288,1319,2105
chr6,8830000,0.935271,0.6586,8840000,1132,1099,1982
chr6,8840000,1,0.6303,8850000,1022,1055,1652
chr6,8850000,1,0.6116,8860000,805,901,1297
chr6,8860000,1,0.6555,8870000,1155,1299,1932
chr6,8870000,1,0.6508,8880000,1138,1096,1770
chr6,8880000,1,0.6669,8890000,1298,1230,2073
chr6,8890000,0.9872,0.7026,8900000,1356,1318,2294
chr6,8900000,0.9947,0.6411,8910000,963,987,1635
chr6,8910000,1,0.6436,8920000,1089,1064,1845
chr6,8920000,0.9994,0.6545,8930000,1176,1165,1909
chr6,8930000,1,0.6545,8940000,1173,1177,1792
chr6,8940000,0.99859,0.6306,8950000,1075,1133,1620
chr6,8950000,1,0.6513,8960000,1138,1218,1770
chr6,8960000,0.998733,0.6607,8970000,1325,1232,2281
chr6,8970000,0.931725,0.6555,8980000,1392,1247,1950
chr6,8980000,0.985504,0.654,8990000,1244,1187,1912
chr6,8990000,0.998417,0.6233,9000000,987,1122,1595
chr6,9000000,0.981367,0.6253,9010000,989,1077,1617
chr6,9010000,0.99383,0.6784,9020000,1274,1334,2233
chr6,9020000,0.945283,0.6828,9030000,1164,1096,2251
chr6,9030000,0.617596,0.6205,9040000,602,606,1053
chr6,9040000,0.993218,0.66,9050000,1183,1181,1989
chr6,9050000,1,0.6356,9060000,959,1050,1548
chr6,9060000,1,0.6243,9070000,615,660,950
chr6,9070000,1,0.6785,9080000,1291,1301,2005
chr6,9080000,0.99555,0.6253,9090000,1955,2035,2666
chr6,9090000,0.9986,0.5957,9100000,756,763,1322
chr6,9100000,1,0.6445,9110000,952,969,1400
chr6,9110000,0.999657,0.6575,9120000,952,964,1611
chr6,9120000,0.940494,0.6041,9130000,971,888,1637
chr6,9130000,0.912197,0.5955,9140000,828,807,1442
chr6,9140000,1,0.6663,9150000,1668,1615,2224
chr6,9150000,0.938897,0.6738,9160000,1071,1133,1886
chr6,9160000,0.983567,0.6316,9170000,853,783,1326
chr6,9170000,0.9865,0.6574,9180000,1207,1251,1958
chr6,9180000,1,0.6241,9190000,1017,1146,1594
chr6,9190000,1,0.6028,9200000,925,1212,1427
chr6,9200000,1,0.6904,9210000,2494,2916,3608
chr6,9210000,0.9939,0.6205,9220000,3610,5314,4071
chr6,9220000,1,0.6027,9230000,813,876,1340
chr6,9230000,0.984727,0.6237,9240000,854,1017,1373
chr6,9240000,0.974925,0.6456,9250000,1135,1110,1742
chr6,9250000,0.740667,0.6059,9260000,572,591,884
chr6,9260000,0.414433,0.5918,9270000,69,76,135
chr6,9270000,1,0.6077,9280000,1085,1108,1702
chr6,9280000,1,0.6517,9290000,1222,1185,1986
chr6,9290000,0.9961,0.6396,9300000,1119,1053,1707
chr6,9300000,0.987,0.6506,9310000,1119,1082,1767
chr6,9310000,1,0.6219,9320000,968,976,1571
chr6,9320000,0.929824,0.6097,9330000,975,942,1694
chr6,9330000,1,0.6985,9340000,1426,1371,2267
chr6,9340000,1,0.6916,9350000,1431,1480,2348
chr6,9350000,0.99835,0.6616,9360000,1364,1352,2212
chr6,9360000,0.993297,0.6471,9370000,1053,1043,1670
chr6,9370000,0.9988,0.6141,9380000,1103,1167,1746
chr6,9380000,0.9977,0.6378,9390000,1092,1091,1752
chr6,9390000,1,0.6402,9400000,1109,1122,1770
chr6,9400000,0.98755,0.6926,9410000,1411,1389,2380
chr6,9410000,0.67552,0.6539,9420000,824,768,1260
chr6,9420000,0.753608,0.6586,9430000,779,829,1279
chr6,9430000,0.98565,0.6753,9440000,1201,1199,2058
chr6,9440000,1,0.6948,9450000,1390,1371,2221
chr6,9450000,0.961975,0.6826,9460000,1221,1267,2163
chr6,9460000,0.952993,0.6586,9470000,1195,1150,1849
chr6,9470000,0.988628,0.678,9480000,1334,1306,2180
chr6,9480000,0.714705,0.6445,9490000,735,618,1192
chr6,9490000,0.991267,0.65,9500000,1179,1257,1930
chr6,9500000,0.994717,0.6398,9510000,1060,1119,1761
chr6,9510000,1,0.6236,9520000,1048,1140,1635
chr6,9520000,0.9889,0.6794,9530000,1390,1334,2305
chr6,9530000,0.931,0.678,9540000,1125,1072,1878
chr6,9540000,1,0.5992,9550000,587,700,1023
chr6,9550000,1,0.609,9560000,867,993,1400
chr6,9560000,0.997017,0.5898,9570000,826,858,1358
chr6,9570000,1,0.6343,9580000,1107,1175,1875
chr6,9580000,0.843193,0.6329,9590000,974,964,1663
chr6,9590000,0.740852,0.6293,9600000,750,800,1308
chr6,9600000,0.915421,0.6585,9610000,1195,1118,1777
chr6,9610000,0.757622,0.6261,9620000,716,778,1288
chr6,9620000,0.8651,0.6035,9630000,855,832,1559
chr6,9630000,1,0.6434,9640000,1116,1175,1782
chr6,9640000,0.993067,0.6635,9650000,1300,1255,2029
chr6,9650000,1,0.6002,9660000,932,1030,1433
chr6,9660000,1,0.619,9670000,1123,1259,1664
chr6,9670000,0.978002,0.6965,9680000,1471,1290,2347
chr6,9680000,0.99195,0.6628,9690000,1158,1124,1884
chr6,9690000,1,0.6349,9700000,1113,1208,1831
chr6,9700000,1,0.5945,9710000,1750,2096,2850
chr6,9710000,0.99055,0.6146,9720000,985,1047,1620
chr6,9720000,1,0.6388,9730000,1133,1176,1759
chr6,9730000,0.989875,0.6957,9740000,1541,1434,2528
chr6,9740000,1,0.6409,9750000,1203,1316,1921
chr6,9750000,1,0.6332,9760000,1038,1202,1689
chr6,9760000,1,0.6161,9770000,991,1108,1520
chr6,9770000,0.9933,0.623,9780000,1149,1088,1778
chr6,9780000,1,0.6277,9790000,1069,1072,1667
chr6,9790000,1,0.6286,9800000,1069,1077,1614
chr6,9800000,1,0.6995,9810000,1357,1345,2281
chr6,9810000,1,0.629,9820000,1124,1162,1723
chr6,9820000,1,0.6412,9830000,1195,1248,1831
chr6,9830000,1,0.611,9840000,926,1140,1540
chr6,9840000,1,0.6655,9850000,1283,1440,2061
chr6,9850000,0.961259,0.6104,9860000,1192,1247,1711
chr6,9860000,1,0.6779,9870000,1320,1213,2233
chr6,9870000,1,0.6375,9880000,1146,1230,1693
chr6,9880000,1,0.6581,9890000,1201,1187,1950
chr6,9890000,0.98505,0.681,9900000,1362,1285,2299
chr6,9900000,1,0.629,9910000,1026,979,1594
chr6,9910000,1,0.6499,9920000,1117,1194,1785
chr6,9920000,0.940297,0.64,9930000,1008,1030,1769
chr6,9930000,0.925033,0.6526,9940000,1048,1077,1783
chr6,9940000,0.928283,0.6873,9950000,1312,1206,2201
chr6,9950000,1,0.6197,9960000,1098,1131,1824
chr6,9960000,0.846,0.6093,9970000,768,809,1224
chr6,9970000,0.86012,0.6451,9980000,993,957,1782
chr6,9980000,1,0.6161,9990000,904,1061,1605
chr6,9990000,1,0.6764,10000000,1328,1345,2229
chr6,10000000,0.99005,0.6514,10010000,1137,1206,1839
chr6,10010000,0.981,0.6446,10020000,1225,1219,1858
chr6,10020000,1,0.6523,10030000,1123,1195,1827
chr6,10030000,1,0.6917,10040000,1399,1395,2098
chr6,10040000,1,0.6573,10050000,1229,1247,1968
chr6,10050000,0.989533,0.6494,10060000,1171,1186,1851
chr6,10060000,0.866884,0.6269,10070000,873,860,1526
chr6,10070000,0.94745,0.6429,10080000,1110,1087,1838
chr6,10080000,0.990075,0.6544,10090000,1099,1098,1946
chr6,10090000,0.99945,0.5219,10100000,809,882,1343
chr6,10100000,0.9926,0.6644,10110000,1259,1229,1953
chr6,10110000,0.886192,0.6573,10120000,1067,956,1750
chr6,10120000,0.95152,0.6366,10130000,982,973,1774
chr6,10130000,0.99885,0.6589,10140000,1204,1275,1904
chr6,10140000,0.954333,0.6959,10150000,1382,1320,2190
chr6,10150000,1,0.6466,10160000,1162,1175,1892
chr6,10160000,0.9878,0.6625,10170000,1104,1177,1816
chr6,10170000,0.990272,0.6857,10180000,1300,1402,2197
chr6,10180000,1,0.6317,10190000,1002,1107,1561
chr6,10190000,1,0.6346,10200000,1023,1174,1671
chr6,10200000,0.967894,0.6626,10210000,1173,1145,1843
chr6,10210000,1,0.6482,10220000,1204,1301,1883
chr6,10220000,0.992608,0.6572,10230000,1262,1291,2098
chr6,10230000,0.992855,0.6441,10240000,1111,1239,1915
chr6,10240000,0.97025,0.6275,10250000,919,1018,1483
chr6,10250000,0.8412,0.5841,10260000,611,681,1176
chr6,10260000,0.961611,0.6488,10270000,1092,1157,1924
chr6,10270000,0.89511,0.6622,10280000,1077,1087,1809
chr6,10280000,1,0.5944,10290000,958,1014,1390
chr6,10290000,1,0.6612,10300000,1146,1165,1787
chr6,10300000,0.991022,0.6581,10310000,1248,1239,2082
chr6,10310000,1,0.6222,10320000,926,1035,1525
chr6,10320000,0.99295,0.6598,10330000,1314,1335,2370
chr6,10330000,0.988256,0.6266,10340000,1146,1145,1966
chr6,10340000,0.657626,0.5962,10350000,620,661,1101
chr6,10350000,0.75762,0.6761,10360000,1056,971,1815
chr6,10360000,1,0.7328,10370000,1703,1544,2875
chr6,10370000,1,0.7043,10380000,1634,1580,2439
chr6,10380000,0.99645,0.6809,10390000,1544,1424,2373
chr6,10390000,0.973017,0.7007,10400000,1466,1408,2507
chr6,10400000,0.9702,0.6892,10410000,1297,1232,2170
chr6,10410000,1,0.641,10420000,1132,1215,1971
chr6,10420000,0.977292,0.6856,10430000,1327,1319,2196
chr6,10430000,0.9984,0.7263,10440000,1659,1494,2661
chr6,10440000,0.8978,0.6432,10450000,945,867,1527
chr6,10450000,1,0.6216,10460000,1000,1053,1584
chr6,10460000,1,0.6941,10470000,1439,1350,2391
chr6,10470000,0.976367,0.6858,10480000,1206,1105,2153
chr6,10480000,1,0.6092,10490000,1249,1142,1127
chr6,10490000,0.99845,0.6396,10500000,602,548,1122
chr6,10500000,0.975805,0.6813,10510000,1788,1699,2271
chr6,10510000,0.891913,0.6424,10520000,905,936,1434
chr6,10520000,1,0.6146,10530000,736,818,1186
chr6,10530000,0.999467,0.6372,10540000,977,1021,1640
chr6,10540000,0.957868,0.6483,10550000,1191,1122,1879
chr6,10550000,0.9936,0.6834,10560000,1325,1337,2163
chr6,10560000,0.998565,0.6946,10570000,1635,1518,2707
chr6,10570000,0.99305,0.5652,10580000,939,853,1550
chr6,10580000,0.994617,0.6522,10590000,1333,1233,2283
chr6,10590000,0.969457,0.6973,10600000,1378,1300,2447
chr6,10600000,1,0.6613,10610000,1271,1297,1958
chr6,10610000,0.986183,0.6458,10620000,1193,1164,1820
chr6,10620000,0.699515,0.5394,10630000,708,665,1004
chr6,10630000,0.779628,0.5575,10640000,1695,1186,1456
chr6,10640000,0.9962,0.6434,10650000,1167,1209,1774
chr6,10650000,0.935924,0.672,10660000,1273,1133,2081
chr6,10660000,0.99765,0.6536,10670000,1281,1306,2014
chr6,10670000,0.974542,0.6619,10680000,1306,1170,2096
chr6,10680000,0.9962,0.6598,10690000,1309,1309,2207
chr6,10690000,0.997233,0.6843,10700000,1422,1383,2291
chr6,10700000,1,0.647,10710000,1184,1235,1990
chr6,10710000,0.994657,0.7174,10720000,1681,1582,2653
chr6,10720000,0.880681,0.6297,10730000,976,991,1541
chr6,10730000,1,0.6503,10740000,1287,1349,2104
chr6,10740000,1,0.6875,10750000,1435,1467,2245
chr6,10750000,1,0.6301,10760000,1159,1159,1778
chr6,10760000,1,0.6506,10770000,1103,1153,1884
chr6,10770000,0.99875,0.6331,10780000,1282,1296,1941
chr6,10780000,1,0.6178,10790000,928,1025,1572
chr6,10790000,1,0.6364,10800000,1195,1190,1960
chr6,10800000,1,0.6361,10810000,1106,1250,1883
chr6,10810000,0.965583,0.6825,10820000,1422,1374,2337
chr6,10820000,0.982048,0.7001,10830000,1564,1504,2402
chr6,10830000,0.986807,0.6919,10840000,1370,1293,2260
chr6,10840000,0.927995,0.6643,10850000,1296,1190,2044
chr6,10850000,1,0.6694,10860000,1189,1220,1895
chr6,10860000,0.9982,0.685,10870000,1374,1342,2275
chr6,10870000,0.9988,0.5769,10880000,1479,1448,2086
chr6,10880000,0.915633,0.5504,10890000,942,828,1455
chr6,10890000,0.995533,0.7007,10900000,1642,1431,2379
chr6,10900000,1,0.6752,10910000,1441,1377,2141
chr6,10910000,1,0.6868,10920000,1377,1426,2295
chr6,10920000,1,0.7173,10930000,1738,1634,3042
chr6,10930000,0.998133,0.6937,10940000,1527,1526,2509
chr6,10940000,0.9959,0.6413,10950000,1220,1246,1949
chr6,10950000,0.8372,0.6506,10960000,893,909,1552
chr6,10960000,0.969995,0.6416,10970000,1367,1234,2067
chr6,10970000,0.970482,0.5851,10980000,1769,1954,2290
chr6,10980000,1,0.5931,10990000,1483,1645,2094
chr6,10990000,0.99935,0.6517,11000000,1320,1311,2103
chr6,11000000,0.9919,0.6777,11010000,1468,1400,2391
chr6,11010000,0.912397,0.6122,11020000,1037,1020,1676
chr6,11020000,0.857493,0.5575,11030000,838,771,1335
chr6,11030000,0.742499,0.6243,11040000,564,538,964
chr6,11040000,0.9974,0.6244,11050000,945,1147,1657
chr6,11050000,0.89705,0.7245,11060000,1537,1403,2470
chr6,11060000,1,0.678,11070000,1353,1415,2331
chr6,11070000,0.966798,0.7092,11080000,1602,1520,2594
chr6,11080000,1,0.6599,11090000,1367,1364,2094
chr6,11090000,1,0.6227,11100000,1024,1163,1718
chr6,11100000,1,0.6513,11110000,1155,1284,2045
chr6,11110000,1,0.6641,11120000,1278,1307,2201
chr6,11120000,0.962292,0.6871,11130000,1344,1283,2263
chr6,11130000,0.9932,0.7044,11140000,1560,1506,2470
chr6,11140000,0.99945,0.7065,11150000,1624,1473,2727
chr6,11150000,0.841742,0.596,11160000,863,848,1380
chr6,11160000,0.9726,0.7024,11170000,1474,1382,2160
chr6,11170000,0.9726,0.6834,11180000,1279,1331,2161
chr6,11180000,1,0.6442,11190000,1167,1225,1881
chr6,11190000,0.8611,0.6293,11200000,733,811,1192
chr6,11200000,0.93985,0.6121,11210000,1173,1209,1718
chr6,11210000,0.84365,0.6306,11220000,726,802,1176
chr6,11220000,0.992695,0.6735,11230000,1281,1313,2027
chr6,11230000,1,0.6031,11240000,781,896,1462
chr6,11240000,0.987305,0.6699,11250000,1559,1552,2187
chr6,11250000,1,0.6293,11260000,1011,1193,1655
chr6,11260000,1,0.6306,11270000,1167,1148,1839
chr6,11270000,0.904435,0.6252,11280000,967,946,1720
chr6,11280000,0.919717,0.6434,11290000,1083,1006,1959
chr6,11290000,1,0.6926,11300000,1389,1448,2159
chr6,11300000,0.988742,0.7059,11310000,1619,1476,2563
chr6,11310000,0.991567,0.6923,11320000,1345,1235,2136
chr6,11320000,0.9674,0.6343,11330000,994,1030,1604
chr6,11330000,0.951605,0.6216,11340000,990,948,1489
chr6,11340000,0.9368,0.6454,11350000,989,1072,1640
chr6,11350000,0.981467,0.6283,11360000,1134,1116,1835
chr6,11360000,0.97013,0.6184,11370000,947,984,1469
chr6,11370000,0.934842,0.6195,11380000,967,1047,1668
chr6,11380000,1,0.6996,11390000,1556,1393,2382
chr6,11390000,1,0.6977,11400000,1477,1415,2328
chr6,11400000,0.949758,0.6735,11410000,1230,1183,2154
chr6,11410000,0.64788,0.595,11420000,773,708,1286
chr6,11420000,0.388241,0.5858,11430000,371,338,585
chr6,11430000,0.994267,0.5782,11440000,1030,1151,1769
chr6,11440000,0.9896,0.5697,11450000,895,952,1487
chr6,11450000,1,0.6828,11460000,1551,1509,2420
chr6,11460000,1,0.6417,11470000,1146,1277,1783
chr6,11470000,0.856997,0.6438,11480000,949,966,1703
chr6,11480000,0.980783,0.7037,11490000,1498,1365,2383
chr6,11490000,0.929826,0.6842,11500000,1470,1316,2459
chr6,11500000,1,0.6931,11510000,1632,1528,2559
chr6,11510000,0.984176,0.6896,11520000,1505,1461,2443
chr6,11520000,0.99889,0.6706,11530000,1427,1454,2201
chr6,11530000,0.999233,0.6652,11540000,1208,1333,1920
chr6,11540000,1,0.6254,11550000,1036,1197,1659
chr6,11550000,1,0.6401,11560000,1172,1261,1824
chr6,11560000,1,0.6455,11570000,1119,1273,1841
chr6,11570000,1,0.642,11580000,1147,1252,1765
chr6,11580000,0.99695,0.6654,11590000,1892,2091,2584
chr6,11590000,1,0.6955,11600000,1600,1590,2465
chr6,11600000,0.84225,0.6775,11610000,954,1055,1459
chr6,11610000,0.5368,0.6485,11620000,65,92,145
chr6,11620000,0.929667,0.686,11630000,1262,1216,2001
chr6,11630000,0.9239,0.6623,11640000,1108,1082,1806
chr6,11640000,1,0.6523,11650000,1176,1276,1929
chr6,11650000,0.958742,0.6354,11660000,1070,1129,1785
chr6,11660000,0.98604,0.6283,11670000,1109,1255,1804
chr6,11670000,0.679558,0.6651,11680000,498,491,924
chr6,11680000,0.932917,0.6688,11690000,1133,1100,1949
chr6,11690000,0.968475,0.6753,11700000,1547,1521,2304
chr6,11700000,0.943493,0.6744,11710000,1739,1674,2634
chr6,11710000,0.961683,0.6524,11720000,1194,1296,2066
chr6,11720000,0.919652,0.5117,11730000,601,564,1111
chr6,11730000,0.844708,0.695,11740000,1127,1012,1997
chr6,11740000,0.941783,0.6489,11750000,1052,997,1658
chr6,11750000,0.945017,0.6583,11760000,1172,1146,1756
chr6,11760000,0.973065,0.6522,11770000,1258,1200,2054
chr6,11770000,1,0.6528,11780000,1275,1259,1916
chr6,11780000,1,0.6192,11790000,1005,1091,1492
chr6,11790000,0.875267,0.6375,11800000,967,1021,1501
chr6,11800000,0.982902,0.6989,11810000,1424,1358,2479
chr6,11810000,0.948413,0.73,11820000,1496,1375,2506
chr6,11820000,0.993422,0.6337,11830000,1102,1093,1836
chr6,11830000,0.95405,0.6557,11840000,1342,1372,2282
chr6,11840000,1,0.6307,11850000,1140,1230,1894
chr6,11850000,1,0.6411,11860000,1130,1254,1833
chr6,11860000,0.952325,0.6279,11870000,997,1070,1843
chr6,11870000,0.929187,0.67,11880000,1367,1313,2100
chr6,11880000,1,0.7118,11890000,1576,1516,2516
chr6,11890000,1,0.7222,11900000,1718,1584,2710
chr6,11900000,1,0.6265,11910000,1178,1314,1877
chr6,11910000,0.99885,0.6774,11920000,1421,1516,2261
chr6,11920000,0.99675,0.6256,11930000,1142,1175,1839
chr6,11930000,0.978,0.6124,11940000,1052,1257,1770
chr6,11940000,0.995367,0.6741,11950000,1359,1327,2276
chr6,11950000,1,0.6816,11960000,1363,1392,2189
chr6,11960000,0.967667,0.6466,11970000,2957,2762,3142
chr6,11970000,1,0.6846,11980000,1454,1441,2343
chr6,11980000,0.953889,0.642,11990000,1171,1154,1895
chr6,11990000,0.9951,0.6875,12000000,1334,1404,2278
chr6,12000000,0.99575,0.6442,12010000,1181,1222,1983
chr6,12010000,0.9982,0.66,12020000,1271,1302,2013
chr6,12020000,0.9688,0.7159,12030000,1514,1448,2464
chr6,12030000,0.9489,0.6194,12040000,794,918,1346
chr6,12040000,0.977117,0.6257,12050000,1093,1049,1756
chr6,12050000,0.99905,0.6275,12060000,1181,1125,1848
chr6,12060000,1,0.6007,12070000,910,1062,1400
chr6,12070000,0.99435,0.6931,12080000,1484,1424,2384
chr6,12080000,0.986761,0.6471,12090000,1198,1315,2015
chr6,12090000,0.47975,0.5635,12100000,362,392,633
chr6,12100000,0.9971,0.6424,12110000,1116,1237,1659
chr6,12110000,0.987102,0.7159,12120000,1608,1476,2621
chr6,12120000,0.829893,0.5826,12130000,654,667,1155
chr6,12130000,0.556543,0.5555,12140000,384,342,748
chr6,12140000,0.745127,0.545,12150000,448,503,928
chr6,12150000,1,0.6182,12160000,1057,1249,1649
chr6,12160000,0.970092,0.5426,12170000,851,839,1429
chr6,12170000,0.980437,0.6211,12180000,1234,1156,2199
chr6,12180000,0.959171,0.5902,12190000,1276,1294,1790
chr6,12190000,0.975005,0.6427,12200000,1304,1191,2161
chr6,12200000,0.9787,0.6445,12210000,1352,1427,2022
chr6,12210000,0.9988,0.5997,12220000,1034,1139,1795
chr6,12220000,0.9982,0.6743,12230000,1406,1374,2193
chr6,12230000,0.9979,0.6482,12240000,1216,1329,1981
chr6,12240000,1,0.6641,12250000,1260,1338,1982
chr6,12250000,1,0.6301,12260000,1047,1205,1586
chr6,12260000,1,0.627,12270000,984,1112,1633
chr6,12270000,0.976854,0.7004,12280000,1630,1575,2652
chr6,12280000,1,0.692,12290000,1405,1424,2273
chr6,12290000,1,0.6851,12300000,1471,1453,2267
chr6,12300000,1,0.6412,12310000,1293,1372,1979
chr6,12310000,0.994032,0.6697,12320000,1368,1299,2069
chr6,12320000,1,0.653,12330000,1246,1236,1954
chr6,12330000,1,0.6659,12340000,1216,1254,1963
chr6,12340000,0.926272,0.716,12350000,1508,1460,2624
chr6,12350000,0.950157,0.6236,12360000,1200,1162,1901
chr6,12360000,1,0.7003,12370000,1366,1306,2256
chr6,12370000,0.978583,0.6407,12380000,1052,1227,1814
chr6,12380000,0.8411,0.6617,12390000,973,982,1634
chr6,12390000,0.99375,0.5777,12400000,1023,1155,1736
chr6,12400000,1,0.6372,12410000,1152,1212,1818
chr6,12410000,0.9993,0.6595,12420000,1341,1322,2035
chr6,12420000,1,0.6978,12430000,1584,1558,2416
chr6,12430000,0.945462,0.6888,12440000,1606,1542,2460
chr6,12440000,1,0.6784,12450000,1512,1402,2412
chr6,12450000,1,0.6477,12460000,1204,1233,1857
chr6,12460000,0.99595,0.6099,12470000,843,931,1382
chr6,12470000,0.929417,0.635,12480000,900,913,1618
chr6,12480000,1,0.6272,12490000,796,935,1285
chr6,12490000,0.9975,0.6328,12500000,919,983,1628
chr6,12500000,1,0.6293,12510000,1016,1166,1515
chr6,12510000,0.932341,0.605,12520000,772,882,1320
chr6,12520000,0.804816,0.6519,12530000,1061,959,1765
chr6,12530000,0.964044,0.6499,12540000,1274,1286,2039
chr6,12540000,0.963767,0.6567,12550000,1303,1181,2073
chr6,12550000,1,0.6285,12560000,1110,1172,1642
chr6,12560000,0.992283,0.6602,12570000,1364,1399,2289
chr6,12570000,0.98684,0.6288,12580000,984,1234,1756
chr6,12580000,0.9907,0.6337,12590000,1105,1148,1664
chr6,12590000,0.984694,0.685,12600000,1513,1410,2336
chr6,12600000,1,0.7085,12610000,1471,1487,2422
chr6,12610000,0.964917,0.6946,12620000,1492,1408,2258
chr6,12620000,0.966834,0.6562,12630000,1232,1080,2060
chr6,12630000,0.95777,0.6321,12640000,1078,1082,1902
chr6,12640000,0.9773,0.641,12650000,1440,1374,2395
chr6,12650000,0.974609,0.639,12660000,1339,1385,2118
chr6,12660000,0.987382,0.674,12670000,1349,1369,2285
chr6,12670000,0.9998,0.6433,12680000,1440,1715,2085
chr6,12680000,0.9968,0.6545,12690000,1595,1621,2091
chr6,12690000,0.96565,0.6627,12700000,1149,1162,1915
chr6,12700000,0.991042,0.6602,12710000,1421,1465,2315
chr6,12710000,0.975727,0.594,12720000,1051,1056,1611
chr6,12720000,0.99265,0.6588,12730000,1432,1389,2232
chr6,12730000,0.99415,0.6516,12740000,1405,1359,2186
chr6,12740000,1,0.606,12750000,914,918,1382
chr6,12750000,1,0.6254,12760000,998,962,1727
chr6,12760000,0.9954,0.6815,12770000,1476,1464,2421
chr6,12770000,0.99325,0.6439,12780000,1069,1115,1256
chr6,12780000,0.99325,0.6444,12790000,2125,2291,2506
chr6,12790000,1,0.6485,12800000,1156,1304,1861
chr6,12800000,0.99905,0.708,12810000,1816,1596,2810
chr6,12810000,0.9996,0.6224,12820000,1466,1349,2232
chr6,12820000,0.77824,0.5846,12830000,622,654,1149
chr6,12830000,0.991638,0.6678,12840000,1285,1337,2087
chr6,12840000,1,0.6619,12850000,1247,1326,2123
chr6,12850000,0.9953,0.6397,12860000,1102,1254,1748
chr6,12860000,1,0.615,12870000,1212,1131,1787
chr6,12870000,0.996583,0.6415,12880000,1409,1232,2197
chr6,12880000,0.988217,0.7158,12890000,1695,1542,2657
chr6,12890000,1,0.6178,12900000,944,1076,1572
chr6,12900000,0.993507,0.6487,12910000,1224,1178,1923
chr6,12910000,0.80814,0.5843,12920000,667,603,1183
chr6,12920000,0.855864,0.6047,12930000,677,662,1243
chr6,12930000,0.690508,0.6294,12940000,857,782,1269
chr6,12940000,0.492801,0.6333,12950000,48,41,129
chr6,12950000,0.5675,0.6778,12960000,386,346,597
chr6,12960000,0.881803,0.6674,12970000,1244,1189,2076
chr6,12970000,0.990631,0.6872,12980000,1418,1370,2371
chr6,12980000,0.981355,0.662,12990000,1238,1335,2239
chr6,12990000,1,0.6792,13000000,1365,1362,2178
chr6,13000000,0.685069,0.6541,13010000,736,639,1322
chr6,13010000,0.626448,0.6928,13020000,799,674,1447
chr6,13020000,0.865107,0.651,13030000,1068,956,1770
chr6,13030000,1,0.5938,13040000,1022,1123,1697
chr6,13040000,0.99025,0.6239,13050000,1145,1195,1985
chr6,13050000,0.995342,0.702,13060000,1353,1294,2254
chr6,13060000,0.99415,0.6234,13070000,1050,1066,1499
chr6,13070000,0.98655,0.6484,13080000,1001,1013,1438
chr6,13080000,0.906224,0.6417,13090000,1512,1602,1640
chr6,13090000,0.409305,0.6134,13100000,13,16,32
chr6,13100000,0.760108,0.6256,13110000,641,651,907
chr6,13110000,0.927867,0.6658,13120000,956,893,1561
chr6,13120000,0.98035,0.6209,13130000,1171,1106,1909
chr6,13130000,0.988576,0.6033,13140000,1006,1021,1605
chr6,13140000,0.941503,0.5861,13150000,862,845,1444
chr6,13150000,0.994567,0.6015,13160000,1039,1044,1717
chr6,13160000,0.887072,0.6289,13170000,912,923,1480
chr6,13170000,0.842445,0.6237,13180000,723,829,1357
chr6,13180000,1,0.6881,13190000,1413,1295,2214
chr6,13190000,0.9998,0.5687,13200000,912,939,1459
chr6,13200000,1,0.6261,13210000,1077,1097,1612
chr6,13210000,1,0.6154,13220000,1130,1152,1843
chr6,13220000,1,0.6196,13230000,1244,1154,2124
chr6,13230000,1,0.6967,13240000,1552,1557,2494
chr6,13240000,1,0.6792,13250000,1348,1412,2191
chr6,13250000,1,0.679,13260000,1404,1447,2290
chr6,13260000,0.919947,0.6986,13270000,1523,1392,2348
chr6,13270000,0.963658,0.6173,13280000,1031,1111,1566
chr6,13280000,0.88915,0.6031,13290000,736,807,1311
chr6,13290000,0.9945,0.6293,13300000,1693,1857,2285
chr6,13300000,1,0.6115,13310000,1044,1154,1890
chr6,13310000,0.971924,0.6567,13320000,1311,1392,2247
chr6,13320000,0.969093,0.6862,13330000,1290,1218,1967
chr6,13330000,0.964053,0.6438,13340000,1229,1296,2027
chr6,13340000,1,0.6929,13350000,1646,1635,2620
chr6,13350000,0.981192,0.6761,13360000,1507,1325,2282
chr6,13360000,0.98365,0.6477,13370000,1326,1298,1996
chr6,13370000,0.9886,0.6262,13380000,1159,1204,1880
chr6,13380000,1,0.6397,13390000,1277,1185,1960
chr6,13390000,0.9792,0.6291,13400000,949,1095,1708
chr6,13400000,1,0.6885,13410000,1436,1417,2341
chr6,13410000,0.998233,0.6432,13420000,1226,1253,2039
chr6,13420000,0.99795,0.5842,13430000,931,940,1461
chr6,13430000,0.888342,0.5871,13440000,682,658,1285
chr6,13440000,0.987139,0.6255,13450000,1125,1117,1801
chr6,13450000,1,0.6233,13460000,1033,1113,1714
chr6,13460000,0.993917,0.6085,13470000,1059,1031,1818
chr6,13470000,0.97015,0.6304,13480000,1166,1179,2017
chr6,13480000,0.992754,0.6589,13490000,1259,1397,2095
chr6,13490000,0.98286,0.7164,13500000,1723,1495,2784
chr6,13500000,0.869651,0.6334,13510000,1010,1011,1896
chr6,13510000,0.784454,0.6672,13520000,882,893,1400
chr6,13520000,0.5355,0.6565,13530000,103,97,134
chr6,13530000,0.459817,0.6519,13540000,260,262,443
chr6,13540000,0.772618,0.6109,13550000,571,543,1063
chr6,13550000,0.87392,0.6073,13560000,883,848,1530
chr6,13560000,0.800639,0.6276,13570000,735,823,1239
chr6,13570000,0.892029,0.5785,13580000,754,717,1289
chr6,13580000,0.932737,0.6462,13590000,1106,1054,1775
chr6,13590000,0.986742,0.6148,13600000,1386,1295,1892
chr6,13600000,0.905475,0.6484,13610000,990,886,1609
chr6,13610000,0.9951,0.7339,13620000,1690,1549,2706
chr6,13620000,0.994083,0.6186,13630000,1029,1020,1664
chr6,13630000,0.977606,0.5929,13640000,931,897,1507
chr6,13640000,0.997017,0.5838,13650000,1091,1166,1579
chr6,13650000,0.936986,0.5943,13660000,830,892,1509
chr6,13660000,0.996905,0.6039,13670000,1028,1137,1726
chr6,13670000,0.9997,0.6412,13680000,1036,1155,1721
chr6,13680000,0.657608,0.6471,13690000,465,510,796
chr6,13690000,0.592992,0.6517,13700000,402,427,713
chr6,13700000,0.531833,0.6601,13710000,89,111,162
chr6,13710000,0.770664,0.6063,13720000,635,599,1141
chr6,13720000,0.980583,0.6388,13730000,1203,1172,1817
chr6,13730000,0.9614,0.6493,13740000,1134,1151,1663
chr6,13740000,0.99875,0.5993,13750000,1000,1103,1526
chr6,13750000,0.99875,0.6735,13760000,1430,1388,2207
chr6,13760000,0.981833,0.6443,13770000,1200,1193,1941
chr6,13770000,0.971101,0.6458,13780000,1142,1184,1901
chr6,13780000,1,0.642,13790000,1129,1221,1768
chr6,13790000,0.943717,0.6162,13800000,963,1054,1648
chr6,13800000,0.901175,0.6166,13810000,956,931,1663
chr6,13810000,0.752092,0.6369,13820000,701,592,1165
chr6,13820000,0.395898,0.5834,13830000,297,285,582
chr6,13830000,0.79797,0.6575,13840000,755,661,1404
chr6,13840000,0.787443,0.6129,13850000,723,615,1152
chr6,13850000,0.812685,0.6575,13860000,723,707,1371
chr6,13860000,0.947612,0.571,13870000,854,905,1317
chr6,13870000,0.41418,0.5205,13880000,222,215,375
chr6,13880000,0.772408,0.5565,13890000,1073,929,1182
chr6,13890000,0.976052,0.6078,13900000,1927,1756,2085
chr6,13900000,0.9991,0.6462,13910000,1171,1216,1828
chr6,13910000,0.99845,0.7144,13920000,1630,1535,2689
chr6,13920000,0.980878,0.4988,13930000,586,636,980
chr6,13930000,0.995592,0.6886,13940000,1438,1342,2287
chr6,13940000,0.9928,0.6395,13950000,1180,1160,1901
chr6,13950000,0.971073,0.6146,13960000,1222,1257,1611
chr6,13960000,0.579173,0.6331,13970000,1113,1083,899
chr6,13970000,0.616474,0.6322,13980000,879,922,886
chr6,13980000,0.481512,0.6317,13990000,865,874,727
chr6,13990000,0.615336,0.6226,14000000,540,569,728
chr6,14000000,0.381957,0.5754,14010000,242,266,404
chr6,14010000,0.88978,0.5922,14020000,743,797,1205
chr6,14020000,0.758983,0.6273,14030000,810,905,965
chr6,14030000,0.294347,0.6313,14040000,115,126,136
chr6,14040000,0.359954,0.6313,14050000,294,288,364
chr6,14050000,0.707037,0.6228,14060000,820,808,966
chr6,14060000,0.775465,0.6186,14070000,1031,963,1165
chr6,14070000,0.552656,0.6304,14080000,478,498,631
chr6,14080000,0.407275,0.6298,14090000,360,336,414
chr6,14090000,0.599942,0.6291,14100000,607,596,873
chr6,14100000,0.650523,0.6301,14110000,717,720,870
chr6,14110000,0.42411,0.6345,14120000,342,363,418
chr6,14120000,0.589318,0.6241,14130000,608,650,760
chr6,14130000,0.809962,0.6206,14140000,1457,1447,1310
chr6,14140000,0.327812,0.6342,14150000,231,232,274
chr6,14150000,0.179706,0.6352,14160000,80,72,85
chr6,14160000,0.222785,0.6361,14170000,143,131,160
chr6,14170000,0.655527,0.633,14180000,627,628,777
chr6,14180000,0.766922,0.635,14190000,845,934,1107
chr6,14190000,0.647266,0.6088,14200000,507,506,868
chr6,14200000,0.566947,0.6027,14210000,418,422,732
chr6,14210000,0.614619,0.6353,14220000,612,648,682
chr6,14220000,0.791116,0.6327,14230000,1055,1112,987
chr6,14230000,0.62647,0.6241,14240000,1258,1356,1049
chr6,14240000,0.416816,0.6185,14250000,372,310,705
chr6,14250000,0.268474,0.6185,14260000,173,171,391
chr6,14260000,0.146241,0.6183,14270000,94,76,186
chr6,14270000,0.120514,0.6187,14280000,62,56,141
chr6,14280000,0.183289,0.6207,14290000,128,89,234
chr6,14290000,0.222398,0.6177,14300000,179,164,391
chr6,14300000,0.206181,0.6184,14310000,101,82,222
chr6,14310000,0.305859,0.6191,14320000,178,179,365
chr6,14320000,0.209061,0.6185,14330000,107,92,216
chr6,14330000,0.21514,0.6159,14340000,136,115,267
chr6,14340000,0.280138,0.6179,14350000,266,207,503
chr6,14350000,0.220079,0.6158,14360000,159,148,346
chr6,14360000,0.141377,0.6154,14370000,65,42,130
chr6,14370000,0.186682,0.6157,14380000,123,104,221
chr6,14380000,0.180845,0.6164,14390000,133,79,220
chr6,14390000,0.309841,0.619,14400000,199,160,374
chr6,14400000,0.264463,0.6167,14410000,167,148,366
chr6,14410000,0.211347,0.6164,14420000,154,114,312
chr6,14420000,0.305461,0.6171,14430000,248,195,465
chr6,14430000,0.311495,0.6158,14440000,206,208,424
chr6,14440000,0.42795,0.6164,14450000,303,266,562
chr6,14450000,0.194223,0.6166,14460000,99,103,236
chr6,14460000,0.183456,0.6157,14470000,103,103,201
chr6,14470000,0.181097,0.6148,14480000,112,91,219
chr6,14480000,0.330425,0.6145,14490000,240,237,519
chr6,14490000,0.231132,0.6173,14500000,178,116,303
chr6,14500000,0.164548,0.6141,14510000,101,90,216
chr6,14510000,0.264756,0.6163,14520000,149,145,307
chr6,14520000,0.271225,0.6189,14530000,160,146,291
chr6,14530000,0.389981,0.6156,14540000,290,244,487
chr6,14540000,0.380568,0.6123,14550000,235,163,441
chr6,14550000,0.58651,0.6209,14560000,446,352,790
chr6,14560000,0.562667,0.6209,14570000,486,398,734
chr6,14570000,0.408483,0.6195,14580000,368,313,601
chr6,14580000,0.408784,0.6204,14590000,259,237,522
chr6,14590000,0.337794,0.5994,14600000,221,207,444
chr6,14600000,0.347435,0.615,14610000,238,217,438
chr6,14610000,0.308581,0.6191,14620000,239,165,450
chr6,14620000,0.363274,0.6204,14630000,270,257,437
chr6,14630000,0.299361,0.6223,14640000,147,127,221
chr6,14640000,0.310323,0.6177,14650000,83,86,189
chr6,14650000,0.288171,0.6146,14660000,83,69,163
chr6,14660000,0.274479,0.6174,14670000,159,145,406
chr6,14670000,0.254154,0.6145,14680000,159,148,309
chr6,14680000,0.335857,0.5967,14690000,183,168,339
chr6,14690000,0.277537,0.6094,14700000,139,153,264
chr6,14700000,0.236367,0.6147,14710000,156,150,288
chr6,14710000,0.386031,0.6143,14720000,659,892,650
chr6,14720000,0.269213,0.6138,14730000,146,132,297
chr6,14730000,0.433711,0.6134,14740000,314,283,656
chr6,14740000,0.357995,0.5923,14750000,552,398,657
chr6,14750000,0.328297,0.6143,14760000,148,130,306
chr6,14760000,0.391464,0.6139,14770000,376,273,590
chr6,14770000,0.293133,0.613,14780000,169,128,318
chr6,14780000,0.444761,0.6147,14790000,338,320,630
chr6,14790000,0.196445,0.6197,14800000,98,95,184
chr6,14800000,0.10553,0.621,14810000,41,34,87
chr6,14810000,0.243612,0.619,14820000,195,163,356
chr6,14820000,0.1701,0.6048,14830000,129,102,183
chr6,14830000,0.131962,0.6198,14840000,89,63,189
chr6,14840000,0.254931,0.6212,14850000,155,143,320
chr6,14850000,0.226236,0.6198,14860000,194,152,365
chr6,14860000,0.15784,0.6203,14870000,88,90,204
chr6,14870000,0.459898,0.6245,14880000,342,293,591
chr6,14880000,0.358629,0.6132,14890000,208,165,381
chr6,14890000,0.263942,0.6137,14900000,169,126,349
chr6,14900000,0.211031,0.621,14910000,113,112,290
chr6,14910000,0.122892,0.6184,14920000,100,87,213
chr6,14920000,0.241895,0.621,14930000,161,133,341
chr6,14930000,0.194207,0.6213,14940000,124,123,266
chr6,14940000,0.141485,0.6199,14950000,54,43,118
chr6,14950000,0.211584,0.6201,14960000,146,112,306
chr6,14960000,0.255506,0.6198,14970000,195,169,398
chr6,14970000,0.283394,0.6198,14980000,213,168,412
chr6,14980000,0.17202,0.6228,14990000,111,111,248
chr6,14990000,0.110772,0.6169,15000000,58,42,125
chr6,15000000,0.209377,0.618,15010000,168,123,290
chr6,15010000,0.15347,0.6189,15020000,84,75,178
chr6,15020000,0.248294,0.6211,15030000,207,137,377
chr6,15030000,0.209366,0.6215,15040000,174,167,356
chr6,15040000,0.112314,0.6202,15050000,95,81,198
chr6,15050000,0.121053,0.6205,15060000,108,87,211
chr6,15060000,0.145337,0.6216,15070000,60,59,165
chr6,15070000,0.17382,0.6207,15080000,101,88,263
chr6,15080000,0.217378,0.621,15090000,80,65,187
chr6,15090000,0.27729,0.621,15100000,223,217,517
chr6,15100000,0.368463,0.5961,15110000,258,233,445
chr6,15110000,0.347612,0.5769,15120000,214,212,424
chr6,15120000,0.314646,0.6233,15130000,252,227,558
chr6,15130000,0.341031,0.5954,15140000,304,263,489
chr6,15140000,0.403129,0.6201,15150000,455,410,577
chr6,15150000,0.298911,0.6171,15160000,154,145,307
chr6,15160000,0.309371,0.6184,15170000,164,153,356
chr6,15170000,0.259224,0.6193,15180000,159,136,342
chr6,15180000,0.328765,0.5928,15190000,180,171,367
chr6,15190000,0.318708,0.5979,15200000,262,244,436
chr6,15200000,0.181658,0.6187,15210000,149,134,291
chr6,15210000,0.247477,0.6123,15220000,167,153,342
chr6,15220000,0.202716,0.5981,15230000,134,127,297
chr6,15230000,0.16214,0.601,15240000,110,122,213
chr6,15240000,0.185077,0.6111,15250000,98,98,195
chr6,15250000,0.252664,0.6238,15260000,198,167,378
chr6,15260000,0.176761,0.5925,15270000,160,129,317
chr6,15270000,0.19263,0.5911,15280000,155,159,260
chr6,15280000,0.14074,0.589,15290000,130,102,191
chr6,15290000,0.139042,0.6035,15300000,81,69,149
chr6,15300000,0.167164,0.5716,15310000,117,85,170
chr6,15310000,0.108415,0.6178,15320000,97,86,189
chr6,15320000,0.176329,0.6058,15330000,92,84,239
chr6,15330000,0.243555,0.5642,15340000,144,138,200
chr6,15340000,0.217027,0.6188,15350000,109,85,231
chr6,15350000,0.169583,0.6181,15360000,143,108,286
chr6,15360000,0.113507,0.6096,15370000,72,56,119
chr6,15370000,0.120411,0.5819,15380000,81,58,126
chr6,15380000,0.0648215,0.6053,15390000,40,35,105
chr6,15390000,0.14674,0.5881,15400000,72,66,99
chr6,15400000,0.113185,0.6193,15410000,57,47,144
chr6,15410000,0.13906,0.5885,15420000,126,106,200
chr6,15420000,0.193999,0.6211,15430000,124,98,255
chr6,15430000,0.388836,0.5895,15440000,256,185,417
chr6,15440000,0.296719,0.5856,15450000,288,258,476
chr6,15450000,0.214392,0.6115,15460000,110,91,178
chr6,15460000,0.294399,0.6001,15470000,213,212,438
chr6,15470000,0.202134,0.6089,15480000,184,137,325
chr6,15480000,0.144841,0.6128,15490000,117,110,224
chr6,15490000,0.254942,0.618,15500000,195,203,430
chr6,15500000,0.13856,0.5795,15510000,69,57,124
chr6,15510000,0.191671,0.6142,15520000,173,149,318
chr6,15520000,0.193814,0.6178,15530000,121,157,278
chr6,15530000,0.201542,0.6223,15540000,70,54,131
chr6,15540000,0.319279,0.623,15550000,178,178,312
chr6,15550000,0.3338,0.6215,15560000,256,214,563
chr6,15560000,0.163656,0.6223,15570000,119,97,239
chr6,15570000,0.275764,0.6214,15580000,207,159,388
chr6,15580000,0.19951,0.6027,15590000,161,123,281
chr6,15590000,0.332653,0.611,15600000,267,212,606
chr6,15600000,0.18116,0.5714,15610000,116,92,232
chr6,15610000,0.0903844,0.5844,15620000,62,51,106
chr6,15620000,0.176036,0.579,15630000,298,287,330
chr6,15630000,0.218318,0.6028,15640000,163,152,354
chr6,15640000,0.403825,0.6052,15650000,315,240,552
chr6,15650000,0.37004,0.6197,15660000,287,238,619
chr6,15660000,0.246546,0.5892,15670000,191,153,331
chr6,15670000,0.290872,0.6067,15680000,239,206,474
chr6,15680000,0.175217,0.6214,15690000,144,121,284
chr6,15690000,0.137554,0.6033,15700000,75,81,163
chr6,15700000,0.238768,0.6208,15710000,174,128,309
chr6,15710000,0.231373,0.6234,15720000,103,98,235
chr6,15720000,0.225905,0.6153,15730000,159,153,337
chr6,15730000,0.299082,0.622,15740000,236,202,508
chr6,15740000,0.20922,0.6093,15750000,91,100,191
chr6,15750000,0.185982,0.5681,15760000,126,116,261
chr6,15760000,0.173336,0.582,15770000,458,345,310
chr6,15770000,0.159186,0.5885,15780000,104,82,232
chr6,15780000,0.27861,0.623,15790000,216,169,443
chr6,15790000,0.225573,0.6175,15800000,158,127,347
chr6,15800000,0.234301,0.5711,15810000,108,97,217
chr6,15810000,0.194327,0.6163,15820000,179,163,354
chr6,15820000,0.143999,0.6205,15830000,103,87,245
chr6,15830000,0.169392,0.6201,15840000,81,59,184
chr6,15840000,0.222604,0.5934,15850000,163,121,256
chr6,15850000,0.253828,0.6165,15860000,178,154,345
chr6,15860000,0.265938,0.6201,15870000,251,178,474
chr6,15870000,0.1451,0.597,15880000,77,75,159
chr6,15880000,0.286883,0.6094,15890000,228,191,379
chr6,15890000,0.156027,0.6187,15900000,122,94,213
chr6,15900000,0.163563,0.6203,15910000,141,136,277
chr6,15910000,0.296445,0.5999,15920000,148,156,269
chr6,15920000,0.135135,0.6009,15930000,111,98,218
chr6,15930000,0.145298,0.6203,15940000,103,84,229
chr6,15940000,0.196014,0.6059,15950000,130,138,248
chr6,15950000,0.112618,0.5861,15960000,57,44,134
chr6,15960000,0.179353,0.5833,15970000,124,98,195
chr6,15970000,0.133324,0.6212,15980000,74,88,196
chr6,15980000,0.180926,0.5851,15990000,88,80,167
chr6,15990000,0.319262,0.5948,16000000,183,167,305
chr6,16000000,0.194389,0.5881,16010000,134,115,279
chr6,16010000,0.108109,0.5894,16020000,53,42,93
chr6,16020000,0.123917,0.6091,16030000,50,49,118
chr6,16030000,0.136034,0.6145,16040000,93,81,183
chr6,16040000,0.167145,0.5928,16050000,73,79,135
chr6,16050000,0.208855,0.6157,16060000,134,111,214
chr6,16060000,0.190749,0.6112,16070000,109,96,219
chr6,16070000,0.111468,0.6114,16080000,93,91,166
chr6,16080000,0.216956,0.5857,16090000,110,84,182
chr6,16090000,0.0786196,0.6224,16100000,35,28,81
chr6,16100000,0.114218,0.6035,16110000,75,69,150
chr6,16110000,0.105899,0.6007,16120000,77,69,195
chr6,16120000,0.169664,0.5913,16130000,71,48,107
chr6,16130000,0.182372,0.6177,16140000,166,149,304
chr6,16140000,0.105251,0.5933,16150000,32,32,92
chr6,16150000,0.181545,0.621,16160000,95,97,227
chr6,16160000,0.108134,0.6206,16170000,36,44,126
chr6,16170000,0.176187,0.6037,16180000,100,99,226
chr6,16180000,0.154088,0.6109,16190000,133,117,259
chr6,16190000,0.0635836,0.62,16200000,73,70,166
chr6,16200000,0.144893,0.594,16210000,81,62,172
chr6,16210000,0.108168,0.6203,16220000,103,104,218
chr6,16220000,0.122039,0.6206,16230000,85,79,167
chr6,16230000,0.247928,0.6208,16240000,202,183,444
chr6,16240000,0.0915051,0.5783,16250000,41,39,75
chr6,16250000,0.215084,0.6024,16260000,150,168,366
chr6,16260000,0.152581,0.6207,16270000,223,246,354
chr6,16270000,0.15591,0.6195,16280000,90,87,228
chr6,16280000,0.104911,0.5843,16290000,64,66,112
chr6,16290000,0.152041,0.5885,16300000,79,52,98
chr6,16300000,0.211989,0.6042,16310000,119,89,219
chr6,16310000,0.182933,0.6159,16320000,130,110,249
chr6,16320000,0.149058,0.5956,16330000,126,99,230
chr6,16330000,0.166025,0.5915,16340000,233,235,551
chr6,16340000,0.196869,0.5902,16350000,106,92,198
chr6,16350000,0.161344,0.5792,16360000,99,88,219
chr6,16360000,0.238664,0.5875,16370000,274,296,666
chr6,16370000,0.252912,0.591,16380000,190,208,426
chr6,16380000,0.22184,0.6024,16390000,172,192,396
chr6,16390000,0.214095,0.5857,16400000,107,106,213
chr6,16400000,0.144264,0.6074,16410000,116,96,193
chr6,16410000,0.108015,0.6051,16420000,63,52,145
chr6,16420000,0.170941,0.5822,16430000,95,100,249
chr6,16430000,0.0974,0.5863,16440000,65,64,147
chr6,16440000,0.0640459,0.588,16450000,54,50,103
chr6,16450000,0.0759449,0.6104,16460000,68,62,162
chr6,16460000,0.144402,0.6074,16470000,117,118,285
chr6,16470000,0.0806307,0.5916,16480000,44,36,110
chr6,16480000,0.17591,0.5795,16490000,128,142,300
chr6,16490000,0.163506,0.62,16500000,134,118,325
chr6,16500000,0.129542,0.6201,16510000,141,121,310
chr6,16510000,0.0812926,0.6197,16520000,65,63,143
chr6,16520000,0.164077,0.602,16530000,83,88,182
chr6,16530000,0.232651,0.613,16540000,135,136,324
chr6,16540000,0.165736,0.6201,16550000,25,26,80
chr6,16550000,0.151231,0.5904,16560000,61,85,157
chr6,16560000,0.160858,0.5887,16570000,159,115,282
chr6,16570000,0.174354,0.6084,16580000,133,91,254
chr6,16580000,0.108364,0.5983,16590000,66,45,179
chr6,16590000,0.187514,0.6237,16600000,98,82,205
chr6,16600000,0.121933,0.6211,16610000,40,17,96
chr6,16610000,0.305562,0.6216,16620000,215,182,477
chr6,16620000,0.221564,0.6029,16630000,146,143,332
chr6,16630000,0.189408,0.6104,16640000,93,81,191
chr6,16640000,0.162883,0.6219,16650000,103,108,232
chr6,16650000,0.212825,0.6211,16660000,123,131,319
chr6,16660000,0.159341,0.6207,16670000,73,72,144
chr6,16670000,0.184919,0.6211,16680000,101,100,241
chr6,16680000,0.147073,0.583,16690000,94,70,163
chr6,16690000,0.163336,0.6065,16700000,91,77,167
chr6,16700000,0.132579,0.5866,16710000,61,59,114
chr6,16710000,0.221594,0.5926,16720000,127,99,202
chr6,16720000,0.242713,0.622,16730000,182,177,379
chr6,16730000,0.118158,0.6016,16740000,81,88,157
chr6,16740000,0.123188,0.6116,16750000,92,90,240
chr6,16750000,0.118953,0.6191,16760000,82,65,169
chr6,16760000,0.195465,0.6015,16770000,186,169,342
chr6,16770000,0.106142,0.6189,16780000,39,33,69
chr6,16780000,0.0927048,0.6182,16790000,48,28,118
chr6,16790000,0.164362,0.6024,16800000,82,89,197
chr6,16800000,0.18195,0.5701,16810000,84,66,140
chr6,16810000,0.282719,0.5788,16820000,164,150,271
chr6,16820000,0.181865,0.5906,16830000,40,24,63
chr6,16830000,0.270792,0.6133,16840000,131,117,292
chr6,16840000,0.363772,0.6196,16850000,266,251,592
chr6,16850000,0.119189,0.5903,16860000,71,67,154
chr6,16860000,0.212478,0.6211,16870000,101,88,239
chr6,16870000,0.203781,0.617,16880000,132,100,265
chr6,16880000,0.117858,0.5977,16890000,62,48,101
chr6,16890000,0.173603,0.6203,16900000,104,96,204
chr6,16900000,0.193509,0.621,16910000,150,135,321
chr6,16910000,0.149496,0.5924,16920000,92,100,181
chr6,16920000,0.181959,0.621,16930000,65,54,151
chr6,16930000,0.243061,0.6191,16940000,135,138,290
chr6,16940000,0.550994,0.5778,16950000,186,142,285
chr6,16950000,0.468873,0.5811,16960000,80,91,210
chr6,16960000,0.49541,0.5731,16970000,134,135,253
chr6,16970000,0.273756,0.5807,16980000,110,91,207
chr6,16980000,0.234107,0.6164,16990000,181,179,342
chr6,16990000,0.138469,0.6201,17000000,102,74,192
chr6,17000000,0.194494,0.6207,17010000,88,94,217
chr6,17010000,0.120981,0.605,17020000,77,82,97
chr6,17020000,0.136248,0.5944,17030000,73,77,160
chr6,17030000,0.152712,0.5928,17040000,82,77,216
chr6,17040000,0.0899846,0.6182,17050000,46,34,113
chr6,17050000,0.173333,0.6208,17060000,117,114,285
chr6,17060000,0.111091,0.6233,17070000,84,80,211
chr6,17070000,0.121947,0.6218,17080000,96,91,212
chr6,17080000,0.0867292,0.6197,17090000,53,48,118
chr6,17090000,0.137318,0.6199,17100000,127,112,299
chr6,17100000,0.138338,0.6182,17110000,85,63,181
chr6,17110000,0.0819133,0.6212,17120000,40,54,98
chr6,17120000,0.112513,0.6206,17130000,100,79,155
chr6,17130000,0.136512,0.6068,17140000,75,70,203
chr6,17140000,0.116097,0.5761,17150000,115,128,175
chr6,17150000,0.196158,0.6227,17160000,125,109,261
chr6,17160000,0.206584,0.6219,17170000,91,64,186
chr6,17170000,0.267535,0.6215,17180000,146,144,358
chr6,17180000,0.176898,0.6233,17190000,103,84,225
chr6,17190000,0.195669,0.5922,17200000,127,118,225
chr6,17200000,0.28265,0.6222,17210000,207,195,466
chr6,17210000,0.242912,0.6208,17220000,165,145,365
chr6,17220000,0.178152,0.6216,17230000,85,74,179
chr6,17230000,0.22773,0.6217,17240000,138,132,341
chr6,17240000,0.220078,0.6207,17250000,167,146,304
chr6,17250000,0.27948,0.5983,17260000,152,124,289
chr6,17260000,0.266987,0.6248,17270000,199,139,352
chr6,17270000,0.132923,0.6205,17280000,143,141,249
chr6,17280000,0.1084,0.5912,17290000,88,59,140
chr6,17290000,0.21445,0.5822,17300000,94,80,168
chr6,17300000,0.256067,0.5795,17310000,201,173,263
chr6,17310000,0.247886,0.587,17320000,112,121,207
chr6,17320000,0.322093,0.6124,17330000,298,255,499
chr6,17330000,0.176091,0.6201,17340000,130,97,250
chr6,17340000,0.185423,0.5892,17350000,78,74,147
chr6,17350000,0.153713,0.6219,17360000,118,92,232
chr6,17360000,0.239701,0.6192,17370000,148,119,322
chr6,17370000,0.202326,0.6185,17380000,144,137,299
chr6,17380000,0.205204,0.6186,17390000,105,108,222
chr6,17390000,0.140158,0.6201,17400000,75,80,180
chr6,17400000,0.140031,0.6207,17410000,51,40,120
chr6,17410000,0.308938,0.6206,17420000,160,157,346
chr6,17420000,0.320711,0.618,17430000,255,217,499
chr6,17430000,0.209614,0.6185,17440000,119,106,256
chr6,17440000,0.193185,0.618,17450000,76,57,152
chr6,17450000,0.342622,0.6125,17460000,189,194,409
chr6,17460000,0.279075,0.5645,17470000,119,104,195
chr6,17470000,0.333108,0.6178,17480000,272,246,563
chr6,17480000,0.179895,0.6196,17490000,139,124,302
chr6,17490000,0.181679,0.5912,17500000,149,108,223
chr6,17500000,0.173947,0.6195,17510000,82,77,176
chr6,17510000,0.238442,0.6188,17520000,135,135,298
chr6,17520000,0.228667,0.6195,17530000,115,88,239
chr6,17530000,0.243161,0.6194,17540000,142,114,228
chr6,17540000,0.417547,0.6136,17550000,272,233,492
chr6,17550000,0.334699,0.6076,17560000,131,107,304
chr6,17560000,0.261548,0.5925,17570000,147,138,270
chr6,17570000,0.390424,0.61,17580000,200,165,355
chr6,17580000,0.249984,0.6098,17590000,121,103,231
chr6,17590000,0.28271,0.611,17600000,69,80,170
chr6,17600000,0.620308,0.608,17610000,417,384,780
chr6,17610000,0.673278,0.5898,17620000,433,389,771
chr6,17620000,0.351423,0.6535,17630000,203,184,354
chr6,17630000,0.517746,0.6518,17640000,482,457,731
chr6,17640000,0.40794,0.605,17650000,313,224,503
chr6,17650000,0.550583,0.5842,17660000,235,204,436
chr6,17660000,0.523419,0.5778,17670000,109,135,264
chr6,17670000,0.505443,0.5682,17680000,131,131,255
chr6,17680000,0.629501,0.5505,17690000,1352,1025,1321
chr6,17690000,0.751414,0.5404,17700000,567,600,990
chr6,17700000,0.966539,0.6204,17710000,1227,1222,1580
chr6,17710000,0.915587,0.6245,17720000,1138,1125,1365
chr6,17720000,0.887745,0.6282,17730000,1166,1172,1628
chr6,17730000,0.922322,0.5984,17740000,1223,1144,1577
chr6,17740000,0.683584,0.6162,17750000,559,606,901
chr6,17750000,0.579957,0.5975,17760000,470,492,753
chr6,17760000,0.620422,0.615,17770000,411,396,713
chr6,17770000,0.589991,0.6261,17780000,553,491,676
chr6,17780000,0.425752,0.6301,17790000,300,326,442
chr6,17790000,0.334047,0.6322,17800000,229,239,289
chr6,17800000,0.275613,0.636,17810000,121,115,191
chr6,17810000,0.438084,0.629,17820000,195,215,322
chr6,17820000,0.663509,0.628,17830000,472,437,702
chr6,17830000,0.444941,0.6281,17840000,321,258,473
chr6,17840000,0.396303,0.6269,17850000,201,222,322
chr6,17850000,0.643164,0.6287,17860000,503,486,718
chr6,17860000,0.66618,0.629,17870000,594,653,748
chr6,17870000,0.705278,0.6303,17880000,668,669,834
chr6,17880000,0.589311,0.6285,17890000,424,440,630
chr6,17890000,0.722951,0.6094,17900000,703,657,910
chr6,17900000,0.627715,0.6252,17910000,1772,1934,1372
chr6,17910000,0.497819,0.6056,17920000,353,346,543
chr6,17920000,0.488631,0.5946,17930000,273,227,385
chr6,17930000,0.690146,0.6185,17940000,668,677,889
chr6,17940000,0.816293,0.5948,17950000,1268,1010,1298
chr6,17950000,0.540758,0.6286,17960000,384,421,584
chr6,17960000,0.561479,0.6339,17970000,444,409,653
chr6,17970000,0.772101,0.6288,17980000,840,845,966
chr6,17980000,0.719926,0.6286,17990000,681,659,845
chr6,17990000,0.66617,0.6319,18000000,538,570,825
chr6,18000000,0.491278,0.6305,18010000,362,401,557
chr6,18010000,0.69083,0.6282,18020000,820,848,1055
chr6,18020000,0.99905,0.5794,18030000,975,973,1472
chr6,18030000,0.895403,0.5926,18040000,671,682,1181
chr6,18040000,0.794914,0.5988,18050000,620,630,1156
chr6,18050000,0.97665,0.5952,18060000,948,884,1513
chr6,18060000,0.878876,0.6255,18070000,823,876,1334
chr6,18070000,0.741096,0.6008,18080000,438,449,728
chr6,18080000,0.9763,0.5861,18090000,793,797,1432
chr6,18090000,1,0.6377,18100000,1047,1049,1769
chr6,18100000,0.837151,0.593,18110000,795,737,1195
chr6,18110000,0.281549,0.5857,18120000,240,220,385
chr6,18120000,0.724649,0.5907,18130000,660,695,1084
chr6,18130000,0.205872,0.5651,18140000,85,84,175
chr6,18140000,0.43205,0.5733,18150000,456,480,662
chr6,18150000,0.475434,0.5937,18160000,517,555,757
chr6,18160000,0.583102,0.5728,18170000,518,538,757
chr6,18170000,0.959159,0.5804,18180000,936,871,1521
chr6,18180000,0.89922,0.5889,18190000,2057,2013,2106
chr6,18190000,0.935292,0.6031,18200000,2310,2242,2402
chr6,18200000,0.96895,0.6344,18210000,897,859,1438
chr6,18210000,0.896042,0.5968,18220000,825,801,1276
chr6,18220000,0.963259,0.5776,18230000,1060,1106,1524
chr6,18230000,0.970986,0.5559,18240000,828,836,1326
chr6,18240000,1,0.5457,18250000,795,866,1257
chr6,18250000,0.995222,0.6014,18260000,1095,1005,1646
chr6,18260000,0.981802,0.57,18270000,1033,981,1436
chr6,18270000,0.947657,0.5939,18280000,871,927,1499
chr6,18280000,0.956164,0.5964,18290000,782,766,1427
chr6,18290000,0.947628,0.5873,18300000,727,743,1306
chr6,18300000,0.979408,0.5754,18310000,806,765,1361
chr6,18310000,0.981933,0.6011,18320000,945,1023,1613
chr6,18320000,1,0.6926,18330000,1402,1406,2213
chr6,18330000,0.855365,0.6256,18340000,946,1017,1639
chr6,18340000,0.885033,0.6262,18350000,1084,1133,1825
chr6,18350000,1,0.6352,18360000,1050,1096,1663
chr6,18360000,0.991183,0.6435,18370000,1271,1281,2093
chr6,18370000,0.910362,0.7006,18380000,1333,1191,2261
chr6,18380000,0.974533,0.6399,18390000,1184,1202,1872
chr6,18390000,0.948154,0.5676,18400000,777,736,1354
chr6,18400000,0.919367,0.6033,18410000,891,849,1484
chr6,18410000,1,0.7267,18420000,1864,1633,2929
chr6,18420000,0.99915,0.6136,18430000,1141,1294,1881
chr6,18430000,0.998867,0.6028,18440000,1158,1235,1815
chr6,18440000,0.98895,0.59,18450000,1117,984,1621
chr6,18450000,0.971348,0.5987,18460000,941,1061,1591
chr6,18460000,0.99945,0.6688,18470000,1652,1635,2248
chr6,18470000,0.996583,0.6811,18480000,1467,1406,2360
chr6,18480000,1,0.6896,18490000,1392,1427,2422
chr6,18490000,0.997567,0.6978,18500000,1432,1350,2368
chr6,18500000,0.995746,0.6181,18510000,1373,1224,1977
chr6,18510000,0.947325,0.518,18520000,674,651,1070
chr6,18520000,0.915851,0.527,18530000,677,702,1145
chr6,18530000,1,0.6117,18540000,1171,1274,1870
chr6,18540000,1,0.6164,18550000,955,1083,1650
chr6,18550000,0.911392,0.6136,18560000,976,971,1560
chr6,18560000,0.99915,0.6482,18570000,1224,1363,1989
chr6,18570000,1,0.6554,18580000,1435,1362,2080
chr6,18580000,0.905967,0.6824,18590000,1076,1210,1781
chr6,18590000,0.981392,0.5738,18600000,927,949,1508
chr6,18600000,0.925355,0.538,18610000,988,941,1353
chr6,18610000,0.908732,0.541,18620000,845,920,1278
chr6,18620000,0.99925,0.6706,18630000,1413,1392,2273
chr6,18630000,0.9818,0.7178,18640000,1510,1421,2598
chr6,18640000,0.9989,0.659,18650000,1439,1462,2062
chr6,18650000,0.962555,0.621,18660000,1063,1071,1751
chr6,18660000,0.946555,0.6795,18670000,1379,1194,2220
chr6,18670000,0.92135,0.6577,18680000,1073,1090,1839
chr6,18680000,0.941917,0.6387,18690000,1193,1069,1950
chr6,18690000,0.935,0.6972,18700000,1324,1312,2206
chr6,18700000,1,0.6839,18710000,1322,1323,2026
chr6,18710000,0.99555,0.6754,18720000,1345,1419,2228
chr6,18720000,0.989633,0.669,18730000,1726,1550,2478
chr6,18730000,0.998233,0.6532,18740000,1266,1352,1870
chr6,18740000,1,0.7044,18750000,1590,1593,2669
chr6,18750000,0.886616,0.6423,18760000,1050,1057,1633
chr6,18760000,0.7141,0.6123,18770000,761,721,1347
chr6,18770000,1,0.6086,18780000,1089,1142,1709
chr6,18780000,1,0.6207,18790000,1001,1113,1584
chr6,18790000,0.75186,0.602,18800000,691,725,1186
chr6,18800000,0.95176,0.6392,18810000,1168,1190,1717
chr6,18810000,0.944594,0.6535,18820000,1305,1340,2040
chr6,18820000,0.666703,0.5978,18830000,489,466,999
chr6,18830000,0.896736,0.6331,18840000,1358,1234,2136
chr6,18840000,1,0.694,18850000,1531,1412,2517
chr6,18850000,0.960558,0.6587,18860000,1275,1199,2143
chr6,18860000,1,0.671,18870000,2839,2584,3117
chr6,18870000,0.976298,0.6331,18880000,1116,1219,1689
chr6,18880000,1,0.6654,18890000,1454,1658,2226
chr6,18890000,1,0.6529,18900000,1209,1248,1988
chr6,18900000,0.9959,0.5973,18910000,1149,1131,1912
chr6,18910000,0.99395,0.6171,18920000,1183,1105,1918
chr6,18920000,0.9961,0.6388,18930000,1127,1230,1759
chr6,18930000,0.9857,0.6656,18940000,1381,1387,2034
chr6,18940000,0.962897,0.5657,18950000,892,891,1462
chr6,18950000,0.975658,0.5939,18960000,1239,1220,1922
chr6,18960000,0.989833,0.679,18970000,1329,1290,2177
chr6,18970000,0.948623,0.6462,18980000,1433,1457,1977
chr6,18980000,0.982281,0.6464,18990000,1298,1293,2210
chr6,18990000,0.8889,0.6201,19000000,939,964,1601
chr6,19000000,0.840503,0.6046,19010000,882,928,1525
chr6,19010000,0.996433,0.6821,19020000,1438,1463,2418
chr6,19020000,0.99518,0.6767,19030000,1441,1424,2257
chr6,19030000,1,0.669,19040000,1420,1440,2325
chr6,19040000,0.995429,0.6641,19050000,1466,1304,2277
chr6,19050000,0.994325,0.6468,19060000,1234,1325,1920
chr6,19060000,1,0.6356,19070000,1271,1248,1981
chr6,19070000,0.61524,0.559,19080000,646,748,936
chr6,19080000,0.831796,0.6231,19090000,1018,1045,1591
chr6,19090000,0.9993,0.7195,19100000,1584,1487,2478
chr6,19100000,0.976767,0.6688,19110000,1662,1689,2182
chr6,19110000,0.9885,0.6522,19120000,1130,1067,1998
chr6,19120000,1,0.6038,19130000,1153,1187,1791
chr6,19130000,0.958292,0.6345,19140000,1293,1215,2038
chr6,19140000,0.973413,0.6133,19150000,1080,1100,1806
chr6,19150000,0.987585,0.6214,19160000,1186,1147,1869
chr6,19160000,0.993025,0.5116,19170000,767,845,1198
chr6,19170000,0.970817,0.6406,19180000,1199,1179,1791
chr6,19180000,1,0.6845,19190000,1443,1483,2291
chr6,19190000,0.9844,0.6798,19200000,1494,1482,2144
chr6,19200000,1,0.5925,19210000,997,1047,1587
chr6,19210000,1,0.7105,19220000,1706,1543,2712
chr6,19220000,1,0.6496,19230000,1237,1266,1952
chr6,19230000,0.9671,0.6452,19240000,1089,1189,1835
chr6,19240000,0.92476,0.6614,19250000,1098,1144,2033
chr6,19250000,0.979245,0.6969,19260000,1400,1376,2250
chr6,19260000,0.95495,0.6394,19270000,1098,1168,1874
chr6,19270000,0.892017,0.5997,19280000,847,894,1541
chr6,19280000,1,0.5353,19290000,868,943,1365
chr6,19290000,0.832804,0.623,19300000,962,965,1389
chr6,19300000,0.96031,0.6191,19310000,1144,1112,1869
chr6,19310000,0.99205,0.5703,19320000,920,1018,1443
chr6,19320000,0.946951,0.666,19330000,5644,6068,4953
chr6,19330000,0.89396,0.55,19340000,874,898,1298
chr6,19340000,0.947519,0.5736,19350000,1327,1412,1653
chr6,19350000,0.9896,0.5982,19360000,5155,6278,4094
chr6,19360000,0.816658,0.6276,19370000,916,842,1411
chr6,19370000,0.991552,0.5598,19380000,864,908,1435
chr6,19380000,0.935699,0.594,19390000,848,863,1363
chr6,19390000,0.983698,0.6183,19400000,989,953,1649
chr6,19400000,0.785867,0.6849,19410000,3733,4712,3006
chr6,19410000,0.831833,0.6817,19420000,905,928,1378
chr6,19420000,0.991258,0.6935,19430000,1694,1549,2536
chr6,19430000,0.890575,0.663,19440000,1061,1040,1640
chr6,19440000,0.955998,0.6147,19450000,1013,987,1714
chr6,19450000,0.850331,0.6412,19460000,884,784,1553
chr6,19460000,0.9729,0.6761,19470000,1511,1500,2359
chr6,19470000,1,0.7227,19480000,1725,1613,2849
chr6,19480000,0.977861,0.6738,19490000,1300,1287,2193
chr6,19490000,0.993933,0.6767,19500000,1337,1363,2155
chr6,19500000,1,0.6439,19510000,1378,1277,2191
chr6,19510000,1,0.6593,19520000,1475,1443,2357
chr6,19520000,1,0.6769,19530000,1428,1431,2209
chr6,19530000,0.9649,0.6798,19540000,1909,1780,2725
chr6,19540000,0.95285,0.642,19550000,1088,1052,1889
chr6,19550000,1,0.6772,19560000,1471,1433,2219
chr6,19560000,1,0.6685,19570000,1527,1468,2386
chr6,19570000,0.995933,0.6103,19580000,1122,1117,1746
chr6,19580000,0.996633,0.6034,19590000,1093,1067,1805
chr6,19590000,1,0.7071,19600000,1691,1593,2820
chr6,19600000,0.990433,0.652,19610000,1374,1408,1998
chr6,19610000,1,0.6526,19620000,1210,1287,1882
chr6,19620000,0.971983,0.6633,19630000,1173,1190,1843
chr6,19630000,0.924917,0.6398,19640000,1067,1118,1791
chr6,19640000,0.9541,0.6448,19650000,1136,1268,2023
chr6,19650000,1,0.6879,19660000,1543,1403,2457
chr6,19660000,1,0.6826,19670000,1417,1457,2271
chr6,19670000,0.956446,0.6731,19680000,1321,1235,2102
chr6,19680000,1,0.5581,19690000,1073,1088,1592
chr6,19690000,0.9973,0.6034,19700000,940,1167,1397
chr6,19700000,0.99715,0.6126,19710000,1013,1151,1577
chr6,19710000,0.99715,0.6916,19720000,1866,1652,2572
chr6,19720000,0.702735,0.6623,19730000,1133,1097,1906
chr6,19730000,0.20745,0.5749,19740000,123,111,262
chr6,19740000,0.74219,0.6634,19750000,1033,959,1728
chr6,19750000,1,0.673,19760000,1363,1379,2246
chr6,19760000,0.99985,0.6556,19770000,1211,1229,1900
chr6,19770000,1,0.6657,19780000,1245,1272,1971
chr6,19780000,0.993693,0.6315,19790000,1233,1338,2033
chr6,19790000,1,0.68,19800000,1443,1496,2310
chr6,19800000,0.970931,0.681,19810000,1491,1469,2334
chr6,19810000,0.989743,0.6577,19820000,1494,1476,2145
chr6,19820000,0.987267,0.6185,19830000,1597,1571,2252
chr6,19830000,1,0.6626,19840000,1312,1403,2021
chr6,19840000,0.9955,0.5703,19850000,972,1024,1395
chr6,19850000,0.97565,0.5546,19860000,1577,1456,1730
chr6,19860000,0.991342,0.5655,19870000,1077,1066,1520
chr6,19870000,0.989517,0.5356,19880000,928,989,1364
chr6,19880000,0.954258,0.53,19890000,868,886,1258
chr6,19890000,0.889383,0.6245,19900000,2366,2216,2434
chr6,19900000,0.9868,0.6631,19910000,2054,2223,2603
chr6,19910000,0.96737,0.6207,19920000,1165,1159,1843
chr6,19920000,0.860989,0.5861,19930000,11374,9157,8717
chr6,19930000,0.422122,0.5834,19940000,950,800,1066
chr6,19940000,0.518457,0.5692,19950000,339,342,598
chr6,19950000,0.988507,0.5883,19960000,928,900,1534
chr6,19960000,0.993213,0.5945,19970000,958,921,1529
chr6,19970000,0.9542,0.6948,19980000,1614,1499,2387
chr6,19980000,0.981918,0.7194,19990000,1870,1680,2829
chr6,19990000,0.939982,0.5908,20000000,1624,1496,1998
chr6,20000000,0.9698,0.6077,20010000,1465,1435,2004
chr6,20010000,0.917347,0.679,20020000,2381,1901,2817
chr6,20020000,0.965292,0.6182,20030000,983,1076,1644
chr6,20030000,0.998867,0.6296,20040000,1112,1216,1909
chr6,20040000,0.99825,0.6877,20050000,1591,1443,2400
chr6,20050000,0.996572,0.675,20060000,1428,1291,2200
chr6,20060000,1,0.657,20070000,1463,1390,2039
chr6,20070000,0.9896,0.6634,20080000,1183,1273,2002
chr6,20080000,0.9972,0.652,20090000,1414,1390,2190
chr6,20090000,0.996117,0.6952,20100000,36771,40227,36766
chr6,20100000,1,0.6883,20110000,1455,1443,2395
chr6,20110000,1,0.6604,20120000,1404,1401,2231
chr6,20120000,1,0.6699,20130000,1332,1297,2185
chr6,20130000,0.973683,0.6571,20140000,1257,1253,2074
chr6,20140000,0.930915,0.6569,20150000,3805,3089,3475
chr6,20150000,0.991667,0.6552,20160000,1188,1254,2074
chr6,20160000,1,0.6684,20170000,1413,1471,2351
chr6,20170000,1,0.7016,20180000,1641,1470,2468
chr6,20180000,0.95422,0.6569,20190000,1358,1301,2216
chr6,20190000,0.8854,0.6295,20200000,904,1019,1423
chr6,20200000,1,0.638,20210000,1199,1300,1760
chr6,20210000,0.994733,0.612,20220000,842,878,1395
chr6,20220000,0.965433,0.5837,20230000,925,883,1754
chr6,20230000,1,0.6354,20240000,1176,1327,1819
chr6,20240000,1,0.6379,20250000,1245,1300,2027
chr6,20250000,1,0.6373,20260000,1208,1295,1934
chr6,20260000,0.978383,0.6589,20270000,1149,1215,2034
chr6,20270000,0.871706,0.6695,20280000,1167,1101,1824
chr6,20280000,0.98735,0.6965,20290000,1444,1378,2401
chr6,20290000,0.9994,0.6866,20300000,1464,1510,2363
chr6,20300000,0.99555,0.5861,20310000,939,1099,1578
chr6,20310000,1,0.6327,20320000,1192,1211,1787
chr6,20320000,0.975883,0.6413,20330000,1206,1170,1885
chr6,20330000,0.868021,0.6369,20340000,1009,1032,1649
chr6,20340000,0.995133,0.5759,20350000,1097,1132,1466
chr6,20350000,0.9915,0.5665,20360000,1086,994,1671
chr6,20360000,0.995908,0.7024,20370000,1699,1515,2849
chr6,20370000,1,0.6469,20380000,1224,1306,1935
chr6,20380000,0.987037,0.6802,20390000,1435,1384,2372
chr6,20390000,1,0.6244,20400000,1167,1203,1789
chr6,20400000,1,0.6571,20410000,1213,1207,1946
chr6,20410000,1,0.6749,20420000,1396,1448,2095
chr6,20420000,0.98842,0.6507,20430000,1349,1373,2210
chr6,20430000,0.87203,0.5724,20440000,704,638,1255
chr6,20440000,0.865212,0.6755,20450000,1100,1125,1846
chr6,20450000,0.781933,0.6731,20460000,894,916,1480
chr6,20460000,0.360955,0.6915,20470000,45,44,84
chr6,20470000,0.451232,0.6387,20480000,141,136,290
chr6,20480000,0.538547,0.5588,20490000,121,109,237
chr6,20490000,0.45585,0.6907,20500000,88,77,146
chr6,20500000,0.35091,0.6927,20510000,56,43,126
chr6,20510000,0.44271,0.6127,20520000,98,61,195
chr6,20520000,0.568925,0.5983,20530000,180,157,314
chr6,20530000,0.425123,0.6727,20540000,39,38,84
chr6,20540000,0.455625,0.6928,20550000,383,295,662
chr6,20550000,0.902439,0.6099,20560000,2094,1826,2829
chr6,20560000,0.8867,0.6307,20570000,958,1030,1836
chr6,20570000,1,0.6744,20580000,1320,1257,1983
chr6,20580000,1,0.6307,20590000,1058,1124,1738
chr6,20590000,1,0.6405,20600000,1107,1150,1899
chr6,20600000,0.985498,0.6179,20610000,1039,1161,1655
chr6,20610000,0.961788,0.6202,20620000,999,1122,1639
chr6,20620000,0.960917,0.689,20630000,1273,1285,2217
chr6,20630000,1,0.7355,20640000,1797,1661,3077
chr6,20640000,1,0.689,20650000,1518,1488,2497
chr6,20650000,1,0.5972,20660000,985,1029,1410
chr6,20660000,1,0.6802,20670000,1461,1405,2412
chr6,20670000,0.94085,0.6413,20680000,1326,1396,1725
chr6,20680000,0.952675,0.655,20690000,1278,1221,2003
chr6,20690000,0.839787,0.5847,20700000,625,605,1084
chr6,20700000,0.862975,0.7056,20710000,1092,1039,2039
chr6,20710000,0.829583,0.7097,20720000,1188,1038,2027
chr6,20720000,0.853884,0.6733,20730000,1528,1563,2108
chr6,20730000,0.588117,0.6779,20740000,426,359,724
chr6,20740000,0.923992,0.6484,20750000,1251,1251,1923
chr6,20750000,0.850583,0.6664,20760000,981,970,1509
chr6,20760000,0.681584,0.688,20770000,937,770,1487
chr6,20770000,0.902003,0.6296,20780000,878,923,1529
chr6,20780000,0.891843,0.632,20790000,826,944,1469
chr6,20790000,1,0.6756,20800000,1326,1454,2056
chr6,20800000,1,0.6905,20810000,1634,1774,2355
chr6,20810000,0.94,0.6737,20820000,1278,1270,2047
chr6,20820000,0.8986,0.6577,20830000,1282,1108,1990
chr6,20830000,1,0.6457,20840000,1192,1192,1835
chr6,20840000,0.98105,0.702,20850000,1480,1364,2407
chr6,20850000,1,0.6849,20860000,1956,1905,2800
chr6,20860000,1,0.6363,20870000,1274,1421,2012
chr6,20870000,0.99685,0.6887,20880000,1480,1458,2352
chr6,20880000,0.97935,0.6062,20890000,967,1117,1569
chr6,20890000,0.928832,0.6623,20900000,1109,1098,1869
chr6,20900000,0.991258,0.6514,20910000,1134,1227,1891
chr6,20910000,0.999267,0.612,20920000,1043,1039,1636
chr6,20920000,0.890667,0.6084,20930000,894,842,1497
chr6,20930000,0.411908,0.6735,20940000,334,349,584
chr6,20940000,1,0.6536,20950000,1517,1571,2252
chr6,20950000,0.980325,0.6807,20960000,1476,1499,2272
chr6,20960000,0.99529,0.706,20970000,1514,1422,2488
chr6,20970000,0.939716,0.6417,20980000,1087,1021,1789
chr6,20980000,0.935304,0.6185,20990000,1074,992,1730
chr6,20990000,1,0.68,21000000,1329,1375,2131
chr6,21000000,0.9934,0.637,21010000,1221,1237,2001
chr6,21010000,0.988419,0.6502,21020000,1230,1286,1900
chr6,21020000,0.9987,0.6042,21030000,1013,1173,1693
chr6,21030000,0.9987,0.623,21040000,1187,1154,1975
chr6,21040000,0.98995,0.6616,21050000,1349,1371,2145
chr6,21050000,1,0.6766,21060000,1363,1414,2367
chr6,21060000,0.981275,0.6763,21070000,1427,1341,2297
chr6,21070000,0.909361,0.6748,21080000,1282,1182,2085
chr6,21080000,0.288939,0.4904,21090000,105,99,181
chr6,21090000,0.886028,0.585,21100000,1057,958,1506
chr6,21100000,0.979533,0.6813,21110000,1294,1328,2133
chr6,21110000,1,0.7062,21120000,1578,1618,2430
chr6,21120000,0.947903,0.6985,21130000,1508,1369,2345
chr6,21130000,1,0.6918,21140000,1660,1727,2419
chr6,21140000,1,0.6185,21150000,1510,1543,1770
chr6,21150000,0.987992,0.6848,21160000,1489,1557,2428
chr6,21160000,0.891701,0.6386,21170000,947,932,1593
chr6,21170000,0.999212,0.683,21180000,1762,1660,2334
chr6,21180000,0.995256,0.622,21190000,1013,1111,1558
chr6,21190000,0.952195,0.6235,21200000,1286,1259,1910
chr6,21200000,1,0.6334,21210000,1005,1223,1733
chr6,21210000,0.998667,0.6903,21220000,1436,1463,2404
chr6,21220000,0.960061,0.6949,21230000,1452,1465,2454
chr6,21230000,0.996565,0.6987,21240000,1525,1564,2468
chr6,21240000,0.935708,0.638,21250000,1071,1030,1731
chr6,21250000,0.99985,0.6847,21260000,1324,1298,2104
chr6,21260000,0.9974,0.653,21270000,1374,1355,2217
chr6,21270000,0.9611,0.6182,21280000,978,1096,1604
chr6,21280000,1,0.6166,21290000,954,1054,1475
chr6,21290000,1,0.6216,21300000,1125,1197,1883
chr6,21300000,0.987288,0.6514,21310000,1302,1308,2228
chr6,21310000,1,0.6616,21320000,1243,1298,1971
chr6,21320000,0.880432,0.6152,21330000,836,846,1493
chr6,21330000,0.980043,0.6447,21340000,1179,1212,1961
chr6,21340000,0.987599,0.6335,21350000,1426,1346,2048
chr6,21350000,0.9937,0.6633,21360000,1502,1480,2199
chr6,21360000,0.924242,0.661,21370000,1249,1217,2020
chr6,21370000,0.925509,0.5734,21380000,1067,1241,1584
chr6,21380000,0.923576,0.6399,21390000,1019,1051,1696
chr6,21390000,1,0.7147,21400000,1676,1375,2582
chr6,21400000,0.928261,0.6537,21410000,1086,1055,1913
chr6,21410000,1,0.6247,21420000,976,1164,1604
chr6,21420000,0.997627,0.6862,21430000,1325,1403,2302
chr6,21430000,1,0.6633,21440000,1311,1314,1869
chr6,21440000,0.962717,0.6153,21450000,1090,1026,1762
chr6,21450000,0.97305,0.6021,21460000,957,971,1694
chr6,21460000,0.9864,0.6516,21470000,1328,1262,2075
chr6,21470000,1,0.6546,21480000,1286,1257,2027
chr6,21480000,1,0.6714,21490000,1327,1394,2299
chr6,21490000,1,0.6436,21500000,1220,1400,2069
chr6,21500000,0.9846,0.6405,21510000,1148,1093,1795
chr6,21510000,0.980359,0.6302,21520000,1091,1192,1795
chr6,21520000,0.991467,0.6346,21530000,1234,1277,2125
chr6,21530000,1,0.7184,21540000,1665,1588,2820
chr6,21540000,0.9971,0.6592,21550000,1305,1282,2059
chr6,21550000,1,0.6125,21560000,1076,1159,1675
chr6,21560000,0.9649,0.6893,21570000,1394,1395,2403
chr6,21570000,0.89693,0.6523,21580000,1085,943,2013
chr6,21580000,0.828308,0.6272,21590000,1062,924,1718
chr6,21590000,0.96282,0.6899,21600000,1419,1390,2306
chr6,21600000,1,0.6566,21610000,1227,1237,1915
chr6,21610000,0.962532,0.6139,21620000,1254,1224,1678
chr6,21620000,0.936132,0.5676,21630000,3229,2811,2776
chr6,21630000,1,0.6375,21640000,2109,1974,2249
chr6,21640000,1,0.6398,21650000,1156,1118,1973
chr6,21650000,0.939411,0.674,21660000,1411,1232,2353
chr6,21660000,0.610023,0.6485,21670000,752,640,1308
chr6,21670000,0.748543,0.6165,21680000,598,638,890
chr6,21680000,0.44737,0.7007,21690000,131,106,247
chr6,21690000,0.451015,0.6026,21700000,7,6,14
chr6,21700000,0.498325,0.6343,21710000,3,0,1
chr6,21710000,0.498265,0.6186,21720000,27,22,68
chr6,21720000,0.760051,0.6302,21730000,669,728,1006
chr6,21730000,0.468511,0.7061,21740000,153,145,321
chr6,21740000,0.450208,0.6026,21750000,19,19,30
chr6,21750000,0.498325,0.6349,21760000,1,1,4
chr6,21760000,0.498115,0.618,21770000,25,39,73
chr6,21770000,0.762434,0.62,21780000,893,815,1503
chr6,21780000,0.715191,0.6745,21790000,707,653,1217
chr6,21790000,0.76125,0.5482,21800000,664,624,1014
chr6,21800000,0.692228,0.6386,21810000,478,417,834
chr6,21810000,0.85297,0.6298,21820000,756,877,1231
chr6,21820000,0.992212,0.6867,21830000,1355,1406,2366
chr6,21830000,0.921107,0.6651,21840000,1160,1076,1951
chr6,21840000,0.986817,0.7004,21850000,1533,1439,2524
chr6,21850000,0.93899,0.6517,21860000,1133,1076,1833
chr6,21860000,0.996003,0.691,21870000,1481,1425,2332
chr6,21870000,1,0.658,21880000,1212,1335,1784
chr6,21880000,0.988269,0.7123,21890000,1577,1557,2651
chr6,21890000,1,0.6257,21900000,1031,1184,1675
chr6,21900000,0.9367,0.6616,21910000,1214,1160,2111
chr6,21910000,1,0.6571,21920000,1296,1290,2012
chr6,21920000,1,0.6023,21930000,942,1075,1434
chr6,21930000,0.96955,0.6453,21940000,1138,1311,1797
chr6,21940000,1,0.6329,21950000,1080,1218,1688
chr6,21950000,0.974844,0.6275,21960000,968,1095,1559
chr6,21960000,0.92063,0.4987,21970000,518,517,936
chr6,21970000,0.996725,0.6874,21980000,1839,1615,2467
chr6,21980000,0.942016,0.6731,21990000,1171,1287,2001
chr6,21990000,1,0.6217,22000000,1209,1348,1659
chr6,22000000,0.893867,0.6276,22010000,1010,1083,1658
chr6,22010000,0.94742,0.6353,22020000,1133,1144,1796
chr6,22020000,0.788212,0.6189,22030000,910,891,1627
chr6,22030000,0.99325,0.6197,22040000,1282,1166,1959
chr6,22040000,0.948102,0.6558,22050000,1243,1184,1933
chr6,22050000,0.934547,0.6556,22060000,1022,1078,1729
chr6,22060000,0.976103,0.6583,22070000,1181,1258,1953
chr6,22070000,0.980592,0.6407,22080000,1160,1168,1821
chr6,22080000,0.974467,0.6637,22090000,1229,1291,2019
chr6,22090000,0.967629,0.6545,22100000,1306,1243,2131
chr6,22100000,0.98836,0.7055,22110000,1694,1596,2696
chr6,22110000,1,0.6276,22120000,854,963,1524
chr6,22120000,0.988283,0.6418,22130000,1099,1157,1780
chr6,22130000,1,0.6638,22140000,912,927,1541
chr6,22140000,1,0.6189,22150000,1568,1821,1708
chr6,22150000,0.945125,0.6501,22160000,1867,2022,2166
chr6,22160000,0.652085,0.5918,22170000,1188,1598,1061
chr6,22170000,0.9911,0.6639,22180000,1564,1623,2294
chr6,22180000,0.944684,0.7028,22190000,1444,1300,2376
chr6,22190000,0.994144,0.6835,22200000,1326,1316,2155
chr6,22200000,0.9802,0.6676,22210000,1251,1281,2009
chr6,22210000,1,0.645,22220000,1161,1193,1794
chr6,22220000,1,0.6558,22230000,1212,1240,1933
chr6,22230000,1,0.6748,22240000,1272,1187,2059
chr6,22240000,0.985267,0.6564,22250000,1068,1128,1816
chr6,22250000,0.99895,0.6974,22260000,1563,1463,2533
chr6,22260000,1,0.6581,22270000,1268,1217,2034
chr6,22270000,0.998667,0.6209,22280000,982,1066,1559
chr6,22280000,1,0.6448,22290000,1117,1223,1881
chr6,22290000,0.974792,0.6673,22300000,1331,1219,2208
chr6,22300000,0.984575,0.6687,22310000,1189,1188,1839
chr6,22310000,0.787534,0.5764,22320000,751,740,1294
chr6,22320000,0.718819,0.5528,22330000,552,600,892
chr6,22330000,0.960351,0.6302,22340000,1088,1103,1697
chr6,22340000,1,0.6239,22350000,993,1162,1629
chr6,22350000,0.9952,0.6293,22360000,1084,1162,1652
chr6,22360000,0.998299,0.6734,22370000,1310,1320,1993
chr6,22370000,0.99695,0.6669,22380000,1254,1289,1907
chr6,22380000,0.97196,0.6358,22390000,1822,1521,2309
chr6,22390000,0.516841,0.6537,22400000,551,459,1030
chr6,22400000,0.991683,0.6954,22410000,1308,1233,2059
chr6,22410000,0.964083,0.6489,22420000,1225,1136,2040
chr6,22420000,1,0.6761,22430000,1452,1451,2268
chr6,22430000,1,0.6732,22440000,1466,1419,2130
chr6,22440000,0.993433,0.6641,22450000,1502,1436,2151
chr6,22450000,1,0.671,22460000,1311,1406,2107
chr6,22460000,0.946617,0.6297,22470000,1379,1534,1812
chr6,22470000,1,0.658,22480000,1214,1264,1957
chr6,22480000,1,0.643,22490000,1280,1239,2001
chr6,22490000,0.961217,0.6643,22500000,1201,1206,2177
chr6,22500000,0.987917,0.6422,22510000,1038,1129,1907
chr6,22510000,0.712795,0.6565,22520000,565,547,1000
chr6,22520000,0.793727,0.6569,22530000,873,783,1375
chr6,22530000,0.889331,0.5979,22540000,847,840,1483
chr6,22540000,0.508178,0.6367,22550000,33,26,87
chr6,22550000,0.9901,0.6198,22560000,1059,1145,1510
chr6,22560000,0.991767,0.6389,22570000,1138,1102,1913
chr6,22570000,0.99635,0.6244,22580000,1151,1161,1872
chr6,22580000,0.99785,0.6842,22590000,1410,1303,2321
chr6,22590000,0.998067,0.6303,22600000,1122,1184,1817
chr6,22600000,0.987083,0.6322,22610000,1146,1165,1938
chr6,22610000,0.981435,0.5482,22620000,878,781,1382
chr6,22620000,1,0.6833,22630000,1391,1377,2167
chr6,22630000,0.98994,0.6801,22640000,1375,1350,2146
chr6,22640000,0.9679,0.6746,22650000,1273,1254,1971
chr6,22650000,0.9959,0.647,22660000,1213,1253,1842
chr6,22660000,1,0.6734,22670000,1342,1357,2050
chr6,22670000,0.901997,0.5869,22680000,820,827,1479
chr6,22680000,0.908243,0.6089,22690000,934,832,1629
chr6,22690000,0.946117,0.6856,22700000,1301,1274,2052
chr6,22700000,0.933897,0.6665,22710000,1264,1206,2039
chr6,22710000,0.926568,0.6231,22720000,1233,1182,1794
chr6,22720000,0.9938,0.6616,22730000,1282,1276,2167
chr6,22730000,0.731772,0.6643,22740000,901,892,1534
chr6,22740000,0.916329,0.6511,22750000,1178,1148,1970
chr6,22750000,0.805623,0.6508,22760000,1051,933,1778
chr6,22760000,0.998465,0.648,22770000,1194,1127,1932
chr6,22770000,1,0.6598,22780000,1246,1317,1969
chr6,22780000,1,0.7183,22790000,1589,1565,2506
chr6,22790000,1,0.6476,22800000,1157,1282,1980
chr6,22800000,0.977191,0.6528,22810000,1164,1126,2098
chr6,22810000,0.767363,0.5921,22820000,636,741,1204
chr6,22820000,0.990717,0.6548,22830000,1171,1229,1772
chr6,22830000,0.9966,0.6415,22840000,1123,1274,1838
chr6,22840000,1,0.6391,22850000,1109,1190,1743
chr6,22850000,0.538149,0.6052,22860000,446,424,776
chr6,22860000,0.881771,0.6255,22870000,933,919,1298
chr6,22870000,0.996733,0.6329,22880000,1069,1228,1698
chr6,22880000,0.98715,0.6397,22890000,1042,1152,1714
chr6,22890000,0.890157,0.6379,22900000,1029,1013,1915
chr6,22900000,1,0.6211,22910000,966,1068,1540
chr6,22910000,1,0.6306,22920000,1017,1087,1650
chr6,22920000,0.984648,0.6576,22930000,1286,1271,1969
chr6,22930000,0.980642,0.6214,22940000,903,1002,1440
chr6,22940000,0.844056,0.5682,22950000,631,657,1078
chr6,22950000,0.9944,0.6264,22960000,1091,1114,1606
chr6,22960000,0.987117,0.698,22970000,1507,1408,2427
chr6,22970000,0.971373,0.6583,22980000,1198,1205,2188
chr6,22980000,1,0.7098,22990000,1481,1361,2526
chr6,22990000,0.974158,0.682,23000000,1352,1245,2259
chr6,23000000,0.989167,0.6982,23010000,1362,1326,2199
chr6,23010000,0.99945,0.6676,23020000,1270,1313,2170
chr6,23020000,1,0.6352,23030000,1020,1087,1618
chr6,23030000,0.983167,0.6335,23040000,1089,1111,1900
chr6,23040000,0.980608,0.6631,23050000,1124,1291,1996
chr6,23050000,1,0.6273,23060000,1117,1238,1861
chr6,23060000,1,0.6575,23070000,1256,1312,1908
chr6,23070000,1,0.6704,23080000,1316,1315,2014
chr6,23080000,0.967104,0.6986,23090000,1407,1220,2320
chr6,23090000,0.983083,0.6508,23100000,1133,1148,1801
chr6,23100000,0.797092,0.6717,23110000,859,808,1514
chr6,23110000,0.9202,0.6262,23120000,880,991,1502
chr6,23120000,0.954767,0.6492,23130000,1087,1112,1905
chr6,23130000,0.912354,0.5367,23140000,1224,1190,1614
chr6,23140000,0.879745,0.5194,23150000,917,973,1191
chr6,23150000,0.96895,0.6021,23160000,1190,1062,1622
chr6,23160000,0.6861,0.6419,23170000,961,893,1089
chr6,23170000,0.716645,0.6455,23180000,591,562,1055
chr6,23180000,0.787694,0.7029,23190000,1143,908,1925
chr6,23190000,0.68685,0.5899,23200000,547,550,917
chr6,23200000,0.997867,0.5897,23210000,1105,1105,1733
chr6,23210000,0.462663,0.6271,23220000,260,228,519
chr6,23220000,0.837342,0.687,23230000,1147,1043,1976
chr6,23230000,0.877352,0.6166,23240000,964,1090,1689
chr6,23240000,0.983617,0.6353,23250000,1112,1117,1697
chr6,23250000,0.92859,0.5664,23260000,1434,1385,1765
chr6,23260000,0.942,0.6283,23270000,1116,1136,1834
chr6,23270000,1,0.6221,23280000,1130,1230,1852
chr6,23280000,0.946683,0.6378,23290000,1255,1120,1831
chr6,23290000,1,0.658,23300000,1336,1475,2082
chr6,23300000,1,0.6175,23310000,960,1018,1490
chr6,23310000,0.99775,0.6279,23320000,1135,1226,1775
chr6,23320000,0.999333,0.665,23330000,1276,1339,2117
chr6,23330000,0.989628,0.6654,23340000,1155,1187,1799
chr6,23340000,0.9405,0.5557,23350000,1220,1260,1693
chr6,23350000,0.9192,0.6089,23360000,1151,1104,1778
chr6,23360000,0.89967,0.7437,23370000,1609,1406,2800
chr6,23370000,0.978826,0.6223,23380000,881,1029,1525
chr6,23380000,0.975545,0.6666,23390000,1269,1270,2078
chr6,23390000,1,0.6111,23400000,915,1081,1459
chr6,23400000,0.99665,0.6903,23410000,1395,1369,2405
chr6,23410000,0.991008,0.6666,23420000,1200,1195,1909
chr6,23420000,0.99585,0.6402,23430000,1068,1148,1829
chr6,23430000,0.9984,0.6353,23440000,1208,1245,1787
chr6,23440000,1,0.6291,23450000,1029,1139,1559
chr6,23450000,0.978,0.6253,23460000,998,1175,1692
chr6,23460000,0.976947,0.6875,23470000,1337,1272,2255
chr6,23470000,0.920783,0.6736,23480000,1420,1318,2187
chr6,23480000,0.530882,0.5017,23490000,507,457,931
chr6,23490000,0.746716,0.598,23500000,1774,1522,2445
chr6,23500000,0.644433,0.6212,23510000,330,348,576
chr6,23510000,0.581833,0.6664,23520000,588,509,1096
chr6,23520000,0.707283,0.6509,23530000,527,493,966
chr6,23530000,0.813967,0.6318,23540000,723,759,1110
chr6,23540000,0.95375,0.6577,23550000,1199,1094,2008
chr6,23550000,0.659233,0.6292,23560000,1354,1087,1624
chr6,23560000,0.962022,0.626,23570000,1430,1293,1909
chr6,23570000,0.943815,0.6491,23580000,1356,1259,2054
chr6,23580000,1,0.7011,23590000,1380,1397,2175
chr6,23590000,0.988625,0.6454,23600000,1254,1177,2000
chr6,23600000,0.999333,0.679,23610000,1388,1423,2123
chr6,23610000,0.976421,0.6514,23620000,1152,1234,1782
chr6,23620000,0.984886,0.6806,23630000,1331,1302,2305
chr6,23630000,0.80912,0.6432,23640000,984,927,1524
chr6,23640000,1,0.6258,23650000,658,866,980
chr6,23650000,0.988583,0.652,23660000,961,1121,1208
chr6,23660000,0.576723,0.6144,23670000,259,231,439
chr6,23670000,0.766824,0.6123,23680000,725,791,1098
chr6,23680000,0.814558,0.6282,23690000,1180,1191,1388
chr6,23690000,0.64585,0.6039,23700000,293,319,579
chr6,23700000,0.860012,0.6071,23710000,1368,1803,1365
chr6,23710000,0.974744,0.642,23720000,706,640,1291
chr6,23720000,0.99965,0.6209,23730000,1076,1094,1626
chr6,23730000,0.936045,0.6082,23740000,1084,972,1783
chr6,23740000,1,0.648,23750000,1148,1140,1804
chr6,23750000,0.99315,0.6251,23760000,1145,1276,1812
chr6,23760000,0.985525,0.6284,23770000,1983,2096,2166
chr6,23770000,0.99455,0.6299,23780000,1209,1313,1711
chr6,23780000,0.99465,0.6257,23790000,1119,1255,1692
chr6,23790000,0.96885,0.6404,23800000,1149,1153,1912
chr6,23800000,0.989621,0.6452,23810000,1242,1251,1983
chr6,23810000,0.997733,0.6667,23820000,1461,1508,2139
chr6,23820000,0.948283,0.6216,23830000,1519,1449,1943
chr6,23830000,0.872848,0.5816,23840000,709,688,1169
chr6,23840000,0.906771,0.6124,23850000,928,970,1561
chr6,23850000,0.993033,0.5635,23860000,3992,3644,4043
chr6,23860000,1,0.649,23870000,2132,1980,2769
chr6,23870000,0.9997,0.5912,23880000,753,826,1209
chr6,23880000,0.961848,0.6691,23890000,1189,1167,1896
chr6,23890000,0.9991,0.6304,23900000,1079,1136,1788
chr6,23900000,0.68753,0.6298,23910000,782,708,1393
chr6,23910000,1,0.6126,23920000,872,932,1399
chr6,23920000,0.849294,0.6254,23930000,745,673,1302
chr6,23930000,0.929083,0.6131,23940000,781,833,1391
chr6,23940000,0.992147,0.5805,23950000,896,957,1560
chr6,23950000,1,0.6747,23960000,1432,1366,2238
chr6,23960000,0.820383,0.6548,23970000,898,877,1732
chr6,23970000,0.96565,0.626,23980000,952,1069,1593
chr6,23980000,0.966767,0.6476,23990000,1226,1185,1889
chr6,23990000,0.989883,0.6149,24000000,972,1071,1555
chr6,24000000,0.874983,0.6175,24010000,812,987,1325
chr6,24010000,0.960733,0.6276,24020000,1125,1192,1605
chr6,24020000,0.9978,0.6236,24030000,1056,1137,1628
chr6,24030000,1,0.6702,24040000,1360,1274,2227
chr6,24040000,1,0.6106,24050000,958,1085,1493
chr6,24050000,1,0.6107,24060000,950,1031,1463
chr6,24060000,0.863717,0.6245,24070000,799,878,1306
chr6,24070000,1,0.636,24080000,1103,1203,1739
chr6,24080000,1,0.6268,24090000,977,1098,1603
chr6,24090000,0.966,0.6565,24100000,1194,1095,1991
chr6,24100000,0.99885,0.6219,24110000,984,1015,1686
chr6,24110000,1,0.6391,24120000,1075,1186,1649
chr6,24120000,0.966992,0.606,24130000,1094,1108,1864
chr6,24130000,1,0.6274,24140000,1093,1114,1724
chr6,24140000,1,0.6076,24150000,997,1038,1413
chr6,24150000,0.99735,0.6336,24160000,1128,1223,1801
chr6,24160000,1,0.6227,24170000,1072,1154,1649
chr6,24170000,1,0.6972,24180000,1480,1409,2339
chr6,24180000,1,0.6314,24190000,1007,1152,1613
chr6,24190000,0.994867,0.6594,24200000,1278,1276,2085
chr6,24200000,1,0.618,24210000,945,1073,1496
chr6,24210000,0.9991,0.676,24220000,1356,1334,2194
chr6,24220000,0.938248,0.6606,24230000,1230,1201,1957
chr6,24230000,1,0.6226,24240000,1190,1136,1643
chr6,24240000,0.99715,0.7033,24250000,1474,1366,2366
chr6,24250000,1,0.6759,24260000,1413,1266,2166
chr6,24260000,1,0.6118,24270000,960,1096,1546
chr6,24270000,1,0.636,24280000,1025,1106,1632
chr6,24280000,0.991575,0.6399,24290000,1045,1114,1893
chr6,24290000,0.99875,0.6665,24300000,1186,1282,2040
chr6,24300000,1,0.6427,24310000,1053,1114,1767
chr6,24310000,1,0.6454,24320000,1120,1107,1847
chr6,24320000,1,0.6433,24330000,1081,1031,1772
chr6,24330000,1,0.5932,24340000,588,617,929
chr6,24340000,1,0.6229,24350000,1012,1089,1667
chr6,24350000,0.931467,0.6351,24360000,1246,1193,2238
chr6,24360000,0.99895,0.6342,24370000,972,1125,1742
chr6,24370000,1,0.6466,24380000,1185,1260,1892
chr6,24380000,1,0.6158,24390000,842,956,1434
chr6,24390000,1,0.6278,24400000,1041,1142,1646
chr6,24400000,1,0.6282,24410000,1064,1086,1846
chr6,24410000,0.99825,0.6346,24420000,1084,1125,1894
chr6,24420000,1,0.6135,24430000,874,892,1406
chr6,24430000,1,0.6062,24440000,993,1090,1599
chr6,24440000,0.965867,0.6064,24450000,908,1004,1600
chr6,24450000,0.99965,0.6146,24460000,1071,1218,1642
chr6,24460000,1,0.6153,24470000,1935,1803,2515
chr6,24470000,1,0.6448,24480000,1113,1112,1803
chr6,24480000,0.99815,0.6702,24490000,1239,1239,1994
chr6,24490000,0.9873,0.6235,24500000,1052,1153,1773
chr6,24500000,1,0.6258,24510000,1003,1047,1628
chr6,24510000,0.871789,0.6719,24520000,1161,1024,1884
chr6,24520000,0.961867,0.6575,24530000,1164,1185,1874
chr6,24530000,0.834413,0.6569,24540000,881,891,1583
chr6,24540000,1,0.641,24550000,1003,1187,1654
chr6,24550000,0.946157,0.6553,24560000,1080,997,1726
chr6,24560000,0.920777,0.714,24570000,1629,1386,2625
chr6,24570000,0.938059,0.6316,24580000,1065,975,1652
chr6,24580000,0.965933,0.6364,24590000,951,1075,1573
chr6,24590000,0.998683,0.5979,24600000,873,978,1326
chr6,24600000,0.948321,0.5908,24610000,819,794,1404
chr6,24610000,0.853124,0.6054,24620000,854,750,1453
chr6,24620000,0.91205,0.6706,24630000,1064,1096,1700
chr6,24630000,1,0.6335,24640000,1074,1103,1627
chr6,24640000,0.671058,0.6058,24650000,430,428,744
chr6,24650000,0.981633,0.6047,24660000,944,1060,1386
chr6,24660000,0.798512,0.5381,24670000,488,457,855
chr6,24670000,0.754793,0.5949,24680000,711,635,1171
chr6,24680000,1,0.6206,24690000,1045,1114,1701
chr6,24690000,0.734729,0.6546,24700000,824,733,1505
chr6,24700000,0.9429,0.6819,24710000,1282,1249,2317
chr6,24710000,0.971283,0.666,24720000,1297,1182,2051
chr6,24720000,0.876383,0.658,24730000,1110,1033,1775
chr6,24730000,0.882433,0.6699,24740000,1156,1079,1895
chr6,24740000,1,0.6831,24750000,1385,1445,2207
chr6,24750000,1,0.605,24760000,686,741,1163
chr6,24760000,1,0.622,24770000,883,976,1489
chr6,24770000,0.996467,0.6403,24780000,1051,1108,1742
chr6,24780000,0.978383,0.6098,24790000,878,958,1445
chr6,24790000,0.9862,0.5747,24800000,1076,1086,1717
chr6,24800000,0.705224,0.535,24810000,545,524,970
chr6,24810000,0.962074,0.6967,24820000,1495,1384,2351
chr6,24820000,0.927899,0.6429,24830000,1747,1426,2628
chr6,24830000,0.945834,0.6813,24840000,1656,1468,2376
chr6,24840000,0.91715,0.6817,24850000,1558,1385,2484
chr6,24850000,0.906032,0.6405,24860000,1061,1114,1901
chr6,24860000,0.944347,0.6296,24870000,1076,1161,1926
chr6,24870000,0.967664,0.6572,24880000,1393,1307,2187
chr6,24880000,1,0.6345,24890000,1104,1140,1634
chr6,24890000,0.940133,0.6417,24900000,1044,1133,1641
chr6,24900000,1,0.6057,24910000,876,942,1393
chr6,24910000,1,0.6446,24920000,1325,1311,2059
chr6,24920000,0.992548,0.6035,24930000,935,996,1554
chr6,24930000,1,0.6216,24940000,990,1179,1604
chr6,24940000,0.9993,0.7001,24950000,1509,1447,2581
chr6,24950000,0.99545,0.6375,24960000,1217,1197,2003
chr6,24960000,0.989,0.6025,24970000,1083,1132,1612
chr6,24970000,0.98435,0.6372,24980000,1062,1093,1762
chr6,24980000,0.991,0.6446,24990000,1037,1128,1869
chr6,24990000,0.99605,0.6437,25000000,1160,1141,1861
chr6,25000000,0.9998,0.7004,25010000,1555,1410,2340
chr6,25010000,1,0.6644,25020000,1300,1398,2217
chr6,25020000,0.931942,0.6688,25030000,1283,1252,2172
chr6,25030000,0.988508,0.7047,25040000,1550,1449,2302
chr6,25040000,0.955817,0.676,25050000,1218,1159,2080
chr6,25050000,0.995567,0.6746,25060000,1311,1251,2012
chr6,25060000,0.981167,0.6885,25070000,1450,1400,2324
chr6,25070000,1,0.6521,25080000,1193,1273,2070
chr6,25080000,1,0.6545,25090000,1146,1246,1814
chr6,25090000,0.979403,0.6739,25100000,1349,1398,2138
chr6,25100000,1,0.693,25110000,1482,1361,2342
chr6,25110000,1,0.6373,25120000,1146,1213,1857
chr6,25120000,0.9929,0.7066,25130000,1608,1503,2544
chr6,25130000,0.966425,0.5831,25140000,962,936,1612
chr6,25140000,0.927157,0.532,25150000,722,626,1223
chr6,25150000,0.965933,0.6962,25160000,1375,1198,2199
chr6,25160000,1,0.708,25170000,1440,1417,2327
chr6,25170000,1,0.6812,25180000,1362,1296,2191
chr6,25180000,1,0.7005,25190000,1434,1388,2367
chr6,25190000,0.951105,0.6335,25200000,986,1029,1773
chr6,25200000,0.98965,0.6155,25210000,961,1082,1529
chr6,25210000,0.99825,0.6445,25220000,1179,1236,2023
chr6,25220000,0.987258,0.6435,25230000,1143,1189,1818
chr6,25230000,1,0.6086,25240000,912,1073,1431
chr6,25240000,0.999333,0.663,25250000,1329,1220,2221
chr6,25250000,0.969122,0.69,25260000,1539,1302,2515
chr6,25260000,1,0.6221,25270000,1014,1171,1727
chr6,25270000,1,0.6214,25280000,1044,1133,1504
chr6,25280000,0.992817,0.6738,25290000,1297,1220,1976
chr6,25290000,0.99055,0.6942,25300000,1327,1303,2261
chr6,25300000,1,0.6568,25310000,1267,1272,2037
chr6,25310000,1,0.633,25320000,1060,1108,1703
chr6,25320000,0.9927,0.6257,25330000,1073,1111,1726
chr6,25330000,0.9325,0.6538,25340000,1185,1146,2065
chr6,25340000,0.982398,0.6824,25350000,1361,1319,2138
chr6,25350000,1,0.599,25360000,885,1051,1503
chr6,25360000,1,0.611,25370000,1000,1037,1525
chr6,25370000,1,0.6435,25380000,1162,1237,1935
chr6,25380000,1,0.6732,25390000,1429,1342,2115
chr6,25390000,0.99995,0.6145,25400000,983,1070,1559
chr6,25400000,0.896825,0.6544,25410000,993,961,1911
chr6,25410000,1,0.6923,25420000,1381,1382,2143
chr6,25420000,0.9903,0.6728,25430000,1270,1282,1956
chr6,25430000,1,0.606,25440000,932,983,1444
chr6,25440000,0.991072,0.6469,25450000,1083,1095,1811
chr6,25450000,0.96465,0.6379,25460000,977,950,1608
chr6,25460000,1,0.6212,25470000,1024,1051,1609
chr6,25470000,1,0.5939,25480000,839,929,1314
chr6,25480000,1,0.6246,25490000,1072,1183,1765
chr6,25490000,1,0.6022,25500000,837,886,1257
chr6,25500000,0.894475,0.5729,25510000,653,771,1227
chr6,25510000,1,0.6263,25520000,942,1055,1470
chr6,25520000,1,0.6083,25530000,953,1104,1515
chr6,25530000,0.9578,0.6107,25540000,865,985,1348
chr6,25540000,1,0.6075,25550000,886,1026,1383
chr6,25550000,0.9998,0.6547,25560000,1161,1202,1863
chr6,25560000,1,0.6251,25570000,1042,1158,1766
chr6,25570000,1,0.6724,25580000,1371,1254,2082
chr6,25580000,0.9168,0.6669,25590000,872,958,1550
chr6,25590000,1,0.5868,25600000,780,851,1247
chr6,25600000,0.99865,0.6628,25610000,1117,1184,1865
chr6,25610000,0.429271,0.7375,25620000,462,470,874
chr6,25620000,0.206734,0.7573,25630000,164,168,262
chr6,25630000,1,0.6488,25640000,1148,1195,1857
chr6,25640000,0.99105,0.6235,25650000,1118,1053,1741
chr6,25650000,0.99485,0.6676,25660000,1282,1194,2001
chr6,25660000,1,0.5981,25670000,967,1001,1330
chr6,25670000,0.726677,0.5654,25680000,660,712,1262
chr6,25680000,0.801123,0.5816,25690000,748,737,1198
chr6,25690000,0.996619,0.6741,25700000,1455,1440,2254
chr6,25700000,0.967758,0.6313,25710000,1055,1125,1673
chr6,25710000,0.896522,0.6514,25720000,911,892,1639
chr6,25720000,1,0.5952,25730000,907,957,1344
chr6,25730000,1,0.6499,25740000,1165,1135,1932
chr6,25740000,1,0.6586,25750000,1173,1230,2148
chr6,25750000,1,0.6643,25760000,1230,1184,2000
chr6,25760000,0.97825,0.6377,25770000,1249,1161,1924
chr6,25770000,0.881601,0.6673,25780000,1072,1055,1701
chr6,25780000,1,0.5806,25790000,671,807,1127
chr6,25790000,1,0.5889,25800000,774,925,1132
chr6,25800000,1,0.6294,25810000,1173,1204,1975
chr6,25810000,0.99895,0.5752,25820000,670,747,1036
chr6,25820000,0.841428,0.6071,25830000,722,749,1175
chr6,25830000,0.423813,0.6004,25840000,154,142,339
chr7,0,0.552175,0.6029,10000,1107,1053,1549
chr7,10000,0.503155,0.6122,20000,1142,1112,1346
chr7,20000,0.345212,0.5844,30000,301,272,423
chr7,30000,0.828434,0.6632,40000,2585,2023,2959
chr7,40000,0.841765,0.6384,50000,1892,1606,2090
chr7,50000,0.965439,0.5967,60000,1991,1972,2159
chr7,60000,0.995567,0.6156,70000,1904,1924,2136
chr7,70000,0.977008,0.655,80000,2551,2291,2619
chr7,80000,1,0.6152,90000,1907,1976,2040
chr7,90000,1,0.5783,100000,1659,1801,1652
chr7,100000,0.99655,0.6073,110000,1885,1991,1931
chr7,110000,0.959225,0.6324,120000,2065,2087,2296
chr7,120000,1,0.6129,130000,1974,2100,2122
chr7,130000,1,0.6197,140000,2126,2179,2171
chr7,140000,0.965883,0.6216,150000,1736,1761,2046
chr7,150000,0.992625,0.6154,160000,1813,1861,1921
chr7,160000,0.9997,0.6082,170000,1760,1872,1782
chr7,170000,0.85815,0.6021,180000,1426,1389,1556
chr7,180000,1,0.6239,190000,2202,2073,2301
chr7,190000,0.988046,0.6154,200000,1950,2041,2041
chr7,200000,1,0.596,210000,1735,1989,1887
chr7,210000,1,0.6485,220000,2318,2482,2365
chr7,220000,0.745947,0.6129,230000,1306,1411,1383
chr7,230000,0.397676,0.6227,240000,41,43,54
chr7,240000,0.419326,0.6155,250000,209,176,310
chr7,250000,0.94405,0.6716,260000,2277,2211,2278
chr7,260000,1,0.6405,270000,2125,2119,2216
chr7,270000,0.931914,0.5988,280000,2355,2030,2516
chr7,280000,0.9814,0.5975,290000,2494,2376,2432
chr7,290000,0.9549,0.62,300000,1625,1661,1808
chr7,300000,1,0.6348,310000,2144,2309,2425
chr7,310000,0.964412,0.6128,320000,1732,1851,1907
chr7,320000,0.960243,0.623,330000,2214,2044,2559
chr7,330000,0.96905,0.7024,340000,2844,2580,2983
chr7,340000,1,0.626,350000,2143,2414,2214
chr7,350000,1,0.639,360000,2203,2289,2300
chr7,360000,0.975972,0.6703,370000,2244,2181,2580
chr7,370000,0.95055,0.6725,380000,2397,2087,2661
chr7,380000,0.926581,0.65,390000,2355,2040,2618
chr7,390000,0.980328,0.6528,400000,2737,2551,2975
chr7,400000,0.948667,0.6445,410000,2241,2190,2395
chr7,410000,1,0.619,420000,1959,2047,2063
chr7,420000,0.86225,0.6149,430000,1532,1573,1624
chr7,430000,0.9029,0.6547,440000,1962,1995,2229
chr7,440000,0.99575,0.6994,450000,2962,2808,3217
chr7,450000,0.938066,0.7066,460000,2730,2474,2993
chr7,460000,1,0.6425,470000,1999,1998,2184
chr7,470000,0.96528,0.6781,480000,2499,2228,2684
chr7,480000,1,0.627,490000,1887,1985,2035
chr7,490000,1,0.575,500000,1746,1877,1954
chr7,500000,0.980548,0.6415,510000,2026,1956,2224
chr7,510000,1,0.6513,520000,2373,2156,2440
chr7,520000,1,0.6534,530000,2224,2292,2371
chr7,530000,1,0.6316,540000,2045,2193,2189
chr7,540000,0.953005,0.657,550000,2524,2259,2894
chr7,550000,1,0.6687,560000,2308,2299,2614
chr7,560000,1,0.677,570000,2515,2344,2459
chr7,570000,0.989058,0.6685,580000,2483,2333,2586
chr7,580000,0.827908,0.6727,590000,1635,1400,2094
chr7,590000,0.935645,0.6415,600000,2142,2004,2589
chr7,600000,0.975971,0.638,610000,1999,2031,2251
chr7,610000,1,0.7078,620000,3098,2830,3311
chr7,620000,1,0.6517,630000,2321,2391,2589
chr7,630000,0.944495,0.6501,640000,2252,2250,2542
chr7,640000,1,0.6317,650000,2261,2305,2507
chr7,650000,1,0.7011,660000,2909,2788,3103
chr7,660000,0.974452,0.6576,670000,2374,2285,2563
chr7,670000,0.863657,0.6419,680000,1896,1876,2073
chr7,680000,1,0.669,690000,2457,2532,2562
chr7,690000,0.996467,0.71,700000,3007,2605,3351
chr7,700000,0.971252,0.673,710000,2549,2366,2683
chr7,710000,1,0.6823,720000,2723,2666,2856
chr7,720000,1,0.6561,730000,2318,2223,2359
chr7,730000,1,0.6769,740000,2565,2474,2635
chr7,740000,1,0.6528,750000,2386,2295,2366
chr7,750000,0.996183,0.697,760000,2776,2698,3304
chr7,760000,0.913883,0.6335,770000,2353,2236,2804
chr7,770000,0.9947,0.6052,780000,2458,2364,2446
chr7,780000,0.986666,0.5669,790000,1812,1673,2129
chr7,790000,0.894908,0.6918,800000,2456,2195,2730
chr7,800000,1,0.7103,810000,3048,2838,3253
chr7,810000,0.954333,0.6595,820000,2347,2160,2670
chr7,820000,0.967407,0.6574,830000,2133,2126,2451
chr7,830000,0.861457,0.6339,840000,1514,1531,1733
chr7,840000,1,0.6301,850000,1752,1803,1892
chr7,850000,0.993333,0.694,860000,2747,2458,3091
chr7,860000,1,0.6654,870000,2134,2004,2152
chr7,870000,0.929213,0.7014,880000,2645,2557,3068
chr7,880000,0.9977,0.6507,890000,2117,2119,2526
chr7,890000,0.97265,0.6151,900000,1499,1652,1674
chr7,900000,0.64515,0.6197,910000,834,974,934
chr7,910000,0.33585,0.6339,920000,0,0,0
chr7,920000,0.49255,0.6427,930000,0,0,1
chr7,930000,0.723258,0.6542,940000,938,935,908
chr7,940000,1,0.5951,950000,1261,1409,1403
chr7,950000,1,0.5688,960000,880,1080,967
chr7,960000,1,0.5955,970000,1336,1327,1413
chr7,970000,1,0.5878,980000,1477,1640,1760
chr7,980000,0.807907,0.5812,990000,1082,1116,1358
chr7,990000,0.9997,0.5993,1000000,1814,1791,1831
chr7,1000000,1,0.5733,1010000,1410,1628,1470
chr7,1010000,1,0.6001,1020000,1877,1966,1922
chr7,1020000,1,0.6132,1030000,1734,1833,1941
chr7,1030000,1,0.5831,1040000,1432,1545,1554
chr7,1040000,0.991355,0.6376,1050000,3168,2970,3194
chr7,1050000,0.856134,0.5768,1060000,1305,1476,1493
chr7,1060000,1,0.5927,1070000,1771,1818,1858
chr7,1070000,1,0.5936,1080000,1588,1727,1634
chr7,1080000,1,0.6136,1090000,2073,2105,2154
chr7,1090000,0.9576,0.607,1100000,1754,1723,1897
chr7,1100000,0.9643,0.5682,1110000,1353,1655,1453
chr7,1110000,0.985157,0.6018,1120000,1741,1931,1890
chr7,1120000,1,0.5748,1130000,1351,1566,1516
chr7,1130000,0.998358,0.6644,1140000,2412,2372,2711
chr7,1140000,0.966698,0.6044,1150000,1768,2036,1967
chr7,1150000,1,0.5964,1160000,1935,2065,2064
chr7,1160000,0.790913,0.6057,1170000,1430,1421,1656
chr7,1170000,1,0.6085,1180000,1729,1997,1806
chr7,1180000,1,0.6219,1190000,2129,2151,2199
chr7,1190000,1,0.6119,1200000,1666,1826,1773
chr7,1200000,0.9998,0.6219,1210000,2051,1956,2205
chr7,1210000,1,0.6254,1220000,1823,1994,1895
chr7,1220000,0.907315,0.6683,1230000,1959,1869,2349
chr7,1230000,1,0.6,1240000,1791,2008,1835
chr7,1240000,1,0.6173,1250000,1936,2062,2023
chr7,1250000,0.950583,0.6138,1260000,1666,1691,1747
chr7,1260000,0.952383,0.6238,1270000,1858,1854,2071
chr7,1270000,0.9172,0.6453,1280000,1957,1934,2089
chr7,1280000,0.99275,0.6511,1290000,2521,2442,2607
chr7,1290000,0.997987,0.6594,1300000,2272,2106,2390
chr7,1300000,1,0.6443,1310000,2081,2068,2311
chr7,1310000,1,0.626,1320000,2013,2125,1935
chr7,1320000,1,0.6561,1330000,2330,2524,2673
chr7,1330000,1,0.614,1340000,1868,2026,1830
chr7,1340000,1,0.5981,1350000,1687,1766,1736
chr7,1350000,1,0.6194,1360000,1982,2134,2021
chr7,1360000,1,0.6201,1370000,1846,2094,2146
chr7,1370000,1,0.6629,1380000,2390,2392,2656
chr7,1380000,1,0.6231,1390000,1727,1994,1942
chr7,1390000,0.99955,0.6339,1400000,2257,2236,2365
chr7,1400000,1,0.6121,1410000,1858,2010,1956
chr7,1410000,0.882389,0.6195,1420000,1752,1795,1930
chr7,1420000,0.975067,0.6428,1430000,1990,2078,2266
chr7,1430000,0.99421,0.6179,1440000,1909,2078,1910
chr7,1440000,0.987817,0.6739,1450000,2532,2412,2723
chr7,1450000,0.990471,0.6858,1460000,2728,2583,2835
chr7,1460000,1,0.6323,1470000,2041,2076,2162
chr7,1470000,1,0.6587,1480000,2345,2334,2465
chr7,1480000,1,0.6122,1490000,1630,1810,1829
chr7,1490000,0.997,0.624,1500000,1927,2029,2054
chr7,1500000,0.9989,0.6353,1510000,2153,2193,2197
chr7,1510000,0.997,0.6583,1520000,2365,2271,2677
chr7,1520000,1,0.6041,1530000,1427,1743,1581
chr7,1530000,1,0.5953,1540000,1637,1803,1696
chr7,1540000,1,0.6258,1550000,1947,2065,2024
chr7,1550000,0.9982,0.6299,1560000,1846,1861,1996
chr7,1560000,0.999783,0.6224,1570000,1721,1767,2026
chr7,1570000,0.9958,0.6431,1580000,1791,1759,1946
chr7,1580000,0.888831,0.6317,1590000,1867,1712,2085
chr7,1590000,0.947733,0.5976,1600000,1447,1420,1507
chr7,1600000,0.96445,0.6619,1610000,2097,2034,2330
chr7,1610000,1,0.6252,1620000,1846,1881,2053
chr7,1620000,0.9981,0.6804,1630000,2566,2567,2697
chr7,1630000,0.984217,0.6723,1640000,2480,2279,2955
chr7,1640000,1,0.6743,1650000,2404,2391,2572
chr7,1650000,0.84428,0.6624,1660000,1926,1791,2113
chr7,1660000,0.99905,0.6602,1670000,2561,2577,2731
chr7,1670000,0.948327,0.6673,1680000,2215,2344,2535
chr7,1680000,0.962886,0.6475,1690000,1691,1642,1920
chr7,1690000,1,0.731,1700000,3277,2808,3714
chr7,1700000,0.9999,0.6282,1710000,2035,2048,2163
chr7,1710000,1,0.6337,1720000,2121,2231,2254
chr7,1720000,0.969517,0.6517,1730000,2252,2150,2298
chr7,1730000,0.934381,0.5912,1740000,1583,1539,1881
chr7,1740000,0.99755,0.6149,1750000,1964,2076,2075
chr7,1750000,1,0.6103,1760000,1882,2054,1963
chr7,1760000,0.99915,0.6724,1770000,2601,2467,2928
chr7,1770000,1,0.613,1780000,1905,2229,2063
chr7,1780000,0.877189,0.6527,1790000,2028,1946,2359
chr7,1790000,0.99445,0.6791,1800000,2425,2304,2743
chr7,1800000,0.6362,0.588,1810000,868,803,1035
chr7,1810000,0.960995,0.628,1820000,1768,1791,1929
chr7,1820000,0.970608,0.6721,1830000,2564,2430,2932
chr7,1830000,0.943926,0.6773,1840000,2428,2254,2837
chr7,1840000,0.989883,0.6263,1850000,2019,2024,2226
chr7,1850000,1,0.628,1860000,1818,1974,2151
chr7,1860000,1,0.6449,1870000,2212,2142,2249
chr7,1870000,0.888948,0.5208,1880000,1088,1087,1299
chr7,1880000,0.931969,0.6,1890000,1660,1703,1668
chr7,1890000,0.970388,0.6774,1900000,2458,2309,2521
chr7,1900000,0.97075,0.7013,1910000,2825,2513,2903
chr7,1910000,1,0.6684,1920000,2459,2400,2500
chr7,1920000,0.9889,0.612,1930000,1785,1862,1868
chr7,1930000,0.9391,0.6281,1940000,2079,2171,2274
chr7,1940000,1,0.6636,1950000,2645,2582,2824
chr7,1950000,0.9391,0.665,1960000,2283,2315,2643
chr7,1960000,0.9999,0.6326,1970000,2219,2290,2196
chr7,1970000,0.9882,0.6512,1980000,2250,2159,2398
chr7,1980000,0.986114,0.7006,1990000,2793,2521,3218
chr7,1990000,0.996692,0.6901,2000000,2765,2601,2955
chr7,2000000,0.99555,0.6972,2010000,2767,2732,2926
chr7,2010000,0.988417,0.705,2020000,2798,2556,2939
chr7,2020000,1,0.6535,2030000,2123,2225,2350
chr7,2030000,1,0.683,2040000,2565,2596,2753
chr7,2040000,1,0.6803,2050000,2658,2718,2961
chr7,2050000,0.92605,0.6499,2060000,2069,1986,2334
chr7,2060000,0.980683,0.6606,2070000,2404,2382,2551
chr7,2070000,0.575683,0.6539,2080000,550,568,716
chr7,2080000,0.877667,0.6155,2090000,1515,1683,1630
chr7,2090000,0.993317,0.6197,2100000,1921,2083,1966
chr7,2100000,1,0.6186,2110000,2056,2152,2141
chr7,2110000,1,0.6448,2120000,2184,2251,2415
chr7,2120000,1,0.6934,2130000,2697,2643,3046
chr7,2130000,0.99985,0.6369,2140000,2189,2180,2329
chr7,2140000,0.9995,0.6215,2150000,2076,1938,2417
chr7,2150000,1,0.6822,2160000,2636,2579,2979
chr7,2160000,0.98655,0.6709,2170000,2419,2354,2701
chr7,2170000,0.966812,0.6746,2180000,2442,2196,2699
chr7,2180000,0.819358,0.6935,2190000,1793,1670,1934
chr7,2190000,0.81605,0.6154,2200000,1346,1355,1431
chr7,2200000,1,0.6244,2210000,1841,2009,2048
chr7,2210000,1,0.6421,2220000,2243,2171,2293
chr7,2220000,0.988033,0.664,2230000,2546,2376,2723
chr7,2230000,1,0.6658,2240000,2495,2346,2745
chr7,2240000,1,0.6953,2250000,2981,2658,3125
chr7,2250000,1,0.6528,2260000,2248,2274,2338
chr7,2260000,1,0.621,2270000,2035,2211,2032
chr7,2270000,0.827942,0.6077,2280000,1513,1552,1698
chr7,2280000,0.964442,0.6533,2290000,2242,2188,2387
chr7,2290000,0.904,0.6475,2300000,1761,1782,1877
chr7,2300000,0.933667,0.6227,2310000,2037,1841,2347
chr7,2310000,0.990717,0.6732,2320000,2543,2427,2735
chr7,2320000,1,0.6075,2330000,1943,2168,2047
chr7,2330000,1,0.6676,2340000,2438,2471,2505
chr7,2340000,0.99245,0.6751,2350000,2599,2468,2850
chr7,2350000,0.964992,0.6836,2360000,2635,2370,2956
chr7,2360000,0.687947,0.6362,2370000,1490,1394,1660
chr7,2370000,0.9802,0.6963,2380000,2646,2638,2944
chr7,2380000,0.9922,0.7058,2390000,3044,2690,3219
chr7,2390000,1,0.6485,2400000,2152,2302,2218
chr7,2400000,1,0.6425,2410000,2233,2297,2361
chr7,2410000,0.904573,0.6499,2420000,2076,2181,2608
chr7,2420000,1,0.649,2430000,2373,2308,2503
chr7,2430000,1,0.6257,2440000,2055,2131,2230
chr7,2440000,1,0.6652,2450000,2449,2430,2513
chr7,2450000,0.921543,0.6828,2460000,2452,2342,2666
chr7,2460000,0.979745,0.6474,2470000,2163,2036,2573
chr7,2470000,1,0.6048,2480000,1792,1952,1913
chr7,2480000,1,0.6436,2490000,2263,2266,2414
chr7,2490000,0.996676,0.6552,2500000,2587,2598,2686
chr7,2500000,1,0.6364,2510000,2206,2252,2287
chr7,2510000,0.99105,0.7012,2520000,2730,2474,3024
chr7,2520000,0.940533,0.6495,2530000,2010,1940,2104
chr7,2530000,0.984122,0.6851,2540000,2726,2633,2831
chr7,2540000,0.971393,0.6587,2550000,2219,2215,2480
chr7,2550000,0.89181,0.6467,2560000,1891,1978,2228
chr7,2560000,1,0.6997,2570000,3013,2855,3173
chr7,2570000,0.99855,0.6675,2580000,2529,2512,2922
chr7,2580000,0.969988,0.6209,2590000,1914,1938,2117
chr7,2590000,0.986954,0.68,2600000,2599,2434,2726
chr7,2600000,1,0.6558,2610000,2421,2373,2524
chr7,2610000,1,0.6543,2620000,2342,2330,2498
chr7,2620000,0.980033,0.6587,2630000,2335,2314,2778
chr7,2630000,1,0.619,2640000,1823,1969,1961
chr7,2640000,1,0.6419,2650000,2153,2242,2306
chr7,2650000,0.976402,0.6202,2660000,1880,1954,2024
chr7,2660000,0.9802,0.661,2670000,2295,2216,2568
chr7,2670000,0.99845,0.6654,2680000,2358,2337,2537
chr7,2680000,1,0.6449,2690000,2104,2289,2264
chr7,2690000,0.9981,0.653,2700000,2242,2284,2639
chr7,2700000,1,0.6448,2710000,2245,2335,2442
chr7,2710000,1,0.6178,2720000,1993,2051,2069
chr7,2720000,0.99615,0.6606,2730000,2484,2277,2558
chr7,2730000,0.9982,0.6357,2740000,2137,2365,2300
chr7,2740000,0.9981,0.6545,2750000,2398,2222,2471
chr7,2750000,1,0.6769,2760000,2743,2562,2791
chr7,2760000,1,0.6351,2770000,2134,2275,2226
chr7,2770000,1,0.6189,2780000,1756,1949,1924
chr7,2780000,0.998138,0.6693,2790000,2417,2319,2642
chr7,2790000,1,0.6432,2800000,2268,2386,2495
chr7,2800000,0.95458,0.6914,2810000,2734,2483,2969
chr7,2810000,1,0.6502,2820000,2303,2183,2230
chr7,2820000,1,0.5897,2830000,1788,2036,1818
chr7,2830000,1,0.688,2840000,2674,2552,2816
chr7,2840000,1,0.6027,2850000,1804,1996,1881
chr7,2850000,0.995793,0.6328,2860000,2033,2141,2264
chr7,2860000,0.930092,0.6989,2870000,2513,2152,2901
chr7,2870000,1,0.6617,2880000,2435,2395,2455
chr7,2880000,1,0.6111,2890000,1377,1486,1474
chr7,2890000,1,0.5933,2900000,1366,1480,1418
chr7,2900000,0.9447,0.665,2910000,2209,2094,2440
chr7,2910000,0.968133,0.6676,2920000,2424,2368,2696
chr7,2920000,0.9995,0.5988,2930000,1778,2016,1924
chr7,2930000,0.974473,0.6366,2940000,2014,2120,2207
chr7,2940000,0.989665,0.6346,2950000,2134,2190,2286
chr7,2950000,1,0.6428,2960000,2192,2278,2324
chr7,2960000,1,0.6175,2970000,2123,2054,2179
chr7,2970000,1,0.6423,2980000,2211,2187,2385
chr7,2980000,1,0.5896,2990000,1676,1853,1691
chr7,2990000,0.997,0.6533,3000000,2266,2270,2525
chr7,3000000,0.9836,0.6249,3010000,1814,2021,2041
chr7,3010000,1,0.6092,3020000,1729,1798,1889
chr7,3020000,1,0.6031,3030000,1860,1921,1807
chr7,3030000,0.9969,0.6273,3040000,2059,2249,2133
chr7,3040000,0.7758,0.6175,3050000,1235,1389,1381
chr7,3050000,0.972433,0.6303,3060000,2055,2114,2207
chr7,3060000,0.9656,0.6149,3070000,1747,1935,1975
chr7,3070000,0.257195,0.6493,3080000,394,363,527
chr7,3080000,0.17079,0.6648,3090000,71,74,95
chr7,3090000,0.12548,0.6152,3100000,0,0,0
chr7,3100000,0.146949,0.6674,3110000,28,28,32
chr7,3110000,0.132614,0.6425,3120000,0,0,1
chr7,3120000,0.129468,0.6373,3130000,0,0,0
chr7,3130000,0.149676,0.6781,3140000,35,23,55
chr7,3140000,0.128586,0.6353,3150000,0,0,0
chr7,3150000,0.133471,0.6407,3160000,0,0,1
chr7,3160000,0.155501,0.6847,3170000,65,57,73
chr7,3170000,0.125809,0.6053,3180000,0,0,0
chr7,3180000,0.148921,0.6648,3190000,21,34,52
chr7,3190000,0.321542,0.6674,3200000,585,503,771
chr7,3200000,0.912631,0.6594,3210000,2169,1997,2296
chr7,3210000,1,0.6205,3220000,1866,1988,1892
chr7,3220000,1,0.6513,3230000,2423,2391,2467
chr7,3230000,0.999067,0.6487,3240000,2239,2295,2541
chr7,3240000,0.995883,0.6756,3250000,2480,2459,2809
chr7,3250000,0.99515,0.6386,3260000,2020,2077,2264
chr7,3260000,0.96427,0.6737,3270000,2342,1946,2536
chr7,3270000,0.9989,0.6518,3280000,2352,2227,2499
chr7,3280000,0.987103,0.6674,3290000,2518,2506,2601
chr7,3290000,1,0.6135,3300000,1909,2096,1988
chr7,3300000,1,0.6387,3310000,2237,2217,2288
chr7,3310000,0.99515,0.6283,3320000,2012,2100,2189
chr7,3320000,1,0.6142,3330000,1667,1875,1885
chr7,3330000,0.99325,0.66,3340000,2304,2313,2579
chr7,3340000,0.974861,0.676,3350000,2577,2363,2862
chr7,3350000,0.9998,0.6315,3360000,2156,2185,2258
chr7,3360000,0.9995,0.6561,3370000,2039,2000,2145
chr7,3370000,0.796446,0.5406,3380000,1001,963,1236
chr7,3380000,0.855498,0.581,3390000,1500,1567,1709
chr7,3390000,0.988717,0.6467,3400000,2318,2440,2342
chr7,3400000,0.997493,0.6559,3410000,2319,2381,2506
chr7,3410000,0.920433,0.672,3420000,1767,1704,2048
chr7,3420000,0.99695,0.6188,3430000,1256,1401,1464
chr7,3430000,0.99625,0.6363,3440000,1655,1620,1997
chr7,3440000,0.9754,0.674,3450000,1850,1651,2184
chr7,3450000,0.999488,0.6604,3460000,2308,2249,2578
chr7,3460000,0.657526,0.6148,3470000,1127,1072,1326
chr7,3470000,1,0.6141,3480000,1698,1727,1869
chr7,3480000,0.985017,0.6494,3490000,1853,1831,2046
chr7,3490000,0.9798,0.654,3500000,2459,2430,2759
chr7,3500000,0.944745,0.648,3510000,2070,2191,2334
chr7,3510000,0.99902,0.6893,3520000,2621,2515,2834
chr7,3520000,1,0.6416,3530000,2351,2314,2396
chr7,3530000,1,0.6376,3540000,2020,2082,2137
chr7,3540000,0.99205,0.649,3550000,2190,2295,2345
chr7,3550000,1,0.6324,3560000,2283,2361,2463
chr7,3560000,0.99746,0.6376,3570000,2320,2261,2467
chr7,3570000,0.841668,0.6307,3580000,1569,1727,1714
chr7,3580000,1,0.6078,3590000,1734,1946,1792
chr7,3590000,0.7385,0.5953,3600000,1084,1118,1238
chr7,3600000,1,0.5945,3610000,1717,1886,1712
chr7,3610000,0.96705,0.6577,3620000,2129,2261,2205
chr7,3620000,0.99955,0.7068,3630000,2728,2620,2917
chr7,3630000,0.982183,0.6831,3640000,2548,2370,2768
chr7,3640000,0.9998,0.6289,3650000,2115,2192,2291
chr7,3650000,0.97885,0.6585,3660000,2197,2021,2385
chr7,3660000,0.826243,0.6481,3670000,1741,1698,1973
chr7,3670000,1,0.6496,3680000,2227,2353,2323
chr7,3680000,1,0.6415,3690000,2119,2190,2251
chr7,3690000,1,0.6556,3700000,2347,2429,2519
chr7,3700000,0.991357,0.7118,3710000,3008,2715,3401
chr7,3710000,1,0.6482,3720000,2146,2232,2094
chr7,3720000,1,0.664,3730000,2499,2439,2635
chr7,3730000,0.991983,0.6655,3740000,2403,2226,2466
chr7,3740000,0.970136,0.6289,3750000,1980,1883,2035
chr7,3750000,0.862826,0.5917,3760000,1529,1461,1757
chr7,3760000,0.704771,0.6193,3770000,1355,1296,1625
chr7,3770000,0.93515,0.6207,3780000,1499,1646,1637
chr7,3780000,1,0.5977,3790000,1702,1818,1740
chr7,3790000,0.990201,0.6667,3800000,2370,2378,2599
chr7,3800000,0.984027,0.6233,3810000,2687,2462,2508
chr7,3810000,1,0.6171,3820000,1937,1968,2023
chr7,3820000,0.99115,0.6343,3830000,2166,2291,2397
chr7,3830000,1,0.6314,3840000,2130,2252,2306
chr7,3840000,1,0.5952,3850000,1739,1958,1863
chr7,3850000,1,0.618,3860000,1822,1865,1902
chr7,3860000,0.985788,0.6528,3870000,2244,2218,2511
chr7,3870000,1,0.6212,3880000,2009,2113,2007
chr7,3880000,1,0.6329,3890000,2080,2342,2203
chr7,3890000,0.985357,0.6388,3900000,2273,2297,2355
chr7,3900000,0.926083,0.6465,3910000,1965,2047,2240
chr7,3910000,0.998995,0.6287,3920000,2111,2143,2190
chr7,3920000,0.999087,0.6455,3930000,2305,2369,2424
chr7,3930000,1,0.6843,3940000,2694,2598,2861
chr7,3940000,1,0.6252,3950000,2152,2266,2207
chr7,3950000,1,0.5955,3960000,1767,1909,1883
chr7,3960000,1,0.5864,3970000,1318,1638,1494
chr7,3970000,0.824142,0.6818,3980000,1833,1777,2009
chr7,3980000,0.9667,0.6416,3990000,1963,2008,2177
chr7,3990000,1,0.6053,4000000,1685,1847,1869
chr7,4000000,0.994417,0.6329,4010000,2155,2264,2449
chr7,4010000,0.9996,0.6259,4020000,2082,2183,2393
chr7,4020000,1,0.6689,4030000,2451,2554,2597
chr7,4030000,0.98935,0.6256,4040000,2138,2185,2242
chr7,4040000,1,0.6311,4050000,2050,2237,2135
chr7,4050000,1,0.6932,4060000,2673,2665,2905
chr7,4060000,0.9906,0.6939,4070000,2786,2565,3035
chr7,4070000,0.998742,0.6482,4080000,2310,2291,2378
chr7,4080000,0.9982,0.6366,4090000,2013,2054,2204
chr7,4090000,1,0.6589,4100000,2263,2368,2496
chr7,4100000,0.99805,0.6846,4110000,2444,2429,2604
chr7,4110000,0.9949,0.6805,4120000,2517,2454,2781
chr7,4120000,1,0.6238,4130000,1888,1993,1972
chr7,4130000,0.9997,0.6614,4140000,2436,2426,2561
chr7,4140000,0.9997,0.6193,4150000,1859,2082,2104
chr7,4150000,0.9833,0.6443,4160000,2113,2177,2194
chr7,4160000,1,0.6332,4170000,1985,2101,2086
chr7,4170000,1,0.6237,4180000,2084,2066,2127
chr7,4180000,1,0.6217,4190000,2052,2150,2103
chr7,4190000,0.986993,0.6419,4200000,2118,2217,2282
chr7,4200000,0.998217,0.6052,4210000,1790,1915,1812
chr7,4210000,1,0.6117,4220000,1624,1875,1762
chr7,4220000,1,0.5947,4230000,1474,1661,1543
chr7,4230000,0.921075,0.6544,4240000,1950,1848,2234
chr7,4240000,1,0.6463,4250000,2083,2078,2035
chr7,4250000,1,0.6223,4260000,1817,1843,1931
chr7,4260000,1,0.623,4270000,1835,1966,2021
chr7,4270000,1,0.6175,4280000,1836,1905,1997
chr7,4280000,0.9992,0.6251,4290000,2021,1993,2074
chr7,4290000,0.9992,0.6123,4300000,1906,2157,1916
chr7,4300000,1,0.6316,4310000,2106,2161,2260
chr7,4310000,1,0.5987,4320000,1595,1687,1672
chr7,4320000,1,0.6261,4330000,1942,2097,1984
chr7,4330000,0.99585,0.6642,4340000,2290,2182,2642
chr7,4340000,1,0.6373,4350000,1836,2001,2073
chr7,4350000,1,0.6219,4360000,2012,1925,2095
chr7,4360000,0.98525,0.6397,4370000,2054,2176,2248
chr7,4370000,0.99975,0.637,4380000,2166,2100,2246
chr7,4380000,1,0.616,4390000,2000,2193,1921
chr7,4390000,1,0.6631,4400000,2212,2353,2375
chr7,4400000,0.97345,0.6269,4410000,1932,2074,2033
chr7,4410000,0.983983,0.6574,4420000,2210,1968,2413
chr7,4420000,0.882933,0.6109,4430000,1492,1514,1706
chr7,4430000,0.971583,0.6478,4440000,2340,2249,2542
chr7,4440000,0.92547,0.6227,4450000,1939,1933,2330
chr7,4450000,1,0.6208,4460000,1890,2008,2128
chr7,4460000,0.983547,0.6471,4470000,2178,2129,2238
chr7,4470000,0.99935,0.6199,4480000,1859,2023,2057
chr7,4480000,1,0.6443,4490000,2176,2278,2341
chr7,4490000,1,0.6168,4500000,1223,1244,1358
chr7,4500000,1,0.6144,4510000,1522,1668,1640
chr7,4510000,1,0.6905,4520000,2792,2731,3079
chr7,4520000,1,0.6279,4530000,1998,2144,2076
chr7,4530000,1,0.6484,4540000,2079,2101,2217
chr7,4540000,0.9638,0.627,4550000,1803,1798,1913
chr7,4550000,0.932819,0.6381,4560000,1760,1850,1988
chr7,4560000,1,0.6267,4570000,1682,1742,1816
chr7,4570000,0.9908,0.6896,4580000,2564,2531,2608
chr7,4580000,0.982969,0.686,4590000,2688,2638,3144
chr7,4590000,0.896005,0.6426,4600000,1823,1923,2094
chr7,4600000,0.997408,0.6259,4610000,2109,2264,2229
chr7,4610000,1,0.6193,4620000,1810,1995,1967
chr7,4620000,1,0.6467,4630000,2162,2099,2321
chr7,4630000,1,0.6048,4640000,1709,1860,1778
chr7,4640000,1,0.6209,4650000,1834,2094,1960
chr7,4650000,1,0.6211,4660000,1941,2118,2000
chr7,4660000,0.97465,0.6202,4670000,2008,1923,2119
chr7,4670000,1,0.6122,4680000,1787,1920,1892
chr7,4680000,1,0.6183,4690000,1869,1917,1977
chr7,4690000,1,0.6181,4700000,1925,2092,2035
chr7,4700000,1,0.6181,4710000,1744,1940,1849
chr7,4710000,1,0.6527,4720000,2383,2252,2420
chr7,4720000,1,0.6583,4730000,2176,2098,2312
chr7,4730000,0.9951,0.6852,4740000,2056,1914,2333
chr7,4740000,1,0.6163,4750000,1514,1502,1603
chr7,4750000,1,0.6275,4760000,1901,1888,1927
chr7,4760000,1,0.6679,4770000,2383,2498,2495
chr7,4770000,1,0.6171,4780000,1665,1803,1793
chr7,4780000,1,0.6025,4790000,1611,1742,1844
chr7,4790000,1,0.6051,4800000,1765,1985,1927
chr7,4800000,1,0.6863,4810000,2561,2507,2486
chr7,4810000,1,0.6337,4820000,2167,2274,2339
chr7,4820000,1,0.6552,4830000,2327,2320,2376
chr7,4830000,1,0.6356,4840000,2097,2188,2196
chr7,4840000,0.958408,0.6389,4850000,2050,2095,2276
chr7,4850000,1,0.635,4860000,2169,2157,2123
chr7,4860000,0.992283,0.6072,4870000,1727,1795,1941
chr7,4870000,0.975376,0.6685,4880000,2314,2184,2726
chr7,4880000,0.8498,0.6346,4890000,1499,1614,1627
chr7,4890000,0.7695,0.7126,4900000,1850,1506,1935
chr7,4900000,1,0.6412,4910000,2002,2199,2133
chr7,4910000,0.87985,0.6192,4920000,1554,1627,1722
chr7,4920000,0.88045,0.6164,4930000,1479,1634,1691
chr7,4930000,1,0.6319,4940000,1975,2052,2073
chr7,4940000,0.8836,0.6261,4950000,1699,1749,1608
chr7,4950000,1,0.5912,4960000,2019,2111,2305
chr7,4960000,0.8836,0.6299,4970000,1651,1844,1777
chr7,4970000,0.981333,0.7124,4980000,2551,2323,2856
chr7,4980000,0.99805,0.611,4990000,1357,1853,1464
chr7,4990000,0.9975,0.6369,5000000,1593,2097,1768
chr7,5000000,1,0.6198,5010000,1437,1924,1549
chr7,5010000,0.97975,0.6539,5020000,1623,2233,1761
chr7,5020000,1,0.6292,5030000,1665,2256,1733
chr7,5030000,1,0.6439,5040000,1846,2323,1925
chr7,5040000,0.998267,0.6555,5050000,1667,2261,1780
chr7,5050000,0.7822,0.6324,5060000,1066,1325,1226
chr7,5060000,0.966568,0.652,5070000,1601,2182,1749
chr7,5070000,0.999533,0.6714,5080000,1885,2453,2061
chr7,5080000,0.998683,0.6807,5090000,2107,2650,2366
chr7,5090000,0.99625,0.653,5100000,1661,2127,1752
chr7,5100000,0.926649,0.666,5110000,1597,2094,1908
chr7,5110000,0.99495,0.6145,5120000,1180,1831,1450
chr7,5120000,0.97545,0.6417,5130000,1680,2149,1857
chr7,5130000,0.98005,0.6304,5140000,1336,1847,1501
chr7,5140000,0.994208,0.6432,5150000,1814,2378,1821
chr7,5150000,1,0.6682,5160000,1993,2627,2090
chr7,5160000,1,0.6243,5170000,1484,2162,1544
chr7,5170000,1,0.6272,5180000,1509,2136,1644
chr7,5180000,0.985483,0.6847,5190000,1999,2411,2254
chr7,5190000,0.9797,0.6331,5200000,1459,2164,1563
chr7,5200000,1,0.6201,5210000,1491,2101,1475
chr7,5210000,0.977489,0.6154,5220000,1471,2011,1485
chr7,5220000,0.950725,0.6068,5230000,1201,1773,1342
chr7,5230000,1,0.6337,5240000,1264,1881,1383
chr7,5240000,1,0.5945,5250000,708,964,834
chr7,5250000,1,0.6541,5260000,1430,1853,1601
chr7,5260000,1,0.6246,5270000,1799,2059,1927
chr7,5270000,1,0.629,5280000,2159,2281,2184
chr7,5280000,0.9999,0.6379,5290000,1572,2030,1639
chr7,5290000,0.9673,0.6219,5300000,1534,2107,1587
chr7,5300000,1,0.6084,5310000,1425,2012,1540
chr7,5310000,0.9996,0.623,5320000,1522,2138,1529
chr7,5320000,0.975923,0.627,5330000,1435,2004,1462
chr7,5330000,0.96648,0.6891,5340000,1788,2177,2004
chr7,5340000,0.99735,0.6313,5350000,1502,2048,1634
chr7,5350000,0.990431,0.6386,5360000,1414,1959,1669
chr7,5360000,0.9972,0.6923,5370000,2042,2519,2117
chr7,5370000,1,0.6284,5380000,1556,2247,1555
chr7,5380000,1,0.6104,5390000,1367,2000,1474
chr7,5390000,1,0.6091,5400000,985,1451,1036
chr7,5400000,1,0.5887,5410000,1216,1808,1237
chr7,5410000,1,0.5795,5420000,1018,1484,1134
chr7,5420000,1,0.6316,5430000,1543,2162,1631
chr7,5430000,1,0.617,5440000,1397,2189,1561
chr7,5440000,1,0.5981,5450000,1046,1651,1118
chr7,5450000,1,0.6082,5460000,1359,1952,1390
chr7,5460000,1,0.617,5470000,1407,1912,1420
chr7,5470000,1,0.6192,5480000,1174,1595,1251
chr7,5480000,1,0.6586,5490000,1775,2230,1854
chr7,5490000,0.9871,0.6731,5500000,1727,2427,1910
chr7,5500000,1,0.6718,5510000,1875,2547,2119
chr7,5510000,0.947491,0.6328,5520000,1352,1890,1589
chr7,5520000,0.9692,0.5976,5530000,1285,1873,1313
chr7,5530000,1,0.6228,5540000,1447,2038,1573
chr7,5540000,1,0.6456,5550000,1504,1965,1523
chr7,5550000,1,0.6475,5560000,1611,2271,1654
chr7,5560000,1,0.6325,5570000,1613,2204,1845
chr7,5570000,1,0.6435,5580000,1728,2208,1891
chr7,5580000,1,0.631,5590000,1405,1953,1475
chr7,5590000,0.99745,0.6503,5600000,1643,2110,1732
chr7,5600000,0.99435,0.6663,5610000,1778,2303,1894
chr7,5610000,0.955083,0.7292,5620000,2363,2612,2537
chr7,5620000,1,0.6333,5630000,1563,2170,1567
chr7,5630000,1,0.6064,5640000,1284,1872,1372
chr7,5640000,1,0.6335,5650000,1566,2165,1668
chr7,5650000,0.963683,0.6749,5660000,1640,2183,1779
chr7,5660000,0.9998,0.6363,5670000,1699,2290,1846
chr7,5670000,0.9949,0.6774,5680000,1988,2578,2079
chr7,5680000,0.988197,0.6398,5690000,1551,2013,1703
chr7,5690000,0.9993,0.6853,5700000,2036,2635,2193
chr7,5700000,1,0.6642,5710000,1888,2503,2072
chr7,5710000,0.99765,0.6266,5720000,1406,2117,1580
chr7,5720000,0.997558,0.656,5730000,1842,2476,1918
chr7,5730000,0.997233,0.662,5740000,1865,2428,1915
chr7,5740000,1,0.6613,5750000,1721,2409,1766
chr7,5750000,1,0.6658,5760000,1968,2467,2072
chr7,5760000,1,0.6386,5770000,1575,2280,1721
chr7,5770000,1,0.6527,5780000,1691,2366,1780
chr7,5780000,0.9992,0.6852,5790000,1993,2358,2234
chr7,5790000,1,0.6452,5800000,1618,2155,1648
chr7,5800000,1,0.6677,5810000,1983,2534,1951
chr7,5810000,0.989808,0.6565,5820000,1719,2228,1951
chr7,5820000,0.996733,0.6832,5830000,2196,2576,2441
chr7,5830000,1,0.6547,5840000,1786,2500,1913
chr7,5840000,1,0.6615,5850000,1791,2336,1905
chr7,5850000,1,0.7029,5860000,2232,2716,2318
chr7,5860000,1,0.6394,5870000,1686,2053,1810
chr7,5870000,1,0.6963,5880000,2059,2636,2202
chr7,5880000,1,0.655,5890000,1634,2102,1646
chr7,5890000,0.9988,0.6488,5900000,1703,2411,1834
chr7,5900000,1,0.6444,5910000,1900,2476,1961
chr7,5910000,0.997975,0.6792,5920000,2261,2782,2250
chr7,5920000,1,0.6053,5930000,1336,1858,1380
chr7,5930000,1,0.6596,5940000,1840,2421,2063
chr7,5940000,1,0.6558,5950000,1868,2453,1924
chr7,5950000,1,0.7131,5960000,2247,2778,2380
chr7,5960000,1,0.6481,5970000,1723,2305,1821
chr7,5970000,0.983868,0.6624,5980000,1797,2273,1922
chr7,5980000,1,0.6217,5990000,1473,2288,1562
chr7,5990000,1,0.6497,6000000,1747,2347,1814
chr7,6000000,1,0.6844,6010000,2015,2580,2152
chr7,6010000,1,0.6763,6020000,1948,2458,2047
chr7,6020000,0.994933,0.6646,6030000,1824,2399,1947
chr7,6030000,1,0.6444,6040000,1841,2500,1934
chr7,6040000,1,0.6184,6050000,1366,2013,1457
chr7,6050000,1,0.6009,6060000,1356,2088,1367
chr7,6060000,1,0.5985,6070000,1219,1945,1322
chr7,6070000,1,0.6095,6080000,1472,2051,1523
chr7,6080000,1,0.6474,6090000,1624,2249,1669
chr7,6090000,1,0.6387,6100000,1712,2408,1825
chr7,6100000,1,0.641,6110000,1634,2252,1903
chr7,6110000,0.969321,0.6402,6120000,1543,2108,1605
chr7,6120000,0.9932,0.6486,6130000,1562,2044,1752
chr7,6130000,0.933723,0.6938,6140000,1877,2314,2276
chr7,6140000,0.944717,0.6487,6150000,1526,2110,1718
chr7,6150000,0.930125,0.6167,6160000,1280,1792,1316
chr7,6160000,0.980788,0.6177,6170000,1408,1842,1601
chr7,6170000,1,0.6912,6180000,2089,2560,2177
chr7,6180000,0.989267,0.6225,6190000,1726,2278,1664
chr7,6190000,0.988933,0.6779,6200000,1979,2453,2318
chr7,6200000,0.950727,0.6576,6210000,1747,2296,1861
chr7,6210000,0.947,0.6112,6220000,1422,2048,1451
chr7,6220000,0.947,0.6273,6230000,1318,1935,1404
chr7,6230000,1,0.5478,6240000,1313,1785,1324
chr7,6240000,1,0.6131,6250000,1399,1889,1404
chr7,6250000,1,0.6269,6260000,1420,2060,1484
chr7,6260000,1,0.6142,6270000,1390,2109,1450
chr7,6270000,0.992879,0.6094,6280000,1382,1937,1506
chr7,6280000,1,0.6206,6290000,1518,2023,1662
chr7,6290000,0.995717,0.6339,6300000,1528,2115,1637
chr7,6300000,0.965515,0.6587,6310000,1629,2305,1843
chr7,6310000,0.861815,0.6356,6320000,1278,1711,1595
chr7,6320000,0.98509,0.6954,6330000,1988,2460,2099
chr7,6330000,1,0.633,6340000,1535,2197,1706
chr7,6340000,0.996717,0.6994,6350000,2034,2381,2230
chr7,6350000,0.98805,0.6391,6360000,1625,2166,1766
chr7,6360000,0.973333,0.6873,6370000,2071,2732,2231
chr7,6370000,1,0.6218,6380000,1324,1975,1419
chr7,6380000,1,0.6887,6390000,2046,2545,2090
chr7,6390000,0.9995,0.6749,6400000,1995,2556,2050
chr7,6400000,0.953262,0.7062,6410000,2034,2471,2043
chr7,6410000,0.9894,0.6375,6420000,1479,2122,1551
chr7,6420000,0.824465,0.6402,6430000,1149,1442,1214
chr7,6430000,0.983001,0.7184,6440000,2319,2731,2416
chr7,6440000,1,0.6758,6450000,1729,2409,1779
chr7,6450000,1,0.5958,6460000,1327,1959,1517
chr7,6460000,0.852888,0.7032,6470000,1697,2058,1848
chr7,6470000,1,0.6208,6480000,1357,1933,1366
chr7,6480000,1,0.6048,6490000,1361,1927,1367
chr7,6490000,0.981687,0.6867,6500000,1815,2240,2191
chr7,6500000,0.951367,0.6548,6510000,1323,1717,1599
chr7,6510000,0.920625,0.6616,6520000,1497,1843,1717
chr7,6520000,1,0.6266,6530000,1349,1748,1541
chr7,6530000,1,0.6367,6540000,1545,2128,1663
chr7,6540000,0.961441,0.6874,6550000,1841,2348,1961
chr7,6550000,1,0.6948,6560000,2159,2564,2118
chr7,6560000,0.9945,0.6064,6570000,1389,1944,1455
chr7,6570000,1,0.6254,6580000,1475,2166,1625
chr7,6580000,1,0.6217,6590000,1501,2086,1497
chr7,6590000,1,0.6483,6600000,1820,2464,1893
chr7,6600000,1,0.6685,6610000,1766,2372,1920
chr7,6610000,0.99805,0.7254,6620000,2248,2797,2385
chr7,6620000,1,0.619,6630000,1163,1606,1247
chr7,6630000,0.99985,0.6477,6640000,1706,2209,1738
chr7,6640000,0.992312,0.648,6650000,1723,2232,1902
chr7,6650000,1,0.6488,6660000,1682,2247,1665
chr7,6660000,0.9993,0.6076,6670000,1434,2053,1457
chr7,6670000,0.996775,0.6154,6680000,1565,2251,1610
chr7,6680000,0.984367,0.6525,6690000,1722,2223,1946
chr7,6690000,0.9959,0.6143,6700000,1523,2151,1545
chr7,6700000,1,0.6356,6710000,1499,2273,1719
chr7,6710000,1,0.7247,6720000,2293,2965,2482
chr7,6720000,1,0.6959,6730000,2036,2594,2036
chr7,6730000,1,0.6344,6740000,1769,2116,1792
chr7,6740000,1,0.6141,6750000,1497,2253,1671
chr7,6750000,1,0.6375,6760000,1561,2162,1713
chr7,6760000,0.999133,0.6276,6770000,1505,2075,1603
chr7,6770000,0.99595,0.65,6780000,2488,3185,2602
chr7,6780000,0.99455,0.6334,6790000,1671,2264,1720
chr7,6790000,0.9873,0.6015,6800000,1321,2038,1373
chr7,6800000,1,0.6402,6810000,1819,2475,1855
chr7,6810000,0.99745,0.6147,6820000,1553,2175,1606
chr7,6820000,0.99505,0.6514,6830000,1759,2353,1886
chr7,6830000,0.93563,0.6541,6840000,1928,2094,2218
chr7,6840000,1,0.5892,6850000,1267,1978,1354
chr7,6850000,0.99995,0.6115,6860000,1476,2136,1600
chr7,6860000,1,0.6361,6870000,1719,2316,1745
chr7,6870000,0.998717,0.6449,6880000,1609,2221,1679
chr7,6880000,0.872025,0.5943,6890000,1148,1390,1444
chr7,6890000,0.99819,0.6143,6900000,1314,1942,1388
chr7,6900000,1,0.5897,6910000,1173,1696,1293
chr7,6910000,1,0.6185,6920000,1547,2205,1606
chr7,6920000,0.844667,0.5945,6930000,896,1360,1028
chr7,6930000,0.988317,0.6121,6940000,1453,2058,1471
chr7,6940000,1,0.6843,6950000,2149,2710,2203
chr7,6950000,1,0.6794,6960000,2004,2553,2105
chr7,6960000,1,0.6216,6970000,1397,2071,1466
chr7,6970000,1,0.6361,6980000,1587,2176,1713
chr7,6980000,0.950013,0.6348,6990000,1654,1960,1831
chr7,6990000,0.96536,0.6316,7000000,1385,1895,1522
chr7,7000000,0.800723,0.66,7010000,1498,1699,1792
chr7,7010000,1,0.6495,7020000,1825,2426,1804
chr7,7020000,0.874507,0.5704,7030000,1045,1591,1176
chr7,7030000,1,0.6034,7040000,1228,1789,1335
chr7,7040000,0.96315,0.6102,7050000,1341,1970,1587
chr7,7050000,1,0.611,7060000,1379,1919,1475
chr7,7060000,1,0.6191,7070000,1415,2198,1505
chr7,7070000,1,0.6652,7080000,1919,2475,2055
chr7,7080000,1,0.6453,7090000,1779,2439,1962
chr7,7090000,0.99815,0.6472,7100000,1737,2308,2030
chr7,7100000,1,0.6215,7110000,1315,1875,1351
chr7,7110000,1,0.6283,7120000,1304,2007,1505
chr7,7120000,0.980369,0.641,7130000,1656,2151,1828
chr7,7130000,0.9928,0.6286,7140000,1523,2142,1665
chr7,7140000,0.90015,0.6205,7150000,1317,1815,1398
chr7,7150000,0.9982,0.6279,7160000,1714,2330,1785
chr7,7160000,1,0.6378,7170000,1720,2381,1868
chr7,7170000,1,0.6222,7180000,1498,2191,1630
chr7,7180000,1,0.6126,7190000,1472,2123,1681
chr7,7190000,1,0.6502,7200000,1619,2053,1644
chr7,7200000,1,0.6321,7210000,1552,2195,1644
chr7,7210000,1,0.6375,7220000,1586,2267,1640
chr7,7220000,1,0.6305,7230000,1551,2172,1746
chr7,7230000,1,0.6528,7240000,1739,2310,1776
chr7,7240000,0.981527,0.6609,7250000,1802,2320,1956
chr7,7250000,0.881567,0.6499,7260000,1333,1541,1600
chr7,7260000,0.913637,0.5616,7270000,1046,1240,1272
chr7,7270000,0.990942,0.6252,7280000,1445,2089,1514
chr7,7280000,0.996367,0.6729,7290000,1803,2421,2149
chr7,7290000,0.975383,0.6674,7300000,1765,2270,1867
chr7,7300000,0.986684,0.6678,7310000,1923,2418,2134
chr7,7310000,0.803378,0.616,7320000,1031,1305,1382
chr7,7320000,0.987176,0.642,7330000,1679,2228,1775
chr7,7330000,1,0.6214,7340000,1400,1963,1490
chr7,7340000,0.992733,0.6409,7350000,1559,2076,1679
chr7,7350000,0.998467,0.6176,7360000,1532,2122,1545
chr7,7360000,0.99885,0.609,7370000,1459,1967,1473
chr7,7370000,1,0.6216,7380000,1506,2094,1484
chr7,7380000,1,0.5975,7390000,1560,2077,1472
chr7,7390000,1,0.6093,7400000,1236,1671,1279
chr7,7400000,1,0.6049,7410000,1009,1489,1136
chr7,7410000,1,0.6066,7420000,1718,2083,1490
chr7,7420000,1,0.6268,7430000,1515,2134,1521
chr7,7430000,0.934075,0.6451,7440000,1426,1905,1606
chr7,7440000,0.964533,0.6491,7450000,1556,2159,1704
chr7,7450000,1,0.6224,7460000,1377,2093,1407
chr7,7460000,0.998133,0.6598,7470000,1829,2463,1975
chr7,7470000,0.9865,0.6061,7480000,1379,2015,1479
chr7,7480000,0.993691,0.6064,7490000,1430,1886,1476
chr7,7490000,1,0.606,7500000,1340,1903,1393
chr7,7500000,1,0.6175,7510000,1495,2155,1560
chr7,7510000,0.9975,0.6417,7520000,1516,2148,1714
chr7,7520000,1,0.595,7530000,1216,1878,1287
chr7,7530000,1,0.6158,7540000,1300,2009,1479
chr7,7540000,0.99925,0.6745,7550000,2132,2518,2273
chr7,7550000,1,0.63,7560000,1577,2328,1826
chr7,7560000,1,0.6383,7570000,1683,2281,1730
chr7,7570000,1,0.5953,7580000,1292,1924,1418
chr7,7580000,1,0.6397,7590000,1520,2040,1561
chr7,7590000,0.9885,0.5846,7600000,1140,1690,1207
chr7,7600000,1,0.6319,7610000,1528,2218,1666
chr7,7610000,0.9565,0.6489,7620000,3151,3374,2950
chr7,7620000,1,0.6567,7630000,1693,2150,1832
chr7,7630000,1,0.6328,7640000,1622,2248,1707
chr7,7640000,1,0.6404,7650000,1683,2215,1714
chr7,7650000,1,0.5992,7660000,1449,2048,1388
chr7,7660000,1,0.6138,7670000,1466,2199,1435
chr7,7670000,1,0.624,7680000,1373,1953,1463
chr7,7680000,0.960068,0.6471,7690000,1468,1990,1617
chr7,7690000,0.98625,0.677,7700000,1850,2496,1990
chr7,7700000,0.99705,0.6781,7710000,1987,2561,2032
chr7,7710000,1,0.6336,7720000,1535,2294,1639
chr7,7720000,0.971413,0.6787,7730000,1919,2327,2076
chr7,7730000,0.979392,0.6789,7740000,1943,2486,2094
chr7,7740000,1,0.6187,7750000,1470,2131,1568
chr7,7750000,0.789068,0.6711,7760000,2185,2397,2179
chr7,7760000,0.818165,0.6592,7770000,1287,1638,1387
chr7,7770000,0.997533,0.6363,7780000,1668,2360,1794
chr7,7780000,0.9985,0.6347,7790000,1509,2082,1668
chr7,7790000,1,0.6102,7800000,1438,2152,1573
chr7,7800000,1,0.6497,7810000,1662,2332,1764
chr7,7810000,1,0.7213,7820000,3184,3500,3019
chr7,7820000,0.9788,0.6618,7830000,2318,2771,2163
chr7,7830000,0.974653,0.6518,7840000,1811,2168,1882
chr7,7840000,0.969715,0.6362,7850000,1459,2025,1670
chr7,7850000,0.982427,0.6333,7860000,1494,2008,1576
chr7,7860000,1,0.6402,7870000,1622,2294,1609
chr7,7870000,1,0.6348,7880000,1660,2176,1664
chr7,7880000,1,0.6167,7890000,1565,1959,1564
chr7,7890000,1,0.6761,7900000,2078,2627,2129
chr7,7900000,0.993703,0.6545,7910000,1768,2441,1865
chr7,7910000,0.99985,0.653,7920000,1888,2405,1972
chr7,7920000,0.9671,0.6584,7930000,1726,2092,1934
chr7,7930000,0.99335,0.6398,7940000,1699,2272,1795
chr7,7940000,0.99745,0.6846,7950000,2156,2723,2287
chr7,7950000,1,0.6081,7960000,1310,1948,1376
chr7,7960000,0.99815,0.6452,7970000,1736,2325,1826
chr7,7970000,1,0.6174,7980000,1371,1921,1346
chr7,7980000,1,0.6054,7990000,1365,1998,1429
chr7,7990000,0.995362,0.6411,8000000,1849,2454,1928
chr7,8000000,0.812371,0.6366,8010000,1338,1602,1609
chr7,8010000,1,0.6397,8020000,1812,2249,1937
chr7,8020000,1,0.616,8030000,1555,2207,1701
chr7,8030000,1,0.6148,8040000,1385,2072,1432
chr7,8040000,1,0.6264,8050000,1452,2007,1596
chr7,8050000,1,0.5931,8060000,1319,1978,1344
chr7,8060000,0.994667,0.6466,8070000,1778,2243,2067
chr7,8070000,0.99665,0.6862,8080000,2091,2634,2347
chr7,8080000,1,0.6175,8090000,1459,2118,1563
chr7,8090000,0.753237,0.5916,8100000,1034,1315,1149
chr7,8100000,0.847867,0.5194,8110000,730,953,884
chr7,8110000,0.986933,0.5731,8120000,1210,1640,1325
chr7,8120000,0.891962,0.5743,8130000,1244,1443,1487
chr7,8130000,0.978975,0.691,8140000,2014,2429,2361
chr7,8140000,0.9975,0.6582,8150000,1623,2383,1817
chr7,8150000,0.973904,0.6369,8160000,3221,3089,2787
chr7,8160000,0.866903,0.6413,8170000,1360,1764,1469
chr7,8170000,1,0.6495,8180000,1760,2412,1933
chr7,8180000,0.8722,0.6247,8190000,1111,1647,1326
chr7,8190000,0.998653,0.6425,8200000,1639,2219,1767
chr7,8200000,1,0.6399,8210000,1649,2209,1778
chr7,8210000,0.99005,0.6327,8220000,1449,1996,1625
chr7,8220000,1,0.6209,8230000,1378,1848,1418
chr7,8230000,0.9714,0.621,8240000,1285,1792,1449
chr7,8240000,1,0.5993,8250000,1434,2144,1497
chr7,8250000,1,0.6214,8260000,1504,2163,1589
chr7,8260000,1,0.6118,8270000,1247,1827,1331
chr7,8270000,1,0.6257,8280000,1430,2221,1482
chr7,8280000,0.959274,0.6159,8290000,1364,1863,1476
chr7,8290000,1,0.6389,8300000,1600,2235,1752
chr7,8300000,1,0.6499,8310000,1859,2391,1878
chr7,8310000,1,0.6555,8320000,1756,2431,1831
chr7,8320000,1,0.6363,8330000,1668,2244,1761
chr7,8330000,1,0.633,8340000,1638,2389,1622
chr7,8340000,0.99935,0.6389,8350000,1519,2161,1644
chr7,8350000,1,0.6016,8360000,1212,1903,1297
chr7,8360000,1,0.6198,8370000,1378,2004,1474
chr7,8370000,1,0.6193,8380000,1438,2224,1527
chr7,8380000,1,0.6047,8390000,1352,2022,1479
chr7,8390000,0.975983,0.6422,8400000,1648,2170,2000
chr7,8400000,1,0.6297,8410000,1426,2114,1558
chr7,8410000,1,0.6212,8420000,1402,2067,1472
chr7,8420000,0.9961,0.6564,8430000,1696,2180,1838
chr7,8430000,1,0.6218,8440000,1492,2137,1613
chr7,8440000,0.968258,0.6283,8450000,1428,1936,1576
chr7,8450000,0.985414,0.6543,8460000,1713,2189,1902
chr7,8460000,0.99795,0.6535,8470000,1709,2190,1729
chr7,8470000,1,0.6075,8480000,1347,1946,1454
chr7,8480000,1,0.6462,8490000,1598,2234,1756
chr7,8490000,1,0.6144,8500000,1518,2121,1473
chr7,8500000,0.990425,0.6207,8510000,1345,1891,1421
chr7,8510000,0.96935,0.6903,8520000,1980,2520,2078
chr7,8520000,1,0.6109,8530000,1228,1857,1305
chr7,8530000,1,0.6047,8540000,1324,1910,1367
chr7,8540000,1,0.6236,8550000,1329,2059,1384
chr7,8550000,1,0.624,8560000,1413,1959,1459
chr7,8560000,0.964194,0.6866,8570000,2033,2432,2171
chr7,8570000,1,0.6233,8580000,1589,2281,1663
chr7,8580000,1,0.6126,8590000,1478,2199,1544
chr7,8590000,0.9992,0.6055,8600000,1356,1904,1362
chr7,8600000,0.97445,0.637,8610000,1655,2298,1837
chr7,8610000,1,0.6204,8620000,1424,2129,1456
chr7,8620000,0.99505,0.6131,8630000,1202,1778,1377
chr7,8630000,1,0.6085,8640000,1491,2193,1557
chr7,8640000,1,0.6148,8650000,1251,1775,1367
chr7,8650000,1,0.6102,8660000,1192,1732,1384
chr7,8660000,0.9926,0.6248,8670000,1432,2073,1459
chr7,8670000,0.962333,0.6547,8680000,1560,2103,1680
chr7,8680000,1,0.6345,8690000,1664,2243,1667
chr7,8690000,1,0.6329,8700000,1678,2303,1687
chr7,8700000,1,0.6802,8710000,1917,2535,2004
chr7,8710000,0.99704,0.6921,8720000,1974,2583,2184
chr7,8720000,1,0.6291,8730000,1566,2138,1598
chr7,8730000,1,0.6831,8740000,1947,2634,2146
chr7,8740000,0.9996,0.6537,8750000,1762,2570,1868
chr7,8750000,1,0.6741,8760000,2155,2908,2113
chr7,8760000,0.9975,0.6488,8770000,1706,2201,1806
chr7,8770000,0.9973,0.6197,8780000,1410,2107,1602
chr7,8780000,1,0.641,8790000,1664,2181,1791
chr7,8790000,1,0.6265,8800000,1590,2181,1642
chr7,8800000,0.87821,0.6322,8810000,1299,1916,1487
chr7,8810000,1,0.6545,8820000,1666,2430,1810
chr7,8820000,1,0.6311,8830000,1550,2211,1662
chr7,8830000,1,0.634,8840000,1659,2318,1721
chr7,8840000,1,0.6404,8850000,1785,2410,1948
chr7,8850000,0.99945,0.6681,8860000,2029,2669,2381
chr7,8860000,1,0.6333,8870000,1595,2209,1742
chr7,8870000,0.981412,0.7065,8880000,2161,2733,2363
chr7,8880000,0.951373,0.6884,8890000,1847,2412,2074
chr7,8890000,0.928163,0.6282,8900000,1312,1885,1538
chr7,8900000,0.985267,0.6219,8910000,1688,2198,1641
chr7,8910000,0.99195,0.6617,8920000,1883,2315,1966
chr7,8920000,0.986333,0.6206,8930000,1412,2129,1552
chr7,8930000,1,0.6072,8940000,1241,1749,1395
chr7,8940000,0.985567,0.6341,8950000,1476,2135,1755
chr7,8950000,1,0.6573,8960000,1739,2445,1834
chr7,8960000,0.99335,0.6528,8970000,1647,2309,1718
chr7,8970000,0.961016,0.6775,8980000,1920,2389,1984
chr7,8980000,0.99965,0.6211,8990000,1412,2057,1639
chr7,8990000,0.939857,0.6783,9000000,1784,2273,2057
chr7,9000000,0.942002,0.6264,9010000,1404,1842,1559
chr7,9010000,0.99065,0.6342,9020000,1525,2055,1590
chr7,9020000,1,0.6777,9030000,2032,2725,2094
chr7,9030000,1,0.6108,9040000,1308,2108,1431
chr7,9040000,1,0.6494,9050000,1725,2378,1890
chr7,9050000,0.99705,0.6472,9060000,1616,2332,1626
chr7,9060000,1,0.6569,9070000,1676,2292,1747
chr7,9070000,1,0.6504,9080000,1598,2191,1674
chr7,9080000,1,0.627,9090000,1343,2010,1400
chr7,9090000,1,0.6504,9100000,1746,2351,1889
chr7,9100000,0.962669,0.6412,9110000,1486,2079,1626
chr7,9110000,1,0.6118,9120000,1397,2074,1435
chr7,9120000,0.975275,0.6271,9130000,1497,2263,1522
chr7,9130000,0.997083,0.6388,9140000,1553,2036,1661
chr7,9140000,0.993117,0.6746,9150000,1546,1955,1971
chr7,9150000,1,0.6225,9160000,1454,2041,1511
chr7,9160000,1,0.631,9170000,1474,2141,1568
chr7,9170000,1,0.6388,9180000,1632,2352,1728
chr7,9180000,0.988033,0.6201,9190000,1450,2075,1530
chr7,9190000,1,0.6874,9200000,2036,2606,2167
chr7,9200000,1,0.657,9210000,1891,2528,1907
chr7,9210000,0.878697,0.6369,9220000,1652,2090,1814
chr7,9220000,0.890517,0.6518,9230000,1522,2052,1714
chr7,9230000,1,0.6953,9240000,1988,2601,2147
chr7,9240000,0.988995,0.7308,9250000,2381,2742,2557
chr7,9250000,0.9883,0.6267,9260000,1489,2052,1749
chr7,9260000,0.942167,0.6115,9270000,1346,1739,1544
chr7,9270000,0.97715,0.6379,9280000,1526,2142,1632
chr7,9280000,0.78657,0.6617,9290000,1217,1615,1411
chr7,9290000,1,0.6089,9300000,1517,2145,1606
chr7,9300000,0.982406,0.7104,9310000,2330,2888,1766
chr7,9310000,1,0.6416,9320000,1643,2261,1206
chr7,9320000,1,0.6629,9330000,1911,2505,1371
chr7,9330000,1,0.6192,9340000,1409,1987,968
chr7,9340000,0.95074,0.626,9350000,1413,1757,1003
chr7,9350000,0.879728,0.6819,9360000,1810,2119,1288
chr7,9360000,0.99295,0.6026,9370000,1564,2173,1151
chr7,9370000,0.98945,0.5851,9380000,1422,1899,1079
chr7,9380000,1,0.6433,9390000,1658,2278,1224
chr7,9390000,1,0.6361,9400000,1458,2123,1021
chr7,9400000,0.99955,0.6317,9410000,1666,2274,1306
chr7,9410000,0.960036,0.6309,9420000,1530,2118,1201
chr7,9420000,0.966583,0.6836,9430000,1910,2399,1376
chr7,9430000,0.9829,0.5272,9440000,1518,1927,948
chr7,9440000,0.923308,0.5989,9450000,1563,2036,1206
chr7,9450000,0.97565,0.6481,9460000,1684,2198,1220
chr7,9460000,0.9998,0.653,9470000,1721,2315,1289
chr7,9470000,0.960214,0.642,9480000,1730,2222,1281
chr7,9480000,1,0.6502,9490000,1652,2371,1218
chr7,9490000,1,0.6505,9500000,1715,2341,1167
chr7,9500000,0.963642,0.6867,9510000,1919,2524,1332
chr7,9510000,1,0.6639,9520000,1864,2439,1328
chr7,9520000,1,0.6694,9530000,1836,2481,1270
chr7,9530000,1,0.6648,9540000,1932,2476,1200
chr7,9540000,1,0.667,9550000,1903,2595,1382
chr7,9550000,0.986383,0.6587,9560000,1820,2330,1260
chr7,9560000,0.984631,0.709,9570000,2229,2695,1576
chr7,9570000,0.9933,0.698,9580000,2047,2628,1518
chr7,9580000,0.94945,0.6287,9590000,1402,2108,1034
chr7,9590000,0.97893,0.6457,9600000,1775,2367,1307
chr7,9600000,0.991967,0.4931,9610000,1366,1660,1071
chr7,9610000,0.9902,0.6153,9620000,1532,2131,1138
chr7,9620000,0.864967,0.6038,9630000,1131,1480,890
chr7,9630000,1,0.6563,9640000,1875,2454,1280
chr7,9640000,1,0.6886,9650000,2127,2710,1524
chr7,9650000,0.9998,0.6117,9660000,1302,2080,995
chr7,9660000,1,0.6182,9670000,1368,2040,962
chr7,9670000,0.99985,0.6406,9680000,1774,2404,1259
chr7,9680000,0.8787,0.6443,9690000,1447,1834,1115
chr7,9690000,0.739993,0.6103,9700000,1037,1263,867
chr7,9700000,0.899373,0.6175,9710000,1461,1782,1145
chr7,9710000,1,0.6317,9720000,1574,2159,1145
chr7,9720000,0.936983,0.6169,9730000,1463,2105,1002
chr7,9730000,0.9998,0.6269,9740000,1478,2219,1113
chr7,9740000,0.99895,0.6418,9750000,1769,2349,1239
chr7,9750000,0.89421,0.6353,9760000,1297,1814,853
chr7,9760000,0.9955,0.6336,9770000,1499,2209,1005
chr7,9770000,1,0.6457,9780000,1741,2237,1228
chr7,9780000,1,0.6547,9790000,1714,2341,1286
chr7,9790000,0.991273,0.657,9800000,1733,2287,1149
chr7,9800000,0.987367,0.6717,9810000,1805,2390,1317
chr7,9810000,0.973827,0.6882,9820000,2080,2388,1538
chr7,9820000,1,0.6373,9830000,1378,1778,1001
chr7,9830000,0.662777,0.6325,9840000,807,948,575
chr7,9840000,0.9998,0.6266,9850000,1313,1720,958
chr7,9850000,1,0.6524,9860000,1667,2181,1244
chr7,9860000,0.99965,0.6563,9870000,1876,2542,1261
chr7,9870000,0.968433,0.6483,9880000,1874,2240,1719
chr7,9880000,0.99495,0.6462,9890000,1426,1759,1164
chr7,9890000,0.931383,0.6612,9900000,2230,1896,2794
chr7,9900000,1,0.6583,9910000,2737,2090,3309
chr7,9910000,0.931136,0.6504,9920000,1743,1736,1711
chr7,9920000,0.892917,0.6344,9930000,1502,1746,1154
chr7,9930000,0.99905,0.6773,9940000,1603,2047,1291
chr7,9940000,1,0.6506,9950000,1582,1957,1129
chr7,9950000,0.920505,0.6749,9960000,1749,2181,1296
chr7,9960000,0.9571,0.7075,9970000,2258,2521,1672
chr7,9970000,0.9599,0.6537,9980000,1543,2009,1124
chr7,9980000,1,0.6407,9990000,1449,2049,1003
chr7,9990000,0.828756,0.6968,10000000,1366,1737,990
chr7,10000000,0.7667,0.6628,10010000,743,1117,570
chr7,10010000,0.97725,0.6419,10020000,1637,2287,1196
chr7,10020000,1,0.6532,10030000,1755,2184,1314
chr7,10030000,0.98535,0.6275,10040000,1261,1702,1031
chr7,10040000,1,0.6219,10050000,1633,2115,1303
chr7,10050000,0.9995,0.6552,10060000,1819,2279,1308
chr7,10060000,1,0.6334,10070000,1638,2169,1110
chr7,10070000,0.99765,0.7016,10080000,2089,2596,1509
chr7,10080000,1,0.6302,10090000,1463,2117,1012
chr7,10090000,1,0.6135,10100000,1397,1952,947
chr7,10100000,0.991142,0.6648,10110000,1910,2489,1348
chr7,10110000,0.99985,0.6415,10120000,1553,2063,1097
chr7,10120000,1,0.6471,10130000,1650,2141,1205
chr7,10130000,0.88645,0.6071,10140000,1212,1592,894
chr7,10140000,0.9976,0.618,10150000,1484,2119,973
chr7,10150000,1,0.6467,10160000,1654,2355,1161
chr7,10160000,1,0.6239,10170000,1496,2145,1088
chr7,10170000,0.9781,0.6282,10180000,1366,2084,1061
chr7,10180000,0.9849,0.6435,10190000,1627,2336,1175
chr7,10190000,0.997883,0.6581,10200000,1907,2570,1412
chr7,10200000,0.96315,0.6379,10210000,1510,2124,969
chr7,10210000,0.962249,0.6208,10220000,1555,1939,1168
chr7,10220000,0.95965,0.6159,10230000,1377,2016,1016
chr7,10230000,0.9975,0.6136,10240000,1483,2077,1049
chr7,10240000,0.99865,0.6824,10250000,1962,2601,1454
chr7,10250000,1,0.6601,10260000,1802,2396,1324
chr7,10260000,1,0.6143,10270000,1411,2158,999
chr7,10270000,0.991217,0.6309,10280000,1533,2265,1150
chr7,10280000,0.986825,0.6244,10290000,1580,2032,1219
chr7,10290000,0.850533,0.6538,10300000,1441,1681,1052
chr7,10300000,1,0.702,10310000,2060,2669,1521
chr7,10310000,0.9995,0.682,10320000,2244,2652,1632
chr7,10320000,1,0.6412,10330000,1811,2344,1200
chr7,10330000,1,0.6159,10340000,1390,2134,996
chr7,10340000,1,0.6234,10350000,1567,2156,1065
chr7,10350000,0.93005,0.6349,10360000,1297,1971,977
chr7,10360000,1,0.6734,10370000,1971,2519,1429
chr7,10370000,1,0.7021,10380000,2192,2794,1611
chr7,10380000,0.941863,0.6345,10390000,1540,2132,1086
chr7,10390000,0.746622,0.6047,10400000,968,1335,682
chr7,10400000,1,0.6288,10410000,1486,2247,1060
chr7,10410000,1,0.6518,10420000,1725,2440,1213
chr7,10420000,1,0.6298,10430000,1515,2135,1012
chr7,10430000,1,0.6283,10440000,1471,2080,1084
chr7,10440000,0.9852,0.668,10450000,2017,2623,1352
chr7,10450000,0.88866,0.6513,10460000,1631,2204,1081
chr7,10460000,0.84584,0.6386,10470000,1364,1896,971
chr7,10470000,0.976999,0.6425,10480000,1746,2399,1218
chr7,10480000,1,0.6173,10490000,1460,2065,984
chr7,10490000,1,0.6377,10500000,1713,2336,1133
chr7,10500000,1,0.6176,10510000,1389,1998,992
chr7,10510000,0.99675,0.5919,10520000,2530,3029,2130
chr7,10520000,0.964858,0.6317,10530000,2098,2639,1759
chr7,10530000,0.99695,0.634,10540000,1542,2175,1041
chr7,10540000,1,0.6327,10550000,1740,2375,1223
chr7,10550000,1,0.6617,10560000,1844,2493,1307
chr7,10560000,1,0.6235,10570000,1485,2186,1032
chr7,10570000,0.9358,0.6205,10580000,1373,1939,945
chr7,10580000,0.498277,0.6551,10590000,211,259,210
chr7,10590000,0.986258,0.6334,10600000,1757,2355,1224
chr7,10600000,1,0.6287,10610000,1588,2176,1098
chr7,10610000,1,0.6571,10620000,1814,2373,1303
chr7,10620000,1,0.6119,10630000,1339,1985,1008
chr7,10630000,0.9978,0.6534,10640000,1623,2314,1127
chr7,10640000,0.96284,0.7328,10650000,2261,2589,1647
chr7,10650000,0.952627,0.6606,10660000,1624,2079,1190
chr7,10660000,1,0.6278,10670000,1579,2160,1135
chr7,10670000,1,0.6849,10680000,2008,2548,1376
chr7,10680000,1,0.6892,10690000,2019,2620,1416
chr7,10690000,0.922068,0.6347,10700000,1389,1826,1058
chr7,10700000,0.988623,0.6103,10710000,1441,1943,1000
chr7,10710000,1,0.6367,10720000,1594,2291,1054
chr7,10720000,1,0.6025,10730000,1440,1908,977
chr7,10730000,1,0.6461,10740000,1583,2387,1197
chr7,10740000,1,0.6154,10750000,1540,2119,1034
chr7,10750000,1,0.6286,10760000,1427,2197,983
chr7,10760000,1,0.6441,10770000,1688,2330,1174
chr7,10770000,1,0.6276,10780000,1580,2288,1087
chr7,10780000,0.8564,0.6404,10790000,1188,1625,917
chr7,10790000,0.9988,0.6469,10800000,1575,2102,1178
chr7,10800000,0.99805,0.6681,10810000,1862,2437,1290
chr7,10810000,1,0.6675,10820000,2001,2579,1397
chr7,10820000,1,0.6682,10830000,1796,2312,1275
chr7,10830000,1,0.6735,10840000,1772,2105,1275
chr7,10840000,0.814506,0.6292,10850000,1120,1036,926
chr7,10850000,0.816883,0.6936,10860000,1334,1218,1025
chr7,10860000,0.9656,0.662,10870000,2242,2016,1613
chr7,10870000,0.97125,0.6425,10880000,2091,1918,1524
chr7,10880000,1,0.6035,10890000,1349,1528,974
chr7,10890000,0.992211,0.6751,10900000,1979,1917,1552
chr7,10900000,1,0.6164,10910000,1569,1789,1100
chr7,10910000,1,0.6367,10920000,1744,1722,1278
chr7,10920000,1,0.6579,10930000,1846,1749,1268
chr7,10930000,1,0.6431,10940000,1458,1545,1049
chr7,10940000,1,0.7036,10950000,2344,2269,1677
chr7,10950000,0.936757,0.6883,10960000,2043,1808,1454
chr7,10960000,0.998,0.6641,10970000,1810,1851,1320
chr7,10970000,1,0.6083,10980000,1260,1520,908
chr7,10980000,1,0.6728,10990000,1780,1847,1275
chr7,10990000,0.996333,0.625,11000000,1531,1629,1015
chr7,11000000,0.977817,0.6286,11010000,1463,1603,1139
chr7,11010000,0.9462,0.6039,11020000,1230,1304,1011
chr7,11020000,1,0.6282,11030000,1593,1632,1126
chr7,11030000,0.887672,0.656,11040000,1686,1593,1184
chr7,11040000,1,0.6367,11050000,1676,1742,1152
chr7,11050000,0.93085,0.6082,11060000,1156,1366,744
chr7,11060000,0.93335,0.6308,11070000,1324,1440,894
chr7,11070000,0.742009,0.6002,11080000,1002,1027,751
chr7,11080000,0.999575,0.6451,11090000,1742,1753,1312
chr7,11090000,1,0.6761,11100000,1886,1943,1296
chr7,11100000,1,0.6813,11110000,2048,2057,1490
chr7,11110000,0.989145,0.6999,11120000,2165,2067,1577
chr7,11120000,1,0.6646,11130000,1851,1740,1252
chr7,11130000,0.959702,0.6817,11140000,1932,1832,1463
chr7,11140000,1,0.6603,11150000,1804,1799,1264
chr7,11150000,0.9699,0.632,11160000,1416,1480,1053
chr7,11160000,0.971583,0.6419,11170000,1580,1591,1125
chr7,11170000,1,0.6885,11180000,2002,1932,1431
chr7,11180000,0.94535,0.7186,11190000,2324,2099,1662
chr7,11190000,1,0.6666,11200000,1850,1853,1469
chr7,11200000,0.9923,0.6304,11210000,1610,1591,1110
chr7,11210000,0.982117,0.609,11220000,1292,1480,994
chr7,11220000,1,0.628,11230000,1566,1648,1110
chr7,11230000,0.9886,0.6239,11240000,1713,1700,1310
chr7,11240000,1,0.6187,11250000,1569,1599,1068
chr7,11250000,1,0.6601,11260000,1988,1836,1391
chr7,11260000,1,0.5914,11270000,1275,1531,870
chr7,11270000,0.99955,0.6007,11280000,1416,1663,1007
chr7,11280000,1,0.6168,11290000,1480,1579,980
chr7,11290000,0.989652,0.6452,11300000,1444,1543,1081
chr7,11300000,0.7465,0.6711,11310000,1325,1237,911
chr7,11310000,0.642297,0.6601,11320000,888,948,623
chr7,11320000,1,0.6275,11330000,1296,1274,911
chr7,11330000,1,0.6365,11340000,1383,1474,993
chr7,11340000,1,0.6801,11350000,1913,1969,1436
chr7,11350000,1,0.6751,11360000,1848,1876,1391
chr7,11360000,1,0.6657,11370000,1831,1903,1257
chr7,11370000,1,0.6673,11380000,1818,1851,1240
chr7,11380000,1,0.6487,11390000,1677,1746,1130
chr7,11390000,0.9757,0.6774,11400000,1851,1811,1382
chr7,11400000,0.9024,0.6673,11410000,1796,1634,1176
chr7,11410000,1,0.6346,11420000,1638,1735,1122
chr7,11420000,0.97955,0.6653,11430000,1729,1721,1358
chr7,11430000,0.9989,0.6255,11440000,1472,1615,1092
chr7,11440000,0.94365,0.6356,11450000,1603,1629,1162
chr7,11450000,1,0.6148,11460000,1439,1549,1058
chr7,11460000,1,0.6547,11470000,1874,1829,1344
chr7,11470000,0.983367,0.6491,11480000,1725,1723,1355
chr7,11480000,0.951963,0.6276,11490000,1415,1463,1073
chr7,11490000,1,0.6222,11500000,1667,1660,1079
chr7,11500000,0.818925,0.6544,11510000,1861,1633,1286
chr7,11510000,0.882753,0.6593,11520000,1789,1641,1210
chr7,11520000,1,0.663,11530000,1901,1843,1358
chr7,11530000,1,0.6892,11540000,2132,2004,1505
chr7,11540000,1,0.6149,11550000,1212,1339,873
chr7,11550000,1,0.6394,11560000,1608,1679,1200
chr7,11560000,0.9684,0.6448,11570000,1675,1628,1305
chr7,11570000,0.955163,0.6488,11580000,1634,1559,1286
chr7,11580000,0.89975,0.6405,11590000,1336,1352,909
chr7,11590000,0.99265,0.698,11600000,2244,2026,1694
chr7,11600000,0.98395,0.6292,11610000,1403,1569,1023
chr7,11610000,0.99725,0.6437,11620000,1611,1705,1228
chr7,11620000,0.997033,0.6466,11630000,1767,1879,1250
chr7,11630000,1,0.6634,11640000,1809,1822,1392
chr7,11640000,0.991638,0.6608,11650000,1863,1878,1336
chr7,11650000,0.990375,0.5557,11660000,1445,1396,1018
chr7,11660000,0.99273,0.6459,11670000,1944,1846,1442
chr7,11670000,1,0.6959,11680000,2259,2173,1615
chr7,11680000,0.916951,0.7129,11690000,2004,1999,1545
chr7,11690000,1,0.6518,11700000,1790,1859,1318
chr7,11700000,1,0.6587,11710000,1724,1866,1258
chr7,11710000,0.731665,0.6016,11720000,1016,966,715
chr7,11720000,1,0.6759,11730000,1972,1968,1402
chr7,11730000,1,0.6547,11740000,1732,1751,1157
chr7,11740000,1,0.6495,11750000,1860,1927,1394
chr7,11750000,0.919006,0.6809,11760000,1842,1838,1374
chr7,11760000,0.755567,0.6377,11770000,1224,1068,1000
chr7,11770000,1,0.6835,11780000,2338,2270,1628
chr7,11780000,1,0.664,11790000,2301,2208,1433
chr7,11790000,1,0.6519,11800000,1901,1974,1299
chr7,11800000,1,0.6264,11810000,1461,1626,1038
chr7,11810000,0.9412,0.6244,11820000,1381,1548,977
chr7,11820000,1,0.6355,11830000,1739,1840,1206
chr7,11830000,0.99675,0.6588,11840000,1950,1896,1292
chr7,11840000,0.99605,0.6729,11850000,2018,1929,1433
chr7,11850000,0.929388,0.6668,11860000,1452,1486,1081
chr7,11860000,0.968258,0.6966,11870000,2105,1943,1627
chr7,11870000,1,0.6169,11880000,1313,1525,891
chr7,11880000,1,0.6206,11890000,1503,1749,1084
chr7,11890000,0.9959,0.6706,11900000,2033,1938,1514
chr7,11900000,0.957858,0.5537,11910000,1463,1449,1085
chr7,11910000,0.995697,0.6392,11920000,1687,1773,1243
chr7,11920000,0.967833,0.6621,11930000,1731,1829,1231
chr7,11930000,0.966836,0.7053,11940000,2104,2051,1491
chr7,11940000,1,0.6569,11950000,1878,1842,1350
chr7,11950000,0.9914,0.6245,11960000,1486,1713,1050
chr7,11960000,0.844296,0.6348,11970000,1467,1438,1139
chr7,11970000,0.984767,0.6713,11980000,1833,1891,1361
chr7,11980000,1,0.6468,11990000,1816,1937,1212
chr7,11990000,0.9916,0.6405,12000000,1820,1732,1270
chr7,12000000,0.9978,0.691,12010000,2154,1987,1634
chr7,12010000,0.99685,0.6481,12020000,1642,1759,1225
chr7,12020000,1,0.6669,12030000,2537,2460,1866
chr7,12030000,0.9885,0.6495,12040000,6050,5622,4707
chr7,12040000,1,0.6769,12050000,1931,1912,1357
chr7,12050000,1,0.6199,12060000,1492,1646,1046
chr7,12060000,0.981808,0.6826,12070000,1938,1816,1376
chr7,12070000,0.98065,0.6792,12080000,1842,1780,1327
chr7,12080000,0.997129,0.6978,12090000,2124,1993,1480
chr7,12090000,1,0.6962,12100000,2072,1963,1597
chr7,12100000,1,0.6841,12110000,1919,1938,1418
chr7,12110000,0.988065,0.634,12120000,1414,1402,968
chr7,12120000,0.9938,0.6177,12130000,1496,1636,1037
chr7,12130000,1,0.6647,12140000,1824,1896,1253
chr7,12140000,0.964433,0.6725,12150000,1711,1709,1322
chr7,12150000,0.99765,0.5989,12160000,1526,1516,1095
chr7,12160000,0.992967,0.605,12170000,1527,1506,1264
chr7,12170000,1,0.6735,12180000,2076,1944,1486
chr7,12180000,1,0.6237,12190000,1661,1777,1075
chr7,12190000,1,0.6358,12200000,1462,1539,1027
chr7,12200000,0.99845,0.611,12210000,1171,1271,831
chr7,12210000,1,0.69,12220000,1936,1816,1380
chr7,12220000,0.968075,0.6422,12230000,1701,1673,1165
chr7,12230000,1,0.6018,12240000,1273,1471,873
chr7,12240000,0.96295,0.6488,12250000,1655,1687,1193
chr7,12250000,0.950881,0.6659,12260000,1725,1710,1312
chr7,12260000,1,0.6307,12270000,1799,1650,1279
chr7,12270000,1,0.6454,12280000,1680,1661,1169
chr7,12280000,1,0.6717,12290000,1954,1898,1465
chr7,12290000,0.5984,0.6128,12300000,589,546,446
chr7,12300000,0.448383,0.6268,12310000,69,49,66
chr7,12310000,0.458017,0.6327,12320000,114,87,97
chr7,12320000,0.970295,0.6367,12330000,1675,1705,1106
chr7,12330000,0.99925,0.6511,12340000,1781,1727,1249
chr7,12340000,0.96175,0.5978,12350000,1282,1330,922
chr7,12350000,1,0.6146,12360000,1418,1602,885
chr7,12360000,1,0.6185,12370000,1572,1695,1101
chr7,12370000,0.99785,0.6034,12380000,1359,1434,995
chr7,12380000,0.97857,0.6196,12390000,1479,1541,1108
chr7,12390000,0.991617,0.6409,12400000,1592,1664,1197
chr7,12400000,0.932758,0.6413,12410000,1616,1559,1140
chr7,12410000,1,0.6438,12420000,1676,1729,1193
chr7,12420000,1,0.6407,12430000,1563,1563,1194
chr7,12430000,0.952941,0.6315,12440000,1524,1531,1071
chr7,12440000,0.99745,0.6301,12450000,905,718,434
chr7,12450000,0.990133,0.6128,12460000,855,571,302
chr7,12460000,0.98785,0.6175,12470000,954,663,360
chr7,12470000,1,0.6058,12480000,1319,992,450
chr7,12480000,0.945699,0.6408,12490000,1560,1069,585
chr7,12490000,1,0.6176,12500000,1280,895,425
chr7,12500000,1,0.6519,12510000,1705,1208,604
chr7,12510000,1,0.6592,12520000,2017,1345,758
chr7,12520000,0.942442,0.6273,12530000,1385,950,516
chr7,12530000,1,0.6246,12540000,1423,1070,601
chr7,12540000,1,0.6157,12550000,1217,896,437
chr7,12550000,0.965967,0.629,12560000,1677,956,624
chr7,12560000,1,0.6906,12570000,2089,1399,716
chr7,12570000,1,0.6485,12580000,1751,1148,606
chr7,12580000,0.99841,0.6889,12590000,2160,1320,803
chr7,12590000,0.99985,0.6716,12600000,2138,1423,761
chr7,12600000,1,0.6656,12610000,1875,1241,686
chr7,12610000,1,0.6399,12620000,1746,1144,600
chr7,12620000,1,0.7209,12630000,2374,1516,820
chr7,12630000,0.9851,0.6557,12640000,1643,1092,649
chr7,12640000,0.979519,0.6356,12650000,1731,1131,593
chr7,12650000,0.998,0.6119,12660000,1580,1096,527
chr7,12660000,0.989057,0.6329,12670000,1593,1136,554
chr7,12670000,1,0.631,12680000,1739,1158,627
chr7,12680000,0.949733,0.6228,12690000,1450,1027,595
chr7,12690000,0.970778,0.6408,12700000,1583,1115,586
chr7,12700000,0.862473,0.6315,12710000,1399,987,567
chr7,12710000,0.985542,0.6694,12720000,1876,1233,694
chr7,12720000,1,0.6689,12730000,1971,1316,713
chr7,12730000,0.899861,0.7246,12740000,2217,1279,992
chr7,12740000,0.952775,0.6243,12750000,1433,982,527
chr7,12750000,0.875197,0.7172,12760000,2068,1254,859
chr7,12760000,0.9102,0.6294,12770000,1155,807,462
chr7,12770000,0.9944,0.6589,12780000,1536,1017,669
chr7,12780000,0.996767,0.5589,12790000,1234,788,507
chr7,12790000,0.973425,0.5619,12800000,1160,850,585
chr7,12800000,0.993483,0.7089,12810000,2672,1609,1002
chr7,12810000,0.98195,0.6804,12820000,2362,1470,844
chr7,12820000,1,0.6363,12830000,1565,1122,574
chr7,12830000,0.9504,0.6266,12840000,1307,1041,531
chr7,12840000,0.898025,0.6524,12850000,1488,962,552
chr7,12850000,0.715767,0.6377,12860000,959,626,399
chr7,12860000,0.825308,0.5988,12870000,1153,807,493
chr7,12870000,0.7905,0.6178,12880000,1030,712,380
chr7,12880000,0.7905,0.6591,12890000,1426,869,488
chr7,12890000,1,0.6464,12900000,1774,1226,657
chr7,12900000,1,0.6321,12910000,1850,1288,625
chr7,12910000,0.977105,0.6781,12920000,2710,1958,1450
chr7,12920000,0.99235,0.612,12930000,1492,1041,530
chr7,12930000,0.951,0.6184,12940000,1331,927,523
chr7,12940000,0.971,0.6487,12950000,1686,1063,575
chr7,12950000,0.987917,0.6255,12960000,1484,1072,532
chr7,12960000,1,0.6032,12970000,1350,1046,439
chr7,12970000,0.99915,0.6835,12980000,2147,1399,736
chr7,12980000,0.988508,0.5984,12990000,1222,931,445
chr7,12990000,0.951433,0.6372,13000000,1681,1094,641
chr7,13000000,1,0.6259,13010000,1438,995,528
chr7,13010000,1,0.5934,13020000,1142,918,431
chr7,13020000,1,0.6526,13030000,1833,1260,694
chr7,13030000,1,0.6251,13040000,1286,901,503
chr7,13040000,1,0.6657,13050000,1856,1234,696
chr7,13050000,0.996285,0.591,13060000,1317,1022,496
chr7,13060000,0.981965,0.6911,13070000,2108,1307,741
chr7,13070000,1,0.639,13080000,1489,1114,577
chr7,13080000,1,0.6613,13090000,1934,1224,640
chr7,13090000,0.991325,0.6416,13100000,1531,1024,562
chr7,13100000,0.993658,0.6635,13110000,1706,1148,681
chr7,13110000,0.9982,0.6314,13120000,1128,809,461
chr7,13120000,0.993574,0.6503,13130000,1654,1113,590
chr7,13130000,1,0.7198,13140000,2478,1457,903
chr7,13140000,0.99985,0.6178,13150000,1460,1068,576
chr7,13150000,0.772456,0.6405,13160000,1380,914,554
chr7,13160000,0.969537,0.6232,13170000,1453,1016,501
chr7,13170000,0.98795,0.6286,13180000,1741,1166,586
chr7,13180000,0.882963,0.6617,13190000,1613,979,643
chr7,13190000,0.937101,0.7002,13200000,2227,1432,923
chr7,13200000,0.97075,0.6285,13210000,1489,1136,583
chr7,13210000,0.99915,0.6926,13220000,2166,1427,753
chr7,13220000,0.973664,0.6421,13230000,1810,1178,662
chr7,13230000,0.98905,0.6344,13240000,1595,1189,636
chr7,13240000,0.890987,0.6295,13250000,1242,814,445
chr7,13250000,0.994217,0.6387,13260000,1167,712,421
chr7,13260000,0.992033,0.6354,13270000,1434,1015,601
chr7,13270000,1,0.6245,13280000,1013,703,399
chr7,13280000,1,0.6741,13290000,1676,1159,634
chr7,13290000,0.816036,0.6637,13300000,1243,786,505
chr7,13300000,0.971071,0.6707,13310000,1869,1229,693
chr7,13310000,0.94195,0.6151,13320000,1450,1022,635
chr7,13320000,0.906281,0.6112,13330000,1865,1332,873
chr7,13330000,0.977693,0.6679,13340000,1587,1138,661
chr7,13340000,0.997842,0.675,13350000,2055,1434,724
chr7,13350000,0.697259,0.5082,13360000,611,400,271
chr7,13360000,0.910024,0.6396,13370000,1618,1077,568
chr7,13370000,0.9955,0.6752,13380000,2102,1498,958
chr7,13380000,0.99745,0.6457,13390000,1992,1365,871
chr7,13390000,1,0.6549,13400000,1895,1390,658
chr7,13400000,0.98295,0.6301,13410000,1586,1238,678
chr7,13410000,0.99205,0.668,13420000,2032,1289,835
chr7,13420000,1,0.6397,13430000,1825,1306,682
chr7,13430000,0.982367,0.6024,13440000,1294,960,486
chr7,13440000,0.923782,0.6841,13450000,1670,1076,663
chr7,13450000,0.993488,0.6672,13460000,1854,1336,697
chr7,13460000,0.9698,0.6382,13470000,1633,1171,583
chr7,13470000,1,0.5993,13480000,1439,1005,488
chr7,13480000,0.995177,0.6956,13490000,2221,1565,874
chr7,13490000,1,0.6533,13500000,1838,1309,623
chr7,13500000,1,0.6555,13510000,1948,1387,702
chr7,13510000,1,0.6355,13520000,1478,1064,526
chr7,13520000,0.99295,0.6342,13530000,1573,1110,557
chr7,13530000,0.935187,0.6822,13540000,1919,1185,734
chr7,13540000,0.956447,0.6457,13550000,1520,1061,551
chr7,13550000,0.99705,0.6096,13560000,1402,1039,502
chr7,13560000,0.980366,0.7125,13570000,2162,1374,765
chr7,13570000,1,0.626,13580000,1639,1133,544
chr7,13580000,1,0.6759,13590000,1949,1270,694
chr7,13590000,1,0.6697,13600000,3043,2142,1299
chr7,13600000,0.9976,0.6511,13610000,1707,1236,576
chr7,13610000,0.9512,0.6694,13620000,1781,1213,634
chr7,13620000,0.9936,0.7089,13630000,2235,1453,852
chr7,13630000,0.996032,0.6702,13640000,2029,1371,719
chr7,13640000,0.990551,0.6978,13650000,2276,1425,891
chr7,13650000,0.99615,0.6313,13660000,1257,873,444
chr7,13660000,0.995996,0.681,13670000,1990,1280,730
chr7,13670000,0.9983,0.6636,13680000,2001,1289,677
chr7,13680000,0.976497,0.5966,13690000,1499,1031,573
chr7,13690000,1,0.6656,13700000,1994,1291,715
chr7,13700000,1,0.6276,13710000,1545,1100,512
chr7,13710000,0.851332,0.6086,13720000,1158,745,453
chr7,13720000,0.755975,0.6097,13730000,983,595,341
chr7,13730000,0.746867,0.6274,13740000,1160,791,480
chr7,13740000,0.961693,0.5991,13750000,1450,930,534
chr7,13750000,0.983053,0.5809,13760000,1598,1178,663
chr7,13760000,1,0.6358,13770000,1620,1184,616
chr7,13770000,0.9998,0.6481,13780000,1678,1189,617
chr7,13780000,1,0.6431,13790000,1694,1189,585
chr7,13790000,1,0.6819,13800000,2064,1334,730
chr7,13800000,1,0.6469,13810000,1611,1143,505
chr7,13810000,0.9191,0.6178,13820000,1263,884,483
chr7,13820000,1,0.6024,13830000,1228,1030,459
chr7,13830000,0.99705,0.6714,13840000,2114,1389,811
chr7,13840000,0.987821,0.6746,13850000,1978,1266,772
chr7,13850000,0.99725,0.6918,13860000,2064,1292,819
chr7,13860000,0.978033,0.6657,13870000,1403,929,585
chr7,13870000,1,0.688,13880000,1532,993,576
chr7,13880000,0.997657,0.689,13890000,1714,1063,651
chr7,13890000,1,0.681,13900000,1652,1054,695
chr7,13900000,1,0.682,13910000,1498,909,584
chr7,13910000,1,0.6721,13920000,1248,802,448
chr7,13920000,0.967933,0.6266,13930000,1615,1104,570
chr7,13930000,0.991387,0.6768,13940000,2228,1416,821
chr7,13940000,0.99885,0.6453,13950000,1752,1304,712
chr7,13950000,1,0.6307,13960000,1480,1113,533
chr7,13960000,0.96265,0.5862,13970000,1284,887,489
chr7,13970000,0.982683,0.6279,13980000,1556,1053,577
chr7,13980000,1,0.6021,13990000,1091,783,402
chr7,13990000,1,0.6315,14000000,1767,1129,618
chr7,14000000,1,0.6819,14010000,2089,1350,775
chr7,14010000,0.94535,0.6731,14020000,1928,1227,719
chr7,14020000,0.916733,0.5718,14030000,1139,802,473
chr7,14030000,0.84738,0.5561,14040000,1387,921,582
chr7,14040000,0.940198,0.6098,14050000,1396,1028,532
chr7,14050000,0.99465,0.6496,14060000,1695,1102,608
chr7,14060000,0.996927,0.6342,14070000,1539,1072,578
chr7,14070000,0.34039,0.6645,14080000,226,125,70
chr7,14080000,0.391783,0.6611,14090000,282,200,122
chr7,14090000,0.624883,0.6616,14100000,836,581,348
chr7,14100000,0.989823,0.6776,14110000,1974,1452,849
chr7,14110000,1,0.6409,14120000,1666,1133,587
chr7,14120000,0.946847,0.6529,14130000,1697,1174,691
chr7,14130000,0.9826,0.6266,14140000,1728,1216,642
chr7,14140000,1,0.6362,14150000,1672,1203,633
chr7,14150000,1,0.6054,14160000,1312,1002,461
chr7,14160000,0.930345,0.6393,14170000,1669,1031,673
chr7,14170000,0.996625,0.6269,14180000,1493,1162,588
chr7,14180000,1,0.6455,14190000,1631,1052,623
chr7,14190000,1,0.6416,14200000,1982,1256,712
chr7,14200000,0.975795,0.6162,14210000,1535,1080,583
chr7,14210000,1,0.6278,14220000,1536,1130,585
chr7,14220000,0.915373,0.6557,14230000,1945,1295,894
chr7,14230000,0.986061,0.6262,14240000,1720,1174,600
chr7,14240000,1,0.624,14250000,1557,1190,582
chr7,14250000,1,0.589,14260000,1379,1088,463
chr7,14260000,0.993553,0.6714,14270000,2149,1394,841
chr7,14270000,0.99835,0.6075,14280000,1560,1168,600
chr7,14280000,1,0.644,14290000,1709,1180,573
chr7,14290000,0.914216,0.6616,14300000,1752,1211,713
chr7,14300000,0.985817,0.6828,14310000,2013,1286,765
chr7,14310000,0.96425,0.6711,14320000,1920,1259,679
chr7,14320000,0.964725,0.6197,14330000,1530,1135,618
chr7,14330000,0.9875,0.6557,14340000,1823,1194,639
chr7,14340000,0.99935,0.7305,14350000,2884,1901,1116
chr7,14350000,1,0.662,14360000,1796,1200,628
chr7,14360000,0.9972,0.6384,14370000,1542,1166,665
chr7,14370000,0.99675,0.6722,14380000,1911,1316,700
chr7,14380000,0.9932,0.6936,14390000,2113,1413,757
chr7,14390000,1,0.6542,14400000,1921,1277,657
chr7,14400000,0.931942,0.627,14410000,1539,973,562
chr7,14410000,1,0.6862,14420000,2135,1421,774
chr7,14420000,1,0.6286,14430000,1681,1167,577
chr7,14430000,0.99945,0.6426,14440000,2028,1679,1041
chr7,14440000,0.99865,0.6361,14450000,1737,1245,651
chr7,14450000,0.98335,0.6237,14460000,1684,1197,567
chr7,14460000,0.96785,0.5824,14470000,1171,923,454
chr7,14470000,0.8935,0.6002,14480000,2049,1601,1187
chr7,14480000,0.92965,0.698,14490000,2058,1392,917
chr7,14490000,0.9786,0.632,14500000,1810,1405,767
chr7,14500000,0.9837,0.6772,14510000,2155,1371,827
chr7,14510000,0.977929,0.6692,14520000,2046,1273,776
chr7,14520000,0.974925,0.6042,14530000,1381,941,543
chr7,14530000,1,0.6754,14540000,2116,1380,716
chr7,14540000,0.994255,0.6791,14550000,2084,1340,748
chr7,14550000,0.825335,0.652,14560000,1481,887,620
chr7,14560000,0.990638,0.6962,14570000,2056,1411,684
chr7,14570000,1,0.6165,14580000,1469,1118,485
chr7,14580000,0.984403,0.6696,14590000,1797,1144,642
chr7,14590000,0.9985,0.5881,14600000,1419,1039,527
chr7,14600000,0.978294,0.6552,14610000,1705,1210,598
chr7,14610000,0.888233,0.6646,14620000,1525,1022,572
chr7,14620000,0.817363,0.61,14630000,1166,804,516
chr7,14630000,0.984164,0.6829,14640000,2221,1394,769
chr7,14640000,1,0.6126,14650000,1746,1228,660
chr7,14650000,1,0.6037,14660000,1478,1095,523
chr7,14660000,0.988588,0.7019,14670000,2331,1362,859
chr7,14670000,1,0.6099,14680000,1477,1045,560
chr7,14680000,0.950633,0.671,14690000,2166,1459,1006
chr7,14690000,0.995202,0.5998,14700000,1583,1130,573
chr7,14700000,0.914732,0.5956,14710000,1312,863,544
chr7,14710000,1,0.6612,14720000,1870,1198,676
chr7,14720000,0.992292,0.6654,14730000,1977,1013,663
chr7,14730000,0.926253,0.597,14740000,1389,753,618
chr7,14740000,0.934548,0.5546,14750000,2094,1335,1214
chr7,14750000,0.900623,0.61,14760000,1349,463,489
chr7,14760000,0.909489,0.4938,14770000,763,321,358
chr7,14770000,0.870167,0.6282,14780000,1462,551,566
chr7,14780000,0.87415,0.639,14790000,2053,835,893
chr7,14790000,0.99905,0.6858,14800000,2639,1038,902
chr7,14800000,0.991373,0.6808,14810000,2099,782,793
chr7,14810000,0.939133,0.6757,14820000,1766,582,725
chr7,14820000,0.905508,0.6619,14830000,2041,946,805
chr7,14830000,0.944247,0.5665,14840000,1535,797,669
chr7,14840000,0.949258,0.5383,14850000,10457,8639,6470
chr7,14850000,0.96605,0.5172,14860000,4381,3157,2508
chr7,14860000,0.976975,0.5962,14870000,3005,1764,1406
chr7,14870000,0.962908,0.6864,14880000,2768,1217,1197
chr7,14880000,0.955008,0.6422,14890000,1700,550,636
chr7,14890000,0.747825,0.7374,14900000,1859,594,676
chr7,14900000,0.659483,0.6908,14910000,879,250,321
chr7,14910000,0.718099,0.635,14920000,3709,2937,2334
chr7,14920000,0.933928,0.5772,14930000,1900,1162,992
chr7,14930000,0.758783,0.6412,14940000,812,335,350
chr7,14940000,0.650495,0.7137,14950000,1103,310,441
chr7,14950000,0.7557,0.5679,14960000,648,269,231
chr7,14960000,0.986892,0.6357,14970000,1834,714,737
chr7,14970000,0.929723,0.5726,14980000,1245,479,464
chr7,14980000,0.897147,0.5258,14990000,1048,331,441
chr7,14990000,0.910959,0.6674,15000000,2094,784,759
chr7,15000000,0.392851,0.6185,15010000,460,141,199
chr7,15010000,0.443507,0.5614,15020000,517,302,326
chr7,15020000,0.347397,0.6122,15030000,187,55,74
chr7,15030000,0.398628,0.6646,15040000,501,143,218
chr7,15040000,0.193276,0.642,15050000,40,17,18
chr7,15050000,0.249599,0.6039,15060000,33,13,22
chr7,15060000,0.250641,0.5898,15070000,6,15,16
chr7,15070000,0.275435,0.6235,15080000,21,3,9
chr7,15080000,0.241634,0.6579,15090000,2,0,2
chr7,15090000,0.20371,0.6586,15100000,80,28,54
chr7,15100000,0.266835,0.5604,15110000,29,11,29
chr7,15110000,0.261714,0.6087,15120000,19,10,15
chr7,15120000,0.2584,0.6519,15130000,1,1,0
chr7,15130000,0.225946,0.6456,15140000,1,1,0
chr7,15140000,0.22707,0.6207,15150000,59,10,39
chr7,15150000,0.264961,0.571,15160000,38,5,25
chr7,15160000,0.258742,0.6105,15170000,0,1,1
chr7,15170000,0.262946,0.6706,15180000,1,1,3
chr7,15180000,0.184499,0.6391,15190000,0,1,0
chr7,15190000,0.416424,0.6954,15200000,0,1,2
chr7,15200000,0.401572,0.6972,15210000,31,11,17
chr7,15210000,0.216388,0.6562,15220000,38,7,17
chr7,15220000,0.477363,0.7008,15230000,34,9,12
chr7,15230000,0.342873,0.6711,15240000,65,23,35
chr7,15240000,0.982876,0.5894,15250000,1238,562,598
chr7,15250000,0.91161,0.6363,15260000,1444,561,661
chr7,15260000,0.972758,0.6656,15270000,1925,593,714
chr7,15270000,0.942604,0.6618,15280000,1731,601,674
chr7,15280000,0.951746,0.6771,15290000,1862,653,715
chr7,15290000,0.929608,0.6275,15300000,1373,517,491
chr7,15300000,0.983712,0.6389,15310000,1697,558,602
chr7,15310000,1,0.6249,15320000,1552,593,550
chr7,15320000,0.9798,0.6708,15330000,1918,618,687
chr7,15330000,1,0.6451,15340000,1660,549,539
chr7,15340000,1,0.6348,15350000,1635,615,625
chr7,15350000,0.996583,0.6332,15360000,1666,629,559
chr7,15360000,0.957061,0.6174,15370000,1631,515,652
chr7,15370000,0.482154,0.49,15380000,381,122,164
chr7,15380000,0.92693,0.6204,15390000,1421,472,576
chr7,15390000,1,0.6205,15400000,1569,557,594
chr7,15400000,0.9921,0.6113,15410000,1455,518,442
chr7,15410000,0.961187,0.6467,15420000,1468,512,544
chr7,15420000,0.96215,0.6369,15430000,1318,465,457
chr7,15430000,1,0.6237,15440000,1536,603,521
chr7,15440000,0.990435,0.6661,15450000,1934,631,663
chr7,15450000,0.968867,0.6439,15460000,1642,604,612
chr7,15460000,0.9883,0.6056,15470000,1566,566,537
chr7,15470000,0.951467,0.5757,15480000,1282,402,533
chr7,15480000,0.988265,0.636,15490000,1622,567,582
chr7,15490000,0.99141,0.6544,15500000,1688,521,566
chr7,15500000,0.95995,0.6969,15510000,1711,548,655
chr7,15510000,0.917413,0.69,15520000,1761,598,711
chr7,15520000,0.978741,0.6294,15530000,1590,573,631
chr7,15530000,1,0.6362,15540000,1767,597,608
chr7,15540000,1,0.693,15550000,2126,713,809
chr7,15550000,1,0.6425,15560000,1799,673,669
chr7,15560000,0.890542,0.5951,15570000,1220,486,537
chr7,15570000,0.956973,0.6358,15580000,1479,556,518
chr7,15580000,0.9968,0.6445,15590000,1547,558,567
chr7,15590000,0.855289,0.6683,15600000,1553,485,568
chr7,15600000,0.98395,0.6424,15610000,1623,609,638
chr7,15610000,0.960185,0.6858,15620000,1990,663,723
chr7,15620000,0.630602,0.5648,15630000,657,220,297
chr7,15630000,0.603967,0.5346,15640000,686,204,305
chr7,15640000,0.97519,0.6866,15650000,2289,780,744
chr7,15650000,1,0.6416,15660000,1800,678,648
chr7,15660000,0.990428,0.6403,15670000,1673,599,640
chr7,15670000,0.997467,0.6358,15680000,1744,632,599
chr7,15680000,0.859832,0.6634,15690000,1548,480,618
chr7,15690000,0.964183,0.6896,15700000,1967,624,761
chr7,15700000,1,0.666,15710000,2060,711,664
chr7,15710000,0.958383,0.6993,15720000,2035,630,795
chr7,15720000,0.984583,0.656,15730000,1849,613,714
chr7,15730000,0.340216,0.6179,15740000,323,125,129
chr7,15740000,0.150284,0.6198,15750000,0,1,1
chr7,15750000,0.939178,0.6376,15760000,1534,491,569
chr7,15760000,0.9814,0.6496,15770000,1560,540,559
chr7,15770000,0.9936,0.6281,15780000,1349,496,471
chr7,15780000,0.9985,0.6301,15790000,1594,545,572
chr7,15790000,1,0.6245,15800000,1396,507,496
chr7,15800000,0.99678,0.7038,15810000,2103,670,747
chr7,15810000,0.94965,0.654,15820000,1805,628,693
chr7,15820000,0.9923,0.7263,15830000,2543,798,937
chr7,15830000,0.988033,0.6448,15840000,1842,644,628
chr7,15840000,0.995126,0.6961,15850000,2132,739,791
chr7,15850000,0.97335,0.6124,15860000,1526,524,586
chr7,15860000,0.982859,0.6582,15870000,1888,648,763
chr7,15870000,0.97825,0.6943,15880000,2122,651,775
chr7,15880000,0.687895,0.5987,15890000,1000,402,370
chr7,15890000,0.982048,0.6978,15900000,2276,688,796
chr7,15900000,0.952491,0.6721,15910000,1912,596,714
chr7,15910000,0.98645,0.6813,15920000,2080,642,707
chr7,15920000,0.971844,0.6627,15930000,2010,654,736
chr7,15930000,0.969422,0.6626,15940000,1997,647,723
chr7,15940000,1,0.645,15950000,1854,785,764
chr7,15950000,0.99495,0.6479,15960000,2743,1655,1655
chr7,15960000,0.9993,0.6695,15970000,2215,786,821
chr7,15970000,1,0.6619,15980000,1885,641,699
chr7,15980000,0.99955,0.6835,15990000,1800,558,672
chr7,15990000,0.990659,0.6867,16000000,1962,731,776
chr7,16000000,1,0.6756,16010000,1995,735,627
chr7,16010000,0.99955,0.6687,16020000,1988,655,757
chr7,16020000,1,0.6671,16030000,1969,720,660
chr7,16030000,1,0.6727,16040000,2223,1492,1055
chr7,16040000,0.926467,0.6875,16050000,1635,608,684
chr7,16050000,0.928217,0.6555,16060000,1614,651,652
chr7,16060000,1,0.6808,16070000,1989,702,717
chr7,16070000,0.993083,0.6593,16080000,2060,717,706
chr7,16080000,0.785914,0.6293,16090000,1319,416,502
chr7,16090000,0.992763,0.6207,16100000,1637,571,604
chr7,16100000,0.993583,0.6345,16110000,1594,591,602
chr7,16110000,0.988119,0.6535,16120000,1678,584,685
chr7,16120000,0.99575,0.652,16130000,1783,660,620
chr7,16130000,0.353322,0.6746,16140000,389,118,172
chr7,16140000,0.908467,0.7015,16150000,1863,588,659
chr7,16150000,1,0.6444,16160000,1958,651,800
chr7,16160000,0.976205,0.6608,16170000,1894,715,767
chr7,16170000,0.992933,0.6697,16180000,1877,742,741
chr7,16180000,0.99535,0.6071,16190000,1648,592,694
chr7,16190000,0.977341,0.6713,16200000,1773,582,654
chr7,16200000,0.900623,0.6594,16210000,1538,484,549
chr7,16210000,0.979425,0.6644,16220000,1854,657,654
chr7,16220000,0.979333,0.6714,16230000,1974,710,715
chr7,16230000,0.947508,0.6285,16240000,1434,514,539
chr7,16240000,1,0.6538,16250000,1923,615,696
chr7,16250000,1,0.6345,16260000,1802,651,683
chr7,16260000,1,0.6183,16270000,1774,666,682
chr7,16270000,1,0.6679,16280000,2293,1179,1048
chr7,16280000,0.966947,0.5909,16290000,2936,1794,1529
chr7,16290000,0.884979,0.5834,16300000,1113,360,465
chr7,16300000,1,0.6287,16310000,1736,615,573
chr7,16310000,0.986933,0.6424,16320000,1682,686,621
chr7,16320000,0.971767,0.6612,16330000,1957,1067,969
chr7,16330000,1,0.6762,16340000,2446,1860,1614
chr7,16340000,0.96585,0.636,16350000,1543,643,608
chr7,16350000,0.97095,0.7161,16360000,2229,872,842
chr7,16360000,0.980323,0.6715,16370000,2114,1084,943
chr7,16370000,0.835893,0.663,16380000,1520,516,559
chr7,16380000,0.945617,0.6745,16390000,2002,681,708
chr7,16390000,0.984202,0.6903,16400000,2858,1096,1095
chr7,16400000,0.962907,0.5358,16410000,1143,392,411
chr7,16410000,0.970125,0.6406,16420000,1811,610,656
chr7,16420000,0.999,0.6462,16430000,1822,612,612
chr7,16430000,1,0.6468,16440000,1801,605,596
chr7,16440000,0.941378,0.6714,16450000,2347,869,1041
chr7,16450000,0.987302,0.6812,16460000,2120,678,752
chr7,16460000,0.971133,0.6377,16470000,1793,593,620
chr7,16470000,0.936324,0.6949,16480000,1968,623,815
chr7,16480000,0.891781,0.6677,16490000,1909,598,691
chr7,16490000,0.970975,0.7115,16500000,2256,717,846
chr7,16500000,0.998756,0.6666,16510000,1893,681,711
chr7,16510000,0.603565,0.6182,16520000,768,263,370
chr7,16520000,0.450047,0.6124,16530000,722,228,260
chr7,16530000,0.760115,0.5525,16540000,983,400,392
chr7,16540000,0.713501,0.5252,16550000,737,262,329
chr7,16550000,0.99613,0.6014,16560000,1603,583,610
chr7,16560000,0.977419,0.5769,16570000,1418,613,580
chr7,16570000,0.940943,0.5958,16580000,1180,445,505
chr7,16580000,1,0.597,16590000,1602,558,569
chr7,16590000,1,0.6625,16600000,1690,589,654
chr7,16600000,0.9956,0.7196,16610000,2457,774,861
chr7,16610000,0.946503,0.6046,16620000,1488,620,642
chr7,16620000,0.290983,0.5783,16630000,299,108,149
chr7,16630000,0.290146,0.57,16640000,288,141,144
chr7,16640000,0.514457,0.5997,16650000,557,178,236
chr7,16650000,0.977504,0.6201,16660000,1581,581,718
chr7,16660000,0.9993,0.6494,16670000,1719,561,593
chr7,16670000,0.9987,0.6401,16680000,1608,576,552
chr7,16680000,0.821012,0.606,16690000,1096,401,406
chr7,16690000,0.84036,0.6532,16700000,1464,452,575
chr7,16700000,0.9998,0.6813,16710000,1990,628,723
chr7,16710000,0.798187,0.672,16720000,1215,410,439
chr7,16720000,0.988017,0.6333,16730000,1924,962,723
chr7,16730000,0.909284,0.5754,16740000,1082,324,421
chr7,16740000,0.974808,0.6996,16750000,2056,778,760
chr7,16750000,0.903375,0.6624,16760000,1669,595,719
chr7,16760000,0.970107,0.6514,16770000,2010,788,901
chr7,16770000,0.976633,0.6423,16780000,1703,633,631
chr7,16780000,0.999265,0.7012,16790000,2435,928,1067
chr7,16790000,0.99028,0.6347,16800000,1617,533,608
chr7,16800000,0.999667,0.626,16810000,1653,601,652
chr7,16810000,0.83961,0.6269,16820000,1155,430,452
chr7,16820000,0.642907,0.6579,16830000,780,211,283
chr7,16830000,0.642794,0.5856,16840000,653,205,289
chr7,16840000,0.688832,0.5962,16850000,803,251,328
chr7,16850000,0.579505,0.6605,16860000,695,246,309
chr7,16860000,0.444137,0.6584,16870000,329,103,158
chr7,16870000,0.658057,0.6556,16880000,897,294,337
chr7,16880000,0.951417,0.6183,16890000,1552,694,584
chr7,16890000,0.99895,0.5799,16900000,1363,553,497
chr7,16900000,0.988242,0.6626,16910000,1811,604,706
chr7,16910000,0.945808,0.6211,16920000,1603,575,527
chr7,16920000,0.967925,0.5705,16930000,1154,468,477
chr7,16930000,0.991417,0.6646,16940000,1815,593,702
chr7,16940000,1,0.6273,16950000,1659,564,594
chr7,16950000,0.840943,0.6318,16960000,1426,497,529
chr7,16960000,0.66831,0.6379,16970000,1159,385,431
chr7,16970000,0.956655,0.651,16980000,1617,564,598
chr7,16980000,0.612772,0.6165,16990000,609,234,368
chr7,16990000,0.752698,0.62,17000000,1191,440,560
chr7,17000000,0.944083,0.6922,17010000,2484,1017,1123
chr7,17010000,0.749474,0.5825,17020000,896,306,419
chr7,17020000,0.712423,0.5106,17030000,616,215,230
chr7,17030000,0.627044,0.4953,17040000,478,189,202
chr7,17040000,0.843014,0.5463,17050000,829,281,355
chr7,17050000,0.777472,0.5791,17060000,794,307,348
chr7,17060000,0.983978,0.673,17070000,1869,676,671
chr7,17070000,0.999725,0.6796,17080000,2047,615,738
chr7,17080000,1,0.6148,17090000,1724,642,617
chr7,17090000,0.969126,0.6977,17100000,2239,735,796
chr7,17100000,0.951233,0.6789,17110000,1848,617,607
chr7,17110000,0.9993,0.684,17120000,2075,655,766
chr7,17120000,0.9617,0.6155,17130000,1401,486,456
chr7,17130000,0.993575,0.629,17140000,1720,587,646
chr7,17140000,0.943997,0.6299,17150000,1756,732,719
chr7,17150000,0.961385,0.5567,17160000,1355,506,510
chr7,17160000,0.946344,0.4974,17170000,799,289,335
chr7,17170000,0.99195,0.5904,17180000,1579,491,609
chr7,17180000,0.869907,0.5781,17190000,1422,626,649
chr7,17190000,0.600703,0.5353,17200000,590,234,258
chr7,17200000,0.97683,0.6414,17210000,1691,575,629
chr7,17210000,0.964083,0.6515,17220000,1750,594,637
chr7,17220000,1,0.6832,17230000,2189,714,815
chr7,17230000,0.997833,0.6178,17240000,1722,904,838
chr7,17240000,1,0.6314,17250000,1215,430,459
chr7,17250000,1,0.6257,17260000,2197,1091,934
chr7,17260000,0.9837,0.631,17270000,1888,807,760
chr7,17270000,1,0.6633,17280000,1980,668,851
chr7,17280000,0.937058,0.6357,17290000,1614,639,650
chr7,17290000,0.904574,0.5927,17300000,1237,443,537
chr7,17300000,0.773296,0.5742,17310000,928,321,399
chr7,17310000,0.470804,0.5346,17320000,397,135,155
chr7,17320000,0.276175,0.5677,17330000,129,47,83
chr7,17330000,0.503447,0.5391,17340000,43,20,25
chr7,17340000,0.504152,0.5934,17350000,121,44,64
chr7,17350000,0.459222,0.5779,17360000,119,40,50
chr7,17360000,0.17334,0.5763,17370000,45,14,21
chr7,17370000,0.480943,0.5305,17380000,69,23,29
chr7,17380000,0.513126,0.5951,17390000,132,55,65
chr7,17390000,0.526992,0.5785,17400000,105,46,38
chr7,17400000,0.226934,0.5776,17410000,151,62,79
chr7,17410000,0.661395,0.5888,17420000,846,321,312
chr7,17420000,1,0.6622,17430000,1835,618,666
chr7,17430000,0.9964,0.6648,17440000,2200,863,1012
chr7,17440000,1,0.6591,17450000,1858,647,690
chr7,17450000,0.9841,0.7118,17460000,2451,748,931
chr7,17460000,0.98595,0.5946,17470000,1266,458,557
chr7,17470000,0.9991,0.5922,17480000,1351,471,546
chr7,17480000,1,0.6628,17490000,1886,694,655
chr7,17490000,0.99995,0.6683,17500000,2026,732,780
chr7,17500000,0.998167,0.6926,17510000,2154,694,778
chr7,17510000,0.975,0.6713,17520000,1647,594,670
chr7,17520000,0.957783,0.6877,17530000,1921,680,784
chr7,17530000,1,0.646,17540000,1700,616,548
chr7,17540000,0.967675,0.6626,17550000,1898,632,701
chr7,17550000,0.915305,0.6938,17560000,1909,644,684
chr7,17560000,0.99535,0.6813,17570000,2122,775,761
chr7,17570000,1,0.6624,17580000,2047,708,829
chr7,17580000,0.9989,0.7043,17590000,2381,703,876
chr7,17590000,1,0.6356,17600000,1814,669,670
chr7,17600000,0.992132,0.692,17610000,2157,711,798
chr7,17610000,1,0.6572,17620000,1671,555,632
chr7,17620000,0.99825,0.6705,17630000,1850,659,665
chr7,17630000,0.999083,0.666,17640000,1144,408,439
chr7,17640000,0.935563,0.7144,17650000,1860,757,849
chr7,17650000,0.584971,0.6695,17660000,1194,751,970
chr7,17660000,0.574527,0.6593,17670000,862,446,639
chr7,17670000,0.500498,0.6409,17680000,506,298,363
chr7,17680000,0.454963,0.6543,17690000,199,56,93
chr7,17690000,0.465947,0.6389,17700000,415,259,283
chr7,17700000,0.50836,0.6592,17710000,226,75,130
chr7,17710000,0.499425,0.6467,17720000,554,332,453
chr7,17720000,0.728107,0.6502,17730000,693,305,311
chr7,17730000,0.8494,0.6795,17740000,1764,568,634
chr7,17740000,0.698263,0.647,17750000,990,403,596
chr7,17750000,0.824799,0.6392,17760000,1262,494,544
chr7,17760000,0.993033,0.5979,17770000,1564,527,591
chr7,17770000,0.962818,0.5965,17780000,1422,533,543
chr7,17780000,0.68283,0.5111,17790000,842,319,273
chr7,17790000,1,0.5928,17800000,2788,1223,752
chr7,17800000,0.733,0.6419,17810000,865,301,296
chr7,17810000,0.868256,0.594,17820000,1235,574,518
chr7,17820000,0.741944,0.5825,17830000,1081,453,528
chr7,17830000,0.924988,0.6504,17840000,1576,529,575
chr7,17840000,0.9583,0.6516,17850000,2295,927,767
chr7,17850000,0.99175,0.7063,17860000,2530,991,976
chr7,17860000,0.95405,0.6773,17870000,2040,750,800
chr7,17870000,0.9985,0.6182,17880000,1466,615,495
chr7,17880000,0.9798,0.658,17890000,1935,691,715
chr7,17890000,0.691833,0.6456,17900000,1090,725,872
chr7,17900000,0.623802,0.6393,17910000,655,231,353
chr7,17910000,0.562475,0.6474,17920000,623,387,540
chr7,17920000,0.66187,0.6163,17930000,669,230,244
chr7,17930000,0.901275,0.7012,17940000,2207,769,886
chr7,17940000,0.849417,0.6533,17950000,1541,512,568
chr7,17950000,0.788347,0.5527,17960000,678,277,333
chr7,17960000,0.99405,0.658,17970000,1504,536,556
chr7,17970000,0.956923,0.5961,17980000,1131,390,441
chr7,17980000,0.869559,0.5837,17990000,1112,455,554
chr7,17990000,0.904874,0.5363,18000000,920,327,382
chr7,18000000,0.8987,0.5218,18010000,1181,631,590
chr7,18010000,0.756681,0.4983,18020000,786,338,385
chr7,18020000,0.785437,0.5776,18030000,1421,832,696
chr7,18030000,0.950106,0.6051,18040000,1716,842,762
chr7,18040000,0.696521,0.6241,18050000,1271,578,565
chr7,18050000,0.753426,0.6035,18060000,1098,437,443
chr7,18060000,0.949534,0.5909,18070000,1447,566,591
chr7,18070000,0.860709,0.553,18080000,865,296,345
chr7,18080000,0.964712,0.6485,18090000,1957,790,823
chr7,18090000,0.99795,0.6004,18100000,1383,536,494
chr7,18100000,0.99655,0.6265,18110000,1813,688,718
chr7,18110000,1,0.6736,18120000,2040,606,717
chr7,18120000,0.983867,0.6429,18130000,1564,546,583
chr7,18130000,0.815685,0.6123,18140000,1030,355,384
chr7,18140000,0.833903,0.6267,18150000,1301,425,560
chr7,18150000,0.99905,0.6167,18160000,1490,522,558
chr7,18160000,0.917634,0.5883,18170000,1223,393,409
chr7,18170000,0.942251,0.5863,18180000,1154,407,451
chr7,18180000,0.9847,0.6196,18190000,1518,541,556
chr7,18190000,0.869327,0.591,18200000,1026,341,414
chr7,18200000,0.950982,0.5843,18210000,1252,491,441
chr7,18210000,0.686413,0.6373,18220000,853,290,339
chr7,18220000,0.99495,0.6139,18230000,1513,581,584
chr7,18230000,0.978692,0.5929,18240000,1581,689,612
chr7,18240000,0.987242,0.6066,18250000,1453,608,560
chr7,18250000,0.966632,0.6333,18260000,1482,536,614
chr7,18260000,0.982035,0.5844,18270000,1460,608,651
chr7,18270000,0.99785,0.5905,18280000,1564,637,579
chr7,18280000,0.828034,0.6217,18290000,3205,1826,1121
chr7,18290000,0.51474,0.6091,18300000,586,228,198
chr7,18300000,0.426244,0.6112,18310000,459,203,180
chr7,18310000,0.438247,0.6085,18320000,636,363,202
chr7,18320000,0.328718,0.6132,18330000,315,120,115
chr7,18330000,0.249364,0.6112,18340000,56,26,25
chr7,18340000,0.409866,0.6115,18350000,391,175,137
chr7,18350000,0.46907,0.6137,18360000,724,319,255
chr7,18360000,0.435526,0.61,18370000,549,227,208
chr7,18370000,0.261735,0.59,18380000,168,56,65
chr7,18380000,0.429707,0.6137,18390000,596,262,217
chr7,18390000,0.388149,0.6148,18400000,665,345,218
chr7,18400000,0.364026,0.5949,18410000,300,91,108
chr7,18410000,0.463273,0.6076,18420000,521,201,213
chr7,18420000,0.44618,0.61,18430000,385,135,143
chr7,18430000,0.546638,0.6135,18440000,754,380,260
chr7,18440000,0.291937,0.5878,18450000,457,182,163
chr7,18450000,0.296178,0.591,18460000,314,95,142
chr7,18460000,0.258668,0.5819,18470000,272,70,90
chr7,18470000,0.328077,0.6149,18480000,510,228,208
chr7,18480000,0.340291,0.6092,18490000,306,114,114
chr7,18490000,0.216793,0.6117,18500000,125,33,37
chr7,18500000,0.347221,0.5877,18510000,292,97,87
chr7,18510000,0.386122,0.5856,18520000,419,148,188
chr7,18520000,0.22085,0.5938,18530000,190,67,71
chr7,18530000,0.179083,0.6069,18540000,223,85,75
chr7,18540000,0.160135,0.6109,18550000,126,45,56
chr7,18550000,0.194665,0.6121,18560000,104,33,42
chr7,18560000,0.183545,0.611,18570000,126,69,58
chr7,18570000,0.169703,0.6096,18580000,54,35,26
chr7,18580000,0.253305,0.6129,18590000,148,33,45
chr7,18590000,0.186425,0.612,18600000,135,39,52
chr7,18600000,0.150854,0.61,18610000,146,49,56
chr7,18610000,0.132181,0.5925,18620000,104,30,31
chr7,18620000,0.122489,0.5766,18630000,135,48,55
chr7,18630000,0.191402,0.6002,18640000,211,75,70
chr7,18640000,0.19524,0.6208,18650000,165,50,56
chr7,18650000,0.209524,0.6056,18660000,189,56,69
chr7,18660000,0.196335,0.5985,18670000,255,85,104
chr7,18670000,0.263653,0.5883,18680000,219,70,85
chr7,18680000,0.125989,0.6093,18690000,59,41,34
chr7,18690000,0.17254,0.6071,18700000,151,42,55
chr7,18700000,0.247091,0.6012,18710000,222,69,80
chr7,18710000,0.166199,0.5861,18720000,175,48,70
chr7,18720000,0.176183,0.575,18730000,206,60,81
chr7,18730000,0.197659,0.583,18740000,191,69,73
chr7,18740000,0.316321,0.5792,18750000,317,130,160
chr7,18750000,0.266941,0.5929,18760000,325,102,184
chr7,18760000,0.191878,0.5842,18770000,184,47,73
chr7,18770000,0.26263,0.5772,18780000,250,90,123
chr7,18780000,0.271394,0.5803,18790000,287,92,136
chr7,18790000,0.353453,0.6053,18800000,347,109,143
chr7,18800000,0.130068,0.607,18810000,78,19,31
chr7,18810000,0.0883511,0.5853,18820000,70,20,31
chr7,18820000,0.213341,0.607,18830000,193,49,67
chr7,18830000,0.218175,0.6098,18840000,246,115,85
chr7,18840000,0.147985,0.5909,18850000,147,38,63
chr7,18850000,0.133386,0.5942,18860000,113,38,65
chr7,18860000,0.161241,0.5988,18870000,103,22,25
chr7,18870000,0.178916,0.6032,18880000,215,65,89
chr7,18880000,0.164592,0.5902,18890000,119,43,51
chr7,18890000,0.142651,0.5774,18900000,126,44,54
chr7,18900000,0.196894,0.5835,18910000,186,54,62
chr7,18910000,0.222251,0.5828,18920000,134,42,50
chr7,18920000,0.349653,0.6041,18930000,272,73,112
chr7,18930000,0.283412,0.6108,18940000,224,95,95
chr7,18940000,0.268148,0.6054,18950000,242,116,111
chr7,18950000,0.196721,0.6064,18960000,187,58,62
chr7,18960000,0.264699,0.576,18970000,294,97,143
chr7,18970000,0.223198,0.557,18980000,214,90,89
chr7,18980000,0.140308,0.5615,18990000,88,29,45
chr7,18990000,0.265777,0.6037,19000000,351,148,146
chr7,19000000,0.140868,0.5933,19010000,305,143,182
chr7,19010000,0.164068,0.5685,19020000,127,51,59
chr7,19020000,0.41851,0.6038,19030000,455,137,181
chr7,19030000,0.376668,0.5963,19040000,348,133,137
chr7,19040000,0.116794,0.5778,19050000,109,32,45
chr7,19050000,0.199446,0.5774,19060000,215,66,82
chr7,19060000,0.11311,0.5689,19070000,108,34,28
chr7,19070000,0.19632,0.5784,19080000,223,66,85
chr7,19080000,0.111355,0.5643,19090000,107,35,41
chr7,19090000,0.157727,0.5931,19100000,178,56,82
chr7,19100000,0.24588,0.6113,19110000,176,65,63
chr7,19110000,0.223311,0.6006,19120000,185,62,75
chr7,19120000,0.115342,0.6055,19130000,63,16,32
chr7,19130000,0.212403,0.5853,19140000,199,68,82
chr7,19140000,0.189309,0.5725,19150000,182,64,91
chr7,19150000,0.318314,0.587,19160000,396,125,167
chr7,19160000,0.407186,0.5738,19170000,576,291,304
chr7,19170000,0.230742,0.6049,19180000,239,86,87
chr7,19180000,0.502577,0.5896,19190000,594,281,236
chr7,19190000,0.374474,0.5962,19200000,455,200,141
chr7,19200000,0.281162,0.5888,19210000,250,73,84
chr7,19210000,0.167887,0.6043,19220000,81,29,36
chr7,19220000,0.0963382,0.5914,19230000,41,12,15
chr7,19230000,0.170382,0.5937,19240000,155,48,71
chr7,19240000,0.115752,0.5807,19250000,31,16,21
chr7,19250000,0.136749,0.5787,19260000,81,30,34
chr7,19260000,0.0884195,0.5762,19270000,15,8,9
chr7,19270000,0.0303604,0.6006,19280000,11,3,5
chr7,19280000,0.0660012,0.5941,19290000,57,24,37
chr7,19290000,0.0518067,0.6035,19300000,61,16,21
chr7,19300000,0.0533163,0.6042,19310000,38,17,12
chr7,19310000,0.110504,0.6033,19320000,103,27,45
chr7,19320000,0.125572,0.5885,19330000,86,27,23
chr7,19330000,0.0579635,0.5821,19340000,3,0,2
chr7,19340000,0.172055,0.6027,19350000,136,43,41
chr7,19350000,0.110513,0.5872,19360000,91,36,39
chr7,19360000,0.0694479,0.6006,19370000,38,18,25
chr7,19370000,0.0616186,0.6022,19380000,36,18,15
chr7,19380000,0.0609836,0.6026,19390000,25,8,14
chr7,19390000,0.0743773,0.6031,19400000,47,8,18
chr7,19400000,0.113096,0.5913,19410000,27,4,6
chr7,19410000,0.143412,0.6007,19420000,52,24,27
chr7,19420000,0.0735643,0.6055,19430000,48,21,17
chr7,19430000,0.0727449,0.6065,19440000,42,15,16
chr7,19440000,0.113137,0.5926,19450000,54,18,26
chr7,19450000,0.0914461,0.5941,19460000,21,14,10
chr7,19460000,0.0896958,0.5681,19470000,20,4,12
chr7,19470000,0.12671,0.5665,19480000,55,12,27
chr7,19480000,0.13638,0.5943,19490000,53,18,24
chr7,19490000,0.0937969,0.6018,19500000,58,14,26
chr7,19500000,0.0936528,0.5903,19510000,29,4,8
chr7,19510000,0.145866,0.5987,19520000,98,23,49
chr7,19520000,0.0805296,0.5757,19530000,31,5,11
chr7,19530000,0.144535,0.5937,19540000,93,25,42
chr7,19540000,0.073043,0.5705,19550000,3,1,2
chr7,19550000,0.0768272,0.5928,19560000,64,25,25
chr7,19560000,0.0346681,0.6041,19570000,26,12,4
chr7,19570000,0.126487,0.6037,19580000,107,34,51
chr7,19580000,0.135295,0.6052,19590000,96,28,41
chr7,19590000,0.0789463,0.5718,19600000,33,10,12
chr7,19600000,0.0987685,0.5987,19610000,55,21,19
chr7,19610000,0.0672436,0.6017,19620000,60,17,27
chr7,19620000,0.0684733,0.6034,19630000,60,14,33
chr7,19630000,0.0628411,0.6056,19640000,54,15,19
chr7,19640000,0.104199,0.5925,19650000,31,10,17
chr7,19650000,0.169028,0.5988,19660000,66,26,34
chr7,19660000,0.118099,0.5939,19670000,108,30,45
chr7,19670000,0.0885388,0.6004,19680000,51,7,16
chr7,19680000,0.157361,0.6053,19690000,110,47,49
chr7,19690000,0.106534,0.6012,19700000,60,23,31
chr7,19700000,0.0693511,0.5917,19710000,17,11,11
chr7,19710000,0.0735579,0.574,19720000,6,4,5
chr7,19720000,0.0488537,0.569,19730000,4,0,2
chr7,19730000,0.107274,0.5739,19740000,7,4,6
chr7,19740000,0.124365,0.6061,19750000,90,22,33
chr7,19750000,0.0645773,0.6032,19760000,20,6,9
chr7,19760000,0.158117,0.5805,19770000,136,41,58
chr7,19770000,0.113898,0.5877,19780000,122,36,42
chr7,19780000,0.130804,0.57,19790000,108,31,59
chr7,19790000,0.150719,0.6002,19800000,125,38,58
chr7,19800000,0.127458,0.5857,19810000,128,35,49
chr7,19810000,0.0916498,0.5995,19820000,75,27,35
chr7,19820000,0.152726,0.6002,19830000,143,36,72
chr7,19830000,0.140275,0.597,19840000,147,40,41
chr7,19840000,0.136536,0.5977,19850000,85,25,32
chr7,19850000,0.112033,0.6023,19860000,105,40,55
chr7,19860000,0.103848,0.5903,19870000,91,26,37
chr7,19870000,0.149041,0.5895,19880000,152,39,59
chr7,19880000,0.163252,0.603,19890000,105,31,46
chr7,19890000,0.110955,0.5966,19900000,96,33,45
chr7,19900000,0.187347,0.586,19910000,278,112,90
chr7,19910000,0.208146,0.5829,19920000,166,59,61
chr7,19920000,0.0965844,0.5836,19930000,75,27,39
chr7,19930000,0.0912037,0.5694,19940000,106,37,39
chr7,19940000,0.155276,0.5932,19950000,149,56,57
chr7,19950000,0.117315,0.5628,19960000,134,51,49
chr7,19960000,0.193806,0.5889,19970000,181,46,65
chr7,19970000,0.108374,0.603,19980000,105,29,55
chr7,19980000,0.0989083,0.6024,19990000,91,38,38
chr7,19990000,0.0829297,0.6022,20000000,49,18,22
chr7,20000000,0.145379,0.6021,20010000,95,40,49
chr7,20010000,0.204747,0.6025,20020000,155,51,69
chr7,20020000,0.134089,0.6031,20030000,61,13,23
chr7,20030000,0.103947,0.59,20040000,76,15,29
chr7,20040000,0.177262,0.5718,20050000,171,52,81
chr7,20050000,0.166962,0.5994,20060000,119,43,44
chr7,20060000,0.0962596,0.602,20070000,55,19,40
chr7,20070000,0.256384,0.5809,20080000,290,94,88
chr7,20080000,0.169802,0.5901,20090000,176,66,64
chr7,20090000,0.254086,0.5975,20100000,229,58,92
chr7,20100000,0.0919785,0.5989,20110000,50,10,24
chr7,20110000,0.105979,0.5812,20120000,111,34,55
chr7,20120000,0.29743,0.5985,20130000,294,86,120
chr7,20130000,0.208176,0.6043,20140000,201,70,72
chr7,20140000,0.146034,0.6054,20150000,150,49,49
chr7,20150000,0.102338,0.6026,20160000,88,29,21
chr7,20160000,0.0969918,0.6037,20170000,60,25,23
chr7,20170000,0.143881,0.6028,20180000,70,24,30
chr7,20180000,0.145014,0.6047,20190000,93,34,39
chr7,20190000,0.245564,0.5748,20200000,174,42,92
chr7,20200000,0.251307,0.6078,20210000,221,62,91
chr7,20210000,0.206863,0.5847,20220000,288,82,100
chr7,20220000,0.24302,0.6079,20230000,233,76,88
chr7,20230000,0.134877,0.6019,20240000,116,37,39
chr7,20240000,0.231436,0.5989,20250000,194,74,70
chr7,20250000,0.0800332,0.5741,20260000,96,24,34
chr7,20260000,0.260283,0.6073,20270000,252,99,96
chr7,20270000,0.1805,0.5709,20280000,173,61,84
chr7,20280000,0.247039,0.5844,20290000,279,69,117
chr7,20290000,0.258127,0.5797,20300000,229,57,99
chr7,20300000,0.136092,0.5658,20310000,79,29,38
chr7,20310000,0.24471,0.596,20320000,157,52,74
chr7,20320000,0.106903,0.5878,20330000,50,27,37
chr7,20330000,0.1869,0.5919,20340000,176,70,81
chr7,20340000,0.210349,0.6031,20350000,184,57,82
chr7,20350000,0.303477,0.5856,20360000,261,80,108
chr7,20360000,0.257752,0.5749,20370000,339,86,157
chr7,20370000,0.0788016,0.5881,20380000,42,18,21
chr7,20380000,0.245527,0.5782,20390000,248,76,81
chr7,20390000,0.246501,0.6023,20400000,204,78,100
chr7,20400000,0.107467,0.5643,20410000,143,35,49
chr7,20410000,0.254692,0.592,20420000,243,92,115
chr7,20420000,0.219018,0.596,20430000,208,92,76
chr7,20430000,0.127811,0.5686,20440000,151,64,56
chr7,20440000,0.167222,0.5986,20450000,109,30,39
chr7,20450000,0.255229,0.5962,20460000,248,60,110
chr7,20460000,0.197377,0.6033,20470000,89,36,33
chr7,20470000,0.288471,0.6014,20480000,248,65,121
chr7,20480000,0.276318,0.5814,20490000,201,105,102
chr7,20490000,0.222467,0.6004,20500000,221,74,90
chr7,20500000,0.186071,0.5988,20510000,210,61,74
chr7,20510000,0.11101,0.5696,20520000,114,42,46
chr7,20520000,0.113103,0.5796,20530000,57,16,33
chr7,20530000,0.160991,0.5953,20540000,150,44,51
chr7,20540000,0.280373,0.6082,20550000,237,86,84
chr7,20550000,0.256081,0.604,20560000,187,50,64
chr7,20560000,0.17917,0.6081,20570000,77,36,32
chr7,20570000,0.155035,0.6111,20580000,71,25,35
chr7,20580000,0.219406,0.6025,20590000,291,113,118
chr7,20590000,0.258855,0.5791,20600000,295,172,152
chr7,20600000,0.142187,0.5745,20610000,164,63,59
chr7,20610000,0.185517,0.6065,20620000,82,35,45
chr7,20620000,0.127707,0.6066,20630000,29,5,11
chr7,20630000,0.294172,0.607,20640000,254,72,109
chr7,20640000,0.176793,0.5795,20650000,211,77,80
chr7,20650000,0.100502,0.596,20660000,79,24,32
chr7,20660000,0.108833,0.6066,20670000,62,42,34
chr7,20670000,0.299486,0.584,20680000,235,94,102
chr7,20680000,0.143712,0.5751,20690000,127,43,81
chr7,20690000,0.1806,0.5969,20700000,220,72,81
chr7,20700000,0.231888,0.6114,20710000,159,47,63
chr7,20710000,0.278505,0.6127,20720000,266,81,105
chr7,20720000,0.12389,0.5796,20730000,68,21,39
chr7,20730000,0.336156,0.5974,20740000,263,95,111
chr7,20740000,0.226159,0.6102,20750000,172,60,91
chr7,20750000,0.425607,0.5848,20760000,414,151,200
chr7,20760000,0.21933,0.5868,20770000,252,68,127
chr7,20770000,0.19667,0.5748,20780000,278,81,112
chr7,20780000,0.112503,0.5854,20790000,106,43,63
chr7,20790000,0.232799,0.5936,20800000,238,62,102
chr7,20800000,0.173833,0.5678,20810000,63,32,38
chr7,20810000,0.142016,0.567,20820000,24,13,16
chr7,20820000,0.270902,0.6139,20830000,326,92,150
chr7,20830000,0.149422,0.608,20840000,142,48,67
chr7,20840000,0.264629,0.6092,20850000,194,57,91
chr7,20850000,0.151072,0.5849,20860000,102,36,39
chr7,20860000,0.206227,0.6127,20870000,197,86,73
chr7,20870000,0.185022,0.5977,20880000,150,47,59
chr7,20880000,0.144749,0.5981,20890000,156,42,48
chr7,20890000,0.11959,0.5888,20900000,119,42,40
chr7,20900000,0.190339,0.6093,20910000,159,68,58
chr7,20910000,0.275469,0.6121,20920000,204,77,75
chr7,20920000,0.286674,0.5937,20930000,301,99,132
chr7,20930000,0.296026,0.5962,20940000,330,102,138
chr7,20940000,0.185485,0.5866,20950000,151,61,76
chr7,20950000,0.287647,0.6114,20960000,277,81,133
chr7,20960000,0.211195,0.5735,20970000,237,82,94
chr7,20970000,0.430361,0.5993,20980000,458,210,206
chr7,20980000,0.471796,0.6104,20990000,460,168,194
chr7,20990000,0.499912,0.5877,21000000,429,136,175
chr7,21000000,0.406393,0.6125,21010000,383,126,139
chr7,21010000,0.233006,0.6109,21020000,182,70,87
chr7,21020000,0.285945,0.6129,21030000,221,55,98
chr7,21030000,0.314884,0.6109,21040000,334,106,120
chr7,21040000,0.234288,0.6113,21050000,177,160,80
chr7,21050000,0.253252,0.6111,21060000,166,63,59
chr7,21060000,0.539427,0.6021,21070000,676,259,252
chr7,21070000,0.535357,0.5844,21080000,620,209,224
chr7,21080000,0.988682,0.5922,21090000,1237,412,474
chr7,21090000,0.897185,0.5388,21100000,2400,1346,832
chr7,21100000,0.793942,0.5405,21110000,1039,536,404
chr7,21110000,1,0.6238,21120000,1893,908,660
chr7,21120000,0.985158,0.5997,21130000,1431,510,510
chr7,21130000,0.98013,0.5796,21140000,1569,542,602
chr7,21140000,0.9998,0.6672,21150000,1882,713,716
chr7,21150000,0.9827,0.5952,21160000,1266,476,456
chr7,21160000,0.912503,0.5731,21170000,1162,452,459
chr7,21170000,0.738111,0.5763,21180000,840,293,353
chr7,21180000,0.831524,0.5423,21190000,955,418,419
chr7,21190000,0.937902,0.6362,21200000,1581,580,635
chr7,21200000,0.882321,0.5883,21210000,930,323,377
chr7,21210000,0.880847,0.6342,21220000,1396,505,558
chr7,21220000,0.855441,0.5715,21230000,1325,654,618
chr7,21230000,0.818768,0.5918,21240000,1266,616,576
chr7,21240000,1,0.6373,21250000,1710,555,580
chr7,21250000,1,0.6701,21260000,2225,1121,811
chr7,21260000,0.902425,0.6379,21270000,1481,540,555
chr7,21270000,1,0.6995,21280000,2233,762,852
chr7,21280000,0.936104,0.6003,21290000,1212,395,526
chr7,21290000,0.98122,0.6291,21300000,1499,530,544
chr7,21300000,0.737748,0.545,21310000,717,218,293
chr7,21310000,0.689668,0.5787,21320000,774,249,332
chr7,21320000,0.915703,0.6659,21330000,1651,508,618
chr7,21330000,1,0.6876,21340000,2125,668,740
chr7,21340000,0.949116,0.6398,21350000,1517,491,626
chr7,21350000,0.931896,0.5854,21360000,1128,403,499
chr7,21360000,0.955804,0.6069,21370000,1469,502,513
chr7,21370000,0.935227,0.6769,21380000,1825,643,662
chr7,21380000,0.987104,0.5883,21390000,1479,557,470
chr7,21390000,0.985106,0.5635,21400000,1434,585,590
chr7,21400000,0.963909,0.5888,21410000,1354,521,556
chr7,21410000,0.930865,0.6044,21420000,1526,586,633
chr7,21420000,1,0.6355,21430000,1440,475,514
chr7,21430000,0.992858,0.6799,21440000,1984,636,794
chr7,21440000,1,0.6465,21450000,1830,593,629
chr7,21450000,0.611962,0.5043,21460000,514,166,215
chr7,21460000,0.918582,0.6285,21470000,1867,714,669
chr7,21470000,0.99815,0.6062,21480000,2413,1358,1180
chr7,21480000,0.99794,0.6639,21490000,1935,590,724
chr7,21490000,0.996363,0.695,21500000,2513,989,1067
chr7,21500000,0.903813,0.654,21510000,1550,509,575
chr7,21510000,1,0.6879,21520000,2064,703,758
chr7,21520000,1,0.6709,21530000,2041,653,668
chr7,21530000,0.99955,0.5527,21540000,1276,485,482
chr7,21540000,1,0.6234,21550000,1628,598,514
chr7,21550000,0.98942,0.6526,21560000,1836,608,653
chr7,21560000,0.99225,0.6554,21570000,1742,610,600
chr7,21570000,0.99545,0.6619,21580000,1644,530,613
chr7,21580000,0.9396,0.631,21590000,1725,625,670
chr7,21590000,0.990431,0.6761,21600000,2060,763,876
chr7,21600000,1,0.6659,21610000,2053,748,896
chr7,21610000,0.99925,0.6704,21620000,1968,671,746
chr7,21620000,0.99345,0.6525,21630000,1920,635,774
chr7,21630000,1,0.5982,21640000,1261,445,404
chr7,21640000,1,0.6686,21650000,1921,710,744
chr7,21650000,0.989638,0.6547,21660000,1885,603,706
chr7,21660000,0.96775,0.6268,21670000,1563,572,595
chr7,21670000,0.96635,0.6697,21680000,1865,624,692
chr7,21680000,0.952328,0.6419,21690000,1569,571,624
chr7,21690000,0.886405,0.6766,21700000,1907,682,916
chr7,21700000,0.844047,0.6177,21710000,993,305,361
chr7,21710000,0.980017,0.5459,21720000,1109,394,475
chr7,21720000,0.595456,0.5951,21730000,717,274,327
chr7,21730000,0.904036,0.5876,21740000,1074,396,511
chr7,21740000,0.922913,0.5995,21750000,1250,483,552
chr7,21750000,0.992439,0.6192,21760000,1607,636,668
chr7,21760000,0.99105,0.6242,21770000,1629,629,597
chr7,21770000,0.99175,0.5957,21780000,1602,546,553
chr7,21780000,1,0.6359,21790000,1590,549,527
chr7,21790000,1,0.6596,21800000,2074,688,698
chr7,21800000,0.972016,0.6593,21810000,1676,668,623
chr7,21810000,0.988288,0.6515,21820000,1691,620,595
chr7,21820000,1,0.6386,21830000,1605,569,584
chr7,21830000,1,0.6244,21840000,1615,590,552
chr7,21840000,0.982772,0.6532,21850000,1835,603,657
chr7,21850000,0.878936,0.654,21860000,1651,586,684
chr7,21860000,1,0.701,21870000,2220,719,805
chr7,21870000,1,0.6802,21880000,2002,697,732
chr7,21880000,0.99905,0.6832,21890000,2157,686,739
chr7,21890000,0.9991,0.666,21900000,2174,718,1026
chr7,21900000,0.85572,0.6715,21910000,1707,585,612
chr7,21910000,1,0.7077,21920000,2245,713,820
chr7,21920000,1,0.6616,21930000,1916,701,694
chr7,21930000,0.99545,0.6652,21940000,2068,1015,792
chr7,21940000,1,0.5894,21950000,1486,558,532
chr7,21950000,0.993,0.7077,21960000,2447,741,817
chr7,21960000,0.847556,0.5777,21970000,1311,595,697
chr7,21970000,0.984167,0.5669,21980000,1160,387,461
chr7,21980000,0.73705,0.7086,21990000,1518,459,574
chr7,21990000,0.95265,0.6572,22000000,1628,576,566
chr7,22000000,0.930313,0.6915,22010000,2088,625,784
chr7,22010000,0.948207,0.5958,22020000,1142,411,406
chr7,22020000,0.969,0.6546,22030000,1705,617,652
chr7,22030000,0.860792,0.6583,22040000,1675,728,618
chr7,22040000,0.985923,0.6673,22050000,1655,559,597
chr7,22050000,0.9285,0.5965,22060000,1294,419,471
chr7,22060000,0.589422,0.6,22070000,291,115,149
chr7,22070000,0.85537,0.6029,22080000,1364,709,678
chr7,22080000,0.783312,0.578,22090000,938,285,369
chr7,22090000,0.662018,0.5794,22100000,969,389,374
chr7,22100000,0.907713,0.5981,22110000,1163,470,465
chr7,22110000,0.971152,0.5886,22120000,1306,442,510
chr7,22120000,0.882652,0.5827,22130000,1202,510,521
chr7,22130000,0.949092,0.5655,22140000,1071,434,452
chr7,22140000,0.918983,0.5644,22150000,1134,426,486
chr7,22150000,0.991583,0.5359,22160000,1069,358,446
chr7,22160000,0.998199,0.6485,22170000,1749,606,663
chr7,22170000,1,0.6274,22180000,1849,708,667
chr7,22180000,0.999308,0.6408,22190000,1768,581,611
chr7,22190000,0.948447,0.5825,22200000,1106,396,468
chr7,22200000,0.914614,0.587,22210000,1138,378,466
chr7,22210000,0.955784,0.6039,22220000,1414,576,563
chr7,22220000,0.99955,0.6054,22230000,1549,673,611
chr7,22230000,1,0.5983,22240000,1489,529,562
chr7,22240000,0.98965,0.5615,22250000,1202,423,462
chr7,22250000,0.85514,0.6338,22260000,2152,1061,937
chr7,22260000,0.922383,0.6241,22270000,2185,1249,1005
chr7,22270000,0.755805,0.6256,22280000,1360,578,591
chr7,22280000,0.94641,0.6879,22290000,1978,676,755
chr7,22290000,0.947048,0.682,22300000,1672,566,617
chr7,22300000,0.96549,0.7074,22310000,1925,567,736
chr7,22310000,0.9283,0.6529,22320000,1507,609,713
chr7,22320000,0.918617,0.5404,22330000,1313,547,590
chr7,22330000,0.96605,0.6769,22340000,1693,551,662
chr7,22340000,0.99407,0.6373,22350000,1377,454,525
chr7,22350000,0.9864,0.6454,22360000,1634,573,578
chr7,22360000,0.989383,0.616,22370000,1489,641,526
chr7,22370000,1,0.648,22380000,1719,538,606
chr7,22380000,1,0.7023,22390000,2110,749,793
chr7,22390000,1,0.642,22400000,1766,634,612
chr7,22400000,0.993883,0.6303,22410000,1679,655,586
chr7,22410000,1,0.51,22420000,1209,514,412
chr7,22420000,1,0.7244,22430000,2139,704,754
chr7,22430000,0.963987,0.6445,22440000,1804,625,689
chr7,22440000,0.890488,0.5549,22450000,987,386,441
chr7,22450000,0.99075,0.6276,22460000,1555,588,556
chr7,22460000,0.999483,0.6331,22470000,1770,633,635
chr7,22470000,0.966105,0.6037,22480000,1302,527,479
chr7,22480000,0.995385,0.6256,22490000,2039,1216,1011
chr7,22490000,0.924281,0.5837,22500000,1379,541,541
chr7,22500000,0.845801,0.5631,22510000,1001,397,355
chr7,22510000,0.957211,0.5586,22520000,1221,409,452
chr7,22520000,0.916891,0.5814,22530000,1163,370,512
chr7,22530000,0.897186,0.6259,22540000,1378,497,512
chr7,22540000,0.961527,0.5998,22550000,1454,521,617
chr7,22550000,0.937983,0.692,22560000,1843,555,702
chr7,22560000,0.929324,0.6385,22570000,1571,802,825
chr7,22570000,0.941638,0.6234,22580000,1737,841,843
chr7,22580000,1,0.6986,22590000,2159,690,782
chr7,22590000,0.82235,0.6302,22600000,1315,505,459
chr7,22600000,0.9294,0.5456,22610000,1196,424,479
chr7,22610000,0.868292,0.504,22620000,803,297,357
chr7,22620000,0.871858,0.4948,22630000,797,447,440
chr7,22630000,0.95265,0.5175,22640000,1093,522,443
chr7,22640000,0.792652,0.5717,22650000,1745,1003,941
chr7,22650000,0.842769,0.553,22660000,4036,3162,2810
chr7,22660000,0.985323,0.5352,22670000,1256,551,623
chr7,22670000,0.901169,0.5623,22680000,1041,366,433
chr7,22680000,0.828955,0.5209,22690000,742,261,322
chr7,22690000,0.826396,0.5503,22700000,1198,696,611
chr7,22700000,0.79305,0.565,22710000,6417,5042,4942
chr7,22710000,0.923799,0.5233,22720000,1733,948,995
chr7,22720000,0.933123,0.6041,22730000,1478,604,678
chr7,22730000,0.994978,0.6326,22740000,2312,1395,1464
chr7,22740000,0.930633,0.6717,22750000,1713,546,666
chr7,22750000,0.980983,0.6132,22760000,1557,545,587
chr7,22760000,0.956433,0.6192,22770000,1328,440,516
chr7,22770000,0.975414,0.6019,22780000,1579,634,649
chr7,22780000,0.998083,0.6333,22790000,1612,735,616
chr7,22790000,0.9913,0.6929,22800000,2370,776,799
chr7,22800000,0.960143,0.723,22810000,2176,666,844
chr7,22810000,0.977845,0.6533,22820000,1663,545,606
chr7,22820000,0.942171,0.701,22830000,2308,773,847
chr7,22830000,0.925425,0.6697,22840000,1757,619,687
chr7,22840000,0.843812,0.6298,22850000,1452,513,604
chr7,22850000,0.984917,0.6372,22860000,1722,621,635
chr7,22860000,0.9976,0.6271,22870000,1616,531,543
chr7,22870000,0.952731,0.722,22880000,2539,796,936
chr7,22880000,0.999867,0.6419,22890000,1812,638,662
chr7,22890000,0.99697,0.6604,22900000,1921,728,849
chr7,22900000,0.918839,0.514,22910000,939,354,414
chr7,22910000,0.969014,0.6243,22920000,1602,591,648
chr7,22920000,0.945438,0.6023,22930000,1594,566,604
chr7,22930000,0.841709,0.5328,22940000,797,274,323
chr7,22940000,0.88521,0.5906,22950000,1136,400,444
chr7,22950000,0.684985,0.6163,22960000,971,335,398
chr7,22960000,0.900282,0.6229,22970000,1324,499,527
chr7,22970000,1,0.6542,22980000,1841,645,688
chr7,22980000,0.991333,0.6345,22990000,1622,567,640
chr7,22990000,0.937667,0.7006,23000000,2075,946,904
chr7,23000000,1,0.6397,23010000,1689,610,605
chr7,23010000,1,0.6926,23020000,2117,766,780
chr7,23020000,0.9998,0.6786,23030000,2224,717,814
chr7,23030000,1,0.5947,23040000,1509,641,623
chr7,23040000,0.956379,0.6786,23050000,1914,650,788
chr7,23050000,0.984369,0.6387,23060000,1653,608,638
chr7,23060000,0.853134,0.5985,23070000,1679,891,810
chr7,23070000,0.9756,0.629,23080000,1800,627,665
chr7,23080000,0.97901,0.6229,23090000,1734,759,780
chr7,23090000,1,0.5774,23100000,1529,594,515
chr7,23100000,1,0.6507,23110000,1970,667,680
chr7,23110000,0.931203,0.6294,23120000,1540,557,611
chr7,23120000,0.962906,0.6387,23130000,1748,540,636
chr7,23130000,0.921491,0.6126,23140000,1419,469,543
chr7,23140000,1,0.6619,23150000,1776,576,622
chr7,23150000,0.958587,0.6728,23160000,1959,666,722
chr7,23160000,1,0.621,23170000,1654,562,597
chr7,23170000,0.99815,0.6765,23180000,2204,694,781
chr7,23180000,1,0.5889,23190000,1623,742,713
chr7,23190000,0.979755,0.6756,23200000,2017,674,794
chr7,23200000,0.930629,0.6375,23210000,1873,853,1058
chr7,23210000,0.992215,0.6649,23220000,2274,900,889
chr7,23220000,0.993021,0.5452,23230000,1345,523,434
chr7,23230000,0.973539,0.4963,23240000,996,382,368
chr7,23240000,1,0.6419,23250000,2258,732,735
chr7,23250000,1,0.6101,23260000,1500,530,501
chr7,23260000,1,0.6254,23270000,1840,556,679
chr7,23270000,1,0.6288,23280000,1502,594,509
chr7,23280000,1,0.6717,23290000,2219,816,780
chr7,23290000,1,0.6514,23300000,1877,653,729
chr7,23300000,1,0.6388,23310000,1906,728,732
chr7,23310000,1,0.6086,23320000,1727,646,619
chr7,23320000,0.996,0.5463,23330000,1306,481,416
chr7,23330000,0.994467,0.687,23340000,2175,708,803
chr7,23340000,0.998,0.6998,23350000,2176,691,781
chr7,23350000,0.882793,0.6599,23360000,1796,655,894
chr7,23360000,0.871108,0.6637,23370000,1894,766,926
chr7,23370000,0.870744,0.5779,23380000,1250,421,516
chr7,23380000,0.96791,0.6128,23390000,1932,728,755
chr7,23390000,0.97615,0.6784,23400000,1883,677,691
chr7,23400000,0.99765,0.6564,23410000,1892,675,684
chr7,23410000,0.998858,0.6793,23420000,2186,737,778
chr7,23420000,0.989775,0.6716,23430000,2018,680,810
chr7,23430000,1,0.6328,23440000,1720,603,595
chr7,23440000,0.989646,0.6793,23450000,2038,672,753
chr7,23450000,0.979267,0.6565,23460000,1756,537,693
chr7,23460000,0.966233,0.7183,23470000,2323,709,788
chr7,23470000,0.973187,0.6136,23480000,1642,617,530
chr7,23480000,0.9806,0.5929,23490000,1396,535,550
chr7,23490000,0.97795,0.688,23500000,2192,869,972
chr7,23500000,0.998493,0.6405,23510000,1931,622,650
chr7,23510000,1,0.6191,23520000,1579,602,536
chr7,23520000,0.983292,0.6745,23530000,1980,734,761
chr7,23530000,0.994973,0.6804,23540000,2088,704,676
chr7,23540000,0.988975,0.5426,23550000,1214,463,430
chr7,23550000,0.8946,0.5875,23560000,1063,351,490
chr7,23560000,0.96565,0.5673,23570000,1101,369,426
chr7,23570000,0.955762,0.5998,23580000,1391,458,566
chr7,23580000,1,0.6768,23590000,2048,716,778
chr7,23590000,0.962142,0.6188,23600000,1474,531,590
chr7,23600000,1,0.6635,23610000,1924,679,669
chr7,23610000,0.9898,0.6701,23620000,1919,733,755
chr7,23620000,0.917155,0.7201,23630000,2122,604,821
chr7,23630000,0.97847,0.7138,23640000,2146,682,755
chr7,23640000,0.985197,0.6774,23650000,1901,664,735
chr7,23650000,1,0.6775,23660000,2069,716,767
chr7,23660000,1,0.6549,23670000,1953,649,650
chr7,23670000,0.992333,0.6677,23680000,2021,645,720
chr7,23680000,0.997867,0.6756,23690000,1993,679,651
chr7,23690000,1,0.6269,23700000,1536,628,554
chr7,23700000,1,0.6209,23710000,1566,632,568
chr7,23710000,0.609955,0.6015,23720000,595,347,326
chr7,23720000,0.5151,0.6334,23730000,23,11,11
chr7,23730000,0.436329,0.5775,23740000,41,16,13
chr7,23740000,0.493269,0.6328,23750000,17,10,15
chr7,23750000,0.471043,0.5912,23760000,9,7,6
chr7,23760000,0.953455,0.6132,23770000,1569,517,581
chr7,23770000,0.964754,0.6783,23780000,2057,636,796
chr7,23780000,0.987986,0.7105,23790000,2341,701,818
chr7,23790000,0.998775,0.6696,23800000,1982,643,707
chr7,23800000,0.86095,0.5935,23810000,1185,498,438
chr7,23810000,0.9985,0.6775,23820000,1960,633,684
chr7,23820000,0.98536,0.6746,23830000,2102,659,771
chr7,23830000,0.99175,0.6695,23840000,2096,695,815
chr7,23840000,0.927373,0.6393,23850000,1539,539,582
chr7,23850000,0.94785,0.6365,23860000,1762,595,647
chr7,23860000,0.992074,0.7214,23870000,2359,725,847
chr7,23870000,0.997967,0.6543,23880000,2555,1347,1136
chr7,23880000,0.996658,0.6447,23890000,1680,585,588
chr7,23890000,1,0.6417,23900000,1908,632,717
chr7,23900000,0.707183,0.6594,23910000,1329,417,523
chr7,23910000,0.997417,0.6649,23920000,2035,650,760
chr7,23920000,0.9867,0.6742,23930000,1877,655,693
chr7,23930000,0.994586,0.6497,23940000,1920,598,670
chr7,23940000,1,0.6556,23950000,1915,711,651
chr7,23950000,1,0.6426,23960000,1797,756,690
chr7,23960000,0.948901,0.5927,23970000,1379,517,587
chr7,23970000,0.990883,0.6258,23980000,1626,575,620
chr7,23980000,0.998425,0.6639,23990000,2010,729,743
chr7,23990000,0.998933,0.663,24000000,2048,757,764
chr7,24000000,1,0.6355,24010000,1650,572,615
chr7,24010000,0.994077,0.6711,24020000,2055,659,715
chr7,24020000,0.8708,0.7004,24030000,1771,542,573
chr7,24030000,0.946067,0.6571,24040000,1835,585,644
chr7,24040000,0.975808,0.6508,24050000,1840,689,686
chr7,24050000,0.9977,0.7112,24060000,2608,847,916
chr7,24060000,0.9929,0.6861,24070000,2299,713,837
chr7,24070000,0.997,0.6584,24080000,2036,724,741
chr7,24080000,0.910983,0.6392,24090000,1128,391,427
chr7,24090000,0.900617,0.6265,24100000,1203,435,504
chr7,24100000,0.9574,0.6093,24110000,1335,431,468
chr7,24110000,0.629577,0.6157,24120000,443,198,322
chr7,24120000,0.62826,0.6083,24130000,191,5,5
chr7,24130000,0.470991,0.6125,24140000,117,26,53
chr7,24140000,0.473176,0.5205,24150000,103,0,2
chr7,24150000,0.597174,0.5798,24160000,307,35,33
chr7,24160000,0.647685,0.5888,24170000,535,222,214
chr7,24170000,0.634427,0.5859,24180000,305,88,40
chr7,24180000,0.674657,0.5776,24190000,195,30,43
chr7,24190000,0.586328,0.5478,24200000,167,13,5
chr7,24200000,0.802962,0.5789,24210000,1237,794,708
chr7,24210000,0.448674,0.5846,24220000,174,53,22
chr7,24220000,0.284723,0.5764,24230000,699,369,343
chr7,24230000,0.506957,0.6097,24240000,177,44,30
chr7,24240000,0.822344,0.5398,24250000,346,61,65
chr7,24250000,0.468753,0.523,24260000,150,68,50
chr7,24260000,0.51137,0.5081,24270000,154,24,15
chr7,24270000,0.780704,0.5117,24280000,314,54,52
chr7,24280000,0.735387,0.5673,24290000,1961,2635,2035
chr7,24290000,0.825059,0.5168,24300000,2075,2586,2538
chr7,24300000,0.354994,0.5197,24310000,107,4,4
chr7,24310000,0.321451,0.5688,24320000,115,47,48
chr7,24320000,0.433927,0.5565,24330000,153,8,17
chr7,24330000,0.805003,0.5045,24340000,2370,3417,2859
chr7,24340000,0.555061,0.5478,24350000,298,74,45
chr7,24350000,0.804842,0.5189,24360000,1581,1850,1121
chr7,24360000,0.97595,0.5891,24370000,344,16,5
chr7,24370000,1,0.6212,24380000,524,6,3
chr7,24380000,1,0.6091,24390000,433,16,4
chr7,24390000,0.98798,0.6337,24400000,543,5,4
chr7,24400000,1,0.6418,24410000,589,9,3
chr7,24410000,0.590184,0.5796,24420000,335,25,34
chr7,24420000,0.233242,0.5793,24430000,101,11,7
chr7,24430000,0.846856,0.6234,24440000,509,58,33
chr7,24440000,0.877795,0.56,24450000,640,248,188
chr7,24450000,1,0.6274,24460000,512,2,0
chr7,24460000,0.98227,0.6266,24470000,3198,2350,1678
chr7,24470000,0.9665,0.58,24480000,6043,4749,4300
chr7,24480000,0.801441,0.6027,24490000,248,11,8
chr7,24490000,0.501214,0.5728,24500000,256,59,55
chr7,24500000,0.9425,0.6564,24510000,746,108,334
chr7,24510000,0.286567,0.6481,24520000,19,0,0
chr7,24520000,0.553733,0.6338,24530000,156,49,28
chr7,24530000,0.9986,0.6453,24540000,657,60,39
chr7,24540000,1,0.6173,24550000,490,2,1
chr7,24550000,0.98855,0.6891,24560000,636,19,3
chr7,24560000,1,0.6692,24570000,621,8,7
chr7,24570000,0.968067,0.643,24580000,556,27,14
chr7,24580000,1,0.6685,24590000,613,9,7
chr7,24590000,1,0.6806,24600000,629,4,9
chr7,24600000,0.998925,0.6844,24610000,708,15,5
chr7,24610000,1,0.6546,24620000,610,1,3
chr7,24620000,1,0.6208,24630000,533,4,1
chr7,24630000,0.979662,0.6646,24640000,609,14,3
chr7,24640000,0.9981,0.6339,24650000,511,11,6
chr7,24650000,0.9874,0.6417,24660000,545,15,6
chr7,24660000,0.991033,0.6437,24670000,534,10,5
chr7,24670000,1,0.6079,24680000,469,9,2
chr7,24680000,0.99735,0.6548,24690000,616,28,30
chr7,24690000,0.840756,0.5923,24700000,723,258,457
chr7,24700000,0.98921,0.7194,24710000,903,66,73
chr7,24710000,0.900405,0.6002,24720000,469,25,54
chr7,24720000,0.994628,0.6513,24730000,605,8,3
chr7,24730000,0.91165,0.6124,24740000,477,5,3
chr7,24740000,0.9378,0.6484,24750000,525,31,18
chr7,24750000,0.847372,0.6281,24760000,352,10,7
chr7,24760000,0.964315,0.6787,24770000,785,119,106
chr7,24770000,1,0.6112,24780000,482,9,4
chr7,24780000,0.991875,0.6544,24790000,578,10,8
chr7,24790000,1,0.6618,24800000,668,29,35
chr7,24800000,0.99935,0.677,24810000,770,49,24
chr7,24810000,0.998233,0.6957,24820000,685,14,6
chr7,24820000,0.955972,0.7095,24830000,801,30,18
chr7,24830000,0.984558,0.7154,24840000,829,61,39
chr7,24840000,0.982867,0.6495,24850000,565,6,3
chr7,24850000,0.975864,0.675,24860000,591,8,5
chr7,24860000,0.99155,0.6281,24870000,504,40,19
chr7,24870000,0.9983,0.5172,24880000,410,65,36
chr7,24880000,1,0.6813,24890000,650,10,3
chr7,24890000,1,0.6377,24900000,584,14,11
chr7,24900000,0.987567,0.7205,24910000,776,8,7
chr7,24910000,1,0.6747,24920000,679,7,0
chr7,24920000,0.985918,0.6649,24930000,567,3,1
chr7,24930000,1,0.7013,24940000,754,10,5
chr7,24940000,0.998209,0.6225,24950000,444,5,3
chr7,24950000,1,0.6557,24960000,577,15,5
chr7,24960000,0.97325,0.6373,24970000,537,53,30
chr7,24970000,0.94705,0.6407,24980000,546,34,6
chr7,24980000,0.9646,0.6295,24990000,502,33,20
chr7,24990000,0.954805,0.702,25000000,593,9,8
chr7,25000000,1,0.6176,25010000,470,6,2
chr7,25010000,1,0.6331,25020000,520,2,0
chr7,25020000,0.9405,0.5987,25030000,425,6,2
chr7,25030000,0.866404,0.6718,25040000,575,9,22
chr7,25040000,1,0.6328,25050000,556,13,4
chr7,25050000,1,0.6295,25060000,533,7,2
chr7,25060000,1,0.6611,25070000,622,7,6
chr7,25070000,0.995333,0.6257,25080000,692,151,80
chr7,25080000,0.93025,0.6187,25090000,423,3,3
chr7,25090000,0.864215,0.6404,25100000,525,12,13
chr7,25100000,1,0.6374,25110000,580,21,6
chr7,25110000,0.9772,0.6675,25120000,709,23,11
chr7,25120000,0.9783,0.6252,25130000,570,58,33
chr7,25130000,0.9968,0.6417,25140000,648,54,27
chr7,25140000,0.719092,0.6625,25150000,482,5,3
chr7,25150000,0.32878,0.6298,25160000,16,2,2
chr7,25160000,0.332605,0.6562,25170000,10,1,2
chr7,25170000,0.337508,0.5969,25180000,20,0,0
chr7,25180000,0.334714,0.6299,25190000,16,0,1
chr7,25190000,0.325938,0.6563,25200000,0,1,0
chr7,25200000,0.3261,0.5971,25210000,1,0,0
chr7,25210000,0.431284,0.617,25220000,123,2,2
chr7,25220000,0.964382,0.6464,25230000,572,15,11
chr7,25230000,0.539805,0.6915,25240000,307,22,15
chr7,25240000,0.354013,0.6267,25250000,65,8,2
chr7,25250000,0.473675,0.6004,25260000,99,3,1
chr7,25260000,0.965575,0.6029,25270000,379,5,1
chr7,25270000,1,0.6909,25280000,750,15,12
chr7,25280000,1,0.679,25290000,756,7,9
chr7,25290000,0.99865,0.6789,25300000,654,5,3
chr7,25300000,0.999508,0.6494,25310000,577,27,8
chr7,25310000,0.9988,0.6627,25320000,641,18,9
chr7,25320000,1,0.6154,25330000,500,10,1
chr7,25330000,0.99145,0.6762,25340000,723,40,19
chr7,25340000,0.881542,0.6168,25350000,657,250,219
chr7,25350000,0.992567,0.6452,25360000,554,17,5
chr7,25360000,0.961988,0.6442,25370000,572,21,14
chr7,25370000,0.875401,0.5809,25380000,341,14,5
chr7,25380000,0.850571,0.6113,25390000,431,25,10
chr7,25390000,0.961713,0.7126,25400000,790,43,20
chr7,25400000,0.987837,0.699,25410000,739,49,25
chr7,25410000,0.812308,0.5814,25420000,372,7,2
chr7,25420000,0.662102,0.5468,25430000,349,55,107
chr7,25430000,0.99785,0.6644,25440000,748,94,53
chr7,25440000,1,0.6674,25450000,626,45,19
chr7,25450000,1,0.6276,25460000,494,2,0
chr7,25460000,1,0.6263,25470000,552,5,2
chr7,25470000,1,0.6265,25480000,488,5,4
chr7,25480000,0.967705,0.6426,25490000,632,48,27
chr7,25490000,0.985051,0.6752,25500000,706,8,7
chr7,25500000,0.99915,0.6031,25510000,887,297,53
chr7,25510000,0.917472,0.6381,25520000,505,5,7
chr7,25520000,1,0.6193,25530000,661,122,45
chr7,25530000,0.993217,0.6637,25540000,1691,525,620
chr7,25540000,1,0.714,25550000,2442,795,868
chr7,25550000,0.909308,0.6657,25560000,1552,508,609
chr7,25560000,1,0.6528,25570000,1772,639,593
chr7,25570000,1,0.6648,25580000,1890,667,687
chr7,25580000,0.9943,0.693,25590000,2294,767,857
chr7,25590000,0.916295,0.6233,25600000,1338,516,568
chr7,25600000,0.9931,0.6359,25610000,1779,600,613
chr7,25610000,1,0.6751,25620000,2103,703,724
chr7,25620000,0.9944,0.6968,25630000,2232,708,756
chr7,25630000,0.994317,0.6355,25640000,1852,696,718
chr7,25640000,0.822017,0.6073,25650000,1314,443,519
chr7,25650000,1,0.6317,25660000,1658,568,659
chr7,25660000,1,0.7197,25670000,2357,733,854
chr7,25670000,0.9762,0.6778,25680000,1901,613,639
chr7,25680000,0.9811,0.6487,25690000,1733,616,592
chr7,25690000,0.888432,0.6194,25700000,1188,432,502
chr7,25700000,1,0.6378,25710000,1414,505,544
chr7,25710000,0.9993,0.6557,25720000,1902,698,697
chr7,25720000,0.9373,0.5297,25730000,1024,334,396
chr7,25730000,0.982412,0.6427,25740000,1876,681,773
chr7,25740000,0.99405,0.6345,25750000,1842,714,853
chr7,25750000,0.987707,0.6878,25760000,2079,667,765
chr7,25760000,0.952175,0.6652,25770000,1568,448,572
chr7,25770000,0.97465,0.6587,25780000,2531,1181,1281
chr7,25780000,0.978542,0.6479,25790000,1826,656,707
chr7,25790000,0.98769,0.6325,25800000,1818,555,640
chr7,25800000,0.989183,0.6346,25810000,1597,561,588
chr7,25810000,0.976589,0.6151,25820000,1639,679,753
chr7,25820000,0.80911,0.6585,25830000,1452,479,622
chr7,25830000,0.986133,0.6373,25840000,1614,559,551
chr7,25840000,0.99645,0.669,25850000,1923,691,736
chr7,25850000,1,0.6836,25860000,1726,563,711
chr7,25860000,0.970707,0.625,25870000,1544,528,687
chr7,25870000,0.935064,0.5541,25880000,1171,380,433
chr7,25880000,0.993283,0.4986,25890000,999,337,392
chr7,25890000,0.878901,0.5921,25900000,1368,585,558
chr7,25900000,0.969786,0.4945,25910000,1683,1023,753
chr7,25910000,0.782214,0.5574,25920000,1167,582,589
chr7,25920000,0.9962,0.6215,25930000,2412,1103,967
chr7,25930000,0.985417,0.648,25940000,1326,482,519
chr7,25940000,0.953277,0.6577,25950000,2033,924,785
chr7,25950000,0.971967,0.6417,25960000,2724,1822,984
chr7,25960000,0.933968,0.6639,25970000,1685,588,675
chr7,25970000,0.815925,0.6363,25980000,1437,574,632
chr7,25980000,0.946838,0.6598,25990000,3352,2735,1711
chr7,25990000,0.978264,0.7347,26000000,2890,1703,1406
chr7,26000000,1,0.6918,26010000,2132,850,884
chr7,26010000,0.843147,0.6322,26020000,1304,415,481
chr7,26020000,0.998017,0.6363,26030000,1653,597,571
chr7,26030000,0.40811,0.7025,26040000,297,90,138
chr7,26040000,0.62588,0.6956,26050000,948,315,333
chr7,26050000,0.993902,0.6458,26060000,1887,603,683
chr7,26060000,0.9997,0.6016,26070000,3718,2702,2123
chr7,26070000,1,0.6179,26080000,4976,4024,2864
chr7,26080000,1,0.6496,26090000,1633,542,546
chr7,26090000,0.663165,0.6511,26100000,992,341,298
chr7,26100000,0.696335,0.6578,26110000,1151,371,385
chr7,26110000,1,0.5772,26120000,1541,507,571
chr7,26120000,0.995967,0.6962,26130000,3234,2078,1321
chr7,26130000,0.727413,0.6244,26140000,1268,528,568
chr7,26140000,0.861923,0.5907,26150000,1424,578,738
chr7,26150000,0.84726,0.6646,26160000,1365,518,577
chr7,26160000,0.404158,0.5563,26170000,478,206,195
chr7,26170000,0.9986,0.6915,26180000,2016,704,811
chr7,26180000,0.992067,0.6632,26190000,1844,612,666
chr7,26190000,0.964523,0.7088,26200000,2363,822,1125
chr7,26200000,0.958567,0.6525,26210000,1660,557,689
chr7,26210000,0.92439,0.6747,26220000,1697,561,686
chr7,26220000,1,0.6583,26230000,1801,614,603
chr7,26230000,1,0.6445,26240000,1627,618,590
chr7,26240000,0.966354,0.6818,26250000,2101,734,784
chr7,26250000,0.994433,0.735,26260000,2655,823,957
chr7,26260000,0.971817,0.6201,26270000,1557,566,549
chr7,26270000,0.970183,0.6518,26280000,1715,706,654
chr7,26280000,1,0.6831,26290000,1980,630,730
chr7,26290000,0.994782,0.6624,26300000,1787,648,601
chr7,26300000,0.9998,0.6766,26310000,2069,623,739
chr7,26310000,0.929518,0.6263,26320000,1730,657,856
chr7,26320000,0.989311,0.6702,26330000,2007,728,771
chr7,26330000,1,0.6881,26340000,2146,700,763
chr7,26340000,1,0.6388,26350000,1711,653,590
chr7,26350000,0.984533,0.6149,26360000,1587,567,556
chr7,26360000,0.905792,0.6136,26370000,1377,452,508
chr7,26370000,1,0.6089,26380000,1276,471,476
chr7,26380000,0.9926,0.6537,26390000,1760,590,588
chr7,26390000,0.95957,0.6099,26400000,1322,537,535
chr7,26400000,0.543682,0.4856,26410000,779,314,516
chr7,26410000,0.904183,0.6414,26420000,1358,482,556
chr7,26420000,0.846797,0.6649,26430000,1394,462,515
chr7,26430000,0.9979,0.7156,26440000,2376,744,887
chr7,26440000,0.9982,0.66,26450000,1914,684,652
chr7,26450000,0.998767,0.6398,26460000,1569,599,604
chr7,26460000,0.999775,0.6614,26470000,1903,655,687
chr7,26470000,0.9844,0.6484,26480000,2032,945,784
chr7,26480000,0.992663,0.6612,26490000,1866,643,696
chr7,26490000,0.99885,0.687,26500000,2239,799,844
chr7,26500000,0.99155,0.6683,26510000,2015,664,710
chr7,26510000,1,0.6506,26520000,1751,589,619
chr7,26520000,0.951877,0.64,26530000,1666,574,625
chr7,26530000,0.963416,0.6399,26540000,1805,667,684
chr7,26540000,0.925893,0.661,26550000,1904,659,711
chr7,26550000,0.976148,0.6534,26560000,1786,602,664
chr7,26560000,0.9635,0.6633,26570000,1905,768,836
chr7,26570000,0.9931,0.6459,26580000,1850,682,698
chr7,26580000,0.76935,0.5909,26590000,988,329,427
chr7,26590000,0.912717,0.6116,26600000,2048,906,1015
chr7,26600000,1,0.621,26610000,3399,1602,1694
chr7,26610000,0.974015,0.6526,26620000,1468,468,539
chr7,26620000,0.9941,0.6571,26630000,2012,806,877
chr7,26630000,1,0.6602,26640000,1979,679,655
chr7,26640000,0.697155,0.5949,26650000,799,275,312
chr7,26650000,0.939892,0.6507,26660000,1681,534,705
chr7,26660000,0.99355,0.6469,26670000,1932,597,859
chr7,26670000,0.9999,0.6758,26680000,2772,1091,912
chr7,26680000,1,0.7057,26690000,2109,672,765
chr7,26690000,0.958108,0.6904,26700000,2028,636,814
chr7,26700000,0.99375,0.6744,26710000,2087,719,768
chr7,26710000,0.9781,0.6422,26720000,1879,672,788
chr7,26720000,0.929858,0.6588,26730000,1733,598,740
chr7,26730000,0.915482,0.6037,26740000,1514,623,690
chr7,26740000,0.877945,0.7119,26750000,1918,602,690
chr7,26750000,0.872653,0.6205,26760000,1144,429,477
chr7,26760000,0.99405,0.6377,26770000,1683,595,581
chr7,26770000,1,0.6214,26780000,1644,617,583
chr7,26780000,1,0.662,26790000,1966,659,745
chr7,26790000,1,0.6554,26800000,1862,629,663
chr7,26800000,0.969782,0.6889,26810000,1970,614,689
chr7,26810000,0.922967,0.6827,26820000,2062,778,822
chr7,26820000,0.959047,0.644,26830000,1694,563,652
chr7,26830000,0.97615,0.6414,26840000,1657,579,613
chr7,26840000,0.907002,0.6797,26850000,2070,667,846
chr7,26850000,0.97785,0.6774,26860000,1958,764,685
chr7,26860000,1,0.6914,26870000,2282,811,847
chr7,26870000,1,0.664,26880000,1880,650,690
chr7,26880000,1,0.626,26890000,1672,605,569
chr7,26890000,0.959917,0.5968,26900000,1251,491,558
chr7,26900000,0.99675,0.6704,26910000,1907,637,769
chr7,26910000,0.919433,0.6595,26920000,1626,511,588
chr7,26920000,0.798583,0.6444,26930000,961,288,400
chr7,26930000,0.974267,0.6697,26940000,1917,633,684
chr7,26940000,0.9994,0.6279,26950000,1524,581,580
chr7,26950000,1,0.6327,26960000,1663,596,592
chr7,26960000,1,0.6285,26970000,1665,574,617
chr7,26970000,1,0.6479,26980000,1822,616,578
chr7,26980000,1,0.6954,26990000,2287,701,819
chr7,26990000,0.872728,0.637,27000000,1510,467,571
chr7,27000000,0.95655,0.4972,27010000,868,308,322
chr7,27010000,0.848792,0.5911,27020000,1670,673,1135
chr7,27020000,0.9794,0.6667,27030000,2007,699,677
chr7,27030000,0.95497,0.6677,27040000,2029,726,774
chr7,27040000,0.956589,0.6911,27050000,2123,681,788
chr7,27050000,1,0.6198,27060000,1448,619,536
chr7,27060000,0.99775,0.658,27070000,1655,580,596
chr7,27070000,0.998,0.6591,27080000,1703,598,634
chr7,27080000,1,0.6879,27090000,1941,589,732
chr7,27090000,0.879177,0.6438,27100000,696,284,298
chr7,27100000,0.957033,0.6926,27110000,2092,695,770
chr7,27110000,0.970301,0.6482,27120000,1870,554,634
chr7,27120000,0.76115,0.6065,27130000,813,238,380
chr7,27130000,0.9151,0.6578,27140000,1567,571,614
chr7,27140000,0.956417,0.6842,27150000,1849,582,715
chr7,27150000,0.540617,0.5956,27160000,604,198,248
chr7,27160000,0.83465,0.5706,27170000,1142,481,501
chr7,27170000,0.901983,0.611,27180000,1249,453,403
chr7,27180000,0.933203,0.481,27190000,722,225,306
chr7,27190000,0.996025,0.6354,27200000,1547,488,540
chr7,27200000,1,0.6694,27210000,2053,713,731
chr7,27210000,0.9854,0.664,27220000,1891,628,728
chr7,27220000,0.9277,0.658,27230000,1587,511,565
chr7,27230000,0.955738,0.6251,27240000,1694,508,682
chr7,27240000,0.961077,0.5523,27250000,1208,411,478
chr7,27250000,0.994793,0.6693,27260000,1933,630,661
chr7,27260000,1,0.6771,27270000,2038,789,777
chr7,27270000,0.9615,0.7194,27280000,2390,750,942
chr7,27280000,1,0.6772,27290000,2070,669,718
chr7,27290000,1,0.6674,27300000,1845,599,618
chr7,27300000,0.963693,0.7001,27310000,2066,701,746
chr7,27310000,0.989733,0.6448,27320000,1814,683,694
chr7,27320000,0.39065,0.7038,27330000,167,59,80
chr7,27330000,0.94505,0.7138,27340000,2162,662,783
chr7,27340000,0.99935,0.6734,27350000,2018,723,683
chr7,27350000,0.983417,0.6758,27360000,1977,664,736
chr7,27360000,1,0.6896,27370000,2144,716,744
chr7,27370000,0.9906,0.6687,27380000,2039,709,668
chr7,27380000,0.967433,0.6464,27390000,1677,546,619
chr7,27390000,0.9746,0.6238,27400000,1499,558,570
chr7,27400000,0.763912,0.6423,27410000,1510,904,823
chr7,27410000,0.900347,0.683,27420000,1904,585,697
chr7,27420000,0.996867,0.7315,27430000,2661,795,921
chr7,27430000,0.98895,0.6668,27440000,1876,600,662
chr7,27440000,0.975962,0.6751,27450000,2050,699,762
chr7,27450000,0.9991,0.7044,27460000,2321,787,849
chr7,27460000,0.992607,0.6668,27470000,2100,765,782
chr7,27470000,0.949743,0.7006,27480000,2262,947,935
chr7,27480000,0.909727,0.6959,27490000,2171,1099,1080
chr7,27490000,0.995833,0.7178,27500000,2654,968,984
chr7,27500000,0.967273,0.652,27510000,1706,575,612
chr7,27510000,0.997725,0.5667,27520000,1379,519,536
chr7,27520000,0.982586,0.6659,27530000,2240,903,791
chr7,27530000,0.988296,0.6857,27540000,2260,735,805
chr7,27540000,0.99275,0.6641,27550000,1838,640,656
chr7,27550000,0.994183,0.7012,27560000,2176,714,834
chr7,27560000,1,0.6419,27570000,1760,580,696
chr7,27570000,0.816785,0.6363,27580000,1446,490,571
chr7,27580000,0.961577,0.7006,27590000,2079,634,761
chr7,27590000,0.775461,0.6344,27600000,1724,725,802
chr7,27600000,1,0.6008,27610000,1628,697,603
chr7,27610000,0.987378,0.6385,27620000,11791,8280,8239
chr7,27620000,0.95795,0.6351,27630000,8571,6436,6060
chr7,27630000,0.986397,0.6291,27640000,1953,787,832
chr7,27640000,0.887891,0.5601,27650000,971,370,384
chr7,27650000,0.994482,0.7114,27660000,2810,1050,1091
chr7,27660000,0.971843,0.6382,27670000,1767,627,625
chr7,27670000,0.949075,0.5443,27680000,1228,617,606
chr7,27680000,0.953857,0.5913,27690000,1674,667,682
chr7,27690000,0.990273,0.6681,27700000,1844,594,687
chr7,27700000,0.96753,0.6634,27710000,2051,998,956
chr7,27710000,0.970392,0.6384,27720000,1638,604,539
chr7,27720000,0.9952,0.6831,27730000,2121,660,706
chr7,27730000,0.966202,0.6839,27740000,2056,753,931
chr7,27740000,0.988491,0.6616,27750000,1507,471,565
chr7,27750000,0.991217,0.6751,27760000,1934,620,738
chr7,27760000,1,0.6571,27770000,1967,715,708
chr7,27770000,0.952885,0.6962,27780000,2117,750,804
chr7,27780000,0.996967,0.6714,27790000,2039,638,710
chr7,27790000,0.9924,0.6847,27800000,2124,643,699
chr7,27800000,0.748017,0.6427,27810000,943,366,402
chr7,27810000,0.8655,0.5837,27820000,626,275,202
chr7,27820000,0.972208,0.6341,27830000,2085,1027,1007
chr7,27830000,1,0.6269,27840000,1541,608,611
chr7,27840000,0.9991,0.6167,27850000,1607,615,552
chr7,27850000,1,0.5825,27860000,1601,599,538
chr7,27860000,0.994908,0.5172,27870000,1092,369,434
chr8,0,0.190711,0.5927,10000,16,42,50
chr8,10000,0.3434,0.6224,20000,0,20,50
chr8,20000,0.38015,0.6264,30000,0,11,23
chr8,30000,0.394066,0.6226,40000,0,0,0
chr8,40000,0.5,0.659,50000,0,0,0
chr8,50000,0.94495,0.6986,60000,24,1151,1937
chr8,60000,1,0.6375,70000,6,1005,1593
chr8,70000,0.99215,0.6961,80000,47,1256,2219
chr8,80000,0.962875,0.672,90000,6,1141,1967
chr8,90000,0.967715,0.6591,100000,155,964,1551
chr8,100000,0.972367,0.6509,110000,15,973,1511
chr8,110000,0.957129,0.5449,120000,10,744,1495
chr8,120000,0.986572,0.6991,130000,7,1331,2405
chr8,130000,1,0.6594,140000,3,1310,1948
chr8,140000,0.932377,0.5993,150000,67,921,1519
chr8,150000,0.93619,0.6273,160000,39,984,1788
chr8,160000,1,0.6528,170000,10,1149,1814
chr8,170000,1,0.6489,180000,7,1239,1908
chr8,180000,0.97553,0.6598,190000,29,1296,2017
chr8,190000,1,0.6722,200000,9,1305,2039
chr8,200000,0.996483,0.6574,210000,598,1690,2134
chr8,210000,1,0.6905,220000,219,1690,2566
chr8,220000,1,0.6469,230000,3,1200,1817
chr8,230000,0.996137,0.6804,240000,9,1373,2234
chr8,240000,1,0.6526,250000,1,1204,1918
chr8,250000,0.8841,0.6134,260000,17,801,1424
chr8,260000,0.974333,0.6226,270000,34,1000,1557
chr8,270000,0.9324,0.6795,280000,5,1251,2059
chr8,280000,0.987293,0.6547,290000,61,1346,2073
chr8,290000,1,0.715,300000,10,1519,2575
chr8,300000,0.997533,0.6961,310000,37,1447,2354
chr8,310000,1,0.7281,320000,9,1493,2634
chr8,320000,1,0.69,330000,8,1359,2182
chr8,330000,1,0.6789,340000,1,1320,2189
chr8,340000,0.9968,0.6743,350000,14,1265,2127
chr8,350000,1,0.6982,360000,3,1402,2226
chr8,360000,0.987528,0.6537,370000,149,1311,2271
chr8,370000,0.99794,0.688,380000,165,1727,2276
chr8,380000,1,0.6745,390000,7,1342,1962
chr8,390000,0.946908,0.6701,400000,9,1109,1900
chr8,400000,0.976682,0.5915,410000,5,1014,1557
chr8,410000,0.95572,0.6904,420000,12,1213,2268
chr8,420000,1,0.6454,430000,3,1257,1931
chr8,430000,0.966237,0.6624,440000,925,1875,2636
chr8,440000,0.96675,0.6387,450000,2,1196,1753
chr8,450000,0.9886,0.63,460000,19,1175,1763
chr8,460000,0.991147,0.6684,470000,56,1378,2397
chr8,470000,1,0.6465,480000,11,1303,1912
chr8,480000,0.969945,0.6832,490000,7,1299,2145
chr8,490000,1,0.6751,500000,2,1354,2089
chr8,500000,1,0.6666,510000,7,1273,1993
chr8,510000,0.9988,0.6464,520000,42,1239,1895
chr8,520000,1,0.662,530000,4,1339,2061
chr8,530000,1,0.6359,540000,2,1095,1864
chr8,540000,1,0.6423,550000,3,1247,1736
chr8,550000,0.955667,0.6385,560000,6,823,1495
chr8,560000,0.972608,0.6227,570000,9,971,1543
chr8,570000,0.9969,0.6759,580000,102,1452,2579
chr8,580000,0.996583,0.6715,590000,14,1342,2259
chr8,590000,0.989333,0.7422,600000,6,1430,2732
chr8,600000,0.953787,0.5805,610000,9,855,1427
chr8,610000,0.925215,0.5549,620000,76,761,1289
chr8,620000,0.99695,0.619,630000,3,1105,1498
chr8,630000,0.94694,0.64,640000,12,1199,1864
chr8,640000,0.906526,0.6517,650000,4,1118,1807
chr8,650000,1,0.5977,660000,6,1006,1535
chr8,660000,0.996917,0.6291,670000,19,1181,1747
chr8,670000,0.988572,0.5868,680000,294,1135,1487
chr8,680000,1,0.6092,690000,260,625,889
chr8,690000,1,0.5696,700000,61,1100,1593
chr8,700000,0.930577,0.6088,710000,194,1155,1813
chr8,710000,0.947963,0.635,720000,170,1055,1785
chr8,720000,0.95641,0.6023,730000,358,1122,1771
chr8,730000,0.975517,0.598,740000,387,1250,1734
chr8,740000,0.994254,0.6155,750000,30,848,1407
chr8,750000,0.99955,0.6491,760000,35,548,923
chr8,760000,0.882,0.6235,770000,3,687,1264
chr8,770000,1,0.6044,780000,5,550,855
chr8,780000,0.975,0.6153,790000,354,902,1002
chr8,790000,0.958045,0.6398,800000,206,1049,1478
chr8,800000,0.924075,0.6748,810000,6,1108,2032
chr8,810000,1,0.6569,820000,2,1288,1897
chr8,820000,0.9974,0.7158,830000,15,1431,2359
chr8,830000,0.9928,0.5754,840000,21,964,1662
chr8,840000,0.9984,0.6208,850000,7,1220,1760
chr8,850000,0.983473,0.6665,860000,146,1355,2170
chr8,860000,1,0.6529,870000,5,1329,1926
chr8,870000,1,0.6424,880000,2,1136,1757
chr8,880000,1,0.712,890000,6,1539,2716
chr8,890000,1,0.6257,900000,0,1212,1696
chr8,900000,0.99785,0.6231,910000,52,1225,1981
chr8,910000,1,0.6056,920000,1,1090,1580
chr8,920000,1,0.6086,930000,0,1186,1522
chr8,930000,0.991863,0.6999,940000,69,1503,2723
chr8,940000,0.94765,0.6635,950000,58,1278,2292
chr8,950000,0.96552,0.6855,960000,61,1358,2384
chr8,960000,0.87352,0.5515,970000,128,704,1063
chr8,970000,0.852529,0.5496,980000,85,607,1004
chr8,980000,0.920393,0.6566,990000,214,1091,1900
chr8,990000,0.97088,0.5846,1000000,521,1322,1738
chr8,1000000,0.9685,0.6141,1010000,43,1152,1789
chr8,1010000,0.926183,0.6763,1020000,199,1395,2217
chr8,1020000,0.90842,0.629,1030000,198,789,1331
chr8,1030000,0.917786,0.5907,1040000,228,1012,1569
chr8,1040000,0.99935,0.6715,1050000,489,1492,2302
chr8,1050000,0.979193,0.5652,1060000,30,840,1413
chr8,1060000,0.993617,0.598,1070000,16,1046,1598
chr8,1070000,0.9888,0.7024,1080000,25,1566,2636
chr8,1080000,0.9888,0.6888,1090000,6,1278,2213
chr8,1090000,1,0.6585,1100000,11,1143,1690
chr8,1100000,0.9959,0.6322,1110000,157,682,736
chr8,1110000,1,0.5694,1120000,10,887,1188
chr8,1120000,1,0.6697,1130000,6616,4396,3585
chr8,1130000,0.959367,0.6474,1140000,640,1114,1399
chr8,1140000,0.994624,0.7226,1150000,57,1485,2870
chr8,1150000,0.9636,0.6112,1160000,23,948,1386
chr8,1160000,0.967183,0.6472,1170000,7,1098,1671
chr8,1170000,1,0.6151,1180000,1,944,1360
chr8,1180000,1,0.6379,1190000,3,1130,1632
chr8,1190000,1,0.653,1200000,4,1231,1852
chr8,1200000,0.99805,0.633,1210000,74,1233,2042
chr8,1210000,0.99875,0.6548,1220000,65,1383,2142
chr8,1220000,1,0.6371,1230000,4,1176,1602
chr8,1230000,1,0.6802,1240000,54,1452,2273
chr8,1240000,1,0.6759,1250000,4,1353,2342
chr8,1250000,0.99905,0.6637,1260000,66,1439,2199
chr8,1260000,1,0.7221,1270000,60,1605,2784
chr8,1270000,0.89125,0.6987,1280000,260,947,1586
chr8,1280000,0.95365,0.666,1290000,1835,2221,2423
chr8,1290000,0.9489,0.6745,1300000,302,900,1464
chr8,1300000,0.964692,0.6336,1310000,755,1679,2160
chr8,1310000,1,0.6656,1320000,10,1037,1755
chr8,1320000,0.755457,0.6458,1330000,105,948,1645
chr8,1330000,0.99845,0.7253,1340000,32,1400,2716
chr8,1340000,0.968221,0.6467,1350000,95,1053,2049
chr8,1350000,0.81307,0.6429,1360000,111,741,1398
chr8,1360000,1,0.6125,1370000,12,784,1082
chr8,1370000,0.980692,0.6294,1380000,7,1002,1658
chr8,1380000,0.990908,0.6345,1390000,22,911,1486
chr8,1390000,1,0.6253,1400000,11,1261,1757
chr8,1400000,0.959617,0.6653,1410000,1636,2102,2199
chr8,1410000,0.9891,0.6298,1420000,51,1105,1609
chr8,1420000,1,0.636,1430000,34,1259,1825
chr8,1430000,0.993033,0.6463,1440000,84,1270,2001
chr8,1440000,0.97963,0.6313,1450000,5,1120,1635
chr8,1450000,0.890098,0.6217,1460000,71,851,1327
chr8,1460000,0.983205,0.6354,1470000,127,1173,1745
chr8,1470000,0.876855,0.6528,1480000,1011,1593,1873
chr8,1480000,1,0.7285,1490000,960,2107,2773
chr8,1490000,0.938504,0.6634,1500000,1329,2587,3986
chr8,1500000,0.948636,0.6256,1510000,83,1120,1983
chr8,1510000,1,0.6232,1520000,174,1204,1853
chr8,1520000,1,0.6387,1530000,14,1169,1892
chr8,1530000,0.950488,0.6921,1540000,13,1251,2271
chr8,1540000,0.9918,0.6829,1550000,15,1321,2224
chr8,1550000,0.983883,0.6647,1560000,0,1222,1950
chr8,1560000,1,0.6384,1570000,7,1175,1768
chr8,1570000,1,0.6622,1580000,43,1229,1971
chr8,1580000,0.908345,0.6646,1590000,26,956,1746
chr8,1590000,0.96485,0.6669,1600000,406,1653,2544
chr8,1600000,0.99995,0.6322,1610000,1221,2747,3585
chr8,1610000,1,0.64,1620000,11,1098,1707
chr8,1620000,1,0.6814,1630000,3,1385,2298
chr8,1630000,0.9892,0.6204,1640000,10,1189,1777
chr8,1640000,0.96565,0.605,1650000,2,975,1342
chr8,1650000,1,0.6405,1660000,3,1125,1674
chr8,1660000,1,0.6286,1670000,6,1049,1635
chr8,1670000,1,0.6683,1680000,6,1319,2099
chr8,1680000,0.8428,0.6654,1690000,4,899,1478
chr8,1690000,0.977745,0.669,1700000,27,1358,2128
chr8,1700000,0.98042,0.7187,1710000,17,1567,2614
chr8,1710000,0.9651,0.6552,1720000,26,1200,2017
chr8,1720000,0.697859,0.635,1730000,7,744,1313
chr8,1730000,0.99175,0.6826,1740000,31,1454,2267
chr8,1740000,0.990364,0.687,1750000,29,1380,2466
chr8,1750000,0.96665,0.6332,1760000,321,1432,1974
chr8,1760000,0.931807,0.6542,1770000,178,934,1509
chr8,1770000,0.8226,0.6827,1780000,251,960,1641
chr8,1780000,0.995223,0.67,1790000,4,1424,2311
chr8,1790000,0.994433,0.6661,1800000,8,1109,1795
chr8,1800000,0.9742,0.6935,1810000,5,1397,2171
chr8,1810000,1,0.7046,1820000,14,1502,2531
chr8,1820000,1,0.6742,1830000,1,1219,1917
chr8,1830000,0.977817,0.6195,1840000,5,1012,1512
chr8,1840000,0.816555,0.6672,1850000,305,1017,1564
chr8,1850000,0.762944,0.699,1860000,506,1183,1809
chr8,1860000,0.47501,0.7159,1870000,87,486,1053
chr8,1870000,0.524455,0.7195,1880000,139,461,876
chr8,1880000,0.533613,0.7143,1890000,120,381,819
chr8,1890000,0.966322,0.6715,1900000,80,1272,1887
chr8,1900000,1,0.6976,1910000,30,1338,2313
chr8,1910000,0.996959,0.6657,1920000,10,1336,2024
chr8,1920000,0.957883,0.7088,1930000,48,1453,2515
chr8,1930000,0.751819,0.6459,1940000,57,885,1582
chr8,1940000,1,0.726,1950000,7,1515,2490
chr8,1950000,0.993526,0.7138,1960000,125,1729,2794
chr8,1960000,1,0.6721,1970000,2,1147,1815
chr8,1970000,0.89633,0.6869,1980000,5,982,1897
chr8,1980000,1,0.6527,1990000,2,1210,1889
chr8,1990000,0.979385,0.6853,2000000,60,1410,2335
chr8,2000000,0.9985,0.6823,2010000,59,1440,2233
chr8,2010000,1,0.6153,2020000,490,1371,1736
chr8,2020000,0.993233,0.6657,2030000,192,1448,2315
chr8,2030000,0.9965,0.6541,2040000,46,1151,1927
chr8,2040000,0.97215,0.6726,2050000,58,1320,2095
chr8,2050000,1,0.6388,2060000,63,1317,1894
chr8,2060000,0.99975,0.6514,2070000,70,1332,1960
chr8,2070000,0.9954,0.6571,2080000,2,1235,2009
chr8,2080000,0.993717,0.6577,2090000,6,1230,2096
chr8,2090000,1,0.6469,2100000,18,1125,1897
chr8,2100000,0.99895,0.6604,2110000,11,1292,2133
chr8,2110000,0.9815,0.6793,2120000,81,1293,2203
chr8,2120000,0.995558,0.6638,2130000,9,1374,2244
chr8,2130000,1,0.6235,2140000,2,1227,1998
chr8,2140000,0.775568,0.6158,2150000,37,901,1488
chr8,2150000,1,0.682,2160000,6,1352,2215
chr8,2160000,1,0.6279,2170000,3,1116,1662
chr8,2170000,0.934013,0.682,2180000,16,1188,2001
chr8,2180000,1,0.6553,2190000,11,1250,1919
chr8,2190000,0.895283,0.6298,2200000,3,923,1668
chr8,2200000,0.9044,0.6671,2210000,7,1098,2004
chr8,2210000,1,0.663,2220000,3,1291,2057
chr8,2220000,1,0.618,2230000,3,1098,1575
chr8,2230000,0.982258,0.653,2240000,195,1321,1981
chr8,2240000,1,0.6853,2250000,5,1357,2285
chr8,2250000,0.9978,0.6835,2260000,11,1371,2509
chr8,2260000,0.99965,0.6528,2270000,15,1154,1917
chr8,2270000,0.95537,0.6134,2280000,215,1114,1917
chr8,2280000,0.963487,0.6559,2290000,21,1234,1993
chr8,2290000,0.9578,0.6797,2300000,59,1323,2142
chr8,2300000,0.93225,0.6369,2310000,9,1031,1628
chr8,2310000,0.949808,0.6317,2320000,731,1574,2319
chr8,2320000,0.913483,0.6984,2330000,4774,4442,6553
chr8,2330000,0.844192,0.6758,2340000,914,1573,2539
chr8,2340000,1,0.611,2350000,14,1158,1616
chr8,2350000,1,0.6338,2360000,6,1191,1872
chr8,2360000,0.99705,0.6495,2370000,6,1143,1800
chr8,2370000,1,0.6279,2380000,14,1023,1515
chr8,2380000,0.98494,0.6902,2390000,17,1304,2324
chr8,2390000,1,0.6597,2400000,6,1284,1986
chr8,2400000,0.965139,0.6837,2410000,98,1357,2450
chr8,2410000,0.957617,0.6636,2420000,72,1266,2031
chr8,2420000,0.979,0.5606,2430000,7,846,1335
chr8,2430000,0.827515,0.5923,2440000,97,810,1343
chr8,2440000,1,0.6582,2450000,2,1202,1897
chr8,2450000,0.9847,0.6331,2460000,624,1681,2473
chr8,2460000,1,0.6264,2470000,4,1183,1716
chr8,2470000,0.992306,0.7139,2480000,20,1562,2680
chr8,2480000,1,0.6229,2490000,1,1230,1729
chr8,2490000,0.97405,0.6226,2500000,17,1164,1918
chr8,2500000,0.9903,0.6233,2510000,8,1199,1967
chr8,2510000,0.95855,0.6367,2520000,3,1066,1594
chr8,2520000,0.942317,0.6763,2530000,9,1204,1983
chr8,2530000,0.888652,0.622,2540000,64,963,1571
chr8,2540000,0.893567,0.6209,2550000,65,1016,1559
chr8,2550000,0.913343,0.6439,2560000,53,1062,1841
chr8,2560000,0.982867,0.5654,2570000,101,995,1499
chr8,2570000,0.922862,0.5521,2580000,43,709,1322
chr8,2580000,0.960846,0.626,2590000,4556,4245,5597
chr8,2590000,0.859169,0.6637,2600000,1327,1986,3057
chr8,2600000,0.977354,0.5076,2610000,452,1084,1339
chr8,2610000,0.963337,0.6129,2620000,485,1341,1886
chr8,2620000,0.96815,0.6302,2630000,4,1060,1597
chr8,2630000,1,0.6635,2640000,4,1377,2056
chr8,2640000,1,0.6772,2650000,16,1269,2155
chr8,2650000,0.999144,0.6493,2660000,30,1309,2145
chr8,2660000,1,0.6319,2670000,6,1286,1836
chr8,2670000,0.743749,0.6426,2680000,97,885,1669
chr8,2680000,0.976217,0.6139,2690000,54,1105,1781
chr8,2690000,1,0.6145,2700000,26,1026,1765
chr8,2700000,0.967105,0.6076,2710000,47,956,1714
chr8,2710000,0.913129,0.6837,2720000,91,1256,2370
chr8,2720000,1,0.6196,2730000,43,927,1435
chr8,2730000,0.9014,0.6674,2740000,601,727,975
chr8,2740000,1,0.633,2750000,13,1262,1970
chr8,2750000,1,0.6557,2760000,31,1297,2075
chr8,2760000,0.999483,0.6449,2770000,35,1244,1930
chr8,2770000,0.979967,0.662,2780000,38,1184,2004
chr8,2780000,1,0.618,2790000,2,1101,1604
chr8,2790000,1,0.6649,2800000,26,1315,2364
chr8,2800000,1,0.6926,2810000,7,1335,2296
chr8,2810000,0.984283,0.6751,2820000,15,1302,2003
chr8,2820000,1,0.6477,2830000,4,1172,1872
chr8,2830000,0.946276,0.6443,2840000,295,1325,2021
chr8,2840000,1,0.693,2850000,4,1527,2399
chr8,2850000,0.971417,0.6179,2860000,45,1010,1708
chr8,2860000,0.957683,0.4995,2870000,36,601,1030
chr8,2870000,0.9906,0.6793,2880000,9,1434,2256
chr8,2880000,0.956547,0.6365,2890000,60,1219,2042
chr8,2890000,0.939736,0.6742,2900000,122,1276,2207
chr8,2900000,0.967108,0.7113,2910000,20,1514,2639
chr8,2910000,1,0.6787,2920000,11,1414,2402
chr8,2920000,0.944985,0.6715,2930000,8,1123,1975
chr8,2930000,0.827013,0.6619,2940000,33,1122,1857
chr8,2940000,0.993667,0.6666,2950000,4,1283,1928
chr8,2950000,0.90625,0.6805,2960000,23,1189,2132
chr8,2960000,0.921883,0.628,2970000,374,1287,1695
chr8,2970000,0.98825,0.6765,2980000,11,1368,2095
chr8,2980000,0.769443,0.677,2990000,11,867,1604
chr8,2990000,0.638103,0.6895,3000000,190,788,1605
chr8,3000000,0.97266,0.6964,3010000,12,1373,2332
chr8,3010000,0.997567,0.6449,3020000,7,1094,1681
chr8,3020000,0.99905,0.6225,3030000,24,1092,1904
chr8,3030000,0.98495,0.5867,3040000,3,1014,1641
chr8,3040000,0.9971,0.7052,3050000,132,1535,2538
chr8,3050000,0.9971,0.695,3060000,179,1589,2592
chr8,3060000,0.930845,0.6213,3070000,473,1375,1889
chr8,3070000,0.909909,0.5183,3080000,217,776,1094
chr8,3080000,1,0.6509,3090000,967,1840,2305
chr8,3090000,0.9853,0.6614,3100000,5,1324,2078
chr8,3100000,0.961307,0.6247,3110000,1,1160,1872
chr8,3110000,0.994467,0.629,3120000,37,1220,1839
chr8,3120000,0.9948,0.6394,3130000,6,1297,1874
chr8,3130000,0.965879,0.6128,3140000,475,1530,2271
chr8,3140000,0.9704,0.6684,3150000,27,1250,2033
chr8,3150000,0.975334,0.5132,3160000,15,678,1167
chr8,3160000,0.993,0.6227,3170000,5,1137,1763
chr8,3170000,1,0.6416,3180000,2,1280,1733
chr8,3180000,0.9962,0.5538,3190000,5,919,1430
chr8,3190000,0.862019,0.5715,3200000,16,688,1284
chr8,3200000,0.99925,0.6983,3210000,37,1494,2539
chr8,3210000,0.9996,0.6683,3220000,7,1357,2080
chr8,3220000,0.881728,0.6052,3230000,30,599,1076
chr8,3230000,0.990467,0.6761,3240000,10,1200,2285
chr8,3240000,1,0.638,3250000,11,1093,1689
chr8,3250000,0.979538,0.7033,3260000,49,1340,2389
chr8,3260000,0.955333,0.6672,3270000,91,1347,2025
chr8,3270000,1,0.6727,3280000,51,1506,2327
chr8,3280000,0.978968,0.6999,3290000,20,1500,2655
chr8,3290000,0.99465,0.6137,3300000,41,1122,1738
chr8,3300000,0.683807,0.6163,3310000,30,418,708
chr8,3310000,0.547212,0.6318,3320000,44,172,377
chr8,3320000,0.748934,0.6519,3330000,9,694,1365
chr8,3330000,0.981795,0.6063,3340000,98,975,1750
chr8,3340000,0.833467,0.624,3350000,110,903,1556
chr8,3350000,0.990833,0.5822,3360000,39,922,1544
chr8,3360000,0.983005,0.6332,3370000,202,1380,2074
chr8,3370000,0.982322,0.6699,3380000,400,1558,2461
chr8,3380000,0.967975,0.6846,3390000,6,1376,2375
chr8,3390000,0.99805,0.6006,3400000,3,1139,1559
chr8,3400000,0.965353,0.5788,3410000,139,1069,1651
chr8,3410000,0.99875,0.5626,3420000,21,935,1474
chr8,3420000,0.99985,0.594,3430000,43,1220,1818
chr8,3430000,1,0.6867,3440000,4,1451,2513
chr8,3440000,1,0.7085,3450000,12,1522,2540
chr8,3450000,0.9646,0.6321,3460000,1,1210,1784
chr8,3460000,0.9577,0.635,3470000,4,1069,1697
chr8,3470000,0.986192,0.7021,3480000,290,1551,2442
chr8,3480000,0.892383,0.7411,3490000,193,1437,2464
chr8,3490000,0.995,0.6366,3500000,154,1111,1703
chr8,3500000,0.98285,0.5899,3510000,246,1268,1724
chr8,3510000,0.923815,0.4915,3520000,919,1135,1538
chr8,3520000,1,0.6313,3530000,1,1170,1710
chr8,3530000,1,0.6896,3540000,127,1488,2233
chr8,3540000,0.9827,0.6196,3550000,247,1360,1933
chr8,3550000,0.913433,0.5913,3560000,161,1062,1558
chr8,3560000,0.9952,0.6429,3570000,5,1256,2088
chr8,3570000,0.979284,0.6415,3580000,915,1875,2168
chr8,3580000,0.9981,0.6444,3590000,1051,1944,2253
chr8,3590000,0.910917,0.686,3600000,15,1247,2266
chr8,3600000,0.959159,0.6778,3610000,26,1333,2305
chr8,3610000,0.759511,0.6528,3620000,158,997,1822
chr8,3620000,1,0.6404,3630000,6,1276,1944
chr8,3630000,0.987974,0.6348,3640000,19,1139,1798
chr8,3640000,0.693533,0.6207,3650000,0,396,621
chr8,3650000,0.785857,0.6635,3660000,3,756,1164
chr8,3660000,0.988117,0.6581,3670000,31,1273,2000
chr8,3670000,0.923867,0.6495,3680000,21,1051,1763
chr8,3680000,1,0.6861,3690000,2,1399,2310
chr8,3690000,1,0.6687,3700000,8,1370,2260
chr8,3700000,0.99465,0.641,3710000,25,1265,1889
chr8,3710000,0.970267,0.6786,3720000,98,1381,2170
chr8,3720000,0.9819,0.6143,3730000,589,1606,2053
chr8,3730000,0.989412,0.6671,3740000,27,1322,2221
chr8,3740000,0.837631,0.6252,3750000,361,1161,1937
chr8,3750000,0.969675,0.6631,3760000,62,1326,2016
chr8,3760000,0.967185,0.6472,3770000,1,1264,1925
chr8,3770000,0.99285,0.6765,3780000,3,1317,1945
chr8,3780000,0.993,0.6543,3790000,57,1270,2219
chr8,3790000,0.948317,0.6368,3800000,163,1225,1956
chr8,3800000,1,0.6262,3810000,150,1276,1662
chr8,3810000,0.9988,0.6269,3820000,3,1235,1898
chr8,3820000,0.97617,0.6484,3830000,20,1180,1895
chr8,3830000,0.976652,0.6412,3840000,189,1443,2108
chr8,3840000,0.736183,0.5901,3850000,25,601,958
chr8,3850000,0.928737,0.6821,3860000,40,1274,2194
chr8,3860000,0.972665,0.6327,3870000,74,1145,1874
chr8,3870000,1,0.6879,3880000,37,1415,2347
chr8,3880000,0.994117,0.6562,3890000,14,1211,1944
chr8,3890000,1,0.6528,3900000,9,1234,1803
chr8,3900000,0.973047,0.7004,3910000,20,1331,2184
chr8,3910000,0.99955,0.7141,3920000,4,1563,2753
chr8,3920000,0.97038,0.6263,3930000,2,932,1503
chr8,3930000,0.747972,0.4991,3940000,265,594,937
chr8,3940000,0.947557,0.6807,3950000,55,1329,2050
chr8,3950000,0.99985,0.6464,3960000,18,1353,2019
chr8,3960000,0.972833,0.6364,3970000,217,1374,2017
chr8,3970000,0.95025,0.6415,3980000,249,1421,2172
chr8,3980000,0.984433,0.6713,3990000,22,1400,2279
chr8,3990000,0.872651,0.5972,4000000,41,763,1306
chr8,4000000,0.977953,0.642,4010000,24,1192,1968
chr8,4010000,0.987583,0.6907,4020000,28,1380,2289
chr8,4020000,0.93155,0.6643,4030000,7,1131,1744
chr8,4030000,0.916807,0.5846,4040000,204,1092,1421
chr8,4040000,0.863338,0.5222,4050000,29,560,934
chr8,4050000,0.994086,0.6828,4060000,10,1380,2307
chr8,4060000,0.908523,0.6033,4070000,51,944,1691
chr8,4070000,0.856723,0.5975,4080000,63,864,1476
chr8,4080000,0.98885,0.6497,4090000,28,1235,2118
chr8,4090000,1,0.6673,4100000,70,1498,2221
chr8,4100000,0.949343,0.6744,4110000,44,1388,2330
chr8,4110000,0.9947,0.647,4120000,97,1387,2174
chr8,4120000,0.988983,0.6715,4130000,265,1443,2203
chr8,4130000,0.939004,0.6176,4140000,65,1019,1653
chr8,4140000,0.920128,0.6573,4150000,27,1061,1764
chr8,4150000,0.238824,0.6082,4160000,0,45,128
chr8,4160000,0.417791,0.621,4170000,1,355,602
chr8,4170000,0.988133,0.6787,4180000,48,1404,2413
chr8,4180000,0.851502,0.5906,4190000,42,726,1337
chr8,4190000,0.712315,0.5764,4200000,11,411,771
chr8,4200000,0.43752,0.5549,4210000,1,208,381
chr8,4210000,0.702608,0.5681,4220000,27,564,956
chr8,4220000,0.892189,0.5836,4230000,42,768,1263
chr8,4230000,0.980123,0.609,4240000,134,1165,1825
chr8,4240000,0.9923,0.589,4250000,47,960,1507
chr8,4250000,0.951946,0.6425,4260000,2,1094,1862
chr8,4260000,1,0.665,4270000,49,1362,2293
chr8,4270000,1,0.6177,4280000,4,1075,1441
chr8,4280000,1,0.6285,4290000,2,1209,1780
chr8,4290000,1,0.5845,4300000,23,1158,1704
chr8,4300000,1,0.6362,4310000,8,1217,1742
chr8,4310000,0.9602,0.6193,4320000,65,1219,1905
chr8,4320000,0.981887,0.6073,4330000,53,1178,1698
chr8,4330000,0.924317,0.5722,4340000,164,806,1383
chr8,4340000,0.875874,0.6379,4350000,174,850,1631
chr8,4350000,0.98265,0.674,4360000,98,1246,2001
chr8,4360000,0.9931,0.638,4370000,110,1130,1767
chr8,4370000,0.99235,0.69,4380000,15,1361,2353
chr8,4380000,0.912283,0.6734,4390000,26,1124,1890
chr8,4390000,1,0.6873,4400000,36,1496,2371
chr8,4400000,0.953706,0.7019,4410000,16,1277,2395
chr8,4410000,0.982466,0.6449,4420000,22,1209,1697
chr8,4420000,1,0.6301,4430000,3,1144,1584
chr8,4430000,0.99795,0.6518,4440000,41,1308,2183
chr8,4440000,0.815327,0.6362,4450000,14,936,1481
chr8,4450000,0.993767,0.6714,4460000,87,1435,2285
chr8,4460000,0.945699,0.6386,4470000,90,1242,1970
chr8,4470000,0.813423,0.5966,4480000,163,1052,1680
chr8,4480000,0.711625,0.5379,4490000,9,522,950
chr8,4490000,0.968722,0.6037,4500000,49,1085,1641
chr8,4500000,0.648797,0.6101,4510000,29,630,1077
chr8,4510000,1,0.6676,4520000,22,1364,2126
chr8,4520000,1,0.6994,4530000,834,2157,3211
chr8,4530000,0.922083,0.6747,4540000,427,1454,2296
chr8,4540000,0.84365,0.6354,4550000,340,1122,1658
chr8,4550000,0.755035,0.6191,4560000,46,696,1492
chr8,4560000,0.505749,0.6015,4570000,42,383,770
chr8,4570000,0.95179,0.6361,4580000,113,1195,1749
chr8,4580000,0.948923,0.6598,4590000,12,1151,2187
chr8,4590000,0.969536,0.6319,4600000,35,1062,1882
chr8,4600000,0.982782,0.6769,4610000,35,1248,2243
chr8,4610000,1,0.6253,4620000,9,1197,1703
chr8,4620000,0.977904,0.6848,4630000,39,1325,2333
chr8,4630000,0.962267,0.6915,4640000,129,1276,2469
chr8,4640000,0.843654,0.5962,4650000,33,860,1267
chr8,4650000,0.936783,0.5038,4660000,70,591,983
chr8,4660000,0.909312,0.6455,4670000,7,956,1546
chr8,4670000,0.367985,0.5721,4680000,0,149,313
chr8,4680000,0.563635,0.5704,4690000,1,316,579
chr8,4690000,0.861747,0.5811,4700000,78,660,1205
chr8,4700000,0.857829,0.5846,4710000,78,646,1182
chr8,4710000,0.986252,0.6744,4720000,27,1313,2392
chr8,4720000,0.9885,0.6792,4730000,193,1399,2334
chr8,4730000,1,0.6658,4740000,117,1166,2011
chr8,4740000,0.979481,0.6395,4750000,13,1073,1788
chr8,4750000,0.890023,0.6012,4760000,749,1274,1943
chr8,4760000,0.945018,0.5593,4770000,15,807,1287
chr8,4770000,0.636252,0.4925,4780000,14,317,505
chr8,4780000,0.873712,0.5285,4790000,304,790,1079
chr8,4790000,0.982222,0.6386,4800000,112,1341,2000
chr8,4800000,0.9884,0.5993,4810000,32,996,1628
chr8,4810000,0.985793,0.6453,4820000,2,1264,1971
chr8,4820000,0.935042,0.6942,4830000,22,1202,2310
chr8,4830000,0.825127,0.6247,4840000,173,889,1375
chr8,4840000,0.433348,0.5854,4850000,14,293,654
chr8,4850000,0.864325,0.5975,4860000,552,1039,1504
chr8,4860000,0.900033,0.6447,4870000,15,853,1745
chr8,4870000,0.809011,0.6156,4880000,194,827,1415
chr8,4880000,0.864758,0.6071,4890000,303,905,1406
chr8,4890000,0.867942,0.6162,4900000,14,733,1429
chr8,4900000,0.894848,0.6334,4910000,9,765,1574
chr8,4910000,0.723441,0.5807,4920000,258,714,1079
chr8,4920000,0.88535,0.5602,4930000,219,716,1198
chr8,4930000,0.710736,0.5721,4940000,39,405,797
chr8,4940000,0.282229,0.5644,4950000,13,173,317
chr8,4950000,0.852066,0.5977,4960000,26,732,1192
chr8,4960000,0.811466,0.5521,4970000,93,713,1059
chr8,4970000,0.639291,0.5275,4980000,2,259,560
chr8,4980000,0.298121,0.5766,4990000,1,148,258
chr8,4990000,0.513182,0.5811,5000000,77,472,730
chr8,5000000,0.9987,0.5838,5010000,48,1025,1517
chr8,5010000,0.82981,0.5794,5020000,281,870,1308
chr8,5020000,0.939901,0.6703,5030000,66,1198,2057
chr8,5030000,0.739497,0.6505,5040000,86,839,1399
chr8,5040000,0.999108,0.6235,5050000,30,1130,1768
chr8,5050000,0.969137,0.5586,5060000,150,856,1365
chr8,5060000,0.98927,0.5575,5070000,135,873,1347
chr8,5070000,0.707192,0.5031,5080000,29,368,661
chr8,5080000,0.43893,0.5639,5090000,16,288,555
chr8,5090000,0.656853,0.5739,5100000,14,506,908
chr8,5100000,1,0.5986,5110000,56,998,1626
chr8,5110000,0.9951,0.6029,5120000,127,984,1559
chr8,5120000,0.95787,0.5936,5130000,260,1082,1538
chr8,5130000,0.886496,0.5864,5140000,79,717,1326
chr8,5140000,0.934659,0.5946,5150000,19,768,1422
chr8,5150000,0.988548,0.6697,5160000,17,1231,1975
chr8,5160000,0.99735,0.6578,5170000,31,1243,2105
chr8,5170000,0.938506,0.6301,5180000,12,974,1616
chr8,5180000,0.944463,0.6084,5190000,12,811,1445
chr8,5190000,0.874457,0.5864,5200000,20,664,1224
chr8,5200000,0.984805,0.5998,5210000,49,918,1565
chr8,5210000,0.972325,0.599,5220000,141,907,1583
chr8,5220000,0.912657,0.5966,5230000,91,891,1372
chr8,5230000,0.851478,0.5962,5240000,142,881,1435
chr8,5240000,0.958865,0.5451,5250000,26,729,1150
chr8,5250000,0.987767,0.5789,5260000,50,858,1399
chr8,5260000,0.999,0.586,5270000,49,925,1563
chr8,5270000,1,0.5957,5280000,150,1157,1592
chr8,5280000,0.972483,0.5865,5290000,68,896,1582
chr8,5290000,1,0.6264,5300000,87,1167,1776
chr8,5300000,0.858558,0.625,5310000,11,818,1463
chr8,5310000,0.885961,0.5816,5320000,10,665,1304
chr8,5320000,0.974281,0.6278,5330000,54,1078,1773
chr8,5330000,0.85577,0.6164,5340000,10,732,1321
chr8,5340000,0.99775,0.6374,5350000,78,1179,1820
chr8,5350000,0.400657,0.5838,5360000,2,349,662
chr8,5360000,0.665454,0.5697,5370000,12,455,822
chr8,5370000,0.985175,0.5963,5380000,45,862,1482
chr8,5380000,0.938045,0.5815,5390000,117,698,1270
chr8,5390000,0.948482,0.5831,5400000,143,825,1429
chr8,5400000,0.920825,0.5304,5410000,20,624,1029
chr8,5410000,0.92606,0.5503,5420000,98,725,1164
chr8,5420000,0.99475,0.645,5430000,24,1084,1966
chr8,5430000,0.976112,0.6944,5440000,238,1454,2380
chr8,5440000,0.947501,0.7296,5450000,31,1415,2626
chr8,5450000,0.991375,0.6784,5460000,26,1252,2048
chr8,5460000,0.957783,0.5997,5470000,9,831,1388
chr8,5470000,0.88945,0.6582,5480000,53,907,1773
chr8,5480000,0.99805,0.5625,5490000,154,884,1381
chr8,5490000,0.319577,0.5721,5500000,18,226,410
chr8,5500000,0.614138,0.5407,5510000,28,379,633
chr8,5510000,0.418338,0.6044,5520000,50,273,502
chr8,5520000,0.279752,0.589,5530000,158,255,413
chr8,5530000,0.234853,0.589,5540000,12,116,202
chr8,5540000,0.22885,0.5813,5550000,2,91,181
chr8,5550000,0.348948,0.5974,5560000,286,635,589
chr8,5560000,0.238027,0.5823,5570000,2,135,260
chr8,5570000,0.242387,0.5726,5580000,4,111,220
chr8,5580000,0.367399,0.5949,5590000,14,208,433
chr8,5590000,0.209165,0.5902,5600000,1,110,189
chr8,5600000,0.454318,0.6111,5610000,197,494,738
chr8,5610000,0.588797,0.5181,5620000,255,340,465
chr8,5620000,0.541495,0.5625,5630000,578,573,620
chr8,5630000,0.451553,0.6128,5640000,368,445,692
chr8,5640000,0.260307,0.5982,5650000,365,317,348
chr8,5650000,0.139312,0.5973,5660000,25,56,70
chr8,5660000,0.116838,0.5983,5670000,32,52,83
chr8,5670000,0.132382,0.6144,5680000,88,83,88
chr8,5680000,0.126211,0.6125,5690000,140,98,142
chr8,5690000,0.268124,0.6121,5700000,120,204,362
chr8,5700000,0.158163,0.6109,5710000,71,108,165
chr8,5710000,0.230968,0.6144,5720000,90,83,155
chr8,5720000,0.361979,0.6086,5730000,37,181,396
chr8,5730000,0.31136,0.6006,5740000,54,163,312
chr8,5740000,0.356138,0.5979,5750000,241,327,456
chr8,5750000,0.384807,0.6042,5760000,223,417,598
chr8,5760000,0.212819,0.5814,5770000,26,157,243
chr8,5770000,0.243617,0.5952,5780000,27,169,318
chr8,5780000,0.275217,0.5778,5790000,11,163,257
chr8,5790000,0.343062,0.5895,5800000,28,176,386
chr8,5800000,0.373508,0.6143,5810000,99,224,416
chr8,5810000,0.331658,0.5903,5820000,115,228,351
chr8,5820000,0.27847,0.616,5830000,5,107,244
chr8,5830000,0.384378,0.614,5840000,126,312,487
chr8,5840000,0.461416,0.6147,5850000,367,480,611
chr8,5850000,0.382259,0.6074,5860000,20,168,356
chr8,5860000,0.238222,0.5941,5870000,10,148,273
chr8,5870000,0.433363,0.5889,5880000,46,319,554
chr8,5880000,0.298965,0.612,5890000,30,187,346
chr8,5890000,0.269214,0.5862,5900000,94,272,483
chr8,5900000,0.382048,0.6124,5910000,343,548,662
chr8,5910000,0.437078,0.5855,5920000,65,244,437
chr8,5920000,0.259313,0.5747,5930000,2,172,347
chr8,5930000,0.291867,0.6118,5940000,16,208,495
chr8,5940000,0.253466,0.5807,5950000,4,169,336
chr8,5950000,0.11906,0.5791,5960000,3,55,143
chr8,5960000,0.282244,0.6108,5970000,16,192,326
chr8,5970000,0.383748,0.6184,5980000,16,221,464
chr8,5980000,0.478539,0.6106,5990000,45,390,692
chr8,5990000,0.141091,0.5822,6000000,10,99,214
chr8,6000000,0.228825,0.5856,6010000,2,115,246
chr8,6010000,0.269442,0.585,6020000,6,149,340
chr8,6020000,0.305315,0.6065,6030000,7,80,197
chr8,6030000,0.370578,0.6168,6040000,59,216,391
chr8,6040000,0.568303,0.6134,6050000,105,454,843
chr8,6050000,0.483374,0.5908,6060000,86,378,598
chr8,6060000,0.0925816,0.572,6070000,4,62,124
chr8,6070000,0.292532,0.5969,6080000,15,196,350
chr8,6080000,0.325895,0.5976,6090000,12,213,381
chr8,6090000,0.324552,0.5938,6100000,24,216,409
chr8,6100000,0.419468,0.6094,6110000,54,294,539
chr8,6110000,0.199605,0.6089,6120000,14,30,63
chr8,6120000,0.337223,0.6108,6130000,22,230,435
chr8,6130000,0.329154,0.6107,6140000,25,239,444
chr8,6140000,0.26973,0.6085,6150000,25,144,299
chr8,6150000,0.295789,0.5802,6160000,31,261,429
chr8,6160000,0.300932,0.5992,6170000,9,121,274
chr8,6170000,0.425068,0.6107,6180000,94,365,690
chr8,6180000,0.672433,0.5737,6190000,19,387,752
chr8,6190000,0.665623,0.518,6200000,23,335,555
chr8,6200000,0.17081,0.6113,6210000,14,31,77
chr8,6210000,0.155907,0.6121,6220000,6,73,159
chr8,6220000,0.185562,0.5898,6230000,17,123,249
chr8,6230000,0.20797,0.5841,6240000,5,125,251
chr8,6240000,0.218521,0.6136,6250000,9,88,199
chr8,6250000,0.361528,0.6108,6260000,43,230,467
chr8,6260000,0.15295,0.5861,6270000,17,92,190
chr8,6270000,0.197491,0.6137,6280000,24,55,100
chr8,6280000,0.241228,0.5206,6290000,10,97,153
chr8,6290000,0.349918,0.5315,6300000,8,194,355
chr8,6300000,0.217769,0.5821,6310000,12,101,218
chr8,6310000,0.408451,0.6036,6320000,29,293,627
chr8,6320000,0.198056,0.5918,6330000,5,149,311
chr8,6330000,0.256954,0.5811,6340000,7,151,329
chr8,6340000,0.218504,0.5741,6350000,57,175,313
chr8,6350000,0.512955,0.5927,6360000,25,358,645
chr8,6360000,0.271191,0.5868,6370000,7,198,351
chr8,6370000,0.165605,0.5786,6380000,5,70,154
chr8,6380000,0.347207,0.5811,6390000,45,249,456
chr8,6390000,0.406719,0.5957,6400000,38,234,509
chr8,6400000,0.349942,0.6125,6410000,208,310,420
chr8,6410000,0.518025,0.6071,6420000,108,435,748
chr8,6420000,0.182094,0.5807,6430000,4,91,184
chr8,6430000,0.384332,0.5907,6440000,14,242,498
chr8,6440000,0.337391,0.6064,6450000,79,216,342
chr8,6450000,0.369546,0.6029,6460000,44,240,410
chr8,6460000,0.223253,0.5899,6470000,41,137,316
chr8,6470000,0.475254,0.6091,6480000,59,353,651
chr8,6480000,0.332762,0.6081,6490000,22,239,438
chr8,6490000,0.163134,0.5686,6500000,5,93,194
chr8,6500000,0.34272,0.6088,6510000,455,555,610
chr8,6510000,0.27358,0.589,6520000,9,199,362
chr8,6520000,0.347524,0.5905,6530000,15,235,472
chr8,6530000,0.551427,0.6135,6540000,6,364,685
chr8,6540000,0.660551,0.5965,6550000,40,426,794
chr8,6550000,0.249453,0.6137,6560000,46,108,179
chr8,6560000,0.221868,0.595,6570000,9,152,285
chr8,6570000,0.336549,0.5953,6580000,61,295,491
chr8,6580000,0.257159,0.5787,6590000,20,164,309
chr8,6590000,0.240305,0.5763,6600000,14,148,340
chr8,6600000,0.320915,0.603,6610000,21,201,380
chr8,6610000,0.233671,0.5788,6620000,7,102,184
chr8,6620000,0.307751,0.5833,6630000,170,319,423
chr8,6630000,0.170144,0.6053,6640000,28,89,144
chr8,6640000,0.215455,0.618,6650000,31,123,181
chr8,6650000,0.253719,0.6175,6660000,68,190,254
chr8,6660000,0.346623,0.6155,6670000,169,383,518
chr8,6670000,0.197223,0.5835,6680000,17,138,219
chr8,6680000,0.164765,0.6093,6690000,91,135,225
chr8,6690000,0.195846,0.6077,6700000,28,75,151
chr8,6700000,0.135851,0.5684,6710000,2,59,98
chr8,6710000,0.297398,0.6058,6720000,42,185,401
chr8,6720000,0.286686,0.6073,6730000,30,162,284
chr8,6730000,0.282126,0.6074,6740000,11,191,356
chr8,6740000,0.458228,0.6089,6750000,312,517,685
chr8,6750000,0.634381,0.6008,6760000,4007,3635,2975
chr8,6760000,0.254687,0.5876,6770000,16,179,343
chr8,6770000,0.226156,0.5842,6780000,22,166,281
chr8,6780000,0.359652,0.6175,6790000,36,211,467
chr8,6790000,0.279055,0.5998,6800000,24,193,405
chr8,6800000,0.287078,0.5823,6810000,7,105,216
chr8,6810000,0.290056,0.587,6820000,107,209,356
chr8,6820000,0.232734,0.569,6830000,426,429,517
chr8,6830000,0.161077,0.58,6840000,4,93,192
chr8,6840000,0.308706,0.62,6850000,25,121,245
chr8,6850000,0.437829,0.6144,6860000,98,281,511
chr8,6860000,0.237239,0.5896,6870000,11,144,294
chr8,6870000,0.343545,0.6043,6880000,103,297,515
chr8,6880000,0.455086,0.5997,6890000,49,339,654
chr8,6890000,0.299501,0.5856,6900000,191,368,444
chr8,6900000,0.289538,0.5945,6910000,61,206,321
chr8,6910000,0.2285,0.5857,6920000,21,159,289
chr8,6920000,0.418159,0.5938,6930000,14,218,532
chr8,6930000,0.449783,0.6126,6940000,102,354,659
chr8,6940000,0.388631,0.6103,6950000,45,263,496
chr8,6950000,0.353236,0.6151,6960000,37,219,342
chr8,6960000,0.338811,0.6029,6970000,23,191,414
chr8,6970000,0.261521,0.5956,6980000,10,188,362
chr8,6980000,0.296571,0.5901,6990000,28,148,341
chr8,6990000,0.185895,0.578,7000000,10,93,159
chr8,7000000,0.371151,0.6178,7010000,37,218,400
chr8,7010000,0.293756,0.6007,7020000,180,254,445
chr8,7020000,0.196979,0.6002,7030000,49,102,209
chr8,7030000,0.269889,0.5979,7040000,689,663,505
chr8,7040000,0.37437,0.5788,7050000,211,385,522
chr8,7050000,0.26714,0.6049,7060000,25,181,345
chr8,7060000,0.594919,0.6086,7070000,276,650,901
chr8,7070000,0.207111,0.5852,7080000,33,146,293
chr8,7080000,0.432966,0.6188,7090000,33,242,523
chr8,7090000,0.112725,0.5884,7100000,4,63,133
chr8,7100000,0.246902,0.5865,7110000,18,158,291
chr8,7110000,0.11343,0.5809,7120000,0,49,101
chr8,7120000,0.127815,0.5671,7130000,2,33,73
chr8,7130000,0.311813,0.6028,7140000,76,204,383
chr8,7140000,0.25691,0.62,7150000,17,88,197
chr8,7150000,0.234835,0.6114,7160000,43,175,350
chr8,7160000,0.111784,0.6163,7170000,6,55,109
chr8,7170000,0.194945,0.605,7180000,10,124,230
chr8,7180000,0.229005,0.5916,7190000,15,158,283
chr8,7190000,0.402439,0.617,7200000,84,312,596
chr8,7200000,0.309799,0.6142,7210000,29,166,293
chr8,7210000,0.398777,0.6017,7220000,49,196,423
chr8,7220000,0.118993,0.5755,7230000,6,59,89
chr8,7230000,0.130398,0.5828,7240000,21,42,112
chr8,7240000,0.65967,0.591,7250000,178,519,869
chr8,7250000,0.750511,0.5928,7260000,371,807,1048
chr8,7260000,0.262448,0.6186,7270000,36,144,290
chr8,7270000,0.222331,0.618,7280000,24,120,241
chr8,7280000,0.199661,0.5814,7290000,10,137,228
chr8,7290000,0.104855,0.5936,7300000,2,55,96
chr8,7300000,0.12696,0.5903,7310000,15,51,71
chr8,7310000,0.164706,0.6075,7320000,30,89,137
chr8,7320000,0.218439,0.5805,7330000,5,120,257
chr8,7330000,0.153097,0.5673,7340000,6,63,151
chr8,7340000,0.199392,0.5725,7350000,11,121,239
chr8,7350000,0.323594,0.612,7360000,13,189,416
chr8,7360000,0.369335,0.6175,7370000,25,254,518
chr8,7370000,0.36585,0.5914,7380000,14,269,516
chr8,7380000,0.33116,0.6148,7390000,45,213,374
chr8,7390000,0.285783,0.6164,7400000,7,186,323
chr8,7400000,0.395215,0.6154,7410000,30,296,516
chr8,7410000,0.475002,0.6145,7420000,1180,916,727
chr8,7420000,0.425852,0.6148,7430000,140,423,690
chr8,7430000,0.438755,0.6195,7440000,483,491,618
chr8,7440000,0.184791,0.6172,7450000,43,98,162
chr8,7450000,0.265218,0.6165,7460000,191,257,490
chr8,7460000,0.24721,0.6102,7470000,323,262,379
chr8,7470000,0.193988,0.6135,7480000,98,144,257
chr8,7480000,0.44444,0.5936,7490000,52,238,447
chr8,7490000,0.308918,0.6197,7500000,100,250,379
chr8,7500000,0.194438,0.6181,7510000,240,222,286
chr8,7510000,0.241034,0.6206,7520000,96,202,246
chr8,7520000,0.2859,0.6173,7530000,115,215,319
chr8,7530000,0.25743,0.5868,7540000,12,119,212
chr8,7540000,0.304196,0.6175,7550000,37,123,252
chr8,7550000,0.487542,0.6122,7560000,184,391,759
chr8,7560000,0.417483,0.6128,7570000,144,339,594
chr8,7570000,0.233881,0.5798,7580000,3,131,215
chr8,7580000,0.302982,0.6076,7590000,43,224,474
chr8,7590000,0.352609,0.613,7600000,62,236,488
chr8,7600000,0.192117,0.6126,7610000,77,111,166
chr8,7610000,0.529174,0.6159,7620000,5202,7586,4150
chr8,7620000,0.312557,0.6158,7630000,158,260,450
chr8,7630000,0.321588,0.6082,7640000,214,321,355
chr8,7640000,0.190666,0.5798,7650000,3,90,170
chr8,7650000,0.617747,0.6139,7660000,241,535,924
chr8,7660000,0.278753,0.6155,7670000,181,280,389
chr8,7670000,0.285968,0.6112,7680000,954,714,577
chr8,7680000,0.189655,0.6145,7690000,161,176,260
chr8,7690000,0.202839,0.6106,7700000,134,159,246
chr8,7700000,0.455966,0.5784,7710000,80,354,611
chr8,7710000,0.301045,0.5898,7720000,40,242,365
chr8,7720000,0.781357,0.5869,7730000,407,836,1064
chr8,7730000,0.451095,0.6127,7740000,246,372,611
chr8,7740000,0.307315,0.6147,7750000,106,228,408
chr8,7750000,0.26188,0.6137,7760000,114,145,305
chr8,7760000,0.250393,0.613,7770000,172,177,214
chr8,7770000,0.545282,0.6158,7780000,135,363,516
chr8,7780000,0.411716,0.6163,7790000,87,292,397
chr8,7790000,0.321,0.6183,7800000,88,216,361
chr8,7800000,0.304169,0.6153,7810000,211,256,369
chr8,7810000,0.428793,0.6167,7820000,537,555,580
chr8,7820000,0.338613,0.6185,7830000,458,405,533
chr8,7830000,0.238519,0.6165,7840000,524,354,407
chr8,7840000,0.269632,0.6079,7850000,689,465,468
chr8,7850000,0.244152,0.5686,7860000,46,139,259
chr8,7860000,0.312652,0.5829,7870000,230,339,500
chr8,7870000,0.355885,0.5942,7880000,261,319,486
chr8,7880000,0.226081,0.6137,7890000,379,298,307
chr8,7890000,0.475696,0.6163,7900000,191,386,690
chr8,7900000,0.766918,0.5324,7910000,94,453,762
chr8,7910000,0.772202,0.5655,7920000,266,632,1113
chr8,7920000,1,0.64,7930000,12,1003,1508
chr8,7930000,0.918721,0.6873,7940000,33,1163,2109
chr8,7940000,0.887672,0.5593,7950000,20,567,1145
chr8,7950000,0.997045,0.6019,7960000,4,865,1240
chr8,7960000,1,0.6322,7970000,3,1209,1796
chr8,7970000,0.713018,0.6269,7980000,18,807,1491
chr8,7980000,0.905972,0.6653,7990000,17,1312,2098
chr8,7990000,0.972733,0.6206,8000000,47,1004,1708
chr8,8000000,0.9872,0.5961,8010000,140,941,1650
chr8,8010000,0.99395,0.6024,8020000,847,1656,2007
chr8,8020000,0.983508,0.6503,8030000,298,1551,2139
chr8,8030000,0.9994,0.681,8040000,230,1557,2491
chr8,8040000,0.99255,0.6414,8050000,14,1141,1880
chr8,8050000,0.824201,0.554,8060000,13,686,1180
chr8,8060000,0.796911,0.5769,8070000,10,809,1180
chr8,8070000,1,0.6602,8080000,0,1231,1743
chr8,8080000,0.99915,0.6226,8090000,177,1412,1833
chr8,8090000,0.987108,0.5591,8100000,81,907,1353
chr8,8100000,0.659953,0.5685,8110000,6,470,808
chr8,8110000,0.91506,0.5819,8120000,18,764,1341
chr8,8120000,0.848683,0.5844,8130000,424,896,1422
chr8,8130000,0.906115,0.5599,8140000,18,622,1188
chr8,8140000,0.964768,0.566,8150000,57,724,1246
chr8,8150000,0.970436,0.5874,8160000,231,1029,1445
chr8,8160000,0.97953,0.5841,8170000,458,1235,1624
chr8,8170000,0.99975,0.581,8180000,88,1044,1543
chr8,8180000,0.925935,0.6291,8190000,27,967,1540
chr8,8190000,0.950183,0.614,8200000,25,814,1653
chr8,8200000,0.970083,0.6126,8210000,201,1156,1797
chr8,8210000,0.9801,0.5909,8220000,109,1016,1544
chr8,8220000,1,0.6325,8230000,18,1152,1719
chr8,8230000,0.891459,0.66,8240000,166,1129,1941
chr8,8240000,0.681392,0.659,8250000,2,402,854
chr8,8250000,0.654475,0.6269,8260000,87,354,616
chr8,8260000,0.628567,0.6445,8270000,10,279,488
chr8,8270000,0.970708,0.6174,8280000,71,882,1488
chr8,8280000,0.87792,0.5807,8290000,696,928,1294
chr8,8290000,0.806007,0.5806,8300000,933,1121,1494
chr8,8300000,0.677789,0.5503,8310000,57,527,859
chr8,8310000,0.912876,0.5978,8320000,171,816,1492
chr8,8320000,1,0.658,8330000,31,1279,2147
chr8,8330000,0.9922,0.6133,8340000,116,1226,1840
chr8,8340000,0.876031,0.5248,8350000,27,522,992
chr8,8350000,0.888554,0.6077,8360000,162,801,1532
chr8,8360000,0.962764,0.5877,8370000,12,806,1429
chr8,8370000,0.947916,0.5939,8380000,176,910,1506
chr8,8380000,0.946261,0.66,8390000,72,1073,1968
chr8,8390000,1,0.7201,8400000,81,1466,2426
chr8,8400000,1,0.726,8410000,4,1291,2360
chr8,8410000,0.938864,0.7266,8420000,255,1508,2539
chr8,8420000,1,0.6008,8430000,51,1123,1697
chr8,8430000,0.940772,0.7458,8440000,18,1447,2619
chr8,8440000,1,0.6747,8450000,3,1294,2136
chr8,8450000,0.966967,0.6005,8460000,76,956,1727
chr8,8460000,0.918573,0.5036,8470000,10,574,977
chr8,8470000,0.913134,0.5878,8480000,526,1108,1867
chr8,8480000,0.9914,0.6728,8490000,23,1320,2145
chr8,8490000,0.98758,0.7048,8500000,204,1488,2575
chr8,8500000,0.96105,0.5779,8510000,1,985,1402
chr8,8510000,0.941931,0.6153,8520000,439,1350,2028
chr8,8520000,0.865533,0.5611,8530000,191,789,1160
chr8,8530000,1,0.6135,8540000,3,1104,1608
chr8,8540000,1,0.5619,8550000,2,1061,1506
chr8,8550000,0.99935,0.5948,8560000,3,1108,1474
chr8,8560000,0.979897,0.5666,8570000,60,866,1444
chr8,8570000,0.972917,0.6643,8580000,15,1271,2081
chr8,8580000,0.9921,0.7075,8590000,19,1441,2341
chr8,8590000,0.99221,0.6234,8600000,13,1171,1774
chr8,8600000,0.9997,0.6402,8610000,101,1276,1983
chr8,8610000,0.9957,0.5569,8620000,31,1022,1417
chr8,8620000,0.97823,0.4986,8630000,98,684,1090
chr8,8630000,0.980933,0.6251,8640000,5,1010,1699
chr8,8640000,1,0.6823,8650000,5,1462,2256
chr8,8650000,1,0.6584,8660000,166,1290,1911
chr8,8660000,0.938322,0.5592,8670000,433,1236,1598
chr8,8670000,0.918781,0.5453,8680000,31,680,1369
chr8,8680000,0.9973,0.6137,8690000,3,1189,1571
chr8,8690000,0.8502,0.6424,8700000,651,1276,1509
chr8,8700000,0.996543,0.6514,8710000,431,1492,2286
chr8,8710000,0.99905,0.5525,8720000,207,835,1269
chr8,8720000,1,0.6139,8730000,679,1426,1857
chr8,8730000,1,0.6125,8740000,141,992,1463
chr8,8740000,0.995657,0.6362,8750000,24,819,1290
chr8,8750000,0.885137,0.6849,8760000,68,1263,2203
chr8,8760000,0.899283,0.635,8770000,279,1108,1709
chr8,8770000,1,0.6558,8780000,30,1367,1721
chr8,8780000,0.9903,0.6489,8790000,298,1458,2063
chr8,8790000,1,0.4995,8800000,226,975,1343
chr8,8800000,1,0.6311,8810000,4,1098,1560
chr8,8810000,0.99915,0.7045,8820000,46,1462,2540
chr8,8820000,0.991967,0.6175,8830000,54,1089,1884
chr8,8830000,0.953175,0.6055,8840000,27,961,1662
chr8,8840000,0.740919,0.5857,8850000,5,554,1053
chr8,8850000,0.761246,0.6015,8860000,36,580,1138
chr8,8860000,0.73223,0.5974,8870000,15,487,960
chr8,8870000,0.98184,0.609,8880000,31,1091,1762
chr8,8880000,0.885651,0.6232,8890000,204,980,1622
chr8,8890000,0.893113,0.6085,8900000,63,816,1439
chr8,8900000,1,0.652,8910000,2,1259,1916
chr8,8910000,0.943603,0.667,8920000,82,1245,2285
chr8,8920000,0.957678,0.5452,8930000,79,744,1327
chr8,8930000,0.942754,0.6357,8940000,196,1181,1903
chr8,8940000,0.996867,0.7337,8950000,15,1640,2824
chr8,8950000,0.99705,0.5118,8960000,43,780,1235
chr8,8960000,0.99585,0.5732,8970000,22,907,1509
chr8,8970000,1,0.6425,8980000,50,1266,1963
chr8,8980000,0.975092,0.6383,8990000,7,1159,1982
chr8,8990000,0.985333,0.6915,9000000,39,1476,2315
chr8,9000000,0.974112,0.6457,9010000,122,1187,1790
chr8,9010000,1,0.6486,9020000,15,1221,1945
chr8,9020000,0.93075,0.6867,9030000,14,1317,2197
chr8,9030000,0.841548,0.5692,9040000,26,571,1133
chr8,9040000,0.851742,0.582,9050000,7,686,1292
chr8,9050000,0.989533,0.6557,9060000,672,1567,2414
chr8,9060000,0.953012,0.6621,9070000,13,1254,1891
chr8,9070000,0.98385,0.6511,9080000,1,1167,1775
chr8,9080000,0.993253,0.6752,9090000,48,1307,2342
chr8,9090000,0.96555,0.6401,9100000,25,1074,1692
chr8,9100000,0.996667,0.5976,9110000,1,1132,1463
chr8,9110000,0.994212,0.6205,9120000,308,1489,2185
chr8,9120000,0.841427,0.6542,9130000,16,921,1608
chr8,9130000,0.792713,0.6337,9140000,17,842,1354
chr8,9140000,0.976084,0.6471,9150000,39,1191,2083
chr8,9150000,0.93976,0.5639,9160000,18,689,1213
chr8,9160000,0.993608,0.6004,9170000,69,1022,1693
chr8,9170000,0.95116,0.6254,9180000,12,1050,1623
chr8,9180000,0.641347,0.6819,9190000,56,672,1224
chr8,9190000,0.60067,0.6775,9200000,6,537,1011
chr8,9200000,0.933817,0.6353,9210000,135,1126,1859
chr8,9210000,0.99785,0.6105,9220000,7,1075,1527
chr8,9220000,0.98285,0.6187,9230000,7,1070,1391
chr8,9230000,0.98741,0.6186,9240000,157,1322,1770
chr8,9240000,0.825375,0.5584,9250000,25,556,954
chr8,9250000,0.825888,0.5932,9260000,239,825,1210
chr8,9260000,0.987542,0.6007,9270000,80,1045,1507
chr8,9270000,0.987958,0.6902,9280000,9,1385,2342
chr8,9280000,1,0.6417,9290000,2,1279,1846
chr8,9290000,0.99435,0.6585,9300000,63,1310,2114
chr8,9300000,0.9988,0.5029,9310000,83,929,1344
chr8,9310000,0.989583,0.6951,9320000,85,1594,2499
chr8,9320000,0.9982,0.6778,9330000,68,1408,2329
chr8,9330000,0.951423,0.6716,9340000,57,1225,2159
chr8,9340000,1,0.6671,9350000,16,1350,2265
chr8,9350000,0.738818,0.6533,9360000,15,770,1522
chr8,9360000,0.890743,0.6595,9370000,20,1019,1844
chr8,9370000,1,0.6614,9380000,5,1395,2066
chr8,9380000,0.978892,0.6532,9390000,5,1113,1797
chr8,9390000,1,0.6513,9400000,25,1175,1971
chr8,9400000,1,0.6652,9410000,93,1374,2215
chr8,9410000,0.961951,0.6223,9420000,10,1066,1838
chr8,9420000,0.943547,0.6102,9430000,8,834,1724
chr8,9430000,0.99975,0.65,9440000,7,1247,1879
chr8,9440000,1,0.6651,9450000,7,1324,1980
chr8,9450000,1,0.6799,9460000,1,1334,2100
chr8,9460000,1,0.6526,9470000,2,1170,1877
chr8,9470000,0.986321,0.6239,9480000,512,1498,2100
chr8,9480000,0.991254,0.6427,9490000,60,1291,1896
chr8,9490000,1,0.6371,9500000,5,1242,1813
chr8,9500000,0.9998,0.6527,9510000,90,1459,2005
chr8,9510000,0.950306,0.6447,9520000,56,1167,1912
chr8,9520000,1,0.688,9530000,20,1413,2377
chr8,9530000,1,0.6933,9540000,1,1416,2265
chr8,9540000,0.932805,0.7248,9550000,99,1434,2674
chr8,9550000,1,0.6045,9560000,14,1095,1496
chr8,9560000,0.9582,0.6914,9570000,17,1271,2345
chr8,9570000,0.969716,0.657,9580000,8,1122,1944
chr8,9580000,0.975908,0.5815,9590000,8,1047,1809
chr8,9590000,0.9922,0.6161,9600000,221,1334,1891
chr8,9600000,1,0.6743,9610000,20,1394,2170
chr8,9610000,0.969767,0.697,9620000,21,1280,2258
chr8,9620000,0.984529,0.6157,9630000,11,1043,1912
chr8,9630000,1,0.7041,9640000,20,1536,2655
chr8,9640000,0.985784,0.6248,9650000,12,1116,1677
chr8,9650000,0.984172,0.6672,9660000,96,1328,2049
chr8,9660000,0.99685,0.6016,9670000,0,1069,1373
chr8,9670000,0.99085,0.6572,9680000,396,1525,2204
chr8,9680000,1,0.6765,9690000,924,2029,3253
chr8,9690000,0.96735,0.6623,9700000,1,1248,1884
chr8,9700000,0.8991,0.6943,9710000,659,1579,2513
chr8,9710000,0.933462,0.686,9720000,115,1463,2376
chr8,9720000,0.97435,0.6567,9730000,8,1290,2032
chr8,9730000,0.995233,0.6482,9740000,25,1150,1951
chr8,9740000,0.986527,0.7018,9750000,18,1415,2448
chr8,9750000,1,0.6937,9760000,92,1501,2243
chr8,9760000,1,0.6649,9770000,8,1268,2008
chr8,9770000,0.9866,0.5925,9780000,39,1078,1737
chr8,9780000,0.99815,0.6696,9790000,55,1350,2092
chr8,9790000,0.989643,0.6583,9800000,76,1279,1886
chr8,9800000,0.978449,0.7346,9810000,38,1485,2578
chr8,9810000,1,0.6673,9820000,17,1268,2119
chr8,9820000,0.99105,0.7067,9830000,4,1388,2253
chr8,9830000,0.968283,0.6958,9840000,24,1274,2408
chr8,9840000,0.99945,0.6519,9850000,75,1261,1994
chr8,9850000,0.99875,0.5684,9860000,3,1120,1708
chr8,9860000,1,0.6234,9870000,23,1165,1627
chr8,9870000,0.95851,0.649,9880000,22,1177,1887
chr8,9880000,0.89183,0.6576,9890000,52,1053,1705
chr8,9890000,0.74655,0.6092,9900000,982,962,1217
chr8,9900000,0.843533,0.6458,9910000,111,941,1742
chr8,9910000,0.982356,0.6507,9920000,95,1248,1717
chr8,9920000,0.952424,0.6605,9930000,151,1194,2131
chr8,9930000,0.994933,0.6141,9940000,20,1113,1693
chr8,9940000,0.9961,0.6789,9950000,201,1571,2274
chr8,9950000,0.969912,0.6625,9960000,50,1283,2168
chr8,9960000,0.9979,0.6203,9970000,8,1193,1519
chr8,9970000,1,0.6215,9980000,53,430,699
chr8,9980000,0.9949,0.6755,9990000,49,481,970
chr8,9990000,0.70855,0.612,10000000,13001,6961,8636
chr8,10000000,0.8514,0.6426,10010000,55,342,534
chr8,10010000,0.980479,0.6456,10020000,55,832,1495
chr8,10020000,0.970632,0.5616,10030000,228,969,1433
chr8,10030000,1,0.654,10040000,66,1178,1945
chr8,10040000,0.744385,0.6482,10050000,10,785,1350
chr8,10050000,1,0.6796,10060000,182,1443,2219
chr8,10060000,0.94645,0.7168,10070000,120,1388,2451
chr8,10070000,0.969657,0.7147,10080000,40,1375,2662
chr8,10080000,0.975925,0.6884,10090000,97,1304,2202
chr8,10090000,0.99835,0.7348,10100000,108,1638,2707
chr8,10100000,0.931815,0.623,10110000,54,918,1664
chr8,10110000,0.923246,0.6267,10120000,112,1073,1825
chr8,10120000,0.931333,0.6323,10130000,56,960,1731
chr8,10130000,0.974875,0.6144,10140000,48,1230,1660
chr8,10140000,0.934897,0.6544,10150000,14,1163,2010
chr8,10150000,0.872169,0.6115,10160000,1,939,1559
chr8,10160000,0.925292,0.6431,10170000,35,1033,1756
chr8,10170000,1,0.6775,10180000,51,1272,2282
chr8,10180000,0.99075,0.6224,10190000,15,1094,1913
chr8,10190000,0.965221,0.6147,10200000,111,1053,1748
chr8,10200000,0.918956,0.6431,10210000,15,1003,1771
chr8,10210000,0.96077,0.6516,10220000,4,1107,1791
chr8,10220000,1,0.631,10230000,9,1195,1709
chr8,10230000,0.99735,0.568,10240000,22,844,1540
chr8,10240000,1,0.6641,10250000,8,1316,2079
chr8,10250000,1,0.6326,10260000,253,1418,1936
chr8,10260000,0.942444,0.6166,10270000,120,1111,1996
chr8,10270000,1,0.6419,10280000,7,1247,1859
chr8,10280000,1,0.6806,10290000,3,1337,2216
chr8,10290000,1,0.6472,10300000,8,1216,2045
chr8,10300000,0.975384,0.6542,10310000,2,1181,1937
chr8,10310000,0.949896,0.6699,10320000,30,1156,1982
chr8,10320000,1,0.643,10330000,2,1298,1926
chr8,10330000,1,0.6601,10340000,17,1257,1912
chr8,10340000,0.903325,0.6206,10350000,11,868,1420
chr8,10350000,0.626809,0.5868,10360000,55,443,766
chr8,10360000,0.762857,0.6094,10370000,645,1182,1950
chr8,10370000,0.926117,0.6267,10380000,13,1024,1458
chr8,10380000,0.966785,0.6186,10390000,151,1134,1706
chr8,10390000,0.925742,0.6046,10400000,298,1184,1739
chr8,10400000,0.988167,0.5984,10410000,5,989,1692
chr8,10410000,0.9979,0.678,10420000,4,1351,2487
chr8,10420000,0.884626,0.6547,10430000,9,1195,1960
chr8,10430000,0.9678,0.6176,10440000,3,1085,1550
chr8,10440000,1,0.6812,10450000,49,1533,2349
chr8,10450000,1,0.6497,10460000,138,1017,1669
chr8,10460000,1,0.6122,10470000,3,897,1346
chr8,10470000,0.925197,0.6651,10480000,4,1096,1700
chr8,10480000,0.899619,0.6326,10490000,116,950,1794
chr8,10490000,0.961755,0.6634,10500000,11,1244,2104
chr8,10500000,0.858521,0.6823,10510000,1,974,1921
chr8,10510000,0.845015,0.6423,10520000,3,1061,1648
chr8,10520000,1,0.6596,10530000,3,1269,1883
chr8,10530000,1,0.6771,10540000,5,1372,2234
chr8,10540000,0.994355,0.6603,10550000,144,1324,2010
chr8,10550000,1,0.6288,10560000,71,1198,1612
chr8,10560000,1,0.6451,10570000,23,1316,1987
chr8,10570000,0.97805,0.6482,10580000,427,1673,2396
chr8,10580000,0.95665,0.6653,10590000,9,1302,2053
chr8,10590000,0.694836,0.6433,10600000,82,766,1336
chr8,10600000,0.863148,0.6599,10610000,39,1121,1837
chr8,10610000,0.96615,0.6217,10620000,32,1139,1869
chr8,10620000,0.967367,0.656,10630000,193,1343,2057
chr8,10630000,0.991068,0.6554,10640000,69,1383,2079
chr8,10640000,0.991508,0.6855,10650000,26,1350,2290
chr8,10650000,0.9991,0.6726,10660000,18,1420,2113
chr8,10660000,0.9759,0.702,10670000,69,1450,2661
chr8,10670000,0.957088,0.6922,10680000,139,1403,2422
chr8,10680000,0.97183,0.6036,10690000,21,1165,1745
chr8,10690000,0.99775,0.647,10700000,27,1233,1916
chr8,10700000,0.99755,0.6389,10710000,166,1405,2285
chr8,10710000,0.9993,0.6017,10720000,102,1173,1828
chr8,10720000,0.983824,0.7095,10730000,12,1531,2654
chr8,10730000,0.969664,0.627,10740000,46,819,1506
chr8,10740000,1,0.5948,10750000,6,809,1298
chr8,10750000,1,0.6129,10760000,4,935,1463
chr8,10760000,1,0.6249,10770000,6,1047,1606
chr8,10770000,0.97862,0.6729,10780000,76,1425,2357
chr8,10780000,1,0.6346,10790000,2,1252,1821
chr8,10790000,1,0.6353,10800000,51,1273,1799
chr8,10800000,0.962731,0.6838,10810000,23,1407,2242
chr8,10810000,1,0.6451,10820000,1,1283,1890
chr8,10820000,1,0.5729,10830000,7,914,1463
chr8,10830000,1,0.6609,10840000,12,1269,2005
chr8,10840000,1,0.6316,10850000,2,1117,1501
chr8,10850000,0.973855,0.6112,10860000,3,1034,1451
chr8,10860000,0.979067,0.5924,10870000,9,919,1395
chr8,10870000,0.931632,0.5145,10880000,30,633,1010
chr8,10880000,0.899144,0.634,10890000,118,1120,1740
chr8,10890000,0.898267,0.6488,10900000,14,1012,1652
chr8,10900000,0.959006,0.651,10910000,317,1431,2105
chr8,10910000,1,0.6188,10920000,1,1093,1476
chr8,10920000,0.973575,0.6655,10930000,9,1281,2170
chr8,10930000,1,0.6367,10940000,34,1269,1744
chr8,10940000,1,0.5975,10950000,0,982,1443
chr8,10950000,1,0.6257,10960000,5,1123,1665
chr8,10960000,0.942904,0.6326,10970000,12,1029,1771
chr8,10970000,0.806804,0.579,10980000,87,895,1300
chr8,10980000,1,0.6574,10990000,90,1500,2060
chr8,10990000,1,0.6834,11000000,313,1589,2264
chr8,11000000,1,0.6393,11010000,305,1319,1855
chr8,11010000,0.9968,0.6758,11020000,111,1587,2389
chr8,11020000,1,0.6596,11030000,2,1254,1901
chr8,11030000,0.99774,0.6755,11040000,5,1377,2203
chr8,11040000,1,0.6474,11050000,74,1363,2066
chr8,11050000,0.974565,0.6838,11060000,157,1348,2258
chr8,11060000,0.997,0.6942,11070000,9,1447,2516
chr8,11070000,1,0.6583,11080000,6,1336,1927
chr8,11080000,1,0.6898,11090000,11,1448,2217
chr8,11090000,1,0.6531,11100000,24,1255,2264
chr8,11100000,0.954731,0.6321,11110000,340,1329,2147
chr8,11110000,0.85877,0.5991,11120000,125,897,1535
chr8,11120000,0.988049,0.6591,11130000,204,1503,2255
chr8,11130000,0.97645,0.6613,11140000,247,1133,1738
chr8,11140000,0.920878,0.7109,11150000,324,1251,2346
chr8,11150000,0.935607,0.7073,11160000,744,1612,2401
chr8,11160000,0.784182,0.5968,11170000,253,683,1058
chr8,11170000,0.888674,0.5123,11180000,295,791,1029
chr8,11180000,0.9794,0.6636,11190000,2655,3518,3019
chr8,11190000,0.940077,0.6579,11200000,3473,3952,3629
chr8,11200000,0.9981,0.6494,11210000,61,810,1415
chr8,11210000,1,0.6844,11220000,4,1507,2345
chr8,11220000,0.99975,0.6333,11230000,19,1232,1833
chr8,11230000,0.996057,0.6007,11240000,4,1102,1703
chr8,11240000,1,0.6332,11250000,0,1162,1799
chr8,11250000,0.99785,0.6799,11260000,46,1333,2230
chr8,11260000,0.980668,0.6708,11270000,4,1256,2027
chr8,11270000,1,0.6174,11280000,6,970,1361
chr8,11280000,0.9986,0.6333,11290000,26,782,1411
chr8,11290000,1,0.6562,11300000,57,870,1573
chr8,11300000,1,0.6629,11310000,5,897,1561
chr8,11310000,0.980565,0.6397,11320000,21,1168,1905
chr8,11320000,1,0.6824,11330000,22,1468,2264
chr8,11330000,0.974092,0.6476,11340000,32,1150,1902
chr8,11340000,0.95585,0.6157,11350000,19,845,1380
chr8,11350000,0.988583,0.621,11360000,4,1045,1536
chr8,11360000,0.9068,0.6681,11370000,130,1223,2156
chr8,11370000,0.88368,0.6223,11380000,198,1021,1736
chr8,11380000,0.988833,0.6667,11390000,9,1229,2032
chr8,11390000,1,0.6443,11400000,4,1265,1800
chr8,11400000,1,0.662,11410000,4,1341,2074
chr8,11410000,0.99328,0.6417,11420000,4,1211,1783
chr8,11420000,1,0.6742,11430000,6,1194,1986
chr8,11430000,0.998595,0.6899,11440000,11,1294,2288
chr8,11440000,0.9954,0.6481,11450000,4,1205,1943
chr8,11450000,0.979361,0.6224,11460000,7,1060,1770
chr8,11460000,1,0.6439,11470000,3,1234,1837
chr8,11470000,1,0.6687,11480000,4,1398,1953
chr8,11480000,0.993033,0.6576,11490000,14,1205,2122
chr8,11490000,0.858307,0.6816,11500000,10,1141,1782
chr8,11500000,0.9784,0.6737,11510000,11,1256,2225
chr8,11510000,0.99925,0.6474,11520000,4,1168,1922
chr8,11520000,0.99965,0.681,11530000,8,1297,2008
chr8,11530000,1,0.7071,11540000,12,1405,2286
chr8,11540000,1,0.6627,11550000,7,1395,2232
chr8,11550000,1,0.6348,11560000,4,1173,1631
chr8,11560000,1,0.6563,11570000,3,1269,2026
chr8,11570000,0.990457,0.6692,11580000,14,1298,2093
chr8,11580000,0.9987,0.6431,11590000,0,1229,1902
chr8,11590000,0.9672,0.6254,11600000,8,1020,1491
chr8,11600000,1,0.6314,11610000,433,1450,2054
chr8,11610000,0.9966,0.6792,11620000,66,1366,2370
chr8,11620000,0.998,0.6414,11630000,17,1157,1787
chr8,11630000,1,0.6123,11640000,2,1110,1642
chr8,11640000,0.977133,0.6429,11650000,143,1230,2241
chr8,11650000,0.977333,0.6822,11660000,26,1398,2340
chr8,11660000,0.942378,0.6684,11670000,3,1244,1986
chr8,11670000,1,0.6595,11680000,6,1175,1850
chr8,11680000,1,0.6662,11690000,6,1312,2035
chr8,11690000,1,0.6173,11700000,4,1046,1553
chr8,11700000,1,0.6087,11710000,5,1074,1472
chr8,11710000,1,0.6185,11720000,4,1078,1494
chr8,11720000,1,0.6329,11730000,266,1465,1836
chr8,11730000,1,0.6247,11740000,99,1301,1696
chr8,11740000,1,0.6229,11750000,4,1146,1688
chr8,11750000,0.98795,0.6206,11760000,131,1165,1547
chr8,11760000,0.993,0.6215,11770000,21,1083,1638
chr8,11770000,1,0.6717,11780000,9,1373,2222
chr8,11780000,1,0.6039,11790000,23,910,1262
chr8,11790000,0.979395,0.6404,11800000,5,1094,1823
chr8,11800000,0.99935,0.6321,11810000,13,1194,1769
chr8,11810000,0.99335,0.5821,11820000,16,1005,1219
chr8,11820000,0.785586,0.6761,11830000,30,771,1356
chr8,11830000,0.742202,0.7166,11840000,9,686,1376
chr8,11840000,1,0.6739,11850000,25,1383,2045
chr8,11850000,1,0.6454,11860000,54,1404,1980
chr8,11860000,1,0.5973,11870000,25,1052,1221
chr8,11870000,1,0.6602,11880000,27,1283,1912
chr8,11880000,0.937081,0.6543,11890000,107,1197,1868
chr8,11890000,0.992015,0.6252,11900000,35,1012,1552
chr8,11900000,0.981717,0.6463,11910000,28,1195,2042
chr8,11910000,1,0.6338,11920000,1,1149,1638
chr8,11920000,1,0.6311,11930000,3,1211,1915
chr8,11930000,0.890795,0.6321,11940000,8,1021,1781
chr8,11940000,1,0.6476,11950000,15,1299,1878
chr8,11950000,0.99495,0.6435,11960000,119,1320,2120
chr8,11960000,0.988099,0.6588,11970000,95,1344,2047
chr8,11970000,0.992425,0.6963,11980000,49,1442,2474
chr8,11980000,0.990391,0.6818,11990000,20,1347,2279
chr8,11990000,0.904925,0.6276,12000000,69,904,1477
chr8,12000000,0.922124,0.5937,12010000,124,920,1579
chr8,12010000,0.922598,0.6903,12020000,4,1274,2210
chr8,12020000,0.93115,0.6699,12030000,29,1153,1886
chr8,12030000,1,0.6343,12040000,5,1198,1678
chr8,12040000,0.867575,0.6826,12050000,224,1226,2256
chr8,12050000,0.961053,0.6781,12060000,71,1300,2121
chr8,12060000,1,0.6195,12070000,6,1107,1592
chr8,12070000,0.99085,0.6675,12080000,73,1304,1930
chr8,12080000,1,0.6233,12090000,5,1019,1549
chr8,12090000,0.996292,0.6575,12100000,10,1273,2054
chr8,12100000,0.953568,0.6526,12110000,13,1076,1864
chr8,12110000,1,0.6439,12120000,43,1187,1994
chr8,12120000,1,0.6398,12130000,13,1302,2013
chr8,12130000,0.9364,0.6863,12140000,14,1314,2285
chr8,12140000,1,0.6938,12150000,6,1432,2176
chr8,12150000,0.934826,0.6267,12160000,86,1054,1810
chr8,12160000,0.99895,0.71,12170000,137,1527,2682
chr8,12170000,0.99505,0.6691,12180000,13,1285,2143
chr8,12180000,1,0.6574,12190000,9,1303,1950
chr8,12190000,0.963523,0.6906,12200000,7,1425,2254
chr8,12200000,1,0.6828,12210000,8,1349,2082
chr8,12210000,0.96855,0.6556,12220000,3,1206,1943
chr8,12220000,0.985382,0.629,12230000,108,1245,2008
chr8,12230000,0.999733,0.6408,12240000,29,1242,1942
chr8,12240000,0.995467,0.66,12250000,12,1359,2029
chr8,12250000,0.736355,0.6542,12260000,4,890,1317
chr8,12260000,0.99925,0.635,12270000,95,1422,1857
chr8,12270000,1,0.6251,12280000,27,1100,1824
chr8,12280000,0.989133,0.6691,12290000,4,1212,2010
chr8,12290000,1,0.6225,12300000,24,1202,1870
chr8,12300000,0.961883,0.6591,12310000,16,1243,2061
chr8,12310000,0.9945,0.6793,12320000,3,1344,2121
chr8,12320000,0.990958,0.6567,12330000,10,1300,1902
chr8,12330000,0.98115,0.6429,12340000,47,1193,2056
chr8,12340000,0.995075,0.6505,12350000,2,1201,2005
chr8,12350000,0.984101,0.6438,12360000,29,1118,1905
chr8,12360000,0.9998,0.6926,12370000,26,1380,2168
chr8,12370000,0.775387,0.6406,12380000,3,900,1409
chr8,12380000,1,0.6879,12390000,9,1295,2116
chr8,12390000,1,0.6261,12400000,11,1213,1693
chr8,12400000,0.9833,0.647,12410000,57,1218,1891
chr8,12410000,0.935701,0.6184,12420000,25,968,1627
chr8,12420000,0.982983,0.6408,12430000,132,1272,1827
chr8,12430000,0.98497,0.6551,12440000,6,1199,1977
chr8,12440000,0.99885,0.6341,12450000,153,1242,1742
chr8,12450000,0.9907,0.6253,12460000,36,1140,1809
chr8,12460000,1,0.6501,12470000,5,1238,1779
chr8,12470000,0.99865,0.6638,12480000,25,1226,2016
chr8,12480000,0.973683,0.6688,12490000,19,1219,1807
chr8,12490000,0.717151,0.5865,12500000,234,739,1108
chr8,12500000,0.408647,0.5778,12510000,14,267,578
chr8,12510000,0.927883,0.6668,12520000,7,1010,1805
chr8,12520000,1,0.6504,12530000,10,1244,1867
chr8,12530000,0.932275,0.641,12540000,112,1102,1768
chr8,12540000,1,0.6413,12550000,15,1210,1969
chr8,12550000,1,0.6383,12560000,5,1160,1869
chr8,12560000,0.915657,0.6275,12570000,19,997,1642
chr8,12570000,0.984813,0.6458,12580000,10,1074,1903
chr8,12580000,0.977033,0.683,12590000,5,1409,2245
chr8,12590000,0.9994,0.6944,12600000,7,1421,2389
chr8,12600000,0.987042,0.6265,12610000,12,997,1706
chr8,12610000,0.984542,0.6608,12620000,13,1297,2120
chr8,12620000,0.948167,0.6392,12630000,175,1228,1751
chr8,12630000,0.99025,0.6583,12640000,2,1196,1832
chr8,12640000,1,0.6483,12650000,4,1184,1816
chr8,12650000,1,0.6174,12660000,7,1026,1655
chr8,12660000,0.94785,0.6452,12670000,5,1060,1771
chr8,12670000,0.97265,0.6381,12680000,255,1243,1944
chr8,12680000,0.9974,0.6666,12690000,6,1352,2102
chr8,12690000,1,0.6887,12700000,21,1412,2308
chr8,12700000,1,0.6596,12710000,6,1204,1953
chr8,12710000,1,0.6267,12720000,5,1006,1464
chr8,12720000,0.98865,0.6845,12730000,62,1390,2356
chr8,12730000,1,0.6282,12740000,8,1138,1668
chr8,12740000,0.982962,0.6422,12750000,13,1214,2067
chr8,12750000,0.991783,0.668,12760000,6,1200,2031
chr8,12760000,0.98485,0.6363,12770000,4,1053,1794
chr8,12770000,0.960683,0.6903,12780000,8,1240,2218
chr8,12780000,0.991167,0.661,12790000,9,1174,1885
chr8,12790000,0.963967,0.708,12800000,18,1311,2315
chr8,12800000,1,0.6178,12810000,13,1022,1607
chr8,12810000,0.99642,0.6384,12820000,96,1275,1815
chr8,12820000,1,0.61,12830000,3,1119,1506
chr8,12830000,0.9938,0.6249,12840000,13,1160,1739
chr8,12840000,0.99715,0.654,12850000,7,1302,2018
chr8,12850000,0.937114,0.6855,12860000,561,1534,2529
chr8,12860000,0.95079,0.6584,12870000,15,1113,1839
chr8,12870000,0.825167,0.605,12880000,200,918,1340
chr8,12880000,0.995667,0.6796,12890000,80,1401,2536
chr8,12890000,1,0.6609,12900000,8,1132,1925
chr8,12900000,0.97315,0.6242,12910000,10,993,1652
chr8,12910000,1,0.6242,12920000,9,1066,1566
chr8,12920000,0.815202,0.6476,12930000,18,835,1417
chr8,12930000,0.521128,0.6357,12940000,14,307,636
chr8,12940000,0.985123,0.6626,12950000,20,1309,2054
chr8,12950000,1,0.6363,12960000,5,1114,1723
chr8,12960000,1,0.6352,12970000,6,1243,1788
chr8,12970000,0.9955,0.6584,12980000,6,1242,2018
chr8,12980000,0.950192,0.6505,12990000,18,1002,1668
chr8,12990000,0.97845,0.6946,13000000,450,1956,2657
chr8,13000000,1,0.7179,13010000,19,1362,2434
chr8,13010000,1,0.6921,13020000,7,1235,1957
chr8,13020000,0.947401,0.6589,13030000,160,1240,2199
chr8,13030000,0.99465,0.6492,13040000,291,1415,1980
chr8,13040000,0.9066,0.6238,13050000,1523,1795,1836
chr8,13050000,0.969588,0.6533,13060000,274,1351,2139
chr8,13060000,0.975716,0.7167,13070000,14,1327,2477
chr8,13070000,0.982335,0.6626,13080000,86,1301,2088
chr8,13080000,0.94335,0.6523,13090000,290,1306,2140
chr8,13090000,0.838208,0.6557,13100000,139,995,1752
chr8,13100000,1,0.6763,13110000,9,1297,2072
chr8,13110000,0.9968,0.6107,13120000,125,1165,1796
chr8,13120000,1,0.6728,13130000,35,1411,2399
chr8,13130000,1,0.6333,13140000,134,1126,1738
chr8,13140000,1,0.6198,13150000,2,1089,1478
chr8,13150000,0.998442,0.6501,13160000,7,1130,1728
chr8,13160000,0.99855,0.6741,13170000,11,1255,2200
chr8,13170000,0.960698,0.6797,13180000,29,1182,2324
chr8,13180000,0.999933,0.7216,13190000,15,1487,2532
chr8,13190000,1,0.6104,13200000,1,845,1405
chr8,13200000,1,0.6466,13210000,2,1271,1979
chr8,13210000,1,0.6767,13220000,3,1272,2223
chr8,13220000,1,0.5959,13230000,5,919,1359
chr8,13230000,1,0.6531,13240000,6,1152,1905
chr8,13240000,0.995,0.6314,13250000,2,1157,1798
chr8,13250000,1,0.5913,13260000,16283,28039,18482
chr8,13260000,0.983333,0.6038,13270000,8153,13960,10043
chr8,13270000,1,0.6689,13280000,33,1309,2032
chr8,13280000,1,0.6478,13290000,2,1254,1879
chr8,13290000,1,0.6323,13300000,2,1166,1739
chr8,13300000,0.69355,0.6175,13310000,2,686,1102
chr8,13310000,0.999,0.6676,13320000,8,1247,2061
chr8,13320000,1,0.6375,13330000,5,1097,1525
chr8,13330000,0.969433,0.6352,13340000,20,1105,1833
chr8,13340000,0.99785,0.6369,13350000,13,1162,1695
chr8,13350000,1,0.6677,13360000,84,1173,2000
chr8,13360000,1,0.6347,13370000,26,1255,1738
chr8,13370000,1,0.6497,13380000,14,1214,1822
chr8,13380000,1,0.635,13390000,30,1129,1730
chr8,13390000,0.818657,0.6489,13400000,19,813,1489
chr8,13400000,0.695527,0.6921,13410000,15,684,1419
chr8,13410000,0.988139,0.627,13420000,98,1235,1698
chr8,13420000,1,0.638,13430000,29,1249,1827
chr8,13430000,1,0.6659,13440000,4,1122,1830
chr8,13440000,0.697086,0.6185,13450000,5,675,1134
chr8,13450000,0.949867,0.6737,13460000,30,1069,2047
chr8,13460000,0.965732,0.643,13470000,45,1190,1817
chr8,13470000,0.9876,0.6832,13480000,38,1254,2089
chr8,13480000,0.570333,0.6329,13490000,2,190,289
chr8,13490000,0.8926,0.663,13500000,51,951,1817
chr8,13500000,1,0.6462,13510000,100,1381,2249
chr8,13510000,0.805063,0.6187,13520000,172,772,1250
chr8,13520000,0.685788,0.6397,13530000,6,452,857
chr8,13530000,0.973147,0.6881,13540000,18,1267,2238
chr8,13540000,1,0.6341,13550000,2,1166,1635
chr8,13550000,0.99935,0.6714,13560000,18,1414,2092
chr8,13560000,1,0.6259,13570000,3,1083,1776
chr8,13570000,1,0.6475,13580000,246,1306,1801
chr8,13580000,1,0.668,13590000,5,1269,2205
chr8,13590000,0.969708,0.6871,13600000,5,1342,2162
chr8,13600000,0.9989,0.6864,13610000,11,1398,2184
chr8,13610000,0.9938,0.6622,13620000,35,1324,2158
chr8,13620000,1,0.6262,13630000,4,1140,1612
chr8,13630000,1,0.6485,13640000,57,1333,1926
chr8,13640000,0.982283,0.5922,13650000,349,1769,1828
chr8,13650000,0.89575,0.6202,13660000,576,1922,1964
chr8,13660000,0.9909,0.6149,13670000,17,1515,1438
chr8,13670000,1,0.6403,13680000,14,1799,1831
chr8,13680000,1,0.6758,13690000,32,1966,2034
chr8,13690000,1,0.6959,13700000,15,2093,2353
chr8,13700000,0.9993,0.6761,13710000,37,1831,2295
chr8,13710000,0.99175,0.6912,13720000,386,2459,2625
chr8,13720000,0.9959,0.6438,13730000,30,1870,1927
chr8,13730000,0.96005,0.6095,13740000,21,1284,1431
chr8,13740000,0.928191,0.64,13750000,15,1427,1762
chr8,13750000,0.9841,0.6341,13760000,2807,4125,2943
chr8,13760000,0.975833,0.6421,13770000,3246,4590,3512
chr8,13770000,0.92686,0.6554,13780000,1,1505,1834
chr8,13780000,0.989767,0.7039,13790000,30,1971,2328
chr8,13790000,0.97992,0.7108,13800000,41,2121,2561
chr8,13800000,1,0.6516,13810000,174,1942,1872
chr8,13810000,1,0.6504,13820000,8,1725,1812
chr8,13820000,1,0.6111,13830000,1,1333,1426
chr8,13830000,1,0.6795,13840000,12,1951,2134
chr8,13840000,1,0.6418,13850000,3,1766,1779
chr8,13850000,1,0.6618,13860000,5,1836,2014
chr8,13860000,0.943958,0.6361,13870000,35,1642,1996
chr8,13870000,0.877793,0.5031,13880000,34,764,943
chr8,13880000,0.992315,0.6672,13890000,65,1897,2068
chr8,13890000,0.894739,0.6246,13900000,143,1387,1767
chr8,13900000,0.983167,0.5959,13910000,254,1712,1920
chr8,13910000,1,0.6505,13920000,7,2047,1847
chr8,13920000,0.91835,0.5989,13930000,26,1295,1407
chr8,13930000,0.984283,0.5515,13940000,221,1380,1513
chr8,13940000,0.821109,0.6108,13950000,14,1125,1244
chr8,13950000,0.837113,0.6093,13960000,1097,2220,2842
chr8,13960000,0.827952,0.5945,13970000,510,1245,1561
chr8,13970000,0.799432,0.5652,13980000,4253,4830,4168
chr8,13980000,0.821883,0.6732,13990000,202,1533,1938
chr8,13990000,0.578883,0.6599,14000000,16,431,620
chr8,14000000,0.919417,0.6666,14010000,63,1550,1682
chr8,14010000,0.644545,0.5911,14020000,2,709,625
chr8,14020000,0.4531,0.6292,14030000,1,169,251
chr8,14030000,0.7253,0.6889,14040000,40,879,1118
chr8,14040000,0.989742,0.6761,14050000,30,2038,2089
chr8,14050000,0.990026,0.6838,14060000,30,1950,2355
chr8,14060000,0.920601,0.6655,14070000,63,1701,2084
chr8,14070000,0.943875,0.6995,14080000,176,2035,2365
chr8,14080000,1,0.663,14090000,5,1899,1530
chr8,14090000,1,0.7104,14100000,2,2225,1522
chr8,14100000,0.981555,0.6902,14110000,45,2079,1444
chr8,14110000,0.9239,0.6377,14120000,7,1544,1106
chr8,14120000,0.9969,0.6335,14130000,2057,3353,3289
chr8,14130000,0.998153,0.6699,14140000,14,1918,1436
chr8,14140000,0.918145,0.6452,14150000,38,1674,1186
chr8,14150000,0.96885,0.6215,14160000,23,1512,998
chr8,14160000,0.97365,0.6356,14170000,31,1609,1163
chr8,14170000,0.874866,0.5945,14180000,2020,2761,2237
chr8,14180000,0.871317,0.6115,14190000,947,2243,1980
chr8,14190000,0.973058,0.6338,14200000,7,1460,1149
chr8,14200000,0.911454,0.6217,14210000,396,1556,1296
chr8,14210000,0.96885,0.6182,14220000,16,1449,980
chr8,14220000,1,0.6994,14230000,20,2122,1575
chr8,14230000,0.9835,0.6781,14240000,5,1938,1387
chr8,14240000,0.965927,0.6535,14250000,9,1640,1259
chr8,14250000,0.869653,0.6456,14260000,17,1323,1275
chr8,14260000,1,0.632,14270000,2,1656,1100
chr8,14270000,0.987296,0.6754,14280000,31,1595,1373
chr8,14280000,1,0.6794,14290000,5,1935,1433
chr8,14290000,1,0.653,14300000,11,1894,1281
chr8,14300000,1,0.6346,14310000,2,1446,996
chr8,14310000,1,0.6074,14320000,9,1535,1063
chr8,14320000,1,0.6345,14330000,4,1800,1166
chr8,14330000,0.99355,0.7005,14340000,11,2015,1573
chr8,14340000,0.918286,0.6538,14350000,73,1575,1346
chr8,14350000,1,0.6427,14360000,6,1775,1173
chr8,14360000,0.98302,0.6349,14370000,9,1549,1034
chr8,14370000,0.746689,0.6368,14380000,154,1374,1057
chr8,14380000,1,0.6295,14390000,6,1647,1073
chr8,14390000,1,0.6151,14400000,6,1585,977
chr8,14400000,1,0.623,14410000,8,1746,1087
chr8,14410000,1,0.6199,14420000,4,1627,1014
chr8,14420000,1,0.6536,14430000,134,1844,1375
chr8,14430000,0.99855,0.6204,14440000,4,1610,1174
chr8,14440000,0.969472,0.6963,14450000,6,1878,1480
chr8,14450000,0.975969,0.6386,14460000,30,1630,1091
chr8,14460000,1,0.6692,14470000,30,1929,1338
chr8,14470000,1,0.6366,14480000,26,1622,1143
chr8,14480000,1,0.6331,14490000,13,1714,1056
chr8,14490000,0.9961,0.6601,14500000,53,1853,1305
chr8,14500000,1,0.6624,14510000,8,1812,1325
chr8,14510000,1,0.645,14520000,8,1763,1301
chr8,14520000,1,0.6347,14530000,25,1655,1077
chr8,14530000,0.997778,0.6874,14540000,61,2003,1662
chr8,14540000,0.9836,0.6332,14550000,38,1647,1020
chr8,14550000,0.961141,0.6409,14560000,85,1604,1171
chr8,14560000,0.992883,0.6261,14570000,17,1563,1104
chr8,14570000,1,0.6504,14580000,61,1914,1441
chr8,14580000,1,0.5989,14590000,9,1439,976
chr8,14590000,1,0.6341,14600000,4,1500,1043
chr8,14600000,1,0.6228,14610000,13,1619,1016
chr8,14610000,1,0.6254,14620000,4,1606,1129
chr8,14620000,1,0.6308,14630000,4,1806,1222
chr8,14630000,1,0.6022,14640000,13,1437,994
chr8,14640000,0.985383,0.6679,14650000,81,1875,1369
chr8,14650000,0.994392,0.6695,14660000,630,1680,1582
chr8,14660000,1,0.6376,14670000,9,1596,1105
chr8,14670000,0.9885,0.6628,14680000,1091,2646,2088
chr8,14680000,1,0.6331,14690000,11,1616,1214
chr8,14690000,1,0.6055,14700000,54,1533,931
chr8,14700000,1,0.6235,14710000,26,1704,1130
chr8,14710000,0.981222,0.6541,14720000,24,1667,1201
chr8,14720000,0.985,0.612,14730000,5,1531,1253
chr8,14730000,0.944256,0.6679,14740000,426,1873,1604
chr8,14740000,0.983043,0.6082,14750000,96,1520,1026
chr8,14750000,1,0.6116,14760000,16,1612,997
chr8,14760000,1,0.6539,14770000,58,1791,1234
chr8,14770000,1,0.6592,14780000,43,1854,1423
chr8,14780000,0.98825,0.6347,14790000,8,1843,1339
chr8,14790000,1,0.6626,14800000,42,1903,1393
chr8,14800000,1,0.6488,14810000,16,1744,1311
chr8,14810000,1,0.6325,14820000,9,1629,1076
chr8,14820000,0.942078,0.6501,14830000,17,1659,1286
chr8,14830000,0.942968,0.6635,14840000,620,1823,1601
chr8,14840000,0.885383,0.6389,14850000,214,1485,1211
chr8,14850000,0.937067,0.6644,14860000,38,1732,1170
chr8,14860000,0.98145,0.6056,14870000,220,1542,1095
chr8,14870000,0.972439,0.6643,14880000,19,1789,1467
chr8,14880000,0.828838,0.5746,14890000,33,1020,842
chr8,14890000,0.992213,0.6382,14900000,36,1731,1246
chr8,14900000,0.978375,0.6959,14910000,26,1905,1487
chr8,14910000,0.97345,0.6351,14920000,110,1658,1236
chr8,14920000,1,0.6358,14930000,25,1716,1134
chr8,14930000,1,0.6414,14940000,2,1788,1186
chr8,14940000,0.925758,0.6618,14950000,3,1696,1176
chr8,14950000,1,0.6482,14960000,3,1757,1283
chr8,14960000,1,0.6078,14970000,3,1530,989
chr8,14970000,0.99225,0.695,14980000,25,2031,1702
chr8,14980000,0.986933,0.6843,14990000,4,1961,1399
chr8,14990000,0.998208,0.6635,15000000,15,1888,1402
chr8,15000000,1,0.6322,15010000,9,1563,1042
chr8,15010000,0.96974,0.6993,15020000,7,1947,1500
chr8,15020000,0.986679,0.6721,15030000,1,1836,1375
chr8,15030000,1,0.6578,15040000,15,1764,1227
chr8,15040000,0.959758,0.6672,15050000,25,1724,1181
chr8,15050000,1,0.6233,15060000,52,1570,1110
chr8,15060000,0.99895,0.653,15070000,9,1693,1103
chr8,15070000,0.99085,0.6299,15080000,11,1664,566
chr8,15080000,1,0.6356,15090000,8,1464,518
chr8,15090000,1,0.6169,15100000,273,1664,668
chr8,15100000,1,0.6381,15110000,859,1794,1124
chr8,15110000,0.738118,0.6542,15120000,24,1065,427
chr8,15120000,0.99865,0.6584,15130000,18,1815,660
chr8,15130000,0.997708,0.6356,15140000,14,1610,556
chr8,15140000,1,0.6506,15150000,128,1784,724
chr8,15150000,0.9988,0.6296,15160000,213,1611,617
chr8,15160000,1,0.664,15170000,54,1887,717
chr8,15170000,1,0.6685,15180000,3,1934,704
chr8,15180000,0.99955,0.6718,15190000,16,1953,704
chr8,15190000,1,0.6428,15200000,1357,2043,1529
chr8,15200000,0.99925,0.6615,15210000,707,2002,1213
chr8,15210000,1,0.6499,15220000,5,1646,579
chr8,15220000,0.997196,0.6369,15230000,9,1641,583
chr8,15230000,1,0.679,15240000,33,1940,660
chr8,15240000,0.942633,0.6419,15250000,6,1638,586
chr8,15250000,1,0.6218,15260000,44,1612,475
chr8,15260000,1,0.6237,15270000,4,1693,527
chr8,15270000,1,0.6237,15280000,4,1630,534
chr8,15280000,0.9985,0.6233,15290000,10,1666,594
chr8,15290000,0.981724,0.6553,15300000,37,1702,660
chr8,15300000,1,0.6451,15310000,3,1783,582
chr8,15310000,1,0.6805,15320000,35,1979,754
chr8,15320000,0.994675,0.649,15330000,364,1968,780
chr8,15330000,0.991028,0.6953,15340000,6,1826,761
chr8,15340000,0.997333,0.7169,15350000,27,2024,894
chr8,15350000,1,0.6223,15360000,1,1587,497
chr8,15360000,1,0.6531,15370000,11,1686,568
chr8,15370000,1,0.6601,15380000,8,1830,578
chr8,15380000,1,0.6612,15390000,1,1832,666
chr8,15390000,0.993817,0.6868,15400000,29,2000,746
chr8,15400000,0.995399,0.6911,15410000,6,2027,728
chr8,15410000,0.961633,0.6516,15420000,30,1743,639
chr8,15420000,1,0.6859,15430000,8,1904,721
chr8,15430000,0.972185,0.6704,15440000,6,1869,650
chr8,15440000,1,0.6172,15450000,4,1624,526
chr8,15450000,1,0.645,15460000,2,1752,596
chr8,15460000,0.997083,0.6745,15470000,53,1858,706
chr8,15470000,0.832767,0.6097,15480000,9,1108,430
chr8,15480000,1,0.627,15490000,2,1464,519
chr8,15490000,1,0.6279,15500000,1,1460,493
chr8,15500000,1,0.6845,15510000,4,1958,704
chr8,15510000,1,0.6883,15520000,12,1903,635
chr8,15520000,0.997877,0.6471,15530000,18,1694,604
chr8,15530000,1,0.6384,15540000,7,1696,568
chr8,15540000,1,0.6801,15550000,2,1826,643
chr8,15550000,1,0.6462,15560000,292,1810,761
chr8,15560000,1,0.6385,15570000,35,1455,510
chr8,15570000,0.982337,0.6527,15580000,6,1853,603
chr8,15580000,1,0.6221,15590000,2,1676,542
chr8,15590000,1,0.6288,15600000,6,1523,557
chr8,15600000,1,0.6678,15610000,5,1827,633
chr8,15610000,1,0.6676,15620000,7,1786,715
chr8,15620000,1,0.6574,15630000,6,1885,679
chr8,15630000,1,0.6162,15640000,3,1583,547
chr8,15640000,1,0.668,15650000,2,1866,705
chr8,15650000,1,0.6611,15660000,1,1781,646
chr8,15660000,0.9834,0.6406,15670000,146,1744,747
chr8,15670000,0.99295,0.6412,15680000,124,1887,701
chr8,15680000,0.9988,0.7024,15690000,16,1976,741
chr8,15690000,0.9019,0.684,15700000,7,1684,612
chr8,15700000,0.9899,0.6315,15710000,6,1655,521
chr8,15710000,0.9792,0.6769,15720000,125,1871,891
chr8,15720000,0.958417,0.6435,15730000,21,1577,579
chr8,15730000,1,0.6114,15740000,1,1612,486
chr8,15740000,0.99905,0.661,15750000,6,1709,642
chr8,15750000,0.992242,0.6766,15760000,8,1718,725
chr8,15760000,1,0.6557,15770000,1,1620,607
chr8,15770000,0.9911,0.6625,15780000,1,1753,584
chr8,15780000,1,0.6571,15790000,2,1852,615
chr8,15790000,1,0.6713,15800000,3,1859,647
chr8,15800000,1,0.6939,15810000,19,1995,856
chr8,15810000,1,0.6386,15820000,3,1795,650
chr8,15820000,1,0.6411,15830000,5,1750,582
chr8,15830000,1,0.6842,15840000,3,1901,711
chr8,15840000,0.966509,0.6675,15850000,141,1777,789
chr8,15850000,1,0.6686,15860000,4,1830,666
chr8,15860000,0.994758,0.6394,15870000,4,1674,523
chr8,15870000,1,0.6049,15880000,5,1545,459
chr8,15880000,0.994883,0.6215,15890000,11,1417,536
chr8,15890000,1,0.5986,15900000,9,1485,505
chr8,15900000,0.9962,0.6415,15910000,10,1774,629
chr8,15910000,1,0.6023,15920000,5,1253,431
chr8,15920000,0.988983,0.6325,15930000,3,1593,612
chr8,15930000,1,0.5926,15940000,1,1377,400
chr8,15940000,0.9943,0.567,15950000,32,1219,407
chr8,15950000,1,0.5957,15960000,2,1367,465
chr8,15960000,0.983,0.6097,15970000,3,1482,484
chr8,15970000,1,0.5979,15980000,2,1546,453
chr8,15980000,1,0.5782,15990000,1,1382,434
chr8,15990000,0.9933,0.6171,16000000,17,1604,544
chr8,16000000,1,0.6112,16010000,4,1601,567
chr8,16010000,1,0.5839,16020000,10,1478,421
chr8,16020000,1,0.6138,16030000,33,1607,544
chr8,16030000,1,0.5958,16040000,16,1403,498
chr8,16040000,1,0.615,16050000,335,1549,662
chr8,16050000,0.985183,0.6621,16060000,226,1899,924
chr8,16060000,0.973242,0.6834,16070000,619,2143,1479
chr8,16070000,0.99835,0.5803,16080000,11,1406,525
chr8,16080000,1,0.621,16090000,9,1257,468
chr8,16090000,1,0.6381,16100000,30,1753,639
chr8,16100000,1,0.6093,16110000,21,1416,485
chr8,16110000,1,0.5799,16120000,4,1398,415
chr8,16120000,1,0.585,16130000,11,1085,407
chr8,16130000,0.9988,0.6209,16140000,11,1724,613
chr8,16140000,1,0.6007,16150000,31,1582,509
chr8,16150000,1,0.6148,16160000,5,1634,560
chr8,16160000,1,0.6132,16170000,3,1631,517
chr8,16170000,0.9978,0.6166,16180000,38,1612,581
chr8,16180000,0.963892,0.6686,16190000,16,1869,706
chr8,16190000,1,0.6177,16200000,11,1653,488
chr8,16200000,1,0.6197,16210000,3,1680,607
chr8,16210000,0.93425,0.6242,16220000,1,1486,568
chr8,16220000,0.992042,0.6283,16230000,23,1716,575
chr8,16230000,0.96822,0.6453,16240000,14,1614,614
chr8,16240000,1,0.6105,16250000,2,1527,501
chr8,16250000,0.8804,0.5883,16260000,0,1028,338
chr8,16260000,0.99075,0.6372,16270000,2,1630,561
chr8,16270000,1,0.607,16280000,6,1425,564
chr8,16280000,1,0.654,16290000,65,1828,610
chr8,16290000,1,0.619,16300000,4,1553,529
chr8,16300000,0.9971,0.655,16310000,15,1836,663
chr8,16310000,0.9966,0.6532,16320000,145,1920,680
chr8,16320000,1,0.6234,16330000,28,1548,533
chr8,16330000,1,0.6091,16340000,4,1647,508
chr8,16340000,1,0.6315,16350000,13,1725,597
chr8,16350000,1,0.6604,16360000,10,1853,655
chr8,16360000,1,0.6409,16370000,15,1774,601
chr8,16370000,1,0.6489,16380000,3,1746,593
chr8,16380000,0.935017,0.6326,16390000,2,1559,608
chr8,16390000,1,0.6055,16400000,14,1434,480
chr8,16400000,0.979033,0.675,16410000,8,1792,694
chr8,16410000,1,0.6366,16420000,4,1674,527
chr8,16420000,1,0.6383,16430000,2,1577,564
chr8,16430000,0.946736,0.6608,16440000,7,1482,584
chr8,16440000,0.852583,0.6336,16450000,7,1237,422
chr8,16450000,0.987067,0.6467,16460000,6,1757,639
chr8,16460000,1,0.6765,16470000,5,1930,736
chr8,16470000,0.573643,0.616,16480000,4,906,275
chr8,16480000,1,0.6147,16490000,10,1511,517
chr8,16490000,1,0.6373,16500000,101,1701,616
chr8,16500000,0.969467,0.6968,16510000,53,1829,827
chr8,16510000,1,0.685,16520000,6,1819,693
chr8,16520000,1,0.7071,16530000,16,1952,737
chr8,16530000,0.993832,0.698,16540000,20,1890,739
chr8,16540000,0.948787,0.6048,16550000,2,1395,493
chr8,16550000,0.969498,0.6601,16560000,5,1741,697
chr8,16560000,0.999567,0.6189,16570000,1,1576,523
chr8,16570000,0.962299,0.6721,16580000,8,1789,644
chr8,16580000,0.9986,0.6281,16590000,80,1719,646
chr8,16590000,0.987528,0.6091,16600000,151,1554,722
chr8,16600000,0.94767,0.5893,16610000,459,1656,835
chr8,16610000,0.99075,0.6166,16620000,21,1464,518
chr8,16620000,0.982,0.6334,16630000,2,1492,550
chr8,16630000,0.901017,0.6387,16640000,88,1251,529
chr8,16640000,1,0.6216,16650000,3,1617,495
chr8,16650000,1,0.6116,16660000,22,1433,454
chr8,16660000,1,0.6229,16670000,14,1615,501
chr8,16670000,1,0.6364,16680000,11,1667,579
chr8,16680000,0.959867,0.6251,16690000,4,1380,481
chr8,16690000,0.967663,0.6531,16700000,2,1670,581
chr8,16700000,0.9965,0.6514,16710000,6,1883,567
chr8,16710000,1,0.6751,16720000,6,1948,669
chr8,16720000,1,0.6371,16730000,5,1709,638
chr8,16730000,0.951467,0.7003,16740000,102,2067,908
chr8,16740000,1,0.6512,16750000,10,1755,614
chr8,16750000,0.99935,0.6683,16760000,4,1902,594
chr8,16760000,0.98715,0.6283,16770000,9,1627,589
chr8,16770000,0.954283,0.6437,16780000,79,1511,587
chr8,16780000,1,0.6391,16790000,17,1733,597
chr8,16790000,1,0.6928,16800000,3,2058,725
chr8,16800000,1,0.6527,16810000,1,1519,515
chr8,16810000,1,0.6241,16820000,2,1370,503
chr8,16820000,0.98855,0.6372,16830000,25,1589,599
chr8,16830000,0.9884,0.6226,16840000,10,1524,539
chr8,16840000,0.881517,0.6326,16850000,3,1476,511
chr8,16850000,0.845048,0.6116,16860000,11,1158,474
chr8,16860000,1,0.6515,16870000,55,1755,683
chr8,16870000,1,0.6165,16880000,2,1626,529
chr8,16880000,0.990357,0.6375,16890000,4,1705,553
chr8,16890000,0.988566,0.6443,16900000,54,1753,656
chr8,16900000,0.99435,0.6643,16910000,60,1933,755
chr8,16910000,1,0.6254,16920000,15,1641,539
chr8,16920000,1,0.6008,16930000,1,1406,454
chr8,16930000,1,0.6069,16940000,1,1499,496
chr8,16940000,1,0.6384,16950000,10,1651,538
chr8,16950000,0.957382,0.6536,16960000,2,1622,602
chr8,16960000,1,0.662,16970000,2,1672,607
chr8,16970000,0.992946,0.6665,16980000,25,1899,756
chr8,16980000,1,0.6653,16990000,247,1903,747
chr8,16990000,0.9969,0.6191,17000000,5,1465,483
chr8,17000000,1,0.6389,17010000,3,1733,562
chr8,17010000,0.958447,0.6986,17020000,5,1916,786
chr8,17020000,1,0.6286,17030000,5,1650,564
chr8,17030000,0.992888,0.6441,17040000,9,1615,628
chr8,17040000,0.97986,0.6734,17050000,86,1952,725
chr8,17050000,1,0.6809,17060000,21,2038,733
chr8,17060000,1,0.6449,17070000,148,1720,683
chr8,17070000,1,0.6655,17080000,6,1863,621
chr8,17080000,0.991937,0.6827,17090000,9,1681,720
chr8,17090000,0.99405,0.6449,17100000,0,1684,511
chr8,17100000,0.918733,0.6334,17110000,2,1289,404
chr8,17110000,0.972251,0.6943,17120000,104,1943,919
chr8,17120000,0.99825,0.6417,17130000,3,1627,588
chr8,17130000,1,0.6247,17140000,8,1522,491
chr8,17140000,0.755588,0.6895,17150000,9,1424,509
chr8,17150000,0.684112,0.6884,17160000,2,1204,460
chr8,17160000,0.9977,0.6714,17170000,107,1961,711
chr8,17170000,0.979907,0.6291,17180000,6,1527,530
chr8,17180000,0.998367,0.6842,17190000,50,1958,806
chr8,17190000,0.9998,0.6732,17200000,100,1996,725
chr8,17200000,1,0.6899,17210000,13,1849,725
chr8,17210000,0.990389,0.6528,17220000,2,1827,677
chr8,17220000,1,0.6249,17230000,2,1526,479
chr8,17230000,1,0.6645,17240000,3,1772,652
chr8,17240000,1,0.6589,17250000,4,1867,637
chr8,17250000,1,0.622,17260000,1,1681,506
chr8,17260000,1,0.602,17270000,3,1534,503
chr8,17270000,1,0.6169,17280000,12,1491,483
chr8,17280000,1,0.6257,17290000,2,1419,458
chr8,17290000,1,0.6428,17300000,12,1625,541
chr8,17300000,1,0.6194,17310000,1,1418,459
chr8,17310000,0.9809,0.6454,17320000,19,1641,591
chr8,17320000,1,0.6384,17330000,40,1821,672
chr8,17330000,1,0.6129,17340000,2,1537,442
chr8,17340000,1,0.6256,17350000,3,1635,561
chr8,17350000,1,0.6218,17360000,7,1572,502
chr8,17360000,0.86601,0.653,17370000,24,1440,649
chr8,17370000,1,0.6954,17380000,20,2130,758
chr8,17380000,0.995167,0.6112,17390000,4,1462,508
chr8,17390000,1,0.6899,17400000,13,1988,776
chr8,17400000,0.995623,0.6123,17410000,7,1581,513
chr8,17410000,0.913708,0.6187,17420000,10,1251,482
chr8,17420000,0.9966,0.641,17430000,3,1532,533
chr8,17430000,0.981591,0.6866,17440000,45,1893,842
chr8,17440000,0.9971,0.7146,17450000,3,2093,829
chr8,17450000,1,0.7035,17460000,14,2138,847
chr8,17460000,1,0.6408,17470000,6,1720,576
chr8,17470000,1,0.6403,17480000,8,1716,587
chr8,17480000,0.99805,0.655,17490000,2,1848,665
chr8,17490000,1,0.6161,17500000,1,1494,490
chr8,17500000,0.7444,0.6189,17510000,1,1025,366
chr8,17510000,0.9979,0.6349,17520000,9,1616,576
chr8,17520000,1,0.6191,17530000,2,1658,544
chr8,17530000,0.99945,0.6658,17540000,9,1861,631
chr8,17540000,0.893753,0.64,17550000,13,1531,533
chr8,17550000,0.98077,0.6929,17560000,11,1922,725
chr8,17560000,0.645213,0.621,17570000,476,1018,612
chr8,17570000,0.210808,0.6392,17580000,0,1,0
chr8,17580000,0.252965,0.6274,17590000,0,25,11
chr8,17590000,0.259958,0.6398,17600000,0,128,40
chr8,17600000,0.306075,0.6412,17610000,0,64,28
chr8,17610000,0.21006,0.6419,17620000,1,0,0
chr8,17620000,0.242388,0.6276,17630000,0,0,1
chr8,17630000,0.251825,0.6393,17640000,0,77,28
chr8,17640000,0.306375,0.6432,17650000,2,52,30
chr8,17650000,0.241822,0.6375,17660000,45,91,70
chr8,17660000,0.69773,0.622,17670000,3,759,266
chr8,17670000,1,0.6469,17680000,97,1759,681
chr8,17680000,1,0.5923,17690000,23,1487,468
chr8,17690000,1,0.6129,17700000,2,1672,518
chr8,17700000,1,0.6334,17710000,2,1737,601
chr8,17710000,1,0.6392,17720000,4,1704,575
chr8,17720000,0.9786,0.6054,17730000,10,1494,481
chr8,17730000,0.9786,0.6175,17740000,7,1542,492
chr8,17740000,1,0.6562,17750000,6,1821,621
chr8,17750000,1,0.6294,17760000,3,1549,562
chr8,17760000,0.959883,0.6393,17770000,7,1678,566
chr8,17770000,0.997366,0.691,17780000,9,2001,816
chr8,17780000,1,0.6097,17790000,6,1527,527
chr8,17790000,0.783148,0.5476,17800000,53,816,397
chr8,17800000,0.98045,0.6454,17810000,6,1697,638
chr8,17810000,0.9949,0.6246,17820000,5,1531,509
chr8,17820000,0.99589,0.7002,17830000,48,1934,758
chr8,17830000,0.976417,0.6757,17840000,7,1719,677
chr8,17840000,0.98615,0.6902,17850000,5,2012,755
chr8,17850000,0.9964,0.6742,17860000,4,1933,660
chr8,17860000,0.996183,0.6734,17870000,106,2030,786
chr8,17870000,0.970167,0.6508,17880000,8,1757,650
chr8,17880000,1,0.6133,17890000,1,1591,514
chr8,17890000,0.97925,0.6633,17900000,2,1832,662
chr8,17900000,1,0.6433,17910000,18,1761,589
chr8,17910000,1,0.6502,17920000,68,1805,625
chr8,17920000,1,0.6484,17930000,8,1739,580
chr8,17930000,0.99055,0.6243,17940000,15,1594,554
chr8,17940000,1,0.6821,17950000,166,2233,837
chr8,17950000,1,0.6657,17960000,10,1785,619
chr8,17960000,1,0.6203,17970000,1,1576,571
chr8,17970000,1,0.6181,17980000,12,1644,545
chr8,17980000,0.993913,0.6557,17990000,6,1781,666
chr8,17990000,0.980803,0.6742,18000000,76,1889,721
chr8,18000000,0.936679,0.6806,18010000,3,1632,689
chr8,18010000,0.964217,0.6717,18020000,18,1726,656
chr8,18020000,0.99245,0.6699,18030000,8,1744,607
chr8,18030000,0.99705,0.639,18040000,7,1645,536
chr8,18040000,1,0.6338,18050000,1,1783,589
chr8,18050000,1,0.6305,18060000,1,1593,517
chr8,18060000,1,0.6357,18070000,1,1180,427
chr8,18070000,1,0.6565,18080000,3,1931,666
chr8,18080000,0.9998,0.6474,18090000,14,1606,607
chr8,18090000,0.986133,0.6495,18100000,15,1680,587
chr8,18100000,0.9998,0.6392,18110000,37,1618,632
chr8,18110000,0.982969,0.6654,18120000,3,1661,632
chr8,18120000,0.980333,0.6886,18130000,23,1989,717
chr8,18130000,1,0.625,18140000,7,1150,535
chr8,18140000,0.980475,0.655,18150000,2,1039,589
chr8,18150000,1,0.6456,18160000,4,1067,592
chr8,18160000,1,0.6442,18170000,5,1056,540
chr8,18170000,1,0.6452,18180000,10,1195,639
chr8,18180000,1,0.666,18190000,26,1338,621
chr8,18190000,1,0.6369,18200000,3,892,455
chr8,18200000,1,0.6529,18210000,4,1134,592
chr8,18210000,1,0.606,18220000,109,1074,486
chr8,18220000,0.723004,0.6344,18230000,2,672,434
chr8,18230000,1,0.6453,18240000,2,1143,597
chr8,18240000,0.978547,0.6756,18250000,27,1137,648
chr8,18250000,0.998767,0.6619,18260000,35,1216,671
chr8,18260000,1,0.6538,18270000,5,1273,647
chr8,18270000,1,0.6118,18280000,3,1071,479
chr8,18280000,1,0.659,18290000,4,1229,627
chr8,18290000,0.936818,0.662,18300000,1,1181,626
chr8,18300000,0.994067,0.6783,18310000,30,1210,749
chr8,18310000,1,0.6445,18320000,1,1089,539
chr8,18320000,0.989408,0.6282,18330000,2,1124,461
chr8,18330000,1,0.6552,18340000,1,1289,668
chr8,18340000,0.9764,0.6411,18350000,0,1052,650
chr8,18350000,1,0.6338,18360000,1,1104,561
chr8,18360000,0.951565,0.6644,18370000,29,1049,636
chr8,18370000,0.981767,0.6725,18380000,3,1209,736
chr8,18380000,1,0.618,18390000,2,1097,560
chr8,18390000,1,0.6497,18400000,3,1146,658
chr8,18400000,0.9992,0.6139,18410000,22,969,588
chr8,18410000,0.99205,0.6357,18420000,13,1021,596
chr8,18420000,0.988233,0.6422,18430000,9,1167,605
chr8,18430000,1,0.6201,18440000,4,1083,505
chr8,18440000,1,0.6356,18450000,3,1201,510
chr8,18450000,1,0.6396,18460000,3,1182,582
chr8,18460000,0.974145,0.6549,18470000,45,1149,650
chr8,18470000,0.960958,0.7008,18480000,15,1254,690
chr8,18480000,1,0.6445,18490000,3,1000,552
chr8,18490000,0.944281,0.6491,18500000,2,1073,606
chr8,18500000,1,0.6365,18510000,0,1142,540
chr8,18510000,1,0.6209,18520000,126,1169,580
chr8,18520000,0.940927,0.6291,18530000,13,883,564
chr8,18530000,0.989717,0.6121,18540000,17,1079,479
chr8,18540000,0.944786,0.6143,18550000,526,1384,1100
chr8,18550000,0.964524,0.6325,18560000,295,1241,878
chr8,18560000,1,0.6371,18570000,12,951,588
chr8,18570000,1,0.6485,18580000,2,652,395
chr8,18580000,0.971938,0.6584,18590000,18,947,534
chr8,18590000,0.958783,0.6603,18600000,1,1131,635
chr8,18600000,1,0.6232,18610000,2,1074,524
chr8,18610000,0.981181,0.6595,18620000,169,1373,796
chr8,18620000,0.724754,0.6234,18630000,74,729,605
chr8,18630000,0.9141,0.5998,18640000,10,758,400
chr8,18640000,0.966367,0.6087,18650000,4,935,469
chr8,18650000,0.9481,0.6319,18660000,6,1013,511
chr8,18660000,1,0.614,18670000,65,782,425
chr8,18670000,1,0.6417,18680000,4,840,459
chr8,18680000,1,0.6046,18690000,2,668,342
chr8,18690000,0.981,0.6545,18700000,7,1226,606
chr8,18700000,1,0.6044,18710000,2,998,400
chr8,18710000,1,0.6256,18720000,11,943,464
chr8,18720000,1,0.6358,18730000,5,818,442
chr8,18730000,1,0.6329,18740000,13,995,531
chr8,18740000,1,0.6456,18750000,1,1173,594
chr8,18750000,1,0.6189,18760000,4,968,519
chr8,18760000,1,0.6223,18770000,0,1021,497
chr8,18770000,1,0.6278,18780000,39,1082,556
chr8,18780000,1,0.6399,18790000,2,1195,589
chr8,18790000,1,0.6757,18800000,3,1312,682
chr8,18800000,1,0.6253,18810000,0,1173,569
chr8,18810000,1,0.6188,18820000,2,1006,433
chr8,18820000,0.98975,0.6241,18830000,1,1018,539
chr8,18830000,0.997595,0.6425,18840000,22,1072,584
chr8,18840000,1,0.6455,18850000,4,1066,542
chr8,18850000,1,0.6306,18860000,13,1096,541
chr8,18860000,0.912583,0.5493,18870000,7,657,379
chr8,18870000,0.9798,0.6275,18880000,24,1097,628
chr8,18880000,1,0.6137,18890000,8,915,478
chr8,18890000,1,0.629,18900000,0,1125,581
chr8,18900000,1,0.5891,18910000,3,871,385
chr8,18910000,0.9977,0.5988,18920000,9,901,450
chr8,18920000,1,0.6411,18930000,126,1191,623
chr8,18930000,0.99955,0.6238,18940000,2,1100,523
chr8,18940000,1,0.6313,18950000,24,1168,547
chr8,18950000,1,0.6215,18960000,5,1046,494
chr8,18960000,0.860517,0.6321,18970000,2,842,481
chr8,18970000,0.986483,0.6447,18980000,3,1050,573
chr8,18980000,1,0.6254,18990000,1,1051,584
chr8,18990000,1,0.6649,19000000,249,1405,745
chr8,19000000,0.999,0.6405,19010000,68,1158,642
chr8,19010000,1,0.6182,19020000,26,1062,510
chr8,19020000,0.9981,0.6649,19030000,3,1289,624
chr8,19030000,1,0.624,19040000,14,1027,540
chr8,19040000,0.98528,0.7202,19050000,14,1515,900
chr8,19050000,1,0.6579,19060000,3,1138,626
chr8,19060000,1,0.6736,19070000,29,1273,736
chr8,19070000,1,0.6559,19080000,3,1226,661
chr8,19080000,0.971717,0.7005,19090000,7,1265,793
chr8,19090000,0.901567,0.6457,19100000,1,869,489
chr8,19100000,0.970442,0.6435,19110000,2,1086,636
chr8,19110000,1,0.6472,19120000,4,1142,572
chr8,19120000,0.986175,0.6588,19130000,10,1151,629
chr8,19130000,1,0.6457,19140000,4,1204,623
chr8,19140000,0.99935,0.6404,19150000,10,1187,591
chr8,19150000,1,0.6435,19160000,5,1130,621
chr8,19160000,1,0.6115,19170000,0,985,486
chr8,19170000,1,0.6319,19180000,1,1123,584
chr8,19180000,0.93677,0.6723,19190000,4,1158,590
chr8,19190000,0.9471,0.6547,19200000,12,1156,616
chr8,19200000,0.9471,0.6593,19210000,3,972,493
chr8,19210000,0.994777,0.6556,19220000,2,1017,569
chr8,19220000,1,0.6376,19230000,1,1181,573
chr8,19230000,1,0.7008,19240000,2,1368,799
chr8,19240000,1,0.6362,19250000,2,1091,533
chr8,19250000,1,0.6867,19260000,4,1343,672
chr8,19260000,1,0.6126,19270000,6,1030,462
chr8,19270000,1,0.6654,19280000,1,1246,657
chr8,19280000,1,0.6442,19290000,2,1107,548
chr8,19290000,1,0.6921,19300000,11,1430,766
chr8,19300000,1,0.6199,19310000,41,988,515
chr8,19310000,1,0.6491,19320000,109,1328,659
chr8,19320000,1,0.6804,19330000,5,1303,728
chr8,19330000,0.9539,0.6508,19340000,4,1058,587
chr8,19340000,1,0.6772,19350000,53,1304,777
chr8,19350000,0.958258,0.6997,19360000,9,1300,713
chr8,19360000,0.99955,0.6792,19370000,407,1737,1157
chr8,19370000,0.954317,0.6694,19380000,5,1106,663
chr8,19380000,0.962417,0.6593,19390000,941,1623,1076
chr8,19390000,0.99645,0.6131,19400000,832,1308,890
chr8,19400000,0.9991,0.6344,19410000,984,1571,1107
chr8,19410000,1,0.6342,19420000,1071,1633,1137
chr8,19420000,1,0.6427,19430000,1220,1773,1247
chr8,19430000,1,0.6033,19440000,875,1538,930
chr8,19440000,0.999,0.6375,19450000,1066,1636,1239
chr8,19450000,0.9991,0.6766,19460000,1251,1790,1404
chr8,19460000,0.839687,0.647,19470000,934,1337,1084
chr8,19470000,1,0.6382,19480000,1073,1634,1159
chr8,19480000,0.978192,0.6841,19490000,1340,1913,1400
chr8,19490000,0.99915,0.7075,19500000,1449,2084,1667
chr8,19500000,0.768022,0.6557,19510000,791,1309,919
chr8,19510000,0.313815,0.609,19520000,0,0,0
chr8,19520000,0.365472,0.609,19530000,15,11,18
chr8,19530000,0.333633,0.6106,19540000,3,2,7
chr8,19540000,0.361832,0.6161,19550000,28,29,45
chr8,19550000,0.507546,0.611,19560000,354,495,355
chr8,19560000,0.59752,0.6081,19570000,328,513,388
chr8,19570000,0.55511,0.6207,19580000,310,455,326
chr8,19580000,0.98775,0.6517,19590000,958,1218,1087
chr8,19590000,1,0.643,19600000,1039,1520,1114
chr8,19600000,0.98075,0.6373,19610000,1141,1643,1125
chr8,19610000,1,0.6453,19620000,1142,1677,1243
chr8,19620000,1,0.6099,19630000,865,1588,978
chr8,19630000,1,0.6136,19640000,977,1597,917
chr8,19640000,1,0.6355,19650000,1058,1709,1176
chr8,19650000,1,0.6977,19660000,1397,1937,1495
chr8,19660000,1,0.6622,19670000,1098,1718,1202
chr8,19670000,1,0.6123,19680000,901,1593,998
chr8,19680000,0.982971,0.6922,19690000,1351,1997,1511
chr8,19690000,0.984751,0.6278,19700000,1190,1839,1210
chr8,19700000,1,0.6579,19710000,1227,1898,1401
chr8,19710000,0.98805,0.6444,19720000,1129,1675,1250
chr8,19720000,1,0.6261,19730000,1004,1710,1124
chr8,19730000,1,0.6267,19740000,1104,1646,1133
chr8,19740000,1,0.6155,19750000,922,1558,984
chr8,19750000,1,0.6203,19760000,968,1604,1102
chr8,19760000,0.987267,0.6324,19770000,1067,1644,1118
chr8,19770000,1,0.6563,19780000,1227,1837,1332
chr8,19780000,0.93635,0.6826,19790000,1311,1852,1375
chr8,19790000,1,0.6389,19800000,1265,1887,1209
chr8,19800000,1,0.6645,19810000,1186,1721,1246
chr8,19810000,1,0.6575,19820000,1231,1832,1406
chr8,19820000,0.995917,0.6065,19830000,974,1662,1082
chr8,19830000,0.9996,0.6599,19840000,1289,1949,1415
chr8,19840000,1,0.6101,19850000,985,1589,1024
chr8,19850000,1,0.6474,19860000,1226,1880,1265
chr8,19860000,0.984575,0.6416,19870000,1155,1663,1276
chr8,19870000,0.98335,0.6388,19880000,1065,1566,1235
chr8,19880000,1,0.6319,19890000,937,1408,1073
chr8,19890000,0.782183,0.6478,19900000,729,1111,869
chr8,19900000,0.945,0.6489,19910000,1105,1643,1137
chr8,19910000,0.984305,0.6629,19920000,1277,1868,1447
chr8,19920000,1,0.6338,19930000,1082,1698,1179
chr8,19930000,0.776777,0.6042,19940000,611,1021,615
chr8,19940000,1,0.6557,19950000,1240,1774,1199
chr8,19950000,1,0.6048,19960000,922,1551,1014
chr8,19960000,1,0.6371,19970000,1138,1781,1145
chr8,19970000,0.986636,0.6602,19980000,1146,1716,1292
chr8,19980000,0.857342,0.6192,19990000,775,1197,966
chr8,19990000,0.9938,0.6382,20000000,1146,1731,1160
chr8,20000000,0.993746,0.6455,20010000,1063,1561,1122
chr8,20010000,0.911319,0.7097,20020000,1212,1710,1473
chr8,20020000,1,0.6522,20030000,1150,1743,1377
chr8,20030000,1,0.6227,20040000,1009,1634,1076
chr8,20040000,0.915183,0.6174,20050000,792,1212,845
chr8,20050000,1,0.6595,20060000,1238,1956,1352
chr8,20060000,0.99955,0.6546,20070000,1206,1837,1333
chr8,20070000,1,0.6148,20080000,966,1552,1010
chr8,20080000,0.962895,0.6841,20090000,1224,1739,1410
chr8,20090000,1,0.6829,20100000,1290,1943,1351
chr8,20100000,0.99545,0.651,20110000,1186,1847,1263
chr8,20110000,1,0.6171,20120000,1026,1741,1175
chr8,20120000,1,0.6161,20130000,887,1450,972
chr8,20130000,0.99575,0.6445,20140000,1227,1666,1292
chr8,20140000,1,0.6174,20150000,976,1615,972
chr8,20150000,0.99505,0.6656,20160000,1298,1849,1395
chr8,20160000,1,0.6474,20170000,1225,1806,1222
chr8,20170000,0.982397,0.6496,20180000,1007,1432,1003
chr8,20180000,1,0.6517,20190000,596,851,713
chr8,20190000,1,0.6108,20200000,960,1641,1107
chr8,20200000,1,0.6289,20210000,1124,1643,1174
chr8,20210000,0.996733,0.6219,20220000,1080,1670,1097
chr8,20220000,1,0.6349,20230000,1085,1793,1201
chr8,20230000,1,0.5919,20240000,887,1485,909
chr8,20240000,1,0.5932,20250000,844,1450,876
chr8,20250000,0.994756,0.6697,20260000,1264,1913,1417
chr8,20260000,0.99975,0.6229,20270000,1035,1708,1099
chr8,20270000,0.96742,0.6356,20280000,1069,1666,1178
chr8,20280000,0.9895,0.6225,20290000,1124,1515,1214
chr8,20290000,0.99995,0.6456,20300000,1171,1725,1239
chr8,20300000,0.986642,0.634,20310000,1033,1628,1169
chr8,20310000,1,0.6089,20320000,957,1546,1034
chr8,20320000,0.954367,0.6379,20330000,1006,1402,1121
chr8,20330000,0.996125,0.6447,20340000,1269,1799,1338
chr8,20340000,1,0.5701,20350000,782,1278,811
chr8,20350000,1,0.5972,20360000,875,1410,922
chr8,20360000,0.990208,0.5784,20370000,776,1288,850
chr8,20370000,0.99722,0.577,20380000,872,1453,836
chr8,20380000,1,0.5747,20390000,916,1445,861
chr8,20390000,1,0.6011,20400000,857,1437,897
chr8,20400000,1,0.5751,20410000,787,1321,757
chr8,20410000,1,0.5787,20420000,728,1315,801
chr8,20420000,1,0.6144,20430000,904,1402,1027
chr8,20430000,0.82225,0.6231,20440000,21962,22733,25801
