chr,start,mappability,gc_content,end,sample_H,sample_I,sample_J
NC_053035.3,0,0.962717,0.54684,300000,21138,20322,20602
NC_053035.3,300000,0.924929,0.546467,600000,22999,22341,21945
NC_053035.3,600000,0.901278,0.55139,900000,32171,31877,30852
NC_053035.3,900000,0.91118,0.547503,1200000,10567,10463,10202
NC_053035.3,1200000,0.946055,0.548403,1500000,3528,3362,3070
NC_053035.3,1500000,0.931233,0.539577,1800000,8082,7943,7627
NC_053035.3,1800000,0.838038,0.54925,2100000,16992,16755,16826
NC_053035.3,2100000,0.951476,0.545,2400000,14822,14893,14309
NC_053035.3,2400000,0.50559,0.542243,2700000,9157,8547,9312
NC_053035.3,2700000,0.918956,0.541873,3000000,12131,11785,11717
NC_053035.3,3000000,0.71705,0.538427,3300000,12527,13507,12946
NC_053035.3,3300000,0.920861,0.530017,3600000,17358,17515,17151
NC_053035.3,3600000,0.932541,0.545077,3900000,18625,18204,18079
NC_053035.3,3900000,0.884165,0.56283,4200000,23060,22925,22297
NC_053035.3,4200000,0.957383,0.54732,4500000,16399,15752,15701
NC_053035.3,4500000,0.939761,0.562203,4800000,13853,13655,13472
NC_053035.3,4800000,0.906476,0.530543,5100000,11939,11496,11482
NC_053035.3,5100000,0.918883,0.554793,5400000,17455,17409,16953
NC_053035.3,5400000,0.926111,0.553007,5700000,15073,14727,14637
NC_053035.3,5700000,0.915288,0.54825,6000000,18358,18869,18398
NC_053035.3,6000000,0.925872,0.54996,6300000,20631,20200,19844
NC_053035.3,6300000,0.876124,0.55462,6600000,21881,21421,20905
NC_053035.3,6600000,0.932602,0.552577,6900000,21886,21584,21625
NC_053035.3,6900000,0.813569,0.548763,7200000,15098,14330,14165
NC_053035.3,7200000,0.893565,0.558383,7500000,17451,16895,16729
NC_053035.3,7500000,0.884975,0.538493,7800000,13787,13136,12834
NC_053035.3,7800000,0.907307,0.552733,8100000,16489,16459,16146
NC_053035.3,8100000,0.8629,0.55213,8400000,13110,12651,12828
NC_053035.3,8400000,0.912578,0.542073,8700000,16094,16300,15909
NC_053035.3,8700000,0.909003,0.552793,9000000,16721,16602,16212
NC_053035.3,9000000,0.88665,0.55103,9300000,5853,5754,5709
NC_053035.3,9300000,0.851171,0.542917,9600000,9216,9293,9110
NC_053035.3,9600000,0.880993,0.552573,9900000,15949,15583,15163
NC_053035.3,9900000,0.895782,0.555753,10200000,16167,16170,17537
NC_053035.3,10200000,0.921277,0.54441,10500000,20172,20037,19698
NC_053035.3,10500000,0.93935,0.533617,10800000,16648,16923,16317
NC_053035.3,10800000,0.919423,0.543697,11100000,17961,17666,17121
NC_053035.3,11100000,0.847489,0.536357,11400000,18097,17184,17313
NC_053035.3,11400000,0.825769,0.552037,11700000,19070,19138,18993
NC_053035.3,11700000,0.908097,0.552147,12000000,21859,21238,21085
NC_053035.3,12000000,0.859141,0.54902,12300000,14625,14202,13919
NC_053035.3,12300000,0.860439,0.564927,12600000,16859,16113,15850
NC_053035.3,12600000,0.497621,0.62239,12900000,8313,8227,8258
NC_053035.3,12900000,0.591343,0.59464,13200000,18650,17845,18802
NC_053035.3,13200000,0.662789,0.451063,13500000,16875,17619,17310
NC_053035.3,13500000,0.745346,0.554327,13800000,5410,5526,5396
NC_053035.3,13800000,0.685832,0.561963,14100000,31766,30385,32193
NC_053035.3,14100000,0.792698,0.558377,14400000,13690,13640,13570
NC_053035.3,14400000,0.940543,0.55402,14700000,13935,14043,13401
NC_053035.3,14700000,0.899762,0.53663,15000000,14941,14418,14924
NC_053035.3,15000000,0.945748,0.54911,15300000,17563,17162,16760
NC_053035.3,15300000,0.932957,0.521483,15600000,16847,16187,16087
NC_053035.3,15600000,0.9241,0.534637,15900000,16734,15671,15808
NC_053035.3,15900000,0.823657,0.554903,16200000,6726,6916,6598
NC_053035.3,16200000,0.686278,0.55188,16500000,6456,6434,6158
NC_053035.3,16500000,0.779776,0.552393,16800000,9798,9623,9264
NC_053035.3,16800000,0.9057,0.55492,17100000,15636,14892,15126
NC_053035.3,17100000,0.763284,0.561297,17400000,19500,19236,19066
NC_053035.3,17400000,0.610982,0.54633,17700000,17582,17560,17122
NC_053035.3,17700000,0.612781,0.574907,18000000,6727,6396,7264
NC_053035.3,18000000,0.479967,0.592183,18300000,2764,2674,3124
NC_053035.3,18300000,0.541688,0.59184,18600000,3669,3340,3854
NC_053035.3,18600000,0.491211,0.590283,18900000,6078,5424,6401
NC_053035.3,18900000,0.813974,0.542663,19200000,8810,8559,8663
NC_053035.3,19200000,0.919486,0.54475,19500000,12317,12236,12024
NC_053035.3,19500000,0.953143,0.549383,19800000,13086,13127,12590
NC_053035.3,19800000,0.905935,0.560457,20100000,10919,10665,10267
NC_053035.3,20100000,0.725918,0.534163,20400000,8859,8569,8673
NC_053035.3,20400000,0.93111,0.56189,20700000,20346,19741,19539
NC_053035.3,20700000,0.917258,0.542427,21000000,14791,14499,14251
NC_053035.3,21000000,0.915311,0.548693,21300000,17030,16402,15947
NC_053035.3,21300000,0.923838,0.56767,21600000,13779,13316,13145
NC_053035.3,21600000,0.863494,0.55143,21900000,7162,7208,7097
NC_053035.3,21900000,0.895748,0.552393,22200000,13450,13056,12960
NC_053035.3,22200000,0.929098,0.55428,22500000,9972,9672,9888
NC_053035.3,22500000,0.906504,0.50692,22800000,11080,10461,10411
NC_053035.3,22800000,0.891506,0.5516,23100000,31097,30647,29981
NC_053035.3,23100000,0.859144,0.533973,23400000,29742,30084,29810
NC_053035.3,23400000,0.944591,0.549627,23700000,18795,18519,18112
NC_053035.3,23700000,0.928184,0.553423,24000000,17360,16907,16772
NC_053035.3,24000000,0.640512,0.592667,24300000,52303,52869,51541
NC_053035.3,24300000,0.877631,0.543973,24600000,21561,21918,21147
NC_053035.3,24600000,0.907228,0.527983,24900000,15942,16090,14986
NC_053035.3,24900000,0.909641,0.55283,25200000,17312,16282,17138
NC_053035.3,25200000,0.871301,0.550857,25500000,13159,13174,13048
NC_053035.3,25500000,0.828929,0.553903,25800000,28985,28038,28374
NC_053035.3,25800000,0.928751,0.544647,26100000,15449,15298,14560
NC_053035.3,26100000,0.810437,0.540153,26400000,12255,12321,12031
NC_053035.3,26400000,0.55927,0.617357,26700000,10092,8033,9261
NC_053035.3,26700000,0.960397,0.545027,27000000,13101,12742,12135
NC_053035.3,27000000,0.945455,0.558867,27300000,17293,16882,17120
NC_053035.3,27300000,0.874453,0.542353,27600000,16919,16685,16408
NC_053035.3,27600000,0.906947,0.527947,27900000,7845,7384,7286
NC_053035.3,27900000,0.919893,0.539,28200000,6904,6713,6708
NC_053035.3,28200000,0.892594,0.531203,28500000,10310,10016,9626
NC_053035.3,28500000,0.901287,0.5489,28800000,19470,19421,18624
NC_053035.3,28800000,0.917196,0.550327,29100000,17858,17505,16981
NC_053035.3,29100000,0.951789,0.539973,29400000,18738,18283,17528
NC_053035.3,29400000,0.924856,0.524577,29700000,17960,17503,17280
NC_053035.3,29700000,0.921061,0.523267,30000000,19863,19939,19198
NC_053035.3,30000000,0.890232,0.537597,30300000,18818,18442,18177
NC_053035.3,30300000,0.915701,0.555933,30600000,20160,20400,20114
NC_053035.3,30600000,0.950037,0.543737,30900000,18529,18644,18269
NC_053035.3,30900000,0.888011,0.539457,31200000,17773,17121,17008
NC_053035.3,31200000,0.891035,0.539693,31500000,27786,27824,27567
NC_053035.3,31500000,0.911041,0.522823,31800000,20748,20432,19591
NC_053035.3,31800000,0.932714,0.563693,32100000,13863,13591,13348
NC_053035.3,32100000,0.853969,0.536347,32400000,13109,12784,13089
NC_053035.3,32400000,0.845133,0.547867,32700000,17524,17615,17273
NC_053035.3,32700000,0.881689,0.52924,33000000,20170,19731,19549
NC_053035.3,33000000,0.871621,0.517987,33300000,16719,16197,16158
NC_053035.3,33300000,0.344451,0.496827,33600000,101847,102867,99350
NC_053035.3,33600000,0.572825,0.49285,33900000,105552,107371,102563
NC_053035.3,33900000,0.858322,0.52799,34200000,79254,81231,78357
NC_053035.3,34200000,0.876017,0.54375,34500000,20277,20124,19740
NC_053035.3,34500000,0.923686,0.533283,34800000,20255,19929,19646
NC_053035.3,34800000,0.88556,0.551413,35100000,19965,19082,19031
NC_053035.3,35100000,0.911041,0.543407,35400000,16223,15433,15244
NC_053035.3,35400000,0.887136,0.549337,35700000,9574,9397,9480
NC_053035.3,35700000,0.904478,0.55525,36000000,12966,12791,12657
NC_053035.3,36000000,0.896664,0.550127,36300000,15010,14682,14656
NC_053035.3,36300000,0.864708,0.53511,36600000,13325,12820,12786
NC_053035.3,36600000,0.883342,0.528973,36900000,5488,5111,5145
NC_053035.3,36900000,0.921828,0.542997,37200000,16516,15525,15495
NC_053035.3,37200000,0.943,0.54008,37500000,17927,16254,16949
NC_053035.3,37500000,0.861051,0.5547,37800000,13325,13031,12843
NC_053035.3,37800000,0.855718,0.54179,38100000,8169,7704,7805
NC_053035.3,38100000,0.916246,0.538287,38400000,15472,15152,15058
NC_053035.3,38400000,0.832136,0.54789,38700000,12846,12734,12671
NC_053035.3,38700000,0.922986,0.566693,39000000,19036,18483,18370
NC_053035.3,39000000,0.899637,0.55059,39300000,22295,21807,21275
NC_053035.3,39300000,0.861137,0.555293,39600000,20643,20113,20230
NC_053035.3,39600000,0.905867,0.54115,39900000,23513,23239,22203
NC_053035.3,39900000,0.816624,0.545823,40200000,18801,19210,18884
NC_053035.3,40200000,0.936353,0.53201,40500000,20766,20316,19803
NC_053035.3,40500000,0.909238,0.525727,40800000,21516,20652,20431
NC_053035.3,40800000,0.891758,0.53144,41100000,14576,14189,14043
NC_053035.3,41100000,0.927926,0.527123,41400000,9556,9554,8996
NC_053035.3,41400000,0.890664,0.53272,41700000,16989,16183,15650
NC_053035.3,41700000,0.834619,0.555093,42000000,16087,16004,16118
NC_053035.3,42000000,0.793469,0.603877,42300000,22973,22386,21798
NC_053035.3,42300000,0.93674,0.534743,42600000,17576,17138,16771
NC_053035.3,42600000,0.866024,0.53852,42900000,16279,16023,15359
NC_053035.3,42900000,0.934868,0.539527,43200000,15539,14435,14103
NC_053035.3,43200000,0.927603,0.505523,43500000,5843,5489,5502
NC_053035.3,43500000,0.905774,0.544123,43800000,5088,5211,5224
NC_053035.3,43800000,0.878117,0.55725,44100000,3927,3799,3790
NC_053035.3,44100000,0.956914,0.524017,44400000,9111,8636,8698
NC_053035.3,44400000,0.908635,0.535957,44700000,18586,17653,17472
NC_053035.3,44700000,0.930842,0.513147,45000000,15965,15374,15069
NC_053035.3,45000000,0.931024,0.54803,45300000,13796,13400,13411
NC_053035.3,45300000,0.879239,0.55409,45600000,16551,16616,16319
NC_053035.3,45600000,0.860343,0.517723,45900000,8372,8200,8125
NC_053035.3,45900000,0.926259,0.537577,46200000,12969,12524,12623
NC_053035.3,46200000,0.922943,0.547857,46500000,13056,12411,12582
NC_053035.3,46500000,0.899287,0.527497,46800000,13079,12464,12463
NC_053035.3,46800000,0.910434,0.536233,47100000,12638,12311,12041
NC_053035.3,47100000,0.859215,0.567713,47400000,9527,9407,9250
NC_053035.3,47400000,0.935132,0.53176,47700000,15939,10533,15442
NC_053035.3,47700000,0.662162,0.55256,48000000,13493,12694,12984
NC_053035.3,48000000,0.859922,0.54273,48300000,21172,20883,20400
NC_053035.3,48300000,0.896625,0.538777,48600000,21082,21085,20572
NC_053035.3,48600000,0.861216,0.535277,48900000,20881,20605,20488
NC_053035.3,48900000,0.887941,0.53457,49200000,22138,22045,21263
NC_053035.3,49200000,0.828983,0.532323,49500000,18741,18767,18161
NC_053035.3,49500000,0.899207,0.54812,49800000,19328,18965,18681
NC_053035.3,49800000,0.883886,0.524943,50100000,17907,17545,17301
NC_053035.3,50100000,0.893312,0.51962,50400000,17647,17191,16747
NC_053035.3,50400000,0.906391,0.526987,50700000,20398,19664,19503
NC_053035.3,50700000,0.884195,0.523853,51000000,21725,20927,20931
NC_053035.3,51000000,0.712517,0.58187,51300000,29080,29254,28080
NC_053035.3,51300000,0.73408,0.564837,51600000,29724,28836,28048
NC_053035.3,51600000,0.858058,0.56014,51900000,16109,16146,16023
NC_053035.3,51900000,0.86148,0.55141,52200000,17417,17204,17236
NC_053035.3,52200000,0.861038,0.54825,52500000,19458,18963,19051
NC_053035.3,52500000,0.937922,0.54789,52800000,8235,7625,7817
NC_053035.3,52800000,0.888172,0.5267,53100000,3957,3844,3721
NC_053035.3,53100000,0.939664,0.540687,53400000,16427,16349,15754
NC_053035.3,53400000,0.835286,0.537837,53700000,22575,21763,21735
NC_053035.3,53700000,0.874644,0.541627,54000000,20408,19978,19592
NC_053035.3,54000000,0.93505,0.523027,54300000,19089,18621,18287
NC_053035.3,54300000,0.94015,0.527503,54600000,21797,20367,20278
NC_053035.3,54600000,0.877199,0.547917,54900000,19812,19446,19266
NC_053035.3,54900000,0.92345,0.552313,55200000,18619,17906,17453
NC_053035.3,55200000,0.934102,0.524127,55500000,20704,20058,19597
NC_053035.3,55500000,0.890738,0.53799,55800000,24012,22987,22948
NC_053035.3,55800000,0.914549,0.533163,56100000,20731,20300,19457
NC_053035.3,56100000,0.873155,0.532213,56400000,22596,22075,21670
NC_053035.3,56400000,0.845432,0.55193,56700000,18766,18358,18089
NC_053035.3,56700000,0.796582,0.544153,57000000,15692,15877,15346
NC_053035.3,57000000,0.902703,0.5255,57300000,18793,18169,17741
NC_053035.3,57300000,0.916409,0.53412,57600000,19512,19128,18927
NC_053035.3,57600000,0.877808,0.53915,57900000,21538,21382,21019
NC_053035.3,57900000,0.757558,0.43312,58200000,13787,13592,12990
NC_053035.3,58200000,0.838965,0.53833,58500000,22399,21909,21401
NC_053035.3,58500000,0.842074,0.549853,58800000,22109,22744,20860
NC_053035.3,58800000,0.930639,0.54462,59100000,19645,18360,18485
NC_053035.3,59100000,0.865324,0.553687,59400000,21421,20471,20220
NC_053035.3,59400000,0.889027,0.527433,59700000,19385,18752,18583
NC_053035.3,59700000,0.885101,0.55928,60000000,19182,18938,18396
NC_053035.3,60000000,0.924704,0.54403,60300000,19672,19026,18792
NC_053035.3,60300000,0.9284,0.529483,60600000,20228,19882,19602
NC_053035.3,60600000,0.915377,0.542487,60900000,21452,20037,19951
NC_053035.3,60900000,0.935417,0.525703,61200000,20450,20106,19373
NC_053035.3,61200000,0.911,0.529167,61500000,19653,19503,19022
NC_053035.3,61500000,0.928859,0.526733,61800000,24264,22133,21854
NC_053035.3,61800000,0.932099,0.524587,62100000,20193,19534,18952
NC_053035.3,62100000,0.886694,0.522923,62400000,17030,16470,16210
NC_053035.3,62400000,0.872069,0.54059,62700000,15563,14838,14696
NC_053035.3,62700000,0.902115,0.532953,63000000,11170,10905,10804
NC_053035.3,63000000,0.9099,0.54502,63300000,13429,13253,12950
NC_053035.3,63300000,0.92197,0.531953,63600000,33875,30184,30597
NC_053035.3,63600000,0.87608,0.541303,63900000,13088,13225,12953
NC_053035.3,63900000,0.872243,0.525853,64200000,13060,12718,12499
NC_053035.3,64200000,0.93787,0.53579,64500000,13783,13278,13395
NC_053035.3,64500000,0.899243,0.540743,64800000,17801,17465,17261
NC_053035.3,64800000,0.907326,0.540233,65100000,15454,15264,14953
NC_053035.3,65100000,0.848481,0.53983,65400000,16518,15789,15865
NC_053035.3,65400000,0.82842,0.538713,65700000,18676,18585,18045
NC_053035.3,65700000,0.921708,0.54307,66000000,20861,19805,19957
NC_053035.3,66000000,0.835112,0.54986,66300000,21269,21029,20573
NC_053035.3,66300000,0.82941,0.526857,66600000,19147,18852,18788
NC_053035.3,66600000,0.867905,0.537803,66900000,19548,19126,18800
NC_053035.3,66900000,0.872859,0.556567,67200000,21063,20887,20365
NC_053035.3,67200000,0.912367,0.533457,67500000,19820,19428,18860
NC_053035.3,67500000,0.740649,0.416157,67800000,19772,21860,21476
NC_053035.3,67800000,0.890849,0.507787,68100000,19073,18776,18429
NC_053035.3,68100000,0.932,0.52526,68400000,20324,19832,19671
NC_053035.3,68400000,0.913518,0.549837,68700000,20475,19515,18896
NC_053035.3,68700000,0.903848,0.535723,69000000,21019,20447,20369
NC_053035.3,69000000,0.947981,0.53425,69300000,21099,20930,20448
NC_053035.3,69300000,0.902183,0.540227,69600000,20492,19896,19764
NC_053035.3,69600000,0.856031,0.545407,69900000,21635,21215,20885
NC_053035.3,69900000,0.861907,0.537143,70200000,19153,18592,18397
NC_053035.3,70200000,0.925666,0.54997,70500000,18130,17959,17763
NC_053035.3,70500000,0.881939,0.530297,70800000,17967,17304,17093
NC_053035.3,70800000,0.878869,0.559803,71100000,14042,13209,12993
NC_053035.3,71100000,0.896499,0.545423,71400000,11600,11199,11035
NC_053035.3,71400000,0.904486,0.537203,71700000,8662,8558,8233
NC_053035.3,71700000,0.897081,0.53408,72000000,12490,12320,12160
NC_053035.3,72000000,0.910789,0.538633,72300000,11215,11057,10889
NC_053035.3,72300000,0.928603,0.542613,72600000,15504,14785,14502
NC_053035.3,72600000,0.888718,0.531153,72900000,15599,14942,14912
NC_053035.3,72900000,0.848234,0.517977,73200000,11132,11074,10831
NC_053035.3,73200000,0.885021,0.551293,73500000,15969,15239,14990
NC_053035.3,73500000,0.901819,0.530307,73800000,13971,13323,13168
NC_053035.3,73800000,0.912573,0.53504,74100000,14514,13703,13825
NC_053035.3,74100000,0.794103,0.534817,74400000,8588,8425,8356
NC_053035.3,74400000,0.889195,0.548603,74700000,13158,12732,12587
NC_053035.3,74700000,0.904911,0.536827,75000000,13252,12969,12610
NC_053035.3,75000000,0.926162,0.52576,75300000,16118,15602,15340
NC_053035.3,75300000,0.904642,0.549273,75600000,16041,15747,15706
NC_053035.3,75600000,0.886357,0.534763,75900000,15805,15094,15064
NC_053035.3,75900000,0.874631,0.526217,76200000,15866,15884,15083
NC_053035.3,76200000,0.908968,0.52766,76500000,14780,14470,13808
NC_053035.3,76500000,0.907583,0.533233,76800000,20043,18952,18696
NC_053035.3,76800000,0.865532,0.53058,77100000,16774,16209,16296
NC_053035.3,77100000,0.907277,0.517773,77400000,15839,15759,15403
NC_053035.3,77400000,0.917205,0.541297,77700000,16640,16013,15855
NC_053035.3,77700000,0.9009,0.521207,78000000,14602,14067,13977
NC_053035.3,78000000,0.867054,0.52111,78300000,12901,12834,12548
NC_053035.3,78300000,0.914867,0.510127,78600000,11313,11187,10778
NC_053035.3,78600000,0.896536,0.52037,78900000,13689,13569,13343
NC_053035.3,78900000,0.873214,0.526623,79200000,14996,14981,14850
NC_053035.3,79200000,0.84639,0.546937,79500000,15477,14926,14929
NC_053035.3,79500000,0.924016,0.536633,79800000,15341,14978,14561
NC_053035.3,79800000,0.865734,0.553637,80100000,14615,14282,14342
NC_053035.3,80100000,0.91673,0.527897,80400000,19812,19162,18546
NC_053035.3,80400000,0.864557,0.54192,80700000,20699,20237,20019
NC_053035.3,80700000,0.903817,0.533503,81000000,18947,17905,17804
NC_053035.3,81000000,0.881858,0.515517,81300000,17303,17465,17041
NC_053035.3,81300000,0.890664,0.522307,81600000,16536,15977,15929
NC_053035.3,81600000,0.901344,0.52652,81900000,18992,18494,18102
NC_053035.3,81900000,0.903227,0.527457,82200000,17842,17780,17288
NC_053035.3,82200000,0.915521,0.521923,82500000,21542,20427,20408
NC_053035.3,82500000,0.949825,0.52945,82800000,18902,18784,18264
NC_053035.3,82800000,0.924739,0.53893,83100000,19321,18438,18014
NC_053035.3,83100000,0.856118,0.537683,83400000,19379,18930,18796
NC_053035.3,83400000,0.917071,0.521237,83700000,19246,18723,18107
NC_053035.3,83700000,0.919168,0.533737,84000000,21667,20750,20199
NC_053035.3,84000000,0.900287,0.549273,84300000,18060,18097,17683
NC_053035.3,84300000,0.917726,0.548013,84600000,18835,17856,17751
NC_053035.3,84600000,0.9207,0.519043,84900000,17526,17119,16734
NC_053035.3,84900000,0.923679,0.51812,85200000,17810,17330,16958
NC_053035.3,85200000,0.833137,0.534433,85500000,19764,19373,18821
NC_053035.3,85500000,0.926572,0.550013,85800000,19453,19181,18886
NC_053035.3,85800000,0.902157,0.523963,86100000,18216,18107,17902
NC_053035.3,86100000,0.907205,0.536093,86400000,21369,21066,20212
NC_053035.3,86400000,0.930973,0.543493,86700000,20023,19465,19306
NC_053035.3,86700000,0.886435,0.544217,87000000,19255,18917,18620
NC_053035.3,87000000,0.881815,0.542317,87300000,21263,20547,20501
NC_053035.3,87300000,0.871716,0.54968,87600000,20558,20467,19764
NC_053035.3,87600000,0.886116,0.54269,87900000,19300,18822,18528
NC_053035.3,87900000,0.946091,0.54541,88200000,18673,18567,18213
NC_053035.3,88200000,0.88191,0.529813,88500000,20198,19480,19191
NC_053035.3,88500000,0.925237,0.54849,88800000,19042,18844,18324
NC_053035.3,88800000,0.937483,0.53527,89100000,17823,17503,17000
NC_053035.3,89100000,0.847413,0.509803,89400000,19542,18915,18282
NC_053035.3,89400000,0.908938,0.538633,89700000,19583,19167,18913
NC_053035.3,89700000,0.885219,0.551553,90000000,20723,20410,20054
NC_053035.3,90000000,0.935754,0.544007,90300000,19492,19345,19057
NC_053035.3,90300000,0.900778,0.51892,90600000,19922,19770,19001
NC_053035.3,90600000,0.845041,0.509613,90900000,20637,19963,19648
NC_053035.3,90900000,0.905945,0.54003,91200000,19708,19363,19087
NC_053035.3,91200000,0.892077,0.537453,91500000,20657,20491,20119
NC_053035.3,91500000,0.89392,0.54426,91800000,20130,19679,19272
NC_053035.3,91800000,0.896976,0.541303,92100000,19316,19132,18800
NC_053035.3,92100000,0.8556,0.537257,92400000,20605,20182,20288
NC_053035.3,92400000,0.903804,0.549827,92700000,19776,19329,19110
NC_053035.3,92700000,0.896669,0.54299,93000000,19329,19209,18941
NC_053035.3,93000000,0.89073,0.536663,93300000,19818,19010,18711
NC_053035.3,93300000,0.908665,0.536363,93600000,18367,17939,17480
NC_053035.3,93600000,0.898101,0.528707,93900000,19600,19015,18658
NC_053035.3,93900000,0.889482,0.546903,94200000,19793,19158,18748
NC_053035.3,94200000,0.87573,0.5316,94500000,19102,18654,18486
NC_053035.3,94500000,0.926296,0.502643,94800000,18838,18502,17818
NC_053035.3,94800000,0.902375,0.51181,95100000,18686,18385,17783
NC_053035.3,95100000,0.872237,0.52927,95400000,20103,19536,19570
NC_053035.3,95400000,0.926913,0.53977,95700000,20295,19330,19051
NC_053035.3,95700000,0.891997,0.53419,96000000,18058,18310,18087
NC_053035.3,96000000,0.831062,0.574737,96300000,16682,15550,15297
NC_053035.3,96300000,0.84757,0.554103,96600000,22150,21008,20659
NC_053035.3,96600000,0.941625,0.554183,96900000,20858,20016,19595
NC_053035.3,96900000,0.893251,0.544073,97200000,21725,20503,20520
NC_053035.3,97200000,0.913757,0.546633,97500000,20037,19695,19206
NC_053035.3,97500000,0.925579,0.510763,97800000,19973,19336,19101
NC_053035.3,97800000,0.914447,0.535377,98100000,19809,19218,18974
NC_053035.3,98100000,0.904848,0.528757,98400000,20683,20121,19880
NC_053035.3,98400000,0.874736,0.554093,98700000,20052,18999,18666
NC_053035.3,98700000,0.939691,0.54745,99000000,19108,18902,18426
NC_053035.3,99000000,0.900449,0.546917,99300000,19850,19084,19022
NC_053035.3,99300000,0.883132,0.535073,99600000,19926,18971,19007
NC_053035.3,99600000,0.912901,0.527273,99900000,19323,18985,18562
NC_053035.3,99900000,0.804407,0.54951,100200000,18632,17748,17781
NC_053035.3,100200000,0.801585,0.59493,100500000,17245,17526,17331
NC_053035.3,100500000,0.901092,0.551903,100800000,20992,20108,19649
NC_053035.3,100800000,0.90701,0.54653,101100000,27483,25430,25360
NC_053035.3,101100000,0.933018,0.525403,101400000,39726,36400,36460
NC_053035.3,101400000,0.924932,0.561183,101700000,19986,19388,19398
NC_053035.3,101700000,0.898638,0.539257,102000000,23281,22094,22000
NC_053035.3,102000000,0.914924,0.55331,102300000,19728,18975,19042
NC_053035.3,102300000,0.945662,0.531953,102600000,19179,18616,18397
NC_053035.3,102600000,0.869832,0.542973,102900000,18732,18343,18398
NC_053035.3,102900000,0.806136,0.572647,103200000,24082,24779,22002
NC_053035.3,103200000,0.955444,0.517847,103500000,19070,19074,18564
NC_053035.3,103500000,0.921265,0.515727,103800000,18351,18056,17594
NC_053035.3,103800000,0.935523,0.53522,104100000,18921,18659,18123
NC_053035.3,104100000,0.927476,0.515407,104400000,19365,19070,18587
NC_053035.3,104400000,0.893769,0.545397,104700000,20302,19636,19280
NC_053035.3,104700000,0.903038,0.530963,105000000,20231,19641,18947
NC_053035.3,105000000,0.936807,0.541967,105300000,19884,19689,19564
NC_053035.3,105300000,0.884092,0.527317,105600000,19716,19088,18515
NC_053035.3,105600000,0.913679,0.527607,105900000,18918,18553,18241
NC_053035.3,105900000,0.851729,0.53204,106200000,18925,18358,18662
NC_053035.3,106200000,0.912606,0.55594,106500000,18906,18207,18201
NC_053035.3,106500000,0.880555,0.529653,106800000,20269,19453,19085
NC_053035.3,106800000,0.92223,0.538603,107100000,19878,18801,18938
NC_053035.3,107100000,0.871404,0.550143,107400000,19553,19393,18879
NC_053035.3,107400000,0.886749,0.547387,107700000,19325,18433,18711
NC_053035.3,107700000,0.924631,0.532133,108000000,20682,19861,19608
NC_053035.3,108000000,0.943285,0.558433,108300000,19158,18699,18900
NC_053035.3,108300000,0.876882,0.525207,108600000,19018,18425,18300
NC_053035.3,108600000,0.936071,0.545703,108900000,19661,18945,18863
NC_053035.3,108900000,0.913005,0.543277,109200000,19835,19510,19219
NC_053035.3,109200000,0.881126,0.518957,109500000,20624,20579,20077
NC_053035.3,109500000,0.866747,0.542733,109800000,19841,19257,19201
NC_053035.3,109800000,0.838061,0.559633,110100000,13727,13476,13242
NC_053035.3,110100000,0.919272,0.52299,110400000,18527,18249,17444
NC_053035.3,110400000,0.929824,0.540563,110700000,19385,18791,18566
NC_053035.3,110700000,0.904403,0.548897,111000000,19896,19460,18876
NC_053035.3,111000000,0.910168,0.5224,111300000,18795,18078,17549
NC_053035.3,111300000,0.905757,0.552947,111600000,19940,19767,19303
NC_053035.3,111600000,0.904408,0.541867,111900000,18291,17754,17439
NC_053035.3,111900000,0.895373,0.552037,112200000,19040,18694,18433
NC_053035.3,112200000,0.880065,0.535537,112500000,19038,18852,18225
NC_053035.3,112500000,0.936637,0.530473,112800000,18364,17844,17655
NC_053035.3,112800000,0.880194,0.534877,113100000,19624,18908,18720
NC_053035.3,113100000,0.883098,0.550127,113400000,21070,20691,20202
NC_053035.3,113400000,0.888372,0.53908,113700000,19113,19013,18403
NC_053035.3,113700000,0.897963,0.500727,114000000,21387,21395,20641
NC_053035.3,114000000,0.87855,0.53378,114300000,20266,19940,19495
NC_053035.3,114300000,0.881432,0.534027,114600000,20925,20103,19804
NC_053035.3,114600000,0.912197,0.522157,114900000,21223,20948,20352
NC_053035.3,114900000,0.902402,0.563653,115200000,22158,21337,21023
NC_053035.3,115200000,0.905423,0.55442,115500000,20786,19963,19628
NC_053035.3,115500000,0.892439,0.534583,115800000,20918,20369,19535
NC_053035.3,115800000,0.904903,0.52323,116100000,22611,22058,21492
NC_053035.3,116100000,0.91194,0.551313,116400000,20494,20092,19884
NC_053035.3,116400000,0.878185,0.555867,116700000,19072,19303,18891
NC_053035.3,116700000,0.877914,0.538963,117000000,21318,20718,20777
NC_053035.3,117000000,0.914545,0.517427,117300000,21410,20945,20331
NC_053035.3,117300000,0.936712,0.53554,117600000,20673,19937,19495
NC_053035.3,117600000,0.845736,0.545877,117900000,21547,20861,20135
NC_053035.3,117900000,0.887383,0.549047,118200000,21835,20638,20270
NC_053035.3,118200000,0.920022,0.548163,118500000,21690,21607,21585
NC_053035.3,118500000,0.914675,0.53088,118800000,21925,21098,20688
NC_053035.3,118800000,0.866632,0.53184,119100000,21617,21356,21018
NC_053035.3,119100000,0.767765,0.573753,119400000,18228,18010,17250
NC_053035.3,119400000,0.929087,0.546757,119700000,19773,18989,18491
NC_053035.3,119700000,0.871083,0.54589,120000000,21797,21054,20738
NC_053035.3,120000000,0.879698,0.52546,120300000,19121,18888,18839
NC_053035.3,120300000,0.911733,0.545627,120600000,26916,27417,24493
NC_053035.3,120600000,0.920143,0.547643,120900000,18887,18656,18144
NC_053035.3,120900000,0.943086,0.538953,121200000,18515,18261,18022
NC_053035.3,121200000,0.932354,0.543733,121500000,18062,17667,17174
NC_053035.3,121500000,0.878312,0.534197,121800000,18516,17963,17932
NC_053035.3,121800000,0.945426,0.527367,122100000,19306,18699,18478
NC_053035.3,122100000,0.901473,0.546757,122400000,17661,17776,17377
NC_053035.3,122400000,0.891429,0.546487,122700000,20222,19869,19175
NC_053035.3,122700000,0.92958,0.546733,123000000,17730,17394,16972
NC_053035.3,123000000,0.904546,0.53698,123300000,21265,20738,20216
NC_053035.3,123300000,0.935594,0.52339,123600000,18265,17977,17529
NC_053035.3,123600000,0.928206,0.507743,123900000,18190,17590,17291
NC_053035.3,123900000,0.902601,0.533217,124200000,17605,17020,16668
NC_053035.3,124200000,0.886467,0.514167,124500000,18818,18344,18214
NC_053035.3,124500000,0.953289,0.535473,124800000,18777,18745,18157
NC_053035.3,124800000,0.935994,0.52521,125100000,18097,17565,17597
NC_053035.3,125100000,0.943597,0.547643,125400000,20036,19321,19222
NC_053035.3,125400000,0.920493,0.54656,125700000,18580,18356,18236
NC_053035.3,125700000,0.948998,0.534213,126000000,20300,19880,19635
NC_053035.3,126000000,0.887458,0.52368,126300000,19776,19343,18661
NC_053035.3,126300000,0.878103,0.556877,126600000,18479,17980,18127
NC_053035.3,126600000,0.849123,0.533183,126900000,18569,18203,17916
NC_053035.3,126900000,0.954701,0.53818,127200000,19081,18958,18557
NC_053035.3,127200000,0.857729,0.539393,127500000,19483,18859,18638
NC_053035.3,127500000,0.949404,0.529657,127800000,20532,20015,19425
NC_053035.3,127800000,0.945865,0.520233,128100000,19930,18944,18833
NC_053035.3,128100000,0.907455,0.516247,128400000,17863,17107,16902
NC_053035.3,128400000,0.876997,0.537803,128700000,19734,19209,19074
NC_053035.3,128700000,0.877671,0.52797,129000000,19337,18565,18182
NC_053035.3,129000000,0.928434,0.526893,129300000,18740,18344,17992
NC_053035.3,129300000,0.927494,0.547173,129600000,20008,19256,19029
NC_053035.3,129600000,0.889154,0.541163,129900000,17862,17502,17437
NC_053035.3,129900000,0.956545,0.52153,130200000,19784,19339,18675
NC_053035.3,130200000,0.914498,0.505127,130500000,19955,19074,18768
NC_053035.3,130500000,0.907706,0.512413,130800000,19800,19428,19153
NC_053035.3,130800000,0.930333,0.52415,131100000,19399,18698,18285
NC_053035.3,131100000,0.884291,0.521823,131400000,17887,17613,17105
NC_053035.3,131400000,0.917928,0.519293,131700000,18383,18221,17693
NC_053035.3,131700000,0.954677,0.533707,132000000,18694,18009,18011
NC_053035.3,132000000,0.899656,0.535813,132300000,18997,18673,18312
NC_053035.3,132300000,0.918619,0.550457,132600000,19704,19561,19015
NC_053035.3,132600000,0.912686,0.532433,132900000,20387,19584,19491
NC_053035.3,132900000,0.898534,0.52675,133200000,19160,18558,18145
NC_053035.3,133200000,0.892135,0.5361,133500000,17886,17655,17154
NC_053035.3,133500000,0.932956,0.532423,133800000,18711,18033,17533
NC_053035.3,133800000,0.889231,0.54197,134100000,20043,19303,19372
NC_053035.3,134100000,0.925407,0.504303,134400000,21301,20592,20095
NC_053035.3,134400000,0.932537,0.502113,134700000,18161,17814,17365
NC_053035.3,134700000,0.93718,0.538433,135000000,18725,17673,17775
NC_053035.3,135000000,0.944719,0.53756,135300000,17791,17261,16860
NC_053035.3,135300000,0.934195,0.538487,135600000,17515,17232,16923
NC_053035.3,135600000,0.946778,0.525703,135900000,19171,18340,18095
NC_053035.3,135900000,0.922913,0.53651,136200000,20759,19973,19565
NC_053035.3,136200000,0.941427,0.54221,136500000,19100,18664,18134
NC_053035.3,136500000,0.914512,0.551637,136800000,19797,19485,19348
NC_053035.3,136800000,0.940206,0.54324,137100000,19023,18453,18428
NC_053035.3,137100000,0.931006,0.540853,137400000,20285,19419,19339
NC_053035.3,137400000,0.93174,0.543347,137700000,20168,19476,19297
NC_053035.3,137700000,0.939162,0.531727,138000000,19137,18762,17811
NC_053035.3,138000000,0.920118,0.538237,138300000,20476,19695,19247
NC_053035.3,138300000,0.82514,0.55209,138600000,23248,22520,21849
NC_053035.3,138600000,0.898036,0.539207,138900000,17983,17338,17110
NC_053035.3,138900000,0.938963,0.524253,139200000,18905,18799,18308
NC_053035.3,139200000,0.907734,0.536227,139500000,16836,16555,16242
NC_053035.3,139500000,0.911691,0.531667,139800000,19663,19182,18884
NC_053035.3,139800000,0.917969,0.530593,140100000,18962,18265,17903
NC_053035.3,140100000,0.924153,0.52298,140400000,21317,20073,20416
NC_053035.3,140400000,0.942885,0.545327,140700000,19770,19237,18941
NC_053035.3,140700000,0.899175,0.533763,141000000,19388,19145,18807
NC_053035.3,141000000,0.905436,0.539463,141300000,18440,17596,17746
NC_053035.3,141300000,0.929156,0.550123,141600000,18897,18731,18322
NC_053035.3,141600000,0.931167,0.555187,141900000,18476,18093,17769
NC_053035.3,141900000,0.924709,0.523333,142200000,19013,18606,18431
NC_053035.3,142200000,0.918817,0.538667,142500000,20082,19635,19261
NC_053035.3,142500000,0.927368,0.549883,142800000,18753,18218,18034
NC_053035.3,142800000,0.926155,0.52585,143100000,17575,17863,17378
NC_053035.3,143100000,0.909116,0.52144,143400000,18040,17811,17723
NC_053035.3,143400000,0.888244,0.53127,143700000,15820,15553,15202
NC_053035.3,143700000,0.893184,0.537367,144000000,16832,16764,16262
NC_053035.3,144000000,0.904475,0.51973,144300000,18339,18031,17697
NC_053035.3,144300000,0.93253,0.528823,144600000,18358,17963,17700
NC_053035.3,144600000,0.963355,0.54288,144900000,18397,17705,17030
NC_053035.3,144900000,0.898284,0.551247,145200000,18701,18208,17764
NC_053035.3,145200000,0.925223,0.54159,145500000,19346,18398,17725
NC_053035.3,145500000,0.896581,0.532423,145800000,16679,16299,16190
NC_053035.3,145800000,0.93536,0.522797,146100000,19113,18621,18200
NC_053035.3,146100000,0.922045,0.51988,146400000,19401,19109,18708
NC_053035.3,146400000,0.919928,0.54029,146700000,18247,17734,17517
NC_053035.3,146700000,0.911156,0.512,147000000,18473,17761,17438
NC_053035.3,147000000,0.928598,0.556203,147300000,19264,18385,18413
NC_053035.3,147300000,0.892694,0.50599,147600000,19757,19121,18723
NC_053035.3,147600000,0.936067,0.5349,147900000,17353,16975,16525
NC_053035.3,147900000,0.968669,0.51325,148200000,18739,18337,17675
NC_053035.3,148200000,0.916361,0.524483,148500000,16059,15820,15454
NC_053035.3,148500000,0.90722,0.524923,148800000,17529,16949,16751
NC_053035.3,148800000,0.931746,0.535257,149100000,19106,18160,18117
NC_053035.3,149100000,0.911387,0.54813,149400000,17150,16908,16932
NC_053035.3,149400000,0.893934,0.530483,149700000,19114,18307,18190
NC_053035.3,149700000,0.895249,0.501013,150000000,18255,18109,17414
NC_053035.3,150000000,0.945286,0.513813,150300000,18996,18438,18168
NC_053035.3,150300000,0.947753,0.527887,150600000,19981,19414,19030
NC_053035.3,150600000,0.914955,0.53616,150900000,16752,16597,16172
NC_053035.3,150900000,0.91464,0.536423,151200000,17699,17421,16976
NC_053035.3,151200000,0.88762,0.5432,151500000,19041,18961,18875
NC_053035.3,151500000,0.922628,0.53206,151800000,19401,18512,18353
NC_053035.3,151800000,0.946321,0.533197,152100000,20457,19695,19915
NC_053035.3,152100000,0.951005,0.539043,152400000,18970,18356,18239
NC_053035.3,152400000,0.929342,0.528637,152700000,20150,19300,19147
NC_053035.3,152700000,0.888855,0.530703,153000000,17079,17106,16704
NC_053035.3,153000000,0.949098,0.505497,153300000,18387,17816,17430
NC_053035.3,153300000,0.97678,0.513937,153600000,18919,18413,18194
NC_053035.3,153600000,0.923295,0.546573,153900000,50063,55173,43870
NC_053035.3,153900000,0.951086,0.530167,154200000,18173,17706,17301
NC_053035.3,154200000,0.890236,0.52158,154500000,19167,18843,18370
NC_053035.3,154500000,0.883963,0.53064,154800000,19319,18815,18800
NC_053035.3,154800000,0.922698,0.51103,155100000,18437,18078,17640
NC_053035.3,155100000,0.939148,0.526643,155400000,20735,20077,19803
NC_053035.3,155400000,0.8929,0.498073,155700000,18854,18416,17959
NC_053035.3,155700000,0.927523,0.498883,156000000,18828,18070,17910
NC_053035.3,156000000,0.965928,0.524487,156300000,17709,17715,17115
NC_053035.3,156300000,0.88229,0.534187,156600000,18390,17279,17154
NC_053035.3,156600000,0.899673,0.552867,156900000,18456,18104,17748
NC_053035.3,156900000,0.921459,0.533543,157200000,16666,16278,16031
NC_053035.3,157200000,0.927746,0.535853,157500000,18083,17630,17225
NC_053035.3,157500000,0.929895,0.541837,157800000,19704,19059,18915
NC_053035.3,157800000,0.92463,0.519247,158100000,20911,20114,19784
NC_053035.3,158100000,0.932547,0.528833,158400000,15984,15981,15377
NC_053035.3,158400000,0.899194,0.53168,158700000,16431,16124,15793
NC_053035.3,158700000,0.923109,0.499647,159000000,18089,17432,17235
NC_053035.3,159000000,0.906791,0.535557,159300000,20149,19501,19317
NC_053035.3,159300000,0.874465,0.517113,159600000,18646,17661,17607
NC_053035.3,159600000,0.883441,0.54214,159900000,20915,20481,20137
NC_053035.3,159900000,0.897978,0.51246,160200000,19710,19312,19119
NC_053035.3,160200000,0.865172,0.525843,160500000,19622,19258,18689
NC_053035.3,160500000,0.931301,0.503853,160800000,20235,19019,18810
NC_053035.3,160800000,0.92453,0.51245,161100000,17326,16967,16624
NC_053035.3,161100000,0.923458,0.517467,161400000,17023,16660,16182
NC_053035.3,161400000,0.941497,0.536153,161700000,19030,18669,18207
NC_053035.3,161700000,0.903998,0.54938,162000000,14051,13653,13412
NC_053035.3,162000000,0.928106,0.540343,162300000,17534,17127,16805
NC_053035.3,162300000,0.910327,0.549627,162600000,18403,18295,17448
NC_053035.3,162600000,0.891441,0.55565,162900000,14976,15032,14649
NC_053035.3,162900000,0.920169,0.535887,163200000,18499,17774,17491
NC_053035.3,163200000,0.902251,0.535797,163500000,15467,15193,14663
NC_053035.3,163500000,0.927124,0.544747,163800000,16665,16084,15465
NC_053035.3,163800000,0.933234,0.56706,164100000,17140,16738,16566
NC_053035.3,164100000,0.843718,0.587023,164400000,13905,13854,13318
NC_053035.3,164400000,0.891549,0.55956,164700000,19273,19269,18871
NC_053035.3,164700000,0.940676,0.539073,165000000,23801,22478,22203
NC_053035.3,165000000,0.930126,0.5368,165300000,16542,15958,15443
NC_053035.3,165300000,0.919397,0.538627,165600000,19170,18289,18484
NC_053035.3,165600000,0.860697,0.549833,165900000,20040,19913,19619
NC_053035.3,165900000,0.815235,0.53201,166200000,17747,18428,17566
NC_053035.3,166200000,0.924758,0.521827,166500000,19237,18718,18421
NC_053035.3,166500000,0.89524,0.537393,166800000,17850,17273,17052
NC_053035.3,166800000,0.961318,0.54182,167100000,19448,18901,18494
NC_053035.3,167100000,0.917771,0.538443,167400000,18514,18249,17540
NC_053035.3,167400000,0.921702,0.54079,167700000,19345,18613,18434
NC_053035.3,167700000,0.922638,0.536387,168000000,20047,19520,19157
NC_053035.3,168000000,0.966099,0.54544,168300000,19471,19049,18842
NC_053035.3,168300000,0.928768,0.537617,168600000,18280,17778,17640
NC_053035.3,168600000,0.91101,0.541437,168900000,20053,19510,18922
NC_053035.3,168900000,0.921907,0.533983,169200000,19034,18524,18166
NC_053035.3,169200000,0.906878,0.544137,169500000,18136,17652,17993
NC_053035.3,169500000,0.954614,0.544137,169800000,19541,18838,18742
NC_053035.3,169800000,0.939746,0.545433,170100000,19393,18664,18508
NC_053035.3,170100000,0.896973,0.507103,170400000,19203,18569,18140
NC_053035.3,170400000,0.961159,0.52905,170700000,19565,18591,18365
NC_053035.3,170700000,0.961206,0.524333,171000000,20413,19613,19488
NC_053035.3,171000000,0.913099,0.534493,171300000,19064,18924,18338
NC_053035.3,171300000,0.875193,0.508243,171600000,7704,7023,6985
NC_053035.3,171600000,0.969918,0.515343,171900000,7416,6980,7105
NC_053035.3,171900000,0.908804,0.506313,172200000,6518,6475,6482
NC_053035.3,172200000,0.939507,0.511407,172500000,20180,19805,19543
NC_053035.3,172500000,0.951535,0.522407,172800000,19397,17921,17796
NC_053035.3,172800000,0.917306,0.51076,173100000,4858,4493,4422
NC_053035.3,173100000,0.925044,0.523267,173400000,16575,16282,15831
NC_053035.3,173400000,0.957818,0.539477,173700000,18072,17534,17589
NC_053035.3,173700000,0.904355,0.528767,174000000,28880,30227,26041
NC_053035.3,174000000,0.929892,0.54036,174300000,18864,18258,18048
NC_053035.3,174300000,0.950218,0.529583,174600000,20268,19358,18996
NC_053035.3,174600000,0.943413,0.54166,174900000,18123,17978,17326
NC_053035.3,174900000,0.914117,0.523193,175200000,14781,14114,13767
NC_053035.3,175200000,0.8896,0.540353,175500000,19168,18111,18149
NC_053035.3,175500000,0.936787,0.53238,175800000,19405,19210,18199
NC_053035.3,175800000,0.971441,0.518623,176100000,18834,18318,17202
NC_053035.3,176100000,0.975693,0.50338,176400000,18683,18285,16800
NC_053035.3,176400000,0.923263,0.52062,176700000,19054,18496,18296
NC_053035.3,176700000,0.897379,0.51831,177000000,17216,16528,16360
NC_053035.3,177000000,0.957457,0.533553,177300000,19140,18513,18066
NC_053035.3,177300000,0.931461,0.547513,177600000,18004,17769,17372
NC_053035.3,177600000,0.942312,0.518257,177900000,18112,18035,17577
NC_053035.3,177900000,0.950463,0.522863,178200000,18602,18290,17883
NC_053035.3,178200000,0.954731,0.520353,178500000,19252,18274,18190
NC_053035.3,178500000,0.886676,0.57142,178800000,4048,3704,3657
NC_053035.3,178800000,0.866556,0.562363,179100000,4182,3622,3677
NC_053035.3,179100000,0.970353,0.537083,179400000,8499,8613,8667
NC_053035.3,179400000,0.865247,0.537703,179700000,19678,19659,19080
NC_053035.3,179700000,0.882524,0.5356,180000000,18514,18769,18424
NC_053035.3,180000000,0.801466,0.568687,180300000,15923,15836,15473
NC_053035.3,180300000,0.695259,0.538973,180600000,14872,15739,14949
NC_053035.3,180600000,0.720001,0.551173,180900000,16394,17361,16804
NC_053035.3,180900000,0.708384,0.546163,181200000,15645,16488,15808
NC_053035.3,181200000,0.689769,0.563497,181500000,14407,16149,15270
NC_053035.3,181500000,0.735728,0.558557,181800000,12232,13330,12638
NC_053035.3,181800000,0.730951,0.552773,182100000,14545,15333,14316
NC_053035.3,182100000,0.728321,0.55666,182400000,5878,6952,6666
NC_053035.3,182400000,0.618512,0.552297,182700000,11288,13745,12666
NC_053035.3,182700000,0.625285,0.54932,183000000,14873,16390,15529
NC_053035.3,183000000,0.735561,0.557523,183300000,17512,18697,17957
NC_053035.3,183300000,0.767883,0.549827,183600000,12358,13248,12830
NC_053035.3,183600000,0.701256,0.571953,183900000,14011,14802,14596
NC_053035.3,183900000,0.655583,0.538507,184200000,16914,19013,18128
NC_053035.3,184200000,0.729938,0.54167,184500000,14299,15606,15103
NC_053035.3,184500000,0.769573,0.554453,184800000,17761,18836,17767
NC_053035.3,184800000,0.893473,0.548747,185100000,19588,19619,19288
NC_053035.3,185100000,0.882879,0.555313,185400000,19448,19188,18530
NC_053035.3,185400000,0.854937,0.547637,185700000,19317,19156,18798
NC_053035.3,185700000,0.845104,0.533343,186000000,18189,19098,18080
NC_053035.3,186000000,0.895246,0.5375,186300000,19399,19174,18805
NC_053035.3,186300000,0.914613,0.545827,186600000,18025,17769,17670
NC_053035.3,186600000,0.935347,0.54627,186900000,18568,18298,17863
NC_053035.3,186900000,0.919631,0.54181,187200000,18985,18594,18328
NC_053035.3,187200000,0.925204,0.558297,187500000,19611,18937,18628
NC_053035.3,187500000,0.940677,0.541807,187800000,18499,17967,17417
NC_053035.3,187800000,0.931602,0.555037,188100000,17370,17037,17176
NC_053035.3,188100000,0.906149,0.546257,188400000,16327,16279,15986
NC_053035.3,188400000,0.945822,0.513553,188700000,19381,18622,18236
NC_053035.3,188700000,0.928249,0.532463,189000000,17258,16707,16629
NC_053035.3,189000000,0.924584,0.555447,189300000,19642,18909,18468
NC_053035.3,189300000,0.937031,0.53408,189600000,18811,18106,18034
NC_053035.3,189600000,0.932487,0.535677,189900000,18814,18188,17817
NC_053035.3,189900000,0.95875,0.544887,190200000,19521,19028,18624
NC_053035.3,190200000,0.87069,0.54759,190500000,17374,16925,16705
NC_053035.3,190500000,0.957574,0.536033,190800000,19053,18303,18074
NC_053035.3,190800000,0.916281,0.539087,191100000,21058,20765,19619
NC_053035.3,191100000,0.937347,0.551607,191400000,20499,19730,19423
NC_053035.3,191400000,0.954624,0.517633,191700000,19303,18227,18126
NC_053035.3,191700000,0.929026,0.531667,192000000,18649,17801,17808
NC_053035.3,192000000,0.869601,0.547983,192300000,17843,17559,17256
NC_053035.3,192300000,0.940971,0.529527,192600000,17572,17190,17093
NC_053035.3,192600000,0.935397,0.535497,192900000,18233,17979,17367
NC_053035.3,192900000,0.924652,0.51875,193200000,21129,20664,20479
NC_053035.3,193200000,0.914659,0.54629,193500000,18460,17870,17430
NC_053035.3,193500000,0.877157,0.53391,193800000,19109,18785,18293
NC_053035.3,193800000,0.894321,0.52596,194100000,17015,16754,16430
NC_053035.3,194100000,0.955142,0.547717,194400000,18870,17817,17960
NC_053035.3,194400000,0.953147,0.526753,194700000,17179,16722,16402
NC_053035.3,194700000,0.963571,0.53641,195000000,20386,19575,19290
NC_053035.3,195000000,0.941179,0.562697,195300000,18065,17656,17446
NC_053035.3,195300000,0.943678,0.53723,195600000,20822,20071,19754
NC_053035.3,195600000,0.890801,0.53287,195900000,16139,15930,15902
NC_053035.3,195900000,0.920692,0.527,196200000,17553,17068,16735
NC_053035.3,196200000,0.928261,0.5489,196500000,21114,20200,19808
NC_053035.3,196500000,0.96886,0.54067,196800000,18393,18109,17879
NC_053035.3,196800000,0.926952,0.522227,197100000,18147,17585,17497
NC_053035.3,197100000,0.962742,0.528607,197400000,17065,16249,15814
NC_053035.3,197400000,0.947028,0.51116,197700000,16269,15754,15470
NC_053035.3,197700000,0.936409,0.522253,198000000,14938,15193,14952
NC_053035.3,198000000,0.938693,0.507877,198300000,18085,17393,17299
NC_053035.3,198300000,0.966594,0.512827,198600000,17486,17336,16706
NC_053035.3,198600000,0.870334,0.536777,198900000,20088,19451,19633
NC_053035.3,198900000,0.928601,0.51911,199200000,19153,19075,18560
NC_053035.3,199200000,0.915753,0.526463,199500000,17660,17411,16838
NC_053035.3,199500000,0.937324,0.519387,199800000,19828,18703,18558
NC_053035.3,199800000,0.915418,0.527373,200100000,19282,18764,18317
NC_053035.3,200100000,0.916131,0.53204,200400000,16067,15995,15859
NC_053035.3,200400000,0.931606,0.503873,200700000,18338,17978,17286
NC_053035.3,200700000,0.952933,0.524337,201000000,19053,18543,18414
NC_053035.3,201000000,0.949394,0.548193,201300000,17060,16584,16330
NC_053035.3,201300000,0.938061,0.509813,201600000,17906,17435,17095
NC_053035.3,201600000,0.969046,0.537027,201900000,19614,18919,18689
NC_053035.3,201900000,0.933001,0.53025,202200000,18366,17606,17119
NC_053035.3,202200000,0.945105,0.551543,202500000,17061,16703,16506
NC_053035.3,202500000,0.894212,0.53382,202800000,13022,12756,12452
NC_053035.3,202800000,0.95811,0.533657,203100000,18112,17885,17364
NC_053035.3,203100000,0.88042,0.53712,203400000,17155,16439,16539
NC_053035.3,203400000,0.941312,0.54775,203700000,16721,16376,16236
NC_053035.3,203700000,0.901901,0.547823,204000000,17304,17388,17162
NC_053035.3,204000000,0.961649,0.537367,204300000,18597,17745,17810
NC_053035.3,204300000,0.909125,0.532247,204600000,18637,18369,17891
NC_053035.3,204600000,0.898119,0.546073,204900000,19878,18995,18679
NC_053035.3,204900000,0.921027,0.544013,205200000,18430,18053,17731
NC_053035.3,205200000,0.929869,0.544557,205500000,18162,17922,17514
NC_053035.3,205500000,0.899482,0.532893,205800000,18395,17524,17171
NC_053035.3,205800000,0.917149,0.518743,206100000,18356,18141,17610
NC_053035.3,206100000,0.914921,0.546063,206400000,18751,18045,17722
NC_053035.3,206400000,0.9093,0.529567,206700000,19862,19591,19068
NC_053035.3,206700000,0.910493,0.54187,207000000,17483,16826,16485
NC_053035.3,207000000,0.946193,0.554017,207300000,17896,17329,17149
NC_053035.3,207300000,0.908379,0.54796,207600000,19539,18815,18851
NC_053035.3,207600000,0.871431,0.52795,207900000,16916,16712,16237
NC_053035.3,207900000,0.894508,0.53276,208200000,19531,19736,19519
NC_053035.3,208200000,0.891821,0.55475,208500000,18297,17621,17411
NC_053035.3,208500000,0.911006,0.55094,208800000,19762,19109,18692
NC_053035.3,208800000,0.937387,0.525393,209100000,18548,18287,17840
NC_053035.3,209100000,0.90255,0.546053,209400000,17774,17298,16923
NC_053035.3,209400000,0.905132,0.54163,209700000,19320,18591,19068
NC_053035.3,209700000,0.914483,0.550037,210000000,19752,19160,19364
NC_053035.3,210000000,0.910221,0.559787,210300000,18135,17655,16812
NC_053035.3,210300000,0.918973,0.543467,210600000,11835,11264,11318
NC_053035.3,210600000,0.94405,0.55169,210900000,18323,17650,17545
NC_053035.3,210900000,0.915934,0.542337,211200000,17840,17466,17218
NC_053035.3,211200000,0.912641,0.53938,211500000,19993,19464,19356
NC_053035.3,211500000,0.922129,0.540907,211800000,20698,19187,19591
NC_053035.3,211800000,0.912211,0.526977,212100000,20479,19861,19703
NC_053035.3,212100000,0.85282,0.544327,212400000,18223,17893,17383
NC_053035.3,212400000,0.954574,0.532203,212700000,17923,17348,17029
NC_053035.3,212700000,0.918348,0.527227,213000000,22106,21063,20824
NC_053035.3,213000000,0.877774,0.53077,213300000,21698,20855,20624
NC_053035.3,213300000,0.92886,0.52878,213600000,19546,19130,18461
NC_053035.3,213600000,0.898155,0.552997,213900000,16850,16270,15753
NC_053035.3,213900000,0.927358,0.533663,214200000,19260,18897,18409
NC_053035.3,214200000,0.913589,0.54272,214500000,20901,20581,20138
NC_053035.3,214500000,0.934439,0.552197,214800000,20797,20259,19983
NC_053035.3,214800000,0.90565,0.521847,215100000,20634,20438,20084
NC_053035.3,215100000,0.946997,0.549587,215400000,20796,20228,19870
NC_053035.3,215400000,0.941993,0.54431,215700000,20532,19876,19769
NC_053035.3,215700000,0.942648,0.532143,216000000,22370,21732,21587
NC_053035.3,216000000,0.926107,0.527213,216300000,21567,20568,20032
NC_053035.3,216300000,0.911437,0.522623,216600000,20484,20339,19665
NC_053035.3,216600000,0.887997,0.53262,216900000,28306,28562,26167
NC_053035.3,216900000,0.901183,0.541737,217200000,26722,24879,24466
NC_053035.3,217200000,0.945106,0.53643,217500000,25196,24605,24052
NC_053035.3,217500000,0.927135,0.5327,217800000,21761,21164,20828
NC_053035.3,217800000,0.955146,0.51105,218100000,22259,21770,21269
NC_053035.3,218100000,0.916284,0.533443,218400000,23421,22100,21839
NC_053035.3,218400000,0.898167,0.53631,218700000,20736,20225,19838
NC_053035.3,218700000,0.892656,0.528243,219000000,22442,21885,21372
NC_053035.3,219000000,0.938732,0.547153,219300000,22185,21248,21035
NC_053035.3,219300000,0.914635,0.502653,219600000,25138,23482,23069
NC_053035.3,219600000,0.929304,0.53111,219900000,19353,19587,19056
NC_053035.3,219900000,0.923962,0.54129,220200000,21810,20836,20620
NC_053035.3,220200000,0.888913,0.5411,220500000,21729,21569,21166
NC_053035.3,220500000,0.946562,0.519547,220800000,24953,23413,22776
NC_053035.3,220800000,0.972733,0.519257,221100000,26615,24309,23866
NC_053035.3,221100000,0.914926,0.501207,221400000,26598,24307,24114
NC_053035.3,221400000,0.973867,0.509497,221700000,24862,23116,22391
NC_053035.3,221700000,0.834428,0.550087,222000000,21268,21159,20286
NC_053035.3,222000000,0.866044,0.553857,222300000,21899,21576,21386
NC_053035.3,222300000,0.876864,0.549323,222600000,20491,19983,19920
NC_053035.3,222600000,0.8686,0.53836,222900000,20280,20324,19759
NC_053035.3,222900000,0.825099,0.537627,223200000,28955,29294,28425
NC_053035.3,223200000,0.948093,0.54324,223500000,20278,19550,19337
NC_053035.3,223500000,0.922855,0.541113,223800000,22350,21460,21309
NC_053035.3,223800000,0.9041,0.527517,224100000,21107,20146,19860
NC_053035.3,224100000,0.954389,0.531463,224400000,19753,19564,19336
NC_053035.3,224400000,0.900706,0.53362,224700000,21655,21029,20425
NC_053035.3,224700000,0.940401,0.54884,225000000,21755,21492,21108
NC_053035.3,225000000,0.918913,0.53516,225300000,27065,25474,24794
NC_053035.3,225300000,0.903469,0.52854,225600000,21783,20768,20810
NC_053035.3,225600000,0.931495,0.537883,225900000,19923,19368,19290
NC_053035.3,225900000,0.958158,0.530343,226200000,21156,20473,20207
NC_053035.3,226200000,0.852822,0.52968,226500000,21875,21142,20956
NC_053035.3,226500000,0.905794,0.536783,226800000,20950,20431,20059
NC_053035.3,226800000,0.922622,0.542137,227100000,21467,20655,20527
NC_053035.3,227100000,0.903467,0.531127,227400000,18096,17448,17012
NC_053035.3,227400000,0.870642,0.53594,227700000,20951,20461,20287
NC_053035.3,227700000,0.904792,0.543263,228000000,19234,19141,18884
NC_053035.3,228000000,0.93734,0.515107,228300000,20075,19595,19341
NC_053035.3,228300000,0.965295,0.536843,228600000,19809,19268,19457
NC_053035.3,228600000,0.907596,0.533317,228900000,19670,19547,19039
NC_053035.3,228900000,0.952577,0.55434,229200000,19596,18793,18738
NC_053035.3,229200000,0.881225,0.53224,229500000,20262,19842,19676
NC_053035.3,229500000,0.949901,0.546957,229800000,20829,20002,20050
NC_053035.3,229800000,0.908467,0.54533,230100000,20724,20303,19994
NC_053035.3,230100000,0.919479,0.510443,230400000,21040,20302,19809
NC_053035.3,230400000,0.89147,0.53712,230700000,20009,19338,19123
NC_053035.3,230700000,0.922387,0.520203,231000000,21761,20995,20676
NC_053035.3,231000000,0.953381,0.530963,231300000,23407,22965,22195
NC_053035.3,231300000,0.941643,0.54635,231600000,21108,20376,20082
NC_053035.3,231600000,0.906149,0.51898,231900000,22747,22041,21660
NC_053035.3,231900000,0.930107,0.52614,232200000,20681,20490,20301
NC_053035.3,232200000,0.867784,0.538813,232500000,21772,21661,21166
NC_053035.3,232500000,0.924956,0.527757,232800000,21077,20597,20232
NC_053035.3,232800000,0.936941,0.52441,233100000,21365,20810,20564
NC_053035.3,233100000,0.909709,0.5188,233400000,22430,21959,21729
NC_053035.3,233400000,0.901609,0.520797,233700000,23315,21797,22622
NC_053035.3,233700000,0.930983,0.543287,234000000,21011,20372,20335
NC_053035.3,234000000,0.893068,0.523873,234300000,16034,15471,15054
NC_053035.3,234300000,0.898202,0.549923,234600000,15761,15296,15239
NC_053035.3,234600000,0.889853,0.538603,234900000,20809,20132,20078
NC_053035.3,234900000,0.953868,0.527583,235200000,20588,20284,20169
NC_053035.3,235200000,0.936785,0.54908,235500000,20143,19691,19302
NC_053035.3,235500000,0.899967,0.50722,235800000,22945,21506,21577
NC_053035.3,235800000,0.927582,0.540853,236100000,20429,19944,19431
NC_053035.3,236100000,0.912864,0.540627,236400000,22615,20575,21783
NC_053035.3,236400000,0.858978,0.502157,236700000,21308,20840,20323
NC_053035.3,236700000,0.894049,0.512337,237000000,21366,20752,20798
NC_053035.3,237000000,0.863682,0.526153,237300000,22067,21454,21293
NC_053035.3,237300000,0.914753,0.536047,237600000,21418,20923,20509
NC_053035.3,237600000,0.890437,0.542117,237900000,20515,20080,19765
NC_053035.3,237900000,0.89244,0.54063,238200000,21844,20936,20618
NC_053035.3,238200000,0.924998,0.537657,238500000,21497,20662,20563
NC_053035.3,238500000,0.861716,0.54308,238800000,21175,20865,20290
NC_053035.3,238800000,0.926107,0.532617,239100000,21593,21129,20362
NC_053035.3,239100000,0.890074,0.533543,239400000,22030,21126,21126
NC_053035.3,239400000,0.919173,0.551977,239700000,20670,19824,19698
NC_053035.3,239700000,0.908477,0.54712,240000000,20315,19516,19870
NC_053035.3,240000000,0.917768,0.53274,240300000,21844,21226,20918
NC_053035.3,240300000,0.89869,0.538577,240600000,21784,20742,20823
NC_053035.3,240600000,0.899193,0.53882,240900000,21260,21256,20384
NC_053035.3,240900000,0.870571,0.52418,241200000,21175,20773,20252
NC_053035.3,241200000,0.929191,0.542493,241500000,20849,20109,19446
NC_053035.3,241500000,0.928184,0.5242,241800000,20283,19755,19515
NC_053035.3,241800000,0.919567,0.514583,242100000,19158,19011,18138
NC_053035.3,242100000,0.895637,0.520923,242400000,20698,20923,20468
NC_053035.3,242400000,0.925955,0.54048,242700000,21411,20894,20479
NC_053035.3,242700000,0.93492,0.544623,243000000,19290,18692,18383
NC_053035.3,243000000,0.927404,0.533283,243300000,20988,20471,20062
NC_053035.3,243300000,0.965912,0.52467,243600000,20320,19760,19208
NC_053035.3,243600000,0.882947,0.547473,243900000,19965,19267,18817
NC_053035.3,243900000,0.919348,0.54899,244200000,19593,18781,18868
NC_053035.3,244200000,0.900835,0.54523,244500000,18173,17513,17228
NC_053035.3,244500000,0.903324,0.53921,244800000,20578,19696,19427
NC_053035.3,244800000,0.908354,0.54641,245100000,20076,19590,18978
NC_053035.3,245100000,0.940065,0.550443,245400000,19087,19235,18553
NC_053035.3,245400000,0.901869,0.55914,245700000,18880,18295,17885
NC_053035.3,245700000,0.903007,0.53231,246000000,19372,18769,18525
NC_053035.3,246000000,0.895961,0.530563,246300000,21502,21047,20522
NC_053035.3,246300000,0.944491,0.540907,246600000,20680,19969,19700
NC_053035.3,246600000,0.921638,0.5157,246900000,20049,19418,19445
NC_053035.3,246900000,0.911392,0.531527,247200000,19095,18009,17867
NC_053035.3,247200000,0.916727,0.533403,247500000,18554,18397,18084
NC_053035.3,247500000,0.944081,0.533557,247800000,20415,20115,19389
NC_053035.3,247800000,0.922484,0.533363,248100000,18592,18226,17889
NC_053035.3,248100000,0.928232,0.52423,248400000,19207,18126,17709
NC_053035.3,248400000,0.908718,0.550867,248700000,18073,17743,17483
NC_053035.3,248700000,0.851536,0.538183,249000000,19451,19042,18769
NC_053035.3,249000000,0.925262,0.529943,249300000,17994,17785,17495
NC_053035.3,249300000,0.909754,0.524563,249600000,18476,17801,17503
NC_053035.3,249600000,0.90853,0.535293,249900000,17829,17482,17319
NC_053035.3,249900000,0.917916,0.528183,250200000,18986,18246,18104
NC_053035.3,250200000,0.921502,0.527073,250500000,20724,20538,19930
NC_053035.3,250500000,0.909681,0.531397,250800000,19403,19040,18294
NC_053035.3,250800000,0.860934,0.544487,251100000,19949,19784,19307
NC_053035.3,251100000,0.887367,0.533413,251400000,19607,18910,18853
NC_053035.3,251400000,0.888305,0.543323,251700000,19202,18677,18483
NC_053035.3,251700000,0.927768,0.526917,252000000,19050,18446,18082
NC_053035.3,252000000,0.914481,0.51806,252300000,20766,20055,19902
NC_053035.3,252300000,0.923665,0.507143,252600000,20200,19351,18907
NC_053035.3,252600000,0.950672,0.52356,252900000,23510,21901,21833
NC_053035.3,252900000,0.849342,0.518,253200000,15057,14931,14512
NC_053035.3,253200000,0.936634,0.531637,253500000,3643,3099,3259
NC_053035.3,253500000,0.922035,0.542297,253800000,7663,7510,7474
NC_053035.3,253800000,0.946822,0.510353,254100000,19562,19123,18603
NC_053035.3,254100000,0.922753,0.51619,254400000,19713,19569,18935
NC_053035.3,254400000,0.911091,0.536737,254700000,16737,16553,16173
NC_053035.3,254700000,0.93935,0.534247,255000000,20663,20488,19557
NC_053035.3,255000000,0.917946,0.54401,255300000,20560,20343,19978
NC_053035.3,255300000,0.904102,0.545707,255600000,19600,19029,18527
NC_053035.3,255600000,0.909423,0.5337,255900000,18544,18690,17864
NC_053035.3,255900000,0.943812,0.514287,256200000,19107,18623,17991
NC_053035.3,256200000,0.950546,0.532677,256500000,19568,19299,19313
NC_053035.3,256500000,0.864404,0.542077,256800000,19935,19237,19327
NC_053035.3,256800000,0.819186,0.530957,257100000,22036,21506,21314
NC_053035.3,257100000,0.898013,0.530863,257400000,20982,20342,19782
NC_053035.3,257400000,0.941695,0.539167,257700000,19390,18683,18495
NC_053035.3,257700000,0.906693,0.552163,258000000,39742,35368,35120
NC_053035.3,258000000,0.969029,0.52657,258300000,109934,92184,93122
NC_053035.3,258300000,0.917108,0.54316,258600000,62586,56943,57022
NC_053035.3,258600000,0.875126,0.543567,258900000,86051,76430,76793
NC_053035.3,258900000,0.895152,0.525017,259200000,49041,42022,42406
NC_053035.3,259200000,0.940749,0.54135,259500000,72365,63391,63510
NC_053035.3,259500000,0.904072,0.551693,259800000,47688,43912,43423
NC_053035.3,259800000,0.924368,0.540273,260100000,41759,37879,38406
NC_053035.3,260100000,0.953006,0.54098,260400000,18852,18526,18262
NC_053035.3,260400000,0.911348,0.534867,260700000,18324,18392,18192
NC_053035.3,260700000,0.869186,0.536587,261000000,19005,18740,18185
NC_053035.3,261000000,0.897826,0.52868,261300000,23755,22822,22288
NC_053035.3,261300000,0.911002,0.540753,261600000,20066,19773,19343
NC_053035.3,261600000,0.888287,0.538543,261900000,18435,18033,17597
NC_053035.3,261900000,0.958935,0.558537,262200000,16733,16287,16205
NC_053035.3,262200000,0.950663,0.54265,262500000,16866,16685,16440
NC_053035.3,262500000,0.906482,0.54703,262800000,17662,17212,16806
NC_053035.3,262800000,0.933558,0.52171,263100000,19859,19629,18734
NC_053035.3,263100000,0.929775,0.528593,263400000,20717,20341,19927
NC_053035.3,263400000,0.937957,0.52357,263700000,20563,20095,19436
NC_053035.3,263700000,0.913017,0.531,264000000,20509,20159,19394
NC_053035.3,264000000,0.917398,0.51755,264300000,18134,17899,17442
NC_053035.3,264300000,0.888139,0.511493,264600000,18161,17664,17215
NC_053035.3,264600000,0.853132,0.55443,264900000,77135,87708,66099
NC_053035.3,264900000,0.958653,0.54185,265200000,21493,21319,20723
NC_053035.3,265200000,0.941084,0.523497,265500000,19607,19422,19005
NC_053035.3,265500000,0.909928,0.50801,265800000,19695,19281,18821
NC_053035.3,265800000,0.923804,0.548307,266100000,19816,19172,18746
NC_053035.3,266100000,0.853453,0.540817,266400000,18806,18447,18244
NC_053035.3,266400000,0.908222,0.544603,266700000,18738,18519,18330
NC_053035.3,266700000,0.958821,0.547503,267000000,19334,19148,18779
NC_053035.3,267000000,0.826606,0.536653,267300000,18484,18476,18263
NC_053035.3,267300000,0.879084,0.55,267600000,19136,18721,18202
NC_053035.3,267600000,0.871094,0.53957,267900000,18952,18843,18455
NC_053035.3,267900000,0.926067,0.527433,268200000,19142,18971,18475
NC_053035.3,268200000,0.910333,0.5345,268500000,19369,18921,18789
NC_053035.3,268500000,0.8983,0.529583,268800000,21357,20433,20517
NC_053035.3,268800000,0.922011,0.548867,269100000,21096,20263,19745
NC_053035.3,269100000,0.924569,0.54735,269400000,20098,19080,19131
NC_053035.3,269400000,0.910149,0.545117,269700000,20465,19871,19544
NC_053035.3,269700000,0.951246,0.53817,270000000,20338,19850,19367
NC_053035.3,270000000,0.947423,0.528073,270300000,18823,18261,18069
NC_053035.3,270300000,0.931851,0.509193,270600000,20704,20345,19833
NC_053035.3,270600000,0.921421,0.5356,270900000,19690,19500,19071
NC_053035.3,270900000,0.926472,0.55612,271200000,18106,17330,17138
NC_053035.3,271200000,0.950769,0.533283,271500000,19583,19143,18568
NC_053035.3,271500000,0.931656,0.52634,271800000,17147,16635,16370
NC_053035.3,271800000,0.873777,0.517873,272100000,18076,17488,17290
NC_053035.3,272100000,0.855484,0.54392,272400000,16323,16118,16011
NC_053035.3,272400000,0.913532,0.53896,272700000,17681,16946,16549
NC_053035.3,272700000,0.866686,0.546457,273000000,14694,14282,13775
NC_053035.3,273000000,0.892138,0.53003,273300000,14300,13839,13548
NC_053035.3,273300000,0.923758,0.541337,273600000,17750,17108,16858
NC_053035.3,273600000,0.924719,0.529653,273900000,14773,14029,14056
NC_053035.3,273900000,0.929522,0.52077,274200000,15156,14053,13866
NC_053035.3,274200000,0.940105,0.532283,274500000,15490,15033,14687
NC_053035.3,274500000,0.922659,0.509583,274800000,16297,15247,14947
NC_053035.3,274800000,0.911325,0.51229,275100000,14369,13938,13575
NC_053035.3,275100000,0.883156,0.525193,275400000,12840,12387,11930
NC_053035.3,275400000,0.899124,0.520813,275700000,12532,12660,12411
NC_053035.3,275700000,0.955191,0.540003,276000000,14978,14791,14269
NC_053035.3,276000000,0.935125,0.55212,276300000,14129,13608,13611
NC_053035.3,276300000,0.947289,0.534473,276600000,13053,12880,12720
NC_053035.3,276600000,0.910329,0.520307,276900000,14685,14288,14152
NC_053035.3,276900000,0.912955,0.504507,277200000,13502,13014,13038
NC_053035.3,277200000,0.903597,0.55446,277500000,17330,16626,16712
NC_053035.3,277500000,0.89352,0.541107,277800000,17644,17433,17052
NC_053035.3,277800000,0.924001,0.534493,278100000,18087,17688,17455
NC_053035.3,278100000,0.904442,0.53483,278400000,17271,16556,16309
NC_053035.3,278400000,0.887043,0.53052,278700000,16216,15909,15593
NC_053035.3,278700000,0.910731,0.54584,279000000,17856,16997,17212
NC_053035.3,279000000,0.888967,0.525833,279300000,16511,16348,16079
NC_053035.3,279300000,0.912015,0.528457,279600000,15549,14938,15126
NC_053035.3,279600000,0.88965,0.541307,279900000,15531,14969,14706
NC_053035.3,279900000,0.902335,0.547257,280200000,29506,27095,27199
NC_053035.3,280200000,0.916209,0.556317,280500000,26292,24350,24623
NC_053035.3,280500000,0.895212,0.512447,280800000,21845,20287,20074
NC_053035.3,280800000,0.953389,0.54233,281100000,37564,33197,33569
NC_053035.3,281100000,0.926486,0.527407,281400000,37268,32688,33088
NC_053035.3,281400000,0.927661,0.544163,281700000,36653,33089,32956
NC_053035.3,281700000,0.93511,0.555657,282000000,65287,58849,59144
NC_053035.3,282000000,0.927713,0.547817,282300000,17160,16853,16491
NC_053035.3,282300000,0.924301,0.53293,282600000,14113,13454,13339
NC_053035.3,282600000,0.574562,0.47274,282900000,38922,39571,36746
NC_053035.3,282900000,0.616806,0.467553,283200000,33255,33123,30898
NC_053035.3,283200000,0.585802,0.462743,283500000,27284,26887,25484
NC_053035.3,283500000,0.515049,0.45697,283800000,26416,26616,24846
NC_053035.3,283800000,0.532342,0.457407,284100000,20779,20764,19517
NC_053035.3,284100000,0.508655,0.46005,284400000,15867,16017,15080
NC_053035.3,284400000,0.417099,0.45081,284700000,18459,18582,17099
NC_053035.3,284700000,0.498827,0.46957,285000000,35643,35079,33037
NC_053035.3,285000000,0.550873,0.466153,285300000,51574,51880,48068
NC_053035.3,285300000,0.840689,0.521987,285600000,20626,21285,19539
NC_053035.3,285600000,0.897371,0.508503,285900000,9719,9417,9475
NC_053035.3,285900000,0.95119,0.52927,286200000,14987,14723,14421
NC_053035.3,286200000,0.837451,0.5387,286500000,15999,15547,15445
NC_053035.3,286500000,0.866022,0.5403,286800000,15513,14988,15003
NC_053035.3,286800000,0.916079,0.534087,287100000,16227,15622,15084
NC_053035.3,287100000,0.957495,0.510887,287400000,16429,15723,15483
NC_053035.3,287400000,0.872924,0.513823,287700000,14515,14394,14026
NC_053035.3,287700000,0.913708,0.530367,288000000,16735,16088,16109
NC_053035.3,288000000,0.907185,0.542463,288300000,18056,17006,16996
NC_053035.3,288300000,0.944933,0.534237,288600000,19438,18346,18042
NC_053035.3,288600000,0.922367,0.519887,288900000,17054,16784,16413
NC_053035.3,288900000,0.847478,0.535,289200000,16180,16010,15510
NC_053035.3,289200000,0.936283,0.542153,289500000,17511,16997,17057
NC_053035.3,289500000,0.964796,0.523223,289800000,16902,16148,15795
NC_053035.3,289800000,0.938404,0.522177,290100000,18646,17965,17993
NC_053035.3,290100000,0.909912,0.523477,290400000,16456,16097,15738
NC_053035.3,290400000,0.894093,0.521843,290700000,16067,15977,15889
NC_053035.3,290700000,0.943314,0.518353,291000000,17352,16786,16552
NC_053035.3,291000000,0.89906,0.555267,291300000,15415,14592,14579
NC_053035.3,291300000,0.887399,0.53921,291600000,17579,16812,17051
NC_053035.3,291600000,0.860743,0.54023,291900000,16154,15947,15770
NC_053035.3,291900000,0.910257,0.533367,292200000,16466,15786,15832
NC_053035.3,292200000,0.919711,0.531083,292500000,17648,17003,16717
NC_053035.3,292500000,0.906311,0.53124,292800000,17924,17296,16806
NC_053035.3,292800000,0.905065,0.533123,293100000,17872,16914,17024
NC_053035.3,293100000,0.913655,0.54573,293400000,15828,15455,15418
NC_053035.3,293400000,0.953575,0.52799,293700000,15463,14663,14710
NC_053035.3,293700000,0.9076,0.537577,294000000,17875,17244,16936
NC_053035.3,294000000,0.901018,0.53552,294300000,15361,14749,14592
NC_053035.3,294300000,0.917024,0.5237,294600000,16946,16075,16381
NC_053035.3,294600000,0.920194,0.552933,294900000,17730,17134,16933
NC_053035.3,294900000,0.93295,0.535813,295200000,17905,17191,17103
NC_053035.3,295200000,0.908709,0.51542,295500000,15945,15525,15384
NC_053035.3,295500000,0.918194,0.51772,295800000,15321,15135,14814
NC_053035.3,295800000,0.919231,0.536397,296100000,16894,16666,16180
NC_053035.3,296100000,0.898344,0.513393,296400000,15569,14817,14832
NC_053035.3,296400000,0.939563,0.54359,296700000,19123,18194,18207
NC_053035.3,296700000,0.897443,0.543343,297000000,18678,18049,17734
NC_053035.3,297000000,0.932526,0.52706,297300000,18575,17876,17780
NC_053035.3,297300000,0.891628,0.531347,297600000,18093,17940,17417
NC_053035.3,297600000,0.830157,0.538007,297900000,15975,15538,15242
NC_053035.3,297900000,0.887027,0.514693,298200000,18065,17405,17056
NC_053035.3,298200000,0.92446,0.510253,298500000,16497,15953,15767
NC_053035.3,298500000,0.939775,0.537637,298800000,17826,17506,17246
NC_053035.3,298800000,0.914267,0.546777,299100000,18823,18154,17883
NC_053035.3,299100000,0.888474,0.535867,299400000,17463,18364,17541
NC_053035.3,299400000,0.961888,0.518463,299700000,17080,16402,15902
NC_053035.3,299700000,0.922199,0.541857,300000000,16198,15919,15982
NC_053035.3,300000000,0.940303,0.539433,300300000,18177,17317,17088
NC_053035.3,300300000,0.930808,0.535183,300600000,20039,19105,18722
NC_053035.3,300600000,0.901512,0.538803,300900000,18526,18315,18124
NC_053035.3,300900000,0.948871,0.522837,301200000,19200,18838,18485
NC_053035.3,301200000,0.87868,0.54195,301500000,15927,15434,15217
NC_053035.3,301500000,0.929705,0.530053,301800000,18657,18108,17707
NC_053035.3,301800000,0.908742,0.541917,302100000,17551,16835,17082
NC_053035.3,302100000,0.931939,0.505967,302400000,15975,15663,15038
NC_053035.3,302400000,0.9468,0.539957,302700000,18287,17640,17620
NC_053035.3,302700000,0.934879,0.548437,303000000,16565,16062,15509
NC_053035.3,303000000,0.95641,0.528307,303300000,18551,18103,17866
NC_053035.3,303300000,0.933739,0.527313,303600000,15400,14956,14744
NC_053035.3,303600000,0.910124,0.517483,303900000,18581,17976,17645
NC_053035.3,303900000,0.911157,0.545603,304200000,18026,17821,17322
NC_053035.3,304200000,0.914582,0.5431,304500000,17006,16378,16173
NC_053035.3,304500000,0.925236,0.54122,304800000,18751,18352,18175
NC_053035.3,304800000,0.892554,0.547137,305100000,18178,17438,17409
NC_053035.3,305100000,0.939093,0.552873,305400000,19939,18776,18849
NC_053035.3,305400000,0.935591,0.556563,305700000,19823,19365,19388
NC_053035.3,305700000,0.877734,0.544603,306000000,20362,19858,19497
NC_053035.3,306000000,0.91266,0.54032,306300000,19119,17860,18320
NC_053035.3,306300000,0.914302,0.52218,306600000,17830,17134,16664
NC_053035.3,306600000,0.940003,0.539713,306900000,19086,18323,18174
NC_053035.3,306900000,0.942663,0.52567,307200000,18519,18360,18107
NC_053035.3,307200000,0.896716,0.549857,307500000,18394,17774,17614
NC_053035.3,307500000,0.905041,0.545907,307800000,18654,17948,17688
NC_053035.3,307800000,0.951094,0.539143,308100000,19258,18690,18351
NC_053035.3,308100000,0.943015,0.541783,308400000,19745,19364,18897
NC_053035.3,308400000,0.869659,0.54564,308700000,20795,20221,19977
NC_053035.3,308700000,0.894394,0.52343,309000000,18892,18746,18419
NC_053035.3,309000000,0.848959,0.537823,309300000,19427,19029,18815
NC_053035.3,309300000,0.943958,0.52588,309600000,20613,20165,19706
NC_053035.3,309600000,0.921819,0.54745,309900000,18607,18179,17606
NC_053035.3,309900000,0.908242,0.558307,310200000,20006,20011,19314
NC_053035.3,310200000,0.894131,0.53379,310500000,20632,20991,19461
NC_053035.3,310500000,0.948317,0.540107,310800000,20510,19810,19619
NC_053035.3,310800000,0.921763,0.54924,311100000,19931,19230,18532
NC_053035.3,311100000,0.937097,0.548997,311400000,19378,18583,18189
NC_053035.3,311400000,0.879335,0.54386,311700000,19449,18795,18579
NC_053035.3,311700000,0.945997,0.54962,312000000,20030,19716,19442
NC_053035.3,312000000,0.928475,0.544657,312300000,19893,19215,19087
NC_053035.3,312300000,0.885756,0.549987,312600000,15815,15582,15494
NC_053035.3,312600000,0.889698,0.536727,312900000,19822,19291,19001
NC_053035.3,312900000,0.945473,0.546827,313200000,21355,20565,20453
NC_053035.3,313200000,0.659753,0.563887,313500000,17166,16750,16202
NC_053035.3,313500000,0.911423,0.52774,313800000,21506,21010,20524
NC_053035.3,313800000,0.885636,0.538427,314100000,21495,20663,20708
NC_053035.3,314100000,0.868072,0.517563,314400000,22004,21996,21629
NC_053035.3,314400000,0.94172,0.537337,314700000,20663,19821,19434
NC_053035.3,314700000,0.878091,0.550677,315000000,19934,20097,19051
NC_053035.3,315000000,0.926927,0.547673,315300000,22965,22149,21836
NC_053035.3,315300000,0.932169,0.54448,315600000,20318,19668,19677
NC_053035.3,315600000,0.919218,0.521483,315900000,20914,20342,19767
NC_053035.3,315900000,0.93498,0.53153,316200000,20474,19698,19244
NC_053035.3,316200000,0.896214,0.53644,316500000,21910,21311,21261
NC_053035.3,316500000,0.927732,0.507297,316800000,22553,21659,21134
NC_053035.3,316800000,0.909541,0.530743,317100000,21521,20847,20759
NC_053035.3,317100000,0.927699,0.52804,317400000,21188,20695,20259
NC_053035.3,317400000,0.942537,0.522263,317700000,20413,19897,19636
NC_053035.3,317700000,0.913232,0.5302,318000000,21898,21037,21135
NC_053035.3,318000000,0.91965,0.51313,318300000,20951,20656,19725
NC_053035.3,318300000,0.936235,0.5466,318600000,20605,20114,20061
NC_053035.3,318600000,0.853966,0.551753,318900000,20155,19728,19337
NC_053035.3,318900000,0.906538,0.521677,319200000,21106,20767,20101
NC_053035.3,319200000,0.875008,0.546753,319500000,22577,21862,21589
NC_053035.3,319500000,0.965331,0.53016,319800000,20982,20068,19957
NC_053035.3,319800000,0.914589,0.554253,320100000,19985,19358,18727
NC_053035.3,320100000,0.962832,0.546383,320400000,19095,18582,18276
NC_053035.3,320400000,0.928772,0.549277,320700000,19353,18929,18718
NC_053035.3,320700000,0.91813,0.516277,321000000,20118,19622,18969
NC_053035.3,321000000,0.953843,0.52759,321300000,19917,19827,18702
NC_053035.3,321300000,0.835618,0.529397,321600000,17773,17151,16887
NC_053035.3,321600000,0.912087,0.54376,321900000,20576,20000,19504
NC_053035.3,321900000,0.950643,0.53186,322200000,21062,20703,20187
NC_053035.3,322200000,0.938238,0.54264,322500000,20876,19920,19782
NC_053035.3,322500000,0.92381,0.530507,322800000,20611,19984,19528
NC_053035.3,322800000,0.930999,0.53544,323100000,22723,22133,21501
NC_053035.3,323100000,0.927213,0.540143,323400000,18410,17959,17784
NC_053035.3,323400000,0.892335,0.536857,323700000,19991,19527,18983
NC_053035.3,323700000,0.911349,0.54849,324000000,19710,19134,19109
NC_053035.3,324000000,0.972111,0.517937,324300000,19399,18865,18534
NC_053035.3,324300000,0.9072,0.518303,324600000,19450,19146,18784
NC_053035.3,324600000,0.87253,0.537743,324900000,19791,19241,18551
NC_053035.3,324900000,0.920038,0.55415,325200000,18301,17813,17714
NC_053035.3,325200000,0.923389,0.53792,325500000,20023,19597,19338
NC_053035.3,325500000,0.909573,0.53134,325800000,19380,19283,18686
NC_053035.3,325800000,0.941435,0.536927,326100000,21199,20475,20285
NC_053035.3,326100000,0.898572,0.53393,326400000,21006,20645,20190
NC_053035.3,326400000,0.897356,0.553267,326700000,20965,20419,20094
NC_053035.3,326700000,0.921828,0.546053,327000000,20935,20791,20128
NC_053035.3,327000000,0.938555,0.503747,327300000,21522,20993,20345
NC_053035.3,327300000,0.908353,0.551067,327600000,20231,19960,19392
NC_053035.3,327600000,0.889328,0.50816,327900000,22917,22277,21690
NC_053035.3,327900000,0.926021,0.532173,328200000,21384,21277,20830
NC_053035.3,328200000,0.90817,0.5248,328500000,24180,23539,23046
NC_053035.3,328500000,0.9137,0.540787,328800000,22103,21363,21299
NC_053035.3,328800000,0.962478,0.54676,329100000,20212,19465,18936
NC_053035.3,329100000,0.897775,0.5472,329400000,19555,19347,19161
NC_053035.3,329400000,0.921274,0.534787,329700000,20366,19932,19503
NC_053035.3,329700000,0.90471,0.529633,330000000,20270,19754,19507
NC_053035.3,330000000,0.86395,0.54066,330300000,19677,19641,19363
NC_053035.3,330300000,0.869458,0.540743,330600000,21823,21028,20598
NC_053035.3,330600000,0.894312,0.53634,330900000,20544,20222,19525
NC_053035.3,330900000,0.92978,0.54123,331200000,19432,18656,18743
NC_053035.3,331200000,0.888995,0.539133,331500000,20007,19918,18985
NC_053035.3,331500000,0.912937,0.531283,331800000,20972,20832,20032
NC_053035.3,331800000,0.90324,0.528627,332100000,21267,20609,20377
NC_053035.3,332100000,0.934412,0.548203,332400000,20083,19481,18956
NC_053035.3,332400000,0.902099,0.53502,332700000,22055,21384,21057
NC_053035.3,332700000,0.8944,0.5236,333000000,19511,18894,18920
NC_053035.3,333000000,0.895165,0.543833,333300000,19803,19367,18787
NC_053035.3,333300000,0.878624,0.53051,333600000,20706,20015,19647
NC_053035.3,333600000,0.926565,0.54311,333900000,20465,19872,19742
NC_053035.3,333900000,0.929156,0.536457,334200000,19262,18483,18513
NC_053035.3,334200000,0.920454,0.526897,334500000,17275,17024,16631
NC_053035.3,334500000,0.941817,0.513,334800000,17499,17288,16749
NC_053035.3,334800000,0.936618,0.52188,335100000,17362,16770,16422
NC_053035.3,335100000,0.926444,0.54018,335400000,20657,19725,19585
NC_053035.3,335400000,0.91768,0.540433,335700000,18922,18155,18016
NC_053035.3,335700000,0.858583,0.54472,336000000,16037,15453,15415
NC_053035.3,336000000,0.924467,0.51705,336300000,19458,18853,18132
NC_053035.3,336300000,0.933486,0.527313,336600000,19206,19124,18942
NC_053035.3,336600000,0.878104,0.534363,336900000,19722,18416,18703
NC_053035.3,336900000,0.849931,0.5157,337200000,14823,14837,14623
NC_053035.3,337200000,0.911783,0.540313,337500000,20162,19248,19351
NC_053035.3,337500000,0.936135,0.536733,337800000,15752,15328,15433
NC_053035.3,337800000,0.91177,0.5548,338100000,21510,20541,20234
NC_053035.3,338100000,0.936784,0.53881,338400000,20745,21066,20739
NC_053035.3,338400000,0.943332,0.535813,338700000,21257,20501,20327
NC_053035.3,338700000,0.865507,0.543283,339000000,15809,15237,15214
NC_053035.3,339000000,0.948286,0.51817,339300000,14920,14254,14197
NC_053035.3,339300000,0.893706,0.533063,339600000,15373,14880,14482
NC_053035.3,339600000,0.897248,0.53181,339900000,17172,16092,16360
NC_053035.3,339900000,0.919927,0.549057,340200000,15778,15339,15232
NC_053035.3,340200000,0.904458,0.531453,340500000,14493,13907,13976
NC_053035.3,340500000,0.907362,0.53665,340800000,13286,12570,12519
NC_053035.3,340800000,0.916882,0.538403,341100000,3690,3295,3244
NC_053035.3,341100000,0.940843,0.540833,341400000,10170,9550,9277
NC_053035.3,341400000,0.921588,0.529823,341700000,10290,9790,9731
NC_053035.3,341700000,0.927771,0.52283,342000000,9910,9439,9408
NC_053035.3,342000000,0.935011,0.549153,342300000,13129,12239,12441
NC_053035.3,342300000,0.853169,0.533897,342600000,10523,10212,10074
NC_053035.3,342600000,0.949,0.545027,342900000,14344,13580,13440
NC_053035.3,342900000,0.918684,0.544257,343200000,20961,19187,18665
NC_053035.3,343200000,0.925641,0.548227,343500000,13709,13131,12869
NC_053035.3,343500000,0.875167,0.547433,343800000,13906,13857,13803
NC_053035.3,343800000,0.912542,0.52931,344100000,18784,18706,17763
NC_053035.3,344100000,0.865696,0.539147,344400000,15024,14470,14318
NC_053035.3,344400000,0.906759,0.547073,344700000,18740,18320,17441
NC_053035.3,344700000,0.934633,0.518393,345000000,20353,19644,19483
NC_053035.3,345000000,0.918021,0.528033,345300000,20542,19740,19229
NC_053035.3,345300000,0.926732,0.5436,345600000,19830,19012,18880
NC_053035.3,345600000,0.884997,0.53675,345900000,21744,21190,20492
NC_053035.3,345900000,0.899447,0.52205,346200000,20712,20153,19826
NC_053035.3,346200000,0.887501,0.508003,346500000,21176,20006,19745
NC_053035.3,346500000,0.86486,0.522097,346800000,19386,19009,18483
NC_053035.3,346800000,0.922911,0.529323,347100000,18378,17882,17708
NC_053035.3,347100000,0.905371,0.535973,347400000,19065,18467,18209
NC_053035.3,347400000,0.886961,0.530937,347700000,18792,18132,17847
NC_053035.3,347700000,0.924636,0.531287,348000000,19636,18939,18808
NC_053035.3,348000000,0.893275,0.53523,348300000,19917,19775,19271
NC_053035.3,348300000,0.927486,0.515247,348600000,17911,17300,17418
NC_053035.3,348600000,0.900256,0.512397,348900000,18328,17782,17182
NC_053035.3,348900000,0.916506,0.51512,349200000,19584,19266,19086
NC_053035.3,349200000,0.898478,0.527067,349500000,17675,17235,16903
NC_053035.3,349500000,0.954339,0.523277,349800000,19144,18627,18233
NC_053035.3,349800000,0.896746,0.53089,350100000,18964,18391,17987
NC_053035.3,350100000,0.947513,0.529717,350400000,20352,19867,19461
NC_053035.3,350400000,0.900262,0.545067,350700000,20934,20469,20174
NC_053035.3,350700000,0.924821,0.540283,351000000,20120,19645,18958
NC_053035.3,351000000,0.954109,0.54827,351300000,20990,20007,19988
NC_053035.3,351300000,0.942679,0.52415,351600000,20014,19328,19121
NC_053035.3,351600000,0.924258,0.53533,351900000,19976,19146,18935
NC_053035.3,351900000,0.899141,0.547893,352200000,19403,18504,18708
NC_053035.3,352200000,0.871707,0.542433,352500000,20691,20374,20358
NC_053035.3,352500000,0.902971,0.537067,352800000,20354,19946,19589
NC_053035.3,352800000,0.906894,0.53155,353100000,18324,18045,17517
NC_053035.3,353100000,0.901864,0.53524,353400000,15546,15166,15201
NC_053035.3,353400000,0.941461,0.534627,353700000,21462,20599,20230
NC_053035.3,353700000,0.931755,0.530543,354000000,20419,19512,19334
NC_053035.3,354000000,0.858527,0.504817,354300000,18707,18487,18364
NC_053035.3,354300000,0.966495,0.527233,354600000,20001,19550,18795
NC_053035.3,354600000,0.908189,0.529773,354900000,20533,20031,19391
NC_053035.3,354900000,0.873342,0.507827,355200000,21147,20484,20259
NC_053035.3,355200000,0.887684,0.520193,355500000,22006,21811,21082
NC_053035.3,355500000,0.919538,0.525623,355800000,20617,20579,19711
NC_053035.3,355800000,0.918928,0.526693,356100000,20302,19691,19208
NC_053035.3,356100000,0.912217,0.556477,356400000,23725,23528,22892
NC_053035.3,356400000,0.908354,0.511823,356700000,19438,19111,18647
NC_053035.3,356700000,0.923053,0.5407,357000000,21452,20437,20600
NC_053035.3,357000000,0.879721,0.564083,357300000,19493,19115,18884
NC_053035.3,357300000,0.938369,0.531707,357600000,19431,19359,18468
NC_053035.3,357600000,0.874945,0.54381,357900000,17269,17172,17010
NC_053035.3,357900000,0.949736,0.54211,358200000,17785,17169,16962
NC_053035.3,358200000,0.940576,0.527387,358500000,20798,20146,19608
NC_053035.3,358500000,0.888795,0.538027,358800000,18615,18448,17710
NC_053035.3,358800000,0.935845,0.519373,359100000,18946,18360,18191
NC_053035.3,359100000,0.83882,0.522923,359400000,20165,19114,18747
NC_053035.3,359400000,0.931886,0.539923,359700000,20827,19977,19491
NC_053035.3,359700000,0.904125,0.547077,360000000,20999,20230,20078
NC_053035.3,360000000,0.88456,0.514927,360300000,20167,19518,19269
NC_053035.3,360300000,0.932544,0.539707,360600000,21365,20595,20413
NC_053035.3,360600000,0.883903,0.551357,360900000,17405,16994,17054
NC_053035.3,360900000,0.902584,0.540773,361200000,20299,19911,19527
NC_053035.3,361200000,0.920831,0.539937,361500000,18127,17701,17275
NC_053035.3,361500000,0.919671,0.52535,361800000,21122,20487,20104
NC_053035.3,361800000,0.909555,0.532637,362100000,20706,20184,19812
NC_053035.3,362100000,0.878465,0.544747,362400000,22311,21918,21494
NC_053035.3,362400000,0.932192,0.55176,362700000,20346,19784,19461
NC_053035.3,362700000,0.960627,0.514603,363000000,20701,20516,20016
NC_053035.3,363000000,0.937762,0.544653,363300000,20812,20001,19885
NC_053035.3,363300000,0.890132,0.537643,363600000,20837,20520,20054
NC_053035.3,363600000,0.893157,0.5246,363900000,22338,21574,21353
NC_053035.3,363900000,0.915466,0.54691,364200000,19962,19685,19409
NC_053035.3,364200000,0.939085,0.533537,364500000,19975,19530,19126
NC_053035.3,364500000,0.946584,0.513443,364800000,16857,16446,16103
NC_053035.3,364800000,0.905259,0.537927,365100000,20334,19862,19265
NC_053035.3,365100000,0.892268,0.510877,365400000,20243,19397,19096
NC_053035.3,365400000,0.874514,0.50274,365700000,16315,15851,15275
NC_053035.3,365700000,0.894076,0.522933,366000000,22176,21814,21612
NC_053035.3,366000000,0.909412,0.5458,366300000,21385,20909,20445
NC_053035.3,366300000,0.934294,0.510573,366600000,21893,21466,20747
NC_053035.3,366600000,0.93555,0.548787,366900000,20854,19973,19896
NC_053035.3,366900000,0.898799,0.547343,367200000,21125,20666,20429
NC_053035.3,367200000,0.835561,0.520617,367500000,19456,18980,18211
NC_053035.3,367500000,0.916137,0.543617,367800000,21452,20721,20293
NC_053035.3,367800000,0.887265,0.5341,368100000,21173,20759,20075
NC_053035.3,368100000,0.86404,0.548703,368400000,20275,19933,19476
NC_053035.3,368400000,0.914416,0.537797,368700000,21786,21292,20701
NC_053035.3,368700000,0.849416,0.516927,369000000,22017,21641,21098
NC_053035.3,369000000,0.873058,0.50788,369300000,19107,19217,18696
NC_053035.3,369300000,0.907187,0.50606,369600000,29640,29545,29136
NC_053035.3,369600000,0.897805,0.516893,369900000,20471,19825,19195
NC_053035.3,369900000,0.943011,0.48756,370200000,19522,19015,18568
NC_053035.3,370200000,0.739537,0.58508,370500000,12726,12893,12783
NC_053035.3,370500000,0.79725,0.596283,370800000,14021,14348,14123
NC_053035.3,370800000,0.842967,0.564677,371100000,16463,16776,16413
NC_053035.3,371100000,0.913421,0.538327,371400000,20864,20831,20064
NC_053035.3,371400000,0.914897,0.552177,371700000,21128,20427,20473
NC_053035.3,371700000,0.901365,0.541837,372000000,22377,21949,21432
NC_053035.3,372000000,0.893824,0.507977,372300000,20366,19538,19493
NC_053035.3,372300000,0.822109,0.507023,372600000,20516,20431,20022
NC_053035.3,372600000,0.950257,0.5194,372900000,21200,21339,20138
NC_053035.3,372900000,0.941874,0.54582,373200000,18506,17998,17737
NC_053035.3,373200000,0.906264,0.551623,373500000,18027,18018,17774
NC_053035.3,373500000,0.91527,0.568053,373800000,18664,17862,17866
NC_053035.3,373800000,0.905505,0.54315,374100000,19053,18608,18072
NC_053035.3,374100000,0.925646,0.503667,374400000,15573,15285,15069
NC_053035.3,374400000,0.913841,0.530423,374700000,21223,20655,20584
NC_053035.3,374700000,0.8872,0.542517,375000000,20553,20162,20282
NC_053035.3,375000000,0.863759,0.552793,375300000,20798,20521,20199
NC_053035.3,375300000,0.898536,0.53637,375600000,22625,22102,21968
NC_053035.3,375600000,0.855015,0.555173,375900000,19624,19358,18718
NC_053035.3,375900000,0.888389,0.523627,376200000,19855,19395,19247
NC_053035.3,376200000,0.90325,0.533,376500000,17818,17459,17180
NC_053035.3,376500000,0.907268,0.526387,376800000,20647,20670,19878
NC_053035.3,376800000,0.921869,0.529617,377100000,21387,20893,20450
NC_053035.3,377100000,0.935991,0.532093,377400000,21688,20921,20544
NC_053035.3,377400000,0.752414,0.536257,377700000,19051,18533,18363
NC_053035.3,377700000,0.901432,0.51317,378000000,21495,20922,20672
NC_053035.3,378000000,0.92868,0.538453,378300000,19636,19652,18681
NC_053035.3,378300000,0.925948,0.52473,378600000,18570,18230,18099
NC_053035.3,378600000,0.885966,0.544333,378900000,20854,20146,20151
NC_053035.3,378900000,0.946552,0.530497,379200000,13653,13629,13320
NC_053035.3,379200000,0.909475,0.53725,379500000,18918,18989,18682
NC_053035.3,379500000,0.955838,0.515597,379800000,19797,19155,18993
NC_053035.3,379800000,0.911282,0.545533,380100000,20435,19791,19568
NC_053035.3,380100000,0.899555,0.520797,380400000,19868,18599,18787
NC_053035.3,380400000,0.933022,0.532857,380700000,19165,18705,18382
NC_053035.3,380700000,0.930664,0.52554,381000000,21731,20849,20513
NC_053035.3,381000000,0.945104,0.499847,381300000,19836,19529,19122
NC_053035.3,381300000,0.911134,0.54782,381600000,19835,18940,19141
NC_053035.3,381600000,0.877369,0.52642,381900000,20032,19854,19248
NC_053035.3,381900000,0.924377,0.536027,382200000,19255,18650,18346
NC_053035.3,382200000,0.928902,0.53696,382500000,19475,19300,19036
NC_053035.3,382500000,0.841101,0.530957,382800000,21007,20762,20362
NC_053035.3,382800000,0.933522,0.53801,383100000,20273,20191,19923
NC_053035.3,383100000,0.889634,0.524867,383400000,17129,16787,16578
NC_053035.3,383400000,0.904854,0.542927,383700000,15769,15153,15030
NC_053035.3,383700000,0.888143,0.5307,384000000,16189,16284,16172
NC_053035.3,384000000,0.913121,0.54915,384300000,18824,18805,18005
NC_053035.3,384300000,0.910255,0.534727,384600000,17932,17092,16733
NC_053035.3,384600000,0.909821,0.558083,384900000,19446,18947,18712
NC_053035.3,384900000,0.945865,0.518573,385200000,15658,15466,15039
NC_053035.3,385200000,0.938876,0.518467,385500000,17958,17242,16971
NC_053035.3,385500000,0.483419,0.569957,385800000,8445,8369,8211
NC_053035.3,385800000,0.913121,0.529723,386100000,16759,16430,16026
NC_053035.3,386100000,0.925811,0.53797,386400000,19496,19070,18844
NC_053035.3,386400000,0.90894,0.509787,386700000,19802,19114,18571
NC_053035.3,386700000,0.934507,0.54999,387000000,20260,19612,19290
NC_053035.3,387000000,0.94868,0.541933,387300000,19893,19279,19443
NC_053035.3,387300000,0.940311,0.52882,387600000,19785,19582,19177
NC_053035.3,387600000,0.901007,0.551497,387900000,17900,17484,17212
NC_053035.3,387900000,0.954169,0.539043,388200000,22287,21703,21485
NC_053035.3,388200000,0.892772,0.53214,388500000,19808,18947,18598
NC_053035.3,388500000,0.927688,0.550893,388800000,20898,20472,19814
NC_053035.3,388800000,0.936832,0.532507,389100000,19889,19227,18884
NC_053035.3,389100000,0.910586,0.5213,389400000,18200,17844,17714
NC_053035.3,389400000,0.837177,0.53956,389700000,20516,19821,19882
NC_053035.3,389700000,0.931275,0.526247,390000000,20866,20573,20203
NC_053035.3,390000000,0.856971,0.529063,390300000,17816,18242,17690
NC_053035.3,390300000,0.909579,0.539817,390600000,20086,19996,19395
NC_053035.3,390600000,0.934318,0.521243,390900000,21064,20532,20100
NC_053035.3,390900000,0.927011,0.54714,391200000,19326,19304,18550
NC_053035.3,391200000,0.933641,0.52456,391500000,22257,21731,21361
NC_053035.3,391500000,0.913577,0.536607,391800000,19702,19676,18963
NC_053035.3,391800000,0.929136,0.531553,392100000,18963,18795,18168
NC_053035.3,392100000,0.896904,0.523407,392400000,19425,18671,18412
NC_053035.3,392400000,0.939495,0.550533,392700000,19476,19170,18620
NC_053035.3,392700000,0.933763,0.524413,393000000,20570,20216,19805
NC_053035.3,393000000,0.893065,0.5279,393300000,21187,20948,20546
NC_053035.3,393300000,0.917991,0.501917,393600000,20422,20058,19473
NC_053035.3,393600000,0.872733,0.520103,393900000,21966,21540,20729
NC_053035.3,393900000,0.861154,0.537283,394200000,20807,20473,20018
NC_053035.3,394200000,0.913256,0.54827,394500000,20317,19967,19627
NC_053035.3,394500000,0.91612,0.537797,394800000,19054,18917,18033
NC_053035.3,394800000,0.852991,0.52922,395100000,20259,20035,19706
NC_053035.3,395100000,0.931571,0.52084,395400000,18808,18723,18129
NC_053035.3,395400000,0.869749,0.544133,395700000,18768,18961,18743
NC_053035.3,395700000,0.904439,0.538813,396000000,18962,18713,18711
NC_053035.3,396000000,0.86103,0.52466,396300000,18251,18069,17815
NC_053035.3,396300000,0.940981,0.52261,396600000,19654,19218,18784
NC_053035.3,396600000,0.918524,0.523733,396900000,20184,19804,19266
NC_053035.3,396900000,0.891793,0.541493,397200000,21522,20404,20495
NC_053035.3,397200000,0.866419,0.538723,397500000,19383,18923,18910
NC_053035.3,397500000,0.869509,0.549403,397800000,21651,20679,20453
NC_053035.3,397800000,0.897254,0.53971,398100000,21303,20886,20704
NC_053035.3,398100000,0.891266,0.5098,398400000,22091,21819,21152
NC_053035.3,398400000,0.879879,0.52125,398700000,21885,21428,20954
NC_053035.3,398700000,0.896132,0.547553,399000000,21570,20715,20348
NC_053035.3,399000000,0.914316,0.542607,399300000,19710,19196,19067
NC_053035.3,399300000,0.896678,0.514773,399600000,20241,19893,19505
NC_053035.3,399600000,0.89102,0.551487,399900000,19718,19229,18836
NC_053035.3,399900000,0.9275,0.520003,400200000,20018,19334,19080
NC_053035.3,400200000,0.914749,0.520373,400500000,20474,19899,19422
NC_053035.3,400500000,0.873851,0.517587,400800000,22656,22017,21766
NC_053035.3,400800000,0.900478,0.51857,401100000,20414,19553,19683
NC_053035.3,401100000,0.912915,0.536913,401400000,13510,13354,12960
NC_053035.3,401400000,0.832545,0.530097,401700000,5017,4844,5046
NC_053035.3,401700000,0.879544,0.521267,402000000,8593,8420,8637
NC_053035.3,402000000,0.880816,0.531573,402300000,23307,23060,21315
NC_053035.3,402300000,0.927337,0.51222,402600000,8381,6556,6943
NC_053035.3,402600000,0.934801,0.508763,402900000,7258,5873,5922
NC_053035.3,402900000,0.797425,0.602433,403200000,7800,6636,6730
NC_053035.3,403200000,0.793368,0.57564,403500000,5586,4508,4622
NC_053035.3,403500000,0.955463,0.529227,403800000,12388,10338,10463
NC_053035.3,403800000,0.762447,0.543527,404100000,3363,3022,3198
NC_053035.3,404100000,0.642923,0.53314,404400000,2303,2084,2205
NC_053035.3,404400000,0.69596,0.52963,404700000,2661,2510,2497
NC_053035.3,404700000,0.822505,0.539573,405000000,15016,14921,14582
NC_053035.3,405000000,0.905555,0.526477,405300000,19001,18474,18033
NC_053035.3,405300000,0.741637,0.537353,405600000,47787,46296,44664
NC_053035.3,405600000,0.873087,0.539893,405900000,23059,21848,21784
NC_053035.3,405900000,0.890425,0.531883,406200000,19091,18875,18628
NC_053035.3,406200000,0.887865,0.545553,406500000,20075,19549,19450
NC_053035.3,406500000,0.94718,0.518347,406800000,16484,16343,16096
NC_053035.3,406800000,0.86123,0.54233,407100000,21319,20456,20155
NC_053035.3,407100000,0.905603,0.52311,407400000,18900,18000,17793
NC_053035.3,407400000,0.842387,0.534037,407700000,20481,20097,20069
NC_053035.3,407700000,0.915015,0.53548,408000000,21312,20340,20167
NC_053035.3,408000000,0.965668,0.53013,408300000,17946,17592,17001
NC_053035.3,408300000,0.893497,0.53887,408600000,15453,14721,14773
NC_053035.3,408600000,0.903526,0.526603,408900000,12956,12185,12278
NC_053035.3,408900000,0.867408,0.539557,409200000,17743,17134,16706
NC_053035.3,409200000,0.92639,0.54085,409500000,16112,15532,14948
NC_053035.3,409500000,0.913957,0.536693,409800000,10889,10548,10487
NC_053035.3,409800000,0.898582,0.542433,410100000,14718,14014,13903
NC_053035.3,410100000,0.835485,0.528773,410400000,21158,20857,20567
NC_053035.3,410400000,0.899731,0.553567,410700000,19222,18760,18422
NC_053035.3,410700000,0.882473,0.528413,411000000,18720,18330,17827
NC_053035.3,411000000,0.906844,0.5461,411300000,19963,19576,19184
NC_053035.3,411300000,0.896776,0.536667,411600000,18912,18317,18375
NC_053035.3,411600000,0.952054,0.534907,411900000,19456,19150,18514
NC_053035.3,411900000,0.883478,0.53788,412200000,22336,22018,21480
NC_053035.3,412200000,0.918964,0.532557,412500000,18178,17292,17278
NC_053035.3,412500000,0.900615,0.51507,412800000,19648,19251,18767
NC_053035.3,412800000,0.917879,0.529957,413100000,20756,20573,20052
NC_053035.3,413100000,0.91438,0.533913,413400000,20282,20025,19488
NC_053035.3,413400000,0.838823,0.547313,413700000,19868,19650,19318
NC_053035.3,413700000,0.853497,0.53859,414000000,19796,19372,19179
NC_053035.3,414000000,0.94799,0.52104,414300000,21238,21492,20749
NC_053035.3,414300000,0.898686,0.537393,414600000,21655,21367,20947
NC_053035.3,414600000,0.855028,0.537583,414900000,23100,22565,22379
NC_053035.3,414900000,0.868787,0.530453,415200000,21027,20469,20414
NC_053035.3,415200000,0.854839,0.53441,415500000,20743,20404,20047
NC_053035.3,415500000,0.885099,0.527443,415800000,22011,21300,20753
NC_053035.3,415800000,0.911,0.53604,416100000,20826,20515,19940
NC_053035.3,416100000,0.887434,0.541377,416400000,20804,20774,20416
NC_053035.3,416400000,0.892554,0.531653,416700000,20791,20226,19987
NC_053035.3,416700000,0.884268,0.53559,417000000,20632,20448,20063
NC_053035.3,417000000,0.892889,0.537577,417300000,18148,17421,17068
NC_053035.3,417300000,0.930791,0.534237,417600000,20311,19720,19664
NC_053035.3,417600000,0.916409,0.531323,417900000,20774,19711,19828
NC_053035.3,417900000,0.895802,0.524833,418200000,20533,20479,20004
NC_053035.3,418200000,0.883643,0.535093,418500000,21109,21113,20516
NC_053035.3,418500000,0.883598,0.53441,418800000,11596,11303,11233
NC_053035.3,418800000,0.875607,0.536387,419100000,11530,10871,11007
NC_053035.3,419100000,0.876466,0.541557,419400000,14147,13746,13723
NC_053035.3,419400000,0.914096,0.546023,419700000,10601,10608,10373
NC_053035.3,419700000,0.888395,0.53152,420000000,10823,10511,10291
NC_053035.3,420000000,0.87189,0.534073,420300000,5436,4859,5088
NC_053035.3,420300000,0.905029,0.547533,420600000,13852,13304,13264
NC_053035.3,420600000,0.924702,0.528493,420900000,8164,7059,7558
NC_053035.3,420900000,0.815035,0.52295,421200000,22667,22374,21960
NC_053035.3,421200000,0.876713,0.547237,421500000,21146,20482,20074
NC_053035.3,421500000,0.794289,0.555437,421800000,18086,17539,17043
NC_053035.3,421800000,0.752662,0.55806,422100000,23183,23051,23348
NC_053035.3,422100000,0.890009,0.540663,422400000,17848,17432,17413
NC_053035.3,422400000,0.884388,0.542107,422700000,20158,20132,19788
NC_053035.3,422700000,0.945212,0.527357,423000000,16318,15948,15743
NC_053035.3,423000000,0.905301,0.524663,423300000,15844,15442,15064
NC_053035.3,423300000,0.86857,0.538947,423600000,20332,20149,19792
NC_053035.3,423600000,0.910352,0.54122,423900000,19234,18382,18391
NC_053035.3,423900000,0.873799,0.554013,424200000,16651,16383,16407
NC_053035.3,424200000,0.917496,0.543787,424500000,26243,25869,25124
NC_053035.3,424500000,0.793525,0.5372,424800000,22718,22441,21946
NC_053035.3,424800000,0.905085,0.547953,425100000,20868,20793,20014
NC_053035.3,425100000,0.871254,0.538733,425400000,9960,9414,9479
NC_053035.3,425400000,0.8899,0.545427,425700000,11319,11535,11146
NC_053035.3,425700000,0.944819,0.5432,426000000,13552,12832,13067
NC_053035.3,426000000,0.865909,0.525257,426300000,14887,14391,14281
NC_053035.3,426300000,0.902091,0.535103,426600000,7756,7256,7389
NC_053035.3,426600000,0.912096,0.544673,426900000,15727,15482,14979
NC_053035.3,426900000,0.80528,0.540623,427200000,17821,17824,17456
NC_053035.3,427200000,0.89403,0.542127,427500000,19078,18622,18730
NC_053035.3,427500000,0.857764,0.530897,427800000,11795,11445,11175
NC_053035.3,427800000,0.899996,0.54842,428100000,14319,13454,13551
NC_053035.3,428100000,0.907026,0.526443,428400000,22363,22456,22241
NC_053035.3,428400000,0.87715,0.553387,428700000,19240,19066,18344
NC_053035.3,428700000,0.917012,0.520227,429000000,17823,17826,17597
NC_053035.3,429000000,0.832732,0.532013,429300000,20506,20092,19654
NC_053035.3,429300000,0.903024,0.544173,429600000,16458,16296,15897
NC_053035.3,429600000,0.861182,0.551977,429900000,15207,15133,14368
NC_053035.3,429900000,0.90527,0.5465,430200000,21477,21116,20398
NC_053035.3,430200000,0.939301,0.54751,430500000,17458,16705,16747
NC_053035.3,430500000,0.915163,0.54139,430800000,17669,17471,17178
NC_053035.3,430800000,0.92063,0.536697,431100000,20609,19544,19388
NC_053035.3,431100000,0.774703,0.582573,431400000,18477,17350,17906
NC_053035.3,431400000,0.656447,0.598813,431700000,24989,24283,25371
NC_053035.3,431700000,0.919315,0.537943,432000000,28180,27561,26623
NC_053035.3,432000000,0.910139,0.549963,432300000,22629,21746,21508
NC_053035.3,432300000,0.925434,0.533553,432600000,21410,20837,20799
NC_053035.3,432600000,0.895102,0.537957,432900000,20454,19746,19442
NC_053035.3,432900000,0.906755,0.541313,433200000,20059,19480,19403
NC_053035.3,433200000,0.888628,0.536813,433500000,21272,20893,21044
NC_053035.3,433500000,0.886848,0.527913,433800000,20860,21003,20081
NC_053035.3,433800000,0.89746,0.54111,434100000,21303,20377,19873
NC_053035.3,434100000,0.916927,0.536227,434400000,20105,19473,19287
NC_053035.3,434400000,0.903415,0.54957,434700000,22129,20980,20798
NC_053035.3,434700000,0.895928,0.5449,435000000,20039,19678,19483
NC_053035.3,435000000,0.891985,0.537743,435300000,22167,21325,20800
NC_053035.3,435300000,0.88776,0.53749,435600000,21964,21017,20753
NC_053035.3,435600000,0.910546,0.531353,435900000,21393,20746,20674
NC_053035.3,435900000,0.90617,0.522573,436200000,20576,20102,19727
NC_053035.3,436200000,0.842648,0.533567,436500000,20060,20249,19843
NC_053035.3,436500000,0.815527,0.53754,436800000,12614,12504,12367
NC_053035.3,436800000,0.910816,0.518963,437100000,4313,3738,3945
NC_053035.3,437100000,0.915102,0.532617,437400000,12453,11832,11806
NC_053035.3,437400000,0.920265,0.5309,437700000,16759,16269,16210
NC_053035.3,437700000,0.910058,0.558557,438000000,21139,20955,20493
NC_053035.3,438000000,0.904699,0.543243,438300000,21761,23094,21433
NC_053035.3,438300000,0.928819,0.548933,438600000,19064,18777,18485
NC_053035.3,438600000,0.902807,0.558697,438900000,18914,18281,17779
NC_053035.3,438900000,0.922474,0.521063,439200000,17920,17202,16501
NC_053035.3,439200000,0.920482,0.535197,439500000,20664,20270,20068
NC_053035.3,439500000,0.893746,0.539387,439800000,20937,20073,19695
NC_053035.3,439800000,0.907062,0.54178,440100000,19078,18760,18451
NC_053035.3,440100000,0.877281,0.541633,440400000,21990,20983,20971
NC_053035.3,440400000,0.903328,0.53597,440700000,24872,25158,24131
NC_053035.3,440700000,0.916616,0.545013,441000000,17737,17161,16749
NC_053035.3,441000000,0.901902,0.511417,441300000,15775,15483,15284
NC_053035.3,441300000,0.897586,0.528743,441600000,16036,15841,15622
NC_053035.3,441600000,0.887942,0.501637,441900000,16747,16946,16345
NC_053035.3,441900000,0.899069,0.516483,442200000,19993,19532,19397
NC_053035.3,442200000,0.86329,0.52791,442500000,18888,18489,17995
NC_053035.3,442500000,0.892303,0.53268,442800000,17700,17244,16952
NC_053035.3,442800000,0.876302,0.546563,443100000,18795,18756,18340
NC_053035.3,443100000,0.926335,0.54182,443400000,17843,17125,17210
NC_053035.3,443400000,0.937465,0.51781,443700000,18270,18611,17912
NC_053035.3,443700000,0.923176,0.53978,444000000,20481,20357,19846
NC_053035.3,444000000,0.900333,0.524223,444300000,22172,21302,20971
NC_053035.3,444300000,0.883009,0.544703,444600000,22218,21842,21727
NC_053035.3,444600000,0.863124,0.5419,444900000,12220,11865,11847
NC_053035.3,444900000,0.91806,0.541367,445200000,18040,17601,17454
NC_053035.3,445200000,0.873279,0.534247,445500000,20753,20245,20219
NC_053035.3,445500000,0.761145,0.574487,445800000,22600,23764,22504
NC_053035.3,445800000,0.900955,0.540093,446100000,22374,21967,21216
NC_053035.3,446100000,0.869996,0.540493,446400000,22304,21927,22087
NC_053035.3,446400000,0.897276,0.526383,446700000,23301,22841,22289
NC_053035.3,446700000,0.944486,0.545273,447000000,15739,15358,15250
NC_053035.3,447000000,0.800575,0.5297,447300000,5221,4730,4573
NC_053035.3,447300000,0.898999,0.5476,447600000,10709,10429,10418
NC_053035.3,447600000,0.893501,0.532807,447900000,16568,16101,15887
NC_053035.3,447900000,0.874159,0.5426,448200000,20264,18402,18304
NC_053035.3,448200000,0.868628,0.522673,448500000,8917,8863,8759
NC_053035.3,448500000,0.898355,0.54211,448800000,8193,7718,7789
NC_053035.3,448800000,0.888023,0.5442,449100000,13350,13574,12809
NC_053035.3,449100000,0.856993,0.556707,449400000,9386,9240,9189
NC_053035.3,449400000,0.942876,0.53436,449700000,19218,18677,18246
NC_053035.3,449700000,0.879459,0.530887,450000000,20317,20092,19717
NC_053035.3,450000000,0.840133,0.55953,450300000,11211,11514,11432
NC_053035.3,450300000,0.886343,0.545213,450600000,18771,17710,17486
NC_053035.3,450600000,0.947135,0.549003,450900000,18855,18286,17909
NC_053035.3,450900000,0.907277,0.538483,451200000,19879,19524,19256
NC_053035.3,451200000,0.889343,0.5431,451500000,18498,18199,18004
NC_053035.3,451500000,0.893432,0.541707,451800000,14240,14134,13902
NC_053035.3,451800000,0.83549,0.552517,452100000,17264,17395,15780
NC_053035.3,452100000,0.957224,0.54744,452400000,17590,16891,16514
NC_053035.3,452400000,0.882283,0.547143,452700000,20107,19320,19516
NC_053035.3,452700000,0.851579,0.535963,453000000,20102,19788,19752
NC_053035.3,453000000,0.766368,0.547367,453300000,18681,18836,18193
NC_053035.3,453300000,0.895451,0.533457,453600000,25315,25019,24659
NC_053035.3,453600000,0.892451,0.532133,453900000,20886,19689,19374
NC_053035.3,453900000,0.908145,0.542377,454200000,21995,20870,20476
NC_053035.3,454200000,0.905921,0.542913,454500000,20189,20067,19653
NC_053035.3,454500000,0.853063,0.524533,454800000,22030,21933,21350
NC_053035.3,454800000,0.846164,0.52459,455100000,22279,22117,21679
NC_053035.3,455100000,0.915365,0.555783,455400000,19986,19300,18932
NC_053035.3,455400000,0.949227,0.548153,455700000,12511,12607,12153
NC_053035.3,455700000,0.926108,0.545637,456000000,11924,11393,11384
NC_053035.3,456000000,0.930368,0.540343,456300000,17345,16661,16368
NC_053035.3,456300000,0.905277,0.52286,456600000,23557,22600,22314
NC_053035.3,456600000,0.931583,0.55559,456900000,27892,25709,25589
NC_053035.3,456900000,0.835359,0.529293,457200000,23711,23301,22798
NC_053035.3,457200000,0.828061,0.54066,457500000,24139,23744,23024
NC_053035.3,457500000,0.911791,0.541163,457800000,21678,21114,20597
NC_053035.3,457800000,0.841495,0.533733,458100000,19842,19355,18817
NC_053035.3,458100000,0.882455,0.53296,458400000,23012,21271,21855
NC_053035.3,458400000,0.881996,0.529707,458700000,11812,11138,11304
NC_053035.3,458700000,0.853964,0.54619,459000000,19013,18363,18156
NC_053035.3,459000000,0.77833,0.54246,459300000,11106,11009,10782
NC_053035.3,459300000,0.933203,0.526163,459600000,20375,19666,19248
NC_053035.3,459600000,0.857414,0.541657,459900000,18923,18539,18779
NC_053035.3,459900000,0.858312,0.54861,460200000,19871,19577,19327
NC_053035.3,460200000,0.849671,0.543577,460500000,19513,19254,18742
NC_053035.3,460500000,0.86749,0.537933,460800000,17324,16903,16705
NC_053035.3,460800000,0.930162,0.540503,461100000,19176,18624,18252
NC_053035.3,461100000,0.920342,0.53348,461400000,14306,13677,13775
NC_053035.3,461400000,0.923915,0.544977,461700000,17220,16738,16979
NC_053035.3,461700000,0.897166,0.531403,462000000,8278,8040,8145
NC_053035.3,462000000,0.858685,0.532543,462300000,18774,18197,17865
NC_053035.3,462300000,0.928679,0.542163,462600000,20577,19578,18956
NC_053035.3,462600000,0.895801,0.537867,462900000,21550,21140,20865
NC_053035.3,462900000,0.888083,0.5227,463200000,14976,15598,15227
NC_053035.3,463200000,0.91591,0.522483,463500000,13466,13007,12702
NC_053035.3,463500000,0.848833,0.53533,463800000,23028,22178,22112
NC_053035.3,463800000,0.827091,0.533007,464100000,21195,20813,20585
NC_053035.3,464100000,0.921134,0.536617,464400000,21720,21255,20460
NC_053035.3,464400000,0.772904,0.563413,464700000,22064,21518,21701
NC_053035.3,464700000,0.894818,0.554693,465000000,22444,21947,21697
NC_053035.3,465000000,0.914302,0.532797,465300000,20855,20583,19909
NC_053035.3,465300000,0.833578,0.547763,465600000,16899,16487,16551
NC_053035.3,465600000,0.901293,0.544927,465900000,20119,19420,19430
NC_053035.3,465900000,0.872665,0.541847,466200000,21589,21274,20549
NC_053035.3,466200000,0.799947,0.4867,466500000,21533,21288,20662
NC_053035.3,466500000,0.922266,0.527683,466800000,22492,21550,20992
NC_053035.3,466800000,0.899972,0.535817,467100000,22547,22156,21955
NC_053035.3,467100000,0.914649,0.542483,467400000,17527,17067,16914
NC_053035.3,467400000,0.908703,0.54596,467700000,18490,18327,17976
NC_053035.3,467700000,0.92745,0.535587,468000000,14635,13966,13894
NC_053035.3,468000000,0.885039,0.567593,468300000,12741,12405,12127
NC_053035.3,468300000,0.886648,0.54231,468600000,17398,16972,17144
NC_053035.3,468600000,0.920108,0.53037,468900000,22253,22260,21369
NC_053035.3,468900000,0.937902,0.548203,469200000,24559,24469,23825
NC_053035.3,469200000,0.893441,0.525837,469500000,13778,13475,13387
NC_053035.3,469500000,0.876015,0.52984,469800000,18388,18390,18165
NC_053035.3,469800000,0.929514,0.509153,470100000,19905,19256,18545
NC_053035.3,470100000,0.91073,0.54496,470400000,19899,19329,18898
NC_053035.3,470400000,0.914,0.54526,470700000,19063,18832,18445
NC_053035.3,470700000,0.916968,0.532,471000000,24724,23322,23657
NC_053035.3,471000000,0.839993,0.5557,471300000,17476,16961,16979
NC_053035.3,471300000,0.885672,0.530487,471600000,23707,23705,23375
NC_053035.3,471600000,0.893895,0.520517,471900000,21211,20747,20549
NC_053035.3,471900000,0.850619,0.535343,472200000,24382,23246,23164
NC_053035.3,472200000,0.922267,0.54318,472500000,22430,22329,21481
NC_053035.3,472500000,0.908757,0.522977,472800000,20418,19913,20118
NC_053035.3,472800000,0.847602,0.542503,473100000,20894,20002,20276
NC_053035.3,473100000,0.906333,0.53804,473400000,47937,51668,42832
NC_053035.3,473400000,0.843573,0.544533,473700000,23145,23005,22006
NC_053035.3,473700000,0.877053,0.546673,474000000,21326,20842,20815
NC_053035.3,474000000,0.911383,0.54024,474300000,16198,15665,15463
NC_053035.3,474300000,0.898982,0.54364,474600000,20229,19513,19199
NC_053035.3,474600000,0.895564,0.54691,474900000,18874,19016,18439
NC_053035.3,474900000,0.90285,0.54097,475200000,20784,19958,20098
NC_053035.3,475200000,0.866714,0.545143,475500000,25496,25469,24984
NC_053035.3,475500000,0.86242,0.535927,475800000,16911,16778,16461
NC_053035.3,475800000,0.866508,0.535963,476100000,21418,21196,20657
NC_053035.3,476100000,0.618799,0.54623,476400000,10922,10954,10228
NC_053035.3,476400000,0.866028,0.53303,476700000,14507,13952,13385
NC_053035.3,476700000,0.908898,0.54467,477000000,24320,24861,24373
NC_053035.3,477000000,0.89198,0.52765,477300000,24762,24641,24176
NC_053035.3,477300000,0.927246,0.54675,477600000,21292,20572,20240
NC_053035.3,477600000,0.919156,0.548973,477900000,21012,20982,20600
NC_053035.3,477900000,0.929634,0.532727,478200000,19476,18762,18524
NC_053035.3,478200000,0.925349,0.530143,478500000,22922,22038,21855
NC_053035.3,478500000,0.922398,0.54779,478800000,18842,18449,18141
NC_053035.3,478800000,0.924886,0.53666,479100000,10371,9563,9576
NC_053035.3,479100000,0.887337,0.537387,479400000,21181,20451,20315
NC_053035.3,479400000,0.922879,0.535057,479700000,19021,18162,18297
NC_053035.3,479700000,0.894162,0.537837,480000000,15224,14709,14450
NC_053035.3,480000000,0.9438,0.53076,480300000,21005,20763,20046
NC_053035.3,480300000,0.90092,0.538323,480600000,20776,20717,20256
NC_053035.3,480600000,0.903836,0.517023,480900000,21542,21383,20509
NC_053035.3,480900000,0.842447,0.546263,481200000,22022,21685,21303
NC_053035.3,481200000,0.859717,0.553657,481500000,23031,22853,22475
NC_053035.3,481500000,0.92477,0.5425,481800000,17466,17951,17178
NC_053035.3,481800000,0.910342,0.50614,482100000,21722,20853,20645
NC_053035.3,482100000,0.89991,0.533073,482400000,19418,19073,18687
NC_053035.3,482400000,0.858672,0.544163,482700000,13910,13966,13549
NC_053035.3,482700000,0.816012,0.540903,483000000,22898,22413,22103
NC_053035.3,483000000,0.882808,0.532597,483300000,20785,20291,20118
NC_053035.3,483300000,0.863398,0.531473,483600000,14550,14137,14099
NC_053035.3,483600000,0.91776,0.54312,483900000,16457,16142,15621
NC_053035.3,483900000,0.920541,0.551707,484200000,12875,12022,12265
NC_053035.3,484200000,0.894687,0.533203,484500000,13016,12125,12575
NC_053035.3,484500000,0.94568,0.55981,484800000,21515,20954,20656
NC_053035.3,484800000,0.881499,0.54344,485100000,19206,19500,18878
NC_053035.3,485100000,0.886485,0.53021,485400000,17034,16829,16683
NC_053035.3,485400000,0.926777,0.552313,485700000,18330,18119,17809
NC_053035.3,485700000,0.923502,0.542367,486000000,18505,17914,17473
NC_053035.3,486000000,0.849081,0.564843,486300000,175092,198263,145799
NC_053035.3,486300000,0.919578,0.53822,486600000,21701,21181,20610
NC_053035.3,486600000,0.954326,0.542077,486900000,19398,19029,18494
NC_053035.3,486900000,0.886091,0.539307,487200000,18333,17573,17640
NC_053035.3,487200000,0.922052,0.539033,487500000,16370,16083,15741
NC_053035.3,487500000,0.897314,0.53673,487800000,25109,23249,22829
NC_053035.3,487800000,0.90541,0.521983,488100000,22094,21661,21093
NC_053035.3,488100000,0.943418,0.526037,488400000,21588,21189,20500
NC_053035.3,488400000,0.858626,0.535857,488700000,52604,44985,44819
NC_053035.3,488700000,0.88005,0.539637,489000000,17072,16631,16307
NC_053035.3,489000000,0.872734,0.53581,489300000,19412,18652,18572
NC_053035.3,489300000,0.919611,0.54768,489600000,17761,17555,17543
NC_053035.3,489600000,0.866942,0.540923,489900000,19074,18545,18528
NC_053035.3,489900000,0.893835,0.538087,490200000,16257,15900,15904
NC_053035.3,490200000,0.941217,0.53519,490500000,17815,17353,17205
NC_053035.3,490500000,0.890526,0.528827,490800000,18000,17732,17143
NC_053035.3,490800000,0.921414,0.552837,491100000,11216,11365,10995
NC_053035.3,491100000,0.926912,0.54493,491400000,17828,17627,17458
NC_053035.3,491400000,0.88371,0.538673,491700000,15741,15112,15171
NC_053035.3,491700000,0.868468,0.525363,492000000,19800,19078,18861
NC_053035.3,492000000,0.896874,0.54083,492300000,18022,17565,17529
NC_053035.3,492300000,0.910735,0.544127,492600000,18399,18172,17389
NC_053035.3,492600000,0.90335,0.524197,492900000,14780,14695,14548
NC_053035.3,492900000,0.928654,0.548507,493200000,14997,14203,14407
NC_053035.3,493200000,0.923099,0.543037,493500000,19905,19656,19117
NC_053035.3,493500000,0.912823,0.525037,493800000,20319,19930,19138
NC_053035.3,493800000,0.939685,0.528857,494100000,15797,15277,15146
NC_053035.3,494100000,0.892905,0.55974,494400000,13115,12799,12810
NC_053035.3,494400000,0.855923,0.531943,494700000,13340,13306,13020
NC_053035.3,494700000,0.881106,0.538267,495000000,15576,15222,14858
NC_053035.3,495000000,0.914475,0.528153,495300000,10224,10105,9680
NC_053035.3,495300000,0.8852,0.55169,495600000,18808,18608,18410
NC_053035.3,495600000,0.896096,0.53851,495900000,11762,11760,11453
NC_053035.3,495900000,0.933323,0.539827,496200000,18389,17982,17450
NC_053035.3,496200000,0.904605,0.538397,496500000,20978,19282,19716
NC_053035.3,496500000,0.870275,0.547663,496800000,17961,17695,17411
NC_053035.3,496800000,0.832347,0.53295,497100000,23166,22717,22197
NC_053035.3,497100000,0.855869,0.55042,497400000,21664,20894,20879
NC_053035.3,497400000,0.924393,0.546487,497700000,21907,21299,20839
NC_053035.3,497700000,0.901829,0.543343,498000000,18863,18607,17843
NC_053035.3,498000000,0.834195,0.54625,498300000,17616,17277,17048
NC_053035.3,498300000,0.922829,0.563483,498600000,18311,18398,17976
NC_053035.3,498600000,0.833914,0.540163,498900000,10312,9403,9599
NC_053035.3,498900000,0.897589,0.547907,499200000,11919,11732,11503
NC_053035.3,499200000,0.889795,0.537493,499500000,16110,15997,15623
NC_053035.3,499500000,0.931557,0.561307,499800000,14828,13707,14404
NC_053035.3,499800000,0.887309,0.54445,500100000,18273,17917,17583
NC_053035.3,500100000,0.899891,0.53835,500400000,15586,15318,15126
NC_053035.3,500400000,0.897604,0.52823,500700000,19501,19136,19090
NC_053035.3,500700000,0.947032,0.53753,501000000,19006,18213,18289
NC_053035.3,501000000,0.900701,0.528323,501300000,15950,17273,15437
NC_053035.3,501300000,0.911377,0.549803,501600000,21513,19979,20437
NC_053035.3,501600000,0.572765,0.554623,501900000,20618,20278,19994
NC_053035.3,501900000,0.792635,0.551637,502200000,48054,40934,41565
NC_053035.3,502200000,0.910497,0.545443,502500000,27430,25847,25794
NC_053035.3,502500000,0.939554,0.54665,502800000,20017,19327,19033
NC_053035.3,502800000,0.945956,0.53808,503100000,20797,20459,20135
NC_053035.3,503100000,0.917656,0.54678,503400000,21126,20758,20289
NC_053035.3,503400000,0.848922,0.55099,503700000,22702,22252,21568
NC_053035.3,503700000,0.897432,0.556023,504000000,17666,17409,17168
NC_053035.3,504000000,0.814019,0.53399,504300000,13334,13473,13156
NC_053035.3,504300000,0.754189,0.532177,504600000,7712,7495,7234
NC_053035.3,504600000,0.905059,0.551433,504900000,18753,19877,17629
NC_053035.3,504900000,0.930758,0.551923,505200000,23617,22858,22676
NC_053035.3,505200000,0.924554,0.547417,505500000,20437,19836,19565
NC_053035.3,505500000,0.802539,0.544177,505800000,16299,16049,15643
NC_053035.3,505800000,0.933493,0.535847,506100000,21142,20730,20058
NC_053035.3,506100000,0.909305,0.56732,506400000,20681,20742,20188
NC_053035.3,506400000,0.916565,0.547007,506700000,13820,13476,13255
NC_053035.3,506700000,0.81237,0.542647,507000000,12504,12408,12441
NC_053035.3,507000000,0.88808,0.546923,507300000,18043,17756,17335
NC_053036.3,0,0.852284,0.549353,300000,69527,70572,67529
NC_053036.3,300000,0.839338,0.544483,600000,17802,17382,17426
NC_053036.3,600000,0.865467,0.531307,900000,5672,5396,5477
NC_053036.3,900000,0.825332,0.58374,1200000,16134,14800,15392
NC_053036.3,1200000,0.820557,0.548737,1500000,12620,12040,12130
NC_053036.3,1500000,0.808949,0.498957,1800000,21754,21435,21019
NC_053036.3,1800000,0.95284,0.52759,2100000,19895,19365,19052
NC_053036.3,2100000,0.90814,0.544813,2400000,15389,15024,14712
NC_053036.3,2400000,0.860583,0.531907,2700000,23644,23356,23192
NC_053036.3,2700000,0.908782,0.54342,3000000,21089,20823,20275
NC_053036.3,3000000,0.888838,0.54801,3300000,16955,16938,16764
NC_053036.3,3300000,0.906077,0.553097,3600000,16801,16413,16224
NC_053036.3,3600000,0.950256,0.54775,3900000,22020,21100,20677
NC_053036.3,3900000,0.867654,0.54614,4200000,20753,19873,20116
NC_053036.3,4200000,0.888943,0.554607,4500000,16471,15748,15905
NC_053036.3,4500000,0.937039,0.563137,4800000,8091,7889,7676
NC_053036.3,4800000,0.949926,0.555297,5100000,10874,10297,10191
NC_053036.3,5100000,0.516086,0.542313,5400000,3822,3736,3721
NC_053036.3,5400000,0.817396,0.562317,5700000,14660,14077,14572
NC_053036.3,5700000,0.864239,0.54402,6000000,17983,17869,17592
NC_053036.3,6000000,0.917802,0.53578,6300000,13949,13773,13339
NC_053036.3,6300000,0.953507,0.55034,6600000,19728,18942,18909
NC_053036.3,6600000,0.841989,0.5613,6900000,16570,16432,16451
NC_053036.3,6900000,0.929382,0.553487,7200000,24013,23664,23202
NC_053036.3,7200000,0.906272,0.548333,7500000,20239,19905,19819
NC_053036.3,7500000,0.898784,0.53857,7800000,19824,19746,19203
NC_053036.3,7800000,0.905243,0.548817,8100000,15981,16014,15418
NC_053036.3,8100000,0.979741,0.541907,8400000,20554,20405,19557
NC_053036.3,8400000,0.940569,0.541883,8700000,21015,20495,19845
NC_053036.3,8700000,0.928083,0.566023,9000000,18207,17935,17458
NC_053036.3,9000000,0.885968,0.549083,9300000,13930,13901,13472
NC_053036.3,9300000,0.840174,0.537777,9600000,22018,22369,21553
NC_053036.3,9600000,0.677081,0.545673,9900000,35159,34786,33986
NC_053036.3,9900000,0.688652,0.54142,10200000,29943,30229,29593
NC_053036.3,10200000,0.894294,0.544297,10500000,20407,20164,19653
NC_053036.3,10500000,0.919987,0.533143,10800000,20639,20584,20128
NC_053036.3,10800000,0.915079,0.547317,11100000,20226,20446,19074
NC_053036.3,11100000,0.848413,0.54136,11400000,18002,17220,17518
NC_053036.3,11400000,0.852961,0.558467,11700000,36106,39251,32318
NC_053036.3,11700000,0.608719,0.54242,12000000,7322,7117,7360
NC_053036.3,12000000,0.812042,0.548873,12300000,6881,6924,6838
NC_053036.3,12300000,0.918751,0.548987,12600000,19665,19465,19380
NC_053036.3,12600000,0.914856,0.545957,12900000,8068,7776,7954
NC_053036.3,12900000,0.968594,0.55172,13200000,15787,15548,15281
NC_053036.3,13200000,0.814349,0.557403,13500000,12559,12215,12151
NC_053036.3,13500000,0.911156,0.56016,13800000,12457,11264,12001
NC_053036.3,13800000,0.374648,0.552813,14100000,2417,2234,2206
NC_053036.3,14100000,0.774446,0.55448,14400000,11484,11742,11059
NC_053036.3,14400000,0.880819,0.547677,14700000,7387,7130,6958
NC_053036.3,14700000,0.856479,0.545783,15000000,13426,13011,12819
NC_053036.3,15000000,0.846671,0.565133,15300000,10719,10612,10530
NC_053036.3,15300000,0.865538,0.551913,15600000,16046,15573,15198
NC_053036.3,15600000,0.830891,0.550477,15900000,21729,20940,20598
NC_053036.3,15900000,0.932245,0.534057,16200000,21209,21291,20580
NC_053036.3,16200000,0.87336,0.545647,16500000,12787,12911,12347
NC_053036.3,16500000,0.878485,0.54526,16800000,14533,14709,14328
NC_053036.3,16800000,0.876951,0.54895,17100000,18296,18546,18274
NC_053036.3,17100000,0.935188,0.556203,17400000,20837,20318,20010
NC_053036.3,17400000,0.955051,0.551837,17700000,9124,8661,8647
NC_053036.3,17700000,0.680443,0.559637,18000000,16770,16730,16411
NC_053036.3,18000000,0.821071,0.536933,18300000,18175,18301,17547
NC_053036.3,18300000,0.881748,0.5372,18600000,17898,17746,16994
NC_053036.3,18600000,0.826079,0.556173,18900000,21648,21837,21497
NC_053036.3,18900000,0.892661,0.54523,19200000,16271,16099,15800
NC_053036.3,19200000,0.926766,0.55586,19500000,19230,19263,19270
NC_053036.3,19500000,0.927773,0.5432,19800000,21043,20626,20409
NC_053036.3,19800000,0.941265,0.554563,20100000,20931,20615,20515
NC_053036.3,20100000,0.892229,0.548743,20400000,21360,21324,21095
NC_053036.3,20400000,0.902531,0.552847,20700000,19632,19407,19205
NC_053036.3,20700000,0.830939,0.569067,21000000,19842,19849,19154
NC_053036.3,21000000,0.815144,0.554507,21300000,10626,10240,9937
NC_053036.3,21300000,0.887957,0.544063,21600000,12160,12011,11508
NC_053036.3,21600000,0.833917,0.542493,21900000,18230,17695,17711
NC_053036.3,21900000,0.936667,0.546603,22200000,18789,18566,18185
NC_053036.3,22200000,0.865807,0.550297,22500000,18599,18147,17969
NC_053036.3,22500000,0.886848,0.545123,22800000,19763,19135,19023
NC_053036.3,22800000,0.895667,0.53969,23100000,15575,15250,14843
NC_053036.3,23100000,0.767275,0.571617,23400000,2138,2312,2074
NC_053036.3,23400000,0.89161,0.559253,23700000,10731,10724,10921
NC_053036.3,23700000,0.88899,0.534787,24000000,30162,33674,25892
NC_053036.3,24000000,0.795729,0.565567,24300000,7744,7618,7461
NC_053036.3,24300000,0.465181,0.59714,24600000,3132,3045,3384
NC_053036.3,24600000,0.445416,0.595593,24900000,2554,2312,2643
NC_053036.3,24900000,0.596411,0.581053,25200000,6217,5867,5973
NC_053036.3,25200000,0.825564,0.570037,25500000,13955,13773,13436
NC_053036.3,25500000,0.704489,0.558287,25800000,14186,14112,13740
NC_053036.3,25800000,0.823991,0.552083,26100000,17721,17254,17333
NC_053036.3,26100000,0.922841,0.540067,26400000,18199,18044,17454
NC_053036.3,26400000,0.875268,0.537813,26700000,25619,25380,24777
NC_053036.3,26700000,0.90547,0.555563,27000000,26012,24182,24300
NC_053036.3,27000000,0.897747,0.541183,27300000,33437,33289,32740
NC_053036.3,27300000,0.901005,0.503033,27600000,18984,18473,18086
NC_053036.3,27600000,0.837618,0.566017,27900000,17734,17675,17181
NC_053036.3,27900000,0.608974,0.579013,28200000,13237,15457,13463
NC_053036.3,28200000,0.656478,0.582993,28500000,10699,10209,10404
NC_053036.3,28500000,0.846349,0.504903,28800000,18517,18044,17711
NC_053036.3,28800000,0.791125,0.505203,29100000,17961,17617,17192
NC_053036.3,29100000,0.906274,0.540817,29400000,18226,18271,17767
NC_053036.3,29400000,0.90213,0.554567,29700000,21393,21282,20567
NC_053036.3,29700000,0.867822,0.539073,30000000,19820,19440,18805
NC_053036.3,30000000,0.896798,0.530363,30300000,19129,18722,18830
NC_053036.3,30300000,0.577894,0.543343,30600000,15200,15006,14757
NC_053036.3,30600000,0.328093,0.543523,30900000,12633,12786,12628
NC_053036.3,30900000,0.887074,0.550943,31200000,22651,21439,21924
NC_053036.3,31200000,0.886909,0.539317,31500000,23434,21434,21655
NC_053036.3,31500000,0.901811,0.534983,31800000,8218,7511,7829
NC_053036.3,31800000,0.852462,0.522083,32100000,14852,14303,14029
NC_053036.3,32100000,0.89178,0.543977,32400000,21956,21528,21052
NC_053036.3,32400000,0.868321,0.544413,32700000,21824,21624,21408
NC_053036.3,32700000,0.85771,0.559777,33000000,20986,20251,20395
NC_053036.3,33000000,0.833305,0.558897,33300000,31690,31112,31839
NC_053036.3,33300000,0.889853,0.536687,33600000,20256,20237,19428
NC_053036.3,33600000,0.948647,0.536487,33900000,17187,16409,16216
NC_053036.3,33900000,0.938493,0.54581,34200000,15855,15246,15129
NC_053036.3,34200000,0.896212,0.54735,34500000,17040,16776,16264
NC_053036.3,34500000,0.785254,0.528897,34800000,19850,19549,19141
NC_053036.3,34800000,0.786149,0.54296,35100000,19411,18837,18686
NC_053036.3,35100000,0.869325,0.54378,35400000,20611,19827,19440
NC_053036.3,35400000,0.907257,0.559353,35700000,21453,22028,21239
NC_053036.3,35700000,0.923572,0.53986,36000000,20781,20704,20253
NC_053036.3,36000000,0.861288,0.540883,36300000,23762,23276,22834
NC_053036.3,36300000,0.869402,0.535193,36600000,20502,20324,19834
NC_053036.3,36600000,0.926301,0.53112,36900000,23860,23562,23487
NC_053036.3,36900000,0.871368,0.534227,37200000,19513,19183,19094
NC_053036.3,37200000,0.904563,0.553567,37500000,21166,21117,20679
NC_053036.3,37500000,0.908875,0.544397,37800000,21764,21344,20907
NC_053036.3,37800000,0.846889,0.54246,38100000,22950,22884,22456
NC_053036.3,38100000,0.858376,0.548343,38400000,19695,19167,19032
NC_053036.3,38400000,0.905108,0.534003,38700000,21366,21580,20919
NC_053036.3,38700000,0.890397,0.540903,39000000,21662,21423,21079
NC_053036.3,39000000,0.911672,0.539533,39300000,21687,20515,20707
NC_053036.3,39300000,0.837556,0.53536,39600000,21538,21201,20500
NC_053036.3,39600000,0.907015,0.542277,39900000,20515,19946,19924
NC_053036.3,39900000,0.874745,0.54511,40200000,20220,19751,19635
NC_053036.3,40200000,0.880041,0.514103,40500000,21519,21020,20525
NC_053036.3,40500000,0.904487,0.53619,40800000,21984,21418,21292
NC_053036.3,40800000,0.904854,0.538463,41100000,17235,16658,16557
NC_053036.3,41100000,0.884434,0.534733,41400000,13490,13494,12756
NC_053036.3,41400000,0.87002,0.556873,41700000,10242,9824,9904
NC_053036.3,41700000,0.611145,0.593037,42000000,7036,6093,7469
NC_053036.3,42000000,0.899054,0.521817,42300000,14849,13549,13478
NC_053036.3,42300000,0.917838,0.553083,42600000,9929,9226,9107
NC_053036.3,42600000,0.871676,0.531573,42900000,14016,13976,13676
NC_053036.3,42900000,0.864708,0.541487,43200000,14861,13832,13954
NC_053036.3,43200000,0.869863,0.546643,43500000,13097,12754,12614
NC_053036.3,43500000,0.874696,0.55054,43800000,10350,10250,10217
NC_053036.3,43800000,0.924931,0.542167,44100000,8628,20300,19702
NC_053036.3,44100000,0.917405,0.527893,44400000,5535,18259,17913
NC_053036.3,44400000,0.964102,0.53489,44700000,7969,11564,11129
NC_053036.3,44700000,0.892604,0.535233,45000000,5848,16542,15955
NC_053036.3,45000000,0.892931,0.536593,45300000,5352,19709,19714
NC_053036.3,45300000,0.969304,0.54129,45600000,6047,22181,21878
NC_053036.3,45600000,0.967724,0.53576,45900000,3883,20596,20470
NC_053036.3,45900000,0.848281,0.52024,46200000,5224,21813,21318
NC_053036.3,46200000,0.92254,0.532753,46500000,4615,21002,20522
NC_053036.3,46500000,0.919209,0.549483,46800000,5408,21690,21262
NC_053036.3,46800000,0.90283,0.52653,47100000,3392,18920,18830
NC_053036.3,47100000,0.933044,0.50746,47400000,3324,19720,19246
NC_053036.3,47400000,0.900029,0.52446,47700000,3744,20130,19504
NC_053036.3,47700000,0.896801,0.52484,48000000,4268,20565,20000
NC_053036.3,48000000,0.918398,0.540743,48300000,4487,20254,20496
NC_053036.3,48300000,0.841838,0.53686,48600000,5984,19685,18995
NC_053036.3,48600000,0.889865,0.53027,48900000,4675,20904,20296
NC_053036.3,48900000,0.898682,0.5338,49200000,6604,25844,25074
NC_053036.3,49200000,0.924639,0.543967,49500000,4968,19650,19199
NC_053036.3,49500000,0.916315,0.55399,49800000,5979,20299,20207
NC_053036.3,49800000,0.785528,0.534437,50100000,6041,20057,19022
NC_053036.3,50100000,0.797413,0.53417,50400000,5247,19751,19416
NC_053036.3,50400000,0.911132,0.53775,50700000,4537,21167,20275
NC_053036.3,50700000,0.866851,0.537983,51000000,3982,18669,18441
NC_053036.3,51000000,0.925555,0.546937,51300000,4835,20085,19946
NC_053036.3,51300000,0.887563,0.532277,51600000,5345,21501,20701
NC_053036.3,51600000,0.752601,0.5675,51900000,3600,19557,18919
NC_053036.3,51900000,0.844071,0.546607,52200000,6213,22061,21529
NC_053036.3,52200000,0.890409,0.55149,52500000,5523,20522,20046
NC_053036.3,52500000,0.895819,0.532827,52800000,5509,20978,20943
NC_053036.3,52800000,0.877013,0.53531,53100000,5312,19459,18800
NC_053036.3,53100000,0.905325,0.541283,53400000,3335,17659,17458
NC_053036.3,53400000,0.915977,0.531753,53700000,4690,20525,19976
NC_053036.3,53700000,0.871121,0.534907,54000000,5545,20478,19987
NC_053036.3,54000000,0.900215,0.53102,54300000,5499,19562,19387
NC_053036.3,54300000,0.895139,0.52982,54600000,4300,19630,19588
NC_053036.3,54600000,0.894283,0.54532,54900000,5763,20419,20434
NC_053036.3,54900000,0.874538,0.534067,55200000,4012,18547,18543
NC_053036.3,55200000,0.82013,0.538263,55500000,5185,19312,18821
NC_053036.3,55500000,0.840733,0.54241,55800000,6238,17956,17574
NC_053036.3,55800000,0.873823,0.512207,56100000,4868,19928,20016
NC_053036.3,56100000,0.892573,0.551437,56400000,4915,15694,15439
NC_053036.3,56400000,0.900315,0.53152,56700000,5583,18922,18489
NC_053036.3,56700000,0.918925,0.507103,57000000,30390,30815,30887
NC_053036.3,57000000,0.892875,0.554417,57300000,21165,20588,20175
NC_053036.3,57300000,0.841042,0.552307,57600000,19647,19433,18944
NC_053036.3,57600000,0.918131,0.533287,57900000,17936,17896,17481
NC_053036.3,57900000,0.918578,0.532307,58200000,10629,10472,10193
NC_053036.3,58200000,0.931974,0.532877,58500000,19628,19040,18803
NC_053036.3,58500000,0.968701,0.524187,58800000,20127,19795,19211
NC_053036.3,58800000,0.892106,0.548353,59100000,22008,18665,21463
NC_053036.3,59100000,0.941773,0.534087,59400000,15621,13417,15039
NC_053036.3,59400000,0.898235,0.537527,59700000,9940,9924,9481
NC_053036.3,59700000,0.919723,0.55385,60000000,13112,12856,12853
NC_053036.3,60000000,0.931393,0.553443,60300000,12450,11991,12086
NC_053036.3,60300000,0.907202,0.5404,60600000,11791,11307,11241
NC_053036.3,60600000,0.937993,0.539707,60900000,15100,14890,14155
NC_053036.3,60900000,0.915502,0.53468,61200000,21150,20623,20008
NC_053036.3,61200000,0.830175,0.541533,61500000,19630,18931,18525
NC_053036.3,61500000,0.826401,0.54055,61800000,18533,18168,18124
NC_053036.3,61800000,0.892949,0.53398,62100000,14611,14440,14252
NC_053036.3,62100000,0.847321,0.546653,62400000,13837,13528,13516
NC_053036.3,62400000,0.914311,0.55439,62700000,18256,17609,17524
NC_053036.3,62700000,0.894744,0.52901,63000000,21858,21822,21807
NC_053036.3,63000000,0.87858,0.53563,63300000,21225,21280,20551
NC_053036.3,63300000,0.946553,0.520873,63600000,19347,19106,18427
NC_053036.3,63600000,0.915747,0.514093,63900000,21050,20570,20237
NC_053036.3,63900000,0.941472,0.529823,64200000,20160,20777,19903
NC_053036.3,64200000,0.915076,0.53744,64500000,17951,18014,17400
NC_053036.3,64500000,0.92096,0.546437,64800000,5653,5179,5493
NC_053036.3,64800000,0.936572,0.536033,65100000,11148,10464,10477
NC_053036.3,65100000,0.876595,0.526103,65400000,11714,11048,11006
NC_053036.3,65400000,0.945006,0.547747,65700000,19844,20026,19669
NC_053036.3,65700000,0.925979,0.544417,66000000,19815,19268,19475
NC_053036.3,66000000,0.84478,0.54321,66300000,16354,15772,15507
NC_053036.3,66300000,0.765175,0.59159,66600000,20967,20473,20018
NC_053036.3,66600000,0.676442,0.60675,66900000,14089,13669,13525
NC_053036.3,66900000,0.93992,0.53314,67200000,20017,19494,19118
NC_053036.3,67200000,0.878763,0.539487,67500000,21063,20710,20354
NC_053036.3,67500000,0.920408,0.52968,67800000,20837,20618,20002
NC_053036.3,67800000,0.937182,0.524663,68100000,19703,19250,18930
NC_053036.3,68100000,0.873076,0.541457,68400000,12215,11828,11988
NC_053036.3,68400000,0.837364,0.54784,68700000,10780,9922,10055
NC_053036.3,68700000,0.896269,0.539657,69000000,9320,9030,9034
NC_053036.3,69000000,0.840158,0.53396,69300000,17263,16836,16653
NC_053036.3,69300000,0.902404,0.537867,69600000,21588,21446,20921
NC_053036.3,69600000,0.931561,0.53923,69900000,21457,20636,20470
NC_053036.3,69900000,0.893496,0.54684,70200000,21470,21329,20765
NC_053036.3,70200000,0.907668,0.541967,70500000,21797,21491,20817
NC_053036.3,70500000,0.905114,0.534027,70800000,22578,21994,21630
NC_053036.3,70800000,0.947137,0.53347,71100000,22264,21273,20879
NC_053036.3,71100000,0.959586,0.51374,71400000,21539,21034,20447
NC_053036.3,71400000,0.9084,0.536817,71700000,14425,13665,13568
NC_053036.3,71700000,0.867199,0.540577,72000000,19445,19029,18641
NC_053036.3,72000000,0.898989,0.523183,72300000,17543,17082,16776
NC_053036.3,72300000,0.900921,0.547143,72600000,13084,12883,12559
NC_053036.3,72600000,0.975883,0.533937,72900000,20748,19151,19456
NC_053036.3,72900000,0.939793,0.548753,73200000,12316,11465,11526
NC_053036.3,73200000,0.875177,0.537263,73500000,14470,14284,13819
NC_053036.3,73500000,0.921743,0.55026,73800000,15757,15095,14855
NC_053036.3,73800000,0.890848,0.528333,74100000,16732,16098,15766
NC_053036.3,74100000,0.883593,0.533927,74400000,12329,11790,11650
NC_053036.3,74400000,0.921086,0.54398,74700000,15917,15839,15531
NC_053036.3,74700000,0.924018,0.54599,75000000,15297,14827,14809
NC_053036.3,75000000,0.944454,0.549457,75300000,14620,14272,14742
NC_053036.3,75300000,0.949699,0.525857,75600000,11288,10747,10944
NC_053036.3,75600000,0.939572,0.537057,75900000,8648,8289,8026
NC_053036.3,75900000,0.912553,0.544153,76200000,11619,10996,10963
NC_053036.3,76200000,0.930999,0.546053,76500000,10162,10060,9790
NC_053036.3,76500000,0.898766,0.528357,76800000,9251,8938,8654
NC_053036.3,76800000,0.911666,0.538997,77100000,16381,15833,15796
NC_053036.3,77100000,0.9254,0.54336,77400000,16244,15593,15422
NC_053036.3,77400000,0.87481,0.532163,77700000,14073,13472,13680
NC_053036.3,77700000,0.903371,0.541823,78000000,16531,16006,15830
NC_053036.3,78000000,0.862637,0.539707,78300000,16836,16769,16403
NC_053036.3,78300000,0.889164,0.53919,78600000,14832,13983,14335
NC_053036.3,78600000,0.892034,0.544513,78900000,16329,16009,15391
NC_053036.3,78900000,0.910993,0.542003,79200000,20239,19330,19366
NC_053036.3,79200000,0.906219,0.54819,79500000,16880,16790,16487
NC_053036.3,79500000,0.936798,0.521517,79800000,13377,12784,12749
NC_053036.3,79800000,0.87381,0.536997,80100000,10613,11088,10913
NC_053036.3,80100000,0.905255,0.545543,80400000,4356,13934,14050
NC_053036.3,80400000,0.898682,0.548057,80700000,7468,13997,13652
NC_053036.3,80700000,0.927451,0.536237,81000000,3544,19469,18941
NC_053036.3,81000000,0.903799,0.534067,81300000,4384,20764,20554
NC_053036.3,81300000,0.902384,0.534953,81600000,4025,20522,20011
NC_053036.3,81600000,0.91829,0.552973,81900000,4676,16201,15821
NC_053036.3,81900000,0.9174,0.549453,82200000,4360,4659,4573
NC_053036.3,82200000,0.914985,0.543523,82500000,5447,15316,14812
NC_053036.3,82500000,0.907082,0.543333,82800000,5319,20147,20072
NC_053036.3,82800000,0.878239,0.530207,83100000,5276,17388,17016
NC_053036.3,83100000,0.929147,0.544493,83400000,3178,18038,17126
NC_053036.3,83400000,0.870907,0.52858,83700000,4713,18820,18525
NC_053036.3,83700000,0.898818,0.5478,84000000,7341,20228,20178
NC_053036.3,84000000,0.900262,0.53644,84300000,6589,20445,20524
NC_053036.3,84300000,0.888928,0.531017,84600000,5721,20024,19417
NC_053036.3,84600000,0.896337,0.532663,84900000,5184,20538,20142
NC_053036.3,84900000,0.900926,0.54613,85200000,6032,21460,21116
NC_053036.3,85200000,0.917954,0.534983,85500000,5516,19945,19561
NC_053036.3,85500000,0.861452,0.53232,85800000,5704,15815,15282
NC_053036.3,85800000,0.912747,0.541543,86100000,4672,9557,9450
NC_053036.3,86100000,0.873222,0.53489,86400000,6197,15318,15440
NC_053036.3,86400000,0.922677,0.55105,86700000,5188,17630,17366
NC_053036.3,86700000,0.905056,0.535603,87000000,4421,14039,13376
NC_053036.3,87000000,0.854713,0.535073,87300000,6356,12284,12728
NC_053036.3,87300000,0.922895,0.542543,87600000,6219,15178,14866
NC_053036.3,87600000,0.90631,0.545693,87900000,5586,17885,18261
NC_053036.3,87900000,0.955881,0.526497,88200000,3389,20351,19707
NC_053036.3,88200000,0.902786,0.528447,88500000,4732,21217,20539
NC_053036.3,88500000,0.81961,0.536507,88800000,7033,23065,23001
NC_053036.3,88800000,0.880742,0.53955,89100000,3590,33790,32831
NC_053036.3,89100000,0.89157,0.55289,89400000,4545,34338,33669
NC_053036.3,89400000,0.907284,0.548243,89700000,4521,19814,19686
NC_053036.3,89700000,0.893236,0.521507,90000000,6285,21269,20922
NC_053036.3,90000000,0.889169,0.542917,90300000,4582,19490,18974
NC_053036.3,90300000,0.890954,0.52353,90600000,4429,18919,19082
NC_053036.3,90600000,0.902801,0.520273,90900000,4023,18426,17896
NC_053036.3,90900000,0.911098,0.539473,91200000,3752,18555,17843
NC_053036.3,91200000,0.887409,0.529307,91500000,3443,18360,17852
NC_053036.3,91500000,0.885402,0.52785,91800000,2817,4058,3971
NC_053036.3,91800000,0.88621,0.53651,92100000,3475,3792,4017
NC_053036.3,92100000,0.848997,0.525147,92400000,4729,17746,17651
NC_053036.3,92400000,0.9244,0.540623,92700000,4275,20581,20122
NC_053036.3,92700000,0.891953,0.545293,93000000,6136,21980,21705
NC_053036.3,93000000,0.893107,0.516933,93300000,5404,21642,21490
NC_053036.3,93300000,0.918475,0.530453,93600000,3743,20270,19696
NC_053036.3,93600000,0.878268,0.54042,93900000,6181,21579,21285
NC_053036.3,93900000,0.901419,0.54676,94200000,6121,21507,20870
NC_053036.3,94200000,0.848447,0.537483,94500000,7280,16650,16431
NC_053036.3,94500000,0.921823,0.53406,94800000,6398,21731,21547
NC_053036.3,94800000,0.910791,0.53803,95100000,5999,21131,21021
NC_053036.3,95100000,0.881945,0.536077,95400000,3900,19627,19450
NC_053036.3,95400000,0.89872,0.534873,95700000,3013,20013,19074
NC_053036.3,95700000,0.897831,0.551163,96000000,3509,20030,19429
NC_053036.3,96000000,0.90907,0.547073,96300000,3709,20095,19517
NC_053036.3,96300000,0.943264,0.526277,96600000,4957,21499,20920
NC_053036.3,96600000,0.899171,0.545203,96900000,4018,19736,19366
NC_053036.3,96900000,0.867252,0.538073,97200000,6221,22225,21776
NC_053036.3,97200000,0.901461,0.52463,97500000,10021,25616,25241
NC_053036.3,97500000,0.951464,0.541227,97800000,2869,19097,18823
NC_053036.3,97800000,0.887268,0.524627,98100000,6792,23142,22437
NC_053036.3,98100000,0.921017,0.534377,98400000,9681,25032,24159
NC_053036.3,98400000,0.921409,0.548357,98700000,3818,19950,19284
NC_053036.3,98700000,0.881915,0.529597,99000000,8075,24005,23671
NC_053036.3,99000000,0.917264,0.536163,99300000,5862,22369,21792
NC_053036.3,99300000,0.923978,0.5161,99600000,3704,20045,19687
NC_053036.3,99600000,0.856129,0.527493,99900000,4838,20730,20386
NC_053036.3,99900000,0.895544,0.53966,100200000,4331,20920,19889
NC_053036.3,100200000,0.89571,0.534217,100500000,4254,20769,20325
NC_053036.3,100500000,0.875285,0.537117,100800000,4807,21237,20600
NC_053036.3,100800000,0.897608,0.541527,101100000,3150,19506,19105
NC_053036.3,101100000,0.906262,0.535563,101400000,5873,22168,21588
NC_053036.3,101400000,0.861828,0.54153,101700000,5085,20802,20394
NC_053036.3,101700000,0.920899,0.5203,102000000,3431,19791,19454
NC_053036.3,102000000,0.916871,0.5549,102300000,3096,19365,18475
NC_053036.3,102300000,0.933997,0.540087,102600000,3636,19920,19510
NC_053036.3,102600000,0.866573,0.545883,102900000,4900,20703,19698
NC_053036.3,102900000,0.895798,0.515457,103200000,3372,19389,19297
NC_053036.3,103200000,0.951085,0.541073,103500000,3686,19936,19772
NC_053036.3,103500000,0.878799,0.537043,103800000,4859,21070,20388
NC_053036.3,103800000,0.912139,0.52722,104100000,3743,19819,19315
NC_053036.3,104100000,0.920805,0.534493,104400000,3929,20111,19847
NC_053036.3,104400000,0.936618,0.523633,104700000,3602,19654,19683
NC_053036.3,104700000,0.867843,0.550827,105000000,5902,21884,21467
NC_053036.3,105000000,0.887953,0.550343,105300000,5246,20826,20508
NC_053036.3,105300000,0.912828,0.539597,105600000,5371,20973,20530
NC_053036.3,105600000,0.890514,0.531297,105900000,6509,21061,20360
NC_053036.3,105900000,0.962287,0.527877,106200000,4434,19653,19396
NC_053036.3,106200000,0.906913,0.541773,106500000,5126,18985,18779
NC_053036.3,106500000,0.932339,0.544763,106800000,3410,18699,18481
NC_053036.3,106800000,0.95444,0.53508,107100000,3915,19401,19365
NC_053036.3,107100000,0.92171,0.509017,107400000,3409,18791,17793
NC_053036.3,107400000,0.937344,0.553723,107700000,3852,19169,18798
NC_053036.3,107700000,0.88738,0.537523,108000000,4951,19893,20272
NC_053036.3,108000000,0.937374,0.54319,108300000,4169,19796,19312
NC_053036.3,108300000,0.915468,0.537957,108600000,5161,21288,21377
NC_053036.3,108600000,0.872738,0.548283,108900000,9144,23554,23080
NC_053036.3,108900000,0.857168,0.533103,109200000,5150,21439,20750
NC_053036.3,109200000,0.91185,0.509437,109500000,6426,23289,22608
NC_053036.3,109500000,0.930833,0.54484,109800000,5863,21837,21929
NC_053036.3,109800000,0.874776,0.50667,110100000,4135,21495,21166
NC_053036.3,110100000,0.932397,0.55918,110400000,4025,20594,20250
NC_053036.3,110400000,0.941989,0.539097,110700000,3262,19799,19267
NC_053036.3,110700000,0.896474,0.533527,111000000,4718,21372,20572
NC_053036.3,111000000,0.890966,0.53508,111300000,3969,20228,20172
NC_053036.3,111300000,0.8705,0.54422,111600000,6217,21919,22133
NC_053036.3,111600000,0.919584,0.522867,111900000,4385,21577,20780
NC_053036.3,111900000,0.880286,0.5281,112200000,4842,20575,20649
NC_053036.3,112200000,0.908906,0.52873,112500000,4520,21082,20494
NC_053036.3,112500000,0.910413,0.526783,112800000,5868,23027,22770
NC_053036.3,112800000,0.892729,0.549743,113100000,4913,20247,19455
NC_053036.3,113100000,0.926068,0.539477,113400000,3453,18840,18320
NC_053036.3,113400000,0.930649,0.545507,113700000,3668,18907,18594
NC_053036.3,113700000,0.909831,0.537193,114000000,4183,19530,19312
NC_053036.3,114000000,0.901126,0.528713,114300000,4898,21420,20638
NC_053036.3,114300000,0.882236,0.526073,114600000,4433,20461,19922
NC_053036.3,114600000,0.913068,0.535547,114900000,5331,21246,20781
NC_053036.3,114900000,0.898475,0.544317,115200000,4408,20022,19915
NC_053036.3,115200000,0.879178,0.53437,115500000,4244,17800,17895
NC_053036.3,115500000,0.904139,0.538873,115800000,4886,20308,19958
NC_053036.3,115800000,0.882042,0.535877,116100000,5183,18527,18278
NC_053036.3,116100000,0.908094,0.537973,116400000,5576,20492,20371
NC_053036.3,116400000,0.923826,0.54479,116700000,4380,19825,19873
NC_053036.3,116700000,0.908264,0.533507,117000000,3928,19346,19186
NC_053036.3,117000000,0.946045,0.547203,117300000,2966,18585,18136
NC_053036.3,117300000,0.879118,0.534133,117600000,4385,18974,18603
NC_053036.3,117600000,0.886303,0.54185,117900000,4040,18440,18137
NC_053036.3,117900000,0.88047,0.538597,118200000,6669,21994,21723
NC_053036.3,118200000,0.952319,0.529127,118500000,4076,20428,20312
NC_053036.3,118500000,0.954218,0.538777,118800000,3930,20385,19929
NC_053036.3,118800000,0.893152,0.549303,119100000,6767,21546,21453
NC_053036.3,119100000,0.887188,0.533107,119400000,4681,20054,19809
NC_053036.3,119400000,0.953978,0.53385,119700000,3727,19464,19096
NC_053036.3,119700000,0.872787,0.532983,120000000,4526,20276,19447
NC_053036.3,120000000,0.898405,0.542047,120300000,5420,20527,20319
NC_053036.3,120300000,0.914751,0.514503,120600000,3493,19748,19364
NC_053036.3,120600000,0.927022,0.53843,120900000,4309,20272,19602
NC_053036.3,120900000,0.897193,0.54062,121200000,4377,18341,18323
NC_053036.3,121200000,0.905242,0.520427,121500000,4118,20092,19466
NC_053036.3,121500000,0.803671,0.513357,121800000,6769,21546,20634
NC_053036.3,121800000,0.842886,0.54464,122100000,5941,20417,20262
NC_053036.3,122100000,0.907613,0.52591,122400000,4822,18209,18246
NC_053036.3,122400000,0.892893,0.551723,122700000,5847,19119,19006
NC_053036.3,122700000,0.883836,0.53912,123000000,4158,20615,20489
NC_053036.3,123000000,0.904478,0.54634,123300000,4017,19907,19680
NC_053036.3,123300000,0.892173,0.542813,123600000,5224,21168,20741
NC_053036.3,123600000,0.839215,0.505287,123900000,16222,33933,31120
NC_053036.3,123900000,0.879405,0.52565,124200000,4841,21908,21529
NC_053036.3,124200000,0.90509,0.518693,124500000,4629,21413,20974
NC_053036.3,124500000,0.919226,0.538733,124800000,5192,21968,21213
NC_053036.3,124800000,0.928264,0.546447,125100000,5264,21027,20700
NC_053036.3,125100000,0.924123,0.526847,125400000,3802,20775,20458
NC_053036.3,125400000,0.931132,0.546627,125700000,8204,24064,23213
NC_053036.3,125700000,0.887736,0.554143,126000000,6489,22484,22087
NC_053036.3,126000000,0.925781,0.539403,126300000,5037,21666,20809
NC_053036.3,126300000,0.875518,0.509777,126600000,4977,21877,21391
NC_053036.3,126600000,0.888817,0.521853,126900000,5676,22344,21918
NC_053036.3,126900000,0.874207,0.539137,127200000,4643,21112,20755
NC_053036.3,127200000,0.894071,0.547407,127500000,5060,20987,20512
NC_053036.3,127500000,0.910935,0.547627,127800000,4149,20492,19966
NC_053036.3,127800000,0.802228,0.535963,128100000,5393,21782,20930
NC_053036.3,128100000,0.88665,0.52778,128400000,4656,20152,19976
NC_053036.3,128400000,0.957325,0.537917,128700000,3230,20104,19558
NC_053036.3,128700000,0.891284,0.544813,129000000,3741,20174,19761
NC_053036.3,129000000,0.945671,0.534893,129300000,3021,19884,19362
NC_053036.3,129300000,0.888381,0.532123,129600000,4431,21020,20921
NC_053036.3,129600000,0.914984,0.53557,129900000,5276,21395,21169
NC_053036.3,129900000,0.926431,0.54478,130200000,5331,21186,20715
NC_053036.3,130200000,0.893503,0.532723,130500000,4964,21201,20916
NC_053036.3,130500000,0.92757,0.532253,130800000,2904,19729,19403
NC_053036.3,130800000,0.954436,0.532027,131100000,2798,19988,19537
NC_053036.3,131100000,0.905531,0.529453,131400000,3117,20028,19433
NC_053036.3,131400000,0.909443,0.524877,131700000,4137,20904,20484
NC_053036.3,131700000,0.912127,0.55583,132000000,4096,20477,20243
NC_053036.3,132000000,0.917746,0.538917,132300000,3814,20616,19919
NC_053036.3,132300000,0.916147,0.54209,132600000,4344,20925,20482
NC_053036.3,132600000,0.894653,0.529533,132900000,4707,21360,20842
NC_053036.3,132900000,0.9279,0.527887,133200000,4299,21119,20620
NC_053036.3,133200000,0.87021,0.53482,133500000,4308,21084,20523
NC_053036.3,133500000,0.883541,0.537607,133800000,3574,20256,19632
NC_053036.3,133800000,0.87887,0.534243,134100000,4982,20812,20302
NC_053036.3,134100000,0.907597,0.530793,134400000,4809,21086,20869
NC_053036.3,134400000,0.929938,0.5364,134700000,3672,19959,19865
NC_053036.3,134700000,0.925136,0.55988,135000000,3903,19870,19539
NC_053036.3,135000000,0.885483,0.523883,135300000,4411,21082,20597
NC_053036.3,135300000,0.868352,0.536227,135600000,4909,20756,20219
NC_053036.3,135600000,0.913593,0.52603,135900000,5144,21957,21085
NC_053036.3,135900000,0.918589,0.534137,136200000,4824,21713,21523
NC_053036.3,136200000,0.959307,0.524563,136500000,3869,20827,20353
NC_053036.3,136500000,0.880845,0.529627,136800000,5265,21732,21453
NC_053036.3,136800000,0.902944,0.504247,137100000,3836,20866,20323
NC_053036.3,137100000,0.8695,0.52,137400000,3658,20193,19602
NC_053036.3,137400000,0.905175,0.528817,137700000,4001,20380,20242
NC_053036.3,137700000,0.91609,0.543713,138000000,4366,20995,20799
NC_053036.3,138000000,0.906088,0.534287,138300000,4913,21422,20872
NC_053036.3,138300000,0.904336,0.529043,138600000,4671,21063,20785
NC_053036.3,138600000,0.855049,0.532223,138900000,3341,20413,19556
NC_053036.3,138900000,0.90074,0.53691,139200000,3978,19981,19710
NC_053036.3,139200000,0.901073,0.537283,139500000,4164,20905,20534
NC_053036.3,139500000,0.91547,0.543703,139800000,3887,20518,20241
NC_053036.3,139800000,0.916397,0.51021,140100000,3859,21023,20466
NC_053036.3,140100000,0.897965,0.543617,140400000,4465,20790,20510
NC_053036.3,140400000,0.910721,0.524317,140700000,3721,20492,20485
NC_053036.3,140700000,0.905219,0.541147,141000000,3653,20222,19856
NC_053036.3,141000000,0.905113,0.53813,141300000,4324,20438,20176
NC_053036.3,141300000,0.902609,0.534997,141600000,3768,20742,19732
NC_053036.3,141600000,0.931691,0.52984,141900000,3686,20554,19716
NC_053036.3,141900000,0.964551,0.518823,142200000,2934,20205,19415
NC_053036.3,142200000,0.934349,0.52374,142500000,3304,20230,19710
NC_053036.3,142500000,0.907083,0.532367,142800000,4445,20609,20888
NC_053036.3,142800000,0.928785,0.52742,143100000,2914,19969,19528
NC_053036.3,143100000,0.935389,0.547183,143400000,4796,20850,20628
NC_053036.3,143400000,0.906859,0.54384,143700000,3704,20309,20269
NC_053036.3,143700000,0.89883,0.538157,144000000,3885,20347,19779
NC_053036.3,144000000,0.925964,0.546393,144300000,4625,19375,19357
NC_053036.3,144300000,0.900076,0.527097,144600000,5119,18656,19036
NC_053036.3,144600000,0.912428,0.533303,144900000,3128,17690,17570
NC_053036.3,144900000,0.926977,0.521793,145200000,4211,18783,18485
NC_053036.3,145200000,0.880528,0.55514,145500000,3238,17618,17296
NC_053036.3,145500000,0.943922,0.544253,145800000,3526,19550,18750
NC_053036.3,145800000,0.938753,0.552393,146100000,3916,18249,18299
NC_053036.3,146100000,0.951724,0.541427,146400000,2879,17836,17752
NC_053036.3,146400000,0.905376,0.54441,146700000,3133,16385,16145
NC_053036.3,146700000,0.94062,0.53854,147000000,4076,18597,18196
NC_053036.3,147000000,0.901326,0.553017,147300000,4178,17743,17962
NC_053036.3,147300000,0.960678,0.555843,147600000,4173,19191,19236
NC_053036.3,147600000,0.918912,0.517693,147900000,2941,16629,16331
NC_053036.3,147900000,0.901735,0.53096,148200000,4217,17217,17056
NC_053036.3,148200000,0.923521,0.536837,148500000,3556,17932,17501
NC_053036.3,148500000,0.930309,0.521787,148800000,4013,18386,17973
NC_053036.3,148800000,0.929059,0.52117,149100000,6128,20089,19383
NC_053036.3,149100000,0.849657,0.534523,149400000,9511,20086,19553
NC_053036.3,149400000,0.884614,0.514583,149700000,6418,18354,17443
NC_053036.3,149700000,0.913239,0.530067,150000000,4374,18015,17824
NC_053036.3,150000000,0.937491,0.52114,150300000,3862,18237,17932
NC_053036.3,150300000,0.940944,0.539837,150600000,3458,17818,17504
NC_053036.3,150600000,0.913892,0.541593,150900000,4522,18323,18198
NC_053036.3,150900000,0.916612,0.539877,151200000,5415,18705,18698
NC_053036.3,151200000,0.857623,0.54503,151500000,6769,18999,18832
NC_053036.3,151500000,0.906005,0.538363,151800000,4098,17285,17529
NC_053036.3,151800000,0.935344,0.532427,152100000,3160,18088,17704
NC_053036.3,152100000,0.900422,0.537347,152400000,5138,18265,17707
NC_053036.3,152400000,0.956167,0.540707,152700000,2818,17078,16454
NC_053036.3,152700000,0.916881,0.516687,153000000,4177,18286,17961
NC_053036.3,153000000,0.896831,0.54056,153300000,4567,17476,17363
NC_053036.3,153300000,0.940381,0.53329,153600000,3011,17661,16903
NC_053036.3,153600000,0.955973,0.521303,153900000,3415,17937,17586
NC_053036.3,153900000,0.951266,0.549367,154200000,4083,17656,17420
NC_053036.3,154200000,0.909044,0.508293,154500000,3637,16542,16133
NC_053036.3,154500000,0.931243,0.51616,154800000,3622,18392,17853
NC_053036.3,154800000,0.95207,0.522053,155100000,3412,16247,15816
NC_053036.3,155100000,0.908887,0.542483,155400000,3693,17525,17506
NC_053036.3,155400000,0.8259,0.544583,155700000,3777,16281,15697
NC_053036.3,155700000,0.925829,0.53708,156000000,4452,18191,17651
NC_053036.3,156000000,0.932878,0.52724,156300000,15736,27311,25694
NC_053036.3,156300000,0.939896,0.510677,156600000,5608,22021,20706
NC_053036.3,156600000,0.912097,0.509417,156900000,3160,18962,18907
NC_053036.3,156900000,0.909167,0.536967,157200000,5102,19862,20719
NC_053036.3,157200000,0.955006,0.54446,157500000,2486,18406,18029
NC_053036.3,157500000,0.921595,0.535097,157800000,5570,21263,20883
NC_053036.3,157800000,0.901867,0.537387,158100000,4302,19814,19643
NC_053036.3,158100000,0.842398,0.530693,158400000,6015,19917,19842
NC_053036.3,158400000,0.905386,0.540813,158700000,4592,19569,19130
NC_053036.3,158700000,0.894187,0.530683,159000000,4063,18483,17749
NC_053036.3,159000000,0.941999,0.551817,159300000,4196,16299,15831
NC_053036.3,159300000,0.915033,0.526223,159600000,4341,14372,13958
NC_053036.3,159600000,0.875245,0.542463,159900000,5771,13208,13080
NC_053036.3,159900000,0.907429,0.536863,160200000,4818,15260,14996
NC_053036.3,160200000,0.916947,0.541053,160500000,4246,19494,19122
NC_053036.3,160500000,0.926118,0.55427,160800000,4667,20706,20593
NC_053036.3,160800000,0.902375,0.546943,161100000,4330,20599,20334
NC_053036.3,161100000,0.863924,0.530813,161400000,4068,20636,20361
NC_053036.3,161400000,0.900082,0.534457,161700000,6161,21649,21856
NC_053036.3,161700000,0.861792,0.542783,162000000,6110,21906,21329
NC_053036.3,162000000,0.87463,0.544247,162300000,6001,21736,21341
NC_053036.3,162300000,0.945547,0.54101,162600000,2547,19694,18898
NC_053036.3,162600000,0.937839,0.54584,162900000,3122,19692,19069
NC_053036.3,162900000,0.931925,0.538203,163200000,3841,20284,19771
NC_053036.3,163200000,0.940134,0.526317,163500000,3130,20393,20029
NC_053036.3,163500000,0.906579,0.525703,163800000,3742,20577,19939
NC_053036.3,163800000,0.88241,0.53937,164100000,4365,21066,20291
NC_053036.3,164100000,0.95596,0.533263,164400000,3004,20116,19254
NC_053036.3,164400000,0.859159,0.52248,164700000,5449,21556,21048
NC_053036.3,164700000,0.945376,0.54482,165000000,3206,19939,19396
NC_053036.3,165000000,0.908488,0.529617,165300000,3929,20516,20063
NC_053036.3,165300000,0.908505,0.530443,165600000,3846,20688,20261
NC_053036.3,165600000,0.915014,0.53159,165900000,5668,21862,21556
NC_053036.3,165900000,0.881879,0.53185,166200000,3284,20513,19894
NC_053036.3,166200000,0.921429,0.52664,166500000,4689,21483,21032
NC_053036.3,166500000,0.914366,0.5318,166800000,4164,20779,20506
NC_053036.3,166800000,0.913445,0.54202,167100000,4765,21199,20852
NC_053036.3,167100000,0.91244,0.54546,167400000,3411,20260,19518
NC_053036.3,167400000,0.877618,0.541287,167700000,3639,20021,19631
NC_053036.3,167700000,0.879849,0.54261,168000000,4442,20833,20274
NC_053036.3,168000000,0.933548,0.538573,168300000,4752,20627,20311
NC_053036.3,168300000,0.919624,0.529927,168600000,4350,19997,19894
NC_053036.3,168600000,0.884491,0.529603,168900000,3697,18945,18887
NC_053036.3,168900000,0.932844,0.53352,169200000,3475,19704,19280
NC_053036.3,169200000,0.926518,0.54055,169500000,4993,20198,19525
NC_053036.3,169500000,0.929644,0.52801,169800000,3158,17882,17469
NC_053036.3,169800000,0.927426,0.499517,170100000,2549,16651,16494
NC_053036.3,170100000,0.933246,0.532677,170400000,3104,17339,17122
NC_053036.3,170400000,0.903055,0.545293,170700000,3594,19859,19596
NC_053036.3,170700000,0.924744,0.555933,171000000,4057,19166,19018
NC_053036.3,171000000,0.938126,0.536927,171300000,3642,18754,18561
NC_053036.3,171300000,0.9261,0.52566,171600000,3019,17247,17132
NC_053036.3,171600000,0.937557,0.49564,171900000,3216,18902,18326
NC_053036.3,171900000,0.918932,0.51972,172200000,4412,19181,18392
NC_053036.3,172200000,0.927711,0.51401,172500000,3028,17918,17493
NC_053036.3,172500000,0.909864,0.505247,172800000,5123,19075,18980
NC_053036.3,172800000,0.877207,0.534243,173100000,4826,19636,19227
NC_053036.3,173100000,0.902754,0.543157,173400000,4544,18644,18412
NC_053036.3,173400000,0.93045,0.537667,173700000,3431,18869,18245
NC_053036.3,173700000,0.871805,0.53136,174000000,4064,17113,16827
NC_053036.3,174000000,0.906871,0.526497,174300000,3394,17230,17083
NC_053036.3,174300000,0.901611,0.552287,174600000,4511,18787,18755
NC_053036.3,174600000,0.925698,0.555683,174900000,3926,18266,18032
NC_053036.3,174900000,0.925008,0.549847,175200000,3792,18658,18419
NC_053036.3,175200000,0.938021,0.550933,175500000,4726,19926,19486
NC_053036.3,175500000,0.909655,0.534163,175800000,5740,20591,20555
NC_053036.3,175800000,0.965829,0.534377,176100000,3091,19168,18820
NC_053036.3,176100000,0.938105,0.541877,176400000,3192,18293,18219
NC_053036.3,176400000,0.942105,0.52983,176700000,3566,19884,19763
NC_053036.3,176700000,0.915626,0.546523,177000000,5011,20842,20482
NC_053036.3,177000000,0.972508,0.530883,177300000,2989,19140,19446
NC_053036.3,177300000,0.919647,0.526437,177600000,4174,19996,20007
NC_053036.3,177600000,0.97683,0.53247,177900000,2901,18931,18750
NC_053036.3,177900000,0.896087,0.529213,178200000,4465,19747,19175
NC_053036.3,178200000,0.915615,0.536083,178500000,6437,21408,21483
NC_053036.3,178500000,0.947685,0.52082,178800000,3569,19243,18922
NC_053036.3,178800000,0.885914,0.530803,179100000,4240,18734,18171
NC_053036.3,179100000,0.943762,0.53893,179400000,8405,23920,23407
NC_053036.3,179400000,0.919195,0.531413,179700000,39399,45119,46562
NC_053036.3,179700000,0.945937,0.533527,180000000,12762,27542,27217
NC_053036.3,180000000,0.958709,0.514467,180300000,33291,40318,42166
NC_053036.3,180300000,0.961425,0.52724,180600000,24489,36865,37151
NC_053036.3,180600000,0.919796,0.52718,180900000,19688,33967,33228
NC_053036.3,180900000,0.925279,0.538817,181200000,5101,20242,19953
NC_053036.3,181200000,0.937974,0.52896,181500000,3641,19237,19137
NC_053036.3,181500000,0.944448,0.535623,181800000,2925,18217,17716
NC_053036.3,181800000,0.927323,0.513677,182100000,3699,19314,18843
NC_053036.3,182100000,0.88389,0.524997,182400000,4062,19006,18413
NC_053036.3,182400000,0.928406,0.533313,182700000,4387,19896,19662
NC_053036.3,182700000,0.900274,0.549833,183000000,3818,19115,18870
NC_053036.3,183000000,0.918512,0.54737,183300000,3757,19254,18832
NC_053036.3,183300000,0.866706,0.534167,183600000,4822,19029,18519
NC_053036.3,183600000,0.898083,0.548603,183900000,5217,19708,19493
NC_053036.3,183900000,0.881412,0.54249,184200000,4294,17951,17540
NC_053036.3,184200000,0.88849,0.55084,184500000,4707,19634,19153
NC_053036.3,184500000,0.881584,0.528943,184800000,5187,20032,19410
NC_053036.3,184800000,0.927611,0.559557,185100000,4230,20225,19742
NC_053036.3,185100000,0.92997,0.53015,185400000,3806,19255,18942
NC_053036.3,185400000,0.912525,0.549433,185700000,4880,20915,20641
NC_053036.3,185700000,0.854268,0.527727,186000000,5890,21365,21103
NC_053036.3,186000000,0.923297,0.535957,186300000,5502,21180,20642
NC_053036.3,186300000,0.90782,0.533373,186600000,3907,19552,19100
NC_053036.3,186600000,0.928996,0.550767,186900000,2974,17780,17070
NC_053036.3,186900000,0.921046,0.541833,187200000,3246,20046,19301
NC_053036.3,187200000,0.810607,0.471983,187500000,16884,29894,29126
NC_053036.3,187500000,0.875083,0.5283,187800000,2475,17027,16780
NC_053036.3,187800000,0.897722,0.524853,188100000,3704,19181,18881
NC_053036.3,188100000,0.887513,0.523083,188400000,3906,19408,19208
NC_053036.3,188400000,0.930889,0.506537,188700000,3562,18720,17891
NC_053036.3,188700000,0.970012,0.526103,189000000,3371,19794,19470
NC_053036.3,189000000,0.943756,0.507827,189300000,2664,18948,18498
NC_053036.3,189300000,0.917233,0.548417,189600000,5492,20939,20538
NC_053036.3,189600000,0.907648,0.536317,189900000,4802,20656,20073
NC_053036.3,189900000,0.856591,0.532347,190200000,3580,18673,18028
NC_053036.3,190200000,0.961123,0.524267,190500000,3051,18985,19042
NC_053036.3,190500000,0.90067,0.509977,190800000,4510,19569,19111
NC_053036.3,190800000,0.921562,0.51811,191100000,3637,18328,18046
NC_053036.3,191100000,0.904546,0.537687,191400000,4096,18852,18416
NC_053036.3,191400000,0.867813,0.526157,191700000,4155,19167,18758
NC_053036.3,191700000,0.904123,0.546437,192000000,4308,18966,18945
NC_053036.3,192000000,0.9415,0.52777,192300000,4413,19310,19119
NC_053036.3,192300000,0.942933,0.532953,192600000,4037,19776,19154
NC_053036.3,192600000,0.935067,0.536477,192900000,3252,18245,17834
NC_053036.3,192900000,0.933591,0.550243,193200000,4183,20099,20232
NC_053036.3,193200000,0.906996,0.538917,193500000,4628,20346,20448
NC_053036.3,193500000,0.842247,0.561237,193800000,4708,18734,18285
NC_053036.3,193800000,0.951924,0.52589,194100000,4026,18894,18695
NC_053036.3,194100000,0.909466,0.549533,194400000,5234,16297,16042
NC_053036.3,194400000,0.906138,0.552493,194700000,4244,18308,17940
NC_053036.3,194700000,0.905905,0.547873,195000000,3800,19358,18639
NC_053036.3,195000000,0.912138,0.518637,195300000,5005,21207,20706
NC_053036.3,195300000,0.86994,0.529893,195600000,4222,15790,14904
NC_053036.3,195600000,0.863397,0.537707,195900000,6712,20964,20447
NC_053036.3,195900000,0.91304,0.529663,196200000,3343,17830,17569
NC_053036.3,196200000,0.893686,0.517097,196500000,4692,19305,18688
NC_053036.3,196500000,0.861843,0.55304,196800000,3107,18277,18019
NC_053036.3,196800000,0.892923,0.53657,197100000,3805,19627,19016
NC_053036.3,197100000,0.94216,0.531963,197400000,5388,20682,20480
NC_053036.3,197400000,0.924055,0.537297,197700000,4011,19529,19319
NC_053036.3,197700000,0.859922,0.528317,198000000,4540,18592,18364
NC_053036.3,198000000,0.93935,0.52549,198300000,3168,19158,18811
NC_053036.3,198300000,0.87069,0.553253,198600000,3518,19659,19055
NC_053036.3,198600000,0.92358,0.545537,198900000,2960,18801,18534
NC_053036.3,198900000,0.931957,0.540323,199200000,3284,19696,19608
NC_053036.3,199200000,0.944208,0.53441,199500000,4438,20526,20139
NC_053036.3,199500000,0.900926,0.536243,199800000,4125,18066,17827
NC_053036.3,199800000,0.93084,0.54034,200100000,3756,20055,19749
NC_053036.3,200100000,0.83342,0.537143,200400000,5611,20072,19506
NC_053036.3,200400000,0.951241,0.56195,200700000,3079,19156,18960
NC_053036.3,200700000,0.901043,0.54241,201000000,6337,21693,21416
NC_053036.3,201000000,0.925855,0.551707,201300000,4900,20507,20473
NC_053036.3,201300000,0.859164,0.5421,201600000,5842,20850,19921
NC_053036.3,201600000,0.953638,0.539803,201900000,2782,18974,18538
NC_053036.3,201900000,0.901695,0.552573,202200000,3515,19208,18581
NC_053036.3,202200000,0.905411,0.532693,202500000,4619,20055,20053
NC_053036.3,202500000,0.821763,0.549753,202800000,3536,17182,16723
NC_053036.3,202800000,0.91735,0.550067,203100000,4162,19808,19572
NC_053036.3,203100000,0.906981,0.544663,203400000,5544,20814,20460
NC_053036.3,203400000,0.917831,0.522607,203700000,4368,20379,20306
NC_053036.3,203700000,0.922359,0.522077,204000000,4581,20812,20700
NC_053036.3,204000000,0.926675,0.537827,204300000,3932,19948,19340
NC_053036.3,204300000,0.901554,0.54032,204600000,4971,20349,20011
NC_053036.3,204600000,0.943826,0.52692,204900000,4254,20487,20000
NC_053036.3,204900000,0.907188,0.56232,205200000,4426,20293,19786
NC_053036.3,205200000,0.906822,0.55266,205500000,5463,21195,20754
NC_053036.3,205500000,0.920612,0.552233,205800000,7533,22926,22099
NC_053036.3,205800000,0.91188,0.55104,206100000,4766,20545,19966
NC_053036.3,206100000,0.933704,0.534987,206400000,3420,19990,19261
NC_053036.3,206400000,0.90446,0.557523,206700000,4448,20324,19360
NC_053036.3,206700000,0.869902,0.549697,207000000,4863,19768,19469
NC_053036.3,207000000,0.924143,0.555757,207300000,5083,21141,20625
NC_053036.3,207300000,0.950039,0.530273,207600000,3246,21016,20050
NC_053036.3,207600000,0.908345,0.54394,207900000,5068,20862,20636
NC_053036.3,207900000,0.947111,0.542597,208200000,2955,19218,18652
NC_053036.3,208200000,0.947111,0.531637,208500000,2261,18718,18224
NC_053036.3,208500000,0.886865,0.533147,208800000,4930,19240,18926
NC_053036.3,208800000,0.916778,0.529817,209100000,4434,20319,19921
NC_053036.3,209100000,0.950012,0.537603,209400000,3669,19572,19286
NC_053036.3,209400000,0.921483,0.535213,209700000,3956,20385,20319
NC_053036.3,209700000,0.92709,0.5227,210000000,3543,19714,19358
NC_053036.3,210000000,0.905742,0.520387,210300000,4445,20664,19964
NC_053036.3,210300000,0.89675,0.531273,210600000,3848,20159,19994
NC_053036.3,210600000,0.904885,0.536293,210900000,5252,20202,20087
NC_053036.3,210900000,0.950977,0.528243,211200000,3423,20128,19896
NC_053036.3,211200000,0.911035,0.544703,211500000,4132,19148,18993
NC_053036.3,211500000,0.903342,0.529363,211800000,4540,20113,19789
NC_053036.3,211800000,0.907909,0.51842,212100000,4985,21044,20276
NC_053036.3,212100000,0.93805,0.5383,212400000,3222,19314,19084
NC_053036.3,212400000,0.935393,0.536197,212700000,3361,19552,19460
NC_053036.3,212700000,0.954509,0.514103,213000000,3513,20134,19377
NC_053036.3,213000000,0.919102,0.535263,213300000,4081,18938,18624
NC_053036.3,213300000,0.861472,0.564407,213600000,3875,18837,18420
NC_053036.3,213600000,0.959233,0.51792,213900000,2673,19266,18981
NC_053036.3,213900000,0.876913,0.538167,214200000,3831,19803,19335
NC_053036.3,214200000,0.931797,0.499143,214500000,2956,19559,19256
NC_053036.3,214500000,0.962196,0.526073,214800000,2446,17058,16608
NC_053036.3,214800000,0.905549,0.514903,215100000,3506,19253,18689
NC_053036.3,215100000,0.917548,0.519393,215400000,2332,18428,18122
NC_053036.3,215400000,0.968592,0.52238,215700000,1784,18894,18445
NC_053036.3,215700000,0.950585,0.51833,216000000,1944,18393,18202
NC_053036.3,216000000,0.9329,0.5374,216300000,2369,19150,18517
NC_053036.3,216300000,0.928502,0.517587,216600000,2179,18730,18159
NC_053036.3,216600000,0.962708,0.5143,216900000,1534,18565,18264
NC_053036.3,216900000,0.858276,0.51785,217200000,1638,18969,18204
NC_053036.3,217200000,0.8952,0.532527,217500000,4478,20057,19739
NC_053036.3,217500000,0.923202,0.507223,217800000,4429,20205,19876
NC_053036.3,217800000,0.926018,0.511343,218100000,3025,19803,19364
NC_053036.3,218100000,0.873847,0.53341,218400000,3696,20163,19498
NC_053036.3,218400000,0.935379,0.509633,218700000,3448,20173,19565
NC_053036.3,218700000,0.921666,0.5245,219000000,2542,18720,18019
NC_053036.3,219000000,0.923409,0.525953,219300000,4934,19714,19381
NC_053036.3,219300000,0.929112,0.530063,219600000,3531,20123,19974
NC_053036.3,219600000,0.937331,0.547703,219900000,2513,18767,18266
NC_053036.3,219900000,0.901974,0.527323,220200000,4078,19642,19181
NC_053036.3,220200000,0.912178,0.548177,220500000,3844,19589,18865
NC_053036.3,220500000,0.943491,0.525083,220800000,3495,19818,19156
NC_053036.3,220800000,0.932237,0.525363,221100000,3957,20236,20184
NC_053036.3,221100000,0.930216,0.503617,221400000,3220,19902,19149
NC_053036.3,221400000,0.901021,0.496587,221700000,3834,20349,19715
NC_053036.3,221700000,0.908046,0.518293,222000000,4033,20538,20024
NC_053036.3,222000000,0.934364,0.51746,222300000,5128,20892,20616
NC_053036.3,222300000,0.905649,0.532927,222600000,2815,18228,17961
NC_053036.3,222600000,0.948184,0.521833,222900000,2965,18987,19094
NC_053036.3,222900000,0.926026,0.51733,223200000,2895,19181,18865
NC_053036.3,223200000,0.93141,0.53265,223500000,2164,17496,16978
NC_053036.3,223500000,0.919695,0.5118,223800000,3451,19981,19223
NC_053036.3,223800000,0.902552,0.50018,224100000,3346,20168,19398
NC_053036.3,224100000,0.925306,0.500883,224400000,3042,19963,19526
NC_053036.3,224400000,0.899868,0.522073,224700000,3354,18585,18155
NC_053036.3,224700000,0.908317,0.528367,225000000,3118,19052,18414
NC_053036.3,225000000,0.948165,0.52675,225300000,2659,19015,19074
NC_053036.3,225300000,0.979159,0.494843,225600000,2359,19061,18915
NC_053036.3,225600000,0.883185,0.50537,225900000,3210,18538,17867
NC_053036.3,225900000,0.931478,0.531717,226200000,3827,20430,20080
NC_053036.3,226200000,0.925481,0.539047,226500000,11596,25413,25150
NC_053036.3,226500000,0.913721,0.534457,226800000,2193,18340,17801
NC_053036.3,226800000,0.95192,0.520653,227100000,3047,19526,19271
NC_053036.3,227100000,0.901769,0.496447,227400000,2878,19484,18855
NC_053036.3,227400000,0.930642,0.522927,227700000,3347,20178,19794
NC_053036.3,227700000,0.862214,0.54754,228000000,5212,19006,18645
NC_053036.3,228000000,0.941542,0.498583,228300000,3618,20430,19799
NC_053036.3,228300000,0.923467,0.5407,228600000,4162,20394,19904
NC_053036.3,228600000,0.955324,0.535967,228900000,3489,19245,19309
NC_053036.3,228900000,0.9362,0.510697,229200000,3615,19880,19504
NC_053036.3,229200000,0.945471,0.521677,229500000,3277,20639,20127
NC_053036.3,229500000,0.929383,0.522963,229800000,2408,18532,18438
NC_053036.3,229800000,0.905673,0.548403,230100000,1957,15967,16041
NC_053036.3,230100000,0.920303,0.528783,230400000,2739,18923,18269
NC_053036.3,230400000,0.920244,0.545657,230700000,3589,19251,18562
NC_053036.3,230700000,0.921091,0.523883,231000000,2814,19102,18672
NC_053036.3,231000000,0.964391,0.530323,231300000,1763,18294,17764
NC_053036.3,231300000,0.864228,0.503173,231600000,2420,16396,16286
NC_053036.3,231600000,0.9675,0.505963,231900000,2769,19541,18941
NC_053036.3,231900000,0.939349,0.513623,232200000,2223,18472,18322
NC_053036.3,232200000,0.937191,0.521387,232500000,3995,20459,20405
NC_053036.3,232500000,0.9365,0.54278,232800000,3236,19061,18576
NC_053036.3,232800000,0.947146,0.52132,233100000,2765,19120,18687
NC_053036.3,233100000,0.942707,0.52798,233400000,2435,18774,18246
NC_053036.3,233400000,0.945895,0.49663,233700000,2305,19069,18816
NC_053036.3,233700000,0.850847,0.524447,234000000,3712,19317,19002
NC_053036.3,234000000,0.945362,0.53338,234300000,5655,21520,21235
NC_053036.3,234300000,0.922708,0.533553,234600000,4919,19339,18301
NC_053036.3,234600000,0.913986,0.507693,234900000,2454,18303,17764
NC_053036.3,234900000,0.932339,0.55003,235200000,4375,19602,19810
NC_053036.3,235200000,0.940238,0.528027,235500000,2619,18235,17672
NC_053036.3,235500000,0.932619,0.534233,235800000,3337,19355,19390
NC_053036.3,235800000,0.885725,0.536273,236100000,4740,19238,19200
NC_053036.3,236100000,0.845584,0.50758,236400000,4203,19408,18749
NC_053036.3,236400000,0.92905,0.520163,236700000,4053,19532,19555
NC_053036.3,236700000,0.916093,0.518717,237000000,3590,20126,19886
NC_053036.3,237000000,0.970923,0.527247,237300000,2888,19051,18979
NC_053036.3,237300000,0.862434,0.5404,237600000,5516,20446,20019
NC_053036.3,237600000,0.978434,0.544847,237900000,2598,19209,18723
NC_053036.3,237900000,0.94732,0.51915,238200000,3889,20867,19940
NC_053036.3,238200000,0.956539,0.5244,238500000,3741,19973,19579
NC_053036.3,238500000,0.951318,0.539953,238800000,2750,18250,17956
NC_053036.3,238800000,0.931127,0.537067,239100000,3139,19492,18984
NC_053036.3,239100000,0.92219,0.520423,239400000,4486,20861,20170
NC_053036.3,239400000,0.840862,0.542743,239700000,4786,18911,18818
NC_053036.3,239700000,0.92946,0.557523,240000000,4524,20122,20078
NC_053036.3,240000000,0.966755,0.547813,240300000,2371,18604,18517
NC_053036.3,240300000,0.945293,0.53445,240600000,2006,18294,17788
NC_053036.3,240600000,0.928941,0.542487,240900000,3583,19273,19096
NC_053036.3,240900000,0.955505,0.502957,241200000,2747,19367,18942
NC_053036.3,241200000,0.901983,0.52986,241500000,6157,21616,20936
NC_053036.3,241500000,0.925236,0.541453,241800000,3987,20463,20016
NC_053036.3,241800000,0.954656,0.52889,242100000,3208,19670,19166
NC_053036.3,242100000,0.901345,0.53114,242400000,4586,22830,22846
NC_053036.3,242400000,0.9501,0.534903,242700000,3724,20379,20155
NC_053036.3,242700000,0.982174,0.546887,243000000,2241,18418,18151
NC_053036.3,243000000,0.942218,0.538783,243300000,4479,20852,20445
NC_053036.3,243300000,0.960772,0.531113,243600000,2509,19357,18879
NC_053036.3,243600000,0.948933,0.55043,243900000,3105,18818,18772
NC_053036.3,243900000,0.923607,0.539063,244200000,4244,19654,19698
NC_053036.3,244200000,0.953542,0.536243,244500000,3460,19621,19106
NC_053036.3,244500000,0.927564,0.532093,244800000,3483,19897,19686
NC_053036.3,244800000,0.878469,0.552747,245100000,3415,19290,18650
NC_053036.3,245100000,0.948462,0.535547,245400000,2904,18959,18571
NC_053036.3,245400000,0.982727,0.514297,245700000,1645,18543,18332
NC_053036.3,245700000,0.913368,0.53285,246000000,4113,19674,19376
NC_053036.3,246000000,0.95068,0.531437,246300000,2916,19013,18911
NC_053036.3,246300000,0.91492,0.527403,246600000,3291,19304,19125
NC_053036.3,246600000,0.927437,0.52638,246900000,3455,19527,19222
NC_053036.3,246900000,0.935411,0.512313,247200000,2539,18444,18400
NC_053036.3,247200000,0.916068,0.526617,247500000,2480,18809,18346
NC_053036.3,247500000,0.954948,0.524433,247800000,2847,19938,19862
NC_053036.3,247800000,0.939772,0.537693,248100000,4139,20103,19865
NC_053036.3,248100000,0.956005,0.518643,248400000,1894,18231,17701
NC_053036.3,248400000,0.93654,0.51891,248700000,3343,19302,18880
NC_053036.3,248700000,0.948109,0.524793,249000000,2387,18777,18687
NC_053036.3,249000000,0.953798,0.52823,249300000,2787,19154,18660
NC_053036.3,249300000,0.964997,0.521213,249600000,2276,18797,18716
NC_053036.3,249600000,0.927246,0.536903,249900000,1310,17689,17493
NC_053036.3,249900000,0.969422,0.514677,250200000,2279,19046,18540
NC_053036.3,250200000,0.949932,0.522923,250500000,1868,17830,17757
NC_053036.3,250500000,0.93894,0.53312,250800000,3504,19159,18831
NC_053036.3,250800000,0.910743,0.518373,251100000,4084,20382,19725
NC_053036.3,251100000,0.915571,0.520583,251400000,6012,20902,20661
NC_053036.3,251400000,0.94001,0.50067,251700000,2519,18844,18531
NC_053036.3,251700000,0.942231,0.51436,252000000,2654,18458,18011
NC_053036.3,252000000,0.916767,0.523487,252300000,2095,17775,17578
NC_053036.3,252300000,0.887617,0.53046,252600000,2789,18556,18044
NC_053036.3,252600000,0.906056,0.508877,252900000,4086,19868,19518
NC_053036.3,252900000,0.91954,0.502267,253200000,2522,19616,18794
NC_053036.3,253200000,0.932894,0.511017,253500000,2841,19722,19374
NC_053036.3,253500000,0.942887,0.50496,253800000,2711,19226,19061
NC_053036.3,253800000,0.949201,0.525757,254100000,3671,19886,19520
NC_053036.3,254100000,0.954072,0.514963,254400000,8333,23283,23682
NC_053036.3,254400000,0.927847,0.516393,254700000,3776,19971,19866
NC_053036.3,254700000,0.850443,0.5236,255000000,4736,19548,19157
NC_053036.3,255000000,0.910039,0.52429,255300000,3745,19748,19465
NC_053036.3,255300000,0.915494,0.534473,255600000,3002,18874,18535
NC_053036.3,255600000,0.924848,0.525687,255900000,2922,18648,18040
NC_053036.3,255900000,0.928224,0.539287,256200000,2463,18601,18497
NC_053036.3,256200000,0.956316,0.50482,256500000,2999,19670,18803
NC_053036.3,256500000,0.967033,0.52905,256800000,4977,21384,20897
NC_053036.3,256800000,0.90419,0.536083,257100000,7277,23176,22958
NC_053036.3,257100000,0.94536,0.551577,257400000,2923,19266,18444
NC_053036.3,257400000,0.912952,0.51728,257700000,5012,19942,19764
NC_053036.3,257700000,0.945227,0.52009,258000000,2645,18901,18805
NC_053036.3,258000000,0.92348,0.530377,258300000,3999,19412,19296
NC_053036.3,258300000,0.924684,0.537597,258600000,2790,19417,18940
NC_053036.3,258600000,0.847871,0.527803,258900000,4947,20096,19956
NC_053036.3,258900000,0.934716,0.517043,259200000,3279,19663,19392
NC_053036.3,259200000,0.895177,0.53857,259500000,4348,19633,19552
NC_053036.3,259500000,0.945147,0.541217,259800000,3849,19667,19633
NC_053036.3,259800000,0.90097,0.535113,260100000,4032,19588,19018
NC_053036.3,260100000,0.934131,0.50971,260400000,5033,21770,21754
NC_053036.3,260400000,0.932464,0.519917,260700000,13167,27666,26815
NC_053036.3,260700000,0.901384,0.53584,261000000,3085,18736,18594
NC_053036.3,261000000,0.954043,0.52901,261300000,3673,19994,19533
NC_053036.3,261300000,0.881489,0.553837,261600000,3599,18975,18022
NC_053036.3,261600000,0.931931,0.528153,261900000,3390,20628,20055
NC_053036.3,261900000,0.933065,0.509243,262200000,2853,19244,19039
NC_053036.3,262200000,0.910443,0.5345,262500000,3874,19544,19371
NC_053036.3,262500000,0.933126,0.543213,262800000,5394,29437,31227
NC_053036.3,262800000,0.935506,0.532267,263100000,3075,19578,19225
NC_053036.3,263100000,0.946109,0.526597,263400000,3427,20256,19749
NC_053036.3,263400000,0.925279,0.517457,263700000,6134,21494,20957
NC_053036.3,263700000,0.970622,0.520613,264000000,3035,22330,21660
NC_053036.3,264000000,0.943608,0.529227,264300000,2901,19148,18792
NC_053036.3,264300000,0.925118,0.51686,264600000,9112,23581,22408
NC_053036.3,264600000,0.900594,0.549557,264900000,6167,21710,21416
NC_053036.3,264900000,0.906304,0.55248,265200000,3823,19326,19502
NC_053036.3,265200000,0.866726,0.53153,265500000,4860,19418,19269
NC_053036.3,265500000,0.928549,0.53968,265800000,5096,21067,20493
NC_053036.3,265800000,0.916136,0.542663,266100000,2286,18129,17805
NC_053036.3,266100000,0.928903,0.535693,266400000,2666,19029,18371
NC_053036.3,266400000,0.969546,0.523613,266700000,4540,21016,20396
NC_053036.3,266700000,0.93688,0.52167,267000000,3185,19290,18970
NC_053036.3,267000000,0.967863,0.527167,267300000,2078,19167,18679
NC_053036.3,267300000,0.958806,0.536783,267600000,5148,20933,20341
NC_053036.3,267600000,0.928636,0.53269,267900000,4993,20726,20536
NC_053036.3,267900000,0.914749,0.530907,268200000,2930,18336,17791
NC_053036.3,268200000,0.949578,0.52664,268500000,2758,19060,18728
NC_053036.3,268500000,0.914569,0.521337,268800000,3414,19465,19153
NC_053036.3,268800000,0.963722,0.542343,269100000,3868,20396,20205
NC_053036.3,269100000,0.963112,0.529573,269400000,2603,18748,18484
NC_053036.3,269400000,0.874122,0.525357,269700000,4895,21052,20293
NC_053036.3,269700000,0.926368,0.519963,270000000,3350,20520,19877
NC_053036.3,270000000,0.924955,0.53625,270300000,7009,22264,21787
NC_053036.3,270300000,0.942666,0.53466,270600000,3006,19269,18886
NC_053036.3,270600000,0.935361,0.54576,270900000,4290,19653,18922
NC_053036.3,270900000,0.925356,0.549177,271200000,4803,20461,20159
NC_053036.3,271200000,0.90754,0.51918,271500000,3312,19966,19612
NC_053036.3,271500000,0.946036,0.50385,271800000,2868,19833,19209
NC_053036.3,271800000,0.956234,0.520873,272100000,3336,19759,19781
NC_053036.3,272100000,0.543614,0.523557,272400000,3545,12270,12162
NC_053036.3,272400000,0.957222,0.513923,272700000,2620,19712,19222
NC_053036.3,272700000,0.908063,0.552257,273000000,3518,19101,18758
NC_053036.3,273000000,0.913683,0.547593,273300000,4498,20350,19810
NC_053036.3,273300000,0.908239,0.53592,273600000,3846,19554,19175
NC_053036.3,273600000,0.968505,0.55121,273900000,2656,18743,18729
NC_053036.3,273900000,0.938654,0.52921,274200000,2970,19773,19402
NC_053036.3,274200000,0.951637,0.539633,274500000,2990,19354,18656
NC_053036.3,274500000,0.924796,0.52074,274800000,3853,19808,19489
NC_053036.3,274800000,0.934761,0.538147,275100000,3213,18703,18539
NC_053036.3,275100000,0.843768,0.550133,275400000,26090,43039,35730
NC_053036.3,275400000,0.698569,0.584143,275700000,1666,16763,16155
NC_053036.3,275700000,0.922602,0.55366,276000000,4275,19278,18946
NC_053036.3,276000000,0.846421,0.55029,276300000,5148,13736,13297
NC_053036.3,276300000,0.894645,0.528763,276600000,5240,20812,20618
NC_053036.3,276600000,0.628271,0.562763,276900000,8087,20267,19024
NC_053036.3,276900000,0.682186,0.55676,277200000,5903,19059,18560
NC_053036.3,277200000,0.726499,0.55134,277500000,5603,19777,18995
NC_053036.3,277500000,0.767083,0.556773,277800000,6111,20503,19804
NC_053036.3,277800000,0.684967,0.566097,278100000,7962,20996,20182
NC_053036.3,278100000,0.567209,0.556447,278400000,7377,18241,17718
NC_053036.3,278400000,0.77802,0.558377,278700000,5617,19346,18895
NC_053036.3,278700000,0.67443,0.559167,279000000,7088,18685,17993
NC_053036.3,279000000,0.739359,0.553003,279300000,5904,19816,19463
NC_053036.3,279300000,0.731102,0.553203,279600000,5950,20504,19793
NC_053036.3,279600000,0.770615,0.559597,279900000,6225,20082,19775
NC_053036.3,279900000,0.850349,0.53146,280200000,4831,20372,19753
NC_053036.3,280200000,0.85336,0.548483,280500000,4832,20129,19313
NC_053036.3,280500000,0.765788,0.52761,280800000,5824,20773,20271
NC_053036.3,280800000,0.865975,0.534127,281100000,4601,20008,19760
NC_053036.3,281100000,0.785811,0.535517,281400000,5127,19947,19413
NC_053036.3,281400000,0.639295,0.5289,281700000,6212,18703,17802
NC_053036.3,281700000,0.757608,0.538613,282000000,6717,21235,20297
NC_053036.3,282000000,0.868798,0.530347,282300000,3247,19814,19092
NC_053036.3,282300000,0.811835,0.548247,282600000,5275,20001,19452
NC_053036.3,282600000,0.917696,0.53184,282900000,4585,20054,19899
NC_053036.3,282900000,0.942248,0.543247,283200000,3354,19655,19444
NC_053036.3,283200000,0.976178,0.532313,283500000,3321,19104,18618
NC_053036.3,283500000,0.951889,0.545673,283800000,2817,18871,19012
NC_053036.3,283800000,0.876329,0.550813,284100000,3607,19753,18851
NC_053036.3,284100000,0.937483,0.539837,284400000,4199,19750,19881
NC_053036.3,284400000,0.935158,0.537243,284700000,3943,19722,19977
NC_053036.3,284700000,0.826122,0.53406,285000000,3203,17229,17386
NC_053036.3,285000000,0.920545,0.528473,285300000,6586,21942,22128
NC_053036.3,285300000,0.951895,0.532557,285600000,3248,19438,19033
NC_053036.3,285600000,0.963886,0.533093,285900000,2524,18815,18558
NC_053036.3,285900000,0.882568,0.538187,286200000,4900,20176,19972
NC_053036.3,286200000,0.927929,0.55088,286500000,3458,19300,19080
NC_053036.3,286500000,0.907115,0.50579,286800000,3105,19562,19057
NC_053036.3,286800000,0.963807,0.528997,287100000,3099,19901,19393
NC_053036.3,287100000,0.937076,0.52415,287400000,4818,20751,20819
NC_053036.3,287400000,0.868661,0.539467,287700000,5773,20424,20061
NC_053036.3,287700000,0.941295,0.533743,288000000,2867,18947,18467
NC_053036.3,288000000,0.948441,0.529517,288300000,2862,19562,19281
NC_053036.3,288300000,0.951729,0.539747,288600000,3434,19456,19184
NC_053036.3,288600000,0.946711,0.531343,288900000,3796,19772,19582
NC_053036.3,288900000,0.903855,0.532637,289200000,4419,19829,19224
NC_053036.3,289200000,0.884947,0.50844,289500000,4123,21211,20939
NC_053036.3,289500000,0.875987,0.529587,289800000,4242,20173,19642
NC_053036.3,289800000,0.758551,0.579273,290100000,10220,36398,35018
NC_053036.3,290100000,0.96284,0.519213,290400000,4675,20539,20070
NC_053036.3,290400000,0.925013,0.532333,290700000,2324,18664,18051
NC_053036.3,290700000,0.927687,0.542537,291000000,5311,21124,20464
NC_053036.3,291000000,0.951531,0.542487,291300000,2809,18771,18679
NC_053036.3,291300000,0.921514,0.523413,291600000,3208,19354,18940
NC_053036.3,291600000,0.941956,0.550023,291900000,3574,19258,19092
NC_053036.3,291900000,0.928036,0.526677,292200000,3380,19748,19436
NC_053036.3,292200000,0.927206,0.54268,292500000,2440,18252,17877
NC_053036.3,292500000,0.938628,0.54572,292800000,3134,19888,19342
NC_053036.3,292800000,0.906468,0.536703,293100000,3567,19179,18804
NC_053036.3,293100000,0.954948,0.55502,293400000,7631,22171,21902
NC_053036.3,293400000,0.946212,0.537777,293700000,7047,22542,22267
NC_053036.3,293700000,0.940967,0.5424,294000000,3854,19974,19730
NC_053036.3,294000000,0.914245,0.52749,294300000,5825,21834,21552
NC_053036.3,294300000,0.681832,0.59986,294600000,11111,28604,27754
NC_053036.3,294600000,0.913186,0.543433,294900000,3620,20109,19669
NC_053036.3,294900000,0.947475,0.524307,295200000,2766,18766,18642
NC_053036.3,295200000,0.925052,0.541967,295500000,2833,18295,18141
NC_053036.3,295500000,0.924737,0.52464,295800000,3275,19364,18898
NC_053036.3,295800000,0.903239,0.52196,296100000,3288,19136,18777
NC_053036.3,296100000,0.926897,0.543763,296400000,4633,20057,19831
NC_053036.3,296400000,0.901584,0.516983,296700000,4346,20383,20182
NC_053036.3,296700000,0.9628,0.52134,297000000,2846,19935,19221
NC_053036.3,297000000,0.958059,0.538323,297300000,4125,19713,19409
NC_053036.3,297300000,0.892859,0.524883,297600000,3959,18979,18849
NC_053036.3,297600000,0.940052,0.525137,297900000,4389,20905,20734
NC_053036.3,297900000,0.928161,0.519947,298200000,3573,20340,20179
NC_053036.3,298200000,0.937416,0.549503,298500000,3963,20005,19681
NC_053036.3,298500000,0.96078,0.52832,298800000,3164,19707,18939
NC_053036.3,298800000,0.91804,0.534223,299100000,5304,20896,20447
NC_053036.3,299100000,0.917813,0.537293,299400000,4607,20383,20081
NC_053036.3,299400000,0.895234,0.54785,299700000,4114,20384,20081
NC_053036.3,299700000,0.908266,0.518143,300000000,4443,20510,20234
NC_053036.3,300000000,0.939924,0.53575,300300000,3909,20165,20130
NC_053036.3,300300000,0.898826,0.524613,300600000,3086,19319,18756
NC_053036.3,300600000,0.97865,0.53236,300900000,2503,19168,18619
NC_053036.3,300900000,0.900037,0.553827,301200000,3813,19738,19288
NC_053036.3,301200000,0.926654,0.52116,301500000,4533,20584,20227
NC_053036.3,301500000,0.913966,0.52977,301800000,3661,20025,19249
NC_053036.3,301800000,0.91295,0.536547,302100000,3633,18118,17947
NC_053036.3,302100000,0.911528,0.543587,302400000,3813,19201,18890
NC_053036.3,302400000,0.9004,0.528177,302700000,4128,19814,19267
NC_053036.3,302700000,0.895683,0.51934,303000000,5132,20645,19912
NC_053036.3,303000000,0.912626,0.542887,303300000,3419,18981,18327
NC_053036.3,303300000,0.925805,0.54837,303600000,6358,22443,21608
NC_053036.3,303600000,0.90172,0.539637,303900000,3455,19481,18813
NC_053036.3,303900000,0.866339,0.547453,304200000,5312,20051,19631
NC_053036.3,304200000,0.88551,0.536667,304500000,4522,20458,20264
NC_053036.3,304500000,0.958885,0.530177,304800000,6639,22537,22119
NC_053036.3,304800000,0.952785,0.54045,305100000,4840,20637,20585
NC_053036.3,305100000,0.901889,0.53883,305400000,4312,19740,19525
NC_053036.3,305400000,0.949122,0.536843,305700000,3779,20209,20174
NC_053036.3,305700000,0.888205,0.546003,306000000,4190,19823,19643
NC_053036.3,306000000,0.893084,0.54259,306300000,4016,17155,16654
NC_053036.3,306300000,0.913168,0.538353,306600000,4228,20147,19981
NC_053036.3,306600000,0.952208,0.531377,306900000,3533,19931,19598
NC_053036.3,306900000,0.914648,0.543107,307200000,3454,18663,18487
NC_053036.3,307200000,0.90839,0.527773,307500000,3750,19333,19325
NC_053036.3,307500000,0.93819,0.538327,307800000,4536,20335,20130
NC_053036.3,307800000,0.952577,0.542957,308100000,3285,19270,18827
NC_053036.3,308100000,0.926867,0.54497,308400000,3961,19916,19584
NC_053036.3,308400000,0.885619,0.522527,308700000,4142,19949,19563
NC_053036.3,308700000,0.962229,0.555843,309000000,3636,19330,19297
NC_053036.3,309000000,0.913422,0.535113,309300000,5007,19448,19329
NC_053036.3,309300000,0.966525,0.541863,309600000,4387,19997,20148
NC_053036.3,309600000,0.942477,0.529587,309900000,3483,19537,19248
NC_053036.3,309900000,0.9278,0.537433,310200000,3526,19723,19571
NC_053036.3,310200000,0.927096,0.543793,310500000,4628,20840,20189
NC_053036.3,310500000,0.917317,0.545303,310800000,9952,25741,24992
NC_053036.3,310800000,0.948611,0.55323,311100000,3445,19746,19415
NC_053036.3,311100000,0.940743,0.527367,311400000,3312,19453,18939
NC_053036.3,311400000,0.950303,0.525017,311700000,2718,19726,18985
NC_053036.3,311700000,0.91966,0.508863,312000000,6583,22768,22162
NC_053036.3,312000000,0.976941,0.529827,312300000,2508,19176,19027
NC_053036.3,312300000,0.833433,0.55558,312600000,4948,18977,18453
NC_053036.3,312600000,0.948175,0.548523,312900000,3194,19342,19206
NC_053036.3,312900000,0.902578,0.556053,313200000,4491,20358,20161
NC_053036.3,313200000,0.902963,0.542153,313500000,4776,20450,20493
NC_053036.3,313500000,0.92345,0.533343,313800000,3765,19529,19301
NC_053036.3,313800000,0.933522,0.54085,314100000,4303,20098,19965
NC_053036.3,314100000,0.946555,0.535307,314400000,3507,19664,18998
NC_053036.3,314400000,0.939857,0.535967,314700000,3633,20017,19857
NC_053036.3,314700000,0.94,0.525853,315000000,2743,19275,19279
NC_053036.3,315000000,0.904057,0.5437,315300000,5439,20443,20346
NC_053036.3,315300000,0.925904,0.528093,315600000,4377,20229,20356
NC_053036.3,315600000,0.908823,0.528787,315900000,3142,18910,18499
NC_053036.3,315900000,0.91331,0.53236,316200000,6004,21641,21232
NC_053036.3,316200000,0.902466,0.541257,316500000,4273,20092,19394
NC_053036.3,316500000,0.919905,0.52809,316800000,4789,20750,20149
NC_053036.3,316800000,0.94479,0.54402,317100000,3178,19257,18783
NC_053036.3,317100000,0.892746,0.528407,317400000,4757,19287,19013
NC_053036.3,317400000,0.888618,0.535397,317700000,6013,20706,20215
NC_053036.3,317700000,0.951125,0.54616,318000000,3296,19229,19098
NC_053036.3,318000000,0.92092,0.539317,318300000,5092,20732,20170
NC_053036.3,318300000,0.910224,0.538087,318600000,5579,20685,20624
NC_053036.3,318600000,0.898781,0.532227,318900000,5876,21909,21593
NC_053036.3,318900000,0.892987,0.538617,319200000,4345,20279,19846
NC_053036.3,319200000,0.907769,0.540503,319500000,3454,18537,18651
NC_053036.3,319500000,0.909315,0.558673,319800000,3313,18779,18457
NC_053036.3,319800000,0.916703,0.553027,320100000,4619,19841,19732
NC_053036.3,320100000,0.912874,0.553987,320400000,4639,20469,20298
NC_053036.3,320400000,0.913987,0.54127,320700000,5905,22023,21970
NC_053036.3,320700000,0.918963,0.50946,321000000,4533,21322,20966
NC_053036.3,321000000,0.936284,0.547833,321300000,3554,19571,19288
NC_053036.3,321300000,0.953732,0.51991,321600000,2864,20076,19324
NC_053036.3,321600000,0.951179,0.54188,321900000,3843,20340,19976
NC_053036.3,321900000,0.909788,0.5426,322200000,5807,20915,20732
NC_053036.3,322200000,0.941406,0.535567,322500000,4161,20199,20004
NC_053036.3,322500000,0.946066,0.546717,322800000,3688,19839,19389
NC_053036.3,322800000,0.918045,0.54073,323100000,4048,20595,20128
NC_053036.3,323100000,0.923884,0.53559,323400000,3093,19687,19021
NC_053036.3,323400000,0.918256,0.51729,323700000,3943,20345,19844
NC_053036.3,323700000,0.918908,0.51102,324000000,5363,21633,20837
NC_053036.3,324000000,0.949933,0.513953,324300000,3554,20095,19911
NC_053036.3,324300000,0.882339,0.52489,324600000,3778,20386,19649
NC_053036.3,324600000,0.902911,0.543887,324900000,4571,20064,19475
NC_053036.3,324900000,0.961821,0.52717,325200000,3423,19902,19623
NC_053036.3,325200000,0.871237,0.5369,325500000,4951,20794,20040
NC_053036.3,325500000,0.966243,0.494413,325800000,2923,20707,19936
NC_053036.3,325800000,0.88585,0.541717,326100000,4803,20610,20637
NC_053036.3,326100000,0.924323,0.54717,326400000,3967,20638,20331
NC_053036.3,326400000,0.942251,0.522257,326700000,3892,20256,20072
NC_053036.3,326700000,0.921225,0.531763,327000000,4377,20799,20331
NC_053036.3,327000000,0.872804,0.527843,327300000,6049,22036,21813
NC_053036.3,327300000,0.934723,0.547563,327600000,4718,20563,20243
NC_053036.3,327600000,0.903232,0.535573,327900000,4425,20249,20011
NC_053036.3,327900000,0.895354,0.538453,328200000,5530,22073,21415
NC_053036.3,328200000,0.936169,0.548627,328500000,2866,19387,19253
NC_053036.3,328500000,0.87184,0.532093,328800000,5436,20944,20927
NC_053036.3,328800000,0.926128,0.552497,329100000,4795,20388,20270
NC_053036.3,329100000,0.934407,0.538923,329400000,4002,20543,20256
NC_053036.3,329400000,0.912854,0.540167,329700000,5256,21687,20732
NC_053036.3,329700000,0.91078,0.532913,330000000,3785,20130,19455
NC_053036.3,330000000,0.899875,0.531037,330300000,4616,20336,20209
NC_053036.3,330300000,0.912812,0.533587,330600000,4388,20742,20403
NC_053036.3,330600000,0.879695,0.543033,330900000,6074,21742,21400
NC_053036.3,330900000,0.896999,0.545803,331200000,4131,20162,20029
NC_053036.3,331200000,0.933406,0.541423,331500000,3925,20103,19659
NC_053036.3,331500000,0.907876,0.535853,331800000,5499,20842,21690
NC_053036.3,331800000,0.935263,0.538473,332100000,3773,20409,19474
NC_053036.3,332100000,0.922638,0.548143,332400000,5348,20473,20116
NC_053036.3,332400000,0.956619,0.53064,332700000,3288,20143,19821
NC_053036.3,332700000,0.948221,0.52804,333000000,5079,20953,20411
NC_053036.3,333000000,0.942082,0.514673,333300000,2922,19617,19211
NC_053036.3,333300000,0.886768,0.528977,333600000,3614,19937,19674
NC_053036.3,333600000,0.92709,0.534973,333900000,3341,19667,19372
NC_053036.3,333900000,0.901936,0.525587,334200000,3310,19349,18793
NC_053036.3,334200000,0.930073,0.534037,334500000,4258,20307,19969
NC_053036.3,334500000,0.977037,0.500347,334800000,3279,20708,20145
NC_053036.3,334800000,0.9112,0.537057,335100000,4835,20901,20280
NC_053036.3,335100000,0.899976,0.536503,335400000,3806,19616,19320
NC_053036.3,335400000,0.924376,0.526923,335700000,3512,20058,19494
NC_053036.3,335700000,0.905597,0.544947,336000000,5092,21080,20815
NC_053036.3,336000000,0.934528,0.535043,336300000,4068,20436,20278
NC_053036.3,336300000,0.954829,0.53107,336600000,3461,19664,19498
NC_053036.3,336600000,0.913372,0.553783,336900000,3413,19586,19411
NC_053036.3,336900000,0.951378,0.555053,337200000,2661,19419,18751
NC_053036.3,337200000,0.964718,0.549177,337500000,3391,20339,19648
NC_053036.3,337500000,0.950659,0.53034,337800000,3003,19489,19234
NC_053036.3,337800000,0.945342,0.553107,338100000,2861,19340,19405
NC_053036.3,338100000,0.940025,0.541003,338400000,6099,21878,21336
NC_053036.3,338400000,0.926305,0.54735,338700000,5465,21821,21115
NC_053036.3,338700000,0.957999,0.517113,339000000,2931,19699,19425
NC_053036.3,339000000,0.912773,0.532217,339300000,4126,20663,20067
NC_053036.3,339300000,0.946833,0.548047,339600000,3476,20201,19610
NC_053036.3,339600000,0.926974,0.54514,339900000,5592,20677,20621
NC_053036.3,339900000,0.962072,0.539823,340200000,3432,20331,19636
NC_053036.3,340200000,0.898696,0.52522,340500000,3247,19826,19429
NC_053036.3,340500000,0.910696,0.545797,340800000,4351,20504,20308
NC_053036.3,340800000,0.937529,0.539217,341100000,3247,19099,18571
NC_053036.3,341100000,0.88159,0.54649,341400000,4098,20381,19871
NC_053036.3,341400000,0.959409,0.521037,341700000,3962,20638,20240
NC_053036.3,341700000,0.93412,0.52913,342000000,3070,19784,19156
NC_053036.3,342000000,0.897462,0.533287,342300000,2952,18834,18244
NC_053036.3,342300000,0.938482,0.55315,342600000,2713,19260,19112
NC_053036.3,342600000,0.924309,0.53016,342900000,4253,20028,19747
NC_053036.3,342900000,0.958859,0.52404,343200000,2982,19497,19244
NC_053036.3,343200000,0.943601,0.532463,343500000,3281,19920,19473
NC_053036.3,343500000,0.896727,0.53747,343800000,4166,20188,19775
NC_053036.3,343800000,0.9278,0.529957,344100000,3007,19981,19726
NC_053036.3,344100000,0.913301,0.527763,344400000,6227,22306,21596
NC_053036.3,344400000,0.937924,0.547627,344700000,4200,20388,20178
NC_053036.3,344700000,0.919964,0.53514,345000000,4861,21745,20775
NC_053036.3,345000000,0.925484,0.541987,345300000,3971,20403,19976
NC_053036.3,345300000,0.921404,0.526937,345600000,3079,19348,19083
NC_053036.3,345600000,0.91973,0.550083,345900000,4447,20756,20721
NC_053036.3,345900000,0.91806,0.527237,346200000,3742,19994,19879
NC_053036.3,346200000,0.907005,0.532663,346500000,4306,20223,19969
NC_053036.3,346500000,0.917717,0.541583,346800000,4188,20502,20113
NC_053036.3,346800000,0.919913,0.522793,347100000,3194,19742,19133
NC_053036.3,347100000,0.919577,0.555063,347400000,4209,20329,19825
NC_053036.3,347400000,0.935052,0.54766,347700000,3414,19393,19161
NC_053036.3,347700000,0.907179,0.543077,348000000,4722,20381,20504
NC_053036.3,348000000,0.949608,0.54934,348300000,2914,17928,17795
NC_053036.3,348300000,0.905967,0.540033,348600000,4846,20998,20308
NC_053036.3,348600000,0.923366,0.521657,348900000,4410,20897,20338
NC_053036.3,348900000,0.93118,0.542263,349200000,5125,21347,21069
NC_053036.3,349200000,0.936492,0.544093,349500000,4099,19986,20139
NC_053036.3,349500000,0.909775,0.552407,349800000,4583,21014,20577
NC_053036.3,349800000,0.914104,0.539103,350100000,4746,20405,20497
NC_053036.3,350100000,0.884845,0.53643,350400000,4918,21169,21120
NC_053036.3,350400000,0.868199,0.533487,350700000,4100,20627,19638
NC_053036.3,350700000,0.86822,0.532927,351000000,4408,20560,20168
NC_053036.3,351000000,0.866413,0.53814,351300000,3603,19644,19404
NC_053036.3,351300000,0.923152,0.535617,351600000,6271,22017,21777
NC_053036.3,351600000,0.914866,0.509417,351900000,3820,20989,20400
NC_053036.3,351900000,0.957933,0.50987,352200000,3155,19419,18891
NC_053036.3,352200000,0.857837,0.544387,352500000,5578,21265,20631
NC_053036.3,352500000,0.880462,0.540447,352800000,5231,21524,21090
NC_053036.3,352800000,0.891545,0.533073,353100000,4276,20908,20251
NC_053036.3,353100000,0.923095,0.520427,353400000,3968,20383,20001
NC_053036.3,353400000,0.919182,0.521933,353700000,5052,21394,20568
NC_053036.3,353700000,0.947775,0.52462,354000000,3842,20897,20302
NC_053036.3,354000000,0.896578,0.525563,354300000,4083,21049,20604
NC_053036.3,354300000,0.859162,0.531323,354600000,4825,20471,20059
NC_053036.3,354600000,0.888522,0.530847,354900000,4221,20728,20283
NC_053036.3,354900000,0.914247,0.538387,355200000,5368,21469,21002
NC_053036.3,355200000,0.930746,0.55681,355500000,3643,19296,19263
NC_053036.3,355500000,0.932242,0.54365,355800000,3272,19177,18912
NC_053036.3,355800000,0.90642,0.53031,356100000,4302,19699,19072
NC_053036.3,356100000,0.941673,0.530627,356400000,3818,20374,19866
NC_053036.3,356400000,0.942857,0.531793,356700000,3879,19087,18831
NC_053036.3,356700000,0.911634,0.546853,357000000,5087,20482,20174
NC_053036.3,357000000,0.924901,0.532223,357300000,6848,22551,22264
NC_053036.3,357300000,0.949246,0.53897,357600000,3411,19727,19455
NC_053036.3,357600000,0.924943,0.52229,357900000,2531,19650,19047
NC_053036.3,357900000,0.942374,0.544583,358200000,3484,19800,19438
NC_053036.3,358200000,0.909436,0.54294,358500000,4957,21449,21038
NC_053036.3,358500000,0.912153,0.542337,358800000,3519,19778,19754
NC_053036.3,358800000,0.908302,0.537383,359100000,4481,21117,20672
NC_053036.3,359100000,0.93354,0.540507,359400000,3520,20177,19905
NC_053036.3,359400000,0.914055,0.546843,359700000,3801,20446,19964
NC_053036.3,359700000,0.911564,0.548897,360000000,4802,20884,20848
NC_053036.3,360000000,0.895218,0.544023,360300000,4535,20893,21037
NC_053036.3,360300000,0.964044,0.54434,360600000,2948,19560,19301
NC_053036.3,360600000,0.953607,0.5276,360900000,3083,19719,19150
NC_053036.3,360900000,0.938677,0.54196,361200000,2498,19326,18982
NC_053036.3,361200000,0.942139,0.5599,361500000,4486,20659,20350
NC_053036.3,361500000,0.914763,0.546863,361800000,3596,19927,19804
NC_053036.3,361800000,0.888699,0.532177,362100000,4875,20884,20866
NC_053036.3,362100000,0.914667,0.52685,362400000,4255,20989,20253
NC_053036.3,362400000,0.915567,0.527443,362700000,4709,21518,21325
NC_053036.3,362700000,0.951866,0.523883,363000000,3470,20228,19701
NC_053036.3,363000000,0.941233,0.508173,363300000,4996,21587,21078
NC_053036.3,363300000,0.908342,0.53296,363600000,4703,20663,20519
NC_053036.3,363600000,0.943024,0.544167,363900000,4194,20236,19864
NC_053036.3,363900000,0.900504,0.540937,364200000,4414,21268,20636
NC_053036.3,364200000,0.883607,0.539103,364500000,6400,21537,21731
NC_053036.3,364500000,0.932382,0.546383,364800000,3720,20505,19711
NC_053036.3,364800000,0.9466,0.529867,365100000,2689,20193,19461
NC_053036.3,365100000,0.88215,0.53561,365400000,4699,20968,20373
NC_053036.3,365400000,0.924714,0.499073,365700000,3545,20809,20259
NC_053036.3,365700000,0.889241,0.52419,366000000,3632,20372,20042
NC_053036.3,366000000,0.942639,0.558897,366300000,2697,18839,18560
NC_053036.3,366300000,0.935922,0.538413,366600000,3131,19285,18961
NC_053036.3,366600000,0.946306,0.534637,366900000,3982,20010,19800
NC_053036.3,366900000,0.94281,0.51887,367200000,2744,19682,19361
NC_053036.3,367200000,0.910266,0.536467,367500000,4218,21034,20156
NC_053036.3,367500000,0.920406,0.481637,367800000,3665,21341,20444
NC_053036.3,367800000,0.918451,0.539,368100000,4194,20988,20281
NC_053036.3,368100000,0.951852,0.548477,368400000,2737,19268,19012
NC_053036.3,368400000,0.964702,0.507373,368700000,3076,20356,19878
NC_053036.3,368700000,0.916512,0.542007,369000000,3738,20593,19809
NC_053036.3,369000000,0.939402,0.522863,369300000,2984,19852,19298
NC_053036.3,369300000,0.977611,0.543417,369600000,2746,19705,19447
NC_053036.3,369600000,0.943008,0.528137,369900000,2589,19335,18816
NC_053036.3,369900000,0.931063,0.52353,370200000,3273,20225,19901
NC_053036.3,370200000,0.909434,0.53596,370500000,5281,21742,21328
NC_053036.3,370500000,0.899655,0.54015,370800000,5227,21187,20982
NC_053036.3,370800000,0.938139,0.54059,371100000,3847,20302,19708
NC_053036.3,371100000,0.956218,0.54331,371400000,3104,20038,19871
NC_053036.3,371400000,0.942861,0.544427,371700000,3625,20625,19857
NC_053036.3,371700000,0.913939,0.549353,372000000,3317,19948,19601
NC_053036.3,372000000,0.869275,0.542697,372300000,4784,20871,20595
NC_053036.3,372300000,0.921511,0.52255,372600000,3711,20548,20207
NC_053036.3,372600000,0.926698,0.557987,372900000,3632,19796,19176
NC_053036.3,372900000,0.933243,0.536607,373200000,3581,19921,19356
NC_053036.3,373200000,0.954206,0.534203,373500000,3195,19866,19385
NC_053036.3,373500000,0.908156,0.55147,373800000,4410,20501,20583
NC_053036.3,373800000,0.932121,0.556647,374100000,3352,19850,19443
NC_053036.3,374100000,0.898206,0.550137,374400000,5243,21500,21334
NC_053036.3,374400000,0.913279,0.55679,374700000,5214,20776,20674
NC_053036.3,374700000,0.875675,0.52255,375000000,5219,21324,20810
NC_053036.3,375000000,0.910951,0.517803,375300000,4721,21182,20496
NC_053036.3,375300000,0.912409,0.52593,375600000,5637,21867,21366
NC_053036.3,375600000,0.927606,0.527157,375900000,3560,20133,19822
NC_053036.3,375900000,0.9491,0.534017,376200000,3977,20977,20467
NC_053036.3,376200000,0.910575,0.534587,376500000,4852,21057,21063
NC_053036.3,376500000,0.910319,0.538197,376800000,4176,20704,20385
NC_053036.3,376800000,0.934206,0.541243,377100000,5016,21286,21134
NC_053036.3,377100000,0.882743,0.55091,377400000,4698,20986,20564
NC_053036.3,377400000,0.931284,0.554137,377700000,4462,20762,20383
NC_053036.3,377700000,0.912989,0.542413,378000000,4268,21390,20824
NC_053036.3,378000000,0.927779,0.545487,378300000,4167,20524,20262
NC_053036.3,378300000,0.911451,0.485163,378600000,4390,21977,21534
NC_053036.3,378600000,0.945339,0.542233,378900000,4076,20500,20120
NC_053036.3,378900000,0.904969,0.53557,379200000,4560,21244,20553
NC_053036.3,379200000,0.907602,0.53083,379500000,4633,21373,20909
NC_053036.3,379500000,0.868743,0.542193,379800000,3513,20031,19613
NC_053036.3,379800000,0.905191,0.529733,380100000,3793,20448,20252
NC_053036.3,380100000,0.90827,0.541683,380400000,4766,21171,21277
NC_053036.3,380400000,0.946813,0.52978,380700000,4978,21807,21070
NC_053036.3,380700000,0.940892,0.558997,381000000,3728,19801,19393
NC_053036.3,381000000,0.943669,0.549213,381300000,4175,21211,20587
NC_053036.3,381300000,0.952056,0.54357,381600000,3245,19610,19653
NC_053036.3,381600000,0.943754,0.53119,381900000,3550,20512,20093
NC_053036.3,381900000,0.876142,0.53602,382200000,5170,21150,21062
NC_053036.3,382200000,0.953455,0.520997,382500000,4458,21274,20715
NC_053036.3,382500000,0.878536,0.525033,382800000,5765,22325,21987
NC_053036.3,382800000,0.904914,0.539093,383100000,2681,19843,19062
NC_053036.3,383100000,0.935721,0.555753,383400000,3345,19454,19384
NC_053036.3,383400000,0.907493,0.5421,383700000,3883,19109,18717
NC_053036.3,383700000,0.931479,0.544283,384000000,4133,19653,19787
NC_053036.3,384000000,0.887246,0.52504,384300000,4381,20324,19442
NC_053036.3,384300000,0.892087,0.529217,384600000,4742,20449,19962
NC_053036.3,384600000,0.807258,0.499473,384900000,23691,38253,37677
NC_053036.3,384900000,0.875354,0.54012,385200000,7250,26867,26131
NC_053036.3,385200000,0.829498,0.541057,385500000,9110,24770,24265
NC_053036.3,385500000,0.951673,0.533487,385800000,4401,20318,20063
NC_053036.3,385800000,0.941196,0.53508,386100000,4063,20503,19959
NC_053036.3,386100000,0.911468,0.543067,386400000,4589,19676,19639
NC_053036.3,386400000,0.941717,0.523417,386700000,2601,18653,18633
NC_053036.3,386700000,0.880419,0.540157,387000000,4332,19761,19499
NC_053036.3,387000000,0.93241,0.538513,387300000,4067,19923,19853
NC_053036.3,387300000,0.936916,0.538113,387600000,3386,19806,19339
NC_053036.3,387600000,0.864528,0.52055,387900000,4762,19588,19582
NC_053036.3,387900000,0.875602,0.547703,388200000,4787,19228,19189
NC_053036.3,388200000,0.922106,0.530917,388500000,3139,19838,19005
NC_053036.3,388500000,0.92351,0.529597,388800000,3553,18876,18697
NC_053036.3,388800000,0.896861,0.52406,389100000,4205,20384,19890
NC_053036.3,389100000,0.937231,0.537027,389400000,4460,20213,19712
NC_053036.3,389400000,0.907655,0.532417,389700000,5314,20492,20408
NC_053036.3,389700000,0.844589,0.540257,390000000,4449,18663,18416
NC_053036.3,390000000,0.909513,0.576013,390300000,5745,20968,21008
NC_053036.3,390300000,0.933177,0.570313,390600000,4015,19975,19734
NC_053036.3,390600000,0.920306,0.528363,390900000,3899,20022,19526
NC_053036.3,390900000,0.910114,0.526957,391200000,7536,23610,22586
NC_053036.3,391200000,0.934239,0.5374,391500000,3193,19485,18914
NC_053036.3,391500000,0.892235,0.532963,391800000,5163,21153,20640
NC_053036.3,391800000,0.909599,0.531443,392100000,4130,19947,19851
NC_053036.3,392100000,0.954834,0.541027,392400000,2767,19264,18681
NC_053036.3,392400000,0.929831,0.541437,392700000,4091,20775,19942
NC_053036.3,392700000,0.910483,0.50755,393000000,4303,19917,19961
NC_053036.3,393000000,0.899416,0.525283,393300000,4058,20109,19426
NC_053036.3,393300000,0.882208,0.52805,393600000,2906,18636,17950
NC_053036.3,393600000,0.885386,0.522407,393900000,2737,17745,17604
NC_053036.3,393900000,0.939011,0.530017,394200000,3358,19544,19366
NC_053036.3,394200000,0.94271,0.54722,394500000,3406,19399,19361
NC_053036.3,394500000,0.85217,0.510967,394800000,5508,22095,21329
NC_053036.3,394800000,0.876601,0.55249,395100000,9377,22096,22341
NC_053036.3,395100000,0.930677,0.544903,395400000,4400,20489,20274
NC_053036.3,395400000,0.8952,0.518023,395700000,4607,20418,20057
NC_053036.3,395700000,0.907192,0.554837,396000000,4150,18831,18866
NC_053036.3,396000000,0.896624,0.540423,396300000,4661,20143,19895
NC_053036.3,396300000,0.899259,0.536727,396600000,5196,20277,20006
NC_053036.3,396600000,0.908019,0.523103,396900000,4253,19912,19427
NC_053036.3,396900000,0.927761,0.531007,397200000,4983,20794,20597
NC_053036.3,397200000,0.910159,0.536053,397500000,5368,19876,19547
NC_053036.3,397500000,0.874947,0.54514,397800000,4609,18375,18533
NC_053036.3,397800000,0.904254,0.535517,398100000,4136,19110,18547
NC_053036.3,398100000,0.929238,0.54106,398400000,5160,20889,20271
NC_053036.3,398400000,0.919291,0.55615,398700000,7073,22633,22269
NC_053036.3,398700000,0.920068,0.534517,399000000,3876,20122,19655
NC_053036.3,399000000,0.901452,0.543137,399300000,4468,20081,19821
NC_053036.3,399300000,0.898835,0.57849,399600000,2869,19773,19227
NC_053036.3,399600000,0.875075,0.530933,399900000,6484,25468,24137
NC_053036.3,399900000,0.896282,0.529067,400200000,6159,25522,24871
NC_053036.3,400200000,0.879095,0.539947,400500000,5558,21016,20643
NC_053036.3,400500000,0.888547,0.532437,400800000,4096,19996,19280
NC_053036.3,400800000,0.808124,0.561417,401100000,1773,16221,16080
NC_053036.3,401100000,0.922786,0.5326,401400000,3251,19383,18968
NC_053036.3,401400000,0.908253,0.517313,401700000,4786,20735,20321
NC_053036.3,401700000,0.881083,0.535313,402000000,5178,20276,19555
NC_053036.3,402000000,0.923115,0.528817,402300000,5451,21817,21198
NC_053036.3,402300000,0.918229,0.530383,402600000,4047,19440,19318
NC_053036.3,402600000,0.887299,0.528407,402900000,4946,19835,19639
NC_053036.3,402900000,0.925971,0.543667,403200000,4137,20453,19744
NC_053036.3,403200000,0.949885,0.51841,403500000,5066,20520,20147
NC_053036.3,403500000,0.910015,0.50616,403800000,4209,20092,19660
NC_053036.3,403800000,0.957374,0.52679,404100000,3389,19328,19342
NC_053036.3,404100000,0.954762,0.52564,404400000,3785,20192,19589
NC_053036.3,404400000,0.918199,0.512097,404700000,2828,18504,18170
NC_053036.3,404700000,0.915272,0.544467,405000000,4211,19003,18461
NC_053036.3,405000000,0.902067,0.51306,405300000,5006,16873,16787
NC_053036.3,405300000,0.871053,0.52386,405600000,5768,19828,19357
NC_053036.3,405600000,0.903104,0.54582,405900000,4177,18838,18505
NC_053036.3,405900000,0.897762,0.543763,406200000,4827,19035,18985
NC_053036.3,406200000,0.868093,0.541537,406500000,5519,19746,19528
NC_053036.3,406500000,0.920852,0.533727,406800000,5129,20617,20241
NC_053036.3,406800000,0.942662,0.552247,407100000,4092,20012,19708
NC_053036.3,407100000,0.873292,0.54752,407400000,4996,21539,20981
NC_053036.3,407400000,0.90832,0.53723,407700000,3610,19855,19280
NC_053036.3,407700000,0.911068,0.54269,408000000,4484,20426,20191
NC_053036.3,408000000,0.932001,0.529167,408300000,4755,21395,20715
NC_053036.3,408300000,0.930087,0.53778,408600000,2954,19690,19106
NC_053036.3,408600000,0.925947,0.54457,408900000,3722,20314,20146
NC_053036.3,408900000,0.831103,0.531527,409200000,5277,21236,21042
NC_053036.3,409200000,0.882602,0.521443,409500000,4877,21091,21335
NC_053036.3,409500000,0.938838,0.54251,409800000,2782,19798,19079
NC_053036.3,409800000,0.863558,0.54611,410100000,6217,21688,21320
NC_053036.3,410100000,0.909795,0.518317,410400000,3563,20073,19539
NC_053036.3,410400000,0.903324,0.538023,410700000,7009,22593,21957
NC_053036.3,410700000,0.891061,0.538107,411000000,4994,21398,21024
NC_053036.3,411000000,0.888488,0.54945,411300000,3892,20111,19882
NC_053036.3,411300000,0.905279,0.526,411600000,3584,20251,19959
NC_053036.3,411600000,0.920248,0.52903,411900000,4025,20917,20342
NC_053036.3,411900000,0.936428,0.52087,412200000,4132,20975,20511
NC_053036.3,412200000,0.931314,0.520027,412500000,3601,20382,19987
NC_053036.3,412500000,0.910318,0.50811,412800000,4014,20806,20574
NC_053036.3,412800000,0.920969,0.538537,413100000,3509,20517,20222
NC_053036.3,413100000,0.920619,0.540727,413400000,4588,20951,20467
NC_053036.3,413400000,0.943807,0.510077,413700000,2864,20241,19341
NC_053036.3,413700000,0.915466,0.526993,414000000,3790,20409,19747
NC_053036.3,414000000,0.803561,0.517353,414300000,4673,21309,20583
NC_053036.3,414300000,0.905529,0.518413,414600000,3761,20435,20088
NC_053036.3,414600000,0.892968,0.523483,414900000,5778,21527,21448
NC_053036.3,414900000,0.947778,0.513463,415200000,3929,20713,20384
NC_053036.3,415200000,0.886148,0.5283,415500000,3986,20657,20303
NC_053036.3,415500000,0.928753,0.533253,415800000,4047,20803,20852
NC_053036.3,415800000,0.851222,0.544007,416100000,5908,22064,21375
NC_053036.3,416100000,0.916157,0.554483,416400000,5916,21637,21460
NC_053036.3,416400000,0.897864,0.556657,416700000,4641,21060,20710
NC_053036.3,416700000,0.912309,0.53292,417000000,5055,21398,20769
NC_053036.3,417000000,0.88271,0.526777,417300000,3007,19688,19038
NC_053036.3,417300000,0.934415,0.52828,417600000,3640,20731,20295
NC_053036.3,417600000,0.9082,0.541047,417900000,2838,19535,19125
NC_053036.3,417900000,0.89557,0.522923,418200000,4270,21252,20686
NC_053036.3,418200000,0.929906,0.51543,418500000,2813,19782,19724
NC_053036.3,418500000,0.904628,0.509547,418800000,4328,21241,20431
NC_053036.3,418800000,0.950819,0.524607,419100000,2413,19525,19124
NC_053036.3,419100000,0.897638,0.513243,419400000,4537,21140,20403
NC_053036.3,419400000,0.89886,0.505363,419700000,4717,21685,20986
NC_053036.3,419700000,0.850134,0.52942,420000000,3384,20064,19656
NC_053036.3,420000000,0.859694,0.53952,420300000,5589,20300,20190
NC_053036.3,420300000,0.891142,0.534963,420600000,4132,20861,20170
NC_053036.3,420600000,0.830356,0.529233,420900000,6863,22790,21922
NC_053036.3,420900000,0.940249,0.536963,421200000,5058,21329,20726
NC_053036.3,421200000,0.868338,0.53335,421500000,4505,20761,20351
NC_053036.3,421500000,0.896994,0.541907,421800000,4687,20861,20165
NC_053036.3,421800000,0.910384,0.520377,422100000,3680,20387,20086
NC_053036.3,422100000,0.865041,0.531003,422400000,5630,21316,20971
NC_053036.3,422400000,0.882714,0.52571,422700000,5664,21235,20969
NC_053036.3,422700000,0.902859,0.55281,423000000,3601,19870,19356
NC_053036.3,423000000,0.943012,0.534177,423300000,3386,20050,19497
NC_053036.3,423300000,0.894788,0.530057,423600000,3828,20713,20116
NC_053036.3,423600000,0.914602,0.535027,423900000,3737,20374,20169
NC_053036.3,423900000,0.919168,0.528993,424200000,4129,20822,20473
NC_053036.3,424200000,0.878324,0.543703,424500000,4335,21247,20588
NC_053036.3,424500000,0.934721,0.525047,424800000,5313,21822,21859
NC_053036.3,424800000,0.888911,0.506553,425100000,6118,23223,22564
NC_053036.3,425100000,0.894791,0.524963,425400000,5653,21624,21687
NC_053036.3,425400000,0.895486,0.5408,425700000,5338,21617,21234
NC_053036.3,425700000,0.951588,0.54259,426000000,3511,20184,19963
NC_053036.3,426000000,0.960246,0.541893,426300000,4210,20700,20515
NC_053036.3,426300000,0.944943,0.529383,426600000,5225,21026,20519
NC_053036.3,426600000,0.934899,0.51938,426900000,4802,21491,20590
NC_053036.3,426900000,0.932283,0.547803,427200000,4097,20261,19836
NC_053036.3,427200000,0.928003,0.54489,427500000,3702,19938,19883
NC_053036.3,427500000,0.913351,0.522113,427800000,4681,21577,20595
NC_053036.3,427800000,0.932914,0.533617,428100000,3463,19938,19970
NC_053036.3,428100000,0.847816,0.5464,428400000,3771,19888,19443
NC_053036.3,428400000,0.888895,0.528203,428700000,4734,21099,20662
NC_053036.3,428700000,0.917627,0.55204,429000000,4175,20187,19877
NC_053036.3,429000000,0.925923,0.529263,429300000,3573,20263,19606
NC_053036.3,429300000,0.931399,0.552087,429600000,3949,19969,19978
NC_053036.3,429600000,0.881966,0.524487,429900000,3921,19751,19393
NC_053036.3,429900000,0.912746,0.52916,430200000,4818,20890,20698
NC_053036.3,430200000,0.890501,0.5269,430500000,4649,20467,20387
NC_053036.3,430500000,0.937095,0.51762,430800000,4244,20481,19991
NC_053036.3,430800000,0.955292,0.546637,431100000,3738,20778,20225
NC_053036.3,431100000,0.92212,0.545347,431400000,3819,19732,19625
NC_053036.3,431400000,0.913639,0.527983,431700000,3999,19806,19755
NC_053036.3,431700000,0.907765,0.534347,432000000,3371,19022,18244
NC_053036.3,432000000,0.869271,0.54939,432300000,5178,19644,19129
NC_053036.3,432300000,0.898372,0.54245,432600000,4969,15481,15227
NC_053036.3,432600000,0.878425,0.55149,432900000,5984,20771,20050
NC_053036.3,432900000,0.93278,0.530373,433200000,4135,20161,19669
NC_053036.3,433200000,0.923489,0.553703,433500000,3652,18672,18104
NC_053036.3,433500000,0.874847,0.523073,433800000,5170,20639,20323
NC_053036.3,433800000,0.933261,0.54166,434100000,5268,19794,19470
NC_053036.3,434100000,0.950724,0.549813,434400000,2836,19405,18908
NC_053036.3,434400000,0.944692,0.51316,434700000,3995,21032,20336
NC_053036.3,434700000,0.860392,0.506003,435000000,6708,21612,21734
NC_053036.3,435000000,0.837695,0.53432,435300000,6208,21789,21316
NC_053036.3,435300000,0.935723,0.529903,435600000,6330,22607,22107
NC_053036.3,435600000,0.926765,0.523527,435900000,3956,19874,19615
NC_053036.3,435900000,0.905936,0.520867,436200000,4277,19630,18919
NC_053036.3,436200000,0.897804,0.53125,436500000,5433,21127,20590
NC_053036.3,436500000,0.907756,0.526743,436800000,5847,20775,20844
NC_053036.3,436800000,0.914365,0.536427,437100000,4489,20399,19910
NC_053036.3,437100000,0.895596,0.534247,437400000,6191,20312,19773
NC_053036.3,437400000,0.947543,0.52341,437700000,4006,18886,18156
NC_053036.3,437700000,0.882998,0.534373,438000000,5651,20210,19842
NC_053036.3,438000000,0.855234,0.534937,438300000,5421,19945,19360
NC_053036.3,438300000,0.881695,0.533513,438600000,3945,19076,18446
NC_053036.3,438600000,0.892196,0.524727,438900000,6309,19989,19667
NC_053036.3,438900000,0.968416,0.502763,439200000,4994,21482,21094
NC_053036.3,439200000,0.907926,0.534927,439500000,4414,19978,19684
NC_053036.3,439500000,0.929134,0.519603,439800000,4678,20249,19798
NC_053036.3,439800000,0.905017,0.51474,440100000,3898,20010,19736
NC_053036.3,440100000,0.914561,0.497717,440400000,3766,19662,19157
NC_053036.3,440400000,0.896038,0.529147,440700000,3739,19466,18811
NC_053036.3,440700000,0.918614,0.531957,441000000,5420,20994,20808
NC_053036.3,441000000,0.884911,0.537153,441300000,5858,20502,20743
NC_053036.3,441300000,0.864985,0.518503,441600000,4535,19876,19080
NC_053036.3,441600000,0.901887,0.525337,441900000,4686,19730,19415
NC_053036.3,441900000,0.900364,0.534213,442200000,4025,19669,18983
NC_053036.3,442200000,0.891709,0.523,442500000,3978,19081,18787
NC_053036.3,442500000,0.975274,0.542983,442800000,2452,18621,18413
NC_053036.3,442800000,0.955531,0.520067,443100000,5492,21325,21264
NC_053036.3,443100000,0.911239,0.537913,443400000,2460,18227,17874
NC_053036.3,443400000,0.926533,0.52753,443700000,8429,22042,21281
NC_053036.3,443700000,0.910861,0.538507,444000000,4887,20511,20096
NC_053036.3,444000000,0.889702,0.53894,444300000,5445,20460,19932
NC_053036.3,444300000,0.86216,0.54381,444600000,5002,19644,19347
NC_053036.3,444600000,0.929783,0.512553,444900000,3146,18820,18499
NC_053036.3,444900000,0.93992,0.532403,445200000,3453,19650,19414
NC_053036.3,445200000,0.874604,0.53681,445500000,4757,19226,18774
NC_053036.3,445500000,0.912502,0.528733,445800000,3593,18899,18286
NC_053036.3,445800000,0.882115,0.543707,446100000,4785,19914,19600
NC_053036.3,446100000,0.859349,0.54434,446400000,5684,20846,20261
NC_053036.3,446400000,0.937371,0.538947,446700000,7027,22496,22142
NC_053036.3,446700000,0.940291,0.546027,447000000,3310,19222,18645
NC_053036.3,447000000,0.943074,0.539463,447300000,3110,19794,19634
NC_053036.3,447300000,0.936964,0.509797,447600000,3091,19662,19116
NC_053036.3,447600000,0.874907,0.548083,447900000,4135,19467,19473
NC_053036.3,447900000,0.877221,0.515393,448200000,4789,21057,20925
NC_053036.3,448200000,0.937262,0.490053,448500000,3121,20647,19969
NC_053036.3,448500000,0.943689,0.545143,448800000,3248,19830,19764
NC_053036.3,448800000,0.90699,0.537817,449100000,8351,24113,23681
NC_053036.3,449100000,0.90135,0.541917,449400000,4859,21358,20393
NC_053036.3,449400000,0.905804,0.535597,449700000,4441,20884,20415
NC_053036.3,449700000,0.944167,0.531947,450000000,4090,20770,20738
NC_053036.3,450000000,0.926427,0.52805,450300000,5143,21950,21188
NC_053036.3,450300000,0.881123,0.541133,450600000,4603,19335,19225
NC_053036.3,450600000,0.933791,0.538883,450900000,4547,19112,19292
NC_053036.3,450900000,0.898307,0.530913,451200000,3690,18790,18730
NC_053036.3,451200000,0.923209,0.527,451500000,4263,20059,19593
NC_053036.3,451500000,0.926995,0.547207,451800000,4143,19080,18984
NC_053036.3,451800000,0.885982,0.535343,452100000,4521,18698,18051
NC_053036.3,452100000,0.895917,0.526417,452400000,3518,16879,16887
NC_053036.3,452400000,0.895408,0.520223,452700000,4615,19247,19013
NC_053036.3,452700000,0.912174,0.533517,453000000,4997,18758,18776
NC_053036.3,453000000,0.917925,0.523763,453300000,4253,19538,18998
NC_053036.3,453300000,0.871026,0.536383,453600000,4544,17793,17695
NC_053036.3,453600000,0.895888,0.53055,453900000,5581,19879,19576
NC_053036.3,453900000,0.905382,0.519427,454200000,3793,18353,18027
NC_053036.3,454200000,0.915183,0.53732,454500000,8554,20065,19940
NC_053036.3,454500000,0.892069,0.520123,454800000,4185,19629,19462
NC_053036.3,454800000,0.915082,0.511157,455100000,3844,18627,18040
NC_053036.3,455100000,0.920333,0.517037,455400000,3883,19753,19209
NC_053036.3,455400000,0.92671,0.527727,455700000,5576,20134,19731
NC_053036.3,455700000,0.943419,0.522833,456000000,4978,20281,20052
NC_053036.3,456000000,0.930481,0.51335,456300000,6411,20585,20162
NC_053036.3,456300000,0.933614,0.526357,456600000,3736,24117,24385
NC_053036.3,456600000,0.904643,0.528277,456900000,5414,21072,20825
NC_053036.3,456900000,0.904638,0.535653,457200000,5191,19983,19709
NC_053036.3,457200000,0.922197,0.531917,457500000,2780,17924,17798
NC_053036.3,457500000,0.970437,0.526437,457800000,2847,18766,18335
NC_053036.3,457800000,0.917084,0.538257,458100000,3534,17692,17357
NC_053036.3,458100000,0.909133,0.519353,458400000,4530,18501,18209
NC_053036.3,458400000,0.906299,0.542247,458700000,4923,19331,18582
NC_053036.3,458700000,0.866283,0.51024,459000000,4421,18423,17990
NC_053036.3,459000000,0.857679,0.549307,459300000,5469,18336,18501
NC_053036.3,459300000,0.905667,0.539013,459600000,3230,17692,17784
NC_053036.3,459600000,0.9296,0.548243,459900000,3056,19073,18648
NC_053036.3,459900000,0.90451,0.519983,460200000,4460,17779,17546
NC_053036.3,460200000,0.874787,0.507887,460500000,4330,17484,17490
NC_053036.3,460500000,0.916281,0.546853,460800000,4391,18924,19057
NC_053036.3,460800000,0.922602,0.548177,461100000,5048,19434,19441
NC_053036.3,461100000,0.885405,0.522483,461400000,4941,18796,18475
NC_053036.3,461400000,0.895887,0.53173,461700000,4985,19574,18985
NC_053036.3,461700000,0.852079,0.53351,462000000,5844,19501,19386
NC_053036.3,462000000,0.866587,0.53034,462300000,4693,15635,15296
NC_053036.3,462300000,0.896086,0.551313,462600000,4275,16768,16855
NC_053036.3,462600000,0.937139,0.54828,462900000,3560,18880,18717
NC_053036.3,462900000,0.905582,0.540937,463200000,5204,20267,20268
NC_053036.3,463200000,0.897023,0.516147,463500000,3982,19518,19370
NC_053036.3,463500000,0.881381,0.527167,463800000,5118,18393,18140
NC_053036.3,463800000,0.891326,0.53955,464100000,5856,20697,20093
NC_053036.3,464100000,0.923694,0.53045,464400000,4409,18534,18326
NC_053036.3,464400000,0.870885,0.532923,464700000,7521,22082,21762
NC_053036.3,464700000,0.889226,0.5408,465000000,4477,20280,20156
NC_053036.3,465000000,0.925067,0.521603,465300000,4092,21094,20950
NC_053036.3,465300000,0.916132,0.519027,465600000,4032,20452,19758
NC_053036.3,465600000,0.888292,0.55446,465900000,4721,20401,20145
NC_053036.3,465900000,0.91582,0.523103,466200000,4783,20612,20260
NC_053036.3,466200000,0.979206,0.52631,466500000,2886,19372,19292
NC_053036.3,466500000,0.890171,0.50946,466800000,4187,20124,20079
NC_053036.3,466800000,0.852528,0.527103,467100000,6365,22312,21882
NC_053036.3,467100000,0.940354,0.500903,467400000,4509,21195,20632
NC_053036.3,467400000,0.945432,0.50021,467700000,3477,19641,19583
NC_053036.3,467700000,0.922989,0.50698,468000000,4110,20604,20294
NC_053036.3,468000000,0.945545,0.52151,468300000,4041,20530,20134
NC_053036.3,468300000,0.939589,0.51919,468600000,2916,19243,19116
NC_053036.3,468600000,0.937156,0.544357,468900000,3412,20085,19458
NC_053036.3,468900000,0.944896,0.528157,469200000,3451,20054,19556
NC_053036.3,469200000,0.958864,0.523177,469500000,5674,21055,20579
NC_053036.3,469500000,0.910064,0.545877,469800000,4253,20456,20269
NC_053036.3,469800000,0.957661,0.553073,470100000,3494,19793,19605
NC_053036.3,470100000,0.935319,0.54078,470400000,3768,20220,19826
NC_053036.3,470400000,0.941687,0.52468,470700000,2581,18622,18057
NC_053036.3,470700000,0.939068,0.53839,471000000,3657,19872,19414
NC_053036.3,471000000,0.901633,0.545893,471300000,4298,19282,18992
NC_053036.3,471300000,0.933899,0.51447,471600000,2674,18965,18545
NC_053036.3,471600000,0.847031,0.575803,471900000,5898,27961,26578
NC_053036.3,471900000,0.834525,0.55498,472200000,7318,24749,23872
NC_053036.3,472200000,0.869761,0.54208,472500000,5654,20823,20827
NC_053036.3,472500000,0.909067,0.53645,472800000,5100,21410,20616
NC_053036.3,472800000,0.908785,0.54455,473100000,5415,21422,21043
NC_053036.3,473100000,0.906572,0.541943,473400000,6547,21846,21441
NC_053036.3,473400000,0.902349,0.550447,473700000,5356,21079,20895
NC_053036.3,473700000,0.933257,0.54335,474000000,3519,19677,19533
NC_053036.3,474000000,0.901159,0.528323,474300000,4094,20601,19962
NC_053036.3,474300000,0.920762,0.53186,474600000,3646,19894,19391
NC_053036.3,474600000,0.908451,0.533417,474900000,3699,19885,19507
NC_053036.3,474900000,0.869028,0.53081,475200000,5369,21468,21113
NC_053036.3,475200000,0.909139,0.525207,475500000,4284,20914,20050
NC_053036.3,475500000,0.913939,0.534173,475800000,3544,20291,19643
NC_053036.3,475800000,0.92522,0.55264,476100000,4086,20349,19632
NC_053036.3,476100000,0.893434,0.53625,476400000,4092,20591,20269
NC_053036.3,476400000,0.87958,0.523067,476700000,4396,20880,20257
NC_053036.3,476700000,0.903909,0.523613,477000000,4936,21276,20821
NC_053036.3,477000000,0.914257,0.551493,477300000,4157,20216,19798
NC_053036.3,477300000,0.958473,0.53596,477600000,3943,20703,20247
NC_053036.3,477600000,0.885917,0.5539,477900000,4581,20277,20118
NC_053036.3,477900000,0.901821,0.53491,478200000,4793,21210,20831
NC_053036.3,478200000,0.908036,0.515927,478500000,4289,20564,20316
NC_053036.3,478500000,0.927612,0.53045,478800000,4306,20577,20132
NC_053036.3,478800000,0.925803,0.524737,479100000,4300,21160,20097
NC_053036.3,479100000,0.931978,0.543427,479400000,5293,26888,26383
NC_053036.3,479400000,0.853076,0.542737,479700000,6811,22635,22050
NC_053036.3,479700000,0.932994,0.5458,480000000,6457,21946,21880
NC_053036.3,480000000,0.940817,0.54813,480300000,4897,20121,20368
NC_053036.3,480300000,0.917226,0.534867,480600000,4271,18813,18466
NC_053036.3,480600000,0.904983,0.536453,480900000,4045,19547,19125
NC_053036.3,480900000,0.940426,0.542637,481200000,3506,19161,18293
NC_053036.3,481200000,0.89862,0.528017,481500000,3644,18233,18065
NC_053036.3,481500000,0.919572,0.542927,481800000,3568,19136,18656
NC_053036.3,481800000,0.91796,0.561477,482100000,3928,18631,18302
NC_053036.3,482100000,0.945242,0.548387,482400000,2837,19248,18867
NC_053036.3,482400000,0.797711,0.5944,482700000,1099,13799,13310
NC_053036.3,482700000,0.889006,0.52604,483000000,2625,18573,18125
NC_053036.3,483000000,0.912882,0.553057,483300000,4557,20345,20355
NC_053036.3,483300000,0.90177,0.53548,483600000,5323,20759,20293
NC_053036.3,483600000,0.931579,0.535643,483900000,3802,18873,18605
NC_053036.3,483900000,0.939505,0.545303,484200000,4671,19527,19495
NC_053036.3,484200000,0.851387,0.518153,484500000,4808,19176,18758
NC_053036.3,484500000,0.906944,0.53053,484800000,5559,21084,20815
NC_053036.3,484800000,0.873071,0.541037,485100000,4219,17977,17798
NC_053036.3,485100000,0.92299,0.543307,485400000,4043,19433,19410
NC_053036.3,485400000,0.934854,0.54506,485700000,4043,20130,19721
NC_053036.3,485700000,0.914303,0.54523,486000000,4439,19668,19769
NC_053036.3,486000000,0.940681,0.551967,486300000,2813,18608,18459
NC_053036.3,486300000,0.933404,0.517063,486600000,7618,24892,24131
NC_053036.3,486600000,0.840757,0.528393,486900000,7572,25158,24764
NC_053036.3,486900000,0.884356,0.53719,487200000,5379,20869,21078
NC_053036.3,487200000,0.964514,0.544203,487500000,2417,19247,18873
NC_053036.3,487500000,0.857957,0.549013,487800000,6671,20441,19997
NC_053036.3,487800000,0.849872,0.539783,488100000,4473,25575,25448
NC_053036.3,488100000,0.8436,0.557237,488400000,3222,15730,15542
NC_053036.3,488400000,0.786293,0.56275,488700000,3894,15083,15039
NC_053036.3,488700000,0.883391,0.552693,489000000,6859,19640,19804
NC_053036.3,489000000,0.824545,0.54598,489300000,6285,19647,19487
NC_053036.3,489300000,0.905873,0.538513,489600000,3493,17918,17595
NC_053036.3,489600000,0.918381,0.528607,489900000,4000,19262,18769
NC_053036.3,489900000,0.902223,0.532297,490200000,4162,19134,18794
NC_053036.3,490200000,0.905563,0.537293,490500000,3888,18483,18057
NC_053036.3,490500000,0.8964,0.528117,490800000,4383,18152,17554
NC_053036.3,490800000,0.905514,0.547267,491100000,4350,18186,18214
NC_053036.3,491100000,0.926895,0.5573,491400000,3769,18063,17926
NC_053036.3,491400000,0.873598,0.544123,491700000,5508,17452,17077
NC_053036.3,491700000,0.915384,0.55253,492000000,4500,19462,19297
NC_053036.3,492000000,0.92313,0.542703,492300000,5481,21290,21062
NC_053036.3,492300000,0.915506,0.536253,492600000,5123,20170,19820
NC_053036.3,492600000,0.910049,0.534247,492900000,4120,19184,18798
NC_053036.3,492900000,0.944616,0.543233,493200000,3579,19013,18968
NC_053036.3,493200000,0.88885,0.51997,493500000,4858,20801,20585
NC_053036.3,493500000,0.920954,0.537183,493800000,3140,18899,18609
NC_053036.3,493800000,0.946603,0.535897,494100000,4085,19199,19211
NC_053036.3,494100000,0.923996,0.523007,494400000,4656,19159,18765
NC_053036.3,494400000,0.885524,0.54227,494700000,4545,19822,19501
NC_053036.3,494700000,0.851981,0.5325,495000000,8443,22220,21850
NC_053036.3,495000000,0.853719,0.526797,495300000,5466,19803,19261
NC_053036.3,495300000,0.919585,0.502493,495600000,4415,18895,18656
NC_053036.3,495600000,0.902616,0.558077,495900000,3897,18458,18015
NC_053036.3,495900000,0.905471,0.532873,496200000,3310,19508,18949
NC_053036.3,496200000,0.877879,0.539607,496500000,4911,19875,19229
NC_053036.3,496500000,0.915877,0.52506,496800000,4566,20545,19794
NC_053036.3,496800000,0.926031,0.524227,497100000,3567,19790,19390
NC_053036.3,497100000,0.910138,0.517787,497400000,4359,19786,19745
NC_053036.3,497400000,0.915974,0.537287,497700000,4235,19850,19374
NC_053036.3,497700000,0.890088,0.533173,498000000,5083,20454,20099
NC_053036.3,498000000,0.941158,0.52289,498300000,3320,19782,19272
NC_053036.3,498300000,0.932764,0.538383,498600000,3680,19871,19078
NC_053036.3,498600000,0.888855,0.516453,498900000,3898,19722,19295
NC_053036.3,498900000,0.91502,0.534343,499200000,6103,19633,19130
NC_053036.3,499200000,0.90498,0.51672,499500000,2805,16595,16155
NC_053036.3,499500000,0.889619,0.519403,499800000,3697,18344,17610
NC_053036.3,499800000,0.908756,0.503437,500100000,9491,22427,22958
NC_053036.3,500100000,0.910965,0.53327,500400000,4803,18426,17973
NC_053036.3,500400000,0.923864,0.521533,500700000,6222,21957,21420
NC_053036.3,500700000,0.885481,0.542027,501000000,5071,21331,21035
NC_053036.3,501000000,0.912057,0.52513,501300000,4700,20920,20775
NC_053036.3,501300000,0.891715,0.532037,501600000,4833,20147,19777
NC_053036.3,501600000,0.887069,0.509283,501900000,4168,19762,19341
NC_053036.3,501900000,0.940652,0.52266,502200000,5537,21012,20855
NC_053036.3,502200000,0.931564,0.560873,502500000,3422,18986,18363
NC_053036.3,502500000,0.930679,0.542377,502800000,3925,18824,18714
NC_053036.3,502800000,0.914718,0.537063,503100000,5207,19913,19772
NC_053036.3,503100000,0.942144,0.51985,503400000,5374,19907,19581
NC_053036.3,503400000,0.875277,0.56779,503700000,3114,19276,18804
NC_053036.3,503700000,0.959886,0.544053,504000000,2853,18001,17621
NC_053036.3,504000000,0.941799,0.53032,504300000,3547,19311,19068
NC_053036.3,504300000,0.928442,0.526613,504600000,3280,18475,18294
NC_053036.3,504600000,0.91681,0.520897,504900000,4240,18937,18908
NC_053036.3,504900000,0.896491,0.55925,505200000,3966,16958,17008
NC_053036.3,505200000,0.908685,0.540317,505500000,4760,20075,19718
NC_053036.3,505500000,0.808712,0.574883,505800000,3191,17161,17232
NC_053036.3,505800000,0.90576,0.544983,506100000,3066,18635,18078
NC_053036.3,506100000,0.936682,0.521397,506400000,5711,20505,20144
NC_053036.3,506400000,0.900896,0.54411,506700000,4556,19929,19415
NC_053036.3,506700000,0.825502,0.592003,507000000,1178,17680,17361
NC_053036.3,507000000,0.882349,0.57631,507300000,1775,18463,17929
NC_053036.3,507300000,0.904459,0.577657,507600000,2511,19845,19812
NC_053036.3,507600000,0.890838,0.533097,507900000,5552,19638,19647
NC_053036.3,507900000,0.895661,0.527257,508200000,4463,20111,20021
NC_053036.3,508200000,0.910859,0.545417,508500000,4078,19931,19410
NC_053036.3,508500000,0.887678,0.542107,508800000,4640,20835,20676
NC_053036.3,508800000,0.914146,0.527233,509100000,4467,20806,20677
NC_053036.3,509100000,0.935947,0.540783,509400000,4550,20950,20726
NC_053036.3,509400000,0.89893,0.52633,509700000,4726,20482,20465
NC_053036.3,509700000,0.930712,0.533563,510000000,19752,20426,20055
NC_053036.3,510000000,0.936113,0.542893,510300000,20492,19731,19636
NC_053036.3,510300000,0.937848,0.517017,510600000,21201,21153,20919
NC_053036.3,510600000,0.834554,0.53478,510900000,21406,21593,20501
NC_053036.3,510900000,0.935364,0.514923,511200000,21119,20831,20244
NC_053036.3,511200000,0.910008,0.55551,511500000,20758,20464,20110
NC_053036.3,511500000,0.923255,0.521473,511800000,21071,20480,20557
NC_053036.3,511800000,0.956711,0.515427,512100000,20713,20182,19600
NC_053036.3,512100000,0.871646,0.558123,512400000,22178,21371,21169
NC_053036.3,512400000,0.893112,0.524273,512700000,21494,20912,20538
NC_053036.3,512700000,0.949587,0.5233,513000000,20008,19962,19543
NC_053036.3,513000000,0.93017,0.52288,513300000,20445,19949,19755
NC_053036.3,513300000,0.892771,0.532887,513600000,21720,21122,21019
NC_053036.3,513600000,0.896495,0.55431,513900000,22739,21537,21629
NC_053036.3,513900000,0.879708,0.543947,514200000,21767,21208,21069
NC_053036.3,514200000,0.905477,0.541717,514500000,12775,12795,12323
NC_053036.3,514500000,0.898689,0.539807,514800000,12029,11526,11287
NC_053036.3,514800000,0.903469,0.546143,515100000,17956,17261,16994
NC_053036.3,515100000,0.93483,0.55294,515400000,21380,20514,20185
NC_053036.3,515400000,0.878248,0.52694,515700000,22025,21376,21187
NC_053036.3,515700000,0.920586,0.538737,516000000,19439,19188,18753
NC_053036.3,516000000,0.911456,0.52843,516300000,19683,19000,18841
NC_053036.3,516300000,0.934446,0.539557,516600000,19237,18984,18878
NC_053036.3,516600000,0.939661,0.510627,516900000,21079,20760,19871
NC_053036.3,516900000,0.857618,0.542523,517200000,18069,17804,17690
NC_053036.3,517200000,0.923052,0.522193,517500000,20439,19761,19418
NC_053036.3,517500000,0.904533,0.518433,517800000,22926,21535,21796
NC_053036.3,517800000,0.929234,0.53163,518100000,20768,20222,19945
NC_053036.3,518100000,0.891783,0.535617,518400000,20502,20271,20031
NC_053036.3,518400000,0.90432,0.554383,518700000,19624,19361,19152
NC_053036.3,518700000,0.911196,0.54146,519000000,21368,20919,20639
NC_053036.3,519000000,0.913659,0.544193,519300000,18778,18541,17885
NC_053036.3,519300000,0.959783,0.517693,519600000,19334,18685,18219
NC_053036.3,519600000,0.93963,0.53679,519900000,20224,19642,19035
NC_053036.3,519900000,0.931333,0.55028,520200000,21043,20239,20048
NC_053036.3,520200000,0.923287,0.535973,520500000,19660,18838,18637
NC_053036.3,520500000,0.924025,0.51918,520800000,21467,20427,20628
NC_053036.3,520800000,0.889832,0.53397,521100000,20599,20272,19950
NC_053036.3,521100000,0.923476,0.53293,521400000,20462,19733,19586
NC_053036.3,521400000,0.95471,0.503393,521700000,26215,24435,23913
NC_053036.3,521700000,0.941152,0.521897,522000000,21717,21103,20415
NC_053036.3,522000000,0.953442,0.522213,522300000,25803,23915,23873
NC_053036.3,522300000,0.902184,0.536947,522600000,26157,25229,24845
NC_053036.3,522600000,0.940538,0.544707,522900000,20316,19713,19474
NC_053036.3,522900000,0.887211,0.52799,523200000,18918,18838,18250
NC_053036.3,523200000,0.878046,0.525117,523500000,20695,20222,19602
NC_053036.3,523500000,0.921308,0.526017,523800000,21166,21275,20401
NC_053036.3,523800000,0.845717,0.529787,524100000,16732,16100,16165
NC_053036.3,524100000,0.9153,0.532987,524400000,20873,20658,20133
NC_053036.3,524400000,0.897432,0.534777,524700000,21245,20831,20414
NC_053036.3,524700000,0.928696,0.552067,525000000,21546,20388,20806
NC_053036.3,525000000,0.859883,0.544717,525300000,19026,19216,18694
NC_053036.3,525300000,0.925676,0.544403,525600000,16015,15512,15231
NC_053036.3,525600000,0.92213,0.517467,525900000,19654,18954,18659
NC_053036.3,525900000,0.878197,0.539203,526200000,19179,19091,18698
NC_053036.3,526200000,0.848005,0.53779,526500000,20350,19712,19418
NC_053036.3,526500000,0.91439,0.52083,526800000,21097,20254,20149
NC_053036.3,526800000,0.925562,0.543787,527100000,19859,19714,19337
NC_053036.3,527100000,0.888427,0.523307,527400000,19908,19378,19274
NC_053036.3,527400000,0.817602,0.538863,527700000,21212,21287,20574
NC_053036.3,527700000,0.903222,0.55451,528000000,19813,19433,19075
NC_053036.3,528000000,0.888871,0.53641,528300000,19535,19569,19231
NC_053036.3,528300000,0.91959,0.54232,528600000,20270,19545,19525
NC_053036.3,528600000,0.928826,0.535923,528900000,19742,19144,18737
NC_053036.3,528900000,0.93473,0.530357,529200000,19353,19249,19135
NC_053036.3,529200000,0.920215,0.547163,529500000,21710,21328,20643
NC_053036.3,529500000,0.896202,0.54626,529800000,21140,20267,20813
NC_053036.3,529800000,0.885132,0.53253,530100000,19297,18845,18482
NC_053036.3,530100000,0.887139,0.52282,530400000,20240,19802,19346
NC_053036.3,530400000,0.926932,0.529783,530700000,19348,19045,18484
NC_053036.3,530700000,0.92432,0.53911,531000000,21416,21207,20220
NC_053036.3,531000000,0.817203,0.54071,531300000,20944,20161,20401
NC_053036.3,531300000,0.92098,0.541713,531600000,24489,25728,25756
NC_053036.3,531600000,0.948148,0.540097,531900000,19355,18728,18405
NC_053036.3,531900000,0.900345,0.531453,532200000,25523,24878,24689
NC_053036.3,532200000,0.923862,0.52307,532500000,24680,23043,22491
NC_053036.3,532500000,0.963702,0.509383,532800000,20339,19687,19050
NC_053036.3,532800000,0.899599,0.526287,533100000,21680,21364,21083
NC_053036.3,533100000,0.933429,0.547857,533400000,19741,19195,18780
NC_053036.3,533400000,0.909591,0.54191,533700000,22359,21659,21184
NC_053036.3,533700000,0.91231,0.544513,534000000,20449,20108,19731
NC_053036.3,534000000,0.847514,0.551447,534300000,21617,21549,21053
NC_053036.3,534300000,0.644816,0.561793,534600000,20262,19780,19343
NC_053036.3,534600000,0.914741,0.534983,534900000,20333,19519,19117
NC_053036.3,534900000,0.894012,0.51851,535200000,21136,20722,20777
NC_053036.3,535200000,0.874297,0.52256,535500000,20755,20688,20188
NC_053036.3,535500000,0.903496,0.54477,535800000,21656,21240,20422
NC_053036.3,535800000,0.870866,0.536627,536100000,18519,18294,17657
NC_053036.3,536100000,0.895554,0.547403,536400000,21145,21316,20745
NC_053036.3,536400000,0.939194,0.51989,536700000,21169,20600,20198
NC_053036.3,536700000,0.882977,0.536483,537000000,21102,20719,20025
NC_053036.3,537000000,0.916223,0.529463,537300000,21532,20767,20513
NC_053036.3,537300000,0.866784,0.538103,537600000,21957,21237,20887
NC_053036.3,537600000,0.890308,0.53744,537900000,22294,22235,21861
NC_053036.3,537900000,0.824043,0.54215,538200000,18211,17262,17240
NC_053036.3,538200000,0.898223,0.539097,538500000,19914,19218,19000
NC_053036.3,538500000,0.902921,0.53678,538800000,16607,16240,16319
NC_053036.3,538800000,0.911882,0.538793,539100000,21079,20765,20385
NC_053036.3,539100000,0.922965,0.543117,539400000,11319,11348,11093
NC_053036.3,539400000,0.912764,0.547197,539700000,10804,10467,10340
NC_053036.3,539700000,0.86083,0.530527,540000000,14364,13651,13744
NC_053036.3,540000000,0.872147,0.55492,540300000,20970,20694,20277
NC_053036.3,540300000,0.910978,0.544917,540600000,21183,20416,20136
NC_053036.3,540600000,0.946621,0.532883,540900000,20658,20292,19613
NC_053036.3,540900000,0.933454,0.52399,541200000,40939,42030,39309
NC_053036.3,541200000,0.908169,0.538157,541500000,20062,19440,19311
NC_053036.3,541500000,0.881951,0.54406,541800000,19359,19146,18834
NC_053036.3,541800000,0.904015,0.5197,542100000,19630,19022,18744
NC_053036.3,542100000,0.891416,0.535473,542400000,18753,18478,18188
NC_053036.3,542400000,0.876629,0.549153,542700000,19063,18076,18003
NC_053036.3,542700000,0.884583,0.532337,543000000,18185,18003,17568
NC_053036.3,543000000,0.922245,0.53205,543300000,17852,17349,17131
NC_053036.3,543300000,0.86684,0.522753,543600000,19285,19607,19065
NC_053036.3,543600000,0.937456,0.50148,543900000,18780,18268,17666
NC_053036.3,543900000,0.863726,0.542877,544200000,16493,16765,16167
NC_053036.3,544200000,0.931266,0.55797,544500000,12609,12369,11970
NC_053036.3,544500000,0.886451,0.52572,544800000,18494,18228,17688
NC_053036.3,544800000,0.895058,0.542533,545100000,19334,19398,18812
NC_053036.3,545100000,0.919913,0.540583,545400000,20263,19563,19730
NC_053036.3,545400000,0.941255,0.525083,545700000,19771,19038,18751
NC_053036.3,545700000,0.899838,0.545927,546000000,11843,11276,11525
NC_053036.3,546000000,0.939471,0.545637,546300000,14226,13985,13529
NC_053036.3,546300000,0.868819,0.54077,546600000,15390,14990,14540
NC_053036.3,546600000,0.872773,0.561413,546900000,18520,18196,18048
NC_053036.3,546900000,0.930972,0.538457,547200000,24745,23391,23271
NC_053036.3,547200000,0.902214,0.506177,547500000,25360,24090,23340
NC_053036.3,547500000,0.91459,0.533813,547800000,16727,16342,16040
NC_053036.3,547800000,0.923448,0.54576,548100000,9999,9835,9627
NC_053036.3,548100000,0.924094,0.533007,548400000,14221,13777,13356
NC_053036.3,548400000,0.890495,0.54174,548700000,19636,18898,18681
NC_053036.3,548700000,0.913592,0.527647,549000000,18837,18326,17826
NC_053036.3,549000000,0.890744,0.537973,549300000,20310,19862,19728
NC_053036.3,549300000,0.836282,0.537167,549600000,5649,14749,14636
NC_053036.3,549600000,0.877302,0.532703,549900000,4964,18363,18207
NC_053036.3,549900000,0.907558,0.522147,550200000,4502,17543,17397
NC_053036.3,550200000,0.896025,0.535093,550500000,4536,21062,20681
NC_053036.3,550500000,0.730317,0.4928,550800000,401,19933,19056
NC_053036.3,550800000,0.925044,0.519897,551100000,4430,16462,16592
NC_053036.3,551100000,0.914448,0.539857,551400000,4017,14820,14607
NC_053036.3,551400000,0.856063,0.54655,551700000,6059,11128,11155
NC_053036.3,551700000,0.898954,0.558067,552000000,3490,12242,11876
NC_053036.3,552000000,0.941128,0.550417,552300000,3151,13172,12972
NC_053036.3,552300000,0.879571,0.5385,552600000,5858,15578,15607
NC_053036.3,552600000,0.900153,0.541073,552900000,5398,14353,14281
NC_053036.3,552900000,0.886585,0.542743,553200000,5616,15006,15058
NC_053036.3,553200000,0.906277,0.544387,553500000,4078,17705,17535
NC_053036.3,553500000,0.866845,0.53596,553800000,4586,17263,17306
NC_053036.3,553800000,0.929866,0.54705,554100000,3817,16699,16109
NC_053036.3,554100000,0.882607,0.53546,554400000,5366,16614,16409
NC_053036.3,554400000,0.9383,0.539673,554700000,4562,18207,18242
NC_053036.3,554700000,0.855563,0.512387,555000000,5588,15175,14994
NC_053036.3,555000000,0.803517,0.531027,555300000,5235,16149,16194
NC_053036.3,555300000,0.839673,0.52321,555600000,3142,16181,15880
NC_053036.3,555600000,0.892721,0.54127,555900000,9015,20119,20102
NC_053036.3,555900000,0.898334,0.53615,556200000,20295,19450,19251
NC_053036.3,556200000,0.946172,0.533353,556500000,17890,17430,17339
NC_053036.3,556500000,0.87416,0.540537,556800000,18911,18156,18683
NC_053036.3,556800000,0.918001,0.542373,557100000,8918,8266,8362
NC_053036.3,557100000,0.942287,0.529277,557400000,15844,15436,15159
NC_053036.3,557400000,0.89845,0.55436,557700000,13411,13144,13104
NC_053036.3,557700000,0.8921,0.54169,558000000,17778,17458,17077
NC_053036.3,558000000,0.926368,0.53833,558300000,20414,19674,19619
NC_053036.3,558300000,0.86251,0.53894,558600000,20386,20146,19556
NC_053036.3,558600000,0.839463,0.537143,558900000,11458,11442,11168
NC_053036.3,558900000,0.892209,0.538243,559200000,19190,17992,18257
NC_053036.3,559200000,0.858742,0.55034,559500000,17422,17399,16980
NC_053036.3,559500000,0.874977,0.54374,559800000,19838,18920,18774
NC_053036.3,559800000,0.860264,0.535747,560100000,21681,20634,20646
NC_053036.3,560100000,0.929422,0.512483,560400000,19982,19340,18817
NC_053036.3,560400000,0.936604,0.526893,560700000,18200,17375,17347
NC_053036.3,560700000,0.87648,0.529757,561000000,20205,19503,19593
NC_053036.3,561000000,0.926696,0.52023,561300000,21151,20668,20092
NC_053036.3,561300000,0.883228,0.541387,561600000,20264,19605,19490
NC_053036.3,561600000,0.89148,0.555263,561900000,16592,16212,15837
NC_053036.3,561900000,0.906815,0.538093,562200000,21349,20741,20586
NC_053036.3,562200000,0.896887,0.51777,562500000,22236,22010,21282
NC_053036.3,562500000,0.907495,0.55459,562800000,19918,8023,19085
NC_053036.3,562800000,0.908623,0.546077,563100000,20851,8051,20174
NC_053036.3,563100000,0.929607,0.545337,563400000,19216,3893,18235
NC_053036.3,563400000,0.924777,0.52568,563700000,17212,5179,16427
NC_053036.3,563700000,0.889838,0.54064,564000000,18279,5216,17539
NC_053036.3,564000000,0.917068,0.519127,564300000,18220,3923,17364
NC_053036.3,564300000,0.883929,0.539193,564600000,19537,7346,18366
NC_053036.3,564600000,0.894004,0.519177,564900000,21411,5030,20866
NC_053036.3,564900000,0.902717,0.535533,565200000,16130,4561,15130
NC_053036.3,565200000,0.921412,0.53613,565500000,16203,5607,15308
NC_053036.3,565500000,0.872586,0.529853,565800000,9145,6081,8630
NC_053036.3,565800000,0.888096,0.550577,566100000,12469,5195,12171
NC_053036.3,566100000,0.849789,0.543983,566400000,9233,5122,8544
NC_053036.3,566400000,0.854881,0.544773,566700000,11096,7770,10638
NC_053036.3,566700000,0.903522,0.553333,567000000,17989,8773,16612
NC_053036.3,567000000,0.940784,0.535673,567300000,17118,3486,16368
NC_053036.3,567300000,0.926388,0.55202,567600000,18024,4406,17326
NC_053036.3,567600000,0.873098,0.536667,567900000,12416,4746,11707
NC_053036.3,567900000,0.917333,0.53751,568200000,13641,4999,12985
NC_053036.3,568200000,0.917107,0.541307,568500000,13896,4931,13317
NC_053036.3,568500000,0.885088,0.520217,568800000,19566,4982,18985
NC_053036.3,568800000,0.965292,0.54226,569100000,18906,2959,18171
NC_053036.3,569100000,0.888087,0.547333,569400000,18306,4100,17657
NC_053036.3,569400000,0.766727,0.54984,569700000,13555,4004,12627
NC_053036.3,569700000,0.931438,0.552977,570000000,19808,4343,18579
NC_053036.3,570000000,0.92848,0.51979,570300000,19747,3072,19026
NC_053036.3,570300000,0.87692,0.53924,570600000,23418,6291,22058
NC_053036.3,570600000,0.870421,0.540143,570900000,16234,7575,15505
NC_053036.3,570900000,0.942078,0.530277,571200000,19211,5835,18374
NC_053036.3,571200000,0.891851,0.558237,571500000,17138,3727,16359
NC_053036.3,571500000,0.907852,0.53962,571800000,18022,3401,17238
NC_053036.3,571800000,0.932544,0.54587,572100000,14018,4293,13690
NC_053036.3,572100000,0.867072,0.525887,572400000,11287,4769,11106
NC_053036.3,572400000,0.876573,0.535007,572700000,14543,5253,13939
NC_053036.3,572700000,0.91995,0.54826,573000000,15118,4779,14208
NC_053036.3,573000000,0.911989,0.518847,573300000,20142,4618,19704
NC_053036.3,573300000,0.902144,0.533947,573600000,19347,4325,18686
NC_053036.3,573600000,0.886855,0.503923,573900000,6189,2598,5806
NC_053036.3,573900000,0.898338,0.510667,574200000,4187,2894,3882
NC_053036.3,574200000,0.912985,0.52214,574500000,12495,4402,11696
NC_053036.3,574500000,0.911222,0.54049,574800000,14340,4107,13408
NC_053036.3,574800000,0.895754,0.550803,575100000,14918,5916,14064
NC_053036.3,575100000,0.864161,0.539887,575400000,19992,5154,19702
NC_053036.3,575400000,0.892224,0.53333,575700000,18830,4355,18518
NC_053036.3,575700000,0.87092,0.534603,576000000,16081,6235,15497
NC_053036.3,576000000,0.86499,0.55898,576300000,20333,5532,19876
NC_053036.3,576300000,0.914181,0.53246,576600000,20296,3851,19519
NC_053036.3,576600000,0.914964,0.535353,576900000,19459,3396,18331
NC_053036.3,576900000,0.870811,0.543557,577200000,21141,5393,20375
NC_053036.3,577200000,0.911191,0.533393,577500000,19695,4038,19196
NC_053036.3,577500000,0.894783,0.520443,577800000,21501,4898,19955
NC_053036.3,577800000,0.849343,0.532857,578100000,16861,7418,16377
NC_053036.3,578100000,0.923207,0.5377,578400000,19174,3284,18568
NC_053036.3,578400000,0.846266,0.563257,578700000,19310,5710,18429
NC_053036.3,578700000,0.907158,0.550433,579000000,21436,6087,20641
NC_053036.3,579000000,0.922078,0.550103,579300000,23645,7082,22239
NC_053036.3,579300000,0.918067,0.557263,579600000,20520,4373,19691
NC_053036.3,579600000,0.883757,0.532853,579900000,21019,6125,19858
NC_053036.3,579900000,0.927118,0.539157,580200000,17827,4135,17095
NC_053036.3,580200000,0.917123,0.545787,580500000,17639,6139,16955
NC_053036.3,580500000,0.92234,0.545023,580800000,18770,4401,17752
NC_053036.3,580800000,0.888846,0.540853,581100000,20403,6111,20131
NC_053036.3,581100000,0.912126,0.537617,581400000,19608,4876,18996
NC_053036.3,581400000,0.857472,0.54464,581700000,21022,5323,20029
NC_053036.3,581700000,0.872169,0.541917,582000000,20852,4877,20237
NC_053036.3,582000000,0.940871,0.52241,582300000,19728,3824,19122
NC_053036.3,582300000,0.910528,0.518893,582600000,20281,3727,19625
NC_053036.3,582600000,0.912961,0.523013,582900000,19426,3119,18719
NC_053036.3,582900000,0.905625,0.538867,583200000,22050,6432,21377
NC_053036.3,583200000,0.923726,0.53361,583500000,20762,5407,19944
NC_053036.3,583500000,0.943779,0.540563,583800000,24563,8294,22932
NC_053036.3,583800000,0.904578,0.52024,584100000,24611,7501,23203
NC_053036.3,584100000,0.890752,0.511247,584400000,20183,6053,19818
NC_053036.3,584400000,0.962939,0.506827,584700000,20281,2983,19592
NC_053036.3,584700000,0.914122,0.534947,585000000,18940,2846,18888
NC_053036.3,585000000,0.928129,0.537257,585300000,20035,7239,19753
NC_053036.3,585300000,0.925794,0.534193,585600000,9830,5466,9438
NC_053036.3,585600000,0.836507,0.53206,585900000,12814,3610,12631
NC_053036.3,585900000,0.917065,0.534393,586200000,18457,5537,17789
NC_053036.3,586200000,0.917118,0.53636,586500000,17330,6310,16805
NC_053036.3,586500000,0.917807,0.549393,586800000,13271,4243,12531
NC_053036.3,586800000,0.848365,0.540673,587100000,11849,4836,11372
NC_053036.3,587100000,0.884282,0.54351,587400000,10171,4941,9971
NC_053036.3,587400000,0.849358,0.544623,587700000,14293,5501,13127
NC_053036.3,587700000,0.890586,0.539267,588000000,16991,5071,16146
NC_053036.3,588000000,0.900859,0.54125,588300000,21034,5723,20053
NC_053036.3,588300000,0.915551,0.544573,588600000,16591,4131,15980
NC_053036.3,588600000,0.928475,0.54109,588900000,20675,4543,19429
NC_053036.3,588900000,0.94944,0.52275,589200000,19280,4737,18499
NC_053036.3,589200000,0.936783,0.543763,589500000,19791,4189,19527
NC_053036.3,589500000,0.855126,0.544833,589800000,19821,5508,18910
NC_053036.3,589800000,0.862175,0.52988,590100000,19523,6867,18812
NC_053036.3,590100000,0.866092,0.55756,590400000,23109,7157,22056
NC_053036.3,590400000,0.897413,0.542657,590700000,13804,4628,13178
NC_053036.3,590700000,0.96974,0.54427,591000000,19037,5358,18443
NC_053036.3,591000000,0.925111,0.54354,591300000,20202,4999,19300
NC_053036.3,591300000,0.885423,0.540537,591600000,16636,4609,12476
NC_053036.3,591600000,0.932741,0.528197,591900000,15833,4407,4214
NC_053036.3,591900000,0.881528,0.528473,592200000,22621,5196,5147
NC_053036.3,592200000,0.957243,0.54185,592500000,20140,2549,2664
NC_053036.3,592500000,0.893425,0.53511,592800000,22005,5101,5037
NC_053036.3,592800000,0.924307,0.538883,593100000,19234,7449,7147
NC_053036.3,593100000,0.894713,0.53326,593400000,14592,4997,4873
NC_053036.3,593400000,0.848631,0.55594,593700000,10045,5826,5829
NC_053036.3,593700000,0.82921,0.5415,594000000,15976,7864,7907
NC_053036.3,594000000,0.876793,0.5482,594300000,13806,5476,5481
NC_053036.3,594300000,0.883273,0.534677,594600000,17817,5058,4936
NC_053036.3,594600000,0.888017,0.54895,594900000,19540,4189,4084
NC_053036.3,594900000,0.923207,0.52255,595200000,18728,3920,4010
NC_053036.3,595200000,0.884106,0.535517,595500000,16266,5292,5283
NC_053036.3,595500000,0.891336,0.541523,595800000,17186,4840,5011
NC_053036.3,595800000,0.895196,0.53521,596100000,14190,5461,5568
NC_053036.3,596100000,0.877878,0.543083,596400000,13458,6682,6609
NC_053036.3,596400000,0.878487,0.541673,596700000,22788,7655,7285
NC_053036.3,596700000,0.936338,0.539517,597000000,19696,3730,3688
NC_053036.3,597000000,0.932518,0.540923,597300000,21440,6033,6392
NC_053036.3,597300000,0.930127,0.527887,597600000,21257,4978,17103
NC_053036.3,597600000,0.941125,0.51769,597900000,21794,4534,20462
NC_053036.3,597900000,0.905868,0.561273,598200000,18590,3998,18136
NC_053036.3,598200000,0.905943,0.506527,598500000,11290,3343,10478
NC_053036.3,598500000,0.952705,0.544643,598800000,20148,9068,18715
NC_053036.3,598800000,0.92768,0.538907,599100000,19386,10053,17729
NC_053036.3,599100000,0.880143,0.536887,599400000,19143,7605,18180
NC_053036.3,599400000,0.879504,0.51941,599700000,23045,7774,21696
NC_053036.3,599700000,0.922884,0.5496,600000000,20907,4015,20343
NC_053036.3,600000000,0.884436,0.545883,600300000,20657,4168,19639
NC_053036.3,600300000,0.918068,0.518823,600600000,22197,6974,20964
NC_053036.3,600600000,0.896159,0.54861,600900000,14491,5502,14300
NC_053036.3,600900000,0.901508,0.53027,601200000,12281,5466,11490
NC_053036.3,601200000,0.851403,0.535223,601500000,26272,10244,24443
NC_053036.3,601500000,0.893721,0.54213,601800000,20489,4566,19723
NC_053036.3,601800000,0.898043,0.541243,602100000,20306,4988,19447
NC_053036.3,602100000,0.887282,0.542833,602400000,21872,7494,20547
NC_053036.3,602400000,0.885221,0.541243,602700000,16337,5617,15982
NC_053036.3,602700000,0.929335,0.543967,603000000,13708,3303,13111
NC_053036.3,603000000,0.904414,0.551177,603300000,14999,8172,14708
NC_053036.3,603300000,0.863605,0.541677,603600000,12579,6436,12506
NC_053036.3,603600000,0.865977,0.527587,603900000,14257,3772,13490
NC_053036.3,603900000,0.855173,0.550633,604200000,17082,5176,15902
NC_053036.3,604200000,0.817358,0.542023,604500000,21181,6647,20611
NC_053036.3,604500000,0.888874,0.537687,604800000,21147,5134,20614
NC_053036.3,604800000,0.938272,0.544757,605100000,21084,3902,20387
NC_053036.3,605100000,0.860831,0.52926,605400000,23817,7025,22984
NC_053036.3,605400000,0.91695,0.556487,605700000,20493,5111,19747
NC_053036.3,605700000,0.880648,0.556517,606000000,19596,4711,18873
NC_053036.3,606000000,0.896511,0.536233,606300000,21044,4675,20173
NC_053036.3,606300000,0.922482,0.560177,606600000,20697,4943,19905
NC_053036.3,606600000,0.929214,0.540723,606900000,23209,11401,21857
NC_053036.3,606900000,0.901783,0.535657,607200000,20654,4767,20082
NC_053036.3,607200000,0.913747,0.53698,607500000,19378,4205,18634
NC_053036.3,607500000,0.921257,0.530253,607800000,19959,4974,19175
NC_053036.3,607800000,0.843698,0.559307,608100000,17391,5390,17146
NC_053036.3,608100000,0.906019,0.534493,608400000,18226,3931,17628
NC_053036.3,608400000,0.883843,0.536733,608700000,18456,4709,17963
NC_053036.3,608700000,0.846255,0.526503,609000000,14660,5568,14207
NC_053036.3,609000000,0.884454,0.53941,609300000,18333,5062,17518
NC_053036.3,609300000,0.93423,0.544773,609600000,16813,7216,15951
NC_053036.3,609600000,0.935031,0.53763,609900000,19443,5853,18685
NC_053036.3,609900000,0.910129,0.55308,610200000,20416,6118,19248
NC_053036.3,610200000,0.913372,0.54681,610500000,18748,5139,18243
NC_053036.3,610500000,0.89472,0.531723,610800000,20747,4486,19466
NC_053036.3,610800000,0.910715,0.54522,611100000,20918,6343,19987
NC_053036.3,611100000,0.941154,0.534127,611400000,20988,4486,19885
NC_053036.3,611400000,0.945091,0.531513,611700000,23720,6261,22428
NC_053036.3,611700000,0.88669,0.54785,612000000,22609,6078,21915
NC_053036.3,612000000,0.944037,0.54557,612300000,23834,6370,22395
NC_053036.3,612300000,0.957585,0.523283,612600000,25292,6600,23493
NC_053036.3,612600000,0.911596,0.513583,612900000,20019,3514,19233
NC_053036.3,612900000,0.880099,0.54365,613200000,19497,4927,19076
NC_053036.3,613200000,0.904357,0.526093,613500000,34323,4908,33195
NC_053036.3,613500000,0.862284,0.544003,613800000,10377,3973,10050
NC_053036.3,613800000,0.848509,0.540473,614100000,33393,2239,32401
NC_053036.3,614100000,0.939996,0.543123,614400000,25446,9400,23744
NC_053036.3,614400000,0.954007,0.541737,614700000,21269,5365,20282
NC_053036.3,614700000,0.956007,0.512143,615000000,28008,9476,26223
NC_053036.3,615000000,0.8386,0.540047,615300000,19000,2372,18436
NC_053036.3,615300000,0.931283,0.533697,615600000,21019,5099,20238
NC_053036.3,615600000,0.947687,0.53621,615900000,19699,3369,18993
NC_053036.3,615900000,0.909777,0.537473,616200000,21277,5837,20554
NC_053036.3,616200000,0.879934,0.55131,616500000,18647,5481,17725
NC_053036.3,616500000,0.947967,0.550513,616800000,12111,4997,11526
NC_053036.3,616800000,0.856633,0.53911,617100000,34497,16243,30772
NC_053036.3,617100000,0.839777,0.563947,617400000,22179,7993,21319
NC_053036.3,617400000,0.563041,0.549937,617700000,21602,12106,20228
NC_053036.3,617700000,0.86381,0.5554,618000000,21112,8750,20558
NC_053036.3,618000000,0.83216,0.54539,618300000,20434,11930,19827
NC_053036.3,618300000,0.934204,0.552243,618600000,21105,7217,20525
NC_053036.3,618600000,0.941375,0.549403,618900000,18086,3665,17495
NC_053036.3,618900000,0.817699,0.52772,619200000,22759,10181,21979
NC_053036.3,619200000,0.920474,0.546447,619500000,19140,12359,18802
NC_053036.3,619500000,0.836637,0.542303,619800000,17981,8134,17973
NC_053036.3,619800000,0.882314,0.54952,620100000,16736,9859,16107
NC_053036.3,620100000,0.915882,0.55444,620400000,20112,6063,19336
NC_053036.3,620400000,0.888535,0.544727,620700000,22061,7735,21336
NC_053036.3,620700000,0.8565,0.521507,621000000,17806,7664,17112
NC_053036.3,621000000,0.909232,0.536637,621300000,15301,7120,14848
NC_053036.3,621300000,0.913151,0.559327,621600000,11981,6714,11525
NC_053036.3,621600000,0.906113,0.539533,621900000,4525,3884,4529
NC_053036.3,621900000,0.91472,0.505777,622200000,9196,7478,8833
NC_053036.3,622200000,0.799716,0.54246,622500000,18629,7906,17725
NC_053036.3,622500000,0.869291,0.54054,622800000,18426,6922,17870
NC_053036.3,622800000,0.886864,0.531107,623100000,19438,6840,18634
NC_053036.3,623100000,0.898466,0.555157,623400000,17908,8001,17311
NC_053036.3,623400000,0.876929,0.54089,623700000,17229,6858,16749
NC_053036.3,623700000,0.859656,0.538947,624000000,13708,6564,13114
NC_053036.3,624000000,0.855582,0.546873,624300000,8088,7147,8003
NC_053036.3,624300000,0.876421,0.537793,624600000,32925,21526,29027
NC_053036.3,624600000,0.848585,0.540967,624900000,18859,5637,18279
NC_053036.3,624900000,0.919745,0.542087,625200000,20685,3959,20021
NC_053036.3,625200000,0.857075,0.525593,625500000,22131,6056,21336
NC_053036.3,625500000,0.893501,0.53867,625800000,24261,8479,23518
NC_053036.3,625800000,0.941229,0.548853,626100000,29006,12654,27229
NC_053036.3,626100000,0.892883,0.547753,626400000,17312,6104,16250
NC_053036.3,626400000,0.907567,0.5504,626700000,18407,5879,17857
NC_053036.3,626700000,0.913842,0.55599,627000000,17653,4612,17239
NC_053036.3,627000000,0.942234,0.533237,627300000,21398,6541,20693
NC_053036.3,627300000,0.922205,0.556167,627600000,21157,5622,20657
NC_053036.3,627600000,0.898161,0.535997,627900000,23762,7845,22831
NC_053036.3,627900000,0.93203,0.545617,628200000,20792,5855,19907
NC_053036.3,628200000,0.914242,0.53112,628500000,27832,14924,26936
NC_053036.3,628500000,0.824068,0.534513,628800000,24698,10416,23730
NC_053036.3,628800000,0.638802,0.540217,629100000,83901,82094,70050
NC_053036.3,629100000,0.82658,0.540597,629400000,18045,4052,17313
NC_053036.3,629400000,0.517598,0.53096,629700000,11828,3108,10986
NC_053036.3,629700000,0.910692,0.548193,630000000,19724,8383,18678
NC_053036.3,630000000,0.885234,0.54526,630300000,11832,7009,11391
NC_053036.3,630300000,0.936667,0.52708,630600000,13157,6285,12823
NC_053036.3,630600000,0.665395,0.569227,630900000,12424,8895,13299
NC_053036.3,630900000,0.943276,0.546963,631200000,8996,5043,8572
NC_053036.3,631200000,0.808503,0.569937,631500000,261085,297378,218324
NC_053036.3,631500000,0.907295,0.548923,631800000,14997,13372,13790
NC_053036.3,631800000,0.909249,0.545017,632100000,5668,4957,5344
NC_053036.3,632100000,0.884447,0.547717,632400000,14316,8912,13077
NC_053036.3,632400000,0.871234,0.54544,632700000,12613,4648,12265
NC_053036.3,632700000,0.912524,0.547533,633000000,13604,5180,12716
NC_053036.3,633000000,0.728086,0.5397,633300000,13649,4802,13270
NC_053036.3,633300000,0.888899,0.522907,633600000,20242,5336,20160
NC_053036.3,633600000,0.913853,0.55151,633900000,7081,3666,6969
NC_053036.3,633900000,0.900167,0.565007,634200000,18271,4019,17941
NC_053036.3,634200000,0.866048,0.554563,634500000,18127,3604,17686
NC_053036.3,634500000,0.798225,0.563423,634800000,15762,3583,15594
NC_053036.3,634800000,0.860593,0.534423,635100000,23903,11226,23359
NC_053036.3,635100000,0.918856,0.540863,635400000,12244,4558,12003
NC_053036.3,635400000,0.868436,0.543653,635700000,15991,5841,15232
NC_053036.3,635700000,0.8844,0.53393,636000000,18283,5523,17383
NC_053036.3,636000000,0.876925,0.539833,636300000,17039,4474,16571
NC_053036.3,636300000,0.835019,0.543663,636600000,12899,6175,12668
NC_053036.3,636600000,0.921195,0.545343,636900000,25364,25112,24153
NC_053036.3,636900000,0.76427,0.55794,637200000,15399,3149,14605
NC_053036.3,637200000,0.779617,0.555147,637500000,11312,5503,11748
NC_053036.3,637500000,0.875473,0.53683,637800000,11752,5802,10976
NC_053036.3,637800000,0.933858,0.52672,638100000,20469,4897,20071
NC_053036.3,638100000,0.853936,0.56369,638400000,13464,7160,12960
NC_053036.3,638400000,0.887977,0.539393,638700000,15005,5446,14182
NC_053036.3,638700000,0.912794,0.553343,639000000,19466,6131,18398
NC_053036.3,639000000,0.898947,0.55255,639300000,8226,5979,7500
NC_053036.3,639300000,0.903639,0.54099,639600000,13084,7228,12794
NC_053036.3,639600000,0.918295,0.54873,639900000,12893,4893,12139
NC_053036.3,639900000,0.919466,0.544243,640200000,15808,6110,15295
NC_053036.3,640200000,0.977115,0.544243,640500000,38196,21092,35980
NC_053036.3,640500000,0.877904,0.549823,640800000,17738,7073,16764
NC_053036.3,640800000,0.913596,0.547363,641100000,11748,4615,11622
NC_053036.3,641100000,0.909162,0.540277,641400000,8427,5555,8133
NC_053036.3,641400000,0.957792,0.54617,641700000,6107,4174,6064
NC_053036.3,641700000,0.799506,0.481047,642000000,348737,283847,296170
NC_053036.3,642000000,0.966568,0.553077,642300000,251269,216617,226101
NC_053036.3,642300000,0.947634,0.54681,642600000,175784,144213,158532
NC_053036.3,642600000,0.921742,0.543387,642900000,89201,66365,78757
NC_053036.3,642900000,0.921089,0.557723,643200000,19039,5777,18445
NC_053036.3,643200000,0.886264,0.54212,643500000,20326,6725,19368
NC_053036.3,643500000,0.880068,0.54481,643800000,21594,12076,20461
NC_053036.3,643800000,0.952257,0.540347,644100000,271007,239818,246577
NC_053036.3,644100000,0.915913,0.551763,644400000,63188,43962,58471
NC_053036.3,644400000,0.905773,0.541647,644700000,22072,6269,21252
NC_053036.3,644700000,0.869394,0.541907,645000000,23120,9567,21923
NC_053036.3,645000000,0.803891,0.540717,645300000,10974,4976,10482
NC_053036.3,645300000,0.933652,0.5463,645600000,17655,6362,17173
NC_053036.3,645600000,0.887273,0.541883,645900000,17261,10028,16692
NC_053036.3,645900000,0.911778,0.537917,646200000,19119,6764,18354
NC_053036.3,646200000,0.900591,0.5374,646500000,21154,19934,20248
NC_053036.3,646500000,0.879611,0.540637,646800000,10671,10007,9887
NC_053036.3,646800000,0.772684,0.573487,647100000,14105,19339,15718
NC_053036.3,647100000,0.735795,0.580753,647400000,29755,36962,31409
NC_053036.3,647400000,0.904809,0.538877,647700000,17820,14442,16965
NC_053036.3,647700000,0.867649,0.544403,648000000,17876,15346,16904
NC_053036.3,648000000,0.894995,0.542563,648300000,22289,22287,21381
NC_053036.3,648300000,0.928724,0.551523,648600000,14422,14291,13673
NC_053036.3,648600000,0.950939,0.551747,648900000,15393,14901,14903
NC_053036.3,648900000,0.95128,0.555973,649200000,16719,16079,16117
NC_053036.3,649200000,0.900583,0.551427,649500000,6503,6208,6181
NC_053036.3,649500000,0.911471,0.532273,649800000,20189,19411,19256
NC_053036.3,649800000,0.895567,0.532307,650100000,13816,13624,13392
NC_053036.3,650100000,0.882696,0.546237,650400000,18865,18271,18086
NC_053036.3,650400000,0.807097,0.54983,650700000,6038,5964,5873
NC_053036.3,650700000,0.902281,0.55698,651000000,13848,13099,12911
NC_053036.3,651000000,0.877929,0.550897,651300000,20233,19165,18734
NC_053036.3,651300000,0.91675,0.54407,651600000,29677,29534,27911
NC_053036.3,651600000,0.907198,0.547,651900000,15633,15282,15097
NC_053036.3,651900000,0.882475,0.550737,652200000,18671,18608,17773
NC_053036.3,652200000,0.946364,0.533713,652500000,14001,13343,13585
NC_053036.3,652500000,0.853911,0.520567,652800000,22049,20551,20306
NC_053036.3,652800000,0.900569,0.540057,653100000,6722,6437,6241
NC_053036.3,653100000,0.924947,0.54409,653400000,15670,15166,14950
NC_053036.3,653400000,0.88443,0.54678,653700000,17559,17413,16813
NC_053036.3,653700000,0.879589,0.53849,654000000,14438,14356,14485
NC_053037.3,0,0.867503,0.56374,300000,21218,7713,21555
NC_053037.3,300000,0.73709,0.60685,600000,19578,6404,21074
NC_053037.3,600000,0.835881,0.584513,900000,14449,5993,14178
NC_053037.3,900000,0.954048,0.538043,1200000,17985,4794,17420
NC_053037.3,1200000,0.885867,0.544333,1500000,20159,4435,19668
NC_053037.3,1500000,0.831725,0.55894,1800000,11921,5917,11640
NC_053037.3,1800000,0.969257,0.54045,2100000,12116,3789,11680
NC_053037.3,2100000,0.884072,0.544963,2400000,19243,7438,19003
NC_053037.3,2400000,0.901365,0.535143,2700000,16421,7342,15669
NC_053037.3,2700000,0.931065,0.543587,3000000,9337,5826,8743
NC_053037.3,3000000,0.91501,0.54026,3300000,21275,12414,19857
NC_053037.3,3300000,0.908932,0.541023,3600000,16558,9610,15996
NC_053037.3,3600000,0.886516,0.537873,3900000,13900,7715,13467
NC_053037.3,3900000,0.73545,0.602297,4200000,9907,6352,10267
NC_053037.3,4200000,0.569865,0.592303,4500000,7301,4156,8167
NC_053037.3,4500000,0.73479,0.582517,4800000,12974,3760,12937
NC_053037.3,4800000,0.804256,0.565257,5100000,13063,13772,13473
NC_053037.3,5100000,0.944656,0.5419,5400000,17782,27319,17386
NC_053037.3,5400000,0.95393,0.548823,5700000,16820,19633,16133
NC_053037.3,5700000,0.896016,0.543703,6000000,16859,23306,16298
NC_053037.3,6000000,0.872188,0.54833,6300000,16188,18421,15577
NC_053037.3,6300000,0.886194,0.538463,6600000,27571,37121,26158
NC_053037.3,6600000,0.876896,0.52671,6900000,20364,31857,19551
NC_053037.3,6900000,0.923123,0.544957,7200000,20693,34660,20383
NC_053037.3,7200000,0.879667,0.53859,7500000,20497,34643,19991
NC_053037.3,7500000,0.852697,0.539227,7800000,20041,34465,19049
NC_053037.3,7800000,0.842684,0.534857,8100000,16559,25705,15943
NC_053037.3,8100000,0.947175,0.542723,8400000,15126,23462,14467
NC_053037.3,8400000,0.900732,0.534357,8700000,17071,27936,16236
NC_053037.3,8700000,0.868457,0.543173,9000000,19593,29534,18961
NC_053037.3,9000000,0.946582,0.56022,9300000,9817,12520,9482
NC_053037.3,9300000,0.879888,0.538297,9600000,12892,19924,12143
NC_053037.3,9600000,0.907937,0.550167,9900000,11108,16217,10737
NC_053037.3,9900000,0.828774,0.54754,10200000,17535,29143,16874
NC_053037.3,10200000,0.911251,0.54957,10500000,21065,33533,20208
NC_053037.3,10500000,0.706783,0.532043,10800000,14893,23032,14008
NC_053037.3,10800000,0.886754,0.529987,11100000,20194,32345,19267
NC_053037.3,11100000,0.873328,0.547267,11400000,17018,25295,16298
NC_053037.3,11400000,0.930175,0.532617,11700000,10946,17054,10318
NC_053037.3,11700000,0.87272,0.55428,12000000,12074,18378,11852
NC_053037.3,12000000,0.850652,0.545533,12300000,16853,26337,16145
NC_053037.3,12300000,0.920425,0.549897,12600000,19652,34260,18847
NC_053037.3,12600000,0.815325,0.51471,12900000,13608,19374,12961
NC_053037.3,12900000,0.874077,0.537533,13200000,16785,26579,16366
NC_053037.3,13200000,0.895425,0.539433,13500000,16771,27235,16089
NC_053037.3,13500000,0.904735,0.537403,13800000,19342,33399,18487
NC_053037.3,13800000,0.919178,0.55412,14100000,18938,31953,18530
NC_053037.3,14100000,0.857599,0.553863,14400000,19105,31059,18639
NC_053037.3,14400000,0.889272,0.527673,14700000,21039,35436,20577
NC_053037.3,14700000,0.922801,0.537923,15000000,19693,34321,18953
NC_053037.3,15000000,0.882493,0.517537,15300000,19841,33918,19193
NC_053037.3,15300000,0.778859,0.53655,15600000,26392,39730,28366
NC_053037.3,15600000,0.901772,0.54461,15900000,14799,21343,14700
NC_053037.3,15900000,0.889126,0.542687,16200000,21170,35534,20428
NC_053037.3,16200000,0.854959,0.55498,16500000,20433,36300,20002
NC_053037.3,16500000,0.910172,0.54041,16800000,16479,27912,16323
NC_053037.3,16800000,0.934125,0.536483,17100000,22696,36962,21440
NC_053037.3,17100000,0.893229,0.517623,17400000,22303,36788,21113
NC_053037.3,17400000,0.844605,0.536417,17700000,20379,34033,19741
NC_053037.3,17700000,0.906639,0.553493,18000000,20719,35877,19990
NC_053037.3,18000000,0.918339,0.54046,18300000,17852,30669,17346
NC_053037.3,18300000,0.850986,0.537373,18600000,20051,32101,19350
NC_053037.3,18600000,0.916995,0.55338,18900000,34617,47219,31969
NC_053037.3,18900000,0.905599,0.552187,19200000,19294,33995,19118
NC_053037.3,19200000,0.977527,0.532183,19500000,19599,29489,19046
NC_053037.3,19500000,0.939478,0.53784,19800000,21795,31630,21100
NC_053037.3,19800000,0.865237,0.558713,20100000,16873,20790,16384
NC_053037.3,20100000,0.90647,0.5476,20400000,18772,32584,18353
NC_053037.3,20400000,0.806161,0.539933,20700000,15384,24138,14913
NC_053037.3,20700000,0.966118,0.553887,21000000,14205,23244,13484
NC_053037.3,21000000,0.881263,0.537343,21300000,12785,21061,12355
NC_053037.3,21300000,0.927484,0.547317,21600000,12937,21669,12301
NC_053037.3,21600000,0.894791,0.523637,21900000,12119,19836,11876
NC_053037.3,21900000,0.921771,0.551703,22200000,18910,30407,18069
NC_053037.3,22200000,0.744997,0.596027,22500000,70225,128477,68749
NC_053037.3,22500000,0.90109,0.545317,22800000,20600,36339,19893
NC_053037.3,22800000,0.899594,0.560217,23100000,22331,37339,21559
NC_053037.3,23100000,0.921701,0.536397,23400000,23431,39337,22322
NC_053037.3,23400000,0.940788,0.54355,23700000,19947,36365,19522
NC_053037.3,23700000,0.90837,0.563143,24000000,24786,39329,23082
NC_053037.3,24000000,0.933361,0.538373,24300000,17359,28795,16826
NC_053037.3,24300000,0.944783,0.52272,24600000,16089,26082,15375
NC_053037.3,24600000,0.868549,0.559073,24900000,13851,23112,12729
NC_053037.3,24900000,0.944344,0.544737,25200000,16619,28237,16047
NC_053037.3,25200000,0.964449,0.532303,25500000,23922,34295,22101
NC_053037.3,25500000,0.893353,0.53154,25800000,14874,23409,14340
NC_053037.3,25800000,0.874118,0.550633,26100000,16740,27812,16153
NC_053037.3,26100000,0.889857,0.554697,26400000,16874,27846,16066
NC_053037.3,26400000,0.872955,0.486197,26700000,17229,28617,16615
NC_053037.3,26700000,0.961729,0.522717,27000000,4817,5096,4630
NC_053037.3,27000000,0.955041,0.544267,27300000,6444,9555,6058
NC_053037.3,27300000,0.932177,0.54642,27600000,18025,31304,17775
NC_053037.3,27600000,0.860534,0.545423,27900000,22423,35697,21643
NC_053037.3,27900000,0.894427,0.529277,28200000,20037,35231,19372
NC_053037.3,28200000,0.893077,0.55198,28500000,47629,88416,45789
NC_053037.3,28500000,0.875429,0.547333,28800000,37442,51513,34971
NC_053037.3,28800000,0.830205,0.544813,29100000,20559,35342,20158
NC_053037.3,29100000,0.949914,0.54825,29400000,18562,32784,17702
NC_053037.3,29400000,0.914433,0.547907,29700000,20546,36082,19963
NC_053037.3,29700000,0.871631,0.55748,30000000,20987,38476,20402
NC_053037.3,30000000,0.780288,0.5717,30300000,17803,30378,17363
NC_053037.3,30300000,0.713019,0.549867,30600000,23755,33960,24380
NC_053037.3,30600000,0.860091,0.551727,30900000,15565,24063,15039
NC_053037.3,30900000,0.895961,0.524603,31200000,6986,9274,6938
NC_053037.3,31200000,0.853793,0.525823,31500000,16459,26053,15554
NC_053037.3,31500000,0.675234,0.528627,31800000,3371,3584,3470
NC_053037.3,31800000,0.935483,0.54474,32100000,12430,20160,11974
NC_053037.3,32100000,0.895205,0.548453,32400000,4276,3922,4198
NC_053037.3,32400000,0.834014,0.547357,32700000,8871,12151,8449
NC_053037.3,32700000,0.824423,0.543293,33000000,12154,17738,12050
NC_053037.3,33000000,0.931303,0.55065,33300000,21101,32607,20553
NC_053037.3,33300000,0.900562,0.551443,33600000,15608,25476,15379
NC_053037.3,33600000,0.938445,0.552813,33900000,19688,34321,19047
NC_053037.3,33900000,0.928361,0.539293,34200000,16434,28847,15780
NC_053037.3,34200000,0.907828,0.53737,34500000,10294,15982,10032
NC_053037.3,34500000,0.891038,0.53485,34800000,14699,24680,14528
NC_053037.3,34800000,0.922343,0.54559,35100000,22518,37494,21816
NC_053037.3,35100000,0.901686,0.534937,35400000,16763,26630,16278
NC_053037.3,35400000,0.888377,0.535823,35700000,19675,34333,19016
NC_053037.3,35700000,0.881527,0.543053,36000000,24618,39009,23501
NC_053037.3,36000000,0.916035,0.54388,36300000,18397,33767,17505
NC_053037.3,36300000,0.902781,0.542857,36600000,19959,35337,19012
NC_053037.3,36600000,0.898955,0.528443,36900000,22234,37982,21190
NC_053037.3,36900000,0.913547,0.512517,37200000,20320,35652,19142
NC_053037.3,37200000,0.866094,0.53274,37500000,24283,39510,23449
NC_053037.3,37500000,0.850066,0.54536,37800000,21914,37587,21113
NC_053037.3,37800000,0.889201,0.53364,38100000,20869,36769,20301
NC_053037.3,38100000,0.93452,0.55148,38400000,20946,37276,19992
NC_053037.3,38400000,0.888326,0.528557,38700000,21713,38193,21018
NC_053037.3,38700000,0.887223,0.55774,39000000,23524,37374,22572
NC_053037.3,39000000,0.927019,0.526297,39300000,22315,36854,21102
NC_053037.3,39300000,0.935296,0.529807,39600000,21084,37990,20313
NC_053037.3,39600000,0.911197,0.52763,39900000,19662,35780,18777
NC_053037.3,39900000,0.857978,0.545847,40200000,21136,36251,20065
NC_053037.3,40200000,0.902251,0.558163,40500000,20692,36705,19982
NC_053037.3,40500000,0.913746,0.53758,40800000,20167,36210,19633
NC_053037.3,40800000,0.914102,0.530317,41100000,21031,36974,19863
NC_053037.3,41100000,0.912656,0.543327,41400000,18075,30091,17175
NC_053037.3,41400000,0.899173,0.53126,41700000,18452,31148,17984
NC_053037.3,41700000,0.85143,0.538237,42000000,18773,31364,18074
NC_053037.3,42000000,0.932191,0.53957,42300000,17679,31942,17064
NC_053037.3,42300000,0.900333,0.531187,42600000,18964,32934,18518
NC_053037.3,42600000,0.91524,0.530793,42900000,27981,40843,25888
NC_053037.3,42900000,0.84883,0.558753,43200000,18852,33027,18218
NC_053037.3,43200000,0.840416,0.530643,43500000,20905,35192,20137
NC_053037.3,43500000,0.892024,0.534047,43800000,20694,34976,19806
NC_053037.3,43800000,0.900437,0.515103,44100000,20592,35991,19639
NC_053037.3,44100000,0.921108,0.554097,44400000,22423,36858,21144
NC_053037.3,44400000,0.846927,0.544657,44700000,13783,19208,13291
NC_053037.3,44700000,0.841827,0.553997,45000000,10499,14723,10208
NC_053037.3,45000000,0.908793,0.5352,45300000,10203,14384,9500
NC_053037.3,45300000,0.917797,0.543517,45600000,10642,13608,10566
NC_053037.3,45600000,0.893097,0.532853,45900000,20158,33240,19330
NC_053037.3,45900000,0.887916,0.537277,46200000,11309,18215,11076
NC_053037.3,46200000,0.896638,0.5042,46500000,8808,13158,8077
NC_053037.3,46500000,0.936657,0.53093,46800000,8953,13475,8517
NC_053037.3,46800000,0.896695,0.541513,47100000,17446,26481,16816
NC_053037.3,47100000,0.876045,0.545763,47400000,11150,15696,10749
NC_053037.3,47400000,0.952359,0.512077,47700000,5823,5480,5422
NC_053037.3,47700000,0.944719,0.530617,48000000,3440,3325,3236
NC_053037.3,48000000,0.967098,0.542747,48300000,2885,2531,2628
NC_053037.3,48300000,0.872128,0.549527,48600000,12492,13013,11714
NC_053037.3,48600000,0.903415,0.544887,48900000,12285,19596,11775
NC_053037.3,48900000,0.844821,0.52948,49200000,20405,32596,19308
NC_053037.3,49200000,0.874437,0.540333,49500000,19731,34258,19217
NC_053037.3,49500000,0.899521,0.523777,49800000,21660,36843,20739
NC_053037.3,49800000,0.92245,0.53719,50100000,20407,35529,19928
NC_053037.3,50100000,0.940683,0.522577,50400000,21043,37049,20377
NC_053037.3,50400000,0.922981,0.53803,50700000,19288,33724,18598
NC_053037.3,50700000,0.870988,0.54109,51000000,22683,38008,21915
NC_053037.3,51000000,0.827539,0.537233,51300000,22304,36199,20913
NC_053037.3,51300000,0.901475,0.545687,51600000,21117,35740,20144
NC_053037.3,51600000,0.911694,0.542603,51900000,26411,47144,25856
NC_053037.3,51900000,0.910359,0.52654,52200000,30933,45470,28178
NC_053037.3,52200000,0.927897,0.559827,52500000,34529,47181,30688
NC_053037.3,52500000,0.911407,0.532497,52800000,21684,37612,20903
NC_053037.3,52800000,0.910827,0.523837,53100000,22207,38372,21340
NC_053037.3,53100000,0.9562,0.525953,53400000,21531,37885,20616
NC_053037.3,53400000,0.861045,0.5384,53700000,20898,36400,19920
NC_053037.3,53700000,0.874856,0.5573,54000000,23065,38135,22423
NC_053037.3,54000000,0.974944,0.523917,54300000,25546,40676,23384
NC_053037.3,54300000,0.93502,0.530957,54600000,24177,39967,22735
NC_053037.3,54600000,0.972735,0.525907,54900000,23966,39985,22369
NC_053037.3,54900000,0.953826,0.52612,55200000,22407,38284,21233
NC_053037.3,55200000,0.941575,0.544497,55500000,20920,36857,20023
NC_053037.3,55500000,0.958768,0.546763,55800000,24578,40624,23128
NC_053037.3,55800000,0.96777,0.535883,56100000,21381,37283,20164
NC_053037.3,56100000,0.8964,0.50594,56400000,26300,41019,24435
NC_053037.3,56400000,0.897888,0.515993,56700000,23311,39232,22402
NC_053037.3,56700000,0.920452,0.523363,57000000,21918,38270,20810
NC_053037.3,57000000,0.948398,0.543617,57300000,20972,36940,20374
NC_053037.3,57300000,0.903233,0.538833,57600000,21020,37233,20389
NC_053037.3,57600000,0.863659,0.535287,57900000,20780,35713,20302
NC_053037.3,57900000,0.880235,0.534997,58200000,21925,38124,21557
NC_053037.3,58200000,0.879343,0.537913,58500000,20418,35693,20145
NC_053037.3,58500000,0.912775,0.54632,58800000,20386,36276,19649
NC_053037.3,58800000,0.864708,0.544287,59100000,20798,35649,20068
NC_053037.3,59100000,0.871904,0.53291,59400000,20170,34842,19608
NC_053037.3,59400000,0.877415,0.546297,59700000,22002,36256,20860
NC_053037.3,59700000,0.901133,0.54576,60000000,20628,35914,19749
NC_053037.3,60000000,0.853833,0.53685,60300000,20566,36091,20525
NC_053037.3,60300000,0.830452,0.55938,60600000,34705,59795,32092
NC_053037.3,60600000,0.926239,0.529807,60900000,20655,36590,19831
NC_053037.3,60900000,0.838882,0.55608,61200000,17590,28835,17500
NC_053037.3,61200000,0.885353,0.545837,61500000,19310,33476,18719
NC_053037.3,61500000,0.918962,0.532247,61800000,18479,33181,18029
NC_053037.3,61800000,0.87292,0.541663,62100000,19179,33692,18870
NC_053037.3,62100000,0.908061,0.5511,62400000,19078,33530,18068
NC_053037.3,62400000,0.905351,0.53859,62700000,17762,32382,17126
NC_053037.3,62700000,0.934913,0.516027,63000000,17302,29119,16951
NC_053037.3,63000000,0.774753,0.411117,63300000,17791,31908,16840
NC_053037.3,63300000,0.850203,0.480083,63600000,18985,34711,18114
NC_053037.3,63600000,0.941124,0.494743,63900000,16015,29566,15553
NC_053037.3,63900000,0.897129,0.519747,64200000,19293,32971,18372
NC_053037.3,64200000,0.931035,0.533423,64500000,21324,37669,20423
NC_053037.3,64500000,0.868408,0.53846,64800000,22094,37482,21664
NC_053037.3,64800000,0.877464,0.538927,65100000,23631,39596,22669
NC_053037.3,65100000,0.901887,0.547817,65400000,21355,36571,20638
NC_053037.3,65400000,0.920635,0.5513,65700000,20453,36520,19908
NC_053037.3,65700000,0.911458,0.506563,66000000,21495,38397,20283
NC_053037.3,66000000,0.891881,0.53499,66300000,21470,36896,20937
NC_053037.3,66300000,0.902183,0.517833,66600000,20135,34531,19237
NC_053037.3,66600000,0.910549,0.53772,66900000,17800,31293,17162
NC_053037.3,66900000,0.856186,0.546427,67200000,15358,25034,14842
NC_053037.3,67200000,0.88732,0.544397,67500000,21941,37248,20988
NC_053037.3,67500000,0.87977,0.537627,67800000,22461,38095,21327
NC_053037.3,67800000,0.949859,0.511413,68100000,20653,37449,19912
NC_053037.3,68100000,0.904456,0.544033,68400000,21831,37221,21105
NC_053037.3,68400000,0.878261,0.52197,68700000,20692,35700,20032
NC_053037.3,68700000,0.938799,0.540293,69000000,19542,35477,19039
NC_053037.3,69000000,0.872761,0.547447,69300000,21084,35626,20057
NC_053037.3,69300000,0.863274,0.543423,69600000,19999,34576,19281
NC_053037.3,69600000,0.911916,0.546117,69900000,19825,34922,19121
NC_053037.3,69900000,0.920308,0.51483,70200000,12702,20824,12037
NC_053037.3,70200000,0.728308,0.539997,70500000,19411,22932,17572
NC_053037.3,70500000,0.731444,0.551427,70800000,26586,36055,24129
NC_053037.3,70800000,0.925078,0.543603,71100000,20113,34540,19102
NC_053037.3,71100000,0.8905,0.530057,71400000,20735,35403,20232
NC_053037.3,71400000,0.895839,0.529027,71700000,20965,36170,20037
NC_053037.3,71700000,0.862579,0.521713,72000000,21828,35830,20795
NC_053037.3,72000000,0.902145,0.531143,72300000,19092,34092,18408
NC_053037.3,72300000,0.88851,0.54242,72600000,17913,31338,17244
NC_053037.3,72600000,0.884789,0.52573,72900000,18626,31336,17616
NC_053037.3,72900000,0.94032,0.54003,73200000,20641,35521,19805
NC_053037.3,73200000,0.932255,0.530927,73500000,19993,35606,18882
NC_053037.3,73500000,0.843765,0.50096,73800000,19515,33416,18816
NC_053037.3,73800000,0.894346,0.516913,74100000,19724,33609,18651
NC_053037.3,74100000,0.939329,0.52073,74400000,20175,35102,18575
NC_053037.3,74400000,0.857776,0.54632,74700000,19703,32977,18744
NC_053037.3,74700000,0.863664,0.51357,75000000,20132,34288,19267
NC_053037.3,75000000,0.885072,0.52764,75300000,20009,35415,19352
NC_053037.3,75300000,0.934642,0.53178,75600000,18712,33236,17913
NC_053037.3,75600000,0.927942,0.5319,75900000,17367,32312,16639
NC_053037.3,75900000,0.882108,0.512337,76200000,18656,33739,18083
NC_053037.3,76200000,0.9101,0.53186,76500000,19929,35385,19411
NC_053037.3,76500000,0.905945,0.54879,76800000,20384,35117,19224
NC_053037.3,76800000,0.930891,0.534,77100000,19219,35118,18557
NC_053037.3,77100000,0.921342,0.540597,77400000,19826,36015,19303
NC_053037.3,77400000,0.939722,0.534183,77700000,19732,34963,18749
NC_053037.3,77700000,0.907296,0.499633,78000000,17746,30452,16698
NC_053037.3,78000000,0.891573,0.52676,78300000,19959,33700,19393
NC_053037.3,78300000,0.914127,0.551973,78600000,20247,35589,19872
NC_053037.3,78600000,0.875783,0.534933,78900000,22369,36759,21168
NC_053037.3,78900000,0.92125,0.542997,79200000,20708,36812,20107
NC_053037.3,79200000,0.898166,0.52149,79500000,20066,36683,19234
NC_053037.3,79500000,0.941001,0.526573,79800000,23623,40016,22331
NC_053037.3,79800000,0.918624,0.528157,80100000,19958,35651,18842
NC_053037.3,80100000,0.905681,0.53715,80400000,20287,36441,19626
NC_053037.3,80400000,0.939455,0.542427,80700000,19098,34957,18508
NC_053037.3,80700000,0.912485,0.534227,81000000,19153,35185,18639
NC_053037.3,81000000,0.930847,0.533527,81300000,18598,34404,17868
NC_053037.3,81300000,0.881961,0.54298,81600000,17845,32842,17438
NC_053037.3,81600000,0.713809,0.59942,81900000,37403,69951,36153
NC_053037.3,81900000,0.720654,0.629523,82200000,35364,64004,34789
NC_053037.3,82200000,0.836544,0.5397,82500000,19988,34712,19078
NC_053037.3,82500000,0.828819,0.525477,82800000,20896,35492,20109
NC_053037.3,82800000,0.892031,0.514373,83100000,18931,33183,18160
NC_053037.3,83100000,0.872541,0.513633,83400000,18790,33587,18378
NC_053037.3,83400000,0.883685,0.530507,83700000,20052,34844,19384
NC_053037.3,83700000,0.865245,0.5613,84000000,26733,46909,26047
NC_053037.3,84000000,0.899585,0.53816,84300000,20248,35463,19387
NC_053037.3,84300000,0.911188,0.53055,84600000,20868,35372,20110
NC_053037.3,84600000,0.86959,0.540417,84900000,20646,34191,19321
NC_053037.3,84900000,0.876163,0.537317,85200000,18088,32505,17445
NC_053037.3,85200000,0.951324,0.562637,85500000,18045,33909,17467
NC_053037.3,85500000,0.845221,0.5387,85800000,18926,32864,17907
NC_053037.3,85800000,0.882237,0.53871,86100000,19813,35553,19462
NC_053037.3,86100000,0.944884,0.52656,86400000,18541,34548,17859
NC_053037.3,86400000,0.915684,0.529103,86700000,18862,34144,17913
NC_053037.3,86700000,0.88394,0.53479,87000000,20788,36191,20304
NC_053037.3,87000000,0.876181,0.536063,87300000,19380,34153,19124
NC_053037.3,87300000,0.885027,0.530477,87600000,21646,37252,20679
NC_053037.3,87600000,0.874284,0.54562,87900000,21911,36081,21041
NC_053037.3,87900000,0.887576,0.53125,88200000,20816,33233,19510
NC_053037.3,88200000,0.898499,0.541757,88500000,20002,33617,18947
NC_053037.3,88500000,0.909239,0.5396,88800000,21437,36235,20599
NC_053037.3,88800000,0.912405,0.540807,89100000,21693,38945,21183
NC_053037.3,89100000,0.879313,0.511577,89400000,18680,33378,18623
NC_053037.3,89400000,0.893946,0.523503,89700000,19527,34947,19117
NC_053037.3,89700000,0.902841,0.523957,90000000,19282,34568,18624
NC_053037.3,90000000,0.932065,0.52777,90300000,20377,35090,19453
NC_053037.3,90300000,0.912002,0.5534,90600000,20356,35228,19637
NC_053037.3,90600000,0.920005,0.521283,90900000,19962,35254,18955
NC_053037.3,90900000,0.915341,0.531473,91200000,21699,36839,20603
NC_053037.3,91200000,0.908859,0.529757,91500000,19697,35856,19432
NC_053037.3,91500000,0.939759,0.534527,91800000,19250,34758,18382
NC_053037.3,91800000,0.91799,0.53679,92100000,19576,35448,18596
NC_053037.3,92100000,0.873334,0.552663,92400000,19163,33267,18264
NC_053037.3,92400000,0.909917,0.534353,92700000,20730,35893,19491
NC_053037.3,92700000,0.904346,0.52049,93000000,21201,36562,20088
NC_053037.3,93000000,0.8807,0.52948,93300000,20980,36250,19780
NC_053037.3,93300000,0.928436,0.528117,93600000,20151,34911,19182
NC_053037.3,93600000,0.918741,0.528303,93900000,19440,34073,18601
NC_053037.3,93900000,0.907734,0.538063,94200000,20450,35895,19575
NC_053037.3,94200000,0.88515,0.536007,94500000,22646,36915,22112
NC_053037.3,94500000,0.89557,0.55058,94800000,20111,34354,18983
NC_053037.3,94800000,0.874198,0.542223,95100000,17882,30135,16747
NC_053037.3,95100000,0.881577,0.5353,95400000,18660,32608,18297
NC_053037.3,95400000,0.945602,0.533287,95700000,21147,36807,20304
NC_053037.3,95700000,0.844407,0.54328,96000000,23213,38247,22529
NC_053037.3,96000000,0.913406,0.536377,96300000,20518,37115,19680
NC_053037.3,96300000,0.901395,0.54518,96600000,21736,38629,20842
NC_053037.3,96600000,0.947116,0.523583,96900000,20827,37322,19513
NC_053037.3,96900000,0.919201,0.540057,97200000,19808,35542,19207
NC_053037.3,97200000,0.905262,0.526763,97500000,20839,35447,19720
NC_053037.3,97500000,0.842043,0.54622,97800000,19610,34211,18951
NC_053037.3,97800000,0.897189,0.511653,98100000,19815,34331,18587
NC_053037.3,98100000,0.901685,0.506147,98400000,21187,36161,20085
NC_053037.3,98400000,0.932607,0.54135,98700000,20502,36594,19539
NC_053037.3,98700000,0.925249,0.54938,99000000,19948,35137,19356
NC_053037.3,99000000,0.906677,0.533913,99300000,19354,34870,18880
NC_053037.3,99300000,0.887602,0.51941,99600000,19166,34232,18401
NC_053037.3,99600000,0.688905,0.389743,99900000,8844,13467,8417
NC_053037.3,99900000,0.609502,0.381687,100200000,3858,4159,3903
NC_053037.3,100200000,0.595124,0.37943,100500000,3628,4003,3620
NC_053037.3,100500000,0.70233,0.388613,100800000,1908,2282,1832
NC_053037.3,100800000,0.84636,0.471373,101100000,23053,39893,21623
NC_053037.3,101100000,0.948545,0.545763,101400000,20560,34948,19269
NC_053037.3,101400000,0.91012,0.53146,101700000,19493,34682,18679
NC_053037.3,101700000,0.938594,0.5406,102000000,19225,34722,18448
NC_053037.3,102000000,0.915984,0.521237,102300000,19281,35291,18509
NC_053037.3,102300000,0.939276,0.527837,102600000,20553,36047,19606
NC_053037.3,102600000,0.947675,0.52496,102900000,19130,34686,18131
NC_053037.3,102900000,0.903615,0.5444,103200000,20212,34927,19026
NC_053037.3,103200000,0.947816,0.529743,103500000,20901,37096,20323
NC_053037.3,103500000,0.908398,0.509923,103800000,18142,33385,17563
NC_053037.3,103800000,0.864951,0.552183,104100000,19218,34488,18392
NC_053037.3,104100000,0.859125,0.558803,104400000,18803,33042,17886
NC_053037.3,104400000,0.942744,0.566933,104700000,18655,33912,17911
NC_053037.3,104700000,0.888947,0.552757,105000000,19263,34243,18736
NC_053037.3,105000000,0.919564,0.539363,105300000,20239,34161,19375
NC_053037.3,105300000,0.93748,0.53897,105600000,21648,37125,20784
NC_053037.3,105600000,0.954418,0.52006,105900000,18362,33137,17553
NC_053037.3,105900000,0.91567,0.52342,106200000,18413,33714,17926
NC_053037.3,106200000,0.921709,0.549677,106500000,18735,33517,17820
NC_053037.3,106500000,0.919527,0.543773,106800000,19715,35267,18976
NC_053037.3,106800000,0.915791,0.512813,107100000,18434,33830,17540
NC_053037.3,107100000,0.941756,0.544953,107400000,20691,35726,19593
NC_053037.3,107400000,0.943089,0.545193,107700000,18306,32409,17442
NC_053037.3,107700000,0.895498,0.5369,108000000,19758,33185,18706
NC_053037.3,108000000,0.942997,0.53973,108300000,20831,36877,19947
NC_053037.3,108300000,0.879931,0.520627,108600000,18789,32877,17915
NC_053037.3,108600000,0.917601,0.563223,108900000,21849,37371,20940
NC_053037.3,108900000,0.953692,0.53539,109200000,20866,37277,19853
NC_053037.3,109200000,0.929459,0.53753,109500000,20290,36277,19782
NC_053037.3,109500000,0.909303,0.543333,109800000,19237,34228,18799
NC_053037.3,109800000,0.826536,0.53298,110100000,20793,35120,19759
NC_053037.3,110100000,0.904198,0.547357,110400000,19826,34612,18762
NC_053037.3,110400000,0.927249,0.55077,110700000,18527,33794,17897
NC_053037.3,110700000,0.877478,0.530373,111000000,17301,31161,16367
NC_053037.3,111000000,0.951379,0.53603,111300000,20072,35503,18943
NC_053037.3,111300000,0.929769,0.53239,111600000,20058,36444,19784
NC_053037.3,111600000,0.947811,0.526783,111900000,19827,36447,19051
NC_053037.3,111900000,0.881158,0.54954,112200000,21517,36524,20581
NC_053037.3,112200000,0.897835,0.523623,112500000,19839,34605,18521
NC_053037.3,112500000,0.898656,0.52644,112800000,19651,34644,18592
NC_053037.3,112800000,0.961329,0.5389,113100000,20124,35576,19107
NC_053037.3,113100000,0.905569,0.530733,113400000,21095,36373,20190
NC_053037.3,113400000,0.88557,0.536237,113700000,19760,34393,19037
NC_053037.3,113700000,0.905368,0.553337,114000000,20103,34892,19349
NC_053037.3,114000000,0.882786,0.527287,114300000,20601,35548,19562
NC_053037.3,114300000,0.890064,0.518553,114600000,19439,34952,18505
NC_053037.3,114600000,0.937359,0.538757,114900000,21100,37381,20247
NC_053037.3,114900000,0.9139,0.51629,115200000,20637,37109,19902
NC_053037.3,115200000,0.929032,0.51028,115500000,18801,34502,18130
NC_053037.3,115500000,0.940916,0.521313,115800000,19621,35505,18515
NC_053037.3,115800000,0.904084,0.524453,116100000,18271,33930,17668
NC_053037.3,116100000,0.912706,0.536983,116400000,20554,35753,19816
NC_053037.3,116400000,0.898566,0.513493,116700000,20842,36395,19724
NC_053037.3,116700000,0.87012,0.524653,117000000,21276,34051,19634
NC_053037.3,117000000,0.932559,0.553057,117300000,20628,35392,19253
NC_053037.3,117300000,0.901198,0.535937,117600000,19525,32798,18169
NC_053037.3,117600000,0.924565,0.520307,117900000,20119,34807,19049
NC_053037.3,117900000,0.944289,0.525403,118200000,20469,35519,19419
NC_053037.3,118200000,0.943634,0.52969,118500000,20198,35690,19314
NC_053037.3,118500000,0.857175,0.540843,118800000,19431,32076,18243
NC_053037.3,118800000,0.947033,0.543537,119100000,20996,36755,20071
NC_053037.3,119100000,0.920273,0.556967,119400000,19435,33372,18712
NC_053037.3,119400000,0.95181,0.519967,119700000,20036,34375,18706
NC_053037.3,119700000,0.89707,0.534173,120000000,18306,32024,17816
NC_053037.3,120000000,0.861943,0.544793,120300000,15093,25605,14471
NC_053037.3,120300000,0.908417,0.537037,120600000,21511,33874,20426
NC_053037.3,120600000,0.867906,0.519743,120900000,17910,29967,17138
NC_053037.3,120900000,0.926459,0.505337,121200000,16001,28379,15148
NC_053037.3,121200000,0.937106,0.512327,121500000,15416,27735,14608
NC_053037.3,121500000,0.919749,0.49681,121800000,14831,26514,14015
NC_053037.3,121800000,0.927655,0.533253,122100000,16730,30052,16329
NC_053037.3,122100000,0.944972,0.506083,122400000,19663,33653,17982
NC_053037.3,122400000,0.947242,0.54616,122700000,18143,32417,17382
NC_053037.3,122700000,0.891346,0.542287,123000000,17697,30163,17021
NC_053037.3,123000000,0.967859,0.49723,123300000,16500,30433,15784
NC_053037.3,123300000,0.897344,0.550667,123600000,14805,26627,14471
NC_053037.3,123600000,0.920294,0.55235,123900000,28701,42562,27689
NC_053037.3,123900000,0.942719,0.545397,124200000,17238,30502,16595
NC_053037.3,124200000,0.925873,0.521623,124500000,17134,30670,16336
NC_053037.3,124500000,0.870822,0.543177,124800000,17750,30109,16746
NC_053037.3,124800000,0.848738,0.533043,125100000,17013,29131,16738
NC_053037.3,125100000,0.901795,0.526473,125400000,15377,26768,14621
NC_053037.3,125400000,0.943501,0.536263,125700000,19984,34358,19072
NC_053037.3,125700000,0.917709,0.53782,126000000,19252,33651,18693
NC_053037.3,126000000,0.886078,0.54567,126300000,23906,41342,23370
NC_053037.3,126300000,0.949195,0.517053,126600000,20489,35872,19208
NC_053037.3,126600000,0.933866,0.53793,126900000,21356,36017,20263
NC_053037.3,126900000,0.902601,0.533523,127200000,17572,30889,16456
NC_053037.3,127200000,0.919604,0.547117,127500000,18437,32056,17956
NC_053037.3,127500000,0.888537,0.554057,127800000,20192,34737,18911
NC_053037.3,127800000,0.869237,0.525527,128100000,19297,33784,18886
NC_053037.3,128100000,0.909915,0.542137,128400000,17427,30336,17059
NC_053037.3,128400000,0.914402,0.515543,128700000,19250,34601,18498
NC_053037.3,128700000,0.924044,0.54143,129000000,20300,34895,19472
NC_053037.3,129000000,0.977368,0.546523,129300000,18820,34766,18109
NC_053037.3,129300000,0.958146,0.546103,129600000,18964,34509,18253
NC_053037.3,129600000,0.951033,0.52665,129900000,20375,36581,19430
NC_053037.3,129900000,0.903618,0.538527,130200000,20191,35555,18797
NC_053037.3,130200000,0.961026,0.55125,130500000,18086,33007,17150
NC_053037.3,130500000,0.848264,0.526453,130800000,21370,35803,20698
NC_053037.3,130800000,0.895088,0.512143,131100000,23760,39196,21969
NC_053037.3,131100000,0.949774,0.52842,131400000,20185,36464,19140
NC_053037.3,131400000,0.913305,0.531883,131700000,19495,34908,19112
NC_053037.3,131700000,0.903598,0.50759,132000000,20603,36322,19695
NC_053037.3,132000000,0.93282,0.519617,132300000,18765,33798,17714
NC_053037.3,132300000,0.903684,0.50764,132600000,17954,31987,17442
NC_053037.3,132600000,0.931802,0.541697,132900000,20713,36975,19904
NC_053037.3,132900000,0.878674,0.52371,133200000,21387,37106,20398
NC_053037.3,133200000,0.893064,0.543317,133500000,19997,35409,19240
NC_053037.3,133500000,0.91245,0.526393,133800000,20508,36635,19906
NC_053037.3,133800000,0.936841,0.516767,134100000,21218,37607,20042
NC_053037.3,134100000,0.945271,0.52868,134400000,20268,37021,19617
NC_053037.3,134400000,0.942058,0.52739,134700000,19612,36485,18686
NC_053037.3,134700000,0.896316,0.535027,135000000,20903,36716,20196
NC_053037.3,135000000,0.917932,0.52299,135300000,32155,48528,30895
NC_053037.3,135300000,0.889973,0.55775,135600000,20995,35823,20047
NC_053037.3,135600000,0.933335,0.548097,135900000,20050,35298,19418
NC_053037.3,135900000,0.916023,0.54197,136200000,20638,36634,19900
NC_053037.3,136200000,0.953442,0.52504,136500000,20671,37437,19768
NC_053037.3,136500000,0.907044,0.550003,136800000,20825,36369,19819
NC_053037.3,136800000,0.834616,0.54844,137100000,29141,53842,29413
NC_053037.3,137100000,0.927385,0.51409,137400000,20553,37195,19636
NC_053037.3,137400000,0.911761,0.53008,137700000,20786,36824,19582
NC_053037.3,137700000,0.914522,0.538643,138000000,21237,37160,20244
NC_053037.3,138000000,0.878716,0.533177,138300000,20952,36515,20049
NC_053037.3,138300000,0.925847,0.53254,138600000,20588,37252,19890
NC_053037.3,138600000,0.899403,0.533727,138900000,20823,36539,20168
NC_053037.3,138900000,0.895654,0.537227,139200000,22765,37984,21773
NC_053037.3,139200000,0.879244,0.515887,139500000,21356,36726,20501
NC_053037.3,139500000,0.908457,0.54098,139800000,21891,36713,20578
NC_053037.3,139800000,0.947336,0.552627,140100000,20135,36006,18992
NC_053037.3,140100000,0.928945,0.549313,140400000,19370,34795,18634
NC_053037.3,140400000,0.895597,0.536367,140700000,18968,33273,18522
NC_053037.3,140700000,0.913401,0.518417,141000000,20843,36541,19654
NC_053037.3,141000000,0.899866,0.53298,141300000,19949,35699,19276
NC_053037.3,141300000,0.931909,0.500577,141600000,22097,38391,20925
NC_053037.3,141600000,0.908137,0.535287,141900000,20201,35496,19153
NC_053037.3,141900000,0.902159,0.538557,142200000,20022,35514,19242
NC_053037.3,142200000,0.852268,0.533987,142500000,19377,34453,18806
NC_053037.3,142500000,0.912446,0.5254,142800000,18092,32311,17463
NC_053037.3,142800000,0.89029,0.55615,143100000,19746,34654,18784
NC_053037.3,143100000,0.903995,0.496543,143400000,19188,34920,18741
NC_053037.3,143400000,0.914994,0.50626,143700000,19663,35819,18457
NC_053037.3,143700000,0.918795,0.529043,144000000,20644,36606,19863
NC_053037.3,144000000,0.969177,0.528803,144300000,19172,35080,18054
NC_053037.3,144300000,0.943526,0.5287,144600000,20330,36471,19252
NC_053037.3,144600000,0.929509,0.552553,144900000,18686,34495,18321
NC_053037.3,144900000,0.920977,0.544913,145200000,19235,35826,19044
NC_053037.3,145200000,0.923028,0.542333,145500000,20663,36047,20035
NC_053037.3,145500000,0.886231,0.560557,145800000,12418,17863,11514
NC_053037.3,145800000,0.895751,0.554137,146100000,22774,38890,21548
NC_053037.3,146100000,0.929404,0.521637,146400000,20748,37585,19802
NC_053037.3,146400000,0.875645,0.52066,146700000,20752,37133,20205
NC_053037.3,146700000,0.942694,0.542907,147000000,20427,36161,19243
NC_053037.3,147000000,0.922555,0.534747,147300000,19578,35113,18643
NC_053037.3,147300000,0.930658,0.54322,147600000,20584,36595,19796
NC_053037.3,147600000,0.943646,0.5393,147900000,20311,35744,19586
NC_053037.3,147900000,0.929302,0.538603,148200000,21048,36514,20071
NC_053037.3,148200000,0.952786,0.541683,148500000,21434,37415,20448
NC_053037.3,148500000,0.91429,0.55526,148800000,20164,35177,19296
NC_053037.3,148800000,0.878438,0.536177,149100000,19573,35008,18882
NC_053037.3,149100000,0.896879,0.52112,149400000,17767,33084,16917
NC_053037.3,149400000,0.853316,0.508273,149700000,16416,28700,15507
NC_053037.3,149700000,0.781368,0.41967,150000000,13668,24648,13025
NC_053037.3,150000000,0.897768,0.51881,150300000,18537,33410,17499
NC_053037.3,150300000,0.915884,0.5238,150600000,21916,37377,20712
NC_053037.3,150600000,0.878883,0.527747,150900000,21411,37407,20739
NC_053037.3,150900000,0.882527,0.507577,151200000,19285,35201,18310
NC_053037.3,151200000,0.937613,0.522697,151500000,20253,37071,19242
NC_053037.3,151500000,0.935685,0.526187,151800000,19371,35579,18878
NC_053037.3,151800000,0.944365,0.53786,152100000,20407,36495,19704
NC_053037.3,152100000,0.922378,0.554813,152400000,20640,36435,19882
NC_053037.3,152400000,0.918655,0.547157,152700000,19803,34884,18788
NC_053037.3,152700000,0.920519,0.53176,153000000,21233,36985,20692
NC_053037.3,153000000,0.919783,0.54374,153300000,20137,36505,19648
NC_053037.3,153300000,0.93999,0.535913,153600000,19292,34254,18538
NC_053037.3,153600000,0.948217,0.52389,153900000,20530,37311,19737
NC_053037.3,153900000,0.922101,0.547073,154200000,20738,36484,19708
NC_053037.3,154200000,0.933344,0.541237,154500000,20469,36250,19470
NC_053037.3,154500000,0.957556,0.517743,154800000,19410,35996,18382
NC_053037.3,154800000,0.98311,0.521687,155100000,18485,34667,17705
NC_053037.3,155100000,0.943926,0.53291,155400000,21707,37396,20590
NC_053037.3,155400000,0.944098,0.5388,155700000,19997,36254,19015
NC_053037.3,155700000,0.884155,0.555107,156000000,18150,32752,16966
NC_053037.3,156000000,0.917928,0.531447,156300000,22495,37820,21299
NC_053037.3,156300000,0.93025,0.531523,156600000,20256,36278,19795
NC_053037.3,156600000,0.947498,0.5439,156900000,19331,35256,18358
NC_053037.3,156900000,0.915199,0.55539,157200000,20794,36550,20266
NC_053037.3,157200000,0.850259,0.539143,157500000,21515,37184,20989
NC_053037.3,157500000,0.923388,0.546237,157800000,21124,36763,20101
NC_053037.3,157800000,0.900091,0.530473,158100000,20235,35239,18812
NC_053037.3,158100000,0.941642,0.545507,158400000,19985,36004,19227
NC_053037.3,158400000,0.933628,0.534067,158700000,19596,34397,18988
NC_053037.3,158700000,0.906449,0.528943,159000000,17803,32319,17306
NC_053037.3,159000000,0.898814,0.53922,159300000,19972,34726,19210
NC_053037.3,159300000,0.931844,0.53552,159600000,18581,33250,17739
NC_053037.3,159600000,0.93981,0.505737,159900000,19030,34018,18182
NC_053037.3,159900000,0.89336,0.51802,160200000,19357,33995,18355
NC_053037.3,160200000,0.895158,0.525473,160500000,19309,33653,18720
NC_053037.3,160500000,0.863377,0.531033,160800000,19863,32127,18702
NC_053037.3,160800000,0.93528,0.537867,161100000,18036,33204,17452
NC_053037.3,161100000,0.903178,0.545697,161400000,19069,34254,18363
NC_053037.3,161400000,0.915183,0.540123,161700000,22645,37292,21314
NC_053037.3,161700000,0.861655,0.52799,162000000,19697,34137,19183
NC_053037.3,162000000,0.909295,0.559983,162300000,20803,35572,19930
NC_053037.3,162300000,0.944087,0.504817,162600000,22525,39363,21680
NC_053037.3,162600000,0.93367,0.521027,162900000,20504,36825,19566
NC_053037.3,162900000,0.926104,0.52818,163200000,19076,35459,18398
NC_053037.3,163200000,0.929001,0.522663,163500000,21866,38855,20987
NC_053037.3,163500000,0.935251,0.507573,163800000,20760,37299,19694
NC_053037.3,163800000,0.926535,0.537897,164100000,21136,37110,20221
NC_053037.3,164100000,0.860447,0.53718,164400000,20847,36196,20018
NC_053037.3,164400000,0.933311,0.53789,164700000,21203,38680,22474
NC_053037.3,164700000,0.931677,0.52823,165000000,20697,37431,20013
NC_053037.3,165000000,0.936023,0.55223,165300000,20720,36658,19791
NC_053037.3,165300000,0.905561,0.527353,165600000,21883,37814,20543
NC_053037.3,165600000,0.926783,0.533213,165900000,20367,36773,19680
NC_053037.3,165900000,0.903457,0.537957,166200000,22544,37938,21201
NC_053037.3,166200000,0.920813,0.537467,166500000,20482,35700,19462
NC_053037.3,166500000,0.893784,0.538467,166800000,20032,34714,19200
NC_053037.3,166800000,0.931668,0.54205,167100000,21217,38012,20397
NC_053037.3,167100000,0.915576,0.544617,167400000,20528,35966,19361
NC_053037.3,167400000,0.913869,0.5385,167700000,19379,34656,18436
NC_053037.3,167700000,0.96083,0.530947,168000000,20171,36538,19135
NC_053037.3,168000000,0.937813,0.527403,168300000,20291,36722,19320
NC_053037.3,168300000,0.912125,0.54987,168600000,20797,36335,19774
NC_053037.3,168600000,0.882138,0.556803,168900000,21529,37166,20543
NC_053037.3,168900000,0.913714,0.542307,169200000,20229,36930,19629
NC_053037.3,169200000,0.917351,0.533787,169500000,21325,37228,20453
NC_053037.3,169500000,0.93145,0.53749,169800000,19622,36486,19153
NC_053037.3,169800000,0.892214,0.524353,170100000,21970,38012,20978
NC_053037.3,170100000,0.888928,0.556947,170400000,21627,37099,20473
NC_053037.3,170400000,0.926175,0.5382,170700000,20455,36570,19940
NC_053037.3,170700000,0.96385,0.516847,171000000,20559,38019,20103
NC_053037.3,171000000,0.868007,0.526987,171300000,19455,34302,18466
NC_053037.3,171300000,0.875313,0.531803,171600000,20445,36687,19874
NC_053037.3,171600000,0.876413,0.513513,171900000,20928,38731,19988
NC_053037.3,171900000,0.696815,0.421017,172200000,22798,44704,21038
NC_053037.3,172200000,0.688596,0.424563,172500000,19275,37151,18301
NC_053037.3,172500000,0.897718,0.52398,172800000,21421,36833,20466
NC_053037.3,172800000,0.935093,0.514187,173100000,20937,37202,19614
NC_053037.3,173100000,0.891141,0.548467,173400000,21226,37243,20779
NC_053037.3,173400000,0.908098,0.544563,173700000,21571,38078,20415
NC_053037.3,173700000,0.93188,0.53116,174000000,20977,37280,19690
NC_053037.3,174000000,0.947729,0.538297,174300000,20335,37070,19231
NC_053037.3,174300000,0.925819,0.539213,174600000,20540,36578,19698
NC_053037.3,174600000,0.904298,0.540757,174900000,22468,38363,21454
NC_053037.3,174900000,0.927169,0.520043,175200000,22021,38216,20922
NC_053037.3,175200000,0.926382,0.536423,175500000,21449,37527,20596
NC_053037.3,175500000,0.903392,0.535577,175800000,22257,38436,21268
NC_053037.3,175800000,0.913074,0.528353,176100000,21124,37084,19844
NC_053037.3,176100000,0.896478,0.518607,176400000,21554,37056,21055
NC_053037.3,176400000,0.88768,0.519187,176700000,55545,73197,47182
NC_053037.3,176700000,0.891911,0.536563,177000000,20362,36028,19378
NC_053037.3,177000000,0.926549,0.50631,177300000,20655,37459,19813
NC_053037.3,177300000,0.929353,0.528317,177600000,21501,38018,20689
NC_053037.3,177600000,0.897599,0.552913,177900000,19924,35272,19587
NC_053037.3,177900000,0.854504,0.537937,178200000,19793,35944,19181
NC_053037.3,178200000,0.889098,0.545637,178500000,20257,35799,19541
NC_053037.3,178500000,0.922713,0.531243,178800000,22108,38512,20642
NC_053037.3,178800000,0.896766,0.528287,179100000,21099,37476,20491
NC_053037.3,179100000,0.938693,0.54221,179400000,20853,37052,19866
NC_053037.3,179400000,0.927254,0.538573,179700000,20926,37560,19988
NC_053037.3,179700000,0.910289,0.528927,180000000,21013,37217,19775
NC_053037.3,180000000,0.894348,0.53852,180300000,22891,39091,21751
NC_053037.3,180300000,0.944666,0.53131,180600000,21791,37539,20529
NC_053037.3,180600000,0.941988,0.483077,180900000,20214,37901,19462
NC_053037.3,180900000,0.923685,0.501267,181200000,19743,36189,18824
NC_053037.3,181200000,0.931488,0.51962,181500000,20475,36854,19604
NC_053037.3,181500000,0.943125,0.500087,181800000,23078,39758,21472
NC_053037.3,181800000,0.912318,0.5498,182100000,20987,36641,20040
NC_053037.3,182100000,0.889205,0.530893,182400000,21194,37256,20411
NC_053037.3,182400000,0.921411,0.54489,182700000,19713,35830,19002
NC_053037.3,182700000,0.931017,0.52618,183000000,21044,37971,20104
NC_053037.3,183000000,0.870061,0.550573,183300000,20621,36750,20064
NC_053037.3,183300000,0.85952,0.525157,183600000,22284,37753,21419
NC_053037.3,183600000,0.825419,0.54668,183900000,20966,36652,20604
NC_053037.3,183900000,0.81162,0.53763,184200000,21149,37242,20417
NC_053037.3,184200000,0.922476,0.51321,184500000,21741,38374,20250
NC_053037.3,184500000,0.89312,0.538467,184800000,20595,37306,20013
NC_053037.3,184800000,0.893927,0.533107,185100000,20313,36724,19707
NC_053037.3,185100000,0.936742,0.54677,185400000,19997,36572,18989
NC_053037.3,185400000,0.924456,0.54814,185700000,20466,37028,19639
NC_053037.3,185700000,0.905312,0.541843,186000000,22909,38979,21913
NC_053037.3,186000000,0.951431,0.539727,186300000,20227,36967,19434
NC_053037.3,186300000,0.914503,0.534827,186600000,21125,37746,20076
NC_053037.3,186600000,0.934325,0.53913,186900000,23991,39798,22282
NC_053037.3,186900000,0.89126,0.544987,187200000,21849,38748,21462
NC_053037.3,187200000,0.880094,0.5485,187500000,20793,36705,20547
NC_053037.3,187500000,0.924765,0.54323,187800000,20704,36637,19433
NC_053037.3,187800000,0.948651,0.525723,188100000,21532,38519,20687
NC_053037.3,188100000,0.892872,0.529277,188400000,20692,37633,19902
NC_053037.3,188400000,0.930855,0.533497,188700000,22839,38849,21498
NC_053037.3,188700000,0.93799,0.53105,189000000,21704,37993,20751
NC_053037.3,189000000,0.904158,0.549773,189300000,21050,37170,20651
NC_053037.3,189300000,0.944436,0.546937,189600000,21037,37188,19891
NC_053037.3,189600000,0.929687,0.52024,189900000,21460,37892,20188
NC_053037.3,189900000,0.964957,0.55689,190200000,19805,36010,18788
NC_053037.3,190200000,0.970026,0.5467,190500000,20984,37172,20440
NC_053037.3,190500000,0.917672,0.540017,190800000,20176,36712,19385
NC_053037.3,190800000,0.909858,0.524873,191100000,21313,37975,20691
NC_053037.3,191100000,0.911139,0.548397,191400000,21197,37494,20813
NC_053037.3,191400000,0.924642,0.530607,191700000,20416,37159,19837
NC_053037.3,191700000,0.95089,0.55221,192000000,19558,36025,18929
NC_053037.3,192000000,0.948799,0.538023,192300000,20012,36544,19232
NC_053037.3,192300000,0.955021,0.535193,192600000,21894,37858,20753
NC_053037.3,192600000,0.89449,0.554553,192900000,20745,36704,19810
NC_053037.3,192900000,0.890322,0.524973,193200000,22287,38584,21371
NC_053037.3,193200000,0.91735,0.53458,193500000,19505,35442,18839
NC_053037.3,193500000,0.929257,0.547833,193800000,20645,37281,19847
NC_053037.3,193800000,0.936566,0.518293,194100000,20583,37293,19537
NC_053037.3,194100000,0.967814,0.52451,194400000,20055,36842,18961
NC_053037.3,194400000,0.96419,0.519447,194700000,20218,37032,19254
NC_053037.3,194700000,0.908284,0.543483,195000000,19691,35685,18660
NC_053037.3,195000000,0.909369,0.537657,195300000,20508,36877,19565
NC_053037.3,195300000,0.930621,0.539043,195600000,19644,36558,18662
NC_053037.3,195600000,0.932062,0.544143,195900000,20627,37300,19621
NC_053037.3,195900000,0.938004,0.552617,196200000,19868,36016,18803
NC_053037.3,196200000,0.882718,0.535567,196500000,21793,38302,21063
NC_053037.3,196500000,0.949258,0.54197,196800000,19847,37245,19223
NC_053037.3,196800000,0.923263,0.535503,197100000,20133,36564,19432
NC_053037.3,197100000,0.934675,0.532687,197400000,18731,35882,18126
NC_053037.3,197400000,0.787656,0.585947,197700000,18999,35224,18201
NC_053037.3,197700000,0.782942,0.554457,198000000,19251,36221,18065
NC_053037.3,198000000,0.879392,0.53433,198300000,21438,38212,20424
NC_053037.3,198300000,0.849032,0.51184,198600000,21275,37956,20356
NC_053037.3,198600000,0.902377,0.512083,198900000,19306,36824,18612
NC_053037.3,198900000,0.801034,0.513613,199200000,20243,36821,19093
NC_053037.3,199200000,0.895509,0.509777,199500000,21496,38369,20488
NC_053037.3,199500000,0.962979,0.530547,199800000,19740,37074,18645
NC_053037.3,199800000,0.882818,0.52986,200100000,20868,37067,19597
NC_053037.3,200100000,0.902152,0.566103,200400000,18129,34059,17523
NC_053037.3,200400000,0.941076,0.537363,200700000,21684,38391,20720
NC_053037.3,200700000,0.934095,0.524653,201000000,19405,36153,19125
NC_053037.3,201000000,0.927177,0.51485,201300000,19400,36655,18777
NC_053037.3,201300000,0.939315,0.533653,201600000,20878,37589,19838
NC_053037.3,201600000,0.938385,0.536883,201900000,21530,37348,20225
NC_053037.3,201900000,0.972005,0.53207,202200000,20340,37219,19268
NC_053037.3,202200000,0.95714,0.523433,202500000,19706,36516,19085
NC_053037.3,202500000,0.916532,0.526927,202800000,21515,37924,20505
NC_053037.3,202800000,0.917292,0.537917,203100000,19633,35900,18743
NC_053037.3,203100000,0.946864,0.503437,203400000,23682,39889,22184
NC_053037.3,203400000,0.946921,0.525587,203700000,20887,37753,19558
NC_053037.3,203700000,0.951108,0.536643,204000000,21299,37785,20080
NC_053037.3,204000000,0.937894,0.523277,204300000,21818,37725,20452
NC_053037.3,204300000,0.917012,0.523937,204600000,21387,37443,19975
NC_053037.3,204600000,0.924748,0.53262,204900000,20095,36000,18984
NC_053037.3,204900000,0.934401,0.545507,205200000,20359,36904,19472
NC_053037.3,205200000,0.969908,0.553423,205500000,19209,35520,18397
NC_053037.3,205500000,0.977475,0.51995,205800000,25345,41517,22912
NC_053037.3,205800000,0.914859,0.5143,206100000,20651,37785,19459
NC_053037.3,206100000,0.783679,0.601943,206400000,27073,50250,26443
NC_053037.3,206400000,0.967874,0.516733,206700000,19557,36320,18456
NC_053037.3,206700000,0.947945,0.518767,207000000,21302,37941,20079
NC_053037.3,207000000,0.902027,0.522497,207300000,20919,37036,19882
NC_053037.3,207300000,0.898278,0.52854,207600000,23504,39159,22140
NC_053037.3,207600000,0.957164,0.510023,207900000,19362,37158,18756
NC_053037.3,207900000,0.964183,0.52592,208200000,20376,37613,19406
NC_053037.3,208200000,0.940469,0.5271,208500000,20200,36701,19058
NC_053037.3,208500000,0.925095,0.52938,208800000,20302,36574,19344
NC_053037.3,208800000,0.925712,0.52087,209100000,22647,38800,21300
NC_053037.3,209100000,0.930642,0.518273,209400000,21677,38403,20699
NC_053037.3,209400000,0.911138,0.543337,209700000,21528,37278,20596
NC_053037.3,209700000,0.925234,0.536063,210000000,19992,36868,19041
NC_053037.3,210000000,0.932327,0.526387,210300000,20501,37465,19836
NC_053037.3,210300000,0.937312,0.521203,210600000,21279,38404,20293
NC_053037.3,210600000,0.908529,0.516117,210900000,20472,37412,19693
NC_053037.3,210900000,0.903306,0.50124,211200000,21959,38571,20831
NC_053037.3,211200000,0.923554,0.531533,211500000,20961,37511,19830
NC_053037.3,211500000,0.879456,0.534807,211800000,20909,36915,20316
NC_053037.3,211800000,0.930433,0.517313,212100000,21412,37748,20131
NC_053037.3,212100000,0.93319,0.50993,212400000,20113,37041,19362
NC_053037.3,212400000,0.939474,0.501293,212700000,20231,37622,19575
NC_053037.3,212700000,0.904618,0.526273,213000000,20665,36869,19459
NC_053037.3,213000000,0.940013,0.518973,213300000,20293,37132,19457
NC_053037.3,213300000,0.893598,0.531807,213600000,22931,38530,21568
NC_053037.3,213600000,0.827712,0.53014,213900000,19434,34989,18687
NC_053037.3,213900000,0.921866,0.508607,214200000,20518,37206,19184
NC_053037.3,214200000,0.898479,0.530047,214500000,23810,38942,22200
NC_053037.3,214500000,0.917267,0.526043,214800000,19849,36812,19262
NC_053037.3,214800000,0.953107,0.512537,215100000,22402,39064,20581
NC_053037.3,215100000,0.906695,0.54871,215400000,20600,36612,19524
NC_053037.3,215400000,0.922819,0.528783,215700000,20390,37234,19449
NC_053037.3,215700000,0.956414,0.51294,216000000,19827,37449,18977
NC_053037.3,216000000,0.831625,0.513807,216300000,20754,37495,19909
NC_053037.3,216300000,0.921323,0.509787,216600000,23210,39453,22057
NC_053037.3,216600000,0.936323,0.520927,216900000,21858,38643,20726
NC_053037.3,216900000,0.97371,0.524753,217200000,19902,37241,18971
NC_053037.3,217200000,0.904305,0.532973,217500000,21632,38909,20422
NC_053037.3,217500000,0.948892,0.53036,217800000,20438,36926,19433
NC_053037.3,217800000,0.96403,0.55386,218100000,21811,37529,20943
NC_053037.3,218100000,0.964487,0.5235,218400000,21372,38052,20447
NC_053037.3,218400000,0.950561,0.53537,218700000,20009,37078,19288
NC_053037.3,218700000,0.861002,0.52885,219000000,20824,36649,19718
NC_053037.3,219000000,0.95414,0.525793,219300000,21485,38664,19974
NC_053037.3,219300000,0.947686,0.52463,219600000,20335,37848,19448
NC_053037.3,219600000,0.831619,0.523943,219900000,20888,38210,19886
NC_053037.3,219900000,0.966103,0.51574,220200000,22343,38905,20754
NC_053037.3,220200000,0.925233,0.524773,220500000,20500,36699,19619
NC_053037.3,220500000,0.988845,0.513387,220800000,19402,36717,18449
NC_053037.3,220800000,0.96401,0.52733,221100000,19341,36472,18439
NC_053037.3,221100000,0.902273,0.53398,221400000,20206,36923,19748
NC_053037.3,221400000,0.959193,0.503463,221700000,20326,37364,19262
NC_053037.3,221700000,0.919247,0.51231,222000000,20632,37573,19997
NC_053037.3,222000000,0.965657,0.520277,222300000,20043,37230,18982
NC_053037.3,222300000,0.924036,0.525297,222600000,22361,39243,21357
NC_053037.3,222600000,0.869399,0.51707,222900000,22056,38790,21018
NC_053037.3,222900000,0.918655,0.520823,223200000,19755,35788,19135
NC_053037.3,223200000,0.960819,0.547357,223500000,20309,36193,19214
NC_053037.3,223500000,0.96227,0.509967,223800000,20067,36857,18790
NC_053037.3,223800000,0.912504,0.527573,224100000,19864,36806,19056
NC_053037.3,224100000,0.910698,0.531513,224400000,22063,38387,21000
NC_053037.3,224400000,0.916091,0.522397,224700000,21617,38710,20643
NC_053037.3,224700000,0.649368,0.564533,225000000,17990,33676,17760
NC_053037.3,225000000,0.91093,0.529343,225300000,20072,36417,19031
NC_053037.3,225300000,0.918834,0.525513,225600000,19709,36496,19001
NC_053037.3,225600000,0.93798,0.530867,225900000,21321,38248,20363
NC_053037.3,225900000,0.90656,0.52809,226200000,20456,37803,20049
NC_053037.3,226200000,0.980761,0.511427,226500000,20416,37512,19364
NC_053037.3,226500000,0.951927,0.515313,226800000,19692,36407,18920
NC_053037.3,226800000,0.9583,0.547493,227100000,19914,36138,18979
NC_053037.3,227100000,0.935961,0.533243,227400000,21634,37206,20215
NC_053037.3,227400000,0.945778,0.523943,227700000,19483,36415,18611
NC_053037.3,227700000,0.955279,0.536707,228000000,19792,36464,18916
NC_053037.3,228000000,0.912774,0.54084,228300000,19872,35652,18914
NC_053037.3,228300000,0.947679,0.525947,228600000,22272,39050,21060
NC_053037.3,228600000,0.937414,0.508633,228900000,20261,37129,19591
NC_053037.3,228900000,0.964226,0.52955,229200000,25324,40702,22810
NC_053037.3,229200000,0.956507,0.50866,229500000,20816,37999,19916
NC_053037.3,229500000,0.924151,0.55072,229800000,19724,36988,18941
NC_053037.3,229800000,0.946411,0.517463,230100000,19616,36330,18765
NC_053037.3,230100000,0.936593,0.532343,230400000,22383,38648,21382
NC_053037.3,230400000,0.948231,0.507067,230700000,25928,42054,23530
NC_053037.3,230700000,0.942781,0.539327,231000000,20775,37855,19852
NC_053037.3,231000000,0.914175,0.530693,231300000,20305,36923,19409
NC_053037.3,231300000,0.955533,0.5299,231600000,21393,37207,20156
NC_053037.3,231600000,0.928022,0.526347,231900000,20260,37216,19273
NC_053037.3,231900000,0.959667,0.550337,232200000,19396,35653,18367
NC_053037.3,232200000,0.957,0.526263,232500000,20032,36669,19341
NC_053037.3,232500000,0.913427,0.521037,232800000,20320,36619,19672
NC_053037.3,232800000,0.91482,0.532783,233100000,21288,36853,20591
NC_053037.3,233100000,0.971512,0.51805,233400000,33567,47309,29776
NC_053037.3,233400000,0.955094,0.523503,233700000,20451,37191,19278
NC_053037.3,233700000,0.960271,0.500263,234000000,23285,41261,22338
NC_053037.3,234000000,0.944134,0.52452,234300000,21106,37593,20101
NC_053037.3,234300000,0.957736,0.53108,234600000,22337,38495,20930
NC_053037.3,234600000,0.966063,0.507727,234900000,21248,38369,19799
NC_053037.3,234900000,0.921486,0.52262,235200000,19281,35977,18309
NC_053037.3,235200000,0.888348,0.541883,235500000,19113,35673,18558
NC_053037.3,235500000,0.915805,0.529497,235800000,22947,39226,21743
NC_053037.3,235800000,0.950326,0.51497,236100000,20940,37762,19738
NC_053037.3,236100000,0.95329,0.51768,236400000,21235,37744,20085
NC_053037.3,236400000,0.935896,0.521943,236700000,21431,38035,20114
NC_053037.3,236700000,0.923554,0.513733,237000000,21480,38140,20288
NC_053037.3,237000000,0.95201,0.509193,237300000,20278,37281,19550
NC_053037.3,237300000,0.914778,0.523393,237600000,20708,37487,20015
NC_053037.3,237600000,0.95476,0.536647,237900000,19309,36345,18384
NC_053037.3,237900000,0.940301,0.525767,238200000,19985,36683,18831
NC_053037.3,238200000,0.974402,0.542533,238500000,19427,36953,19092
NC_053037.3,238500000,0.968664,0.538537,238800000,20775,37135,19888
NC_053037.3,238800000,0.93509,0.547407,239100000,20024,35974,19273
NC_053037.3,239100000,0.927567,0.516067,239400000,21289,38117,20244
NC_053037.3,239400000,0.944488,0.545973,239700000,19273,35865,18039
NC_053037.3,239700000,0.83279,0.549557,240000000,18471,36265,17843
NC_053037.3,240000000,0.860445,0.55098,240300000,18164,34663,17483
NC_053037.3,240300000,0.961781,0.555117,240600000,19532,36119,18377
NC_053037.3,240600000,0.938325,0.50159,240900000,22113,38930,21010
NC_053037.3,240900000,0.96743,0.518723,241200000,19432,36691,18629
NC_053037.3,241200000,0.894692,0.521743,241500000,19943,36243,19029
NC_053037.3,241500000,0.927488,0.51705,241800000,19914,36357,19039
NC_053037.3,241800000,0.934299,0.515187,242100000,19334,36330,19173
NC_053037.3,242100000,0.960475,0.541227,242400000,20995,37916,20003
NC_053037.3,242400000,0.955833,0.53451,242700000,20869,37432,19509
NC_053037.3,242700000,0.94303,0.538763,243000000,19769,36474,18948
NC_053037.3,243000000,0.956952,0.524363,243300000,19452,36690,19149
NC_053037.3,243300000,0.95613,0.532527,243600000,21386,37769,20242
NC_053037.3,243600000,0.905525,0.54413,243900000,20452,36764,19882
NC_053037.3,243900000,0.904598,0.538707,244200000,22717,37793,21717
NC_053037.3,244200000,0.879148,0.546053,244500000,21459,36669,20504
NC_053037.3,244500000,0.873465,0.540357,244800000,20229,36304,19264
NC_053037.3,244800000,0.953901,0.538927,245100000,20695,37275,19538
NC_053037.3,245100000,0.908486,0.524117,245400000,20194,36834,19772
NC_053037.3,245400000,0.929631,0.53758,245700000,20074,36558,19255
NC_053037.3,245700000,0.874932,0.5323,246000000,19729,35270,19199
NC_053037.3,246000000,0.882939,0.543627,246300000,22324,36482,21036
NC_053037.3,246300000,0.896806,0.55959,246600000,20085,36111,18839
NC_053037.3,246600000,0.87705,0.54344,246900000,21222,37686,20300
NC_053037.3,246900000,0.878144,0.540203,247200000,22602,38408,21365
NC_053037.3,247200000,0.876726,0.52137,247500000,20610,34617,19880
NC_053037.3,247500000,0.854569,0.5212,247800000,21175,37184,20316
NC_053037.3,247800000,0.925888,0.551197,248100000,22836,38479,21445
NC_053037.3,248100000,0.903506,0.561873,248400000,20265,36114,19144
NC_053037.3,248400000,0.86809,0.55807,248700000,20232,36019,19738
NC_053037.3,248700000,0.878386,0.537077,249000000,20992,37337,20358
NC_053037.3,249000000,0.903361,0.542793,249300000,21356,37722,20720
NC_053037.3,249300000,0.747111,0.560237,249600000,19825,34626,19795
NC_053037.3,249600000,0.774659,0.548437,249900000,22083,36937,21690
NC_053037.3,249900000,0.639969,0.561897,250200000,20354,35204,20610
NC_053037.3,250200000,0.660713,0.560737,250500000,21295,36218,20885
NC_053037.3,250500000,0.774685,0.54617,250800000,20660,36422,20748
NC_053037.3,250800000,0.743058,0.56055,251100000,22270,36720,21514
NC_053037.3,251100000,0.597946,0.559527,251400000,19126,34849,19228
NC_053037.3,251400000,0.499721,0.56128,251700000,19641,35899,19463
NC_053037.3,251700000,0.485958,0.56583,252000000,18753,33830,19060
NC_053037.3,252000000,0.55266,0.561347,252300000,20622,36278,21226
NC_053037.3,252300000,0.668653,0.56033,252600000,98062,134240,82122
NC_053037.3,252600000,0.67213,0.55558,252900000,19234,34925,19574
NC_053037.3,252900000,0.64962,0.55772,253200000,19466,34966,20303
NC_053037.3,253200000,0.682165,0.562247,253500000,21066,36083,21274
NC_053037.3,253500000,0.691879,0.555063,253800000,20043,35582,20389
NC_053037.3,253800000,0.608169,0.555127,254100000,19097,34150,19438
NC_053037.3,254100000,0.748978,0.561327,254400000,20016,35000,19835
NC_053037.3,254400000,0.779956,0.552513,254700000,20018,34835,19664
NC_053037.3,254700000,0.778296,0.540653,255000000,19953,35256,19533
NC_053037.3,255000000,0.896705,0.554417,255300000,20546,35723,19843
NC_053037.3,255300000,0.863009,0.539487,255600000,20366,36172,19800
NC_053037.3,255600000,0.893702,0.54366,255900000,22849,37676,21527
NC_053037.3,255900000,0.952027,0.548203,256200000,20044,36270,19094
NC_053037.3,256200000,0.961902,0.527997,256500000,19851,36183,19172
NC_053037.3,256500000,0.92997,0.52715,256800000,19387,36773,18915
NC_053037.3,256800000,0.939641,0.545577,257100000,19744,36703,19071
NC_053037.3,257100000,0.936409,0.54408,257400000,19476,36113,18933
NC_053037.3,257400000,0.927554,0.546717,257700000,20111,36525,19689
NC_053037.3,257700000,0.925517,0.527973,258000000,20521,37347,19867
NC_053037.3,258000000,0.977977,0.524867,258300000,19896,37043,18652
NC_053037.3,258300000,0.953537,0.535177,258600000,20470,37304,19285
NC_053037.3,258600000,0.928952,0.534577,258900000,20689,37291,19670
NC_053037.3,258900000,0.952026,0.518797,259200000,20080,37130,19710
NC_053037.3,259200000,0.91758,0.54266,259500000,20891,37030,19972
NC_053037.3,259500000,0.933225,0.532657,259800000,25013,40706,23101
NC_053037.3,259800000,0.922332,0.536477,260100000,20154,36572,19610
NC_053037.3,260100000,0.937114,0.538757,260400000,18833,35261,18003
NC_053037.3,260400000,0.919863,0.51749,260700000,19884,37127,19017
NC_053037.3,260700000,0.899761,0.552597,261000000,20931,36276,20211
NC_053037.3,261000000,0.911149,0.518823,261300000,22150,39153,21063
NC_053037.3,261300000,0.938566,0.532087,261600000,21004,37909,19882
NC_053037.3,261600000,0.915226,0.513437,261900000,21805,39025,20687
NC_053037.3,261900000,0.934336,0.547747,262200000,20618,36979,19605
NC_053037.3,262200000,0.898605,0.535603,262500000,20884,37674,20431
NC_053037.3,262500000,0.982663,0.5328,262800000,19890,36943,18901
NC_053037.3,262800000,0.898165,0.532337,263100000,20468,36780,19566
NC_053037.3,263100000,0.980275,0.54326,263400000,20453,36411,19399
NC_053037.3,263400000,0.944506,0.546473,263700000,20445,36149,19748
NC_053037.3,263700000,0.939935,0.519267,264000000,21411,38108,20807
NC_053037.3,264000000,0.916144,0.527643,264300000,21320,38113,20264
NC_053037.3,264300000,0.867383,0.534077,264600000,22061,38156,21639
NC_053037.3,264600000,0.952176,0.537553,264900000,20998,37617,20098
NC_053037.3,264900000,0.927166,0.550717,265200000,21886,37682,20572
NC_053037.3,265200000,0.901683,0.54588,265500000,23960,38618,22610
NC_053037.3,265500000,0.940782,0.555503,265800000,21728,37722,20735
NC_053037.3,265800000,0.937442,0.52711,266100000,20246,37374,19451
NC_053037.3,266100000,0.942463,0.52803,266400000,21671,37567,20875
NC_053037.3,266400000,0.911833,0.541313,266700000,20936,36863,19992
NC_053037.3,266700000,0.937135,0.52159,267000000,20154,37391,19477
NC_053037.3,267000000,0.929039,0.53193,267300000,21207,37729,20302
NC_053037.3,267300000,0.974046,0.54659,267600000,19100,35979,18345
NC_053037.3,267600000,0.924215,0.532193,267900000,21314,36999,19830
NC_053037.3,267900000,0.941826,0.55404,268200000,20860,37185,20148
NC_053037.3,268200000,0.970573,0.51285,268500000,20560,37149,19370
NC_053037.3,268500000,0.946203,0.515047,268800000,20153,36452,19496
NC_053037.3,268800000,0.956888,0.52982,269100000,20368,37461,19365
NC_053037.3,269100000,0.979994,0.528363,269400000,22995,39524,22267
NC_053037.3,269400000,0.929496,0.544917,269700000,19924,36229,19098
NC_053037.3,269700000,0.944865,0.51911,270000000,19630,36942,19052
NC_053037.3,270000000,0.960166,0.530277,270300000,24427,40009,22584
NC_053037.3,270300000,0.948195,0.538077,270600000,20220,36928,19333
NC_053037.3,270600000,0.904883,0.54057,270900000,18712,34915,18010
NC_053037.3,270900000,0.951738,0.516987,271200000,20012,35743,18938
NC_053037.3,271200000,0.908392,0.53988,271500000,20398,36601,19999
NC_053037.3,271500000,0.962935,0.52582,271800000,20384,37284,19478
NC_053037.3,271800000,0.962556,0.544657,272100000,22078,37944,20596
NC_053037.3,272100000,0.987646,0.506277,272400000,20847,37848,19784
NC_053037.3,272400000,0.939979,0.519547,272700000,21042,38486,20176
NC_053037.3,272700000,0.964885,0.511827,273000000,21792,38163,20679
NC_053037.3,273000000,0.918861,0.55128,273300000,18751,34744,17969
NC_053037.3,273300000,0.891254,0.559813,273600000,18783,35868,18165
NC_053037.3,273600000,0.924507,0.533927,273900000,22156,37398,20986
NC_053037.3,273900000,0.93607,0.51661,274200000,21728,38628,21013
NC_053037.3,274200000,0.93262,0.536993,274500000,21358,37516,20641
NC_053037.3,274500000,0.917926,0.55079,274800000,20948,36901,20672
NC_053037.3,274800000,0.916309,0.522903,275100000,21678,38439,20698
NC_053037.3,275100000,0.923181,0.521987,275400000,21036,37907,19898
NC_053037.3,275400000,0.917027,0.54679,275700000,21432,37390,20354
NC_053037.3,275700000,0.915256,0.52233,276000000,21568,38221,20412
NC_053037.3,276000000,0.947313,0.499523,276300000,20969,38268,20376
NC_053037.3,276300000,0.956834,0.529873,276600000,20212,37088,19426
NC_053037.3,276600000,0.913632,0.539283,276900000,19809,35816,18496
NC_053037.3,276900000,0.929819,0.52573,277200000,20156,36538,19151
NC_053037.3,277200000,0.93802,0.535977,277500000,21888,37834,20549
NC_053037.3,277500000,0.946971,0.512243,277800000,17488,31691,16781
NC_053037.3,277800000,0.935848,0.537023,278100000,22877,38054,21425
NC_053037.3,278100000,0.939393,0.533063,278400000,21421,37885,20353
NC_053037.3,278400000,0.936715,0.52572,278700000,21180,37296,20114
NC_053037.3,278700000,0.898985,0.545333,279000000,22017,37875,20518
NC_053037.3,279000000,0.859278,0.54432,279300000,21263,37825,20604
NC_053037.3,279300000,0.921872,0.510647,279600000,21740,38222,21000
NC_053037.3,279600000,0.935288,0.529553,279900000,22588,38261,21134
NC_053037.3,279900000,0.938865,0.540517,280200000,20561,37200,19816
NC_053037.3,280200000,0.915768,0.552943,280500000,20217,35977,19039
NC_053037.3,280500000,0.905941,0.518587,280800000,21481,38413,20527
NC_053037.3,280800000,0.893627,0.521733,281100000,20903,37177,20230
NC_053037.3,281100000,0.925464,0.535543,281400000,20554,36592,19676
NC_053037.3,281400000,0.945441,0.50873,281700000,19494,35680,18427
NC_053037.3,281700000,0.946299,0.517337,282000000,20152,37467,19456
NC_053037.3,282000000,0.928991,0.525233,282300000,21099,37939,20216
NC_053037.3,282300000,0.914666,0.544927,282600000,21067,37097,19828
NC_053037.3,282600000,0.905178,0.529773,282900000,21572,37352,20527
NC_053037.3,282900000,0.942802,0.543263,283200000,21742,37720,20323
NC_053037.3,283200000,0.942354,0.553807,283500000,19987,36235,19173
NC_053037.3,283500000,0.966196,0.541467,283800000,20365,36879,19481
NC_053037.3,283800000,0.961932,0.500923,284100000,21553,38855,20217
NC_053037.3,284100000,0.97819,0.543803,284400000,20574,36108,19399
NC_053037.3,284400000,0.937684,0.547457,284700000,18780,35640,18320
NC_053037.3,284700000,0.929159,0.533363,285000000,20556,37349,19462
NC_053037.3,285000000,0.904145,0.535887,285300000,20930,37249,19686
NC_053037.3,285300000,0.848012,0.555843,285600000,20285,36173,19583
NC_053037.3,285600000,0.801412,0.55095,285900000,20928,37041,20206
NC_053037.3,285900000,0.897051,0.532237,286200000,20507,36828,20026
NC_053037.3,286200000,0.890701,0.5398,286500000,21988,38620,21223
NC_053037.3,286500000,0.907227,0.553237,286800000,20670,36578,20214
NC_053037.3,286800000,0.927971,0.55794,287100000,20778,36552,20339
NC_053037.3,287100000,0.873031,0.550877,287400000,21143,37291,20384
NC_053037.3,287400000,0.913959,0.53172,287700000,21987,38641,21040
NC_053037.3,287700000,0.950851,0.549067,288000000,21183,37609,20461
NC_053037.3,288000000,0.917433,0.540783,288300000,19959,36506,19551
NC_053037.3,288300000,0.94421,0.535973,288600000,20280,36390,19033
NC_053037.3,288600000,0.937783,0.54836,288900000,21337,37304,20037
NC_053037.3,288900000,0.926417,0.541753,289200000,21148,37303,20262
NC_053037.3,289200000,0.958705,0.536127,289500000,20327,37438,19253
NC_053037.3,289500000,0.93675,0.54772,289800000,20582,36845,19574
NC_053037.3,289800000,0.952365,0.521703,290100000,20949,37401,19646
NC_053037.3,290100000,0.866267,0.53328,290400000,20788,36975,20240
NC_053037.3,290400000,0.966474,0.544123,290700000,20470,36523,19732
NC_053037.3,290700000,0.910409,0.516847,291000000,22241,38906,21663
NC_053037.3,291000000,0.916955,0.525673,291300000,21301,37944,20519
NC_053037.3,291300000,0.949186,0.56206,291600000,19526,35813,18839
NC_053037.3,291600000,0.909041,0.544403,291900000,21269,37659,20418
NC_053037.3,291900000,0.932772,0.54722,292200000,20818,37057,20103
NC_053037.3,292200000,0.927035,0.526187,292500000,21657,37864,20443
NC_053037.3,292500000,0.933035,0.52525,292800000,22623,38916,21308
NC_053037.3,292800000,0.967091,0.54845,293100000,21296,37305,20609
NC_053037.3,293100000,0.943655,0.514427,293400000,23634,40741,22172
NC_053037.3,293400000,0.931392,0.52759,293700000,20911,37738,20653
NC_053037.3,293700000,0.937666,0.55544,294000000,20353,36798,19720
NC_053037.3,294000000,0.893369,0.54796,294300000,21049,36902,20137
NC_053037.3,294300000,0.934699,0.543857,294600000,20613,37264,19634
NC_053037.3,294600000,0.97207,0.54126,294900000,20048,36875,18974
NC_053037.3,294900000,0.949107,0.528883,295200000,21384,37366,19909
NC_053037.3,295200000,0.942588,0.53997,295500000,21187,37645,20328
NC_053037.3,295500000,0.849181,0.546767,295800000,21794,36743,20731
NC_053037.3,295800000,0.950995,0.514803,296100000,21329,38487,20080
NC_053037.3,296100000,0.934675,0.51517,296400000,22509,39614,21228
NC_053037.3,296400000,0.923499,0.549243,296700000,20912,37059,20326
NC_053037.3,296700000,0.93496,0.519653,297000000,20637,37407,19965
NC_053037.3,297000000,0.955784,0.544827,297300000,21376,37372,20229
NC_053037.3,297300000,0.935679,0.53373,297600000,23233,40273,23125
NC_053037.3,297600000,0.914014,0.518083,297900000,22338,38833,21207
NC_053037.3,297900000,0.932784,0.523767,298200000,22146,39029,21019
NC_053037.3,298200000,0.93838,0.511383,298500000,21897,38907,21120
NC_053037.3,298500000,0.81877,0.534057,298800000,21768,37990,20791
NC_053037.3,298800000,0.908278,0.548053,299100000,19938,36103,18775
NC_053037.3,299100000,0.926855,0.53889,299400000,21314,37452,19943
NC_053037.3,299400000,0.885258,0.52965,299700000,21909,38257,20889
NC_053037.3,299700000,0.92186,0.519463,300000000,20494,36537,19835
NC_053037.3,300000000,0.912213,0.51514,300300000,22204,38712,20971
NC_053037.3,300300000,0.914766,0.529393,300600000,21058,37222,20320
NC_053037.3,300600000,0.962587,0.55283,300900000,20105,36601,19604
NC_053037.3,300900000,0.90897,0.546797,301200000,20881,37068,20184
NC_053037.3,301200000,0.948268,0.564277,301500000,20366,36619,19938
NC_053037.3,301500000,0.953037,0.537693,301800000,20903,36899,20054
NC_053037.3,301800000,0.913939,0.53941,302100000,20776,37624,19754
NC_053037.3,302100000,0.912724,0.526257,302400000,22624,39345,21733
NC_053037.3,302400000,0.89264,0.534963,302700000,20773,37518,20192
NC_053037.3,302700000,0.955909,0.54014,303000000,20501,37256,19772
NC_053037.3,303000000,0.905822,0.53355,303300000,21996,38616,21275
NC_053037.3,303300000,0.94233,0.52946,303600000,22712,38715,21392
NC_053037.3,303600000,0.951277,0.547607,303900000,20256,36497,19473
NC_053037.3,303900000,0.934086,0.525003,304200000,20324,37083,19385
NC_053037.3,304200000,0.895891,0.528823,304500000,21303,36433,20264
NC_053037.3,304500000,0.919807,0.5327,304800000,20689,38503,20000
NC_053037.3,304800000,0.831573,0.524043,305100000,21502,37997,21438
NC_053037.3,305100000,0.937263,0.534557,305400000,20333,37087,19611
NC_053037.3,305400000,0.924626,0.535237,305700000,21248,38070,20696
NC_053037.3,305700000,0.943955,0.533197,306000000,22849,38743,21697
NC_053037.3,306000000,0.928286,0.54873,306300000,19844,36465,19151
NC_053037.3,306300000,0.965144,0.56094,306600000,19936,36451,19202
NC_053037.3,306600000,0.878526,0.53423,306900000,21543,37740,20656
NC_053037.3,306900000,0.913066,0.535127,307200000,21750,38813,21055
NC_053037.3,307200000,0.900254,0.546093,307500000,21325,38150,20381
NC_053037.3,307500000,0.953697,0.541603,307800000,20420,36571,18925
NC_053037.3,307800000,0.912737,0.5381,308100000,20422,36590,19828
NC_053037.3,308100000,0.956058,0.53681,308400000,21317,38370,20425
NC_053037.3,308400000,0.918307,0.523483,308700000,22255,38454,20946
NC_053037.3,308700000,0.890347,0.53623,309000000,21108,36380,19437
NC_053037.3,309000000,0.923316,0.535927,309300000,20761,36552,20013
NC_053037.3,309300000,0.908555,0.54302,309600000,21557,38080,21021
NC_053037.3,309600000,0.954576,0.53312,309900000,20265,36682,19309
NC_053037.3,309900000,0.941,0.525543,310200000,21057,37088,19586
NC_053037.3,310200000,0.955435,0.520513,310500000,21225,38746,20341
NC_053037.3,310500000,0.875986,0.539797,310800000,21382,37698,20479
NC_053037.3,310800000,0.901662,0.5227,311100000,20757,36839,19695
NC_053037.3,311100000,0.943616,0.536853,311400000,21300,37838,20342
NC_053037.3,311400000,0.930999,0.547483,311700000,21179,37561,20258
NC_053037.3,311700000,0.939703,0.548833,312000000,21773,38167,20671
NC_053037.3,312000000,0.908334,0.53454,312300000,21034,37070,20078
NC_053037.3,312300000,0.938277,0.51747,312600000,20344,36969,19135
NC_053037.3,312600000,0.875284,0.523367,312900000,20562,37547,19701
NC_053037.3,312900000,0.925541,0.544403,313200000,21557,37941,20202
NC_053037.3,313200000,0.926104,0.537663,313500000,20701,36801,19537
NC_053037.3,313500000,0.951079,0.519113,313800000,20567,37459,19019
NC_053037.3,313800000,0.915338,0.532343,314100000,20693,37335,20061
NC_053037.3,314100000,0.945386,0.54897,314400000,20816,36756,19685
NC_053037.3,314400000,0.929843,0.541327,314700000,20853,38168,20063
NC_053037.3,314700000,0.941712,0.52578,315000000,21084,37521,20219
NC_053037.3,315000000,0.900086,0.55549,315300000,20496,36420,19461
NC_053037.3,315300000,0.879759,0.507617,315600000,22614,39075,21163
NC_053037.3,315600000,0.941483,0.511517,315900000,20851,37868,19806
NC_053037.3,315900000,0.94426,0.52104,316200000,21381,37840,20129
NC_053037.3,316200000,0.922699,0.531737,316500000,20847,37841,19989
NC_053037.3,316500000,0.908061,0.534513,316800000,20889,37214,19934
NC_053037.3,316800000,0.951096,0.531123,317100000,21568,37899,20430
NC_053037.3,317100000,0.914809,0.54061,317400000,21060,36687,20018
NC_053037.3,317400000,0.951524,0.532743,317700000,19968,36270,19014
NC_053037.3,317700000,0.923862,0.512637,318000000,20558,37349,19623
NC_053037.3,318000000,0.915359,0.534393,318300000,21167,38207,20461
NC_053037.3,318300000,0.949141,0.517537,318600000,20438,37278,19617
NC_053037.3,318600000,0.929245,0.527813,318900000,20190,36645,19474
NC_053037.3,318900000,0.921108,0.55186,319200000,20178,36582,19600
NC_053037.3,319200000,0.918257,0.558677,319500000,20512,36886,20080
NC_053037.3,319500000,0.938752,0.535383,319800000,21618,37722,20475
NC_053037.3,319800000,0.881413,0.560267,320100000,20472,36314,20061
NC_053037.3,320100000,0.926789,0.513493,320400000,21264,37489,19992
NC_053037.3,320400000,0.899746,0.535083,320700000,21849,37919,20711
NC_053037.3,320700000,0.924494,0.545837,321000000,20899,37424,20279
NC_053037.3,321000000,0.900142,0.506173,321300000,22342,39348,21128
NC_053037.3,321300000,0.902097,0.520407,321600000,21464,37820,20221
NC_053037.3,321600000,0.906338,0.528167,321900000,21641,37801,20607
NC_053037.3,321900000,0.890465,0.558623,322200000,19992,35286,19159
NC_053037.3,322200000,0.922892,0.536517,322500000,21291,37584,20217
NC_053037.3,322500000,0.92068,0.547123,322800000,23529,38738,22104
NC_053037.3,322800000,0.911351,0.530627,323100000,21263,37558,20213
NC_053037.3,323100000,0.955355,0.554403,323400000,21184,37525,20525
NC_053037.3,323400000,0.915113,0.545183,323700000,20484,36547,19649
NC_053037.3,323700000,0.882605,0.565297,324000000,21368,36946,20577
NC_053037.3,324000000,0.952996,0.53334,324300000,20955,37950,20066
NC_053037.3,324300000,0.902779,0.540307,324600000,21018,37333,19937
NC_053037.3,324600000,0.937626,0.541737,324900000,21326,38609,20562
NC_053037.3,324900000,0.926542,0.539537,325200000,21624,38685,21345
NC_053037.3,325200000,0.881617,0.549813,325500000,22087,38035,21313
NC_053037.3,325500000,0.933739,0.553577,325800000,20529,37198,19795
NC_053037.3,325800000,0.937696,0.546723,326100000,20326,37088,19675
NC_053037.3,326100000,0.927416,0.527103,326400000,20955,36930,19994
NC_053037.3,326400000,0.879568,0.547057,326700000,21418,37142,20574
NC_053037.3,326700000,0.922991,0.558453,327000000,20528,36511,19448
NC_053037.3,327000000,0.938784,0.54228,327300000,19875,36446,18832
NC_053037.3,327300000,0.949669,0.526833,327600000,20096,36476,19241
NC_053037.3,327600000,0.915358,0.519463,327900000,20049,35351,19627
NC_053037.3,327900000,0.913906,0.532707,328200000,20706,36520,19723
NC_053037.3,328200000,0.849513,0.54985,328500000,21024,34025,19674
NC_053037.3,328500000,0.928109,0.544927,328800000,13536,20081,12790
NC_053037.3,328800000,0.940056,0.549753,329100000,20590,37799,19807
NC_053037.3,329100000,0.930511,0.53082,329400000,20693,36260,19800
NC_053037.3,329400000,0.919319,0.554347,329700000,20688,36820,19592
NC_053037.3,329700000,0.938991,0.54321,330000000,21759,37429,20632
NC_053037.3,330000000,0.951019,0.55545,330300000,20479,36309,19573
NC_053037.3,330300000,0.971783,0.52863,330600000,20605,37620,19567
NC_053037.3,330600000,0.958627,0.529127,330900000,20289,36674,19398
NC_053037.3,330900000,0.957703,0.53021,331200000,19833,36918,18939
NC_053037.3,331200000,0.973926,0.546083,331500000,19797,36236,18628
NC_053037.3,331500000,0.880569,0.54849,331800000,20154,36639,19575
NC_053037.3,331800000,0.928454,0.540713,332100000,20635,36861,19912
NC_053037.3,332100000,0.901084,0.53261,332400000,22418,39221,21775
NC_053037.3,332400000,0.924646,0.533277,332700000,21122,37438,20149
NC_053037.3,332700000,0.923575,0.543683,333000000,21559,36726,20564
NC_053037.3,333000000,0.938029,0.51589,333300000,19321,35129,18612
NC_053037.3,333300000,0.889008,0.538187,333600000,20409,35903,20076
NC_053037.3,333600000,0.946077,0.548963,333900000,19926,35948,19188
NC_053037.3,333900000,0.930404,0.535213,334200000,19794,35792,19083
NC_053037.3,334200000,0.959531,0.52943,334500000,19501,36431,18931
NC_053037.3,334500000,0.945979,0.53431,334800000,20907,36473,19665
NC_053037.3,334800000,0.951949,0.517863,335100000,22620,38623,20970
NC_053037.3,335100000,0.906347,0.5491,335400000,20190,35158,18921
NC_053037.3,335400000,0.944998,0.548863,335700000,19084,35088,18440
NC_053037.3,335700000,0.923652,0.548703,336000000,19423,34989,18642
NC_053037.3,336000000,0.94053,0.525013,336300000,20754,37143,20243
NC_053037.3,336300000,0.899357,0.53261,336600000,21820,37379,20513
NC_053037.3,336600000,0.920088,0.53666,336900000,19534,35394,19207
NC_053037.3,336900000,0.939183,0.546827,337200000,19982,35203,19258
NC_053037.3,337200000,0.939475,0.556527,337500000,20615,35830,19410
NC_053037.3,337500000,0.935584,0.55651,337800000,22047,37822,20773
NC_053037.3,337800000,0.910568,0.562873,338100000,22345,38302,21100
NC_053037.3,338100000,0.91249,0.53499,338400000,20748,37264,19686
NC_053037.3,338400000,0.959194,0.561883,338700000,19839,35919,19030
NC_053037.3,338700000,0.887882,0.54137,339000000,20909,36997,20157
NC_053037.3,339000000,0.89894,0.537977,339300000,18983,33320,18067
NC_053037.3,339300000,0.958214,0.532053,339600000,20648,37456,19822
NC_053037.3,339600000,0.896159,0.526863,339900000,22253,37226,21041
NC_053037.3,339900000,0.919356,0.541643,340200000,20886,36622,20115
NC_053037.3,340200000,0.952575,0.536133,340500000,20952,37393,20087
NC_053037.3,340500000,0.935384,0.547227,340800000,20332,36368,19211
NC_053037.3,340800000,0.928212,0.547057,341100000,20679,36720,19588
NC_053037.3,341100000,0.91496,0.534103,341400000,19994,36022,19346
NC_053037.3,341400000,0.95706,0.509923,341700000,20529,38310,19421
NC_053037.3,341700000,0.908875,0.54298,342000000,20886,36062,19945
NC_053037.3,342000000,0.895124,0.52703,342300000,21508,37479,20316
NC_053037.3,342300000,0.914048,0.541913,342600000,21213,37258,20469
NC_053037.3,342600000,0.972099,0.555967,342900000,21467,38048,20220
NC_053037.3,342900000,0.873094,0.530663,343200000,20432,36282,19738
NC_053037.3,343200000,0.92131,0.538087,343500000,19960,35844,19269
NC_053037.3,343500000,0.924007,0.526127,343800000,20175,37401,19634
NC_053037.3,343800000,0.963096,0.521323,344100000,20461,37315,19883
NC_053037.3,344100000,0.918324,0.55182,344400000,20396,35860,19185
NC_053037.3,344400000,0.929892,0.527893,344700000,20015,36074,19147
NC_053037.3,344700000,0.942953,0.55544,345000000,19629,35800,19066
NC_053037.3,345000000,0.915866,0.540937,345300000,19802,35438,18949
NC_053037.3,345300000,0.946293,0.54293,345600000,19822,36540,19071
NC_053037.3,345600000,0.862676,0.529797,345900000,20800,36642,20073
NC_053037.3,345900000,0.969571,0.52382,346200000,20660,36730,19476
NC_053037.3,346200000,0.912971,0.50146,346500000,21960,38747,20978
NC_053037.3,346500000,0.922116,0.55495,346800000,21205,37296,20167
NC_053037.3,346800000,0.93252,0.530113,347100000,22725,38589,21163
NC_053037.3,347100000,0.924463,0.527423,347400000,21841,38288,20900
NC_053037.3,347400000,0.910697,0.534927,347700000,21636,37642,20447
NC_053037.3,347700000,0.939915,0.53032,348000000,25329,42017,24083
NC_053037.3,348000000,0.950653,0.55917,348300000,21142,36225,19998
NC_053037.3,348300000,0.905894,0.522773,348600000,18010,30904,16927
NC_053037.3,348600000,0.945469,0.531583,348900000,18474,32770,17508
NC_053037.3,348900000,0.882449,0.55089,349200000,17216,27786,16531
NC_053037.3,349200000,0.905482,0.558643,349500000,17892,31027,17280
NC_053037.3,349500000,0.914178,0.555517,349800000,16414,28615,15815
NC_053037.3,349800000,0.942624,0.541593,350100000,18355,32982,17676
NC_053037.3,350100000,0.93988,0.52355,350400000,18797,32445,17788
NC_053037.3,350400000,0.940751,0.52735,350700000,19568,34738,18701
NC_053037.3,350700000,0.920845,0.53789,351000000,19548,34175,18460
NC_053037.3,351000000,0.878929,0.542467,351300000,17213,30705,16602
NC_053037.3,351300000,0.903517,0.541693,351600000,18685,32326,18174
NC_053037.3,351600000,0.956351,0.533043,351900000,18777,33977,17873
NC_053037.3,351900000,0.90581,0.538203,352200000,19491,33882,18846
NC_053037.3,352200000,0.883985,0.542847,352500000,16372,28557,16237
NC_053037.3,352500000,0.893673,0.538773,352800000,17839,30457,16856
NC_053037.3,352800000,0.957049,0.55683,353100000,19630,35251,18804
NC_053037.3,353100000,0.904456,0.515137,353400000,17279,30308,16794
NC_053037.3,353400000,0.872638,0.520583,353700000,17806,30002,16885
NC_053037.3,353700000,0.923973,0.51658,354000000,17434,29231,16432
NC_053037.3,354000000,0.920872,0.52186,354300000,16145,28214,15284
NC_053037.3,354300000,0.944467,0.52973,354600000,15720,26859,15014
NC_053037.3,354600000,0.912875,0.538583,354900000,14869,27053,14224
NC_053037.3,354900000,0.941224,0.54209,355200000,17232,30668,16184
NC_053037.3,355200000,0.959978,0.537477,355500000,18221,32884,17526
NC_053037.3,355500000,0.935332,0.54671,355800000,18537,32480,17672
NC_053037.3,355800000,0.912631,0.55333,356100000,18765,32114,18109
NC_053037.3,356100000,0.91131,0.52731,356400000,19191,33235,18297
NC_053037.3,356400000,0.914105,0.533283,356700000,21304,36719,20082
NC_053037.3,356700000,0.885718,0.558813,357000000,20381,34837,19486
NC_053037.3,357000000,0.912599,0.542067,357300000,20121,35960,19405
NC_053037.3,357300000,0.91627,0.533693,357600000,21434,36859,20225
NC_053037.3,357600000,0.905181,0.52855,357900000,21614,35847,20079
NC_053037.3,357900000,0.897825,0.503593,358200000,20927,36880,20174
NC_053037.3,358200000,0.93953,0.540787,358500000,20598,36340,19876
NC_053037.3,358500000,0.951947,0.547417,358800000,19235,34645,18263
NC_053037.3,358800000,0.962542,0.52476,359100000,21146,37050,20143
NC_053037.3,359100000,0.907907,0.54299,359400000,19614,34366,18895
NC_053037.3,359400000,0.926524,0.553607,359700000,17800,31217,16903
NC_053037.3,359700000,0.90971,0.525813,360000000,21045,36151,20182
NC_053037.3,360000000,0.909659,0.541193,360300000,20904,36438,20377
NC_053037.3,360300000,0.916843,0.546773,360600000,22572,37586,21395
NC_053037.3,360600000,0.937877,0.53542,360900000,19050,33040,18256
NC_053037.3,360900000,0.925299,0.545313,361200000,14960,24647,14246
NC_053037.3,361200000,0.859392,0.55741,361500000,11263,18343,10987
NC_053037.3,361500000,0.914583,0.536163,361800000,10632,17994,10314
NC_053037.3,361800000,0.923022,0.53138,362100000,11739,19327,11328
NC_053037.3,362100000,0.934563,0.550593,362400000,18246,31128,17386
NC_053037.3,362400000,0.903632,0.532537,362700000,13412,22254,12930
NC_053037.3,362700000,0.894719,0.547143,363000000,20362,35197,19806
NC_053037.3,363000000,0.943595,0.524333,363300000,21331,37654,20130
NC_053037.3,363300000,0.92071,0.536573,363600000,20394,36032,19225
NC_053037.3,363600000,0.891421,0.53619,363900000,20985,37064,19841
NC_053037.3,363900000,0.902565,0.528183,364200000,21713,36853,20362
NC_053037.3,364200000,0.917236,0.53469,364500000,20744,36271,19296
NC_053037.3,364500000,0.9045,0.539283,364800000,20602,36134,19834
NC_053037.3,364800000,0.939452,0.532747,365100000,19334,35001,18630
NC_053037.3,365100000,0.915371,0.54257,365400000,18466,33056,17656
NC_053037.3,365400000,0.902533,0.526067,365700000,20977,36025,19701
NC_053037.3,365700000,0.93298,0.55376,366000000,21676,37257,21287
NC_053037.3,366000000,0.933013,0.536857,366300000,19099,34376,18067
NC_053037.3,366300000,0.915331,0.544173,366600000,18596,33312,17593
NC_053037.3,366600000,0.89136,0.546103,366900000,22527,37692,21623
NC_053037.3,366900000,0.904591,0.552447,367200000,20748,35489,19595
NC_053037.3,367200000,0.852953,0.546517,367500000,17609,29810,16793
NC_053037.3,367500000,0.898159,0.540883,367800000,18562,32028,17766
NC_053037.3,367800000,0.915194,0.552967,368100000,19996,34188,19193
NC_053037.3,368100000,0.978506,0.538557,368400000,20238,35517,18816
NC_053037.3,368400000,0.931204,0.542247,368700000,18545,33946,18119
NC_053037.3,368700000,0.937947,0.55026,369000000,19007,34389,18642
NC_053037.3,369000000,0.916286,0.535177,369300000,17641,31607,16802
NC_053037.3,369300000,0.837459,0.52297,369600000,18332,32502,17725
NC_053037.3,369600000,0.902106,0.54251,369900000,19371,34833,18836
NC_053037.3,369900000,0.966291,0.5264,370200000,20184,35951,19006
NC_053037.3,370200000,0.901494,0.53223,370500000,21130,35389,19958
NC_053037.3,370500000,0.910758,0.53344,370800000,20056,33710,19360
NC_053037.3,370800000,0.914803,0.536697,371100000,18785,32511,18148
NC_053037.3,371100000,0.875521,0.531507,371400000,20305,34831,19796
NC_053037.3,371400000,0.882191,0.525523,371700000,19013,32798,18661
NC_053037.3,371700000,0.938471,0.53333,372000000,20688,36744,19787
NC_053037.3,372000000,0.920527,0.532703,372300000,19125,33527,18403
NC_053037.3,372300000,0.926141,0.5416,372600000,20127,35230,19259
NC_053037.3,372600000,0.918626,0.520327,372900000,22015,37509,20792
NC_053037.3,372900000,0.901449,0.55112,373200000,20449,35129,19350
NC_053037.3,373200000,0.905756,0.544093,373500000,21598,37225,20639
NC_053037.3,373500000,0.909402,0.53019,373800000,20041,35779,19566
NC_053037.3,373800000,0.910066,0.547627,374100000,19614,34166,18541
NC_053037.3,374100000,0.91671,0.531573,374400000,21573,37555,20685
NC_053037.3,374400000,0.924036,0.544963,374700000,20917,37097,20127
NC_053037.3,374700000,0.932535,0.53002,375000000,21017,37471,20145
NC_053037.3,375000000,0.934143,0.538603,375300000,19971,35472,18714
NC_053037.3,375300000,0.904786,0.54607,375600000,21947,37638,20852
NC_053037.3,375600000,0.838645,0.53752,375900000,20320,35430,19749
NC_053037.3,375900000,0.904469,0.543253,376200000,20646,36655,20049
NC_053037.3,376200000,0.905848,0.520683,376500000,19250,34810,18695
NC_053037.3,376500000,0.937519,0.528807,376800000,20107,36220,19383
NC_053037.3,376800000,0.871831,0.54456,377100000,21874,37665,21303
NC_053037.3,377100000,0.889285,0.522153,377400000,21104,36577,19733
NC_053037.3,377400000,0.90685,0.507537,377700000,22033,38241,13713
NC_053037.3,377700000,0.877652,0.505057,378000000,21176,36945,12508
NC_053037.3,378000000,0.933542,0.514997,378300000,25175,41627,14468
NC_053037.3,378300000,0.907691,0.548887,378600000,20085,36251,11605
NC_053037.3,378600000,0.922391,0.531047,378900000,19414,35214,10621
NC_053037.3,378900000,0.930035,0.554077,379200000,20322,36065,11572
NC_053037.3,379200000,0.928183,0.532203,379500000,20804,36695,11612
NC_053037.3,379500000,0.923791,0.545653,379800000,21072,37243,11839
NC_053037.3,379800000,0.881446,0.537987,380100000,21495,36481,12894
NC_053037.3,380100000,0.892878,0.52686,380400000,20145,36287,11565
NC_053037.3,380400000,0.909123,0.540917,380700000,22402,37483,13082
NC_053037.3,380700000,0.85859,0.52459,381000000,20132,35855,11514
NC_053037.3,381000000,0.914238,0.541423,381300000,20494,35799,11818
NC_053037.3,381300000,0.931046,0.542437,381600000,20840,37542,12050
NC_053037.3,381600000,0.965723,0.53772,381900000,20994,36612,11363
NC_053037.3,381900000,0.95744,0.51985,382200000,21407,38429,12025
NC_053037.3,382200000,0.954085,0.529213,382500000,20236,37353,11076
NC_053037.3,382500000,0.923674,0.530637,382800000,21239,37259,12229
NC_053037.3,382800000,0.878316,0.52312,383100000,18176,31940,10444
NC_053037.3,383100000,0.934892,0.54527,383400000,20312,36137,11250
NC_053037.3,383400000,0.93441,0.54092,383700000,20245,36563,11101
NC_053037.3,383700000,0.921319,0.553857,384000000,20098,35631,11642
NC_053037.3,384000000,0.942525,0.542127,384300000,20520,36319,11761
NC_053037.3,384300000,0.922386,0.52805,384600000,22485,38177,13206
NC_053037.3,384600000,0.881286,0.523973,384900000,21849,37450,12573
NC_053037.3,384900000,0.636986,0.54078,385200000,14769,25809,8756
NC_053037.3,385200000,0.774209,0.55074,385500000,17865,30995,10044
NC_053037.3,385500000,0.934352,0.530523,385800000,21090,37053,12085
NC_053037.3,385800000,0.856807,0.550077,386100000,20529,35592,12279
NC_053037.3,386100000,0.889952,0.538927,386400000,22244,37963,13034
NC_053037.3,386400000,0.912358,0.534513,386700000,19823,35641,10896
NC_053037.3,386700000,0.869243,0.52007,387000000,21884,37437,12695
NC_053037.3,387000000,0.924228,0.55779,387300000,21160,36946,12276
NC_053037.3,387300000,0.950913,0.532897,387600000,20645,37128,11429
NC_053037.3,387600000,0.915771,0.50142,387900000,20680,37265,11526
NC_053037.3,387900000,0.917268,0.536003,388200000,22240,38691,13151
NC_053037.3,388200000,0.863232,0.542343,388500000,20873,36851,12316
NC_053037.3,388500000,0.919182,0.52662,388800000,20238,36526,11415
NC_053037.3,388800000,0.895589,0.541993,389100000,20656,36322,12110
NC_053037.3,389100000,0.934452,0.550053,389400000,20263,36629,11499
NC_053037.3,389400000,0.941643,0.543127,389700000,20902,36721,11551
NC_053037.3,389700000,0.960954,0.539363,390000000,21733,37965,12343
NC_053037.3,390000000,0.902288,0.518253,390300000,24840,38493,16062
NC_053037.3,390300000,0.929821,0.537393,390600000,26235,39426,17467
NC_053037.3,390600000,0.82993,0.53921,390900000,18454,30739,11118
NC_053037.3,390900000,0.946566,0.544013,391200000,20123,35872,11368
NC_053037.3,391200000,0.906946,0.529153,391500000,21500,36718,12936
NC_053037.3,391500000,0.924831,0.5405,391800000,19580,34645,11036
NC_053037.3,391800000,0.973373,0.52898,392100000,20020,35894,10927
NC_053037.3,392100000,0.939056,0.547417,392400000,20329,35202,11973
NC_053037.3,392400000,0.93077,0.555093,392700000,20445,35764,11613
NC_053037.3,392700000,0.945474,0.539873,393000000,19199,34235,10910
NC_053037.3,393000000,0.905303,0.52403,393300000,20764,35845,12023
NC_053037.3,393300000,0.939869,0.509847,393600000,19678,35105,10611
NC_053037.3,393600000,0.923685,0.53538,393900000,21426,37307,12584
NC_053037.3,393900000,0.927387,0.513683,394200000,19998,36701,10966
NC_053037.3,394200000,0.874523,0.528613,394500000,20958,37358,12411
NC_053037.3,394500000,0.857679,0.541733,394800000,22538,38236,14824
NC_053037.3,394800000,0.892283,0.54519,395100000,19497,33284,12309
NC_053037.3,395100000,0.917498,0.54106,395400000,18908,33970,10691
NC_053037.3,395400000,0.884268,0.52365,395700000,20769,36418,12064
NC_053037.3,395700000,0.912866,0.53556,396000000,19732,35986,11211
NC_053037.3,396000000,0.932416,0.53848,396300000,22305,39386,12424
NC_053037.3,396300000,0.897175,0.552573,396600000,20066,35283,11385
NC_053037.3,396600000,0.931257,0.547693,396900000,21604,37392,12657
NC_053037.3,396900000,0.956303,0.54058,397200000,19703,35663,11043
NC_053037.3,397200000,0.932934,0.54274,397500000,20367,36081,11386
NC_053037.3,397500000,0.895505,0.542877,397800000,19741,35519,11348
NC_053037.3,397800000,0.905894,0.522757,398100000,17911,32901,10106
NC_053037.3,398100000,0.889572,0.47551,398400000,19025,34018,10447
NC_053037.3,398400000,0.911226,0.527527,398700000,19404,34536,10720
NC_053037.3,398700000,0.947969,0.514347,399000000,20707,18264,12144
NC_053037.3,399000000,0.865724,0.521043,399300000,15828,5044,10018
NC_053037.3,399300000,0.880632,0.526007,399600000,16671,4417,10084
NC_053037.3,399600000,0.918246,0.540763,399900000,19676,3917,11593
NC_053037.3,399900000,0.853702,0.549193,400200000,20520,4910,12321
NC_053037.3,400200000,0.840508,0.524743,400500000,20212,4720,11901
NC_053037.3,400500000,0.864862,0.529527,400800000,20508,4594,12022
NC_053037.3,400800000,0.912255,0.515437,401100000,20029,2780,10688
NC_053037.3,401100000,0.89561,0.52345,401400000,20709,3766,11757
NC_053037.3,401400000,0.900469,0.536603,401700000,20003,3713,11412
NC_053037.3,401700000,0.887977,0.51148,402000000,18556,3499,10858
NC_053037.3,402000000,0.907587,0.51969,402300000,18785,3762,11025
NC_053037.3,402300000,0.92814,0.517497,402600000,19042,3628,10747
NC_053037.3,402600000,0.929003,0.518737,402900000,17620,2528,9878
NC_053037.3,402900000,0.913998,0.53026,403200000,19467,3299,10751
NC_053037.3,403200000,0.915213,0.517153,403500000,18306,2775,10103
NC_053037.3,403500000,0.934802,0.522237,403800000,20029,3327,11291
NC_053037.3,403800000,0.903037,0.52152,404100000,19189,3181,10590
NC_053037.3,404100000,0.89377,0.53926,404400000,21656,4731,12746
NC_053037.3,404400000,0.842897,0.534653,404700000,19087,5460,11880
NC_053037.3,404700000,0.872689,0.545,405000000,21080,4841,12875
NC_053037.3,405000000,0.8901,0.545997,405300000,20522,4311,12046
NC_053037.3,405300000,0.905002,0.52937,405600000,20606,3694,11492
NC_053037.3,405600000,0.858447,0.54156,405900000,19607,4829,11910
NC_053037.3,405900000,0.923161,0.528957,406200000,20687,4406,11898
NC_053037.3,406200000,0.916391,0.527167,406500000,20751,4035,11784
NC_053037.3,406500000,0.894307,0.54314,406800000,19362,3724,10978
NC_053037.3,406800000,0.908551,0.53935,407100000,18761,3749,10760
NC_053037.3,407100000,0.842286,0.52807,407400000,19247,4894,11773
NC_053037.3,407400000,0.921515,0.554887,407700000,19551,4025,11370
NC_053037.3,407700000,0.935669,0.533893,408000000,20174,3468,11606
NC_053037.3,408000000,0.93648,0.524203,408300000,20448,3818,11553
NC_053037.3,408300000,0.949774,0.545747,408600000,19035,2839,10678
NC_053037.3,408600000,0.933247,0.508753,408900000,18685,3252,10207
NC_053037.3,408900000,0.934671,0.54659,409200000,21049,4709,12611
NC_053037.3,409200000,0.908425,0.5455,409500000,21332,4512,12500
NC_053037.3,409500000,0.89291,0.52164,409800000,19868,3366,11427
NC_053037.3,409800000,0.87108,0.52159,410100000,23022,6811,14362
NC_053037.3,410100000,0.916543,0.529817,410400000,24684,7070,15135
NC_053037.3,410400000,0.899679,0.52667,410700000,23257,5212,13869
NC_053037.3,410700000,0.895797,0.537617,411000000,21688,4825,12747
NC_053037.3,411000000,0.934625,0.512607,411300000,21421,3489,12124
NC_053037.3,411300000,0.919543,0.52627,411600000,22427,4462,12788
NC_053037.3,411600000,0.915686,0.53334,411900000,20750,3042,11419
NC_053037.3,411900000,0.918397,0.523413,412200000,21605,3699,12263
NC_053037.3,412200000,0.881093,0.5465,412500000,21843,5061,13030
NC_053037.3,412500000,0.928043,0.54227,412800000,20904,4131,12186
NC_053037.3,412800000,0.882718,0.51429,413100000,21562,4476,12606
NC_053037.3,413100000,0.93298,0.551433,413400000,20503,4082,11956
NC_053037.3,413400000,0.919041,0.549307,413700000,23196,8269,14141
NC_053037.3,413700000,0.934556,0.529977,414000000,19742,2898,10857
NC_053037.3,414000000,0.934665,0.524933,414300000,20480,3434,11582
NC_053037.3,414300000,0.917885,0.512127,414600000,21456,4335,12652
NC_053037.3,414600000,0.879174,0.514993,414900000,20136,3651,11355
NC_053037.3,414900000,0.935177,0.51451,415200000,22087,4350,12711
NC_053037.3,415200000,0.936981,0.534713,415500000,21154,3870,12337
NC_053037.3,415500000,0.894855,0.527147,415800000,19617,3467,11251
NC_053037.3,415800000,0.909899,0.52601,416100000,20896,3839,11921
NC_053037.3,416100000,0.920274,0.535537,416400000,20995,3623,12148
NC_053037.3,416400000,0.955393,0.541467,416700000,19651,2372,10779
NC_053037.3,416700000,0.8984,0.53005,417000000,22462,5112,13336
NC_053037.3,417000000,0.913498,0.547313,417300000,21570,3887,12370
NC_053037.3,417300000,0.891734,0.514307,417600000,21257,4035,12043
NC_053037.3,417600000,0.891825,0.53721,417900000,20633,3606,12102
NC_053037.3,417900000,0.904987,0.54854,418200000,19956,3116,10939
NC_053037.3,418200000,0.877076,0.541683,418500000,19529,3077,10886
NC_053037.3,418500000,0.923692,0.5302,418800000,20548,3359,11667
NC_053037.3,418800000,0.914773,0.52161,419100000,19482,2774,10857
NC_053037.3,419100000,0.919099,0.478837,419400000,20940,3007,11336
NC_053037.3,419400000,0.924106,0.54409,419700000,21269,4493,12339
NC_053037.3,419700000,0.921074,0.533993,420000000,20450,3588,11432
NC_053037.3,420000000,0.920963,0.55473,420300000,21503,5494,13078
NC_053037.3,420300000,0.911961,0.538477,420600000,21020,3855,11915
NC_053037.3,420600000,0.888025,0.54813,420900000,22210,5309,13346
NC_053037.3,420900000,0.895957,0.530177,421200000,22340,4919,13380
NC_053037.3,421200000,0.946147,0.54582,421500000,20665,3443,11322
NC_053037.3,421500000,0.951161,0.54498,421800000,20322,3707,11362
NC_053037.3,421800000,0.926004,0.5407,422100000,21684,4306,12330
NC_053037.3,422100000,0.874339,0.543603,422400000,18622,3029,10698
NC_053037.3,422400000,0.889164,0.511413,422700000,20908,4351,12259
NC_053037.3,422700000,0.911473,0.516023,423000000,21689,4006,12215
NC_053037.3,423000000,0.931689,0.523657,423300000,19908,2832,10954
NC_053037.3,423300000,0.919121,0.535293,423600000,19437,2737,10769
NC_053037.3,423600000,0.883362,0.536767,423900000,21480,4920,12543
NC_053037.3,423900000,0.929268,0.52686,424200000,21909,4598,12626
NC_053037.3,424200000,0.939287,0.546207,424500000,20522,3398,11673
NC_053037.3,424500000,0.880908,0.553977,424800000,19884,3706,11286
NC_053037.3,424800000,0.922862,0.528797,425100000,20092,2798,11136
NC_053037.3,425100000,0.904888,0.522257,425400000,19674,3932,11298
NC_053037.3,425400000,0.919408,0.532537,425700000,19221,3355,10800
NC_053037.3,425700000,0.96008,0.532133,426000000,16878,4358,10185
NC_053037.3,426000000,0.927298,0.52284,426300000,14634,4076,8751
NC_053037.3,426300000,0.869561,0.529833,426600000,20026,5280,12171
NC_053037.3,426600000,0.92445,0.548823,426900000,20746,4454,11885
NC_053037.3,426900000,0.921837,0.522013,427200000,19956,3545,11312
NC_053037.3,427200000,0.949915,0.538953,427500000,19279,2712,10771
NC_053037.3,427500000,0.913161,0.51867,427800000,20437,4123,11610
NC_053037.3,427800000,0.914698,0.55384,428100000,20420,4106,12044
NC_053037.3,428100000,0.914647,0.556597,428400000,21721,4426,12891
NC_053037.3,428400000,0.949286,0.527377,428700000,20364,2913,11161
NC_053037.3,428700000,0.924914,0.535443,429000000,21483,4382,12339
NC_053037.3,429000000,0.875588,0.527037,429300000,23052,7019,14462
NC_053037.3,429300000,0.921403,0.54655,429600000,21499,5185,12671
NC_053037.3,429600000,0.919638,0.515777,429900000,19959,3054,11440
NC_053037.3,429900000,0.936215,0.540577,430200000,20283,3316,11147
NC_053037.3,430200000,0.898202,0.530533,430500000,20660,4181,11882
NC_053037.3,430500000,0.86856,0.525493,430800000,18974,4135,10945
NC_053037.3,430800000,0.934237,0.544323,431100000,20698,3388,11549
NC_053037.3,431100000,0.917658,0.547343,431400000,20153,3639,11610
NC_053037.3,431400000,0.875868,0.517313,431700000,22120,4933,12850
NC_053037.3,431700000,0.902158,0.55682,432000000,20967,5032,12789
NC_053037.3,432000000,0.927636,0.54357,432300000,21743,4902,12746
NC_053037.3,432300000,0.923809,0.5384,432600000,21821,4067,12444
NC_053037.3,432600000,0.92529,0.53953,432900000,29416,11151,19364
NC_053037.3,432900000,0.867789,0.531567,433200000,20049,4655,11992
NC_053037.3,433200000,0.917442,0.543553,433500000,20269,4012,11951
NC_053037.3,433500000,0.885191,0.548763,433800000,18932,4357,11128
NC_053037.3,433800000,0.893017,0.537833,434100000,20061,4503,11598
NC_053037.3,434100000,0.871442,0.538023,434400000,21452,5890,12819
NC_053037.3,434400000,0.922059,0.522567,434700000,19685,3393,11127
NC_053037.3,434700000,0.863215,0.530393,435000000,17540,3332,9983
NC_053037.3,435000000,0.901443,0.527517,435300000,19904,4840,12243
NC_053037.3,435300000,0.913595,0.541317,435600000,19565,4044,11441
NC_053037.3,435600000,0.906931,0.516497,435900000,20580,4567,12242
NC_053037.3,435900000,0.895754,0.541817,436200000,22517,7857,14751
NC_053037.3,436200000,0.877773,0.5317,436500000,19692,4407,11613
NC_053037.3,436500000,0.901722,0.540547,436800000,18158,4813,11275
NC_053037.3,436800000,0.907765,0.529367,437100000,18105,4206,10822
NC_053037.3,437100000,0.905659,0.545943,437400000,20796,6638,13161
NC_053037.3,437400000,0.894284,0.53617,437700000,19861,4421,11983
NC_053037.3,437700000,0.944714,0.550187,438000000,20680,3183,11503
NC_053037.3,438000000,0.875477,0.53356,438300000,22378,19704,13814
NC_053037.3,438300000,0.789662,0.552887,438600000,28481,24102,20410
NC_053037.3,438600000,0.931091,0.534713,438900000,15093,14570,9512
NC_053037.3,438900000,0.924796,0.51493,439200000,19852,19204,10866
NC_053037.3,439200000,0.925553,0.548213,439500000,22238,21067,13358
NC_053037.3,439500000,0.947613,0.520523,439800000,19274,19043,10787
NC_053037.3,439800000,0.928223,0.536697,440100000,18961,18741,10626
NC_053037.3,440100000,0.916305,0.525093,440400000,15932,15852,9066
NC_053037.3,440400000,0.861371,0.535827,440700000,18693,18158,10752
NC_053037.3,440700000,0.921035,0.530927,441000000,20232,19627,11794
NC_053037.3,441000000,0.88948,0.54198,441300000,20512,19627,12047
NC_053037.3,441300000,0.909553,0.524627,441600000,20454,19825,11685
NC_053037.3,441600000,0.950556,0.53974,441900000,19877,19272,11012
NC_053037.3,441900000,0.817963,0.53807,442200000,18277,17354,10361
NC_053037.3,442200000,0.859258,0.550097,442500000,19460,19014,11709
NC_053037.3,442500000,0.921292,0.535473,442800000,20608,19769,11663
NC_053037.3,442800000,0.908222,0.528647,443100000,21726,21270,13225
NC_053037.3,443100000,0.877884,0.537853,443400000,18396,19842,15161
NC_053037.3,443400000,0.866684,0.550417,443700000,14783,14657,8552
NC_053037.3,443700000,0.881146,0.531657,444000000,16912,16792,9825
NC_053037.3,444000000,0.912295,0.541647,444300000,20933,20764,12483
NC_053037.3,444300000,0.84937,0.524997,444600000,21137,21472,12854
NC_053037.3,444600000,0.919878,0.53518,444900000,18820,18559,10727
NC_053037.3,444900000,0.929918,0.54917,445200000,19754,19213,11060
NC_053037.3,445200000,0.913009,0.53892,445500000,20172,19997,11788
NC_053037.3,445500000,0.956047,0.51905,445800000,19055,18644,10363
NC_053037.3,445800000,0.937489,0.534793,446100000,21005,20368,12152
NC_053037.3,446100000,0.903084,0.53281,446400000,20281,19559,11733
NC_053037.3,446400000,0.923677,0.53454,446700000,20149,19268,11545
NC_053037.3,446700000,0.909307,0.53215,447000000,21040,20159,12708
NC_053037.3,447000000,0.931709,0.540357,447300000,21278,20581,12780
NC_053037.3,447300000,0.879358,0.521207,447600000,20096,20272,12065
NC_053037.3,447600000,0.947816,0.525633,447900000,21218,20853,12258
NC_053037.3,447900000,0.909146,0.550377,448200000,19613,18945,10805
NC_053037.3,448200000,0.90612,0.52266,448500000,20664,20097,11964
NC_053037.3,448500000,0.928599,0.538873,448800000,19980,19312,11011
NC_053037.3,448800000,0.933316,0.539207,449100000,21905,21021,12429
NC_053037.3,449100000,0.776406,0.511133,449400000,18065,18131,10568
NC_053037.3,449400000,0.946581,0.511457,449700000,19327,18897,10138
NC_053037.3,449700000,0.884783,0.533307,450000000,20177,20074,11861
NC_053037.3,450000000,0.883242,0.514233,450300000,19366,19250,11523
NC_053037.3,450300000,0.880187,0.542307,450600000,21585,21457,13299
NC_053037.3,450600000,0.877504,0.546813,450900000,21245,20474,13459
NC_053037.3,450900000,0.887861,0.518147,451200000,19137,18835,10638
NC_053037.3,451200000,0.856018,0.53266,451500000,20454,23086,12510
NC_053037.3,451500000,0.927011,0.541833,451800000,22596,37643,12849
NC_053037.3,451800000,0.941885,0.536943,452100000,20043,36113,11403
NC_053037.3,452100000,0.881277,0.53098,452400000,18713,32976,10594
NC_053037.3,452400000,0.841083,0.532913,452700000,19620,33668,12627
NC_053037.3,452700000,0.867483,0.533367,453000000,17051,27866,10740
NC_053037.3,453000000,0.881606,0.53942,453300000,20676,36483,12755
NC_053037.3,453300000,0.893857,0.520423,453600000,19308,34959,10833
NC_053037.3,453600000,0.876018,0.515213,453900000,20641,35574,12227
NC_053037.3,453900000,0.90772,0.542953,454200000,20009,35529,11547
NC_053037.3,454200000,0.863854,0.534007,454500000,19402,34498,11533
NC_053037.3,454500000,0.913835,0.519663,454800000,19796,35549,11607
NC_053037.3,454800000,0.913598,0.538393,455100000,20553,35512,12107
NC_053037.3,455100000,0.87534,0.52127,455400000,18396,32225,10942
NC_053037.3,455400000,0.874584,0.534973,455700000,11981,18110,7972
NC_053037.3,455700000,0.921167,0.535817,456000000,11109,17588,7045
NC_053037.3,456000000,0.884812,0.534507,456300000,20155,29390,15024
NC_053037.3,456300000,0.893496,0.540217,456600000,12512,20158,8115
NC_053037.3,456600000,0.952891,0.54918,456900000,17702,31562,10402
NC_053037.3,456900000,0.865061,0.525837,457200000,19599,33069,11455
NC_053037.3,457200000,0.876904,0.534933,457500000,19960,34644,11731
NC_053037.3,457500000,0.905253,0.5394,457800000,23163,37657,14078
NC_053037.3,457800000,0.923572,0.562553,458100000,20097,35081,11705
NC_053037.3,458100000,0.818322,0.53737,458400000,19148,32673,11223
NC_053037.3,458400000,0.946744,0.547713,458700000,19116,34270,10647
NC_053037.3,458700000,0.908139,0.524123,459000000,19215,33599,11262
NC_053037.3,459000000,0.889515,0.52308,459300000,20258,35274,11629
NC_053037.3,459300000,0.914985,0.530533,459600000,19863,35370,11237
NC_053037.3,459600000,0.897155,0.520437,459900000,20538,35541,11915
NC_053037.3,459900000,0.927338,0.530193,460200000,20155,36045,11290
NC_053037.3,460200000,0.896042,0.51936,460500000,21225,36103,12501
NC_053037.3,460500000,0.921965,0.549227,460800000,19893,35279,11303
NC_053037.3,460800000,0.922367,0.54474,461100000,19733,34684,10965
NC_053037.3,461100000,0.934388,0.52639,461400000,20230,35136,11517
NC_053037.3,461400000,0.907921,0.53554,461700000,22440,38813,13241
NC_053037.3,461700000,0.88832,0.545233,462000000,22001,36714,13686
NC_053037.3,462000000,0.959458,0.539887,462300000,20566,36665,11606
NC_053037.3,462300000,0.913156,0.52706,462600000,22625,39027,13331
NC_053037.3,462600000,0.956093,0.518017,462900000,20429,37128,10764
NC_053037.3,462900000,0.922712,0.52306,463200000,21667,37131,12939
NC_053037.3,463200000,0.892562,0.550297,463500000,20194,35284,11870
NC_053037.3,463500000,0.946108,0.542833,463800000,20587,35930,11225
NC_053037.3,463800000,0.877078,0.53256,464100000,19880,34326,11984
NC_053037.3,464100000,0.883862,0.535133,464400000,18584,32564,11288
NC_053037.3,464400000,0.911445,0.538787,464700000,18637,33477,10331
NC_053037.3,464700000,0.88924,0.536293,465000000,20351,34833,12219
NC_053037.3,465000000,0.881947,0.552343,465300000,19812,33324,11939
NC_053037.3,465300000,0.966286,0.521467,465600000,20719,36716,11356
NC_053037.3,465600000,0.874125,0.525033,465900000,17808,29463,11086
NC_053037.3,465900000,0.931149,0.53922,466200000,18618,30969,11304
NC_053037.3,466200000,0.911111,0.529293,466500000,17334,29684,10321
NC_053037.3,466500000,0.886907,0.520527,466800000,21218,36649,12237
NC_053037.3,466800000,0.916957,0.525517,467100000,19912,35136,11325
NC_053037.3,467100000,0.908933,0.517793,467400000,19843,35089,11516
NC_053037.3,467400000,0.911967,0.53583,467700000,19069,34050,11094
NC_053037.3,467700000,0.904754,0.53558,468000000,20665,33121,12587
NC_053037.3,468000000,0.910339,0.54547,468300000,20559,33789,13147
NC_053037.3,468300000,0.913946,0.542517,468600000,21601,36624,13283
NC_053037.3,468600000,0.923865,0.54155,468900000,20814,37085,11813
NC_053037.3,468900000,0.91128,0.53831,469200000,20466,36665,11448
NC_053037.3,469200000,0.878453,0.54555,469500000,21415,22676,12673
NC_053037.3,469500000,0.946006,0.5198,469800000,22374,4191,12994
NC_053037.3,469800000,0.920342,0.523817,470100000,20280,2786,10947
NC_053037.3,470100000,0.957458,0.543897,470400000,21522,4616,12782
NC_053037.3,470400000,0.911247,0.540327,470700000,23201,6899,14592
NC_053037.3,470700000,0.885901,0.545557,471000000,20363,4491,11841
NC_053037.3,471000000,0.909881,0.533047,471300000,18242,4795,11118
NC_053037.3,471300000,0.840031,0.541537,471600000,14593,4800,9334
NC_053037.3,471600000,0.883219,0.5135,471900000,22386,9076,14733
NC_053037.3,471900000,0.897131,0.533043,472200000,18774,4379,11108
NC_053037.3,472200000,0.897411,0.536263,472500000,20090,5550,12218
NC_053037.3,472500000,0.895766,0.549437,472800000,20149,4091,11657
NC_053037.3,472800000,0.910054,0.524627,473100000,20414,3692,11842
NC_053037.3,473100000,0.862468,0.51801,473400000,20813,5430,12666
NC_053037.3,473400000,0.895292,0.542413,473700000,15838,5127,10271
NC_053037.3,473700000,0.918719,0.52867,474000000,9028,3757,6220
NC_053037.3,474000000,0.921241,0.53022,474300000,20821,6155,13007
NC_053037.3,474300000,0.881403,0.52128,474600000,20134,4328,11854
NC_053037.3,474600000,0.878166,0.52352,474900000,21352,6875,13542
NC_053037.3,474900000,0.897144,0.525527,475200000,18318,3206,10286
NC_053037.3,475200000,0.941912,0.53331,475500000,18082,2546,9830
NC_053037.3,475500000,0.901203,0.517133,475800000,17982,4152,10808
NC_053037.3,475800000,0.919999,0.5363,476100000,18807,4033,11068
NC_053037.3,476100000,0.940341,0.519223,476400000,18876,3641,10671
NC_053037.3,476400000,0.942473,0.526747,476700000,19438,3726,11064
NC_053037.3,476700000,0.929172,0.521293,477000000,19435,3931,11085
NC_053037.3,477000000,0.943231,0.53403,477300000,19475,3672,11387
NC_053037.3,477300000,0.882319,0.535363,477600000,18435,4346,10977
NC_053037.3,477600000,0.939139,0.532377,477900000,18938,3830,11011
NC_053037.3,477900000,0.860295,0.535507,478200000,19655,5077,12058
NC_053037.3,478200000,0.921498,0.538197,478500000,20494,4280,11972
NC_053037.3,478500000,0.897342,0.54617,478800000,20118,4689,11720
NC_053037.3,478800000,0.863603,0.56201,479100000,16934,2841,9408
NC_053037.3,479100000,0.899666,0.51833,479400000,16270,3158,9478
NC_053037.3,479400000,0.910735,0.522603,479700000,17630,2699,10143
NC_053037.3,479700000,0.913718,0.547693,480000000,17951,3491,10295
NC_053037.3,480000000,0.907423,0.522033,480300000,17888,4345,10574
NC_053037.3,480300000,0.891961,0.542193,480600000,16280,3498,9363
NC_053037.3,480600000,0.931176,0.516007,480900000,19960,3623,11440
NC_053037.3,480900000,0.840909,0.531573,481200000,19901,5060,12277
NC_053037.3,481200000,0.868861,0.540057,481500000,18488,4076,11343
NC_053037.3,481500000,0.865006,0.549513,481800000,19964,4701,11840
NC_053037.3,481800000,0.895461,0.51766,482100000,18812,3252,10926
NC_053037.3,482100000,0.930848,0.504367,482400000,20332,3531,11301
NC_053037.3,482400000,0.899321,0.52224,482700000,21915,5951,13698
NC_053037.3,482700000,0.929764,0.545583,483000000,20165,4232,11692
NC_053037.3,483000000,0.87016,0.527403,483300000,20355,5280,12364
NC_053037.3,483300000,0.910312,0.547103,483600000,20167,3612,11188
NC_053037.3,483600000,0.903996,0.54218,483900000,20168,4268,11753
NC_053037.3,483900000,0.903924,0.52451,484200000,21812,5720,13054
NC_053037.3,484200000,0.891116,0.531497,484500000,18194,4882,11526
NC_053037.3,484500000,0.893063,0.5488,484800000,17999,3946,10783
NC_053037.3,484800000,0.901317,0.525873,485100000,21666,7436,13792
NC_053037.3,485100000,0.902637,0.516587,485400000,19178,4390,11567
NC_053037.3,485400000,0.88802,0.546957,485700000,20632,5800,12648
NC_053037.3,485700000,0.921592,0.539953,486000000,20785,5050,12482
NC_053037.3,486000000,0.914456,0.538207,486300000,20484,4814,12086
NC_053037.3,486300000,0.914325,0.53964,486600000,18325,3960,10737
NC_053037.3,486600000,0.893658,0.55272,486900000,17050,6232,11601
NC_053037.3,486900000,0.922826,0.544703,487200000,20306,4332,11858
NC_053037.3,487200000,0.858902,0.54054,487500000,20907,5699,12762
NC_053037.3,487500000,0.899742,0.534737,487800000,21794,4206,12397
NC_053037.3,487800000,0.891723,0.532833,488100000,20066,3935,11503
NC_053037.3,488100000,0.917832,0.547537,488400000,18772,3307,10735
NC_053037.3,488400000,0.906841,0.530147,488700000,19503,3570,11028
NC_053037.3,488700000,0.884444,0.50848,489000000,20403,5079,12190
NC_053037.3,489000000,0.937534,0.535453,489300000,19511,2888,10694
NC_053037.3,489300000,0.898991,0.517353,489600000,20078,3585,11320
NC_053037.3,489600000,0.858534,0.530967,489900000,20347,4760,11995
NC_053037.3,489900000,0.893808,0.530627,490200000,19661,4538,11618
NC_053037.3,490200000,0.882445,0.557873,490500000,20323,5012,12159
NC_053037.3,490500000,0.896424,0.537303,490800000,19088,4841,11650
NC_053037.3,490800000,0.896394,0.549313,491100000,15739,4789,9922
NC_053037.3,491100000,0.957726,0.526867,491400000,22123,4602,12567
NC_053037.3,491400000,0.902702,0.54236,491700000,22743,6132,13707
NC_053037.3,491700000,0.93456,0.528313,492000000,21168,3964,11979
NC_053037.3,492000000,0.909482,0.55376,492300000,20867,3820,12051
NC_053037.3,492300000,0.889072,0.533537,492600000,20733,3766,12139
NC_053037.3,492600000,0.942086,0.52237,492900000,20437,2818,11177
NC_053037.3,492900000,0.867337,0.529607,493200000,20083,3324,11286
NC_053037.3,493200000,0.860732,0.537237,493500000,20885,4609,12431
NC_053037.3,493500000,0.914148,0.529697,493800000,17363,4337,10483
NC_053037.3,493800000,0.900438,0.54051,494100000,16899,3691,10175
NC_053037.3,494100000,0.895218,0.537753,494400000,20856,4886,12558
NC_053037.3,494400000,0.852426,0.534797,494700000,20761,5997,12780
NC_053037.3,494700000,0.921278,0.550683,495000000,19081,2752,10265
NC_053037.3,495000000,0.914677,0.533643,495300000,20281,4283,11976
NC_053037.3,495300000,0.894281,0.524063,495600000,20239,5587,12122
NC_053037.3,495600000,0.8891,0.529157,495900000,18894,4444,11173
NC_053037.3,495900000,0.867304,0.54653,496200000,17667,4699,10893
NC_053037.3,496200000,0.920075,0.539793,496500000,20869,5957,12714
NC_053037.3,496500000,0.868499,0.52394,496800000,19723,4404,11715
NC_053037.3,496800000,0.885167,0.540363,497100000,19309,4159,11502
NC_053037.3,497100000,0.918674,0.552747,497400000,20353,4333,11864
NC_053037.3,497400000,0.874906,0.531943,497700000,16997,4733,10729
NC_053037.3,497700000,0.879968,0.548783,498000000,18950,4134,10951
NC_053037.3,498000000,0.874487,0.528693,498300000,17402,4347,10549
NC_053037.3,498300000,0.919311,0.544217,498600000,20171,4130,11497
NC_053037.3,498600000,0.848772,0.522323,498900000,21405,6518,13333
NC_053037.3,498900000,0.932474,0.528093,499200000,19419,3248,11215
NC_053037.3,499200000,0.90726,0.52396,499500000,19609,3802,11161
NC_053037.3,499500000,0.877564,0.522093,499800000,19508,4032,11643
NC_053037.3,499800000,0.89567,0.528213,500100000,21792,4836,12596
NC_053037.3,500100000,0.895162,0.53533,500400000,22402,5964,13655
NC_053037.3,500400000,0.883703,0.522453,500700000,20557,4281,11824
NC_053037.3,500700000,0.914116,0.530383,501000000,20194,4455,11750
NC_053037.3,501000000,0.909455,0.531247,501300000,22671,5781,13947
NC_053037.3,501300000,0.932959,0.517433,501600000,19124,2354,10346
NC_053037.3,501600000,0.932406,0.538887,501900000,18440,2560,10156
NC_053037.3,501900000,0.945675,0.546183,502200000,18047,1740,9471
NC_053037.3,502200000,0.900826,0.538747,502500000,7182,2258,4524
NC_053037.3,502500000,0.947521,0.537413,502800000,16367,4454,9986
NC_053037.3,502800000,0.868074,0.562243,503100000,18352,1551,9476
NC_053037.3,503100000,0.910767,0.497087,503400000,18209,2467,9872
NC_053037.3,503400000,0.685406,0.584397,503700000,22134,3919,12887
NC_053037.3,503700000,0.575288,0.589383,504000000,19176,4529,12353
NC_053037.3,504000000,0.930722,0.529247,504300000,19742,3597,11261
NC_053037.3,504300000,0.914563,0.53819,504600000,5118,2320,3743
NC_053037.3,504600000,0.874532,0.539947,504900000,14987,6872,10539
NC_053037.3,504900000,0.945098,0.537127,505200000,20138,4138,11697
NC_053037.3,505200000,0.901141,0.547457,505500000,17601,3960,10430
NC_053037.3,505500000,0.877319,0.536083,505800000,21543,5939,13287
NC_053037.3,505800000,0.874568,0.54131,506100000,19226,5432,12109
NC_053037.3,506100000,0.926742,0.550543,506400000,18734,4096,11143
NC_053037.3,506400000,0.896864,0.53555,506700000,18978,6437,12107
NC_053037.3,506700000,0.922306,0.530267,507000000,18468,3499,10632
NC_053037.3,507000000,0.894486,0.52746,507300000,18127,3547,10551
NC_053037.3,507300000,0.871694,0.555447,507600000,15882,5875,10807
NC_053037.3,507600000,0.880085,0.5506,507900000,13840,4873,9002
NC_053037.3,507900000,0.869798,0.53151,508200000,11947,5766,8553
NC_053037.3,508200000,0.901443,0.51959,508500000,8565,3542,5792
NC_053037.3,508500000,0.927153,0.523157,508800000,15780,4665,9772
NC_053037.3,508800000,0.961814,0.52351,509100000,14056,3729,8543
NC_053037.3,509100000,0.896086,0.534013,509400000,19056,4822,11767
NC_053037.3,509400000,0.837221,0.544967,509700000,19459,6344,12448
NC_053037.3,509700000,0.835608,0.515933,510000000,16162,5011,10120
NC_053037.3,510000000,0.869874,0.540523,510300000,21612,5607,12965
NC_053037.3,510300000,0.917887,0.542897,510600000,22174,6362,14023
NC_053037.3,510600000,0.884291,0.536947,510900000,21044,6361,13556
NC_053037.3,510900000,0.921745,0.519837,511200000,19619,4584,11590
NC_053037.3,511200000,0.882735,0.527197,511500000,18103,5700,11207
NC_053037.3,511500000,0.864576,0.523897,511800000,16188,4078,9831
NC_053037.3,511800000,0.926976,0.52412,512100000,20679,5058,12360
NC_053037.3,512100000,0.851409,0.541647,512400000,18096,6246,11872
NC_053037.3,512400000,0.884084,0.522767,512700000,15636,3517,9237
NC_053037.3,512700000,0.865341,0.509907,513000000,15014,4359,9389
NC_053037.3,513000000,0.928944,0.534873,513300000,20606,3578,11733
NC_053037.3,513300000,0.936504,0.54865,513600000,20694,4151,12051
NC_053037.3,513600000,0.898683,0.5413,513900000,21534,3951,12177
NC_053037.3,513900000,0.895339,0.535267,514200000,21957,4712,12732
NC_053037.3,514200000,0.877697,0.53487,514500000,20807,3336,11835
NC_053037.3,514500000,0.921018,0.54184,514800000,21849,4313,12522
NC_053037.3,514800000,0.923058,0.539947,515100000,20488,3388,11735
NC_053037.3,515100000,0.834199,0.544433,515400000,21071,5243,12858
NC_053037.3,515400000,0.880932,0.543403,515700000,20355,4595,12036
NC_053037.3,515700000,0.884498,0.529467,516000000,20772,4347,12113
NC_053037.3,516000000,0.923898,0.540887,516300000,19009,4438,11438
NC_053037.3,516300000,0.907358,0.55715,516600000,21521,2898,11811
NC_053037.3,516600000,0.907545,0.52919,516900000,13417,4556,8501
NC_053037.3,516900000,0.8819,0.53731,517200000,8084,3548,5647
NC_053037.3,517200000,0.928315,0.543013,517500000,18103,6515,11863
NC_053037.3,517500000,0.874678,0.530133,517800000,20793,6226,12983
NC_053037.3,517800000,0.885116,0.532893,518100000,19436,3409,11151
NC_053037.3,518100000,0.916252,0.522713,518400000,20418,3656,11366
NC_053037.3,518400000,0.922902,0.528043,518700000,20691,4052,11803
NC_053037.3,518700000,0.899621,0.526,519000000,18817,2776,10576
NC_053037.3,519000000,0.895522,0.503467,519300000,18685,3046,10658
NC_053037.3,519300000,0.890914,0.526127,519600000,19251,3758,11043
NC_053037.3,519600000,0.893503,0.53912,519900000,13223,2984,7737
NC_053037.3,519900000,0.898774,0.504453,520200000,15318,3781,9047
NC_053037.3,520200000,0.897088,0.54257,520500000,17234,5001,10743
NC_053037.3,520500000,0.883171,0.54146,520800000,8526,5981,7247
NC_053037.3,520800000,0.869732,0.545733,521100000,21908,5566,13609
NC_053037.3,521100000,0.904802,0.528667,521400000,20515,3889,11991
NC_053037.3,521400000,0.891346,0.546193,521700000,18810,3226,10828
NC_053037.3,521700000,0.880262,0.540683,522000000,14689,4546,9617
NC_053037.3,522000000,0.905899,0.54897,522300000,16162,6383,11110
NC_053037.3,522300000,0.872539,0.541397,522600000,17838,3748,10357
NC_053037.3,522600000,0.904601,0.54221,522900000,16860,3167,9745
NC_053037.3,522900000,0.871107,0.538373,523200000,17580,4965,11130
NC_053037.3,523200000,0.912938,0.521953,523500000,13028,3673,7990
NC_053037.3,523500000,0.905549,0.544453,523800000,14516,5266,9539
NC_053037.3,523800000,0.941795,0.529977,524100000,10939,4371,7335
NC_053037.3,524100000,0.91992,0.53089,524400000,11411,5939,8580
NC_053037.3,524400000,0.891265,0.535467,524700000,11460,3878,7589
NC_053037.3,524700000,0.899231,0.532893,525000000,12024,3587,7846
NC_053037.3,525000000,0.933565,0.540807,525300000,16319,3618,9493
NC_053037.3,525300000,0.935693,0.527443,525600000,21864,4195,12818
NC_053037.3,525600000,0.918912,0.53286,525900000,20463,4082,12083
NC_053037.3,525900000,0.905521,0.53395,526200000,21622,4914,12330
NC_053037.3,526200000,0.893344,0.541857,526500000,20679,4579,12219
NC_053037.3,526500000,0.92508,0.533173,526800000,20455,4093,12182
NC_053037.3,526800000,0.922832,0.540893,527100000,20043,3484,11434
NC_053037.3,527100000,0.917691,0.531437,527400000,20622,3626,11486
NC_053037.3,527400000,0.89999,0.534743,527700000,19454,4000,11386
NC_053037.3,527700000,0.873424,0.520593,528000000,20357,2835,11185
NC_053037.3,528000000,0.924632,0.546127,528300000,15727,3294,9326
NC_053037.3,528300000,0.896447,0.535717,528600000,19579,2602,10889
NC_053037.3,528600000,0.891587,0.546707,528900000,22570,6111,13790
NC_053037.3,528900000,0.859644,0.54758,529200000,22267,5668,13369
NC_053037.3,529200000,0.922608,0.537313,529500000,19740,3433,11076
NC_053037.3,529500000,0.905626,0.52899,529800000,29994,12706,20954
NC_053037.3,529800000,0.85445,0.53151,530100000,21274,6233,13253
NC_053037.3,530100000,0.933665,0.539737,530400000,20524,4359,11962
NC_053037.3,530400000,0.925914,0.526387,530700000,18729,3435,10683
NC_053037.3,530700000,0.849051,0.53539,531000000,21397,7675,14789
NC_053037.3,531000000,0.92931,0.502473,531300000,17756,2830,9854
NC_053037.3,531300000,0.929203,0.52291,531600000,18328,3086,10010
NC_053037.3,531600000,0.842711,0.5299,531900000,17248,3912,10627
NC_053037.3,531900000,0.907484,0.534733,532200000,18642,4208,10981
NC_053037.3,532200000,0.734896,0.548677,532500000,17178,5763,11358
NC_053037.3,532500000,0.846325,0.54205,532800000,18756,4565,11350
NC_053037.3,532800000,0.873087,0.548227,533100000,16437,5882,10710
NC_053037.3,533100000,0.850268,0.54898,533400000,21463,6274,13645
NC_053037.3,533400000,0.886115,0.535393,533700000,20202,3884,11371
NC_053037.3,533700000,0.878956,0.52436,534000000,17745,4233,10572
NC_053037.3,534000000,0.887375,0.55082,534300000,19122,5027,11640
NC_053037.3,534300000,0.921622,0.536523,534600000,17745,4914,10807
NC_053037.3,534600000,0.95774,0.52769,534900000,16597,2868,9507
NC_053037.3,534900000,0.857061,0.55452,535200000,12107,5750,8545
NC_053037.3,535200000,0.917582,0.547387,535500000,11121,3235,7137
NC_053037.3,535500000,0.900506,0.536933,535800000,20192,5707,12744
NC_053037.3,535800000,0.922059,0.54065,536100000,20924,3863,12029
NC_053037.3,536100000,0.965337,0.53581,536400000,20522,2386,10885
NC_053037.3,536400000,0.874477,0.524317,536700000,20730,7173,13678
NC_053037.3,536700000,0.922747,0.52865,537000000,18596,3994,10862
NC_053037.3,537000000,0.901312,0.51611,537300000,20136,4389,11895
NC_053037.3,537300000,0.930166,0.52388,537600000,19905,3125,11282
NC_053037.3,537600000,0.912864,0.518943,537900000,22106,4755,13012
NC_053037.3,537900000,0.898458,0.554123,538200000,20241,4173,11626
NC_053037.3,538200000,0.928283,0.539717,538500000,18530,3584,10689
NC_053037.3,538500000,0.940191,0.522617,538800000,19311,2919,11051
NC_053037.3,538800000,0.90757,0.51695,539100000,20471,4041,11986
NC_053037.3,539100000,0.875413,0.542173,539400000,20930,4372,12191
NC_053037.3,539400000,0.816734,0.51254,539700000,30116,14480,21012
NC_053037.3,539700000,0.899654,0.53263,540000000,21972,5076,12896
NC_053037.3,540000000,0.928357,0.529573,540300000,20679,3037,11075
NC_053037.3,540300000,0.917107,0.5447,540600000,16786,3703,10001
NC_053037.3,540600000,0.884226,0.52339,540900000,19199,4249,11522
NC_053037.3,540900000,0.867302,0.531787,541200000,20996,5243,12833
NC_053037.3,541200000,0.918699,0.539803,541500000,20888,4319,12359
NC_053037.3,541500000,0.920924,0.529447,541800000,20348,3836,11656
NC_053037.3,541800000,0.847623,0.524703,542100000,19713,5087,12062
NC_053037.3,542100000,0.899156,0.545047,542400000,18831,3921,11050
NC_053037.3,542400000,0.882789,0.52089,542700000,16953,5809,10892
NC_053037.3,542700000,0.946677,0.529003,543000000,16235,2126,8816
NC_053037.3,543000000,0.881144,0.529363,543300000,17417,4333,10785
NC_053037.3,543300000,0.904455,0.540323,543600000,20643,3851,11966
NC_053037.3,543600000,0.918311,0.53098,543900000,21467,4931,12375
NC_053037.3,543900000,0.931008,0.530133,544200000,19108,2964,10655
NC_053037.3,544200000,0.90671,0.522283,544500000,20620,4514,12291
NC_053037.3,544500000,0.907194,0.529227,544800000,19321,3237,11059
NC_053037.3,544800000,0.922633,0.524763,545100000,19927,4872,11957
NC_053037.3,545100000,0.867905,0.545257,545400000,19729,4940,12106
NC_053037.3,545400000,0.938371,0.535543,545700000,21521,6282,13606
NC_053037.3,545700000,0.884213,0.52435,546000000,10933,5896,8022
NC_053037.3,546000000,0.937936,0.532537,546300000,15708,5009,9917
NC_053037.3,546300000,0.768826,0.511613,546600000,20214,10528,15203
NC_053037.3,546600000,0.943037,0.54023,546900000,20076,4041,11750
NC_053037.3,546900000,0.968486,0.551183,547200000,19174,3120,10988
NC_053037.3,547200000,0.890849,0.550557,547500000,21105,4151,12463
NC_053037.3,547500000,0.917898,0.535087,547800000,20907,4006,11952
NC_053037.3,547800000,0.925324,0.53453,548100000,20956,3948,12210
NC_053037.3,548100000,0.929175,0.546917,548400000,20084,3434,11327
NC_053037.3,548400000,0.904833,0.548403,548700000,21360,4314,12441
NC_053037.3,548700000,0.898135,0.53442,549000000,21676,5082,12916
NC_053037.3,549000000,0.896494,0.529063,549300000,20284,5258,12467
NC_053037.3,549300000,0.903519,0.54855,549600000,19414,4368,11828
NC_053037.3,549600000,0.92973,0.540137,549900000,20584,4666,12535
NC_053037.3,549900000,0.946195,0.55374,550200000,19793,3162,11083
NC_053037.3,550200000,0.92764,0.549213,550500000,19531,3195,10999
NC_053037.3,550500000,0.954895,0.531567,550800000,20651,3529,11693
NC_053037.3,550800000,0.894495,0.508823,551100000,19784,4493,11495
NC_053037.3,551100000,0.898859,0.525477,551400000,19905,4468,11578
NC_053037.3,551400000,0.907438,0.547947,551700000,18715,4423,11232
NC_053037.3,551700000,0.867536,0.53138,552000000,9468,4380,6772
NC_053037.3,552000000,0.915651,0.534693,552300000,20703,5216,12484
NC_053037.3,552300000,0.908185,0.549787,552600000,20537,4146,11780
NC_053037.3,552600000,0.912714,0.53003,552900000,20702,3961,12134
NC_053037.3,552900000,0.825704,0.525607,553200000,21745,7751,14481
NC_053037.3,553200000,0.887959,0.52755,553500000,20346,4614,12214
NC_053037.3,553500000,0.934014,0.542247,553800000,17027,3507,9902
NC_053037.3,553800000,0.93104,0.506453,554100000,14353,4210,9136
NC_053037.3,554100000,0.901579,0.53805,554400000,14550,4706,9343
NC_053037.3,554400000,0.888927,0.54465,554700000,15739,4077,9391
NC_053037.3,554700000,0.90985,0.524103,555000000,19734,5618,12427
NC_053037.3,555000000,0.850279,0.547617,555300000,17846,3622,10554
NC_053037.3,555300000,0.879608,0.548107,555600000,22322,8220,14903
NC_053037.3,555600000,0.922277,0.537623,555900000,21471,4207,12366
NC_053037.3,555900000,0.885163,0.521053,556200000,21038,4183,12110
NC_053037.3,556200000,0.925661,0.543707,556500000,21665,4606,12607
NC_053037.3,556500000,0.875781,0.540257,556800000,21737,4697,12508
NC_053037.3,556800000,0.851781,0.530103,557100000,22300,5260,13259
NC_053037.3,557100000,0.864444,0.5386,557400000,16009,4606,10039
NC_053037.3,557400000,0.937102,0.531113,557700000,17173,7448,12253
NC_053037.3,557700000,0.900436,0.522553,558000000,19013,5808,11929
NC_053037.3,558000000,0.917217,0.545333,558300000,12231,4167,8011
NC_053037.3,558300000,0.886104,0.535013,558600000,16424,5883,11022
NC_053037.3,558600000,0.909192,0.54603,558900000,10643,4573,7806
NC_053037.3,558900000,0.870287,0.52655,559200000,7998,4487,6053
NC_053037.3,559200000,0.893871,0.56085,559500000,18609,4901,11377
NC_053037.3,559500000,0.944745,0.53375,559800000,19488,4721,11877
NC_053037.3,559800000,0.854802,0.5416,560100000,18176,4777,11153
NC_053037.3,560100000,0.912935,0.53791,560400000,21883,6164,13598
NC_053037.3,560400000,0.911705,0.532627,560700000,21330,4588,12196
NC_053037.3,560700000,0.929942,0.520407,561000000,21809,5551,13217
NC_053037.3,561000000,0.873056,0.54895,561300000,15123,3873,9293
NC_053037.3,561300000,0.926841,0.538947,561600000,10181,5235,7328
NC_053037.3,561600000,0.897446,0.548893,561900000,14157,5889,9572
NC_053037.3,561900000,0.884928,0.544967,562200000,10592,5371,7723
NC_053037.3,562200000,0.894035,0.544253,562500000,11831,4914,8218
NC_053037.3,562500000,0.926687,0.547397,562800000,10806,4269,7500
NC_053037.3,562800000,0.943479,0.54064,563100000,13979,4323,8693
NC_053037.3,563100000,0.882761,0.550673,563400000,22654,6009,13748
NC_053037.3,563400000,0.921774,0.541213,563700000,21430,5276,13020
NC_053037.3,563700000,0.938738,0.523693,564000000,20507,5023,11959
NC_053037.3,564000000,0.86397,0.54112,564300000,19733,7166,13301
NC_053037.3,564300000,0.87334,0.546607,564600000,24644,5865,14853
NC_053037.3,564600000,0.874541,0.533993,564900000,12503,7031,9460
NC_053037.3,564900000,0.860682,0.543837,565200000,14322,5286,9914
NC_053037.3,565200000,0.867605,0.531467,565500000,16279,8770,12105
NC_053037.3,565500000,0.891344,0.543903,565800000,17277,6200,11448
NC_053037.3,565800000,0.862616,0.540147,566100000,23347,6675,14720
NC_053037.3,566100000,0.952057,0.537623,566400000,20379,3116,11085
NC_053037.3,566400000,0.934951,0.526617,566700000,22578,4433,13303
NC_053037.3,566700000,0.933443,0.518833,567000000,19885,3242,11049
NC_053037.3,567000000,0.841353,0.53511,567300000,18608,4088,11206
NC_053037.3,567300000,0.890448,0.533617,567600000,17324,6123,11738
NC_053037.3,567600000,0.907898,0.551477,567900000,17781,5287,11519
NC_053037.3,567900000,0.884622,0.547773,568200000,17883,3843,10515
NC_053037.3,568200000,0.872411,0.53763,568500000,21312,5784,13310
NC_053037.3,568500000,0.903244,0.536683,568800000,19784,3382,11177
NC_053037.3,568800000,0.879852,0.545497,569100000,13544,3933,8782
NC_053037.3,569100000,0.916027,0.540463,569400000,19645,14219,16582
NC_053037.3,569400000,0.927871,0.52814,569700000,25121,4001,14063
NC_053037.3,569700000,0.885111,0.542373,570000000,14497,5785,9947
NC_053037.3,570000000,0.903864,0.543787,570300000,14415,4832,9457
NC_053037.3,570300000,0.888736,0.523387,570600000,16790,4517,10201
NC_053037.3,570600000,0.811106,0.542487,570900000,13860,6723,10060
NC_053037.3,570900000,0.793836,0.546253,571200000,11296,3141,7179
NC_053037.3,571200000,0.850018,0.540737,571500000,17255,3860,10192
NC_053037.3,571500000,0.918585,0.548713,571800000,19892,4214,11538
NC_053037.3,571800000,0.908928,0.532897,572100000,13250,3299,8223
NC_053037.3,572100000,0.889375,0.538757,572400000,16731,6305,10936
NC_053037.3,572400000,0.748582,0.57694,572700000,23234,5080,13750
NC_053037.3,572700000,0.669117,0.59815,573000000,39311,3657,20753
NC_053037.3,573000000,0.932982,0.54641,573300000,22439,3970,12670
NC_053037.3,573300000,0.890732,0.55571,573600000,19965,4616,11794
NC_053037.3,573600000,0.839735,0.541433,573900000,19524,6510,12437
NC_053037.3,573900000,0.874666,0.547223,574200000,22350,7861,14897
NC_053037.3,574200000,0.910817,0.54,574500000,12778,4001,8032
NC_053037.3,574500000,0.928087,0.539963,574800000,18883,3991,11017
NC_053037.3,574800000,0.84364,0.526237,575100000,23452,5696,14183
NC_053037.3,575100000,0.877283,0.550563,575400000,11036,4106,7286
NC_053037.3,575400000,0.940157,0.537557,575700000,7894,3961,5612
NC_053037.3,575700000,0.898038,0.53028,576000000,17672,5536,11513
NC_053037.3,576000000,0.792486,0.557383,576300000,30314,15813,22091
NC_053037.3,576300000,0.904152,0.5486,576600000,19767,3537,11497
NC_053037.3,576600000,0.872037,0.51751,576900000,21383,4231,12386
NC_053037.3,576900000,0.912161,0.549527,577200000,20304,5418,12163
NC_053037.3,577200000,0.832244,0.542713,577500000,20691,4077,12302
NC_053037.3,577500000,0.40155,0.585843,577800000,18641,5880,12902
NC_053037.3,577800000,0.392766,0.586247,578100000,13377,3725,8590
NC_053037.3,578100000,0.368409,0.58383,578400000,10362,2319,6756
NC_053037.3,578400000,0.407549,0.586273,578700000,12110,3716,8253
NC_053037.3,578700000,0.851391,0.552373,579000000,18665,5641,11528
NC_053037.3,579000000,0.882235,0.550263,579300000,11284,5093,7876
NC_053037.3,579300000,0.892824,0.542587,579600000,14324,5318,9465
NC_053037.3,579600000,0.909467,0.53919,579900000,13940,5031,9421
NC_053037.3,579900000,0.880101,0.544277,580200000,16201,7734,11844
NC_053037.3,580200000,0.813142,0.545667,580500000,16108,6915,11155
NC_053037.3,580500000,0.944082,0.55073,580800000,19411,4189,11406
NC_053037.3,580800000,0.891388,0.540403,581100000,20448,6784,13526
NC_053037.3,581100000,0.936469,0.559453,581400000,17323,4999,10834
NC_053037.3,581400000,0.868371,0.54008,581700000,18794,6373,11760
NC_053037.3,581700000,0.793825,0.54097,582000000,16501,2666,9321
NC_053037.3,582000000,0.904813,0.545523,582300000,13895,4093,8742
NC_053037.3,582300000,0.901825,0.53136,582600000,10381,3395,6803
NC_053037.3,582600000,0.904356,0.558643,582900000,20032,3665,11498
NC_053037.3,582900000,0.915948,0.53983,583200000,21331,4977,12729
NC_053037.3,583200000,0.923846,0.53228,583500000,21130,4472,12644
NC_053037.3,583500000,0.839355,0.529087,583800000,19336,2519,10778
NC_053037.3,583800000,0.927827,0.54482,584100000,20191,3742,11554
NC_053037.3,584100000,0.853828,0.552223,584400000,16195,5078,10133
NC_053037.3,584400000,0.912112,0.549197,584700000,18464,7398,12697
NC_053037.3,584700000,0.918192,0.541663,585000000,17583,4940,10980
NC_053037.3,585000000,0.891941,0.557117,585300000,18776,4112,10952
NC_053037.3,585300000,0.891923,0.54096,585600000,17764,8287,12840
NC_053037.3,585600000,0.860045,0.538777,585900000,16929,5436,10914
NC_053037.3,585900000,0.921131,0.5526,586200000,19631,4139,11744
NC_053037.3,586200000,0.906877,0.547993,586500000,18138,5725,11660
NC_053037.3,586500000,0.831543,0.55348,586800000,19264,9654,13948
NC_053037.3,586800000,0.903495,0.54084,587100000,18932,5523,11868
NC_053037.3,587100000,0.918683,0.54428,587400000,12473,6665,9176
NC_053037.3,587400000,0.892615,0.54644,587700000,19569,7390,13014
NC_053037.3,587700000,0.897199,0.524567,588000000,12097,3638,7582
NC_053037.3,588000000,0.962557,0.545153,588300000,13721,4076,8481
NC_053037.3,588300000,0.880158,0.538517,588600000,14505,6743,10189
NC_053037.3,588600000,0.913932,0.519807,588900000,19431,7103,12850
NC_053037.3,588900000,0.911246,0.55084,589200000,14323,4147,9049
NC_053037.3,589200000,0.92485,0.53706,589500000,15151,3290,9132
NC_053037.3,589500000,0.866805,0.54902,589800000,13682,6843,9746
NC_053037.3,589800000,0.915245,0.54157,590100000,20682,4332,11998
NC_053037.3,590100000,0.743218,0.544277,590400000,10146,3773,6630
NC_053037.3,590400000,0.872056,0.563627,590700000,11500,3745,7542
NC_053037.3,590700000,0.929342,0.5467,591000000,14133,4995,9193
NC_053037.3,591000000,0.870782,0.516573,591300000,10610,4540,7202
NC_053037.3,591300000,0.920098,0.54393,591600000,14332,5917,10031
NC_053037.3,591600000,0.895419,0.540643,591900000,17405,6697,11924
NC_053037.3,591900000,0.831453,0.542377,592200000,18432,5934,11830
NC_053037.3,592200000,0.852195,0.55326,592500000,15142,7033,10560
NC_053037.3,592500000,0.92094,0.540617,592800000,21578,5749,13606
NC_053037.3,592800000,0.910966,0.544443,593100000,29432,15749,20924
NC_053037.3,593100000,0.864515,0.540933,593400000,13787,5181,9274
NC_053037.3,593400000,0.9052,0.518687,593700000,21867,6469,13686
NC_053037.3,593700000,0.943384,0.555757,594000000,19040,4160,11294
NC_053037.3,594000000,0.896751,0.553667,594300000,17247,3383,9979
NC_053037.3,594300000,0.893323,0.530373,594600000,18305,5498,11484
NC_053037.3,594600000,0.872814,0.554617,594900000,17139,4870,11044
NC_053037.3,594900000,0.907179,0.535047,595200000,14878,3971,9260
NC_053037.3,595200000,0.906393,0.544923,595500000,19289,4869,11656
NC_053037.3,595500000,0.924105,0.543013,595800000,19563,8559,13777
NC_053037.3,595800000,0.870029,0.56733,596100000,21928,7066,13998
NC_053037.3,596100000,0.857616,0.550207,596400000,17232,5917,11296
NC_053037.3,596400000,0.924129,0.558683,596700000,20373,3922,11967
NC_053037.3,596700000,0.899432,0.555217,597000000,19683,4104,11740
NC_053037.3,597000000,0.921024,0.559557,597300000,16767,4171,10205
NC_053037.3,597300000,0.909141,0.55109,597600000,14484,4470,9508
NC_053037.3,597600000,0.888848,0.534583,597900000,15003,5727,10058
NC_053037.3,597900000,0.891674,0.551577,598200000,19828,9166,14109
NC_053037.3,598200000,0.880071,0.553827,598500000,12119,4355,7943
NC_053037.3,598500000,0.894837,0.551573,598800000,13855,4368,8953
NC_053037.3,598800000,0.798093,0.57741,599100000,7982,5211,6645
NC_053037.3,599100000,0.740045,0.517587,599400000,10806,5389,7952
NC_053037.3,599400000,0.558452,0.390047,599700000,10414,4386,7272
NC_053037.3,599700000,0.925988,0.545087,600000000,15447,6031,10327
NC_053037.3,600000000,0.855551,0.543893,600300000,15808,5509,10538
NC_053037.3,600300000,0.891851,0.54133,600600000,13193,4725,8819
NC_053037.3,600600000,0.938381,0.525137,600900000,18985,3878,11359
NC_053037.3,600900000,0.890173,0.557567,601200000,18108,7407,12169
NC_053037.3,601200000,0.855008,0.552197,601500000,20679,7381,13276
NC_053037.3,601500000,0.829509,0.54377,601800000,17211,5985,11198
NC_053037.3,601800000,0.877295,0.524543,602100000,8804,6457,7557
NC_053037.3,602100000,0.876776,0.55691,602400000,16411,12746,12997
NC_053037.3,602400000,0.92616,0.550227,602700000,13784,5502,9562
NC_053037.3,602700000,0.90174,0.542367,603000000,12565,5593,8682
NC_053037.3,603000000,0.906378,0.546677,603300000,8671,4782,6727
NC_053037.3,603300000,0.85708,0.590457,603600000,17767,3563,10198
NC_053037.3,603600000,0.905019,0.56242,603900000,17019,6110,11401
NC_053037.3,603900000,0.870093,0.55384,604200000,15524,6061,10672
NC_053037.3,604200000,0.877575,0.541957,604500000,18065,5276,11307
NC_053037.3,604500000,0.939403,0.553273,604800000,4893,4008,4315
NC_053037.3,604800000,0.620309,0.547283,605100000,7159,3465,5363
NC_053037.3,605100000,0.261325,0.560547,605400000,6230,1020,3565
NC_053037.3,605400000,0.889357,0.558363,605700000,19986,6710,13044
NC_053037.3,605700000,0.952259,0.543077,606000000,19664,2048,10719
NC_053037.3,606000000,0.863619,0.55615,606300000,30523,5990,17317
NC_053037.3,606300000,0.900342,0.540973,606600000,20070,4113,11868
NC_053037.3,606600000,0.833908,0.544773,606900000,21722,8425,14720
NC_053037.3,606900000,0.9485,0.552763,607200000,19078,6522,12543
NC_053037.3,607200000,0.895926,0.53575,607500000,14538,5007,9475
NC_053037.3,607500000,0.868603,0.522707,607800000,13258,5488,8918
NC_053037.3,607800000,0.891142,0.543747,608100000,17452,4530,10419
NC_053037.3,608100000,0.893295,0.54289,608400000,13926,4561,8892
NC_053037.3,608400000,0.899889,0.531627,608700000,18602,6316,11971
NC_053037.3,608700000,0.897471,0.561733,609000000,20661,8765,14502
NC_053037.3,609000000,0.92103,0.55104,609300000,4741,4215,4465
NC_053037.3,609300000,0.949942,0.557143,609600000,10001,8543,9424
NC_053037.3,609600000,0.949975,0.55054,609900000,22400,5669,13569
NC_053037.3,609900000,0.874484,0.537627,610200000,24890,10744,16983
NC_053037.3,610200000,0.699472,0.547813,610500000,17807,5238,11416
NC_053037.3,610500000,0.922322,0.549997,610800000,19698,3745,11112
NC_053037.3,610800000,0.860849,0.567443,611100000,27580,9011,17173
NC_053037.3,611100000,0.938101,0.552603,611400000,19396,4734,11734
NC_053037.3,611400000,0.938641,0.544633,611700000,12709,4959,8658
NC_053037.3,611700000,0.900442,0.54188,612000000,11757,5579,8328
NC_053037.3,612000000,0.893037,0.548883,612300000,20327,5488,12741
NC_053037.3,612300000,0.910936,0.549157,612600000,23095,9101,15470
NC_053037.3,612600000,0.909739,0.539843,612900000,21052,10380,15310
NC_053037.3,612900000,0.951439,0.531027,613200000,18643,4663,11357
NC_053037.3,613200000,0.898509,0.55715,613500000,9572,6434,7495
NC_053037.3,613500000,0.887592,0.544083,613800000,18125,8638,13057
NC_053037.3,613800000,0.555993,0.557427,614100000,14367,5266,9827
NC_053037.3,614100000,0.939463,0.558337,614400000,21700,6822,13827
NC_053037.3,614400000,0.964835,0.53913,614700000,21471,5612,13040
NC_053037.3,614700000,0.913239,0.543537,615000000,13556,6773,10252
NC_053037.3,615000000,0.922,0.550413,615300000,11315,4792,7618
NC_053037.3,615300000,0.918065,0.54886,615600000,24273,11617,17567
NC_053037.3,615600000,0.800499,0.543553,615900000,18115,5605,11421
NC_053037.3,615900000,0.834508,0.5446,616200000,21672,8239,14732
NC_053037.3,616200000,0.872107,0.553497,616500000,18550,4802,11270
NC_053037.3,616500000,0.884998,0.537147,616800000,21178,7843,13915
NC_053037.3,616800000,0.880168,0.54872,617100000,17406,10232,13712
NC_053037.3,617100000,0.852987,0.55487,617400000,20570,8315,13562
NC_053037.3,617400000,0.868273,0.541587,617700000,18406,4909,11499
NC_053037.3,617700000,0.936157,0.550187,618000000,21871,7590,14403
NC_053037.3,618000000,0.876768,0.541133,618300000,19840,5667,12137
NC_053037.3,618300000,0.855987,0.55855,618600000,22927,9442,16405
NC_053037.3,618600000,0.927799,0.53655,618900000,12972,5002,8652
NC_053037.3,618900000,0.938167,0.545173,619200000,19786,4403,11491
NC_053037.3,619200000,0.496544,0.650717,619500000,37904,17077,25657
NC_053037.3,619500000,0.896041,0.535217,619800000,21640,6124,13393
NC_053037.3,619800000,0.86602,0.54344,620100000,21466,6816,13751
NC_053037.3,620100000,0.874542,0.54875,620400000,19563,6646,13072
NC_053037.3,620400000,0.905845,0.543007,620700000,17092,22853,11294
NC_053037.3,620700000,0.803321,0.550433,621000000,12160,15878,9996
NC_053037.3,621000000,0.869394,0.536837,621300000,21979,34597,15623
NC_053037.3,621300000,0.8103,0.551397,621600000,19817,30026,13686
NC_053037.3,621600000,0.904305,0.549703,621900000,15103,25172,9260
NC_053037.3,621900000,0.819184,0.557217,622200000,17527,27952,11483
NC_053037.3,622200000,0.812107,0.52954,622500000,8152,10433,6512
NC_053037.3,622500000,0.890768,0.537733,622800000,20610,35177,12356
NC_053037.3,622800000,0.869649,0.559033,623100000,16929,28027,11239
NC_053037.3,623100000,0.898974,0.55858,623400000,13777,20005,10238
NC_053037.3,623400000,0.773972,0.55128,623700000,8956,13942,6085
NC_053037.3,623700000,0.917039,0.540577,624000000,14681,20643,11122
NC_053037.3,624000000,0.876035,0.534973,624300000,18402,28490,12913
NC_053037.3,624300000,0.900149,0.54298,624600000,19976,32357,13633
NC_053037.3,624600000,0.887235,0.552493,624900000,19949,33806,12868
NC_053037.3,624900000,0.836084,0.547937,625200000,21873,34719,15182
NC_053037.3,625200000,0.945635,0.530647,625500000,13511,22617,8400
NC_053037.3,625500000,0.895637,0.565673,625800000,19370,33388,12065
NC_053037.3,625800000,0.945368,0.548573,626100000,22577,37770,13616
NC_053037.3,626100000,0.959217,0.555423,626400000,19099,32817,11191
NC_053037.3,626400000,0.912768,0.546437,626700000,13917,22536,8837
NC_053037.3,626700000,0.924448,0.542147,627000000,12897,21003,8263
NC_053037.3,627000000,0.836417,0.54879,627300000,15407,22752,11108
NC_053037.3,627300000,0.867065,0.55521,627600000,19812,33797,12047
NC_053037.3,627600000,0.933536,0.532487,627900000,17706,31435,10059
NC_053037.3,627900000,0.928318,0.54159,628200000,17322,30217,10556
NC_053037.3,628200000,0.953534,0.543733,628500000,18853,34800,11042
NC_053037.3,628500000,0.518724,0.523147,628800000,6211,8170,5137
NC_053037.3,628800000,0.894953,0.53083,629100000,21212,34247,14141
NC_053037.3,629100000,0.90883,0.562717,629400000,21213,29830,15882
NC_053037.3,629400000,0.956102,0.536403,629700000,23202,38122,14150
NC_053038.3,0,0.837112,0.53828,300000,13806,21120,20345
NC_053038.3,300000,0.86429,0.560413,600000,5442,7893,7589
NC_053038.3,600000,0.857815,0.560773,900000,6375,7936,7945
NC_053038.3,900000,0.823573,0.544063,1200000,12512,17695,18270
NC_053038.3,1200000,0.492019,0.638943,1500000,6737,9650,10374
NC_053038.3,1500000,0.727316,0.593887,1800000,10995,11818,12755
NC_053038.3,1800000,0.885197,0.548583,2100000,17701,16231,16359
NC_053038.3,2100000,0.843309,0.581867,2400000,11696,17068,17701
NC_053038.3,2400000,0.512102,0.53832,2700000,9873,15505,15047
NC_053038.3,2700000,0.93132,0.541917,3000000,11107,15153,15195
NC_053038.3,3000000,0.901393,0.545173,3300000,14049,20357,20401
NC_053038.3,3300000,0.932801,0.545573,3600000,13587,21331,20658
NC_053038.3,3600000,0.628571,0.52507,3900000,10532,16608,16020
NC_053038.3,3900000,0.917017,0.53937,4200000,13073,21353,20881
NC_053038.3,4200000,0.879618,0.53167,4500000,12645,17333,17171
NC_053038.3,4500000,0.868569,0.540783,4800000,14040,20974,20767
NC_053038.3,4800000,0.828742,0.583263,5100000,14485,20497,22144
NC_053038.3,5100000,0.916911,0.540517,5400000,11927,19123,18703
NC_053038.3,5400000,0.889167,0.54,5700000,12926,20786,20367
NC_053038.3,5700000,0.884522,0.5153,6000000,23407,31948,28140
NC_053038.3,6000000,0.861972,0.539813,6300000,16367,21690,21085
NC_053038.3,6300000,0.899338,0.521857,6600000,16036,16640,15874
NC_053038.3,6600000,0.903056,0.545453,6900000,19633,18729,18587
NC_053038.3,6900000,0.882492,0.543653,7200000,18212,17602,17325
NC_053038.3,7200000,0.77683,0.544937,7500000,13545,12941,13145
NC_053038.3,7500000,0.90422,0.551657,7800000,17360,17020,16734
NC_053038.3,7800000,0.891969,0.5458,8100000,20939,20756,20237
NC_053038.3,8100000,0.927717,0.541793,8400000,21220,20301,20288
NC_053038.3,8400000,0.854946,0.541133,8700000,20692,20164,19941
NC_053038.3,8700000,0.876236,0.545987,9000000,20253,20105,19564
NC_053038.3,9000000,0.531663,0.542527,9300000,25799,25177,25150
NC_053038.3,9300000,0.671608,0.537143,9600000,19600,19257,18736
NC_053038.3,9600000,0.937697,0.544597,9900000,20182,19593,19349
NC_053038.3,9900000,0.914237,0.522827,10200000,23384,22667,22665
NC_053038.3,10200000,0.849849,0.544777,10500000,20051,20331,20063
NC_053038.3,10500000,0.831541,0.527043,10800000,15428,15384,15004
NC_053038.3,10800000,0.856803,0.564007,11100000,45540,49292,41072
NC_053038.3,11100000,0.915789,0.552917,11400000,19305,18673,18454
NC_053038.3,11400000,0.877652,0.554453,11700000,18103,17683,17576
NC_053038.3,11700000,0.782362,0.523383,12000000,20352,20064,19548
NC_053038.3,12000000,0.924912,0.537923,12300000,5148,4354,4599
NC_053038.3,12300000,0.916146,0.53565,12600000,5176,4759,4901
NC_053038.3,12600000,0.924716,0.50446,12900000,6099,5138,5625
NC_053038.3,12900000,0.703025,0.54475,13200000,10587,10035,10279
NC_053038.3,13200000,0.304197,0.413747,13500000,4472,4654,4449
NC_053038.3,13500000,0.443248,0.55201,13800000,6324,5987,5917
NC_053038.3,13800000,0.733198,0.549647,14100000,12536,12258,12056
NC_053038.3,14100000,0.872163,0.538537,14400000,15001,14310,14333
NC_053038.3,14400000,0.753355,0.551947,14700000,9308,9181,9378
NC_053038.3,14700000,0.497565,0.58699,15000000,6923,7593,8363
NC_053038.3,15000000,0.548202,0.550887,15300000,7360,7247,8199
NC_053038.3,15300000,0.826335,0.56904,15600000,9262,8094,9087
NC_053038.3,15600000,0.882401,0.52888,15900000,4721,4568,4556
NC_053038.3,15900000,0.880288,0.539187,16200000,12911,12220,12367
NC_053038.3,16200000,0.893116,0.529503,16500000,17815,17480,17350
NC_053038.3,16500000,0.954812,0.524153,16800000,17354,16475,16527
NC_053038.3,16800000,0.793823,0.54583,17100000,16766,16627,16217
NC_053038.3,17100000,0.857237,0.523933,17400000,14352,14383,14127
NC_053038.3,17400000,0.920803,0.528873,17700000,10373,10123,9885
NC_053038.3,17700000,0.936734,0.532967,18000000,18197,17908,17437
NC_053038.3,18000000,0.856547,0.536357,18300000,17477,16957,16457
NC_053038.3,18300000,0.882928,0.539627,18600000,13683,13047,12758
NC_053038.3,18600000,0.917925,0.561263,18900000,16201,15666,15613
NC_053038.3,18900000,0.874209,0.545367,19200000,13656,13253,13321
NC_053038.3,19200000,0.883842,0.539017,19500000,21201,20799,20570
NC_053038.3,19500000,0.893245,0.534603,19800000,21870,21187,21311
NC_053038.3,19800000,0.837953,0.532273,20100000,10616,10296,9983
NC_053038.3,20100000,0.855516,0.53414,20400000,28250,27823,26385
NC_053038.3,20400000,0.927754,0.531237,20700000,21903,21178,20747
NC_053038.3,20700000,0.755067,0.526943,21000000,17681,17294,17357
NC_053038.3,21000000,0.925844,0.51858,21300000,17546,16774,16442
NC_053038.3,21300000,0.860697,0.54262,21600000,16559,15942,15788
NC_053038.3,21600000,0.938511,0.523597,21900000,16345,16013,15510
NC_053038.3,21900000,0.932846,0.544517,22200000,17054,16745,16732
NC_053038.3,22200000,0.892539,0.544123,22500000,17444,17319,17043
NC_053038.3,22500000,0.888788,0.553497,22800000,19556,19104,18800
NC_053038.3,22800000,0.883185,0.541363,23100000,22226,21511,21285
NC_053038.3,23100000,0.843817,0.550847,23400000,21700,21068,20578
NC_053038.3,23400000,0.841412,0.548063,23700000,23927,24555,22301
NC_053038.3,23700000,0.810573,0.53478,24000000,21367,21242,20736
NC_053038.3,24000000,0.892462,0.532353,24300000,18595,18215,17605
NC_053038.3,24300000,0.932427,0.545463,24600000,19166,18866,18779
NC_053038.3,24600000,0.899914,0.533453,24900000,20546,19933,19472
NC_053038.3,24900000,0.940185,0.531113,25200000,20480,20518,20012
NC_053038.3,25200000,0.884838,0.55431,25500000,19904,19392,19363
NC_053038.3,25500000,0.943132,0.514163,25800000,22172,21753,21372
NC_053038.3,25800000,0.906769,0.551697,26100000,20292,19545,19878
NC_053038.3,26100000,0.91766,0.529367,26400000,22238,21597,21332
NC_053038.3,26400000,0.917249,0.543177,26700000,21330,20844,20424
NC_053038.3,26700000,0.898589,0.54074,27000000,22053,22027,21444
NC_053038.3,27000000,0.902819,0.533817,27300000,20328,20092,19871
NC_053038.3,27300000,0.562285,0.535397,27600000,13590,13607,13475
NC_053038.3,27600000,0.309455,0.538763,27900000,16793,16309,16462
NC_053038.3,27900000,0.886185,0.536937,28200000,20469,20132,19879
NC_053038.3,28200000,0.970824,0.515067,28500000,21366,20239,20017
NC_053038.3,28500000,0.872965,0.529433,28800000,21290,20592,20377
NC_053038.3,28800000,0.953454,0.53722,29100000,21112,20788,20353
NC_053038.3,29100000,0.888298,0.529587,29400000,19219,18590,18506
NC_053038.3,29400000,0.909098,0.521983,29700000,21246,21020,20268
NC_053038.3,29700000,0.875849,0.52606,30000000,20421,20360,19759
NC_053038.3,30000000,0.912965,0.551787,30300000,21928,20951,20917
NC_053038.3,30300000,0.911305,0.529847,30600000,21278,20563,20279
NC_053038.3,30600000,0.922151,0.531323,30900000,19020,18493,18200
NC_053038.3,30900000,0.888673,0.544063,31200000,18048,17247,17013
NC_053038.3,31200000,0.931847,0.525563,31500000,20140,19312,18844
NC_053038.3,31500000,0.923521,0.512847,31800000,21096,20149,19855
NC_053038.3,31800000,0.925702,0.545993,32100000,19192,18825,18436
NC_053038.3,32100000,0.931875,0.531967,32400000,18722,17897,17936
NC_053038.3,32400000,0.862185,0.53878,32700000,13118,12560,12923
NC_053038.3,32700000,0.886836,0.55357,33000000,17672,17124,16881
NC_053038.3,33000000,0.899459,0.539067,33300000,20992,20188,20183
NC_053038.3,33300000,0.93219,0.552787,33600000,31216,28255,29111
NC_053038.3,33600000,0.933736,0.51503,33900000,21664,20376,20245
NC_053038.3,33900000,0.93294,0.526633,34200000,20081,19492,19131
NC_053038.3,34200000,0.916832,0.54926,34500000,19852,19565,19305
NC_053038.3,34500000,0.87427,0.53857,34800000,17362,17839,16707
NC_053038.3,34800000,0.864406,0.54261,35100000,18629,18189,18051
NC_053038.3,35100000,0.9137,0.538047,35400000,19493,18771,18390
NC_053038.3,35400000,0.884145,0.53387,35700000,15634,15068,14912
NC_053038.3,35700000,0.870429,0.54665,36000000,14241,13535,13620
NC_053038.3,36000000,0.855314,0.553077,36300000,17639,17430,17000
NC_053038.3,36300000,0.926398,0.549117,36600000,20209,19758,19378
NC_053038.3,36600000,0.948953,0.543797,36900000,20882,20282,20047
NC_053038.3,36900000,0.862225,0.538153,37200000,22352,21752,21309
NC_053038.3,37200000,0.929604,0.532233,37500000,20195,19904,19404
NC_053038.3,37500000,0.902694,0.543993,37800000,20193,19725,19245
NC_053038.3,37800000,0.920553,0.50238,38100000,19941,19290,18636
NC_053038.3,38100000,0.918478,0.521667,38400000,21002,20463,20136
NC_053038.3,38400000,0.94111,0.543263,38700000,21195,20355,20096
NC_053038.3,38700000,0.918858,0.549423,39000000,22339,22038,21566
NC_053038.3,39000000,0.927817,0.522377,39300000,22559,21796,21580
NC_053038.3,39300000,0.865759,0.538717,39600000,21516,20883,20438
NC_053038.3,39600000,0.928892,0.529703,39900000,20924,20992,20738
NC_053038.3,39900000,0.892928,0.51396,40200000,21583,21650,20787
NC_053038.3,40200000,0.928435,0.512687,40500000,22161,21272,20678
NC_053038.3,40500000,0.914197,0.53671,40800000,21337,20781,20403
NC_053038.3,40800000,0.89326,0.54426,41100000,23900,23571,22826
NC_053038.3,41100000,0.878979,0.538517,41400000,21146,20967,20238
NC_053038.3,41400000,0.880085,0.533647,41700000,22092,21375,21234
NC_053038.3,41700000,0.924583,0.523903,42000000,22342,21325,21219
NC_053038.3,42000000,0.910437,0.539763,42300000,21627,21132,20845
NC_053038.3,42300000,0.950051,0.532977,42600000,22023,21161,20611
NC_053038.3,42600000,0.902511,0.546563,42900000,20961,20873,20350
NC_053038.3,42900000,0.93754,0.52817,43200000,20401,19781,19884
NC_053038.3,43200000,0.956426,0.529203,43500000,20393,20139,19486
NC_053038.3,43500000,0.922003,0.53498,43800000,21374,20308,19987
NC_053038.3,43800000,0.901167,0.54234,44100000,20991,20712,20358
NC_053038.3,44100000,0.892906,0.552637,44400000,21210,20473,20402
NC_053038.3,44400000,0.860182,0.54819,44700000,19045,18475,18277
NC_053038.3,44700000,0.843531,0.530273,45000000,19405,18559,18605
NC_053038.3,45000000,0.858149,0.534673,45300000,20299,20125,19597
NC_053038.3,45300000,0.887624,0.53418,45600000,20670,19984,19965
NC_053038.3,45600000,0.930461,0.524427,45900000,19007,18812,18108
NC_053038.3,45900000,0.901543,0.50667,46200000,20682,19601,19407
NC_053038.3,46200000,0.89605,0.544483,46500000,22434,21629,21181
NC_053038.3,46500000,0.920874,0.516267,46800000,21465,20640,19942
NC_053038.3,46800000,0.843943,0.536243,47100000,19489,18683,18691
NC_053038.3,47100000,0.899236,0.541567,47400000,19446,18920,18917
NC_053038.3,47400000,0.88499,0.556293,47700000,20782,20138,20023
NC_053038.3,47700000,0.885807,0.54573,48000000,20916,20820,20481
NC_053038.3,48000000,0.916207,0.541057,48300000,24080,24783,22279
NC_053038.3,48300000,0.862997,0.53618,48600000,17271,17056,17025
NC_053038.3,48600000,0.92658,0.53699,48900000,20115,19610,19165
NC_053038.3,48900000,0.912449,0.539093,49200000,21852,21141,20789
NC_053038.3,49200000,0.863988,0.525747,49500000,20400,20077,19449
NC_053038.3,49500000,0.830716,0.547903,49800000,17810,17200,16791
NC_053038.3,49800000,0.915428,0.54192,50100000,21926,21623,20927
NC_053038.3,50100000,0.894589,0.541987,50400000,21532,21138,20344
NC_053038.3,50400000,0.901148,0.51815,50700000,21351,20884,20240
NC_053038.3,50700000,0.949573,0.533513,51000000,20653,20096,19860
NC_053038.3,51000000,0.843864,0.518417,51300000,22148,21800,21117
NC_053038.3,51300000,0.859791,0.53215,51600000,22088,21732,21196
NC_053038.3,51600000,0.925201,0.525653,51900000,21625,21269,20607
NC_053038.3,51900000,0.856681,0.53948,52200000,22664,21712,21930
NC_053038.3,52200000,0.913304,0.55124,52500000,21016,20585,20781
NC_053038.3,52500000,0.882544,0.544053,52800000,20675,20104,19827
NC_053038.3,52800000,0.884986,0.509167,53100000,21604,21098,20648
NC_053038.3,53100000,0.890502,0.545353,53400000,21484,20926,20543
NC_053038.3,53400000,0.866596,0.51836,53700000,24295,23052,22894
NC_053038.3,53700000,0.910104,0.541307,54000000,22207,21284,21260
NC_053038.3,54000000,0.943691,0.524547,54300000,22462,21715,21180
NC_053038.3,54300000,0.895815,0.542857,54600000,21295,21179,20881
NC_053038.3,54600000,0.872823,0.5464,54900000,21209,21069,20457
NC_053038.3,54900000,0.873891,0.541567,55200000,22116,21863,21325
NC_053038.3,55200000,0.895623,0.533773,55500000,20921,20525,20284
NC_053038.3,55500000,0.881278,0.561873,55800000,21085,20528,20206
NC_053038.3,55800000,0.910649,0.526047,56100000,22495,21378,21185
NC_053038.3,56100000,0.89636,0.523527,56400000,21651,21350,20975
NC_053038.3,56400000,0.871445,0.535947,56700000,21891,21076,21159
NC_053038.3,56700000,0.896965,0.540397,57000000,20971,20575,20326
NC_053038.3,57000000,0.913757,0.523597,57300000,21524,20696,20805
NC_053038.3,57300000,0.925548,0.526697,57600000,20879,20056,19950
NC_053038.3,57600000,0.863917,0.545607,57900000,21732,21086,20885
NC_053038.3,57900000,0.952023,0.5342,58200000,21635,20967,20660
NC_053038.3,58200000,0.873508,0.53284,58500000,21669,21478,21255
NC_053038.3,58500000,0.920331,0.52668,58800000,20611,20289,19845
NC_053038.3,58800000,0.904962,0.54288,59100000,21630,21007,20570
NC_053038.3,59100000,0.871134,0.54063,59400000,22191,21172,21557
NC_053038.3,59400000,0.903527,0.535817,59700000,22401,21999,21560
NC_053038.3,59700000,0.876869,0.539047,60000000,21069,20720,20073
NC_053038.3,60000000,0.885797,0.534463,60300000,22390,21611,21572
NC_053038.3,60300000,0.717229,0.580457,60600000,20382,20171,19376
NC_053038.3,60600000,0.889277,0.540253,60900000,19775,20049,19245
NC_053038.3,60900000,0.944663,0.520473,61200000,20170,20056,19523
NC_053038.3,61200000,0.91067,0.541347,61500000,21297,21273,20656
NC_053038.3,61500000,0.943213,0.546403,61800000,21197,20580,19650
NC_053038.3,61800000,0.900857,0.512217,62100000,21984,21574,21209
NC_053038.3,62100000,0.874301,0.54015,62400000,21830,21274,20814
NC_053038.3,62400000,0.859359,0.54037,62700000,21895,21915,21453
NC_053038.3,62700000,0.902366,0.52568,63000000,21452,20724,20536
NC_053038.3,63000000,0.920299,0.528247,63300000,21604,20832,20376
NC_053038.3,63300000,0.805316,0.54774,63600000,21229,20606,20414
NC_053038.3,63600000,0.89011,0.53033,63900000,24602,23404,23053
NC_053038.3,63900000,0.934211,0.518033,64200000,21129,20773,20226
NC_053038.3,64200000,0.915069,0.534677,64500000,19429,18909,18646
NC_053038.3,64500000,0.890198,0.539657,64800000,19526,18845,18781
NC_053038.3,64800000,0.905149,0.512563,65100000,18941,18590,18197
NC_053038.3,65100000,0.915797,0.530283,65400000,20446,20316,19437
NC_053038.3,65400000,0.870926,0.501787,65700000,18940,19533,18480
NC_053038.3,65700000,0.9176,0.531233,66000000,20149,19046,18931
NC_053038.3,66000000,0.928079,0.524543,66300000,21300,20876,20502
NC_053038.3,66300000,0.852035,0.545367,66600000,19500,19299,19029
NC_053038.3,66600000,0.913231,0.553027,66900000,20658,19805,19782
NC_053038.3,66900000,0.915692,0.533453,67200000,20134,19827,19292
NC_053038.3,67200000,0.891731,0.54919,67500000,22266,21120,21062
NC_053038.3,67500000,0.870502,0.531663,67800000,19924,19645,19718
NC_053038.3,67800000,0.913677,0.537933,68100000,21016,20349,19690
NC_053038.3,68100000,0.8817,0.537623,68400000,21179,20619,20496
NC_053038.3,68400000,0.914271,0.522237,68700000,18839,18784,18468
NC_053038.3,68700000,0.90356,0.55224,69000000,20334,20001,19604
NC_053038.3,69000000,0.923393,0.536647,69300000,21467,21068,20745
NC_053038.3,69300000,0.923599,0.53554,69600000,20892,20287,20249
NC_053038.3,69600000,0.913474,0.55663,69900000,19861,19206,18902
NC_053038.3,69900000,0.924732,0.53637,70200000,18865,18430,17658
NC_053038.3,70200000,0.942179,0.544593,70500000,19520,19036,18774
NC_053038.3,70500000,0.902601,0.541407,70800000,19637,19344,19307
NC_053038.3,70800000,0.930598,0.54165,71100000,20131,19602,19279
NC_053038.3,71100000,0.854661,0.5296,71400000,19201,18802,19116
NC_053038.3,71400000,0.852289,0.524633,71700000,20672,20318,19883
NC_053038.3,71700000,0.915153,0.552857,72000000,20489,19525,19715
NC_053038.3,72000000,0.932311,0.531787,72300000,21174,20044,19932
NC_053038.3,72300000,0.924237,0.529007,72600000,20428,19977,19650
NC_053038.3,72600000,0.925444,0.534687,72900000,19764,18847,18983
NC_053038.3,72900000,0.940391,0.547607,73200000,20157,19596,19189
NC_053038.3,73200000,0.891114,0.543303,73500000,18720,18147,17822
NC_053038.3,73500000,0.896281,0.5425,73800000,23482,22538,22039
NC_053038.3,73800000,0.917123,0.51701,74100000,20230,20264,19823
NC_053038.3,74100000,0.934948,0.543453,74400000,20378,19696,19603
NC_053038.3,74400000,0.906347,0.543837,74700000,20251,19844,19570
NC_053038.3,74700000,0.947052,0.543047,75000000,20318,19946,19211
NC_053038.3,75000000,0.895673,0.55079,75300000,21477,20651,20224
NC_053038.3,75300000,0.885419,0.53643,75600000,22781,22296,22054
NC_053038.3,75600000,0.930712,0.533037,75900000,20680,20155,19299
NC_053038.3,75900000,0.950868,0.516197,76200000,21037,20374,20201
NC_053038.3,76200000,0.891423,0.538223,76500000,21203,21087,20664
NC_053038.3,76500000,0.931309,0.533163,76800000,20494,20010,19293
NC_053038.3,76800000,0.944135,0.529117,77100000,20407,19810,20003
NC_053038.3,77100000,0.92991,0.526887,77400000,20982,20125,19973
NC_053038.3,77400000,0.937176,0.516933,77700000,21403,20932,20788
NC_053038.3,77700000,0.916347,0.53927,78000000,20562,19845,19820
NC_053038.3,78000000,0.89111,0.532533,78300000,22291,22007,21433
NC_053038.3,78300000,0.880944,0.551117,78600000,22916,22494,22074
NC_053038.3,78600000,0.935106,0.529237,78900000,23603,21603,21796
NC_053038.3,78900000,0.932075,0.546943,79200000,20229,19914,19380
NC_053038.3,79200000,0.921338,0.539697,79500000,20154,19760,19306
NC_053038.3,79500000,0.887333,0.550573,79800000,20494,20145,19924
NC_053038.3,79800000,0.889014,0.53164,80100000,21057,20745,19760
NC_053038.3,80100000,0.946224,0.52975,80400000,20679,20304,19763
NC_053038.3,80400000,0.925208,0.53075,80700000,21914,21110,20386
NC_053038.3,80700000,0.897485,0.536697,81000000,20406,19804,19552
NC_053038.3,81000000,0.896845,0.516743,81300000,19954,19925,19050
NC_053038.3,81300000,0.837813,0.535633,81600000,21271,21228,20020
NC_053038.3,81600000,0.91027,0.52993,81900000,20172,19710,19297
NC_053038.3,81900000,0.883101,0.53426,82200000,21319,20950,20192
NC_053038.3,82200000,0.851695,0.52178,82500000,22544,22282,21692
NC_053038.3,82500000,0.818334,0.50373,82800000,20931,20434,19917
NC_053038.3,82800000,0.890846,0.50881,83100000,21588,20788,20672
NC_053038.3,83100000,0.898766,0.525923,83400000,21740,20919,19911
NC_053038.3,83400000,0.900876,0.53233,83700000,20916,20706,19951
NC_053038.3,83700000,0.932877,0.55126,84000000,20826,20351,19742
NC_053038.3,84000000,0.952543,0.54633,84300000,21236,20548,20318
NC_053038.3,84300000,0.864171,0.52695,84600000,19633,19777,19131
NC_053038.3,84600000,0.896562,0.528457,84900000,19708,19692,19122
NC_053038.3,84900000,0.890022,0.553957,85200000,20648,20382,20001
NC_053038.3,85200000,0.963996,0.535923,85500000,19239,18867,18960
NC_053038.3,85500000,0.920278,0.53564,85800000,20822,20253,19979
NC_053038.3,85800000,0.944436,0.54886,86100000,21006,20430,19987
NC_053038.3,86100000,0.914668,0.532383,86400000,19930,19830,19049
NC_053038.3,86400000,0.904231,0.519867,86700000,21182,20799,20237
NC_053038.3,86700000,0.930917,0.541413,87000000,17700,17706,17257
NC_053038.3,87000000,0.912601,0.539027,87300000,16004,15532,15184
NC_053038.3,87300000,0.856191,0.55039,87600000,14799,14345,14152
NC_053038.3,87600000,0.871187,0.53461,87900000,13342,13193,13220
NC_053038.3,87900000,0.930752,0.542063,88200000,15656,15053,14977
NC_053038.3,88200000,0.933622,0.511143,88500000,6857,6367,6370
NC_053038.3,88500000,0.966361,0.493193,88800000,15461,14452,14375
NC_053038.3,88800000,0.927482,0.536537,89100000,12754,11953,11826
NC_053038.3,89100000,0.912528,0.55247,89400000,7172,6883,6877
NC_053038.3,89400000,0.938268,0.544827,89700000,12274,11102,11550
NC_053038.3,89700000,0.903042,0.55257,90000000,11528,10908,10776
NC_053038.3,90000000,0.923082,0.55091,90300000,21616,19532,20125
NC_053038.3,90300000,0.896851,0.52852,90600000,17545,16039,16125
NC_053038.3,90600000,0.899225,0.533717,90900000,12603,11829,11970
NC_053038.3,90900000,0.917675,0.535383,91200000,7734,6762,6927
NC_053038.3,91200000,0.907639,0.517143,91500000,7669,7064,6906
NC_053038.3,91500000,0.936705,0.5268,91800000,22947,20179,20109
NC_053038.3,91800000,0.927677,0.533043,92100000,7907,7733,7873
NC_053038.3,92100000,0.94078,0.53942,92400000,9789,8808,8708
NC_053038.3,92400000,0.928443,0.54414,92700000,19502,18704,18579
NC_053038.3,92700000,0.91872,0.549747,93000000,21694,21332,20876
NC_053038.3,93000000,0.878635,0.527453,93300000,21385,20941,20348
NC_053038.3,93300000,0.910002,0.533117,93600000,20672,19808,19462
NC_053038.3,93600000,0.917679,0.546373,93900000,19901,19204,19180
NC_053038.3,93900000,0.935267,0.53845,94200000,19092,18522,18362
NC_053038.3,94200000,0.898019,0.526273,94500000,21833,20989,20799
NC_053038.3,94500000,0.892022,0.520477,94800000,21497,20790,20021
NC_053038.3,94800000,0.917332,0.51908,95100000,20256,19791,19416
NC_053038.3,95100000,0.909014,0.53007,95400000,19806,19765,19054
NC_053038.3,95400000,0.930443,0.538847,95700000,21130,20354,19845
NC_053038.3,95700000,0.917277,0.551247,96000000,20837,20112,19759
NC_053038.3,96000000,0.955044,0.53284,96300000,21921,20867,20254
NC_053038.3,96300000,0.922831,0.5253,96600000,20086,19423,18919
NC_053038.3,96600000,0.914022,0.515027,96900000,18860,18379,17659
NC_053038.3,96900000,0.920173,0.534467,97200000,21672,20873,20469
NC_053038.3,97200000,0.928439,0.527833,97500000,21658,20734,20553
NC_053038.3,97500000,0.927724,0.52922,97800000,19792,19277,18727
NC_053038.3,97800000,0.972012,0.516573,98100000,20306,19981,19468
NC_053038.3,98100000,0.918859,0.536917,98400000,21229,20860,20574
NC_053038.3,98400000,0.924127,0.543097,98700000,20799,20173,19414
NC_053038.3,98700000,0.908924,0.539507,99000000,18625,18235,17563
NC_053038.3,99000000,0.916707,0.54964,99300000,20301,20298,19529
NC_053038.3,99300000,0.908847,0.539993,99600000,21281,20337,20446
NC_053038.3,99600000,0.894772,0.54256,99900000,21336,20304,20090
NC_053038.3,99900000,0.89577,0.5485,100200000,20146,19560,19536
NC_053038.3,100200000,0.952639,0.534213,100500000,21069,20704,20547
NC_053038.3,100500000,0.886056,0.550747,100800000,21679,20848,20622
NC_053038.3,100800000,0.887987,0.564587,101100000,21543,21351,20921
NC_053038.3,101100000,0.906634,0.534893,101400000,20503,20373,19909
NC_053038.3,101400000,0.942229,0.53002,101700000,21586,20799,20321
NC_053038.3,101700000,0.951063,0.532933,102000000,20801,20353,20177
NC_053038.3,102000000,0.887269,0.53552,102300000,21281,20590,19985
NC_053038.3,102300000,0.605133,0.531383,102600000,26611,25960,25240
NC_053038.3,102600000,0.883888,0.526287,102900000,22661,22113,21721
NC_053038.3,102900000,0.937681,0.542357,103200000,22458,21646,21342
NC_053038.3,103200000,0.906174,0.543103,103500000,22634,21505,20991
NC_053038.3,103500000,0.958613,0.535023,103800000,20792,20197,19783
NC_053038.3,103800000,0.896526,0.551823,104100000,21199,20930,20767
NC_053038.3,104100000,0.923176,0.522347,104400000,19713,19386,18616
NC_053038.3,104400000,0.904395,0.528353,104700000,20760,19929,19804
NC_053038.3,104700000,0.924024,0.51856,105000000,20565,20111,19539
NC_053038.3,105000000,0.911579,0.532113,105300000,22867,22312,21942
NC_053038.3,105300000,0.932878,0.540323,105600000,21196,21076,20610
NC_053038.3,105600000,0.926255,0.554677,105900000,20725,20167,20172
NC_053038.3,105900000,0.906399,0.554773,106200000,21082,20004,19469
NC_053038.3,106200000,0.974039,0.54608,106500000,20314,19612,19126
NC_053038.3,106500000,0.891557,0.53988,106800000,20458,19681,19639
NC_053038.3,106800000,0.92454,0.527623,107100000,21693,20688,20637
NC_053038.3,107100000,0.880036,0.555723,107400000,19120,18668,18416
NC_053038.3,107400000,0.961993,0.54494,107700000,19424,19216,18869
NC_053038.3,107700000,0.901633,0.53415,108000000,17288,16571,16558
NC_053038.3,108000000,0.913357,0.515817,108300000,20923,20024,20098
NC_053038.3,108300000,0.887946,0.502927,108600000,20041,19515,19006
NC_053038.3,108600000,0.926532,0.494723,108900000,19069,18860,18194
NC_053038.3,108900000,0.887463,0.531277,109200000,19280,18561,18450
NC_053038.3,109200000,0.917585,0.533407,109500000,19677,20223,18625
NC_053038.3,109500000,0.960029,0.507413,109800000,18172,18085,17080
NC_053038.3,109800000,0.930669,0.538807,110100000,22337,21696,21215
NC_053038.3,110100000,0.898144,0.527957,110400000,19555,19434,18819
NC_053038.3,110400000,0.827228,0.523467,110700000,16725,16212,15824
NC_053038.3,110700000,0.811613,0.53703,111000000,19174,19268,18895
NC_053038.3,111000000,0.957008,0.528273,111300000,19745,19433,19046
NC_053038.3,111300000,0.910364,0.53821,111600000,18361,17640,17244
NC_053038.3,111600000,0.834835,0.52277,111900000,18799,18064,18142
NC_053038.3,111900000,0.917501,0.52151,112200000,20288,19523,19298
NC_053038.3,112200000,0.826311,0.540527,112500000,20066,19847,19150
NC_053038.3,112500000,0.907388,0.522367,112800000,19273,18517,18579
NC_053038.3,112800000,0.88489,0.520287,113100000,20856,19909,19722
NC_053038.3,113100000,0.9342,0.535463,113400000,18703,18260,17958
NC_053038.3,113400000,0.881941,0.517673,113700000,20595,20180,19624
NC_053038.3,113700000,0.882611,0.53665,114000000,19902,19354,19203
NC_053038.3,114000000,0.917288,0.552937,114300000,20527,20020,19619
NC_053038.3,114300000,0.933155,0.524957,114600000,20541,20159,19888
NC_053038.3,114600000,0.905662,0.541163,114900000,20517,20384,19974
NC_053038.3,114900000,0.902611,0.535457,115200000,21017,20999,20248
NC_053038.3,115200000,0.943014,0.525813,115500000,19620,19503,18933
NC_053038.3,115500000,0.90931,0.502373,115800000,20691,20084,19677
NC_053038.3,115800000,0.869414,0.515247,116100000,20161,19624,19354
NC_053038.3,116100000,0.935726,0.522247,116400000,20042,19445,18693
NC_053038.3,116400000,0.924471,0.525873,116700000,19864,18994,18448
NC_053038.3,116700000,0.710559,0.592427,117000000,38657,37770,38341
NC_053038.3,117000000,0.869907,0.533817,117300000,18748,18708,18051
NC_053038.3,117300000,0.896845,0.526187,117600000,17616,17781,17456
NC_053038.3,117600000,0.924896,0.545343,117900000,20189,19609,19492
NC_053038.3,117900000,0.944193,0.546697,118200000,19425,18835,18337
NC_053038.3,118200000,0.913019,0.532257,118500000,19480,18764,18212
NC_053038.3,118500000,0.899291,0.5324,118800000,23658,21851,22130
NC_053038.3,118800000,0.913425,0.52959,119100000,19802,19240,18942
NC_053038.3,119100000,0.855657,0.525953,119400000,18492,18044,17491
NC_053038.3,119400000,0.936051,0.507457,119700000,22385,20900,20844
NC_053038.3,119700000,0.893299,0.535173,120000000,20567,19822,19737
NC_053038.3,120000000,0.933027,0.538547,120300000,18864,18415,17912
NC_053038.3,120300000,0.892317,0.547283,120600000,21168,20180,19706
NC_053038.3,120600000,0.920543,0.5544,120900000,18886,18223,18023
NC_053038.3,120900000,0.885451,0.535097,121200000,16564,15899,16001
NC_053038.3,121200000,0.928556,0.553203,121500000,19536,19160,18702
NC_053038.3,121500000,0.95807,0.531053,121800000,22135,21337,20983
NC_053038.3,121800000,0.908587,0.543753,122100000,20473,19571,19199
NC_053038.3,122100000,0.898475,0.53942,122400000,21094,20483,20180
NC_053038.3,122400000,0.9207,0.540447,122700000,20260,19697,19347
NC_053038.3,122700000,0.927957,0.53907,123000000,19678,19042,18917
NC_053038.3,123000000,0.912118,0.5224,123300000,21384,20574,20546
NC_053038.3,123300000,0.898965,0.534707,123600000,31495,34924,28327
NC_053038.3,123600000,0.814843,0.53882,123900000,18846,18281,18080
NC_053038.3,123900000,0.875682,0.522397,124200000,21271,20747,20388
NC_053038.3,124200000,0.931329,0.5268,124500000,20625,20247,19762
NC_053038.3,124500000,0.892089,0.55266,124800000,21198,20669,20872
NC_053038.3,124800000,0.905987,0.53628,125100000,21879,21553,21153
NC_053038.3,125100000,0.907615,0.560223,125400000,20772,20179,19582
NC_053038.3,125400000,0.925736,0.559457,125700000,20531,20243,19724
NC_053038.3,125700000,0.913173,0.54681,126000000,20025,19751,19150
NC_053038.3,126000000,0.910685,0.560403,126300000,20481,20351,19840
NC_053038.3,126300000,0.862004,0.536223,126600000,20217,19997,19589
NC_053038.3,126600000,0.96611,0.535397,126900000,21091,20719,20081
NC_053038.3,126900000,0.917192,0.528387,127200000,20019,19466,19079
NC_053038.3,127200000,0.816809,0.550997,127500000,30794,31043,29077
NC_053038.3,127500000,0.755426,0.554543,127800000,32629,32476,31504
NC_053038.3,127800000,0.86459,0.546717,128100000,25578,25005,24230
NC_053038.3,128100000,0.911247,0.556653,128400000,19800,19376,19339
NC_053038.3,128400000,0.92635,0.526003,128700000,20270,19581,19368
NC_053038.3,128700000,0.944207,0.528043,129000000,19004,19240,18473
NC_053038.3,129000000,0.922065,0.54197,129300000,20421,19778,19486
NC_053038.3,129300000,0.948455,0.52754,129600000,20520,19751,19300
NC_053038.3,129600000,0.867164,0.548693,129900000,18686,18619,18363
NC_053038.3,129900000,0.903294,0.54791,130200000,19709,19055,18607
NC_053038.3,130200000,0.929754,0.54021,130500000,20318,19725,19197
NC_053038.3,130500000,0.915251,0.547373,130800000,20709,20039,19808
NC_053038.3,130800000,0.952217,0.52647,131100000,19782,19449,19041
NC_053038.3,131100000,0.883433,0.540407,131400000,21048,20343,20203
NC_053038.3,131400000,0.916306,0.542057,131700000,20966,20235,19827
NC_053038.3,131700000,0.942998,0.523083,132000000,20211,19646,19168
NC_053038.3,132000000,0.84961,0.543933,132300000,20474,20354,19768
NC_053038.3,132300000,0.943625,0.543893,132600000,20292,19718,19232
NC_053038.3,132600000,0.886501,0.529647,132900000,21980,20909,20880
NC_053038.3,132900000,0.913887,0.51526,133200000,20267,19930,19351
NC_053038.3,133200000,0.941792,0.527237,133500000,20064,19560,19221
NC_053038.3,133500000,0.90467,0.524603,133800000,23271,23271,22345
NC_053038.3,133800000,0.925174,0.54543,134100000,19960,19312,19140
NC_053038.3,134100000,0.950858,0.527923,134400000,21751,20835,20807
NC_053038.3,134400000,0.879057,0.53815,134700000,20747,20298,20038
NC_053038.3,134700000,0.904119,0.53095,135000000,20039,19829,19436
NC_053038.3,135000000,0.913601,0.535,135300000,21169,20808,20349
NC_053038.3,135300000,0.954474,0.54354,135600000,20252,19412,19293
NC_053038.3,135600000,0.937505,0.520963,135900000,20204,19932,19385
NC_053038.3,135900000,0.918939,0.54626,136200000,19601,19223,18897
NC_053038.3,136200000,0.967073,0.554573,136500000,19863,19935,19501
NC_053038.3,136500000,0.926797,0.515023,136800000,21359,20757,20190
NC_053038.3,136800000,0.919345,0.53462,137100000,21819,21269,20899
NC_053038.3,137100000,0.942946,0.541203,137400000,20045,19862,19624
NC_053038.3,137400000,0.88991,0.508707,137700000,21736,20762,20302
NC_053038.3,137700000,0.880451,0.548087,138000000,21145,20537,20239
NC_053038.3,138000000,0.881533,0.542437,138300000,20453,20095,19631
NC_053038.3,138300000,0.901023,0.539853,138600000,20377,20045,19720
NC_053038.3,138600000,0.865024,0.535147,138900000,22356,21922,21311
NC_053038.3,138900000,0.939926,0.533847,139200000,21272,20668,20244
NC_053038.3,139200000,0.930952,0.488357,139500000,20745,20279,19680
NC_053038.3,139500000,0.915696,0.50499,139800000,20973,20079,19981
NC_053038.3,139800000,0.944226,0.51012,140100000,20686,20077,19914
NC_053038.3,140100000,0.919825,0.518403,140400000,21611,20908,20259
NC_053038.3,140400000,0.94625,0.55422,140700000,18990,18789,18356
NC_053038.3,140700000,0.9002,0.541847,141000000,20280,19535,19501
NC_053038.3,141000000,0.931251,0.51303,141300000,19657,19166,18869
NC_053038.3,141300000,0.869231,0.535447,141600000,19969,19960,19264
NC_053038.3,141600000,0.897886,0.5407,141900000,21518,20435,20107
NC_053038.3,141900000,0.887113,0.540003,142200000,21660,21361,21320
NC_053038.3,142200000,0.848373,0.53635,142500000,21249,20931,20373
NC_053038.3,142500000,0.948448,0.5305,142800000,20767,20263,20011
NC_053038.3,142800000,0.891186,0.530117,143100000,21814,21293,20938
NC_053038.3,143100000,0.948424,0.52912,143400000,20421,20060,19274
NC_053038.3,143400000,0.937937,0.512217,143700000,20067,19250,19127
NC_053038.3,143700000,0.9575,0.51145,144000000,20698,19860,19253
NC_053038.3,144000000,0.915496,0.531923,144300000,22070,22092,21451
NC_053038.3,144300000,0.969662,0.536873,144600000,24613,22276,21897
NC_053038.3,144600000,0.936213,0.532577,144900000,21486,21254,20291
NC_053038.3,144900000,0.955274,0.52449,145200000,20066,19757,19298
NC_053038.3,145200000,0.924516,0.518513,145500000,19018,19012,18460
NC_053038.3,145500000,0.93911,0.528493,145800000,19366,19131,18882
NC_053038.3,145800000,0.895981,0.50883,146100000,20402,20045,19268
NC_053038.3,146100000,0.935696,0.510153,146400000,19910,19543,19172
NC_053038.3,146400000,0.941859,0.522887,146700000,20079,19928,19589
NC_053038.3,146700000,0.913865,0.508093,147000000,21499,21228,20463
NC_053038.3,147000000,0.931136,0.543463,147300000,20365,19582,19688
NC_053038.3,147300000,0.930737,0.53215,147600000,20823,20356,19947
NC_053038.3,147600000,0.927355,0.49917,147900000,20716,20570,19823
NC_053038.3,147900000,0.921783,0.532897,148200000,20168,19772,19378
NC_053038.3,148200000,0.886446,0.514837,148500000,20609,19914,19655
NC_053038.3,148500000,0.924763,0.533693,148800000,21124,20282,19892
NC_053038.3,148800000,0.958495,0.526713,149100000,19891,19522,19117
NC_053038.3,149100000,0.901923,0.536773,149400000,20766,20314,19784
NC_053038.3,149400000,0.930359,0.514377,149700000,19638,19231,18803
NC_053038.3,149700000,0.934765,0.528477,150000000,23100,22492,21649
NC_053038.3,150000000,0.930015,0.52292,150300000,21106,20256,19543
NC_053038.3,150300000,0.945065,0.49401,150600000,20500,20232,19655
NC_053038.3,150600000,0.917569,0.531133,150900000,19971,19335,18758
NC_053038.3,150900000,0.855713,0.536717,151200000,19431,19450,18462
NC_053038.3,151200000,0.956641,0.525797,151500000,21664,21117,20604
NC_053038.3,151500000,0.953062,0.517667,151800000,19744,19350,18965
NC_053038.3,151800000,0.924767,0.519553,152100000,19838,18990,18783
NC_053038.3,152100000,0.93144,0.523487,152400000,21925,21191,20571
NC_053038.3,152400000,0.917342,0.522937,152700000,20964,20987,20373
NC_053038.3,152700000,0.956679,0.521843,153000000,19781,19647,19155
NC_053038.3,153000000,0.937585,0.53378,153300000,18674,18920,18640
NC_053038.3,153300000,0.931791,0.514083,153600000,19448,18982,18442
NC_053038.3,153600000,0.93076,0.532803,153900000,21020,20495,19612
NC_053038.3,153900000,0.98229,0.511457,154200000,21299,20240,19926
NC_053038.3,154200000,0.950708,0.54606,154500000,19616,19484,19115
NC_053038.3,154500000,0.958256,0.534647,154800000,19786,19452,19099
NC_053038.3,154800000,0.926437,0.52682,155100000,19816,19055,19022
NC_053038.3,155100000,0.882444,0.555093,155400000,18036,18027,17575
NC_053038.3,155400000,0.967342,0.533823,155700000,19335,19157,18335
NC_053038.3,155700000,0.953583,0.524313,156000000,19693,19237,18675
NC_053038.3,156000000,0.95669,0.53361,156300000,19638,19417,18725
NC_053038.3,156300000,0.949771,0.542047,156600000,20012,19984,19415
NC_053038.3,156600000,0.932961,0.527443,156900000,20059,20198,19458
NC_053038.3,156900000,0.944856,0.539627,157200000,24611,24275,25109
NC_053038.3,157200000,0.930723,0.528143,157500000,19002,18801,18393
NC_053038.3,157500000,0.926697,0.518307,157800000,20329,19985,19989
NC_053038.3,157800000,0.972703,0.519063,158100000,19464,19041,18515
NC_053038.3,158100000,0.893231,0.52132,158400000,19322,18881,18605
NC_053038.3,158400000,0.952168,0.512813,158700000,21375,20694,20418
NC_053038.3,158700000,0.936951,0.52534,159000000,20245,19594,19244
NC_053038.3,159000000,0.922306,0.5247,159300000,20607,19890,19573
NC_053038.3,159300000,0.946588,0.534987,159600000,19470,19026,18331
NC_053038.3,159600000,0.981041,0.526417,159900000,20007,19493,19198
NC_053038.3,159900000,0.933108,0.49796,160200000,20062,19752,19389
NC_053038.3,160200000,0.914841,0.52632,160500000,21505,20931,20453
NC_053038.3,160500000,0.946476,0.531993,160800000,21470,20772,20565
NC_053038.3,160800000,0.888764,0.526513,161100000,19935,19843,18995
NC_053038.3,161100000,0.887243,0.512413,161400000,20277,19614,18952
NC_053038.3,161400000,0.946667,0.522713,161700000,21930,20756,20649
NC_053038.3,161700000,0.954888,0.531157,162000000,19823,18733,18760
NC_053038.3,162000000,0.91315,0.515273,162300000,21115,20535,20157
NC_053038.3,162300000,0.935064,0.539757,162600000,21190,20422,20004
NC_053038.3,162600000,0.934407,0.543373,162900000,22611,21275,21057
NC_053038.3,162900000,0.92921,0.522637,163200000,21418,20810,20348
NC_053038.3,163200000,0.920099,0.498297,163500000,21641,21127,20647
NC_053038.3,163500000,0.906591,0.530367,163800000,19702,19190,19003
NC_053038.3,163800000,0.955185,0.5481,164100000,19394,19018,18582
NC_053038.3,164100000,0.943919,0.536683,164400000,19602,19286,18658
NC_053038.3,164400000,0.930224,0.539317,164700000,18402,17966,17432
NC_053038.3,164700000,0.817555,0.536077,165000000,19126,19019,18419
NC_053038.3,165000000,0.86589,0.5402,165300000,22079,23049,23178
NC_053038.3,165300000,0.919309,0.523503,165600000,20080,19581,19298
NC_053038.3,165600000,0.926755,0.513547,165900000,20540,20192,19375
NC_053038.3,165900000,0.95108,0.524967,166200000,19670,19143,18888
NC_053038.3,166200000,0.924978,0.527727,166500000,19436,19372,18785
NC_053038.3,166500000,0.924607,0.521923,166800000,21588,20842,20580
NC_053038.3,166800000,0.980161,0.53503,167100000,20321,19387,19248
NC_053038.3,167100000,0.912287,0.53016,167400000,22719,21648,21637
NC_053038.3,167400000,0.923538,0.528667,167700000,20805,19995,19630
NC_053038.3,167700000,0.95609,0.534937,168000000,19318,19137,18485
NC_053038.3,168000000,0.97573,0.52974,168300000,19595,19143,19031
NC_053038.3,168300000,0.945672,0.522423,168600000,21302,20409,19866
NC_053038.3,168600000,0.956929,0.527653,168900000,19549,19235,18527
NC_053038.3,168900000,0.929876,0.524903,169200000,21733,20879,20392
NC_053038.3,169200000,0.909823,0.543777,169500000,20704,20120,20297
NC_053038.3,169500000,0.918003,0.528433,169800000,19722,19482,18831
NC_053038.3,169800000,0.948084,0.51374,170100000,19079,18704,18394
NC_053038.3,170100000,0.946532,0.517703,170400000,25281,23458,23240
NC_053038.3,170400000,0.924057,0.543177,170700000,19184,18974,18416
NC_053038.3,170700000,0.891106,0.55839,171000000,19043,19018,18181
NC_053038.3,171000000,0.977331,0.51305,171300000,19609,19403,18819
NC_053038.3,171300000,0.970442,0.515687,171600000,19700,18863,18828
NC_053038.3,171600000,0.954907,0.520667,171900000,19499,19046,19016
NC_053038.3,171900000,0.941306,0.533263,172200000,19939,19900,19031
NC_053038.3,172200000,0.903542,0.530723,172500000,21648,20985,20573
NC_053038.3,172500000,0.935132,0.54809,172800000,20578,19814,19984
NC_053038.3,172800000,0.916089,0.525063,173100000,20440,19858,19264
NC_053038.3,173100000,0.889389,0.560097,173400000,26185,25712,25193
NC_053038.3,173400000,0.910371,0.520853,173700000,19187,19074,18412
NC_053038.3,173700000,0.906117,0.518617,174000000,21526,20694,20554
NC_053038.3,174000000,0.972144,0.52709,174300000,20019,19708,19199
NC_053038.3,174300000,0.897037,0.515267,174600000,21515,20762,20105
NC_053038.3,174600000,0.875086,0.516743,174900000,20897,20223,19611
NC_053038.3,174900000,0.965547,0.511363,175200000,20794,19554,19192
NC_053038.3,175200000,0.931348,0.510503,175500000,20549,20000,19286
NC_053038.3,175500000,0.925108,0.526123,175800000,19986,19265,18842
NC_053038.3,175800000,0.958439,0.514907,176100000,20501,19836,19624
NC_053038.3,176100000,0.895309,0.517143,176400000,20316,20168,19439
NC_053038.3,176400000,0.957868,0.53616,176700000,22629,21822,20995
NC_053038.3,176700000,0.968844,0.527367,177000000,19603,18804,18455
NC_053038.3,177000000,0.945364,0.521083,177300000,20165,19887,19602
NC_053038.3,177300000,0.962074,0.543763,177600000,20104,19238,18693
NC_053038.3,177600000,0.942153,0.515293,177900000,20155,19722,19155
NC_053038.3,177900000,0.974586,0.518613,178200000,19627,19107,18919
NC_053038.3,178200000,0.944842,0.538053,178500000,19189,18652,18313
NC_053038.3,178500000,0.928183,0.521647,178800000,20147,19461,18989
NC_053038.3,178800000,0.89801,0.526333,179100000,20146,19801,19359
NC_053038.3,179100000,0.96124,0.51111,179400000,20364,19710,19478
NC_053038.3,179400000,0.951865,0.517423,179700000,20833,20284,19651
NC_053038.3,179700000,0.954047,0.527837,180000000,20060,19533,19308
NC_053038.3,180000000,0.912039,0.512577,180300000,19714,19333,19052
NC_053038.3,180300000,0.947573,0.51895,180600000,19272,18732,18720
NC_053038.3,180600000,0.949117,0.516107,180900000,20525,19968,19773
NC_053038.3,180900000,0.92766,0.539433,181200000,21314,20948,20551
NC_053038.3,181200000,0.86481,0.543203,181500000,19696,19533,19471
NC_053038.3,181500000,0.900241,0.53712,181800000,20618,20134,19623
NC_053038.3,181800000,0.900446,0.531203,182100000,20133,19847,19409
NC_053038.3,182100000,0.847348,0.595967,182400000,17313,16904,16619
NC_053038.3,182400000,0.912294,0.538573,182700000,19342,18352,18064
NC_053038.3,182700000,0.930436,0.529297,183000000,19339,18577,18510
NC_053038.3,183000000,0.877455,0.525527,183300000,21486,20652,20144
NC_053038.3,183300000,0.832084,0.470363,183600000,26574,25864,25007
NC_053038.3,183600000,0.82745,0.53572,183900000,21689,20725,20365
NC_053038.3,183900000,0.947482,0.52151,184200000,20539,19998,19448
NC_053038.3,184200000,0.92736,0.518167,184500000,20474,19660,19349
NC_053038.3,184500000,0.874891,0.535747,184800000,21516,20849,20533
NC_053038.3,184800000,0.921053,0.517133,185100000,22561,21839,21598
NC_053038.3,185100000,0.828257,0.516263,185400000,21922,21493,21055
NC_053038.3,185400000,0.643862,0.38414,185700000,35267,32978,32857
NC_053038.3,185700000,0.823335,0.47661,186000000,25667,24705,24145
NC_053038.3,186000000,0.932077,0.531943,186300000,20667,20082,19610
NC_053038.3,186300000,0.948308,0.52835,186600000,20383,19830,19744
NC_053038.3,186600000,0.9366,0.534463,186900000,19676,19115,18972
NC_053038.3,186900000,0.939516,0.524247,187200000,21192,20393,19859
NC_053038.3,187200000,0.948939,0.512357,187500000,19708,19623,19080
NC_053038.3,187500000,0.906173,0.519753,187800000,19453,19310,18713
NC_053038.3,187800000,0.969741,0.52216,188100000,20388,19877,19108
NC_053038.3,188100000,0.9317,0.527633,188400000,20122,19431,19348
NC_053038.3,188400000,0.925125,0.529293,188700000,19812,19594,18825
NC_053038.3,188700000,0.941942,0.52006,189000000,19821,19559,18707
NC_053038.3,189000000,0.875772,0.549987,189300000,20626,20451,19745
NC_053038.3,189300000,0.934079,0.52556,189600000,19649,19221,18800
NC_053038.3,189600000,0.916188,0.545107,189900000,18633,18624,18358
NC_053038.3,189900000,0.936918,0.544237,190200000,22304,21853,21509
NC_053038.3,190200000,0.891544,0.544387,190500000,19559,19624,18817
NC_053038.3,190500000,0.973013,0.52452,190800000,21872,20896,20624
NC_053038.3,190800000,0.927122,0.531713,191100000,19585,19310,19056
NC_053038.3,191100000,0.729136,0.580133,191400000,25310,27618,25612
NC_053038.3,191400000,0.875268,0.533223,191700000,21899,21573,20820
NC_053038.3,191700000,0.928181,0.517063,192000000,20106,20018,19216
NC_053038.3,192000000,0.965899,0.512623,192300000,20431,20392,19579
NC_053038.3,192300000,0.895535,0.539643,192600000,20149,19516,19333
NC_053038.3,192600000,0.972233,0.554687,192900000,21234,20263,19961
NC_053038.3,192900000,0.912879,0.537837,193200000,18279,18257,17778
NC_053038.3,193200000,0.942046,0.554707,193500000,20311,19858,19532
NC_053038.3,193500000,0.928229,0.53879,193800000,21169,20404,20243
NC_053038.3,193800000,0.930859,0.534127,194100000,21701,20916,20626
NC_053038.3,194100000,0.93949,0.53048,194400000,20301,19777,19381
NC_053038.3,194400000,0.968463,0.55363,194700000,19163,18945,18307
NC_053038.3,194700000,0.974877,0.534507,195000000,20065,19804,19327
NC_053038.3,195000000,0.960997,0.542633,195300000,19473,18770,18548
NC_053038.3,195300000,0.912629,0.527547,195600000,20071,19983,19290
NC_053038.3,195600000,0.927588,0.520927,195900000,21297,20765,20517
NC_053038.3,195900000,0.893606,0.545007,196200000,20927,20570,19959
NC_053038.3,196200000,0.902135,0.545643,196500000,19773,19493,18990
NC_053038.3,196500000,0.889975,0.528407,196800000,24011,23140,22799
NC_053038.3,196800000,0.9716,0.530687,197100000,21826,20996,20862
NC_053038.3,197100000,0.923837,0.53187,197400000,20979,20581,19859
NC_053038.3,197400000,0.956826,0.520477,197700000,20214,19614,19302
NC_053038.3,197700000,0.873111,0.526293,198000000,21503,21329,20719
NC_053038.3,198000000,0.850245,0.53963,198300000,19645,19817,19286
NC_053038.3,198300000,0.878279,0.551343,198600000,21048,20389,20625
NC_053038.3,198600000,0.862307,0.54621,198900000,20194,20462,20252
NC_053038.3,198900000,0.870304,0.550457,199200000,19891,19801,19548
NC_053038.3,199200000,0.794412,0.549727,199500000,21921,22702,22171
NC_053038.3,199500000,0.827473,0.550873,199800000,21152,20942,20549
NC_053038.3,199800000,0.693476,0.545467,200100000,18564,19372,18923
NC_053038.3,200100000,0.692643,0.556927,200400000,18581,19051,18498
NC_053038.3,200400000,0.684881,0.561793,200700000,19003,20261,19330
NC_053038.3,200700000,0.726036,0.558797,201000000,18329,18661,18143
NC_053038.3,201000000,0.694126,0.54745,201300000,16932,17311,17097
NC_053038.3,201300000,0.740804,0.56033,201600000,18729,19351,18892
NC_053038.3,201600000,0.78529,0.55491,201900000,20459,20939,20408
NC_053038.3,201900000,0.745416,0.555433,202200000,19433,20236,19845
NC_053038.3,202200000,0.77191,0.547217,202500000,21189,21537,20969
NC_053038.3,202500000,0.775065,0.553587,202800000,20561,21005,20285
NC_053038.3,202800000,0.761445,0.53407,203100000,14145,14438,13981
NC_053038.3,203100000,0.829517,0.522447,203400000,20445,21053,20495
NC_053038.3,203400000,0.862996,0.530033,203700000,21100,21464,20566
NC_053038.3,203700000,0.917445,0.532157,204000000,21386,21133,20436
NC_053038.3,204000000,0.852216,0.51013,204300000,19078,18893,18415
NC_053038.3,204300000,0.965311,0.51561,204600000,20061,19290,19139
NC_053038.3,204600000,0.923489,0.53646,204900000,20362,20134,19917
NC_053038.3,204900000,0.920071,0.52287,205200000,20538,20236,19488
NC_053038.3,205200000,0.947699,0.529653,205500000,20659,20068,19424
NC_053038.3,205500000,0.936523,0.53252,205800000,20630,20031,19754
NC_053038.3,205800000,0.931287,0.530957,206100000,21370,20860,20232
NC_053038.3,206100000,0.945254,0.517473,206400000,21040,20447,20284
NC_053038.3,206400000,0.92137,0.549607,206700000,19995,19314,19164
NC_053038.3,206700000,0.883064,0.54474,207000000,20021,19343,19246
NC_053038.3,207000000,0.916496,0.53841,207300000,19792,19484,19156
NC_053038.3,207300000,0.843223,0.53167,207600000,21752,21432,21129
NC_053038.3,207600000,0.933938,0.547587,207900000,21950,21443,20936
NC_053038.3,207900000,0.931442,0.544153,208200000,20502,19649,19373
NC_053038.3,208200000,0.927301,0.532567,208500000,19516,19087,18912
NC_053038.3,208500000,0.954732,0.534413,208800000,20583,20004,19828
NC_053038.3,208800000,0.90605,0.554627,209100000,20576,19298,19255
NC_053038.3,209100000,0.943663,0.542833,209400000,20916,20294,19816
NC_053038.3,209400000,0.946818,0.53123,209700000,19113,18593,18277
NC_053038.3,209700000,0.9339,0.501077,210000000,20800,20427,20175
NC_053038.3,210000000,0.917101,0.541387,210300000,20280,19785,19429
NC_053038.3,210300000,0.924682,0.546447,210600000,18539,18073,17760
NC_053038.3,210600000,0.938632,0.542297,210900000,19788,19365,18858
NC_053038.3,210900000,0.905027,0.541053,211200000,19780,19153,18842
NC_053038.3,211200000,0.919951,0.52527,211500000,20189,19573,19012
NC_053038.3,211500000,0.971179,0.534257,211800000,19443,19380,18515
NC_053038.3,211800000,0.901479,0.53828,212100000,20133,19421,18916
NC_053038.3,212100000,0.946175,0.52872,212400000,19988,19596,19487
NC_053038.3,212400000,0.944807,0.542777,212700000,20026,19591,19036
NC_053038.3,212700000,0.903266,0.54366,213000000,19868,19416,19284
NC_053038.3,213000000,0.943591,0.53824,213300000,19998,19395,19600
NC_053038.3,213300000,0.937873,0.530417,213600000,21839,20973,20236
NC_053038.3,213600000,0.930904,0.53622,213900000,20409,20321,19508
NC_053038.3,213900000,0.942736,0.544513,214200000,19993,19752,19184
NC_053038.3,214200000,0.916187,0.520613,214500000,20451,19762,19187
NC_053038.3,214500000,0.935119,0.541453,214800000,19650,18969,18806
NC_053038.3,214800000,0.954362,0.505537,215100000,20068,19322,18970
NC_053038.3,215100000,0.962325,0.552593,215400000,19684,19012,18634
NC_053038.3,215400000,0.954959,0.528977,215700000,19219,18840,18212
NC_053038.3,215700000,0.909227,0.526063,216000000,21894,21765,20783
NC_053038.3,216000000,0.942068,0.516987,216300000,19952,19643,19214
NC_053038.3,216300000,0.972333,0.52793,216600000,19850,19312,18698
NC_053038.3,216600000,0.962218,0.51131,216900000,20769,19814,19666
NC_053038.3,216900000,0.878047,0.522503,217200000,21550,21044,20382
NC_053038.3,217200000,0.958699,0.549757,217500000,21022,20813,20391
NC_053038.3,217500000,0.961464,0.534,217800000,19757,19400,19208
NC_053038.3,217800000,0.927223,0.51713,218100000,20324,20107,19527
NC_053038.3,218100000,0.914327,0.513663,218400000,21738,20505,20464
NC_053038.3,218400000,0.896177,0.514627,218700000,20823,20109,19663
NC_053038.3,218700000,0.916858,0.52815,219000000,23855,22767,22548
NC_053038.3,219000000,0.922247,0.537317,219300000,19982,19804,19553
NC_053038.3,219300000,0.934386,0.530073,219600000,20376,19765,19525
NC_053038.3,219600000,0.897603,0.523397,219900000,20919,20220,19888
NC_053038.3,219900000,0.939638,0.517227,220200000,20507,19696,19311
NC_053038.3,220200000,0.97261,0.512773,220500000,19757,19862,18639
NC_053038.3,220500000,0.885222,0.533297,220800000,19073,18715,18621
NC_053038.3,220800000,0.945148,0.52041,221100000,19328,18982,18992
NC_053038.3,221100000,0.922074,0.533093,221400000,21976,21205,20560
NC_053038.3,221400000,0.94653,0.507987,221700000,20199,19655,18954
NC_053038.3,221700000,0.965357,0.504537,222000000,20281,19768,19187
NC_053038.3,222000000,0.933767,0.49565,222300000,20588,19933,19425
NC_053038.3,222300000,0.946143,0.509253,222600000,20629,20251,19775
NC_053038.3,222600000,0.942549,0.54423,222900000,20323,19791,19372
NC_053038.3,222900000,0.893014,0.556613,223200000,19759,18978,18617
NC_053038.3,223200000,0.9185,0.511453,223500000,21229,20305,20092
NC_053038.3,223500000,0.910398,0.548343,223800000,20632,19613,19845
NC_053038.3,223800000,0.900923,0.550283,224100000,23880,23412,23008
NC_053038.3,224100000,0.875215,0.53458,224400000,20490,20162,19664
NC_053038.3,224400000,0.935239,0.53472,224700000,18917,19041,18447
NC_053038.3,224700000,0.976011,0.502297,225000000,19252,19157,18571
NC_053038.3,225000000,0.959706,0.533453,225300000,20101,19729,19065
NC_053038.3,225300000,0.919059,0.506887,225600000,23342,22419,21970
NC_053038.3,225600000,0.873493,0.522787,225900000,21045,20140,19873
NC_053038.3,225900000,0.914822,0.519553,226200000,19739,19420,18814
NC_053038.3,226200000,0.923113,0.518147,226500000,20479,19502,19357
NC_053038.3,226500000,0.920346,0.509033,226800000,12243,11577,11444
NC_053038.3,226800000,0.924624,0.55205,227100000,20151,19718,19171
NC_053038.3,227100000,0.939784,0.52571,227400000,490702,585063,416783
NC_053038.3,227400000,0.930884,0.53665,227700000,21884,20927,20592
NC_053038.3,227700000,0.922513,0.528987,228000000,21632,21062,20635
NC_053038.3,228000000,0.95768,0.560257,228300000,19219,18901,18740
NC_053038.3,228300000,0.920483,0.51431,228600000,20341,20021,19243
NC_053038.3,228600000,0.942676,0.526047,228900000,23861,22783,22232
NC_053038.3,228900000,0.926102,0.518773,229200000,23207,22070,21353
NC_053038.3,229200000,0.906538,0.50814,229500000,20455,19999,19641
NC_053038.3,229500000,0.97157,0.54945,229800000,18728,18357,18208
NC_053038.3,229800000,0.961972,0.528857,230100000,20025,19276,18785
NC_053038.3,230100000,0.927763,0.51525,230400000,19998,19414,19249
NC_053038.3,230400000,0.944771,0.5448,230700000,20940,20670,20147
NC_053038.3,230700000,0.966651,0.531457,231000000,19243,19090,18774
NC_053038.3,231000000,0.915993,0.50748,231300000,21396,20488,20140
NC_053038.3,231300000,0.962991,0.512137,231600000,21067,20171,20090
NC_053038.3,231600000,0.963048,0.51081,231900000,20007,19611,19399
NC_053038.3,231900000,0.93927,0.511087,232200000,19234,18950,18756
NC_053038.3,232200000,0.939142,0.51806,232500000,19321,19241,18460
NC_053038.3,232500000,0.879848,0.529163,232800000,18555,18308,17791
NC_053038.3,232800000,0.936991,0.529203,233100000,20211,20075,19518
NC_053038.3,233100000,0.956424,0.532007,233400000,20338,20234,19873
NC_053038.3,233400000,0.94088,0.54416,233700000,20135,19654,19240
NC_053038.3,233700000,0.949641,0.534383,234000000,19989,19532,19182
NC_053038.3,234000000,0.916414,0.521733,234300000,21016,20276,19883
NC_053038.3,234300000,0.966368,0.526927,234600000,18971,18824,18396
NC_053038.3,234600000,0.926028,0.5523,234900000,19375,19456,18860
NC_053038.3,234900000,0.925741,0.5316,235200000,20941,20867,20288
NC_053038.3,235200000,0.800704,0.574243,235500000,24174,23130,22365
NC_053038.3,235500000,0.916695,0.529973,235800000,19461,19822,19523
NC_053038.3,235800000,0.511204,0.58314,236100000,19552,21359,20977
NC_053038.3,236100000,0.474473,0.586887,236400000,19055,19753,19848
NC_053038.3,236400000,0.434684,0.591353,236700000,17547,18268,17782
NC_053038.3,236700000,0.497099,0.59289,237000000,22283,22751,22143
NC_053038.3,237000000,0.852631,0.553917,237300000,20587,20519,20259
NC_053038.3,237300000,0.96306,0.532433,237600000,19152,18394,18124
NC_053038.3,237600000,0.963509,0.514153,237900000,19212,18983,18324
NC_053038.3,237900000,0.911386,0.529097,238200000,19453,19122,18571
NC_053038.3,238200000,0.950826,0.511223,238500000,21533,20853,20394
NC_053038.3,238500000,0.902531,0.521513,238800000,24242,22697,22968
NC_053038.3,238800000,0.958785,0.51508,239100000,21570,20750,20381
NC_053038.3,239100000,0.967193,0.522587,239400000,20855,20288,19762
NC_053038.3,239400000,0.974027,0.535217,239700000,18852,18356,17814
NC_053038.3,239700000,0.960096,0.50824,240000000,20717,19862,19376
NC_053038.3,240000000,0.985562,0.529837,240300000,19467,19006,18392
NC_053038.3,240300000,0.974683,0.526333,240600000,19013,18747,18660
NC_053038.3,240600000,0.942892,0.50664,240900000,19152,19064,18733
NC_053038.3,240900000,0.960029,0.522097,241200000,23767,22782,21521
NC_053038.3,241200000,0.93945,0.534113,241500000,20991,20277,19877
NC_053038.3,241500000,0.963243,0.520383,241800000,20240,19802,19611
NC_053038.3,241800000,0.965451,0.518007,242100000,19972,19209,19143
NC_053038.3,242100000,0.943091,0.532637,242400000,21279,20189,20193
NC_053038.3,242400000,0.895163,0.546377,242700000,21797,21553,20488
NC_053038.3,242700000,0.911055,0.52143,243000000,19950,19559,19085
NC_053038.3,243000000,0.957404,0.515597,243300000,19266,18949,18622
NC_053038.3,243300000,0.943126,0.518863,243600000,19123,19037,18530
NC_053038.3,243600000,0.975736,0.52673,243900000,18937,19040,18209
NC_053038.3,243900000,0.900426,0.514303,244200000,23135,22561,22145
NC_053038.3,244200000,0.934174,0.54822,244500000,18236,18158,17576
NC_053038.3,244500000,0.962088,0.52171,244800000,19525,19629,18651
NC_053038.3,244800000,0.926869,0.513903,245100000,23009,21918,21821
NC_053038.3,245100000,0.905289,0.499427,245400000,20732,20467,19666
NC_053038.3,245400000,0.954345,0.530337,245700000,20384,19627,19659
NC_053038.3,245700000,0.951118,0.547797,246000000,20863,20586,20554
NC_053038.3,246000000,0.89374,0.557373,246300000,18462,18065,17298
NC_053038.3,246300000,0.960678,0.507237,246600000,20301,20151,19421
NC_053038.3,246600000,0.959225,0.500427,246900000,20711,19777,19334
NC_053038.3,246900000,0.973057,0.510457,247200000,19725,19056,18724
NC_053038.3,247200000,0.951661,0.535917,247500000,21658,21306,20859
NC_053038.3,247500000,0.948314,0.55463,247800000,19469,19011,18588
NC_053038.3,247800000,0.965062,0.547163,248100000,20835,20116,19978
NC_053038.3,248100000,0.947446,0.54214,248400000,21066,20470,20103
NC_053038.3,248400000,0.933588,0.525703,248700000,20639,19924,20038
NC_053038.3,248700000,0.931452,0.528857,249000000,19798,18948,19067
NC_053038.3,249000000,0.894115,0.531233,249300000,20849,20129,19774
NC_053038.3,249300000,0.965798,0.518737,249600000,20582,19833,19382
NC_053038.3,249600000,0.956279,0.530987,249900000,20666,20158,19897
NC_053038.3,249900000,0.903752,0.551203,250200000,21229,20623,19842
NC_053038.3,250200000,0.970472,0.533537,250500000,19863,19344,18714
NC_053038.3,250500000,0.914064,0.542057,250800000,19095,18973,17903
NC_053038.3,250800000,0.901254,0.531033,251100000,21107,20444,20109
NC_053038.3,251100000,0.93198,0.517497,251400000,18179,17752,17588
NC_053038.3,251400000,0.946194,0.520717,251700000,19636,19208,18938
NC_053038.3,251700000,0.884615,0.52874,252000000,20464,20020,19822
NC_053038.3,252000000,0.961533,0.53629,252300000,20908,19973,19906
NC_053038.3,252300000,0.918585,0.543737,252600000,20945,20656,20238
NC_053038.3,252600000,0.948336,0.53024,252900000,21133,20356,19816
NC_053038.3,252900000,0.951251,0.537973,253200000,20411,19739,19430
NC_053038.3,253200000,0.929758,0.535217,253500000,21557,20748,20432
NC_053038.3,253500000,0.929633,0.498883,253800000,20715,20246,19648
NC_053038.3,253800000,0.921632,0.527883,254100000,22095,21686,20933
NC_053038.3,254100000,0.929616,0.538107,254400000,20625,19953,19729
NC_053038.3,254400000,0.943154,0.531213,254700000,20455,19865,19453
NC_053038.3,254700000,0.90137,0.528567,255000000,22003,21634,21460
NC_053038.3,255000000,0.958107,0.52468,255300000,20370,19643,19179
NC_053038.3,255300000,0.947577,0.520227,255600000,19403,18889,18445
NC_053038.3,255600000,0.981766,0.511833,255900000,21771,20930,20464
NC_053038.3,255900000,0.936159,0.515207,256200000,20312,19677,18827
NC_053038.3,256200000,0.969918,0.520193,256500000,20108,20082,19163
NC_053038.3,256500000,0.922008,0.509057,256800000,20413,20111,19778
NC_053038.3,256800000,0.961869,0.521133,257100000,18580,18064,17497
NC_053038.3,257100000,0.961898,0.53076,257400000,20087,19557,18727
NC_053038.3,257400000,0.950883,0.53903,257700000,21093,20840,20029
NC_053038.3,257700000,0.911192,0.53213,258000000,21925,21458,20984
NC_053038.3,258000000,0.880943,0.50964,258300000,20480,19945,19589
NC_053038.3,258300000,0.948773,0.529783,258600000,19423,19254,18630
NC_053038.3,258600000,0.979088,0.533137,258900000,19225,18701,18449
NC_053038.3,258900000,0.956667,0.523023,259200000,20018,19676,18787
NC_053038.3,259200000,0.938202,0.529053,259500000,20980,20429,19965
NC_053038.3,259500000,0.917675,0.53703,259800000,18461,18418,18060
NC_053038.3,259800000,0.955888,0.51887,260100000,23490,22002,21862
NC_053038.3,260100000,0.90663,0.517267,260400000,22737,21911,20946
NC_053038.3,260400000,0.893995,0.510737,260700000,20492,20557,19535
NC_053038.3,260700000,0.933272,0.537273,261000000,20167,19801,19315
NC_053038.3,261000000,0.95601,0.531927,261300000,19211,19091,18560
NC_053038.3,261300000,0.938631,0.521163,261600000,21481,21006,20240
NC_053038.3,261600000,0.938174,0.50955,261900000,20629,20186,19630
NC_053038.3,261900000,0.924763,0.534823,262200000,20409,20265,19661
NC_053038.3,262200000,0.936522,0.500133,262500000,21007,20350,19984
NC_053038.3,262500000,0.96918,0.518323,262800000,19563,18876,18589
NC_053038.3,262800000,0.955027,0.53508,263100000,19748,18808,18896
NC_053038.3,263100000,0.919325,0.503247,263400000,20302,19878,19366
NC_053038.3,263400000,0.963233,0.51191,263700000,19339,19264,18831
NC_053038.3,263700000,0.947695,0.540733,264000000,17979,17610,17012
NC_053038.3,264000000,0.935545,0.526837,264300000,23259,22901,21585
NC_053038.3,264300000,0.919908,0.537087,264600000,20236,20283,19631
NC_053038.3,264600000,0.949544,0.506947,264900000,21561,20550,20092
NC_053038.3,264900000,0.9456,0.52154,265200000,20527,19343,19226
NC_053038.3,265200000,0.959595,0.51129,265500000,20389,19683,19365
NC_053038.3,265500000,0.945951,0.518957,265800000,18919,18492,18069
NC_053038.3,265800000,0.949693,0.53059,266100000,19804,19227,18887
NC_053038.3,266100000,0.894389,0.513847,266400000,21398,20630,20221
NC_053038.3,266400000,0.871876,0.536283,266700000,19445,19333,18359
NC_053038.3,266700000,0.904756,0.51057,267000000,19836,19417,18645
NC_053038.3,267000000,0.91578,0.53744,267300000,22361,21733,21010
NC_053038.3,267300000,0.893803,0.545023,267600000,21584,21213,20980
NC_053038.3,267600000,0.936648,0.542853,267900000,20183,19653,19384
NC_053038.3,267900000,0.938301,0.550403,268200000,19907,19398,18929
NC_053038.3,268200000,0.927971,0.52033,268500000,21727,21586,20221
NC_053038.3,268500000,0.91164,0.52022,268800000,21045,20063,19867
NC_053038.3,268800000,0.953376,0.526953,269100000,21150,20650,20013
NC_053038.3,269100000,0.928485,0.4993,269400000,22349,21424,20902
NC_053038.3,269400000,0.90937,0.54663,269700000,19632,19678,18943
NC_053038.3,269700000,0.970492,0.540027,270000000,19236,18995,18636
NC_053038.3,270000000,0.957013,0.542753,270300000,19305,18948,18453
NC_053038.3,270300000,0.924256,0.539227,270600000,18909,18439,18232
NC_053038.3,270600000,0.955498,0.534293,270900000,19800,19432,19006
NC_053038.3,270900000,0.957829,0.53168,271200000,20930,20230,19685
NC_053038.3,271200000,0.880011,0.534237,271500000,22895,22136,22026
NC_053038.3,271500000,0.91205,0.535613,271800000,20289,20263,19677
NC_053038.3,271800000,0.923446,0.52348,272100000,19910,19372,18960
NC_053038.3,272100000,0.943746,0.52357,272400000,20072,19677,19207
NC_053038.3,272400000,0.932789,0.531817,272700000,21133,20671,20245
NC_053038.3,272700000,0.915284,0.50526,273000000,20339,19860,19184
NC_053038.3,273000000,0.937959,0.521777,273300000,20619,20079,19489
NC_053038.3,273300000,0.937836,0.536437,273600000,19818,19421,19376
NC_053038.3,273600000,0.955398,0.503147,273900000,21218,20592,19972
NC_053038.3,273900000,0.867864,0.534013,274200000,21458,20558,20297
NC_053038.3,274200000,0.944798,0.535807,274500000,21338,20774,20304
NC_053038.3,274500000,0.894791,0.531543,274800000,22197,22042,21522
NC_053038.3,274800000,0.861441,0.511207,275100000,20181,20051,19439
NC_053038.3,275100000,0.953145,0.51402,275400000,21682,20994,20483
NC_053038.3,275400000,0.905683,0.545047,275700000,20876,20067,19932
NC_053038.3,275700000,0.977086,0.50789,276000000,21011,20104,19698
NC_053038.3,276000000,0.93253,0.516027,276300000,20253,19998,19781
NC_053038.3,276300000,0.935487,0.536427,276600000,20881,19909,20028
NC_053038.3,276600000,0.952877,0.497783,276900000,20099,19913,19364
NC_053038.3,276900000,0.946352,0.53215,277200000,20248,19670,19202
NC_053038.3,277200000,0.923592,0.535263,277500000,20892,20238,19878
NC_053038.3,277500000,0.955882,0.532497,277800000,20494,19808,19303
NC_053038.3,277800000,0.946195,0.518263,278100000,19192,19126,18456
NC_053038.3,278100000,0.923945,0.52191,278400000,19961,19545,18690
NC_053038.3,278400000,0.957568,0.52043,278700000,19593,19297,18599
NC_053038.3,278700000,0.959094,0.529773,279000000,19342,19068,18487
NC_053038.3,279000000,0.937344,0.539637,279300000,20043,19567,18996
NC_053038.3,279300000,0.866926,0.537387,279600000,19193,18625,18339
NC_053038.3,279600000,0.946986,0.530693,279900000,20568,19907,19344
NC_053038.3,279900000,0.928994,0.51919,280200000,21042,20187,19777
NC_053038.3,280200000,0.934456,0.544283,280500000,22065,21233,21091
NC_053038.3,280500000,0.844097,0.569943,280800000,28160,27758,26915
NC_053038.3,280800000,0.924655,0.53107,281100000,20705,20202,19498
NC_053038.3,281100000,0.934922,0.521287,281400000,18696,18465,18280
NC_053038.3,281400000,0.909335,0.52932,281700000,19657,19160,19108
NC_053038.3,281700000,0.959273,0.51016,282000000,20865,19776,19594
NC_053038.3,282000000,0.939989,0.520107,282300000,20396,19852,19159
NC_053038.3,282300000,0.956559,0.513063,282600000,20968,20598,20488
NC_053038.3,282600000,0.951173,0.509807,282900000,19937,19799,19250
NC_053038.3,282900000,0.933668,0.520877,283200000,20274,19814,19634
NC_053038.3,283200000,0.952399,0.53171,283500000,21050,20390,20286
NC_053038.3,283500000,0.918545,0.52661,283800000,21372,20304,20122
NC_053038.3,283800000,0.917745,0.516673,284100000,19273,18805,18317
NC_053038.3,284100000,0.956136,0.531267,284400000,19307,18112,18078
NC_053038.3,284400000,0.984584,0.527007,284700000,20979,20391,19695
NC_053038.3,284700000,0.970798,0.524357,285000000,19368,19032,18963
NC_053038.3,285000000,0.930317,0.540617,285300000,18970,18509,18379
NC_053038.3,285300000,0.949349,0.529283,285600000,19553,19104,18856
NC_053038.3,285600000,0.915532,0.525067,285900000,19189,19034,18499
NC_053038.3,285900000,0.963383,0.51887,286200000,20328,19710,19535
NC_053038.3,286200000,0.958739,0.505833,286500000,20035,19085,18582
NC_053038.3,286500000,0.983582,0.507683,286800000,18725,17943,17737
NC_053038.3,286800000,0.948769,0.52345,287100000,18896,18608,18164
NC_053038.3,287100000,0.924054,0.53739,287400000,20704,20539,20168
NC_053038.3,287400000,0.912865,0.54204,287700000,21009,20256,20162
NC_053038.3,287700000,0.958172,0.53169,288000000,19375,18895,18523
NC_053038.3,288000000,0.975487,0.541557,288300000,19495,19280,18774
NC_053038.3,288300000,0.894828,0.538623,288600000,20146,20044,19456
NC_053038.3,288600000,0.938296,0.5356,288900000,18686,18486,18044
NC_053038.3,288900000,0.933871,0.523443,289200000,21796,21251,20981
NC_053038.3,289200000,0.938337,0.526293,289500000,20014,19632,19059
NC_053038.3,289500000,0.940572,0.523557,289800000,19991,19337,19188
NC_053038.3,289800000,0.964179,0.52887,290100000,21417,20453,20390
NC_053038.3,290100000,0.879245,0.52866,290400000,19883,19740,19304
NC_053038.3,290400000,0.965636,0.535147,290700000,19647,19259,18560
NC_053038.3,290700000,0.930098,0.503993,291000000,22246,21653,20971
NC_053038.3,291000000,0.948574,0.514873,291300000,20669,20199,19573
NC_053038.3,291300000,0.923191,0.540173,291600000,20728,20156,19875
NC_053038.3,291600000,0.921138,0.542783,291900000,19965,19586,19063
NC_053038.3,291900000,0.903266,0.54527,292200000,19516,18867,18681
NC_053038.3,292200000,0.901069,0.50618,292500000,20177,20037,19310
NC_053038.3,292500000,0.918917,0.517353,292800000,19968,19715,19167
NC_053038.3,292800000,0.959052,0.527123,293100000,19446,19465,18759
NC_053038.3,293100000,0.948647,0.56106,293400000,20286,19604,19513
NC_053038.3,293400000,0.869728,0.551273,293700000,41764,40583,39443
NC_053038.3,293700000,0.946939,0.529403,294000000,19831,19122,18692
NC_053038.3,294000000,0.957293,0.53182,294300000,21746,20658,20246
NC_053038.3,294300000,0.906794,0.53933,294600000,20790,20875,20312
NC_053038.3,294600000,0.973203,0.511997,294900000,20325,20012,19802
NC_053038.3,294900000,0.937854,0.517273,295200000,19477,18996,18437
NC_053038.3,295200000,0.948274,0.508067,295500000,20007,19879,19257
NC_053038.3,295500000,0.918853,0.539363,295800000,19858,19663,19156
NC_053038.3,295800000,0.900653,0.536783,296100000,20549,19977,19540
NC_053038.3,296100000,0.949938,0.53646,296400000,19835,19262,18946
NC_053038.3,296400000,0.923179,0.538677,296700000,18718,18527,18481
NC_053038.3,296700000,0.968391,0.543173,297000000,26020,23902,23647
NC_053038.3,297000000,0.971271,0.54414,297300000,18864,18617,18421
NC_053038.3,297300000,0.943325,0.521023,297600000,19143,18984,18356
NC_053038.3,297600000,0.961178,0.534667,297900000,18946,18573,18343
NC_053038.3,297900000,0.834626,0.552537,298200000,21409,20780,20632
NC_053038.3,298200000,0.895044,0.52908,298500000,20259,19988,19677
NC_053038.3,298500000,0.956173,0.531693,298800000,20862,20447,19919
NC_053038.3,298800000,0.936522,0.528797,299100000,20409,19780,19220
NC_053038.3,299100000,0.92235,0.547937,299400000,21002,20831,20197
NC_053038.3,299400000,0.922333,0.53204,299700000,20690,20324,19843
NC_053038.3,299700000,0.884345,0.551863,300000000,21487,21072,20356
NC_053038.3,300000000,0.947922,0.541423,300300000,20322,19643,19094
NC_053038.3,300300000,0.913034,0.558563,300600000,19271,18617,18344
NC_053038.3,300600000,0.947048,0.56103,300900000,20853,20128,19748
NC_053038.3,300900000,0.893914,0.54281,301200000,20729,20072,19920
NC_053038.3,301200000,0.895995,0.53843,301500000,21038,20557,20229
NC_053038.3,301500000,0.910134,0.541637,301800000,21736,21685,21164
NC_053038.3,301800000,0.885621,0.544497,302100000,20729,20687,19990
NC_053038.3,302100000,0.921575,0.538783,302400000,19684,18925,18811
NC_053038.3,302400000,0.958805,0.547337,302700000,23896,22565,21850
NC_053038.3,302700000,0.905003,0.546617,303000000,20405,20107,19612
NC_053038.3,303000000,0.900926,0.543837,303300000,36063,36901,34501
NC_053038.3,303300000,0.94623,0.5451,303600000,23885,22187,21762
NC_053038.3,303600000,0.871272,0.528453,303900000,20489,20597,19812
NC_053038.3,303900000,0.927788,0.541983,304200000,20582,20051,19894
NC_053038.3,304200000,0.901047,0.535783,304500000,20652,20318,19949
NC_053038.3,304500000,0.935087,0.526677,304800000,22101,21010,20423
NC_053038.3,304800000,0.928843,0.527493,305100000,21757,21415,20923
NC_053038.3,305100000,0.922802,0.54736,305400000,20447,20085,19629
NC_053038.3,305400000,0.865606,0.531197,305700000,21412,20802,20623
NC_053038.3,305700000,0.941665,0.54273,306000000,20308,19704,19293
NC_053038.3,306000000,0.927406,0.55458,306300000,21111,20707,20310
NC_053038.3,306300000,0.92674,0.541867,306600000,21159,20650,20340
NC_053038.3,306600000,0.93699,0.53567,306900000,20970,20216,20130
NC_053038.3,306900000,0.924571,0.54145,307200000,21494,20564,20521
NC_053038.3,307200000,0.936357,0.54282,307500000,21512,20810,20572
NC_053038.3,307500000,0.903152,0.544593,307800000,21018,20346,20132
NC_053038.3,307800000,0.910941,0.532547,308100000,21138,20844,20141
NC_053038.3,308100000,0.908633,0.54052,308400000,21414,21633,20681
NC_053038.3,308400000,0.929455,0.54168,308700000,19933,19912,19822
NC_053038.3,308700000,0.906191,0.545253,309000000,20759,20115,19878
NC_053038.3,309000000,0.950822,0.55649,309300000,19642,19098,18692
NC_053038.3,309300000,0.93697,0.55136,309600000,20565,19723,19267
NC_053038.3,309600000,0.902305,0.538893,309900000,21683,21164,20637
NC_053038.3,309900000,0.94025,0.549563,310200000,20578,20198,19531
NC_053038.3,310200000,0.909182,0.535753,310500000,20687,20064,19738
NC_053038.3,310500000,0.905202,0.556683,310800000,20162,19866,19933
NC_053038.3,310800000,0.923829,0.563633,311100000,20658,20028,19806
NC_053038.3,311100000,0.914261,0.545253,311400000,19500,19123,18673
NC_053038.3,311400000,0.936854,0.538823,311700000,19899,19839,19480
NC_053038.3,311700000,0.946355,0.53523,312000000,19425,19199,18305
NC_053038.3,312000000,0.921298,0.54634,312300000,21005,20694,20030
NC_053038.3,312300000,0.890314,0.557603,312600000,20359,19698,19331
NC_053038.3,312600000,0.930446,0.537657,312900000,19210,19066,18740
NC_053038.3,312900000,0.893713,0.53555,313200000,20227,19793,19562
NC_053038.3,313200000,0.910213,0.52957,313500000,20726,20066,19758
NC_053038.3,313500000,0.897661,0.551433,313800000,19844,19773,19045
NC_053038.3,313800000,0.908392,0.548083,314100000,20038,19064,19437
NC_053038.3,314100000,0.866896,0.518237,314400000,19161,19056,18541
NC_053038.3,314400000,0.910601,0.519197,314700000,20251,19499,18939
NC_053038.3,314700000,0.951416,0.55094,315000000,21438,20594,20151
NC_053038.3,315000000,0.899689,0.53319,315300000,19770,19476,19119
NC_053038.3,315300000,0.951088,0.53116,315600000,19343,18753,18550
NC_053038.3,315600000,0.930574,0.533033,315900000,20128,20068,19718
NC_053038.3,315900000,0.89866,0.5423,316200000,20762,20478,20163
NC_053038.3,316200000,0.944856,0.532177,316500000,20573,19666,19762
NC_053038.3,316500000,0.940152,0.53286,316800000,20701,19721,19864
NC_053038.3,316800000,0.928666,0.51708,317100000,19887,19461,18719
NC_053038.3,317100000,0.945292,0.504047,317400000,21341,20899,20526
NC_053038.3,317400000,0.945396,0.538197,317700000,22287,21371,21247
NC_053038.3,317700000,0.954105,0.527427,318000000,19878,18966,19037
NC_053038.3,318000000,0.89187,0.549017,318300000,21436,20729,20752
NC_053038.3,318300000,0.943931,0.512527,318600000,21676,20542,20356
NC_053038.3,318600000,0.882516,0.510877,318900000,20178,19765,19293
NC_053038.3,318900000,0.914671,0.53053,319200000,20280,20065,19585
NC_053038.3,319200000,0.956203,0.547867,319500000,20015,19038,18895
NC_053038.3,319500000,0.941865,0.51574,319800000,22160,21921,21572
NC_053038.3,319800000,0.939527,0.526557,320100000,20469,20123,19753
NC_053038.3,320100000,0.917932,0.526283,320400000,21228,20295,19936
NC_053038.3,320400000,0.904828,0.548367,320700000,21440,20905,20451
NC_053038.3,320700000,0.927615,0.54327,321000000,20441,19776,19746
NC_053038.3,321000000,0.88529,0.530343,321300000,21610,20809,20148
NC_053038.3,321300000,0.945721,0.52732,321600000,22526,21744,21336
NC_053038.3,321600000,0.946292,0.55381,321900000,19758,19990,19124
NC_053038.3,321900000,0.94158,0.54133,322200000,20765,20483,20128
NC_053038.3,322200000,0.923065,0.52303,322500000,19825,19676,19101
NC_053038.3,322500000,0.927621,0.52177,322800000,21961,20912,20850
NC_053038.3,322800000,0.903759,0.542547,323100000,21779,21260,20578
NC_053038.3,323100000,0.94334,0.52436,323400000,20342,19910,19564
NC_053038.3,323400000,0.948251,0.522307,323700000,21930,20838,20624
NC_053038.3,323700000,0.940472,0.536993,324000000,20911,20470,20265
NC_053038.3,324000000,0.97176,0.53557,324300000,20570,20229,20017
NC_053038.3,324300000,0.906419,0.531053,324600000,20339,19997,19314
NC_053038.3,324600000,0.921444,0.552667,324900000,21666,21398,21188
NC_053038.3,324900000,0.93387,0.550697,325200000,21501,20837,20615
NC_053038.3,325200000,0.912542,0.562057,325500000,20279,19694,19286
NC_053038.3,325500000,0.933797,0.52962,325800000,21098,20373,20326
NC_053038.3,325800000,0.894209,0.50911,326100000,21015,20659,20363
NC_053038.3,326100000,0.926787,0.532683,326400000,21988,20978,20715
NC_053038.3,326400000,0.892408,0.54261,326700000,21141,20649,20233
NC_053038.3,326700000,0.959949,0.555327,327000000,19616,19543,19048
NC_053038.3,327000000,0.900316,0.53357,327300000,20166,19534,19247
NC_053038.3,327300000,0.917602,0.51325,327600000,32371,32341,31210
NC_053038.3,327600000,0.892783,0.52716,327900000,20117,19721,19177
NC_053038.3,327900000,0.919921,0.53949,328200000,21471,21123,20463
NC_053038.3,328200000,0.942903,0.52862,328500000,20925,20399,19581
NC_053038.3,328500000,0.929322,0.5435,328800000,20066,19268,19379
NC_053038.3,328800000,0.939738,0.560367,329100000,20730,20005,19593
NC_053038.3,329100000,0.944523,0.55504,329400000,20442,19922,19619
NC_053038.3,329400000,0.934405,0.531793,329700000,21185,20758,20346
NC_053038.3,329700000,0.941914,0.51576,330000000,21187,20609,20163
NC_053038.3,330000000,0.883028,0.547543,330300000,21706,21105,20690
NC_053038.3,330300000,0.926644,0.518047,330600000,22961,22174,21787
NC_053038.3,330600000,0.909548,0.529237,330900000,19873,19411,18904
NC_053038.3,330900000,0.932828,0.54431,331200000,19856,19457,19259
NC_053038.3,331200000,0.894717,0.54157,331500000,18978,18568,18355
NC_053038.3,331500000,0.934508,0.53562,331800000,18549,18311,17866
NC_053038.3,331800000,0.957044,0.548743,332100000,18575,17865,17864
NC_053038.3,332100000,0.908266,0.538703,332400000,18330,17797,17576
NC_053038.3,332400000,0.932698,0.528827,332700000,18481,17839,17598
NC_053038.3,332700000,0.938572,0.542643,333000000,25397,24004,23625
NC_053038.3,333000000,0.900516,0.532303,333300000,18033,17403,17089
NC_053038.3,333300000,0.914454,0.541713,333600000,19268,18716,18686
NC_053038.3,333600000,0.960549,0.5451,333900000,18916,18845,18344
NC_053038.3,333900000,0.917077,0.540027,334200000,20599,20180,20072
NC_053038.3,334200000,0.910447,0.539587,334500000,19456,18731,18655
NC_053038.3,334500000,0.891634,0.520213,334800000,20565,20045,19559
NC_053038.3,334800000,0.937112,0.5358,335100000,20869,20560,20017
NC_053038.3,335100000,0.813937,0.570373,335400000,17513,16825,16993
NC_053038.3,335400000,0.950795,0.513473,335700000,21210,20533,20138
NC_053038.3,335700000,0.933212,0.544227,336000000,19996,19224,19157
NC_053038.3,336000000,0.946658,0.525627,336300000,24910,23321,23378
NC_053038.3,336300000,0.983016,0.535347,336600000,17670,17259,16991
NC_053038.3,336600000,0.976614,0.519293,336900000,21378,20456,20124
NC_053038.3,336900000,0.938371,0.532233,337200000,19814,18896,18648
NC_053038.3,337200000,0.925298,0.518853,337500000,22553,21689,21485
NC_053038.3,337500000,0.935706,0.506347,337800000,24358,22817,22389
NC_053038.3,337800000,0.924905,0.55219,338100000,19717,19394,19161
NC_053038.3,338100000,0.934307,0.50138,338400000,19823,19484,18805
NC_053038.3,338400000,0.953133,0.52475,338700000,22736,21638,21244
NC_053038.3,338700000,0.94624,0.54599,339000000,20661,20130,19685
NC_053038.3,339000000,0.943572,0.53145,339300000,20505,19252,19166
NC_053038.3,339300000,0.938108,0.521713,339600000,27838,24647,25407
NC_053038.3,339600000,0.92458,0.51812,339900000,20522,19979,19666
NC_053038.3,339900000,0.925089,0.547543,340200000,20154,19310,18869
NC_053038.3,340200000,0.862915,0.542233,340500000,18549,18617,17917
NC_053038.3,340500000,0.917315,0.528157,340800000,19556,19087,19048
NC_053038.3,340800000,0.918021,0.544337,341100000,21281,20981,20394
NC_053038.3,341100000,0.857275,0.542407,341400000,21766,20995,20509
NC_053038.3,341400000,0.926754,0.533807,341700000,19920,20263,19329
NC_053038.3,341700000,0.961524,0.536877,342000000,20095,19455,19008
NC_053038.3,342000000,0.898436,0.537993,342300000,22061,21584,21330
NC_053038.3,342300000,0.900274,0.535653,342600000,21099,20888,20510
NC_053038.3,342600000,0.922869,0.54538,342900000,21446,20511,20603
NC_053038.3,342900000,0.900318,0.5595,343200000,20155,19702,19613
NC_053038.3,343200000,0.95244,0.54522,343500000,21050,20182,19831
NC_053038.3,343500000,0.864054,0.541477,343800000,21017,20341,20275
NC_053038.3,343800000,0.937097,0.536277,344100000,20037,19822,19154
NC_053038.3,344100000,0.882133,0.532117,344400000,24217,22656,22641
NC_053038.3,344400000,0.89513,0.542793,344700000,20640,20342,19814
NC_053038.3,344700000,0.943314,0.53604,345000000,20970,20400,19897
NC_053038.3,345000000,0.921693,0.542387,345300000,30922,28047,27592
NC_053038.3,345300000,0.902639,0.536523,345600000,22554,21586,21854
NC_053038.3,345600000,0.935567,0.53606,345900000,20005,19914,19348
NC_053038.3,345900000,0.922206,0.53939,346200000,21398,20925,20437
NC_053038.3,346200000,0.90458,0.550137,346500000,21415,20686,20887
NC_053038.3,346500000,0.864505,0.550493,346800000,20404,20112,19521
NC_053038.3,346800000,0.898132,0.522423,347100000,21470,20751,20139
NC_053038.3,347100000,0.869056,0.529853,347400000,22709,21961,22031
NC_053038.3,347400000,0.925244,0.52232,347700000,21976,21426,20856
NC_053038.3,347700000,0.84878,0.533283,348000000,21607,21334,21019
NC_053038.3,348000000,0.875589,0.53793,348300000,21965,21200,21319
NC_053038.3,348300000,0.919057,0.535967,348600000,21515,20805,20767
NC_053038.3,348600000,0.937996,0.519513,348900000,20529,19822,19430
NC_053038.3,348900000,0.931853,0.54212,349200000,21153,20705,20715
NC_053038.3,349200000,0.920567,0.532047,349500000,24456,23780,23404
NC_053038.3,349500000,0.903793,0.5172,349800000,20929,20615,20036
NC_053038.3,349800000,0.884322,0.535307,350100000,21661,21536,20864
NC_053038.3,350100000,0.958986,0.530757,350400000,20458,19525,19707
NC_053038.3,350400000,0.894695,0.53611,350700000,20492,20570,19797
NC_053038.3,350700000,0.936638,0.54236,351000000,21029,20606,19758
NC_053038.3,351000000,0.955092,0.524113,351300000,20440,19940,19501
NC_053038.3,351300000,0.911817,0.5286,351600000,21549,21305,20539
NC_053038.3,351600000,0.868318,0.537163,351900000,21855,20948,20572
NC_053038.3,351900000,0.933009,0.532423,352200000,20472,19868,19432
NC_053038.3,352200000,0.853552,0.525237,352500000,20880,20605,20023
NC_053038.3,352500000,0.860309,0.54882,352800000,30535,30916,30002
NC_053038.3,352800000,0.887723,0.544883,353100000,20564,20083,19540
NC_053038.3,353100000,0.896058,0.52134,353400000,20736,20309,19731
NC_053038.3,353400000,0.937355,0.518623,353700000,21517,20773,20459
NC_053038.3,353700000,0.895425,0.5404,354000000,24144,22886,22557
NC_053038.3,354000000,0.906283,0.53,354300000,21037,20944,20454
NC_053038.3,354300000,0.940106,0.503497,354600000,22509,21303,21392
NC_053038.3,354600000,0.900995,0.539,354900000,20262,20337,19603
NC_053038.3,354900000,0.914094,0.552013,355200000,21056,20252,20423
NC_053038.3,355200000,0.885114,0.538627,355500000,20946,20336,19894
NC_053038.3,355500000,0.927821,0.561157,355800000,20231,19584,19460
NC_053038.3,355800000,0.930613,0.539033,356100000,20653,20273,19801
NC_053038.3,356100000,0.900095,0.54947,356400000,21419,20451,20394
NC_053038.3,356400000,0.884103,0.540513,356700000,20883,20213,19776
NC_053038.3,356700000,0.918136,0.519677,357000000,21487,20934,20171
NC_053038.3,357000000,0.871997,0.549023,357300000,21742,20895,20983
NC_053038.3,357300000,0.961149,0.534047,357600000,20164,19709,19299
NC_053038.3,357600000,0.916719,0.520493,357900000,20313,20415,19711
NC_053038.3,357900000,0.921368,0.528897,358200000,22376,21420,21319
NC_053038.3,358200000,0.933241,0.530067,358500000,21570,20998,20854
NC_053038.3,358500000,0.95203,0.530087,358800000,20779,19939,19444
NC_053038.3,358800000,0.923173,0.524297,359100000,18427,18334,17817
NC_053038.3,359100000,0.926314,0.541453,359400000,20313,20151,19803
NC_053038.3,359400000,0.888824,0.5404,359700000,22101,21684,21180
NC_053038.3,359700000,0.933543,0.542117,360000000,19893,19436,19234
NC_053038.3,360000000,0.925459,0.53008,360300000,20909,20443,19973
NC_053038.3,360300000,0.943711,0.546327,360600000,21660,21046,20672
NC_053038.3,360600000,0.842962,0.561037,360900000,18732,18574,18209
NC_053038.3,360900000,0.9273,0.523833,361200000,20167,20181,19413
NC_053038.3,361200000,0.905529,0.547373,361500000,20801,20439,20153
NC_053038.3,361500000,0.920233,0.52976,361800000,21338,20680,20249
NC_053038.3,361800000,0.852243,0.539187,362100000,19584,19532,18906
NC_053038.3,362100000,0.825887,0.550407,362400000,20721,20422,20187
NC_053038.3,362400000,0.883171,0.521123,362700000,20438,20430,19668
NC_053038.3,362700000,0.883212,0.512743,363000000,22103,21486,21132
NC_053038.3,363000000,0.930866,0.532447,363300000,19858,19756,19269
NC_053038.3,363300000,0.926832,0.536983,363600000,20281,19916,19640
NC_053038.3,363600000,0.923817,0.53126,363900000,20706,20314,19824
NC_053038.3,363900000,0.842227,0.564773,364200000,28721,28055,27813
NC_053038.3,364200000,0.901193,0.54636,364500000,21281,20741,20579
NC_053038.3,364500000,0.937823,0.54522,364800000,20428,19755,19357
NC_053038.3,364800000,0.910314,0.529047,365100000,21448,20501,20740
NC_053038.3,365100000,0.938356,0.519587,365400000,20571,20120,19383
NC_053038.3,365400000,0.926779,0.518703,365700000,20062,19451,19110
NC_053038.3,365700000,0.915237,0.52849,366000000,21619,20852,20457
NC_053038.3,366000000,0.910138,0.53266,366300000,20491,19964,19600
NC_053038.3,366300000,0.875472,0.538367,366600000,22153,21655,21369
NC_053038.3,366600000,0.930641,0.534553,366900000,19647,18930,18886
NC_053038.3,366900000,0.92338,0.5203,367200000,21240,20672,20341
NC_053038.3,367200000,0.943659,0.556013,367500000,19655,19410,19028
NC_053038.3,367500000,0.935624,0.526917,367800000,20797,20028,19920
NC_053038.3,367800000,0.926708,0.548087,368100000,19030,18839,18468
NC_053038.3,368100000,0.927429,0.530817,368400000,19825,19220,18877
NC_053038.3,368400000,0.91095,0.53131,368700000,21947,21490,20946
NC_053038.3,368700000,0.944633,0.52532,369000000,20249,19733,19705
NC_053038.3,369000000,0.929771,0.54671,369300000,19658,19173,18914
NC_053038.3,369300000,0.917713,0.547057,369600000,20229,20285,19639
NC_053038.3,369600000,0.932959,0.527603,369900000,19343,19099,18431
NC_053038.3,369900000,0.940438,0.532013,370200000,19247,18591,18276
NC_053038.3,370200000,0.932347,0.513853,370500000,18504,17743,17673
NC_053038.3,370500000,0.948793,0.525783,370800000,21562,20548,20424
NC_053038.3,370800000,0.882846,0.528143,371100000,20228,19780,19401
NC_053038.3,371100000,0.920135,0.51986,371400000,21256,20809,20195
NC_053038.3,371400000,0.914253,0.537397,371700000,20226,19837,19630
NC_053038.3,371700000,0.914834,0.546657,372000000,20607,19988,20052
NC_053038.3,372000000,0.943074,0.550497,372300000,20877,20199,19765
NC_053038.3,372300000,0.915956,0.527803,372600000,23592,22486,22271
NC_053038.3,372600000,0.952235,0.52806,372900000,21940,21329,20749
NC_053038.3,372900000,0.899466,0.512133,373200000,21587,21169,20579
NC_053038.3,373200000,0.920537,0.542147,373500000,20070,19535,19123
NC_053038.3,373500000,0.889531,0.522413,373800000,21005,20412,20100
NC_053038.3,373800000,0.963204,0.50114,374100000,21954,21361,21004
NC_053038.3,374100000,0.930611,0.50686,374400000,20920,20270,19976
NC_053038.3,374400000,0.903533,0.53596,374700000,20934,20367,19849
NC_053038.3,374700000,0.917774,0.55416,375000000,20449,19827,19551
NC_053038.3,375000000,0.942115,0.52163,375300000,21662,21104,20697
NC_053038.3,375300000,0.93146,0.542303,375600000,22244,21085,21032
NC_053038.3,375600000,0.909247,0.521577,375900000,21284,20606,20222
NC_053038.3,375900000,0.931316,0.52352,376200000,24830,24470,24064
NC_053038.3,376200000,0.892479,0.537787,376500000,21351,21137,20390
NC_053038.3,376500000,0.944024,0.527053,376800000,20057,19721,19323
NC_053038.3,376800000,0.94447,0.541957,377100000,21001,20459,20050
NC_053038.3,377100000,0.968624,0.533253,377400000,19643,19242,18671
NC_053038.3,377400000,0.950759,0.546397,377700000,19913,19784,19254
NC_053038.3,377700000,0.954076,0.511697,378000000,20472,20056,19620
NC_053038.3,378000000,0.941243,0.53964,378300000,21092,20709,20207
NC_053038.3,378300000,0.882599,0.552897,378600000,20911,20403,19928
NC_053038.3,378600000,0.933966,0.546657,378900000,20806,19895,19473
NC_053038.3,378900000,0.922554,0.53329,379200000,21019,20286,19905
NC_053038.3,379200000,0.897932,0.531893,379500000,22695,21773,21722
NC_053038.3,379500000,0.965344,0.498713,379800000,20656,19773,19385
NC_053038.3,379800000,0.939011,0.54011,380100000,20530,19782,19403
NC_053038.3,380100000,0.924478,0.519783,380400000,22682,21475,21303
NC_053038.3,380400000,0.894878,0.51803,380700000,22268,21316,21435
NC_053038.3,380700000,0.879647,0.536117,381000000,21012,20901,20233
NC_053038.3,381000000,0.886684,0.535533,381300000,19483,18762,18520
NC_053038.3,381300000,0.921164,0.540333,381600000,20388,19453,19008
NC_053038.3,381600000,0.779423,0.540683,381900000,17317,17253,16574
NC_053038.3,381900000,0.872975,0.550343,382200000,19463,19102,18768
NC_053038.3,382200000,0.946263,0.538687,382500000,19776,19524,18878
NC_053038.3,382500000,0.909667,0.550747,382800000,18173,17858,17356
NC_053038.3,382800000,0.876861,0.54588,383100000,11204,11284,11098
NC_053038.3,383100000,0.843466,0.60331,383400000,16920,17548,17363
NC_053038.3,383400000,0.788021,0.597463,383700000,15212,15503,15157
NC_053038.3,383700000,0.875008,0.5708,384000000,18921,19294,18730
NC_053038.3,384000000,0.941656,0.543607,384300000,19654,18829,18503
NC_053038.3,384300000,0.856636,0.528747,384600000,21230,21463,19735
NC_053038.3,384600000,0.920963,0.533243,384900000,18805,18128,17626
NC_053038.3,384900000,0.909973,0.54206,385200000,19042,17864,17768
NC_053038.3,385200000,0.879429,0.522507,385500000,17486,16951,16829
NC_053038.3,385500000,0.936976,0.54437,385800000,21062,20586,20174
NC_053038.3,385800000,0.897759,0.54827,386100000,20945,20285,20365
NC_053038.3,386100000,0.873054,0.533963,386400000,21319,20640,20298
NC_053038.3,386400000,0.93138,0.552153,386700000,20896,20424,19974
NC_053038.3,386700000,0.928681,0.548333,387000000,21637,20698,20302
NC_053038.3,387000000,0.946096,0.553657,387300000,19922,19461,19222
NC_053038.3,387300000,0.945615,0.533693,387600000,20114,20036,19703
NC_053038.3,387600000,0.886724,0.54799,387900000,21636,21126,21187
NC_053038.3,387900000,0.93026,0.53299,388200000,21954,21440,21309
NC_053038.3,388200000,0.86647,0.51297,388500000,21465,21030,20421
NC_053038.3,388500000,0.896609,0.518007,388800000,21385,20869,20495
NC_053038.3,388800000,0.793292,0.530907,389100000,20046,19473,19153
NC_053038.3,389100000,0.939572,0.526213,389400000,19731,19124,18739
NC_053038.3,389400000,0.8993,0.49425,389700000,21206,20690,20264
NC_053038.3,389700000,0.912843,0.520873,390000000,19195,19221,18837
NC_053038.3,390000000,0.940327,0.527553,390300000,20590,19939,19756
NC_053038.3,390300000,0.886869,0.552547,390600000,17683,17769,17234
NC_053038.3,390600000,0.916545,0.53566,390900000,17409,16952,16548
NC_053038.3,390900000,0.916644,0.542883,391200000,18109,17547,17262
NC_053038.3,391200000,0.907343,0.533167,391500000,18255,17477,17265
NC_053038.3,391500000,0.948398,0.524723,391800000,17568,17046,16788
NC_053038.3,391800000,0.93009,0.5361,392100000,20048,18896,18995
NC_053038.3,392100000,0.92943,0.546253,392400000,15531,15478,14908
NC_053038.3,392400000,0.88954,0.534893,392700000,19575,19072,18738
NC_053038.3,392700000,0.865926,0.54547,393000000,20359,20081,19761
NC_053038.3,393000000,0.929899,0.532367,393300000,20773,20559,19981
NC_053038.3,393300000,0.92451,0.531047,393600000,22440,21424,21221
NC_053038.3,393600000,0.879625,0.54954,393900000,20626,20054,19825
NC_053038.3,393900000,0.87477,0.524803,394200000,20317,20449,19815
NC_053038.3,394200000,0.904576,0.53082,394500000,21960,21137,21039
NC_053038.3,394500000,0.905439,0.54022,394800000,21543,21144,20713
NC_053038.3,394800000,0.94461,0.522513,395100000,20428,19651,19311
NC_053038.3,395100000,0.954701,0.517217,395400000,20762,20013,19549
NC_053038.3,395400000,0.930753,0.564453,395700000,20371,19918,19908
NC_053038.3,395700000,0.901301,0.5219,396000000,22468,22103,21310
NC_053038.3,396000000,0.915851,0.507773,396300000,22213,21546,21426
NC_053038.3,396300000,0.922525,0.51912,396600000,21054,20321,19872
NC_053038.3,396600000,0.918347,0.537007,396900000,21241,20808,20307
NC_053038.3,396900000,0.954496,0.534177,397200000,20811,20446,19974
NC_053038.3,397200000,0.906656,0.53898,397500000,21223,20684,20402
NC_053038.3,397500000,0.891797,0.52989,397800000,20204,19863,19469
NC_053038.3,397800000,0.892872,0.52976,398100000,21560,20752,20447
NC_053038.3,398100000,0.934297,0.540727,398400000,21161,20815,20608
NC_053038.3,398400000,0.849849,0.5418,398700000,21633,21039,20752
NC_053038.3,398700000,0.95084,0.53387,399000000,20234,20159,19600
NC_053038.3,399000000,0.931637,0.52506,399300000,21388,21000,20692
NC_053038.3,399300000,0.887778,0.529777,399600000,19277,19552,19021
NC_053038.3,399600000,0.685076,0.402283,399900000,18263,18330,17246
NC_053038.3,399900000,0.732071,0.419493,400200000,17859,17770,16890
NC_053038.3,400200000,0.632886,0.406103,400500000,18164,18306,17156
NC_053038.3,400500000,0.645582,0.395943,400800000,17907,18136,17009
NC_053038.3,400800000,0.794777,0.501383,401100000,20228,20177,19360
NC_053038.3,401100000,0.881793,0.540797,401400000,21096,20886,20226
NC_053038.3,401400000,0.891723,0.535793,401700000,21626,21148,20531
NC_053038.3,401700000,0.885147,0.54361,402000000,21114,20990,20516
NC_053038.3,402000000,0.947291,0.53026,402300000,21019,20568,20410
NC_053038.3,402300000,0.912263,0.55007,402600000,21287,20624,20364
NC_053038.3,402600000,0.937464,0.5299,402900000,20855,20254,19972
NC_053038.3,402900000,0.934877,0.51075,403200000,21572,20703,20516
NC_053038.3,403200000,0.925856,0.527017,403500000,19982,19599,19315
NC_053038.3,403500000,0.867422,0.53896,403800000,20909,20375,20092
NC_053038.3,403800000,0.919738,0.52662,404100000,21071,20750,19970
NC_053038.3,404100000,0.924011,0.550743,404400000,20870,20388,19801
NC_053038.3,404400000,0.913053,0.54723,404700000,20205,19564,19464
NC_053038.3,404700000,0.882757,0.53229,405000000,20169,19713,19357
NC_053038.3,405000000,0.95241,0.532077,405300000,20287,19205,19036
NC_053038.3,405300000,0.929307,0.52398,405600000,20593,20180,19901
NC_053038.3,405600000,0.933497,0.533153,405900000,21495,21299,20970
NC_053038.3,405900000,0.930473,0.549887,406200000,20614,20250,20187
NC_053038.3,406200000,0.91561,0.529137,406500000,21798,21533,20994
NC_053038.3,406500000,0.920832,0.532957,406800000,21384,20555,20545
NC_053038.3,406800000,0.949499,0.54977,407100000,19136,18617,18682
NC_053038.3,407100000,0.922959,0.522747,407400000,21759,21285,20842
NC_053038.3,407400000,0.922796,0.52298,407700000,21063,20375,19799
NC_053038.3,407700000,0.924918,0.53667,408000000,20565,20216,19681
NC_053038.3,408000000,0.893351,0.52505,408300000,21262,20797,20290
NC_053038.3,408300000,0.931168,0.521193,408600000,21174,20104,20245
NC_053038.3,408600000,0.868096,0.531683,408900000,22104,21015,21183
NC_053038.3,408900000,0.865706,0.540287,409200000,20593,19824,19605
NC_053038.3,409200000,0.909645,0.542533,409500000,19733,19633,19446
NC_053038.3,409500000,0.907231,0.521203,409800000,19326,19146,18623
NC_053038.3,409800000,0.921834,0.539487,410100000,21218,20835,20640
NC_053038.3,410100000,0.904313,0.504097,410400000,21213,20641,20103
NC_053038.3,410400000,0.906297,0.542913,410700000,21452,21270,20708
NC_053038.3,410700000,0.87993,0.5395,411000000,20103,19749,19360
NC_053038.3,411000000,0.947224,0.538103,411300000,20904,20119,19323
NC_053038.3,411300000,0.915817,0.54018,411600000,20470,19776,19738
NC_053038.3,411600000,0.85589,0.542783,411900000,21932,21009,20611
NC_053038.3,411900000,0.92072,0.54772,412200000,20383,19928,20203
NC_053038.3,412200000,0.886288,0.540123,412500000,19932,19258,18905
NC_053038.3,412500000,0.902845,0.53407,412800000,17441,17042,16966
NC_053038.3,412800000,0.938567,0.55919,413100000,19879,19242,18811
NC_053038.3,413100000,0.9191,0.53182,413400000,20115,19694,19584
NC_053038.3,413400000,0.930908,0.513843,413700000,20966,20490,19903
NC_053038.3,413700000,0.872277,0.527603,414000000,18924,18729,18038
NC_053038.3,414000000,0.607777,0.58124,414300000,21000,21952,22196
NC_053038.3,414300000,0.643791,0.58911,414600000,27524,28061,28233
NC_053038.3,414600000,0.536878,0.593203,414900000,18328,18904,18769
NC_053038.3,414900000,0.585412,0.595127,415200000,21295,21817,21870
NC_053038.3,415200000,0.538323,0.591063,415500000,24241,24345,24907
NC_053038.3,415500000,0.865992,0.538167,415800000,18162,17653,17583
NC_053038.3,415800000,0.934934,0.52671,416100000,19206,18852,18588
NC_053038.3,416100000,0.923293,0.54524,416400000,19966,19396,19166
NC_053038.3,416400000,0.921562,0.531627,416700000,18513,18106,17775
NC_053038.3,416700000,0.883257,0.509343,417000000,22152,21914,21424
NC_053038.3,417000000,0.906568,0.519513,417300000,20852,20614,19855
NC_053038.3,417300000,0.940208,0.547613,417600000,20857,20358,19917
NC_053038.3,417600000,0.894815,0.521083,417900000,18312,17909,17296
NC_053038.3,417900000,0.921972,0.51219,418200000,20764,20315,20020
NC_053038.3,418200000,0.8531,0.54404,418500000,20877,20920,20415
NC_053038.3,418500000,0.893676,0.526057,418800000,21036,20540,20258
NC_053038.3,418800000,0.926318,0.51147,419100000,20491,20428,20090
NC_053038.3,419100000,0.915462,0.540737,419400000,19921,19193,19298
NC_053038.3,419400000,0.919342,0.533067,419700000,18916,18467,18063
NC_053038.3,419700000,0.578717,0.584317,420000000,23029,22662,22668
NC_053038.3,420000000,0.724075,0.566757,420300000,15771,15732,15751
NC_053038.3,420300000,0.947526,0.520387,420600000,19484,19000,18531
NC_053038.3,420600000,0.915281,0.535107,420900000,19178,18982,18625
NC_053038.3,420900000,0.926849,0.535237,421200000,19237,19306,18674
NC_053038.3,421200000,0.947325,0.53081,421500000,18465,18495,17843
NC_053038.3,421500000,0.944784,0.517793,421800000,19352,18847,18302
NC_053038.3,421800000,0.913704,0.516777,422100000,18752,18096,18021
NC_053038.3,422100000,0.938462,0.558433,422400000,19285,19022,18677
NC_053038.3,422400000,0.855556,0.579763,422700000,37815,37390,36723
NC_053038.3,422700000,0.818717,0.588983,423000000,30939,30506,29649
NC_053038.3,423000000,0.856899,0.5476,423300000,20429,19933,19739
NC_053038.3,423300000,0.887704,0.519787,423600000,21257,20915,20411
NC_053038.3,423600000,0.909278,0.539367,423900000,21528,20740,20445
NC_053038.3,423900000,0.892215,0.542623,424200000,20542,20505,19864
NC_053038.3,424200000,0.877512,0.527277,424500000,21844,20943,20823
NC_053038.3,424500000,0.849437,0.534477,424800000,22506,22218,22002
NC_053038.3,424800000,0.907185,0.543013,425100000,20911,20315,19913
NC_053038.3,425100000,0.908594,0.53228,425400000,21207,20905,20844
NC_053038.3,425400000,0.916805,0.528453,425700000,19075,20246,18166
NC_053038.3,425700000,0.898192,0.53082,426000000,21511,21010,20323
NC_053038.3,426000000,0.954519,0.55106,426300000,20190,19630,19278
NC_053038.3,426300000,0.879455,0.542613,426600000,20570,20443,20228
NC_053038.3,426600000,0.933799,0.5417,426900000,24260,23858,23505
NC_053038.3,426900000,0.94509,0.534017,427200000,19755,18843,18831
NC_053038.3,427200000,0.881978,0.52659,427500000,20233,19790,19331
NC_053038.3,427500000,0.932357,0.53251,427800000,17785,17193,17001
NC_053038.3,427800000,0.964771,0.506723,428100000,21561,19890,19929
NC_053038.3,428100000,0.921433,0.524767,428400000,19140,18855,18318
NC_053038.3,428400000,0.85278,0.53701,428700000,17386,16973,16548
NC_053038.3,428700000,0.845542,0.538833,429000000,18640,18618,18392
NC_053038.3,429000000,0.852029,0.538437,429300000,19791,19530,19314
NC_053038.3,429300000,0.896993,0.533077,429600000,17977,17779,17487
NC_053038.3,429600000,0.908604,0.5314,429900000,20680,20599,19994
NC_053038.3,429900000,0.927631,0.50925,430200000,20520,19662,19295
NC_053038.3,430200000,0.920778,0.53721,430500000,18832,18650,18203
NC_053038.3,430500000,0.905969,0.529177,430800000,21847,21237,21212
NC_053038.3,430800000,0.922793,0.54449,431100000,19478,19123,18921
NC_053038.3,431100000,0.909935,0.523227,431400000,21176,20679,20236
NC_053038.3,431400000,0.908334,0.540123,431700000,22195,21908,21646
NC_053038.3,431700000,0.901062,0.543313,432000000,19439,19260,18791
NC_053038.3,432000000,0.942194,0.524703,432300000,21379,20596,20373
NC_053038.3,432300000,0.908171,0.527343,432600000,19089,18527,18346
NC_053038.3,432600000,0.912405,0.530287,432900000,20024,19633,19186
NC_053038.3,432900000,0.906724,0.5297,433200000,20500,20227,19822
NC_053038.3,433200000,0.88206,0.530607,433500000,20348,19772,19951
NC_053038.3,433500000,0.912018,0.55424,433800000,19249,19071,18824
NC_053038.3,433800000,0.945514,0.525877,434100000,19903,19312,19004
NC_053038.3,434100000,0.920679,0.53507,434400000,19205,18557,18373
NC_053038.3,434400000,0.918262,0.523927,434700000,18973,18777,18096
NC_053038.3,434700000,0.882076,0.528283,435000000,20490,19865,19660
NC_053038.3,435000000,0.946394,0.50411,435300000,21412,20548,19984
NC_053038.3,435300000,0.92718,0.535877,435600000,19591,18894,18931
NC_053038.3,435600000,0.935887,0.539027,435900000,20406,19650,19074
NC_053038.3,435900000,0.925675,0.52756,436200000,19885,19350,19314
NC_053038.3,436200000,0.916343,0.536073,436500000,26120,23747,23350
NC_053038.3,436500000,0.880691,0.50248,436800000,19882,19482,18820
NC_053038.3,436800000,0.856274,0.543817,437100000,19713,19306,19074
NC_053038.3,437100000,0.935182,0.54773,437400000,19641,19062,18823
NC_053038.3,437400000,0.913765,0.537963,437700000,19600,19366,19373
NC_053038.3,437700000,0.859833,0.53804,438000000,18249,17790,17510
NC_053038.3,438000000,0.908141,0.522643,438300000,22685,21968,21792
NC_053038.3,438300000,0.957252,0.539417,438600000,20320,19220,19247
NC_053038.3,438600000,0.905731,0.51694,438900000,20106,20019,19447
NC_053038.3,438900000,0.930801,0.5292,439200000,17959,17002,16903
NC_053038.3,439200000,0.941618,0.523767,439500000,3220,2900,2887
NC_053038.3,439500000,0.750461,0.6069,439800000,10819,10956,10576
NC_053038.3,439800000,0.86056,0.60242,440100000,15548,16186,15675
NC_053038.3,440100000,0.827562,0.590427,440400000,18405,18670,18358
NC_053038.3,440400000,0.888404,0.533107,440700000,21320,21824,20702
NC_053038.3,440700000,0.928165,0.533847,441000000,20245,19983,19295
NC_053038.3,441000000,0.889532,0.517217,441300000,20523,19947,19721
NC_053038.3,441300000,0.888437,0.528887,441600000,27510,26852,26672
NC_053038.3,441600000,0.935846,0.511127,441900000,19794,19274,18877
NC_053038.3,441900000,0.944204,0.500427,442200000,20520,19950,19598
NC_053038.3,442200000,0.883205,0.52558,442500000,20527,19803,20059
NC_053038.3,442500000,0.898844,0.556987,442800000,19379,18876,18601
NC_053038.3,442800000,0.909025,0.52248,443100000,20751,20091,20050
NC_053038.3,443100000,0.915856,0.55273,443400000,20011,19837,19804
NC_053038.3,443400000,0.933861,0.560923,443700000,21095,20434,20187
NC_053038.3,443700000,0.914882,0.552743,444000000,20705,20070,19687
NC_053038.3,444000000,0.947596,0.528887,444300000,21043,20717,20331
NC_053038.3,444300000,0.946064,0.537033,444600000,19528,18811,18649
NC_053038.3,444600000,0.882001,0.532967,444900000,22360,21430,21344
NC_053038.3,444900000,0.864777,0.5319,445200000,21011,20624,20491
NC_053038.3,445200000,0.93384,0.527953,445500000,21278,20570,20518
NC_053038.3,445500000,0.862783,0.531087,445800000,20067,19815,19420
NC_053038.3,445800000,0.917791,0.55662,446100000,19475,19156,18909
NC_053038.3,446100000,0.948625,0.506743,446400000,20182,19642,19104
NC_053038.3,446400000,0.86406,0.524737,446700000,22954,22878,22182
NC_053038.3,446700000,0.926232,0.555003,447000000,19676,18973,18550
NC_053038.3,447000000,0.935797,0.536003,447300000,20791,20308,19921
NC_053038.3,447300000,0.896496,0.552157,447600000,20720,19936,19563
NC_053038.3,447600000,0.933455,0.522323,447900000,21305,20542,20120
NC_053038.3,447900000,0.933341,0.498367,448200000,21499,20915,20677
NC_053038.3,448200000,0.942765,0.525477,448500000,25999,25604,25569
NC_053038.3,448500000,0.929201,0.53666,448800000,24957,24461,23982
NC_053038.3,448800000,0.907715,0.53717,449100000,20555,20074,19684
NC_053038.3,449100000,0.856024,0.531303,449400000,20117,19448,19399
NC_053038.3,449400000,0.904421,0.537177,449700000,20097,19320,19273
NC_053038.3,449700000,0.93907,0.52767,450000000,20775,20423,20013
NC_053038.3,450000000,0.929666,0.542353,450300000,20838,20208,19734
NC_053038.3,450300000,0.924342,0.542783,450600000,20084,19475,18982
NC_053038.3,450600000,0.911171,0.52243,450900000,24901,22313,23909
NC_053038.3,450900000,0.919629,0.511177,451200000,21184,20989,20339
NC_053038.3,451200000,0.916337,0.549857,451500000,20958,20728,19905
NC_053038.3,451500000,0.93049,0.5114,451800000,21039,20638,20233
NC_053038.3,451800000,0.959879,0.534007,452100000,20907,20136,19764
NC_053038.3,452100000,0.907771,0.53541,452400000,25177,23714,23716
NC_053038.3,452400000,0.885319,0.538123,452700000,22968,22017,21806
NC_053038.3,452700000,0.879492,0.547777,453000000,19874,18929,18823
NC_053038.3,453000000,0.932746,0.499897,453300000,20438,20000,19514
NC_053038.3,453300000,0.901985,0.54236,453600000,20130,19638,19404
NC_053038.3,453600000,0.904975,0.53109,453900000,21418,20782,20089
NC_053038.3,453900000,0.917752,0.52859,454200000,21682,20603,20286
NC_053038.3,454200000,0.951113,0.530793,454500000,20490,19883,19712
NC_053038.3,454500000,0.928622,0.540287,454800000,20349,19609,19359
NC_053038.3,454800000,0.90455,0.525123,455100000,20060,19375,19551
NC_053038.3,455100000,0.924649,0.526387,455400000,23114,22041,21383
NC_053038.3,455400000,0.930275,0.538157,455700000,20476,19853,19788
NC_053038.3,455700000,0.913129,0.540263,456000000,19411,19353,18913
NC_053038.3,456000000,0.91087,0.53867,456300000,24559,23522,22014
NC_053038.3,456300000,0.882873,0.54671,456600000,17246,16952,16605
NC_053038.3,456600000,0.846088,0.53434,456900000,18623,18261,17723
NC_053038.3,456900000,0.907315,0.52453,457200000,20922,19779,19861
NC_053038.3,457200000,0.90411,0.537773,457500000,17748,17561,17247
NC_053038.3,457500000,0.817158,0.54004,457800000,16735,16331,15968
NC_053038.3,457800000,0.918522,0.537847,458100000,19259,18912,18535
NC_053038.3,458100000,0.846298,0.54931,458400000,18693,18068,17675
NC_053038.3,458400000,0.893314,0.52213,458700000,18230,18017,17790
NC_053038.3,458700000,0.889104,0.540783,459000000,21128,20489,20227
NC_053038.3,459000000,0.906483,0.536903,459300000,18439,18129,17740
NC_053038.3,459300000,0.912125,0.530893,459600000,20151,19645,19785
NC_053038.3,459600000,0.888016,0.531777,459900000,21717,20978,20922
NC_053038.3,459900000,0.866697,0.542247,460200000,21453,20440,20763
NC_053038.3,460200000,0.93023,0.53463,460500000,21556,21009,21054
NC_053038.3,460500000,0.933596,0.53306,460800000,21046,19771,19697
NC_053038.3,460800000,0.871619,0.556443,461100000,22975,22326,22024
NC_053038.3,461100000,0.901443,0.544303,461400000,20139,19725,19556
NC_053038.3,461400000,0.884994,0.551773,461700000,21121,20663,20185
NC_053038.3,461700000,0.906813,0.507757,462000000,20248,20122,19589
NC_053038.3,462000000,0.849126,0.54617,462300000,22103,21545,21432
NC_053038.3,462300000,0.91631,0.521507,462600000,21300,20676,20316
NC_053038.3,462600000,0.937582,0.52042,462900000,21510,21143,20299
NC_053038.3,462900000,0.894393,0.548913,463200000,22405,21869,21501
NC_053038.3,463200000,0.907114,0.510377,463500000,20581,19853,19588
NC_053038.3,463500000,0.937875,0.542413,463800000,19304,19156,18971
NC_053038.3,463800000,0.937019,0.540673,464100000,19900,19696,19143
NC_053038.3,464100000,0.860502,0.527127,464400000,19757,19752,19185
NC_053038.3,464400000,0.906882,0.5217,464700000,21879,21061,20524
NC_053038.3,464700000,0.901491,0.530187,465000000,23826,22819,23354
NC_053038.3,465000000,0.797033,0.520203,465300000,29798,27168,29011
NC_053038.3,465300000,0.937386,0.532073,465600000,20790,21188,19783
NC_053038.3,465600000,0.880687,0.528623,465900000,20694,20472,20171
NC_053038.3,465900000,0.874284,0.541393,466200000,21960,21639,21009
NC_053038.3,466200000,0.874293,0.513307,466500000,21638,21362,20765
NC_053038.3,466500000,0.856689,0.510267,466800000,21635,21458,20990
NC_053038.3,466800000,0.902866,0.532307,467100000,21923,21497,20975
NC_053038.3,467100000,0.925957,0.522357,467400000,20274,19803,19451
NC_053038.3,467400000,0.943533,0.52919,467700000,20134,19969,19609
NC_053038.3,467700000,0.927885,0.528777,468000000,20574,20020,19695
NC_053038.3,468000000,0.907,0.542633,468300000,19984,19868,19263
NC_053038.3,468300000,0.909057,0.519413,468600000,22850,22235,21768
NC_053038.3,468600000,0.824224,0.532053,468900000,21380,21494,20893
NC_053038.3,468900000,0.873054,0.543437,469200000,22780,22802,22167
NC_053038.3,469200000,0.939431,0.530297,469500000,21563,21607,20779
NC_053038.3,469500000,0.922613,0.53356,469800000,19822,19809,19712
NC_053038.3,469800000,0.87264,0.532583,470100000,21338,21660,20823
NC_053038.3,470100000,0.741684,0.547013,470400000,20758,20770,20174
NC_053038.3,470400000,0.818673,0.513383,470700000,21853,21143,21193
NC_053038.3,470700000,0.859562,0.5434,471000000,23350,22742,22368
NC_053038.3,471000000,0.889866,0.54748,471300000,23110,22904,22422
NC_053038.3,471300000,0.923892,0.558113,471600000,20179,19943,19562
NC_053038.3,471600000,0.930989,0.537783,471900000,19439,18681,18263
NC_053038.3,471900000,0.905662,0.53997,472200000,20402,20021,19566
NC_053038.3,472200000,0.908548,0.534213,472500000,21428,20860,20722
NC_053038.3,472500000,0.889558,0.50649,472800000,20674,20539,19978
NC_053038.3,472800000,0.900342,0.548247,473100000,21746,21071,20690
NC_053038.3,473100000,0.911661,0.530967,473400000,20899,20384,19984
NC_053038.3,473400000,0.857398,0.53533,473700000,21402,20786,20441
NC_053038.3,473700000,0.901204,0.54158,474000000,20400,19523,19151
NC_053038.3,474000000,0.913581,0.530443,474300000,17074,15911,16081
NC_053038.3,474300000,0.903385,0.547017,474600000,15552,14735,14477
NC_053038.3,474600000,0.877591,0.533737,474900000,12700,12555,12247
NC_053038.3,474900000,0.839623,0.527163,475200000,8014,7859,7588
NC_053038.3,475200000,0.923164,0.530983,475500000,12689,12117,11993
NC_053038.3,475500000,0.89745,0.528127,475800000,20930,20159,19724
NC_053038.3,475800000,0.932958,0.534523,476100000,13708,13323,13039
NC_053038.3,476100000,0.948751,0.525487,476400000,8938,8763,8667
NC_053038.3,476400000,0.926858,0.551627,476700000,11601,11354,11153
NC_053038.3,476700000,0.912707,0.542113,477000000,6307,6043,6252
NC_053038.3,477000000,0.920131,0.547567,477300000,9953,9448,9368
NC_053038.3,477300000,0.887821,0.53804,477600000,12133,11323,11476
NC_053038.3,477600000,0.855468,0.532533,477900000,12089,11301,11267
NC_053038.3,477900000,0.776833,0.521553,478200000,14042,13982,13705
NC_053038.3,478200000,0.899767,0.556873,478500000,21227,20956,20259
NC_053038.3,478500000,0.85909,0.526853,478800000,22454,21565,21611
NC_053038.3,478800000,0.921686,0.555603,479100000,17938,17138,17353
NC_053038.3,479100000,0.915134,0.5469,479400000,22871,22620,22443
NC_053038.3,479400000,0.931682,0.548023,479700000,20626,19782,19731
NC_053038.3,479700000,0.921098,0.553903,480000000,21892,21135,20902
NC_053038.3,480000000,0.922989,0.554257,480300000,19788,19522,19249
NC_053038.3,480300000,0.946282,0.523693,480600000,18917,18478,17959
NC_053038.3,480600000,0.937918,0.513593,480900000,18497,18352,17878
NC_053038.3,480900000,0.887577,0.549563,481200000,20354,20127,19769
NC_053038.3,481200000,0.86422,0.497077,481500000,22591,22258,21466
NC_053038.3,481500000,0.892467,0.538577,481800000,20071,19961,19201
NC_053038.3,481800000,0.852812,0.53872,482100000,21396,20771,20563
NC_053038.3,482100000,0.786082,0.53074,482400000,17630,16328,16672
NC_053038.3,482400000,0.846837,0.518173,482700000,17673,17303,16790
NC_053038.3,482700000,0.909408,0.530823,483000000,20932,20239,20069
NC_053038.3,483000000,0.890965,0.531823,483300000,21052,20733,20100
NC_053038.3,483300000,0.870691,0.528167,483600000,24006,22809,22331
NC_053038.3,483600000,0.860457,0.524477,483900000,19801,19321,19036
NC_053038.3,483900000,0.919628,0.526957,484200000,41374,41996,39985
NC_053038.3,484200000,0.936242,0.51723,484500000,18838,18683,17831
NC_053038.3,484500000,0.927139,0.533283,484800000,21329,20626,20547
NC_053038.3,484800000,0.872902,0.55243,485100000,19356,19246,19158
NC_053038.3,485100000,0.898056,0.532637,485400000,20479,20190,19986
NC_053038.3,485400000,0.943861,0.529743,485700000,21575,21127,20695
NC_053038.3,485700000,0.898096,0.537217,486000000,21423,20901,20577
NC_053038.3,486000000,0.889089,0.526487,486300000,20518,19814,19706
NC_053038.3,486300000,0.894406,0.503767,486600000,21375,20873,20551
NC_053038.3,486600000,0.907121,0.541037,486900000,18419,18090,17912
NC_053038.3,486900000,0.894813,0.551667,487200000,19690,19080,18813
NC_053038.3,487200000,0.894128,0.53839,487500000,19864,19814,19139
NC_053038.3,487500000,0.860004,0.520767,487800000,23940,23060,22917
NC_053038.3,487800000,0.937392,0.556727,488100000,20378,19981,19449
NC_053038.3,488100000,0.899539,0.546207,488400000,19416,19070,18866
NC_053038.3,488400000,0.888691,0.537043,488700000,16666,16288,16000
NC_053038.3,488700000,0.969413,0.538373,489000000,18165,17638,17452
NC_053038.3,489000000,0.907859,0.546203,489300000,23467,22290,22048
NC_053038.3,489300000,0.873989,0.541257,489600000,21970,21266,20971
NC_053038.3,489600000,0.901604,0.531633,489900000,21503,21142,20792
NC_053038.3,489900000,0.872231,0.544067,490200000,20765,20374,19990
NC_053038.3,490200000,0.880667,0.53634,490500000,21688,21072,20665
NC_053038.3,490500000,0.89851,0.519947,490800000,22675,22092,21633
NC_053038.3,490800000,0.931942,0.54124,491100000,23797,22909,22799
NC_053038.3,491100000,0.909011,0.533453,491400000,17118,16360,16220
NC_053038.3,491400000,0.896066,0.544043,491700000,19521,19011,18769
NC_053038.3,491700000,0.879233,0.539977,492000000,23494,22802,22661
NC_053038.3,492000000,0.873538,0.543407,492300000,17428,17045,17205
NC_053038.3,492300000,0.903796,0.541517,492600000,16218,15846,15383
NC_053038.3,492600000,0.89889,0.542917,492900000,15324,14796,14574
NC_053038.3,492900000,0.912629,0.534,493200000,19885,19125,18896
NC_053038.3,493200000,0.927877,0.526573,493500000,14980,14669,14465
NC_053038.3,493500000,0.874116,0.539423,493800000,22044,22166,21558
NC_053038.3,493800000,0.934567,0.546927,494100000,15958,15499,15453
NC_053038.3,494100000,0.923125,0.53057,494400000,20670,20409,19704
NC_053038.3,494400000,0.87028,0.54858,494700000,14409,14381,14077
NC_053038.3,494700000,0.88826,0.530947,495000000,19716,19166,18834
NC_053038.3,495000000,0.921524,0.540993,495300000,16761,16668,16295
NC_053038.3,495300000,0.878386,0.54415,495600000,19111,18694,18765
NC_053038.3,495600000,0.884212,0.55422,495900000,14253,13941,13878
NC_053038.3,495900000,0.870957,0.536367,496200000,15235,15119,14826
NC_053038.3,496200000,0.906306,0.526377,496500000,21793,23041,20508
NC_053038.3,496500000,0.891856,0.547533,496800000,20601,34371,19793
NC_053038.3,496800000,0.871703,0.54003,497100000,13032,20676,12297
NC_053038.3,497100000,0.930137,0.550713,497400000,11442,19093,10906
NC_053038.3,497400000,0.930239,0.540093,497700000,7750,10624,7411
NC_053038.3,497700000,0.877946,0.546713,498000000,18300,29959,17746
NC_053038.3,498000000,0.896827,0.532073,498300000,18790,28277,17525
NC_053038.3,498300000,0.871103,0.554803,498600000,18216,30886,17305
NC_053038.3,498600000,0.89321,0.543337,498900000,21490,34520,20128
NC_053038.3,498900000,0.884414,0.55,499200000,14534,22885,13899
NC_053038.3,499200000,0.917506,0.533823,499500000,19982,32863,18795
NC_053038.3,499500000,0.945085,0.546127,499800000,16311,27691,15693
NC_053038.3,499800000,0.866058,0.545347,500100000,15561,23615,14873
NC_053038.3,500100000,0.847077,0.551433,500400000,16285,24566,15919
NC_053038.3,500400000,0.933316,0.543633,500700000,34428,38385,30636
NC_053038.3,500700000,0.885795,0.539627,501000000,9845,12780,9577
NC_053038.3,501000000,0.901927,0.550653,501300000,12669,16903,11686
NC_053038.3,501300000,0.894422,0.537493,501600000,12241,17349,11742
NC_053038.3,501600000,0.89801,0.534337,501900000,8811,12962,8455
NC_053038.3,501900000,0.794413,0.566817,502200000,16761,24447,17073
NC_053038.3,502200000,0.869063,0.56094,502500000,17187,26163,16273
NC_053038.3,502500000,0.911036,0.512663,502800000,15967,24939,15213
NC_053038.3,502800000,0.922912,0.53093,503100000,13793,23551,13431
NC_053038.3,503100000,0.899379,0.544193,503400000,16029,23675,15280
NC_053038.3,503400000,0.930782,0.52922,503700000,15251,23866,14588
NC_053038.3,503700000,0.892405,0.541633,504000000,13533,19596,12726
NC_053038.3,504000000,0.938232,0.52749,504300000,8298,12908,8016
NC_053038.3,504300000,0.902917,0.5402,504600000,13640,21546,13441
NC_053038.3,504600000,0.950831,0.533553,504900000,9582,15679,9379
NC_053038.3,504900000,0.935599,0.544013,505200000,8745,13410,8299
NC_053038.3,505200000,0.919588,0.540567,505500000,12456,19595,11878
NC_053038.3,505500000,0.936093,0.541637,505800000,17635,28848,16939
NC_053038.3,505800000,0.922555,0.54218,506100000,8752,13152,8556
NC_053038.3,506100000,0.873149,0.53197,506400000,8054,11368,7610
NC_053038.3,506400000,0.891166,0.53373,506700000,15037,22992,14437
NC_053038.3,506700000,0.919553,0.547373,507000000,14914,24733,14215
NC_053038.3,507000000,0.889191,0.51723,507300000,20341,35582,19965
NC_053038.3,507300000,0.931923,0.551377,507600000,16512,27027,15529
NC_053038.3,507600000,0.911355,0.54175,507900000,21261,36742,20582
NC_053038.3,507900000,0.875973,0.547037,508200000,16624,26724,15714
NC_053038.3,508200000,0.899044,0.545123,508500000,15869,26197,15401
NC_053038.3,508500000,0.879353,0.534607,508800000,21583,35907,20795
NC_053038.3,508800000,0.881539,0.544893,509100000,15760,24609,15383
NC_053038.3,509100000,0.943458,0.54198,509400000,16267,25505,15698
NC_053038.3,509400000,0.905464,0.524177,509700000,17446,28575,16834
NC_053038.3,509700000,0.706644,0.50476,510000000,12494,19513,11999
NC_053038.3,510000000,0.872014,0.550837,510300000,20870,35656,20341
NC_053038.3,510300000,0.891869,0.537397,510600000,21703,37747,20848
NC_053038.3,510600000,0.878186,0.53646,510900000,21633,37040,20545
NC_053038.3,510900000,0.920376,0.54174,511200000,20579,36692,20412
NC_053038.3,511200000,0.903783,0.557887,511500000,20658,36575,19987
NC_053038.3,511500000,0.916223,0.525403,511800000,21810,37545,21048
NC_053038.3,511800000,0.946371,0.540577,512100000,20476,36320,19493
NC_053038.3,512100000,0.911358,0.5388,512400000,12340,19283,11878
NC_053038.3,512400000,0.878823,0.553187,512700000,3028,3012,2936
NC_053038.3,512700000,0.950965,0.53755,513000000,5702,7171,5277
NC_053038.3,513000000,0.910384,0.54409,513300000,14096,23539,13566
NC_053038.3,513300000,0.90926,0.535963,513600000,20387,34989,19828
NC_053038.3,513600000,0.816168,0.570457,513900000,23059,38590,23051
NC_053038.3,513900000,0.815616,0.53151,514200000,18065,30639,17709
NC_053038.3,514200000,0.900165,0.546327,514500000,19921,32974,19408
NC_053038.3,514500000,0.890148,0.548857,514800000,10663,15278,10125
NC_053038.3,514800000,0.887984,0.543047,515100000,16299,24966,15575
NC_053038.3,515100000,0.927642,0.53577,515400000,5836,8505,5633
NC_053038.3,515400000,0.916542,0.526877,515700000,13053,20461,12455
NC_053038.3,515700000,0.878155,0.541217,516000000,17226,27817,16710
NC_053038.3,516000000,0.932134,0.551297,516300000,18768,30362,17854
NC_053038.3,516300000,0.880336,0.528683,516600000,13710,20586,13108
NC_053038.3,516600000,0.892134,0.55372,516900000,7278,8835,6697
NC_053038.3,516900000,0.915928,0.563143,517200000,11878,17426,11096
NC_053038.3,517200000,0.87193,0.537067,517500000,10266,15070,9422
NC_053038.3,517500000,0.925097,0.54526,517800000,16378,28194,15932
NC_053038.3,517800000,0.831321,0.53392,518100000,10900,14623,10244
NC_053038.3,518100000,0.955974,0.55054,518400000,19126,32928,18401
NC_053038.3,518400000,0.820098,0.53843,518700000,21931,35824,21504
NC_053038.3,518700000,0.824821,0.54066,519000000,18241,31071,17520
NC_053038.3,519000000,0.935462,0.53258,519300000,20839,32190,20148
NC_053038.3,519300000,0.883757,0.5447,519600000,16934,27282,16601
NC_053038.3,519600000,0.866691,0.541763,519900000,18767,32638,18414
NC_053038.3,519900000,0.903461,0.552373,520200000,16038,15685,15352
NC_053038.3,520200000,0.932739,0.561553,520500000,19831,19210,20206
NC_053038.3,520500000,0.857813,0.542787,520800000,19658,19170,19385
NC_053038.3,520800000,0.739582,0.547927,521100000,20475,20442,19659
NC_053038.3,521100000,0.89009,0.53935,521400000,16151,16116,16108
NC_053038.3,521400000,0.907194,0.550523,521700000,20011,19096,19320
NC_053038.3,521700000,0.943654,0.549597,522000000,16270,15724,15625
NC_053038.3,522000000,0.914873,0.53907,522300000,13110,12813,12685
NC_053038.3,522300000,0.920119,0.53955,522600000,11408,11566,11352
NC_053038.3,522600000,0.94572,0.544633,522900000,11669,11483,11240
NC_053038.3,522900000,0.922079,0.546383,523200000,11197,10767,10583
NC_053038.3,523200000,0.844128,0.56289,523500000,14074,13597,13541
NC_053038.3,523500000,0.91761,0.54067,523800000,18057,16685,17093
NC_053038.3,523800000,0.937326,0.544783,524100000,13549,13061,12904
NC_053038.3,524100000,0.810859,0.56183,524400000,9709,9340,9341
NC_053038.3,524400000,0.692087,0.567723,524700000,27141,26640,26159
NC_053038.3,524700000,0.82614,0.55025,525000000,22258,22145,21637
NC_053038.3,525000000,0.896005,0.542693,525300000,14303,13796,13528
NC_053038.3,525300000,0.812217,0.552657,525600000,18025,17251,17206
NC_053038.3,525600000,0.887002,0.552863,525900000,21968,21543,21188
NC_053038.3,525900000,0.902629,0.557157,526200000,19165,18748,18046
NC_053038.3,526200000,0.916329,0.544317,526500000,13680,13471,13542
NC_053038.3,526500000,0.944014,0.5503,526800000,19270,18237,18447
NC_053038.3,526800000,0.904164,0.541603,527100000,23497,22624,21829
NC_053038.3,527100000,0.8419,0.605203,527400000,17707,15869,17508
NC_053038.3,527400000,0.793972,0.546807,527700000,19929,19434,19292
NC_053038.3,527700000,0.842095,0.548397,528000000,25942,24992,24730
NC_053038.3,528000000,0.829481,0.53682,528300000,19362,19314,18830
NC_053038.3,528300000,0.897724,0.540353,528600000,13077,12510,12260
NC_053039.3,0,0.906459,0.564867,300000,41769,41542,40325
NC_053039.3,300000,0.857525,0.520197,600000,21116,20082,20106
NC_053039.3,600000,0.72435,0.51815,900000,13874,13906,13592
NC_053039.3,900000,0.941498,0.538037,1200000,17760,17100,16999
NC_053039.3,1200000,0.900454,0.529027,1500000,13200,12832,12529
NC_053039.3,1500000,0.927095,0.536283,1800000,14134,13409,13455
NC_053039.3,1800000,0.941627,0.541053,2100000,16024,15476,15249
NC_053039.3,2100000,0.934628,0.55572,2400000,15077,14509,14659
NC_053039.3,2400000,0.927454,0.547247,2700000,13239,13238,13032
NC_053039.3,2700000,0.70691,0.54889,3000000,8352,8153,7973
NC_053039.3,3000000,0.932879,0.544173,3300000,15687,14861,14624
NC_053039.3,3300000,0.891844,0.543267,3600000,14568,14721,14434
NC_053039.3,3600000,0.898592,0.528033,3900000,11440,11423,11160
NC_053039.3,3900000,0.90844,0.552087,4200000,9463,8870,9042
NC_053039.3,4200000,0.853117,0.56663,4500000,38494,41769,34287
NC_053039.3,4500000,0.869689,0.567823,4800000,49400,54893,44048
NC_053039.3,4800000,0.830007,0.540983,5100000,20520,20714,20246
NC_053039.3,5100000,0.900562,0.525263,5400000,15387,15311,15059
NC_053039.3,5400000,0.47878,0.5458,5700000,17941,17718,17228
NC_053039.3,5700000,0.656696,0.549357,6000000,14875,14884,14289
NC_053039.3,6000000,0.932258,0.5528,6300000,15953,15973,15378
NC_053039.3,6300000,0.926928,0.542783,6600000,4743,4850,4487
NC_053039.3,6600000,0.424241,0.550703,6900000,3262,3429,3455
NC_053039.3,6900000,0.362765,0.55324,7200000,2352,2396,2447
NC_053039.3,7200000,0.922635,0.545533,7500000,15763,15793,15392
NC_053039.3,7500000,0.892319,0.562847,7800000,23734,23231,22795
NC_053039.3,7800000,0.90977,0.552417,8100000,20048,19301,18984
NC_053039.3,8100000,0.947167,0.549723,8400000,24938,25594,23085
NC_053039.3,8400000,0.91629,0.53954,8700000,12810,12607,11962
NC_053039.3,8700000,0.866926,0.545293,9000000,22069,21560,21214
NC_053039.3,9000000,0.869287,0.52911,9300000,16950,16623,16308
NC_053039.3,9300000,0.86586,0.55345,9600000,19531,18989,18826
NC_053039.3,9600000,0.907894,0.558023,9900000,18789,18927,18442
NC_053039.3,9900000,0.892795,0.552403,10200000,16656,16213,16069
NC_053039.3,10200000,0.939231,0.536687,10500000,18821,18576,17856
NC_053039.3,10500000,0.924761,0.56335,10800000,19490,19383,18852
NC_053039.3,10800000,0.920408,0.528913,11100000,11832,11662,11790
NC_053039.3,11100000,0.90126,0.538183,11400000,13328,12904,12741
NC_053039.3,11400000,0.923105,0.522067,11700000,16817,16584,16452
NC_053039.3,11700000,0.879295,0.543423,12000000,11926,11472,11460
NC_053039.3,12000000,0.908913,0.549257,12300000,18390,18308,17981
NC_053039.3,12300000,0.939599,0.54587,12600000,13970,13820,13455
NC_053039.3,12600000,0.899798,0.536953,12900000,13597,12994,12994
NC_053039.3,12900000,0.771063,0.55165,13200000,13276,13983,13462
NC_053039.3,13200000,0.915841,0.530787,13500000,10899,10650,10467
NC_053039.3,13500000,0.856307,0.537027,13800000,10713,10085,9992
NC_053039.3,13800000,0.807771,0.543237,14100000,10908,10596,10577
NC_053039.3,14100000,0.881905,0.537973,14400000,13648,12991,12829
NC_053039.3,14400000,0.667985,0.52688,14700000,10501,10243,9904
NC_053039.3,14700000,0.852944,0.541797,15000000,12973,12906,12442
NC_053039.3,15000000,0.847905,0.54319,15300000,10444,10215,9773
NC_053039.3,15300000,0.875347,0.547677,15600000,11604,11845,11532
NC_053039.3,15600000,0.918593,0.546683,15900000,15256,14486,14494
NC_053039.3,15900000,0.893926,0.537507,16200000,10642,10508,10310
NC_053039.3,16200000,0.840123,0.561333,16500000,15342,15078,14582
NC_053039.3,16500000,0.90099,0.52988,16800000,16396,15746,15649
NC_053039.3,16800000,0.886511,0.522137,17100000,14687,14436,14352
NC_053039.3,17100000,0.904444,0.556397,17400000,14693,14341,13989
NC_053039.3,17400000,0.938988,0.540433,17700000,15928,15669,15292
NC_053039.3,17700000,0.886225,0.544013,18000000,17386,17168,16849
NC_053039.3,18000000,0.858086,0.537093,18300000,16929,16798,16322
NC_053039.3,18300000,0.89864,0.508967,18600000,18574,18540,17723
NC_053039.3,18600000,0.855926,0.549287,18900000,18394,17208,17526
NC_053039.3,18900000,0.84331,0.53449,19200000,12427,12406,11929
NC_053039.3,19200000,0.920014,0.48893,19500000,30533,31015,29552
NC_053039.3,19500000,0.566691,0.47767,19800000,159248,152469,151780
NC_053039.3,19800000,0.168292,0.436397,20100000,303891,286875,289692
NC_053039.3,20100000,0.665785,0.50362,20400000,193347,183451,185179
NC_053039.3,20400000,0.905007,0.522583,20700000,11496,10850,10763
NC_053039.3,20700000,0.83332,0.559763,21000000,14953,14211,15071
NC_053039.3,21000000,0.92768,0.529773,21300000,12746,12744,12423
NC_053039.3,21300000,0.863814,0.53123,21600000,11670,11315,11359
NC_053039.3,21600000,0.881026,0.54222,21900000,10633,10070,10089
NC_053039.3,21900000,0.90087,0.519973,22200000,11809,11278,11435
NC_053039.3,22200000,0.813877,0.54003,22500000,9951,9705,9904
NC_053039.3,22500000,0.894672,0.5296,22800000,10813,10476,10492
NC_053039.3,22800000,0.864743,0.53599,23100000,7638,6949,7069
NC_053039.3,23100000,0.931022,0.527407,23400000,4841,4117,4667
NC_053039.3,23400000,0.828777,0.54173,23700000,4764,4896,4861
NC_053039.3,23700000,0.89195,0.548163,24000000,8062,8098,7917
NC_053039.3,24000000,0.743152,0.534373,24300000,12480,12123,11942
NC_053039.3,24300000,0.881996,0.542397,24600000,18898,18625,18194
NC_053039.3,24600000,0.850035,0.536363,24900000,19608,19399,18938
NC_053039.3,24900000,0.868851,0.552283,25200000,21494,21854,21533
NC_053039.3,25200000,0.82253,0.534237,25500000,16366,15968,15855
NC_053039.3,25500000,0.913611,0.54703,25800000,11968,11762,11491
NC_053039.3,25800000,0.917028,0.529337,26100000,10524,10555,10554
NC_053039.3,26100000,0.94113,0.55766,26400000,27195,25737,25681
NC_053039.3,26400000,0.819619,0.54853,26700000,24544,22164,22307
NC_053039.3,26700000,0.874779,0.545547,27000000,16627,16306,16309
NC_053039.3,27000000,0.823576,0.572447,27300000,27842,27918,27023
NC_053039.3,27300000,0.905898,0.541537,27600000,13895,13664,13099
NC_053039.3,27600000,0.861684,0.536203,27900000,18050,17078,17527
NC_053039.3,27900000,0.879396,0.5308,28200000,11614,11305,11134
NC_053039.3,28200000,0.928983,0.527947,28500000,18741,18351,18285
NC_053039.3,28500000,0.884065,0.54308,28800000,20119,20098,19639
NC_053039.3,28800000,0.921158,0.53095,29100000,23023,23298,22846
NC_053039.3,29100000,0.904805,0.52424,29400000,18267,17422,17372
NC_053039.3,29400000,0.732247,0.615977,29700000,11609,11209,11144
NC_053039.3,29700000,0.881695,0.526057,30000000,15664,15427,14845
NC_053039.3,30000000,0.780774,0.53161,30300000,15734,14936,15192
NC_053039.3,30300000,0.8738,0.534387,30600000,12623,12309,11984
NC_053039.3,30600000,0.854976,0.556967,30900000,19697,17777,18617
NC_053039.3,30900000,0.881422,0.53771,31200000,14135,13860,13409
NC_053039.3,31200000,0.878639,0.528967,31500000,20984,20521,19860
NC_053039.3,31500000,0.867297,0.54425,31800000,19924,19346,19113
NC_053039.3,31800000,0.900753,0.52942,32100000,17393,16693,16742
NC_053039.3,32100000,0.919373,0.535437,32400000,15487,15492,15007
NC_053039.3,32400000,0.871384,0.549133,32700000,16356,16672,16220
NC_053039.3,32700000,0.886325,0.53757,33000000,15509,14938,14794
NC_053039.3,33000000,0.839863,0.552803,33300000,20937,20683,20407
NC_053039.3,33300000,0.862387,0.5316,33600000,20594,20117,19685
NC_053039.3,33600000,0.853652,0.541547,33900000,18753,18785,18274
NC_053039.3,33900000,0.894807,0.538753,34200000,26606,26902,25132
NC_053039.3,34200000,0.890983,0.53714,34500000,22188,22119,21466
NC_053039.3,34500000,0.840255,0.54182,34800000,22441,21397,21938
NC_053039.3,34800000,0.963662,0.536077,35100000,20755,20141,20080
NC_053039.3,35100000,0.905734,0.495283,35400000,18279,17857,17333
NC_053039.3,35400000,0.936237,0.537033,35700000,21275,20616,20242
NC_053039.3,35700000,0.945452,0.549203,36000000,20129,19304,18746
NC_053039.3,36000000,0.898938,0.53903,36300000,21483,20807,20489
NC_053039.3,36300000,0.88726,0.546933,36600000,20057,20418,19660
NC_053039.3,36600000,0.938907,0.534717,36900000,19992,19606,19268
NC_053039.3,36900000,0.902575,0.526413,37200000,22457,21913,21582
NC_053039.3,37200000,0.924634,0.535067,37500000,18849,18517,18083
NC_053039.3,37500000,0.928,0.541423,37800000,16666,16371,16123
NC_053039.3,37800000,0.882266,0.539853,38100000,18936,17995,17950
NC_053039.3,38100000,0.863003,0.549173,38400000,15628,15418,14967
NC_053039.3,38400000,0.596408,0.549637,38700000,16508,16084,16067
NC_053039.3,38700000,0.78144,0.528243,39000000,19076,18730,17934
NC_053039.3,39000000,0.822467,0.549297,39300000,19061,19646,18771
NC_053039.3,39300000,0.889268,0.540383,39600000,17545,16934,16714
NC_053039.3,39600000,0.760622,0.539023,39900000,13376,12898,12456
NC_053039.3,39900000,0.909775,0.557983,40200000,14172,13795,13348
NC_053039.3,40200000,0.875877,0.546277,40500000,12421,12113,11937
NC_053039.3,40500000,0.91801,0.531097,40800000,13613,13215,12826
NC_053039.3,40800000,0.912475,0.557637,41100000,16096,15533,15195
NC_053039.3,41100000,0.912413,0.55001,41400000,18775,18206,18133
NC_053039.3,41400000,0.896068,0.522273,41700000,18979,18892,18210
NC_053039.3,41700000,0.828082,0.5451,42000000,11922,11216,11296
NC_053039.3,42000000,0.930856,0.545113,42300000,13565,13175,13150
NC_053039.3,42300000,0.956166,0.55339,42600000,9804,9394,9294
NC_053039.3,42600000,0.909719,0.52767,42900000,12213,11953,11759
NC_053039.3,42900000,0.93661,0.535277,43200000,23527,22911,22145
NC_053039.3,43200000,0.933168,0.535503,43500000,18409,18288,17911
NC_053039.3,43500000,0.895258,0.523457,43800000,20576,19707,19521
NC_053039.3,43800000,0.896729,0.529917,44100000,19877,19392,19173
NC_053039.3,44100000,0.946272,0.526397,44400000,9588,9197,9008
NC_053039.3,44400000,0.940756,0.53389,44700000,9196,8951,8673
NC_053039.3,44700000,0.873007,0.53031,45000000,19134,18568,18016
NC_053039.3,45000000,0.920094,0.539217,45300000,9719,9689,9263
NC_053039.3,45300000,0.886012,0.550987,45600000,18197,18056,17587
NC_053039.3,45600000,0.876969,0.532633,45900000,18594,18390,17696
NC_053039.3,45900000,0.873982,0.534743,46200000,21268,20942,20383
NC_053039.3,46200000,0.921809,0.550293,46500000,21085,20884,20382
NC_053039.3,46500000,0.925785,0.531073,46800000,19318,19002,18720
NC_053039.3,46800000,0.912095,0.538277,47100000,16081,16030,15849
NC_053039.3,47100000,0.888319,0.54134,47400000,16841,16979,16551
NC_053039.3,47400000,0.876414,0.527173,47700000,17769,17400,17006
NC_053039.3,47700000,0.898618,0.534217,48000000,18633,18436,17999
NC_053039.3,48000000,0.905908,0.523617,48300000,19658,18692,18423
NC_053039.3,48300000,0.923736,0.52839,48600000,19383,19491,18752
NC_053039.3,48600000,0.865817,0.52465,48900000,16245,16372,15849
NC_053039.3,48900000,0.900965,0.544087,49200000,19745,19347,18883
NC_053039.3,49200000,0.833079,0.551027,49500000,21044,20622,20153
NC_053039.3,49500000,0.929297,0.545577,49800000,19413,18726,18447
NC_053039.3,49800000,0.84886,0.545877,50100000,15940,15612,15265
NC_053039.3,50100000,0.84225,0.55145,50400000,19760,19633,18975
NC_053039.3,50400000,0.928948,0.55361,50700000,15339,15091,14900
NC_053039.3,50700000,0.862515,0.535607,51000000,21007,20748,20146
NC_053039.3,51000000,0.925708,0.548587,51300000,21862,20790,20534
NC_053039.3,51300000,0.920903,0.55551,51600000,20012,19600,19054
NC_053039.3,51600000,0.887192,0.54765,51900000,20785,20709,19948
NC_053039.3,51900000,0.920222,0.52257,52200000,19991,19439,19301
NC_053039.3,52200000,0.898831,0.512783,52500000,18542,18247,17967
NC_053039.3,52500000,0.909182,0.551103,52800000,19964,19457,18956
NC_053039.3,52800000,0.909399,0.53568,53100000,18574,18190,18208
NC_053039.3,53100000,0.948774,0.540917,53400000,22621,22050,21959
NC_053039.3,53400000,0.893312,0.541487,53700000,19850,18741,18775
NC_053039.3,53700000,0.849624,0.531403,54000000,18121,18082,17441
NC_053039.3,54000000,0.915702,0.545567,54300000,20714,20033,19918
NC_053039.3,54300000,0.893668,0.549763,54600000,20266,20335,19611
NC_053039.3,54600000,0.908437,0.548983,54900000,18408,18150,17869
NC_053039.3,54900000,0.9042,0.539447,55200000,19364,19090,18331
NC_053039.3,55200000,0.931758,0.539117,55500000,20215,19559,19412
NC_053039.3,55500000,0.902653,0.544263,55800000,19984,19292,19253
NC_053039.3,55800000,0.936366,0.537513,56100000,19714,19239,19208
NC_053039.3,56100000,0.890817,0.54421,56400000,21934,21252,20671
NC_053039.3,56400000,0.912583,0.54311,56700000,41944,37499,38130
NC_053039.3,56700000,0.905343,0.51685,57000000,23783,20452,22415
NC_053039.3,57000000,0.919011,0.533353,57300000,23228,22159,22114
NC_053039.3,57300000,0.93268,0.541803,57600000,23347,22456,22211
NC_053039.3,57600000,0.884637,0.54739,57900000,19319,18757,18344
NC_053039.3,57900000,0.927338,0.550323,58200000,20086,19465,19406
NC_053039.3,58200000,0.898977,0.516683,58500000,20320,20041,19339
NC_053039.3,58500000,0.776546,0.530747,58800000,18503,18128,18136
NC_053039.3,58800000,0.929817,0.550643,59100000,16719,16654,16436
NC_053039.3,59100000,0.932886,0.533813,59400000,17062,16383,16030
NC_053039.3,59400000,0.951659,0.5325,59700000,19775,19833,19141
NC_053039.3,59700000,0.926569,0.54177,60000000,18237,17823,17542
NC_053039.3,60000000,0.922044,0.554207,60300000,13737,13106,13148
NC_053039.3,60300000,0.918215,0.537987,60600000,11594,10854,10872
NC_053039.3,60600000,0.892614,0.547083,60900000,21226,20923,20505
NC_053039.3,60900000,0.860992,0.543163,61200000,18523,18026,17811
NC_053039.3,61200000,0.84366,0.53879,61500000,9714,9267,9242
NC_053039.3,61500000,0.89989,0.545637,61800000,11010,10440,10492
NC_053039.3,61800000,0.90837,0.53863,62100000,19402,19052,19072
NC_053039.3,62100000,0.863428,0.532673,62400000,21751,21272,21261
NC_053039.3,62400000,0.913773,0.534493,62700000,21557,20946,20820
NC_053039.3,62700000,0.941704,0.536987,63000000,19945,19529,18976
NC_053039.3,63000000,0.945828,0.53534,63300000,11787,11260,11238
NC_053039.3,63300000,0.843427,0.545397,63600000,19841,19350,18976
NC_053039.3,63600000,0.801757,0.537163,63900000,16996,16912,16674
NC_053039.3,63900000,0.894968,0.545813,64200000,16889,16262,16079
NC_053039.3,64200000,0.931187,0.536693,64500000,18334,18003,17449
NC_053039.3,64500000,0.922738,0.542687,64800000,18975,18308,18495
NC_053039.3,64800000,0.917913,0.534583,65100000,20500,20180,19696
NC_053039.3,65100000,0.86574,0.529347,65400000,21458,21936,21034
NC_053039.3,65400000,0.868143,0.54976,65700000,20518,19432,19471
NC_053039.3,65700000,0.929131,0.573187,66000000,20414,19960,19630
NC_053039.3,66000000,0.915921,0.533227,66300000,20002,19557,18958
NC_053039.3,66300000,0.909533,0.539343,66600000,19087,19100,18137
NC_053039.3,66600000,0.85567,0.53192,66900000,21225,21150,20413
NC_053039.3,66900000,0.893566,0.54479,67200000,21278,20864,20469
NC_053039.3,67200000,0.91931,0.558043,67500000,18846,18018,18039
NC_053039.3,67500000,0.878163,0.53542,67800000,19454,18831,18470
NC_053039.3,67800000,0.940108,0.527547,68100000,18912,18288,18452
NC_053039.3,68100000,0.940426,0.526973,68400000,18613,18279,17723
NC_053039.3,68400000,0.900938,0.524453,68700000,19104,18510,18220
NC_053039.3,68700000,0.949264,0.521317,69000000,18338,17727,17304
NC_053039.3,69000000,0.911156,0.512107,69300000,18340,17937,17117
NC_053039.3,69300000,0.857843,0.539673,69600000,19303,19334,19147
NC_053039.3,69600000,0.925609,0.532617,69900000,19770,18813,18590
NC_053039.3,69900000,0.93217,0.537663,70200000,17900,17030,16968
NC_053039.3,70200000,0.921803,0.52729,70500000,20428,19837,19428
NC_053039.3,70500000,0.928627,0.538333,70800000,18689,18395,18131
NC_053039.3,70800000,0.891315,0.549663,71100000,18319,18196,17945
NC_053039.3,71100000,0.896152,0.546597,71400000,20077,19341,19064
NC_053039.3,71400000,0.892604,0.536017,71700000,21680,21185,20554
NC_053039.3,71700000,0.847108,0.518967,72000000,20669,20045,19815
NC_053039.3,72000000,0.869384,0.53147,72300000,22110,21432,21070
NC_053039.3,72300000,0.859462,0.52963,72600000,20940,20344,20075
NC_053039.3,72600000,0.878692,0.54213,72900000,21687,20984,20470
NC_053039.3,72900000,0.888429,0.527337,73200000,20900,20494,19927
NC_053039.3,73200000,0.887247,0.530963,73500000,20938,20213,19974
NC_053039.3,73500000,0.883069,0.537513,73800000,21324,21070,20546
NC_053039.3,73800000,0.885405,0.548187,74100000,21547,20706,20343
NC_053039.3,74100000,0.858158,0.547203,74400000,20481,19898,19510
NC_053039.3,74400000,0.663802,0.51989,74700000,24089,23814,22918
NC_053039.3,74700000,0.473804,0.52645,75000000,18805,18590,17938
NC_053039.3,75000000,0.456424,0.525853,75300000,27923,27803,26488
NC_053039.3,75300000,0.779518,0.52551,75600000,19795,19528,19216
NC_053039.3,75600000,0.87062,0.542843,75900000,20799,20286,19901
NC_053039.3,75900000,0.936523,0.533753,76200000,20814,20443,20280
NC_053039.3,76200000,0.925569,0.525047,76500000,19986,19783,19437
NC_053039.3,76500000,0.924736,0.539337,76800000,19362,18937,18460
NC_053039.3,76800000,0.915029,0.537763,77100000,19561,18603,18796
NC_053039.3,77100000,0.902083,0.53945,77400000,18198,17586,17257
NC_053039.3,77400000,0.917433,0.521173,77700000,20908,20112,19709
NC_053039.3,77700000,0.925899,0.533473,78000000,18950,18731,18458
NC_053039.3,78000000,0.90187,0.549123,78300000,21021,20274,19820
NC_053039.3,78300000,0.948051,0.530593,78600000,19606,18911,18787
NC_053039.3,78600000,0.911412,0.528763,78900000,19529,19394,18763
NC_053039.3,78900000,0.892795,0.522497,79200000,20638,19958,19541
NC_053039.3,79200000,0.891891,0.55053,79500000,20089,19437,19156
NC_053039.3,79500000,0.913253,0.528823,79800000,20458,19889,19694
NC_053039.3,79800000,0.897615,0.556177,80100000,20193,19284,19102
NC_053039.3,80100000,0.82752,0.523433,80400000,20625,20102,19928
NC_053039.3,80400000,0.889601,0.51622,80700000,18595,18269,17944
NC_053039.3,80700000,0.890657,0.537567,81000000,18060,17730,17428
NC_053039.3,81000000,0.936826,0.529023,81300000,20541,19922,19795
NC_053039.3,81300000,0.901316,0.525883,81600000,18993,18359,18002
NC_053039.3,81600000,0.84107,0.54183,81900000,19331,19025,18777
NC_053039.3,81900000,0.897672,0.557163,82200000,19852,19328,19056
NC_053039.3,82200000,0.876137,0.542747,82500000,20845,20007,19607
NC_053039.3,82500000,0.865192,0.536553,82800000,19870,19752,19187
NC_053039.3,82800000,0.935165,0.52051,83100000,22358,21702,20844
NC_053039.3,83100000,0.907762,0.554447,83400000,19791,19481,19326
NC_053039.3,83400000,0.934562,0.520303,83700000,19979,19598,18933
NC_053039.3,83700000,0.93505,0.514707,84000000,21687,21094,20573
NC_053039.3,84000000,0.883561,0.54038,84300000,20591,20294,19829
NC_053039.3,84300000,0.844398,0.547027,84600000,19319,19022,18784
NC_053039.3,84600000,0.899602,0.552863,84900000,20244,19979,19255
NC_053039.3,84900000,0.943426,0.50776,85200000,20084,19453,19156
NC_053039.3,85200000,0.915666,0.540243,85500000,20766,20292,20017
NC_053039.3,85500000,0.91284,0.52729,85800000,18066,17855,17503
NC_053039.3,85800000,0.856203,0.538167,86100000,21096,20272,19964
NC_053039.3,86100000,0.876241,0.530003,86400000,21026,20269,19666
NC_053039.3,86400000,0.888523,0.52795,86700000,18964,19091,18710
NC_053039.3,86700000,0.920874,0.521737,87000000,18256,17874,17350
NC_053039.3,87000000,0.909316,0.532577,87300000,18861,18532,17806
NC_053039.3,87300000,0.938878,0.515427,87600000,16240,16105,15553
NC_053039.3,87600000,0.922317,0.523383,87900000,20483,19874,19500
NC_053039.3,87900000,0.919529,0.520617,88200000,20087,19666,19253
NC_053039.3,88200000,0.936777,0.55279,88500000,19619,18900,18684
NC_053039.3,88500000,0.930284,0.541577,88800000,19236,18875,18191
NC_053039.3,88800000,0.912136,0.542373,89100000,21065,20043,19916
NC_053039.3,89100000,0.917377,0.528107,89400000,26970,24602,24973
NC_053039.3,89400000,0.915906,0.55487,89700000,24439,22914,22705
NC_053039.3,89700000,0.944611,0.53797,90000000,22781,21190,21151
NC_053039.3,90000000,0.936062,0.51103,90300000,23536,21946,21522
NC_053039.3,90300000,0.915064,0.51776,90600000,21142,20698,20326
NC_053039.3,90600000,0.933849,0.554937,90900000,24111,22756,22780
NC_053039.3,90900000,0.946182,0.54472,91200000,21409,21503,20241
NC_053039.3,91200000,0.898764,0.535837,91500000,20597,19779,19552
NC_053039.3,91500000,0.85219,0.530933,91800000,20665,19697,19439
NC_053039.3,91800000,0.871612,0.549797,92100000,19087,18970,18641
NC_053039.3,92100000,0.953797,0.556203,92400000,18942,18498,18231
NC_053039.3,92400000,0.888208,0.543777,92700000,19700,19023,18710
NC_053039.3,92700000,0.945624,0.538383,93000000,20652,20228,19842
NC_053039.3,93000000,0.907277,0.532983,93300000,19593,18951,18560
NC_053039.3,93300000,0.948613,0.511307,93600000,22551,21810,21360
NC_053039.3,93600000,0.895942,0.496483,93900000,19650,19061,18722
NC_053039.3,93900000,0.916421,0.538727,94200000,19497,18910,18658
NC_053039.3,94200000,0.906443,0.547067,94500000,20286,19889,19578
NC_053039.3,94500000,0.895882,0.538417,94800000,20857,19909,19977
NC_053039.3,94800000,0.917782,0.552477,95100000,20553,19767,19677
NC_053039.3,95100000,0.856642,0.543353,95400000,19066,18743,18277
NC_053039.3,95400000,0.890235,0.54813,95700000,19933,19833,19465
NC_053039.3,95700000,0.884863,0.543887,96000000,19803,19608,19129
NC_053039.3,96000000,0.909375,0.532137,96300000,20626,20160,19867
NC_053039.3,96300000,0.901017,0.535823,96600000,20714,20230,20102
NC_053039.3,96600000,0.948223,0.526103,96900000,19968,19223,18221
NC_053039.3,96900000,0.907319,0.54529,97200000,20119,19351,19408
NC_053039.3,97200000,0.920532,0.517063,97500000,20018,19040,19005
NC_053039.3,97500000,0.95331,0.526757,97800000,20373,19873,19397
NC_053039.3,97800000,0.872012,0.54652,98100000,20995,20534,20359
NC_053039.3,98100000,0.901095,0.533223,98400000,19697,19285,19229
NC_053039.3,98400000,0.909325,0.5411,98700000,20034,19167,18948
NC_053039.3,98700000,0.891777,0.523213,99000000,18495,18534,17921
NC_053039.3,99000000,0.943783,0.536427,99300000,19979,19427,18977
NC_053039.3,99300000,0.91089,0.54893,99600000,19689,19136,18792
NC_053039.3,99600000,0.9238,0.520853,99900000,20687,20110,19707
NC_053039.3,99900000,0.847632,0.53863,100200000,19960,19571,19474
NC_053039.3,100200000,0.945155,0.550383,100500000,18855,18591,18339
NC_053039.3,100500000,0.93166,0.52413,100800000,20137,19805,19100
NC_053039.3,100800000,0.896284,0.519147,101100000,21740,21086,20686
NC_053039.3,101100000,0.837455,0.534863,101400000,20640,20429,19592
NC_053039.3,101400000,0.902599,0.53295,101700000,20936,20390,19558
NC_053039.3,101700000,0.891479,0.545853,102000000,20063,19518,19327
NC_053039.3,102000000,0.907606,0.53417,102300000,19469,18970,18572
NC_053039.3,102300000,0.926404,0.526387,102600000,19372,19014,18329
NC_053039.3,102600000,0.881395,0.533623,102900000,20576,20156,19959
NC_053039.3,102900000,0.885589,0.505373,103200000,20220,19659,19264
NC_053039.3,103200000,0.859607,0.534593,103500000,20370,20507,20066
NC_053039.3,103500000,0.909664,0.533673,103800000,19921,19282,19266
NC_053039.3,103800000,0.943519,0.533413,104100000,20832,20362,19575
NC_053039.3,104100000,0.899115,0.552603,104400000,18798,18695,18159
NC_053039.3,104400000,0.939564,0.53229,104700000,19689,19313,19170
NC_053039.3,104700000,0.910887,0.559053,105000000,19313,19314,18950
NC_053039.3,105000000,0.894055,0.557517,105300000,18682,18339,18078
NC_053039.3,105300000,0.903719,0.53579,105600000,22382,21546,21224
NC_053039.3,105600000,0.949728,0.546623,105900000,20013,19896,19452
NC_053039.3,105900000,0.917011,0.546157,106200000,21477,20775,20634
NC_053039.3,106200000,0.918863,0.545803,106500000,20120,19803,19464
NC_053039.3,106500000,0.80883,0.518323,106800000,17977,18034,17454
NC_053039.3,106800000,0.918886,0.53353,107100000,18814,18327,18063
NC_053039.3,107100000,0.909544,0.527403,107400000,20013,19263,19138
NC_053039.3,107400000,0.910346,0.541413,107700000,20347,19852,19028
NC_053039.3,107700000,0.852811,0.540163,108000000,19828,19368,19187
NC_053039.3,108000000,0.864795,0.55385,108300000,19085,19050,18810
NC_053039.3,108300000,0.836083,0.550043,108600000,19873,19326,19160
NC_053039.3,108600000,0.90248,0.515593,108900000,21610,20495,20019
NC_053039.3,108900000,0.914054,0.551397,109200000,20948,20115,19951
NC_053039.3,109200000,0.922073,0.520393,109500000,19075,18630,18280
NC_053039.3,109500000,0.872099,0.526807,109800000,20095,19488,19247
NC_053039.3,109800000,0.710782,0.392413,110100000,14273,14206,13800
NC_053039.3,110100000,0.948376,0.52699,110400000,20010,19259,18794
NC_053039.3,110400000,0.932958,0.531083,110700000,20053,19940,18996
NC_053039.3,110700000,0.845814,0.51964,111000000,19136,18889,18379
NC_053039.3,111000000,0.927073,0.53072,111300000,19328,19106,18604
NC_053039.3,111300000,0.907752,0.550767,111600000,19991,19112,19457
NC_053039.3,111600000,0.896917,0.5518,111900000,19970,19744,19000
NC_053039.3,111900000,0.931444,0.539037,112200000,20266,19848,19467
NC_053039.3,112200000,0.894385,0.541497,112500000,20320,20454,19822
NC_053039.3,112500000,0.941958,0.5246,112800000,19612,19373,18620
NC_053039.3,112800000,0.916364,0.541493,113100000,19017,18605,18337
NC_053039.3,113100000,0.650373,0.647727,113400000,8271,8147,10528
NC_053039.3,113400000,0.894658,0.517123,113700000,23249,23272,21889
NC_053039.3,113700000,0.915281,0.53838,114000000,20478,20027,19525
NC_053039.3,114000000,0.923322,0.5199,114300000,22294,21173,20901
NC_053039.3,114300000,0.947192,0.5368,114600000,19704,19351,19004
NC_053039.3,114600000,0.900868,0.530697,114900000,20746,20066,19857
NC_053039.3,114900000,0.839048,0.516877,115200000,21461,20950,20637
NC_053039.3,115200000,0.935295,0.547147,115500000,20432,20092,19364
NC_053039.3,115500000,0.934883,0.542727,115800000,20095,19603,19060
NC_053039.3,115800000,0.891813,0.542327,116100000,22665,21835,21548
NC_053039.3,116100000,0.980588,0.513263,116400000,20274,19713,19354
NC_053039.3,116400000,0.891687,0.53679,116700000,21064,20319,20162
NC_053039.3,116700000,0.912786,0.50618,117000000,20417,19735,19377
NC_053039.3,117000000,0.86682,0.542823,117300000,20424,19927,19284
NC_053039.3,117300000,0.932315,0.54514,117600000,21612,21194,20950
NC_053039.3,117600000,0.895196,0.547593,117900000,19473,18866,18302
NC_053039.3,117900000,0.895411,0.56199,118200000,21610,20827,20467
NC_053039.3,118200000,0.916518,0.53448,118500000,22630,21624,21476
NC_053039.3,118500000,0.850276,0.5361,118800000,20333,20554,20154
NC_053039.3,118800000,0.951642,0.55062,119100000,21410,20619,20565
NC_053039.3,119100000,0.956074,0.54078,119400000,19823,19114,19229
NC_053039.3,119400000,0.884355,0.55125,119700000,18300,18149,17350
NC_053039.3,119700000,0.884436,0.548927,120000000,20467,20032,19481
NC_053039.3,120000000,0.949476,0.514987,120300000,20983,19989,19756
NC_053039.3,120300000,0.927671,0.530053,120600000,20539,19962,19847
NC_053039.3,120600000,0.951704,0.51623,120900000,19723,19236,19113
NC_053039.3,120900000,0.914623,0.541857,121200000,20556,20250,19772
NC_053039.3,121200000,0.946528,0.55384,121500000,20526,19749,19473
NC_053039.3,121500000,0.932963,0.535223,121800000,20712,20020,20245
NC_053039.3,121800000,0.894032,0.513397,122100000,19901,18935,18794
NC_053039.3,122100000,0.937746,0.543037,122400000,20739,19944,19367
NC_053039.3,122400000,0.910363,0.537137,122700000,20507,19833,19640
NC_053039.3,122700000,0.897566,0.531603,123000000,20684,19976,19742
NC_053039.3,123000000,0.859216,0.542707,123300000,21671,21304,20615
NC_053039.3,123300000,0.930927,0.55228,123600000,20535,20015,19765
NC_053039.3,123600000,0.892793,0.529597,123900000,17722,17493,16743
NC_053039.3,123900000,0.944729,0.49917,124200000,18033,17282,16966
NC_053039.3,124200000,0.93393,0.544763,124500000,20034,19029,19006
NC_053039.3,124500000,0.893173,0.54656,124800000,21406,20298,20248
NC_053039.3,124800000,0.952437,0.539807,125100000,20304,19430,19142
NC_053039.3,125100000,0.774883,0.56419,125400000,16149,15465,15366
NC_053039.3,125400000,0.918613,0.528887,125700000,19283,19303,18626
NC_053039.3,125700000,0.920334,0.535427,126000000,19904,19189,19064
NC_053039.3,126000000,0.91842,0.531313,126300000,20677,19666,19728
NC_053039.3,126300000,0.943307,0.535267,126600000,20494,20186,19595
NC_053039.3,126600000,0.923276,0.54911,126900000,19311,18906,18715
NC_053039.3,126900000,0.902603,0.50922,127200000,18807,18613,18273
NC_053039.3,127200000,0.799981,0.551357,127500000,19848,19103,18734
NC_053039.3,127500000,0.86686,0.52541,127800000,23888,23095,23099
NC_053039.3,127800000,0.909629,0.55742,128100000,22819,21838,21787
NC_053039.3,128100000,0.944216,0.54381,128400000,25187,23346,23150
NC_053039.3,128400000,0.896646,0.518277,128700000,19865,19563,18955
NC_053039.3,128700000,0.913513,0.540797,129000000,21685,20623,20458
NC_053039.3,129000000,0.810368,0.51498,129300000,18241,17715,17554
NC_053039.3,129300000,0.904265,0.557313,129600000,20083,20273,19800
NC_053039.3,129600000,0.910911,0.52696,129900000,21244,21189,20494
NC_053039.3,129900000,0.87904,0.529623,130200000,23470,22466,22491
NC_053039.3,130200000,0.90633,0.548547,130500000,21125,20276,19864
NC_053039.3,130500000,0.899529,0.544747,130800000,19428,19175,18771
NC_053039.3,130800000,0.903155,0.540333,131100000,19939,19497,19284
NC_053039.3,131100000,0.934875,0.5381,131400000,19966,19293,18978
NC_053039.3,131400000,0.903144,0.544023,131700000,19733,19406,18946
NC_053039.3,131700000,0.906432,0.54028,132000000,20803,19996,19816
NC_053039.3,132000000,0.902395,0.53999,132300000,20803,19790,19604
NC_053039.3,132300000,0.924283,0.548033,132600000,19772,18907,18482
NC_053039.3,132600000,0.883712,0.501907,132900000,18897,18450,17990
NC_053039.3,132900000,0.837378,0.53419,133200000,19989,20416,19800
NC_053039.3,133200000,0.951509,0.539877,133500000,18282,17931,17507
NC_053039.3,133500000,0.973821,0.5321,133800000,19401,19124,18646
NC_053039.3,133800000,0.896626,0.537103,134100000,20545,20267,19813
NC_053039.3,134100000,0.900878,0.553103,134400000,20967,20345,20136
NC_053039.3,134400000,0.93852,0.54013,134700000,20372,19846,19664
NC_053039.3,134700000,0.891956,0.53671,135000000,18999,18695,18220
NC_053039.3,135000000,0.923265,0.494367,135300000,21162,20143,19362
NC_053039.3,135300000,0.84684,0.544693,135600000,20642,20256,20071
NC_053039.3,135600000,0.893116,0.535013,135900000,19509,19138,18655
NC_053039.3,135900000,0.924274,0.523953,136200000,19983,19359,19228
NC_053039.3,136200000,0.927073,0.5193,136500000,17178,16857,16538
NC_053039.3,136500000,0.883667,0.548727,136800000,19002,18695,18262
NC_053039.3,136800000,0.932019,0.536143,137100000,20161,19412,19295
NC_053039.3,137100000,0.923114,0.5424,137400000,20194,19574,19197
NC_053039.3,137400000,0.854176,0.54818,137700000,18910,18915,18959
NC_053039.3,137700000,0.94576,0.53747,138000000,19835,19671,19168
NC_053039.3,138000000,0.884177,0.526923,138300000,19919,19686,19421
NC_053039.3,138300000,0.923719,0.533753,138600000,20300,19834,19299
NC_053039.3,138600000,0.932933,0.544997,138900000,19736,18502,18567
NC_053039.3,138900000,0.958759,0.54477,139200000,20711,20504,19553
NC_053039.3,139200000,0.925935,0.551783,139500000,19645,19019,18454
NC_053039.3,139500000,0.932657,0.534083,139800000,20766,19756,19538
NC_053039.3,139800000,0.893471,0.53356,140100000,20745,19633,20112
NC_053039.3,140100000,0.928521,0.52514,140400000,19552,19167,18713
NC_053039.3,140400000,0.851311,0.53283,140700000,19630,19771,18876
NC_053039.3,140700000,0.965383,0.524807,141000000,19585,19149,19100
NC_053039.3,141000000,0.942329,0.521393,141300000,21183,20318,19957
NC_053039.3,141300000,0.951697,0.53487,141600000,19606,18875,18820
NC_053039.3,141600000,0.908322,0.496937,141900000,17504,17561,16957
NC_053039.3,141900000,0.903994,0.512827,142200000,19496,18691,18139
NC_053039.3,142200000,0.894622,0.530073,142500000,19753,19333,18908
NC_053039.3,142500000,0.902122,0.534423,142800000,20562,20325,20021
NC_053039.3,142800000,0.910222,0.525117,143100000,20114,19346,19372
NC_053039.3,143100000,0.848611,0.53452,143400000,19946,19264,18948
NC_053039.3,143400000,0.925907,0.530123,143700000,19446,18790,18934
NC_053039.3,143700000,0.691043,0.608787,144000000,14893,14853,17796
NC_053039.3,144000000,0.491425,0.68595,144300000,5660,5381,9099
NC_053039.3,144300000,0.579145,0.687907,144600000,6647,6629,11110
NC_053039.3,144600000,0.471631,0.682767,144900000,3629,3521,5881
NC_053039.3,144900000,0.430687,0.69196,145200000,3749,3611,6324
NC_053039.3,145200000,0.514019,0.699827,145500000,9815,10023,17377
NC_053039.3,145500000,0.532615,0.68767,145800000,1931,1860,3046
NC_053039.3,145800000,0.483777,0.68973,146100000,6190,7450,10119
NC_053039.3,146100000,0.742626,0.640617,146400000,8939,8843,11048
NC_053039.3,146400000,0.689184,0.617593,146700000,11719,11674,12181
NC_053039.3,146700000,0.799565,0.597197,147000000,16812,16945,16720
NC_053039.3,147000000,0.696267,0.603403,147300000,12712,13516,13030
NC_053039.3,147300000,0.706726,0.602107,147600000,11791,12599,12251
NC_053039.3,147600000,0.73298,0.601557,147900000,15320,15972,15892
NC_053039.3,147900000,0.722156,0.603817,148200000,15009,15975,15382
NC_053039.3,148200000,0.711829,0.588817,148500000,15098,15767,15873
NC_053039.3,148500000,0.680451,0.591833,148800000,18024,18681,18076
NC_053039.3,148800000,0.920429,0.515343,149100000,19852,19323,19069
NC_053039.3,149100000,0.926566,0.509613,149400000,20169,19686,19180
NC_053039.3,149400000,0.950068,0.53054,149700000,18876,18684,17787
NC_053039.3,149700000,0.920922,0.50513,150000000,20162,19798,19067
NC_053039.3,150000000,0.889324,0.496783,150300000,18284,18215,17503
NC_053039.3,150300000,0.915517,0.50763,150600000,21890,20731,20703
NC_053039.3,150600000,0.856365,0.466923,150900000,19207,18723,18160
NC_053039.3,150900000,0.844214,0.480503,151200000,21498,21446,20286
NC_053039.3,151200000,0.848315,0.57994,151500000,20361,19702,19505
NC_053039.3,151500000,0.940807,0.521977,151800000,20680,19934,19763
NC_053039.3,151800000,0.876275,0.541563,152100000,18973,18772,18748
NC_053039.3,152100000,0.879452,0.537097,152400000,19373,19092,18564
NC_053039.3,152400000,0.85629,0.577773,152700000,14882,14663,15014
NC_053039.3,152700000,0.599145,0.68111,153000000,2833,3264,4342
NC_053039.3,153000000,0.575162,0.690457,153300000,968,1058,1345
NC_053039.3,153300000,0.537669,0.687637,153600000,1437,1767,2035
NC_053039.3,153600000,0.61322,0.696247,153900000,663,811,1028
NC_053039.3,153900000,0.53909,0.70068,154200000,587,618,975
NC_053039.3,154200000,0.506069,0.69391,154500000,1060,1222,1728
NC_053039.3,154500000,0.715757,0.660613,154800000,3110,3513,4770
NC_053039.3,154800000,0.731584,0.653663,155100000,1739,1952,2170
NC_053039.3,155100000,0.607839,0.685267,155400000,1181,1991,1947
NC_053039.3,155400000,0.630753,0.690007,155700000,1316,1647,2276
NC_053039.3,155700000,0.66162,0.677983,156000000,9030,9503,14832
NC_053039.3,156000000,0.822299,0.5912,156300000,11320,11090,11768
NC_053039.3,156300000,0.876318,0.54597,156600000,16279,16080,16676
NC_053039.3,156600000,0.920078,0.51675,156900000,17632,17046,16839
NC_053039.3,156900000,0.946505,0.503823,157200000,19385,19400,18966
NC_053039.3,157200000,0.964045,0.53295,157500000,20153,19292,19005
NC_053039.3,157500000,0.89433,0.513827,157800000,19529,19324,18976
NC_053039.3,157800000,0.914866,0.513183,158100000,68440,67853,66134
NC_053039.3,158100000,0.917635,0.520083,158400000,44540,44272,43405
NC_053039.3,158400000,0.95777,0.518173,158700000,19383,18832,18435
NC_053039.3,158700000,0.927253,0.50641,159000000,20103,19353,19228
NC_053039.3,159000000,0.63304,0.48404,159300000,26086,25795,23999
NC_053039.3,159300000,0.597105,0.477023,159600000,21978,21148,19942
NC_053039.3,159600000,0.951023,0.53306,159900000,21709,20638,20481
NC_053039.3,159900000,0.930572,0.523637,160200000,18433,18094,17727
NC_053039.3,160200000,0.931734,0.521387,160500000,20024,19752,18976
NC_053039.3,160500000,0.910931,0.520417,160800000,21801,21050,20386
NC_053039.3,160800000,0.950137,0.508453,161100000,18411,17871,17762
NC_053039.3,161100000,0.914526,0.518707,161400000,19490,18746,18556
NC_053039.3,161400000,0.930763,0.51161,161700000,19733,19232,18849
NC_053039.3,161700000,0.928397,0.504313,162000000,21590,21823,21590
NC_053039.3,162000000,0.941206,0.537567,162300000,20862,19994,19648
NC_053039.3,162300000,0.942765,0.47669,162600000,20333,19432,19176
NC_053039.3,162600000,0.914342,0.49703,162900000,18411,18071,17428
NC_053039.3,162900000,0.954442,0.514563,163200000,20620,19671,19531
NC_053039.3,163200000,0.9603,0.51804,163500000,18881,18558,18195
NC_053039.3,163500000,0.82584,0.526853,163800000,18184,18036,17702
NC_053039.3,163800000,0.890082,0.527093,164100000,20784,20651,20059
NC_053039.3,164100000,0.919024,0.52164,164400000,19333,18886,18466
NC_053039.3,164400000,0.908375,0.51635,164700000,18535,17886,17693
NC_053039.3,164700000,0.93051,0.528977,165000000,18928,18388,17571
NC_053039.3,165000000,0.926656,0.53262,165300000,25895,24102,23502
NC_053039.3,165300000,0.954721,0.52339,165600000,19771,18881,18821
NC_053039.3,165600000,0.965807,0.529377,165900000,20333,19439,19070
NC_053039.3,165900000,0.930872,0.531097,166200000,18782,18338,17863
NC_053039.3,166200000,0.9318,0.533037,166500000,21002,19592,19844
NC_053039.3,166500000,0.855964,0.473717,166800000,33266,22811,30540
NC_053039.3,166800000,0.973296,0.533933,167100000,18995,18668,17847
NC_053039.3,167100000,0.879533,0.54178,167400000,20200,19055,19001
NC_053039.3,167400000,0.945429,0.532323,167700000,20043,19177,18894
NC_053039.3,167700000,0.939962,0.521137,168000000,16976,16501,16199
NC_053039.3,168000000,0.956592,0.511253,168300000,19523,18897,18291
NC_053039.3,168300000,0.95418,0.54616,168600000,18215,17520,17744
NC_053039.3,168600000,0.956837,0.52858,168900000,20403,19743,19271
NC_053039.3,168900000,0.952439,0.532087,169200000,20079,19606,19288
NC_053039.3,169200000,0.920083,0.52968,169500000,21552,20626,20182
NC_053039.3,169500000,0.967156,0.503237,169800000,19356,18551,18349
NC_053039.3,169800000,0.90091,0.53072,170100000,18875,18437,18165
NC_053039.3,170100000,0.896588,0.527813,170400000,19981,19465,18972
NC_053039.3,170400000,0.938076,0.533643,170700000,18651,18360,17970
NC_053039.3,170700000,0.972985,0.51677,171000000,19498,18626,18205
NC_053039.3,171000000,0.942513,0.52459,171300000,17814,17581,17071
NC_053039.3,171300000,0.920414,0.507217,171600000,18916,18283,17832
NC_053039.3,171600000,0.92407,0.540043,171900000,17755,17305,16881
NC_053039.3,171900000,0.963015,0.514657,172200000,19442,18827,18582
NC_053039.3,172200000,0.568073,0.58582,172500000,14844,14950,14569
NC_053039.3,172500000,0.966514,0.51647,172800000,17990,17619,17012
NC_053039.3,172800000,0.921643,0.529597,173100000,20099,19248,18877
NC_053039.3,173100000,0.87941,0.53147,173400000,20949,20185,19800
NC_053039.3,173400000,0.882751,0.512633,173700000,16933,16520,16420
NC_053039.3,173700000,0.936648,0.556267,174000000,19132,18381,18009
NC_053039.3,174000000,0.966547,0.53754,174300000,19828,19463,18918
NC_053039.3,174300000,0.930411,0.54541,174600000,18987,18095,17819
NC_053039.3,174600000,0.939766,0.520087,174900000,18985,18341,17902
NC_053039.3,174900000,0.960083,0.519233,175200000,19325,19010,18765
NC_053039.3,175200000,0.92598,0.5251,175500000,18809,18075,17802
NC_053039.3,175500000,0.908614,0.52758,175800000,18492,18552,17711
NC_053039.3,175800000,0.905314,0.537623,176100000,20095,19131,18913
NC_053039.3,176100000,0.974694,0.528197,176400000,20677,19999,19711
NC_053039.3,176400000,0.917608,0.533193,176700000,20338,20040,19536
NC_053039.3,176700000,0.948732,0.52582,177000000,19070,18375,18642
NC_053039.3,177000000,0.916394,0.515877,177300000,21040,20238,19576
NC_053039.3,177300000,0.917885,0.546393,177600000,18786,18526,18341
NC_053039.3,177600000,0.898326,0.52996,177900000,18543,18072,17835
NC_053039.3,177900000,0.905138,0.53906,178200000,20050,19697,19457
NC_053039.3,178200000,0.951426,0.532453,178500000,20515,19122,19178
NC_053039.3,178500000,0.933662,0.521693,178800000,22171,21167,20393
NC_053039.3,178800000,0.895405,0.53389,179100000,19613,19468,19207
NC_053039.3,179100000,0.929353,0.54569,179400000,20056,19396,18963
NC_053039.3,179400000,0.961654,0.543037,179700000,20614,19279,19423
NC_053039.3,179700000,0.918395,0.546947,180000000,20037,19369,18807
NC_053039.3,180000000,0.91475,0.540097,180300000,18729,18260,18211
NC_053039.3,180300000,0.937036,0.521337,180600000,18344,17572,17262
NC_053039.3,180600000,0.900475,0.533607,180900000,19148,18525,18053
NC_053039.3,180900000,0.914386,0.550447,181200000,19644,18373,18529
NC_053039.3,181200000,0.901578,0.53559,181500000,18370,18071,17573
NC_053039.3,181500000,0.918818,0.540373,181800000,19159,18814,18621
NC_053039.3,181800000,0.923891,0.52195,182100000,19860,19336,19336
NC_053039.3,182100000,0.604542,0.55296,182400000,12379,12200,12001
NC_053039.3,182400000,0.899829,0.543367,182700000,19299,19125,19087
NC_053039.3,182700000,0.922875,0.525133,183000000,19019,18572,18237
NC_053039.3,183000000,0.843993,0.537297,183300000,19339,19100,18680
NC_053039.3,183300000,0.848128,0.550523,183600000,18429,17841,17843
NC_053039.3,183600000,0.942615,0.520613,183900000,20978,20472,19875
NC_053039.3,183900000,0.893551,0.52012,184200000,18450,18808,18194
NC_053039.3,184200000,0.857465,0.520293,184500000,20200,20063,19439
NC_053039.3,184500000,0.923602,0.508663,184800000,19904,19292,18672
NC_053039.3,184800000,0.950301,0.539153,185100000,19352,18798,18432
NC_053039.3,185100000,0.902676,0.54745,185400000,21079,20582,20098
NC_053039.3,185400000,0.95081,0.511097,185700000,11963,11288,11078
NC_053039.3,185700000,0.951212,0.535187,186000000,21001,20083,19816
NC_053039.3,186000000,0.955101,0.504773,186300000,20350,19449,19587
NC_053039.3,186300000,0.942722,0.509727,186600000,19456,18909,18091
NC_053039.3,186600000,0.908418,0.535853,186900000,19713,19428,19275
NC_053039.3,186900000,0.947932,0.52094,187200000,18876,18303,18169
NC_053039.3,187200000,0.897166,0.520017,187500000,20092,20220,19487
NC_053039.3,187500000,0.937917,0.543617,187800000,18666,18411,17342
NC_053039.3,187800000,0.942631,0.52887,188100000,20264,19479,18966
NC_053039.3,188100000,0.932386,0.516317,188400000,23011,22295,21707
NC_053039.3,188400000,0.95657,0.537157,188700000,19453,18412,18582
NC_053039.3,188700000,0.97731,0.535253,189000000,19171,18468,18209
NC_053039.3,189000000,0.916156,0.534793,189300000,20592,19913,19734
NC_053039.3,189300000,0.913529,0.543643,189600000,18406,18194,18089
NC_053039.3,189600000,0.912547,0.53756,189900000,82841,93389,71009
NC_053039.3,189900000,0.938495,0.503077,190200000,20632,20103,19500
NC_053039.3,190200000,0.949904,0.51804,190500000,20555,19870,19755
NC_053039.3,190500000,0.931241,0.51384,190800000,17560,17196,16737
NC_053039.3,190800000,0.929305,0.529263,191100000,13874,13258,13278
NC_053039.3,191100000,0.903633,0.51544,191400000,19419,19107,18334
NC_053039.3,191400000,0.867054,0.528363,191700000,19590,18771,18444
NC_053039.3,191700000,0.96125,0.506117,192000000,19914,19195,18971
NC_053039.3,192000000,0.966713,0.526407,192300000,19865,19191,18889
NC_053039.3,192300000,0.948421,0.531607,192600000,21281,20411,20232
NC_053039.3,192600000,0.973842,0.533487,192900000,19228,19073,18914
NC_053039.3,192900000,0.951274,0.53484,193200000,20010,19162,18908
NC_053039.3,193200000,0.928486,0.517647,193500000,19413,18915,18834
NC_053039.3,193500000,0.888897,0.54163,193800000,19478,18967,18507
NC_053039.3,193800000,0.954037,0.539493,194100000,19915,19480,19075
NC_053039.3,194100000,0.919673,0.517873,194400000,18232,18143,17757
NC_053039.3,194400000,0.934022,0.564037,194700000,18567,18012,17927
NC_053039.3,194700000,0.859551,0.543893,195000000,19205,18807,18668
NC_053039.3,195000000,0.796256,0.559757,195300000,16877,17554,16942
NC_053039.3,195300000,0.694868,0.55832,195600000,19628,20338,20070
NC_053039.3,195600000,0.702747,0.56535,195900000,16115,16835,16393
NC_053039.3,195900000,0.583761,0.565727,196200000,6446,7941,7464
NC_053039.3,196200000,0.631793,0.56773,196500000,8101,9256,8891
NC_053039.3,196500000,0.629316,0.564857,196800000,12467,13861,13100
NC_053039.3,196800000,0.696176,0.554263,197100000,11490,12205,11549
NC_053039.3,197100000,0.59628,0.561073,197400000,8298,9651,9080
NC_053039.3,197400000,0.639723,0.561877,197700000,11769,13404,12635
NC_053039.3,197700000,0.614732,0.56459,198000000,13511,15195,14361
NC_053039.3,198000000,0.762327,0.54544,198300000,17758,18687,17863
NC_053039.3,198300000,0.588035,0.557437,198600000,15834,17684,16509
NC_053039.3,198600000,0.581507,0.554937,198900000,12119,13761,12942
NC_053039.3,198900000,0.596281,0.54477,199200000,7373,9105,8485
NC_053039.3,199200000,0.710958,0.558153,199500000,12613,13068,12798
NC_053039.3,199500000,0.661723,0.550943,199800000,15865,16994,16264
NC_053039.3,199800000,0.753167,0.56043,200100000,18722,18658,18105
NC_053039.3,200100000,0.756566,0.559507,200400000,16809,16702,16289
NC_053039.3,200400000,0.834852,0.557837,200700000,18300,18394,17754
NC_053039.3,200700000,0.833576,0.545377,201000000,18447,18279,17996
NC_053039.3,201000000,0.930042,0.548627,201300000,20006,19167,19213
NC_053039.3,201300000,0.929776,0.54891,201600000,19585,19293,18686
NC_053039.3,201600000,0.914249,0.546623,201900000,18636,18283,17661
NC_053039.3,201900000,0.91254,0.54195,202200000,21438,20335,20223
NC_053039.3,202200000,0.955612,0.54821,202500000,19688,18824,18718
NC_053039.3,202500000,0.93906,0.543053,202800000,22101,21353,21096
NC_053039.3,202800000,0.925871,0.524617,203100000,20621,19854,19578
NC_053039.3,203100000,0.859285,0.498397,203400000,21166,20668,20039
NC_053039.3,203400000,0.925349,0.516617,203700000,20642,20209,20211
NC_053039.3,203700000,0.932775,0.544267,204000000,20227,19736,19380
NC_053039.3,204000000,0.950307,0.542733,204300000,21072,20495,20140
NC_053039.3,204300000,0.964626,0.52762,204600000,20464,19674,19617
NC_053039.3,204600000,0.90098,0.538457,204900000,19733,19551,19005
NC_053039.3,204900000,0.912553,0.5408,205200000,19917,19221,18715
NC_053039.3,205200000,0.962978,0.52168,205500000,19829,19479,19151
NC_053039.3,205500000,0.885431,0.56348,205800000,20284,19402,19575
NC_053039.3,205800000,0.908118,0.541153,206100000,20639,20185,19972
NC_053039.3,206100000,0.923435,0.545423,206400000,21474,20568,20283
NC_053039.3,206400000,0.891196,0.54171,206700000,18594,18279,17685
NC_053039.3,206700000,0.94798,0.5537,207000000,21871,21272,20879
NC_053039.3,207000000,0.913506,0.551927,207300000,20841,20087,19861
NC_053039.3,207300000,0.901566,0.534523,207600000,20522,20336,19836
NC_053039.3,207600000,0.927444,0.546687,207900000,18635,18637,18190
NC_053039.3,207900000,0.939338,0.545267,208200000,19412,19188,18695
NC_053039.3,208200000,0.93666,0.53444,208500000,19243,18883,18465
NC_053039.3,208500000,0.914851,0.499957,208800000,20768,20141,19546
NC_053039.3,208800000,0.92025,0.49661,209100000,19567,18431,18549
NC_053039.3,209100000,0.881866,0.52533,209400000,20261,19649,19270
NC_053039.3,209400000,0.931928,0.52171,209700000,19300,18777,18359
NC_053039.3,209700000,0.94234,0.534027,210000000,19522,18931,18492
NC_053039.3,210000000,0.939986,0.518483,210300000,20458,19875,19563
NC_053039.3,210300000,0.9502,0.537417,210600000,20473,19817,20054
NC_053039.3,210600000,0.920391,0.52404,210900000,20411,19810,19364
NC_053039.3,210900000,0.910951,0.550017,211200000,24197,20725,22198
NC_053039.3,211200000,0.939287,0.522577,211500000,19901,19432,19249
NC_053039.3,211500000,0.958875,0.509907,211800000,20945,20109,19843
NC_053039.3,211800000,0.88627,0.53262,212100000,20008,19683,19219
NC_053039.3,212100000,0.897815,0.528357,212400000,20601,20444,19970
NC_053039.3,212400000,0.930375,0.536267,212700000,20328,20009,19541
NC_053039.3,212700000,0.935304,0.542153,213000000,19279,18695,18453
NC_053039.3,213000000,0.912499,0.544213,213300000,20910,20191,19842
NC_053039.3,213300000,0.940132,0.556313,213600000,20319,19470,19183
NC_053039.3,213600000,0.944824,0.550597,213900000,19186,18777,18473
NC_053039.3,213900000,0.914175,0.5534,214200000,18956,18379,18255
NC_053039.3,214200000,0.894991,0.54906,214500000,19512,19049,18772
NC_053039.3,214500000,0.925672,0.541297,214800000,19772,19587,19195
NC_053039.3,214800000,0.904999,0.55041,215100000,20230,19211,19099
NC_053039.3,215100000,0.956587,0.545057,215400000,19563,18934,18656
NC_053039.3,215400000,0.88737,0.54602,215700000,21561,21019,20555
NC_053039.3,215700000,0.8909,0.53832,216000000,19476,18964,18705
NC_053039.3,216000000,0.913025,0.549193,216300000,20137,19481,19110
NC_053039.3,216300000,0.956343,0.556493,216600000,19189,18455,18337
NC_053039.3,216600000,0.901559,0.546057,216900000,19108,18975,18145
NC_053039.3,216900000,0.930421,0.523077,217200000,21155,20059,19712
NC_053039.3,217200000,0.910731,0.52658,217500000,18609,18299,17929
NC_053039.3,217500000,0.918626,0.521573,217800000,21539,20601,20398
NC_053039.3,217800000,0.959663,0.536913,218100000,21431,20366,20390
NC_053039.3,218100000,0.989895,0.52764,218400000,20722,20016,19519
NC_053039.3,218400000,0.959016,0.52778,218700000,19358,19023,18474
NC_053039.3,218700000,0.85642,0.54482,219000000,20027,19545,19217
NC_053039.3,219000000,0.951007,0.541153,219300000,18720,18461,18097
NC_053039.3,219300000,0.940646,0.537297,219600000,20504,20053,19610
NC_053039.3,219600000,0.94496,0.545347,219900000,19800,19307,18943
NC_053039.3,219900000,0.935008,0.542893,220200000,20059,19624,19177
NC_053039.3,220200000,0.936623,0.552523,220500000,18932,18518,18170
NC_053039.3,220500000,0.89312,0.55319,220800000,19242,18784,18178
NC_053039.3,220800000,0.93229,0.536657,221100000,21867,20751,20482
NC_053039.3,221100000,0.91976,0.537367,221400000,19091,18523,18380
NC_053039.3,221400000,0.92773,0.537973,221700000,20391,19456,19253
NC_053039.3,221700000,0.910867,0.539913,222000000,20549,19938,19265
NC_053039.3,222000000,0.891822,0.537153,222300000,20216,20183,19362
NC_053039.3,222300000,0.924638,0.512667,222600000,19128,19216,18413
NC_053039.3,222600000,0.920942,0.5376,222900000,20829,20277,19425
NC_053039.3,222900000,0.864668,0.545797,223200000,20576,19583,19271
NC_053039.3,223200000,0.954331,0.540777,223500000,20253,19708,19268
NC_053039.3,223500000,0.942198,0.548557,223800000,20352,19278,19409
NC_053039.3,223800000,0.925211,0.531703,224100000,19755,19610,19162
NC_053039.3,224100000,0.876205,0.537293,224400000,19880,19340,19137
NC_053039.3,224400000,0.858191,0.516297,224700000,18888,18986,18682
NC_053039.3,224700000,0.903002,0.559407,225000000,20524,19778,19548
NC_053039.3,225000000,0.925684,0.540573,225300000,20575,19685,19539
NC_053039.3,225300000,0.467025,0.537687,225600000,11679,11090,10820
NC_053039.3,225600000,0.782824,0.535763,225900000,15973,15697,15652
NC_053039.3,225900000,0.936241,0.548643,226200000,20022,19591,18915
NC_053039.3,226200000,0.960502,0.53485,226500000,21401,20651,20326
NC_053039.3,226500000,0.754584,0.539763,226800000,19746,18691,18674
NC_053039.3,226800000,0.910111,0.53777,227100000,19872,19072,19129
NC_053039.3,227100000,0.904771,0.524937,227400000,21034,20963,20306
NC_053039.3,227400000,0.906832,0.544217,227700000,20336,20114,19788
NC_053039.3,227700000,0.948054,0.537843,228000000,20442,20043,19533
NC_053039.3,228000000,0.924795,0.559223,228300000,19198,18713,18518
NC_053039.3,228300000,0.919132,0.553057,228600000,19519,19079,18883
NC_053039.3,228600000,0.920207,0.533757,228900000,19772,19390,19129
NC_053039.3,228900000,0.944812,0.555173,229200000,20833,19640,19879
NC_053039.3,229200000,0.931075,0.547343,229500000,20215,19557,19432
NC_053039.3,229500000,0.910672,0.5188,229800000,20944,20623,20079
NC_053039.3,229800000,0.95286,0.538043,230100000,20763,20257,19848
NC_053039.3,230100000,0.836474,0.522187,230400000,19426,18809,18578
NC_053039.3,230400000,0.843431,0.537963,230700000,20014,19387,18385
NC_053039.3,230700000,0.913173,0.519083,231000000,21658,20932,20613
NC_053039.3,231000000,0.935907,0.552197,231300000,21769,20808,20846
NC_053039.3,231300000,0.920948,0.53764,231600000,20788,20486,20151
NC_053039.3,231600000,0.939371,0.521003,231900000,20966,20850,20021
NC_053039.3,231900000,0.942027,0.537817,232200000,21793,21004,21138
NC_053039.3,232200000,0.960854,0.53948,232500000,20472,19845,19484
NC_053039.3,232500000,0.912689,0.552003,232800000,21506,20999,20201
NC_053039.3,232800000,0.93145,0.513023,233100000,20638,19823,19887
NC_053039.3,233100000,0.912043,0.523773,233400000,19992,19491,19022
NC_053039.3,233400000,0.968913,0.525247,233700000,20230,19657,19044
NC_053039.3,233700000,0.924324,0.543597,234000000,22591,21433,21628
NC_053039.3,234000000,0.935925,0.543873,234300000,19337,18810,18714
NC_053039.3,234300000,0.964734,0.533677,234600000,20203,19348,19500
NC_053039.3,234600000,0.867029,0.547633,234900000,20749,20483,19949
NC_053039.3,234900000,0.921393,0.53737,235200000,21464,20997,20392
NC_053039.3,235200000,0.898607,0.547067,235500000,21134,20210,19933
NC_053039.3,235500000,0.948125,0.549037,235800000,20630,19525,19383
NC_053039.3,235800000,0.936277,0.534223,236100000,19430,18907,18468
NC_053039.3,236100000,0.902591,0.540193,236400000,20976,20503,20163
NC_053039.3,236400000,0.904459,0.53707,236700000,19216,19088,18603
NC_053039.3,236700000,0.930856,0.54939,237000000,18966,18578,18030
NC_053039.3,237000000,0.94845,0.5412,237300000,19906,19338,19045
NC_053039.3,237300000,0.93718,0.555757,237600000,19023,18524,18282
NC_053039.3,237600000,0.931185,0.539153,237900000,19297,19011,18695
NC_053039.3,237900000,0.933828,0.512677,238200000,20607,19846,19699
NC_053039.3,238200000,0.932742,0.523267,238500000,22999,22135,21451
NC_053039.3,238500000,0.914524,0.532937,238800000,19905,19667,18985
NC_053039.3,238800000,0.947127,0.557347,239100000,19614,18888,18595
NC_053039.3,239100000,0.918683,0.549913,239400000,19499,19446,18746
NC_053039.3,239400000,0.896024,0.541633,239700000,19891,19536,19156
NC_053039.3,239700000,0.936601,0.5225,240000000,19236,19502,19093
NC_053039.3,240000000,0.974369,0.507,240300000,19831,19377,18788
NC_053039.3,240300000,0.959979,0.535813,240600000,19148,18810,18329
NC_053039.3,240600000,0.978098,0.534987,240900000,19272,18700,18514
NC_053039.3,240900000,0.890248,0.54393,241200000,19842,19057,19079
NC_053039.3,241200000,0.910335,0.547637,241500000,24098,22491,21798
NC_053039.3,241500000,0.876312,0.54174,241800000,19952,19404,19111
NC_053039.3,241800000,0.93763,0.553203,242100000,20764,19904,19555
NC_053039.3,242100000,0.908429,0.541033,242400000,21053,20560,20484
NC_053039.3,242400000,0.939561,0.549037,242700000,19472,18820,18541
NC_053039.3,242700000,0.9376,0.533517,243000000,19336,19095,18691
NC_053039.3,243000000,0.883906,0.538547,243300000,19677,19021,19014
NC_053039.3,243300000,0.861533,0.529033,243600000,20668,19899,19701
NC_053039.3,243600000,0.907532,0.544803,243900000,21071,20197,19834
NC_053039.3,243900000,0.91766,0.53034,244200000,21127,20635,20043
NC_053039.3,244200000,0.917524,0.555303,244500000,19231,18946,18514
NC_053039.3,244500000,0.918252,0.53784,244800000,18868,18136,18035
NC_053039.3,244800000,0.870397,0.555807,245100000,19232,18784,18331
NC_053039.3,245100000,0.942581,0.553807,245400000,19458,19033,19154
NC_053039.3,245400000,0.939706,0.54549,245700000,20492,20152,20022
NC_053039.3,245700000,0.920824,0.551907,246000000,19722,18952,18857
NC_053039.3,246000000,0.901673,0.543027,246300000,18317,17950,17706
NC_053039.3,246300000,0.906316,0.54146,246600000,19119,18655,18243
NC_053039.3,246600000,0.9541,0.534483,246900000,19573,18658,18647
NC_053039.3,246900000,0.913751,0.52508,247200000,18903,18640,18329
NC_053039.3,247200000,0.891558,0.5468,247500000,18551,18320,17873
NC_053039.3,247500000,0.912549,0.55282,247800000,18313,17550,17161
NC_053039.3,247800000,0.89257,0.555037,248100000,17950,17745,17340
NC_053039.3,248100000,0.902581,0.5435,248400000,34018,29175,29839
NC_053039.3,248400000,0.798286,0.552303,248700000,15975,15578,15349
NC_053039.3,248700000,0.856039,0.565467,249000000,17630,17213,16841
NC_053039.3,249000000,0.873971,0.522383,249300000,18239,17879,17707
NC_053039.3,249300000,0.966602,0.52217,249600000,19737,19233,18811
NC_053039.3,249600000,0.918745,0.533983,249900000,19775,19280,19436
NC_053039.3,249900000,0.924609,0.538873,250200000,22940,22516,21937
NC_053039.3,250200000,0.908886,0.55496,250500000,20517,19439,19328
NC_053039.3,250500000,0.932752,0.53505,250800000,20323,19213,19270
NC_053039.3,250800000,0.938954,0.52915,251100000,20778,19774,19119
NC_053039.3,251100000,0.905764,0.533323,251400000,18427,17845,17568
NC_053039.3,251400000,0.881525,0.554107,251700000,20072,19471,19215
NC_053039.3,251700000,0.934512,0.515817,252000000,18486,18200,18025
NC_053039.3,252000000,0.897231,0.529307,252300000,17491,17075,16662
NC_053039.3,252300000,0.918575,0.538057,252600000,18787,18440,18101
NC_053039.3,252600000,0.865961,0.54548,252900000,25487,27538,23419
NC_053039.3,252900000,0.886924,0.525133,253200000,18267,17748,17555
NC_053039.3,253200000,0.891949,0.53542,253500000,19601,19397,18793
NC_053039.3,253500000,0.911345,0.549567,253800000,18626,18361,17905
NC_053039.3,253800000,0.946681,0.542323,254100000,19925,18937,19133
NC_053039.3,254100000,0.936484,0.543647,254400000,21223,20246,20198
NC_053039.3,254400000,0.951843,0.54612,254700000,19837,18883,19070
NC_053039.3,254700000,0.931655,0.5433,255000000,20461,20250,19778
NC_053039.3,255000000,0.931745,0.523623,255300000,25493,23909,23861
NC_053039.3,255300000,0.795604,0.53678,255600000,20709,19400,19449
NC_053039.3,255600000,0.923876,0.526907,255900000,21558,20354,20346
NC_053039.3,255900000,0.917161,0.554763,256200000,23305,22441,21954
NC_053039.3,256200000,0.888769,0.55848,256500000,18752,18547,18063
NC_053039.3,256500000,0.874973,0.55225,256800000,19975,19343,19190
NC_053039.3,256800000,0.919392,0.52081,257100000,20651,20190,19913
NC_053039.3,257100000,0.910471,0.55279,257400000,20368,19719,19799
NC_053039.3,257400000,0.940999,0.540657,257700000,22789,21707,21299
NC_053039.3,257700000,0.782317,0.587893,258000000,33204,34876,32878
NC_053039.3,258000000,0.859151,0.538413,258300000,22457,23014,22087
NC_053039.3,258300000,0.897184,0.531397,258600000,20701,19850,19664
NC_053039.3,258600000,0.903957,0.518673,258900000,18820,18570,18152
NC_053039.3,258900000,0.920965,0.543933,259200000,21241,20829,20302
NC_053039.3,259200000,0.925248,0.503413,259500000,20738,20218,19968
NC_053039.3,259500000,0.883602,0.519937,259800000,20277,20088,19537
NC_053039.3,259800000,0.94753,0.518547,260100000,21428,20295,20108
NC_053039.3,260100000,0.914893,0.511757,260400000,30544,26500,26837
NC_053039.3,260400000,0.90733,0.52969,260700000,19535,19419,18916
NC_053039.3,260700000,0.931862,0.54335,261000000,19110,18534,17772
NC_053039.3,261000000,0.915801,0.533693,261300000,19828,19400,18931
NC_053039.3,261300000,0.856118,0.531063,261600000,23257,22200,22045
NC_053039.3,261600000,0.933848,0.508403,261900000,21878,20795,20508
NC_053039.3,261900000,0.913743,0.51751,262200000,18359,17950,17790
NC_053039.3,262200000,0.854561,0.544257,262500000,18194,17189,16864
NC_053039.3,262500000,0.884201,0.500133,262800000,18827,18331,17972
NC_053039.3,262800000,0.904097,0.541387,263100000,19956,19250,19091
NC_053039.3,263100000,0.875135,0.51488,263400000,19143,19038,18258
NC_053039.3,263400000,0.925765,0.53471,263700000,18952,18541,18218
NC_053039.3,263700000,0.894151,0.547487,264000000,19411,18456,18284
NC_053039.3,264000000,0.887029,0.522827,264300000,19668,19788,19336
NC_053039.3,264300000,0.950766,0.525537,264600000,20595,19884,19508
NC_053039.3,264600000,0.948542,0.529677,264900000,23271,21673,21527
NC_053039.3,264900000,0.912324,0.51134,265200000,21372,20381,20402
NC_053039.3,265200000,0.931155,0.51875,265500000,24795,22759,23011
NC_053039.3,265500000,0.820904,0.528017,265800000,19273,18592,18567
NC_053039.3,265800000,0.881709,0.533217,266100000,19970,19336,19379
NC_053039.3,266100000,0.903821,0.537453,266400000,17793,17228,17373
NC_053039.3,266400000,0.90462,0.534727,266700000,20096,19409,19522
NC_053039.3,266700000,0.945868,0.535057,267000000,19095,18497,18361
NC_053039.3,267000000,0.912816,0.547577,267300000,19952,19279,19047
NC_053039.3,267300000,0.939157,0.540737,267600000,20696,20177,19719
NC_053039.3,267600000,0.900081,0.522683,267900000,19497,19212,18721
NC_053039.3,267900000,0.910253,0.519307,268200000,18818,18647,17652
NC_053039.3,268200000,0.883977,0.54341,268500000,19258,19265,18881
NC_053039.3,268500000,0.911726,0.541433,268800000,19583,19330,18689
NC_053039.3,268800000,0.921644,0.53889,269100000,18762,18471,18048
NC_053039.3,269100000,0.944079,0.537167,269400000,20845,20214,20185
NC_053039.3,269400000,0.899871,0.54004,269700000,18759,18964,18325
NC_053039.3,269700000,0.929307,0.52781,270000000,22502,21722,21159
NC_053039.3,270000000,0.927878,0.540123,270300000,21485,20614,20415
NC_053039.3,270300000,0.917014,0.540133,270600000,21088,20620,20665
NC_053039.3,270600000,0.876391,0.536077,270900000,20219,19456,19360
NC_053039.3,270900000,0.860824,0.521687,271200000,19266,18664,18367
NC_053039.3,271200000,0.925448,0.527203,271500000,20631,20026,19565
NC_053039.3,271500000,0.920595,0.544757,271800000,18648,18688,18302
NC_053039.3,271800000,0.894426,0.514597,272100000,18994,18642,18060
NC_053039.3,272100000,0.940838,0.527363,272400000,19146,18603,18561
NC_053039.3,272400000,0.906592,0.539067,272700000,20035,18842,18996
NC_053039.3,272700000,0.922468,0.53954,273000000,21830,21158,20802
NC_053039.3,273000000,0.907579,0.529223,273300000,20575,19870,19753
NC_053039.3,273300000,0.922745,0.54652,273600000,19454,18849,18700
NC_053039.3,273600000,0.919676,0.52824,273900000,20148,19764,19365
NC_053039.3,273900000,0.932964,0.543097,274200000,20501,19622,19406
NC_053039.3,274200000,0.840052,0.542397,274500000,20280,19937,19422
NC_053039.3,274500000,0.889504,0.54471,274800000,20416,20012,19813
NC_053039.3,274800000,0.862971,0.514927,275100000,21469,20749,20559
NC_053039.3,275100000,0.894159,0.53125,275400000,19280,19106,18972
NC_053039.3,275400000,0.933744,0.51915,275700000,20163,19989,18914
NC_053039.3,275700000,0.912423,0.508763,276000000,19900,18926,18827
NC_053039.3,276000000,0.936498,0.50489,276300000,20597,20006,19386
NC_053039.3,276300000,0.905521,0.530143,276600000,19996,19584,19113
NC_053039.3,276600000,0.87468,0.52158,276900000,20429,19939,19176
NC_053039.3,276900000,0.910952,0.535557,277200000,19469,18701,18567
NC_053039.3,277200000,0.971631,0.53195,277500000,19558,19966,19243
NC_053039.3,277500000,0.920752,0.51882,277800000,18491,17663,17352
NC_053039.3,277800000,0.927296,0.519323,278100000,19081,18410,18370
NC_053039.3,278100000,0.911399,0.51404,278400000,20186,19385,18870
NC_053039.3,278400000,0.907587,0.545633,278700000,20540,19770,19286
NC_053039.3,278700000,0.89198,0.551723,279000000,17807,17251,17217
NC_053039.3,279000000,0.934661,0.51698,279300000,20161,19681,19294
NC_053039.3,279300000,0.917236,0.53758,279600000,19622,19219,18824
NC_053039.3,279600000,0.91271,0.528533,279900000,19219,18630,18353
NC_053039.3,279900000,0.814058,0.54261,280200000,17530,17809,17461
NC_053039.3,280200000,0.93817,0.517053,280500000,19820,19162,18458
NC_053039.3,280500000,0.961398,0.5407,280800000,19153,18609,18645
NC_053039.3,280800000,0.907811,0.527583,281100000,20932,20203,19862
NC_053039.3,281100000,0.897229,0.53772,281400000,16307,15612,15574
NC_053039.3,281400000,0.884018,0.534903,281700000,19583,19268,18679
NC_053039.3,281700000,0.880615,0.54334,282000000,20397,19539,19862
NC_053039.3,282000000,0.909293,0.51311,282300000,18618,18317,17776
NC_053039.3,282300000,0.876859,0.54617,282600000,17636,17406,17090
NC_053039.3,282600000,0.847487,0.53272,282900000,20833,20283,19725
NC_053039.3,282900000,0.916671,0.54544,283200000,20472,19382,19345
NC_053039.3,283200000,0.885211,0.502843,283500000,21277,20812,20331
NC_053039.3,283500000,0.948008,0.5374,283800000,21387,20751,20090
NC_053039.3,283800000,0.949612,0.54027,284100000,20557,19826,19926
NC_053039.3,284100000,0.930659,0.552387,284400000,19628,19343,19074
NC_053039.3,284400000,0.859189,0.537593,284700000,19938,19242,18922
NC_053039.3,284700000,0.861956,0.51796,285000000,20851,20270,19774
NC_053039.3,285000000,0.88965,0.508763,285300000,20645,20017,19770
NC_053039.3,285300000,0.906619,0.527067,285600000,19608,19117,18708
NC_053039.3,285600000,0.875253,0.534173,285900000,21089,20212,19805
NC_053039.3,285900000,0.850693,0.528443,286200000,20752,20323,19751
NC_053039.3,286200000,0.90485,0.544363,286500000,20578,20288,19939
NC_053039.3,286500000,0.842845,0.53719,286800000,20557,20259,19576
NC_053039.3,286800000,0.964714,0.52617,287100000,20246,19895,19438
NC_053039.3,287100000,0.920159,0.55321,287400000,20305,19709,19883
NC_053039.3,287400000,0.886261,0.533783,287700000,21632,21418,21044
NC_053039.3,287700000,0.922429,0.497903,288000000,21508,20437,20238
NC_053039.3,288000000,0.884768,0.517627,288300000,21667,20663,20743
NC_053039.3,288300000,0.862258,0.528637,288600000,20589,19806,19640
NC_053039.3,288600000,0.919604,0.543037,288900000,22020,21012,21264
NC_053039.3,288900000,0.935807,0.521703,289200000,21607,21079,20623
NC_053039.3,289200000,0.95735,0.538927,289500000,20516,19879,19489
NC_053039.3,289500000,0.907456,0.54152,289800000,20606,20277,19384
NC_053039.3,289800000,0.935918,0.540497,290100000,19558,19549,18853
NC_053039.3,290100000,0.882504,0.53905,290400000,22921,22513,21960
NC_053039.3,290400000,0.943109,0.546253,290700000,21107,19982,19705
NC_053039.3,290700000,0.926744,0.51632,291000000,14147,14068,13610
NC_053039.3,291000000,0.891491,0.526537,291300000,21887,21597,20977
NC_053039.3,291300000,0.913629,0.53644,291600000,20034,19578,19357
NC_053039.3,291600000,0.868432,0.5419,291900000,17083,17110,16252
NC_053039.3,291900000,0.903204,0.517927,292200000,17533,17158,16781
NC_053039.3,292200000,0.893172,0.536997,292500000,18566,18424,17797
NC_053039.3,292500000,0.914942,0.508797,292800000,17780,17036,16544
NC_053039.3,292800000,0.924809,0.531607,293100000,18687,17623,17689
NC_053039.3,293100000,0.909288,0.52552,293400000,18427,17386,17184
NC_053039.3,293400000,0.912873,0.508463,293700000,17322,16940,16810
NC_053039.3,293700000,0.916797,0.52296,294000000,18957,18610,18325
NC_053039.3,294000000,0.949585,0.54929,294300000,20235,19603,19321
NC_053039.3,294300000,0.876446,0.53023,294600000,17766,17003,16906
NC_053039.3,294600000,0.899669,0.53813,294900000,19208,18474,18327
NC_053039.3,294900000,0.928191,0.542963,295200000,18926,18501,17984
NC_053039.3,295200000,0.895187,0.53931,295500000,18752,18000,17561
NC_053039.3,295500000,0.930967,0.525677,295800000,19190,18349,18371
NC_053039.3,295800000,0.918549,0.517307,296100000,18624,18578,17358
NC_053039.3,296100000,0.924788,0.548053,296400000,19231,18566,18387
NC_053039.3,296400000,0.885596,0.533773,296700000,20091,19439,19221
NC_053039.3,296700000,0.918073,0.52306,297000000,20453,19989,19561
NC_053039.3,297000000,0.944706,0.519017,297300000,20179,19389,18807
NC_053039.3,297300000,0.911793,0.51826,297600000,18059,17484,17254
NC_053039.3,297600000,0.953531,0.5164,297900000,19810,19333,18985
NC_053039.3,297900000,0.92403,0.52972,298200000,20407,19370,19298
NC_053039.3,298200000,0.917668,0.520963,298500000,18771,18465,17517
NC_053039.3,298500000,0.879877,0.536507,298800000,19619,18921,18631
NC_053039.3,298800000,0.927649,0.547223,299100000,20325,19383,19405
NC_053039.3,299100000,0.89032,0.564523,299400000,20143,20120,19478
NC_053039.3,299400000,0.928252,0.536983,299700000,19294,18758,18338
NC_053039.3,299700000,0.894339,0.539757,300000000,20586,20155,19996
NC_053039.3,300000000,0.922053,0.54498,300300000,19772,19720,19440
NC_053039.3,300300000,0.884712,0.54734,300600000,18371,18139,17809
NC_053039.3,300600000,0.923278,0.526357,300900000,20682,19899,19294
NC_053039.3,300900000,0.929384,0.53892,301200000,20615,20230,19788
NC_053039.3,301200000,0.927629,0.545137,301500000,19582,19328,18953
NC_053039.3,301500000,0.964129,0.535873,301800000,21741,21569,20991
NC_053039.3,301800000,0.898249,0.560457,302100000,19144,18923,18681
NC_053039.3,302100000,0.903916,0.54992,302400000,20844,20199,19748
NC_053039.3,302400000,0.900397,0.53467,302700000,19688,19272,19099
NC_053039.3,302700000,0.932686,0.54581,303000000,20158,19802,19470
NC_053039.3,303000000,0.949138,0.53758,303300000,21229,20511,20507
NC_053039.3,303300000,0.881179,0.539983,303600000,20796,20192,19915
NC_053039.3,303600000,0.822222,0.55372,303900000,19213,18462,18456
NC_053039.3,303900000,0.910886,0.556047,304200000,19022,18692,18286
NC_053039.3,304200000,0.895709,0.542097,304500000,20180,19875,19288
NC_053039.3,304500000,0.917922,0.537867,304800000,19532,19030,18699
NC_053039.3,304800000,0.948408,0.544047,305100000,20876,20192,19709
NC_053039.3,305100000,0.931315,0.54516,305400000,20863,20009,19994
NC_053039.3,305400000,0.943529,0.534693,305700000,21700,21245,20466
NC_053039.3,305700000,0.89481,0.546133,306000000,20447,20495,19758
NC_053039.3,306000000,0.947112,0.55923,306300000,19355,19369,18739
NC_053039.3,306300000,0.865063,0.544137,306600000,20878,20428,20119
NC_053039.3,306600000,0.901755,0.525893,306900000,21791,21483,20761
NC_053039.3,306900000,0.92055,0.538673,307200000,20445,20117,19820
NC_053039.3,307200000,0.937474,0.534153,307500000,20531,19624,19035
NC_053039.3,307500000,0.932997,0.518503,307800000,19703,19329,18982
NC_053039.3,307800000,0.945089,0.531467,308100000,20900,20189,19837
NC_053039.3,308100000,0.898294,0.540343,308400000,21910,21440,21146
NC_053039.3,308400000,0.944,0.537263,308700000,22673,21662,21468
NC_053039.3,308700000,0.914644,0.531427,309000000,20725,19575,19283
NC_053039.3,309000000,0.895649,0.512257,309300000,20796,20156,19928
NC_053039.3,309300000,0.911848,0.51335,309600000,22460,22016,21187
NC_053039.3,309600000,0.951235,0.508567,309900000,22210,21246,21129
NC_053039.3,309900000,0.945101,0.54004,310200000,20318,19737,18943
NC_053039.3,310200000,0.92879,0.528853,310500000,19912,19672,19072
NC_053039.3,310500000,0.889682,0.532163,310800000,23922,22847,22619
NC_053039.3,310800000,0.925623,0.532327,311100000,21420,21027,20573
NC_053039.3,311100000,0.889886,0.525877,311400000,20787,20558,20132
NC_053039.3,311400000,0.921436,0.528993,311700000,20824,20392,20167
NC_053039.3,311700000,0.946545,0.526067,312000000,21335,20734,20015
NC_053039.3,312000000,0.911388,0.538763,312300000,20672,20016,19629
NC_053039.3,312300000,0.890872,0.52763,312600000,21665,21009,20622
NC_053039.3,312600000,0.910235,0.542983,312900000,21534,21076,20858
NC_053039.3,312900000,0.918012,0.53354,313200000,20958,20206,20050
NC_053039.3,313200000,0.928928,0.527907,313500000,19901,19829,19020
NC_053039.3,313500000,0.92796,0.52738,313800000,19846,19340,19052
NC_053039.3,313800000,0.729252,0.525563,314100000,21642,20808,20545
NC_053039.3,314100000,0.931434,0.529467,314400000,20039,19453,18997
NC_053039.3,314400000,0.87433,0.538397,314700000,20961,21197,20538
NC_053039.3,314700000,0.927421,0.55103,315000000,21837,21081,21152
NC_053039.3,315000000,0.921886,0.530703,315300000,20238,20290,19781
NC_053039.3,315300000,0.894614,0.525827,315600000,21778,21271,20510
NC_053039.3,315600000,0.949751,0.52692,315900000,24304,23279,22757
NC_053039.3,315900000,0.942493,0.530107,316200000,22914,21504,21437
NC_053039.3,316200000,0.934029,0.541933,316500000,20112,19483,18831
NC_053039.3,316500000,0.891722,0.548677,316800000,18195,17912,17734
NC_053039.3,316800000,0.892316,0.49848,317100000,17417,17081,16420
NC_053039.3,317100000,0.932047,0.527927,317400000,17144,16766,16963
NC_053039.3,317400000,0.921743,0.52852,317700000,19768,19227,18483
NC_053039.3,317700000,0.958339,0.541253,318000000,20290,19365,19003
NC_053039.3,318000000,0.894793,0.523603,318300000,24818,23527,23087
NC_053039.3,318300000,0.904415,0.53827,318600000,21668,20188,20426
NC_053039.3,318600000,0.910421,0.542207,318900000,19965,19250,19055
NC_053039.3,318900000,0.90146,0.547863,319200000,21119,20096,20271
NC_053039.3,319200000,0.910444,0.515723,319500000,20445,20043,19113
NC_053039.3,319500000,0.885018,0.533913,319800000,20061,19691,19314
NC_053039.3,319800000,0.888347,0.526237,320100000,19816,19360,19062
NC_053039.3,320100000,0.919294,0.51279,320400000,19586,18968,18722
NC_053039.3,320400000,0.922728,0.54965,320700000,20133,19616,19140
NC_053039.3,320700000,0.866497,0.52083,321000000,21780,21701,20691
NC_053039.3,321000000,0.89011,0.52743,321300000,20964,20197,19982
NC_053039.3,321300000,0.892159,0.52017,321600000,19595,18919,18467
NC_053039.3,321600000,0.9103,0.532447,321900000,20815,20254,19769
NC_053039.3,321900000,0.937547,0.540487,322200000,20875,20033,19848
NC_053039.3,322200000,0.917114,0.541803,322500000,20284,19411,18987
NC_053039.3,322500000,0.884509,0.535937,322800000,20265,19501,19253
NC_053039.3,322800000,0.925573,0.538577,323100000,20287,19621,19522
NC_053039.3,323100000,0.893798,0.538473,323400000,20038,19379,19152
NC_053039.3,323400000,0.893793,0.54066,323700000,20552,19841,19604
NC_053039.3,323700000,0.943713,0.550623,324000000,19914,19435,19385
NC_053039.3,324000000,0.933503,0.525933,324300000,20942,20581,19921
NC_053039.3,324300000,0.876125,0.544817,324600000,19831,19661,19276
NC_053039.3,324600000,0.927746,0.52721,324900000,20236,19689,19296
NC_053039.3,324900000,0.919269,0.539287,325200000,20185,19978,19458
NC_053039.3,325200000,0.963795,0.53466,325500000,20557,19567,19666
NC_053039.3,325500000,0.946608,0.541547,325800000,19963,19871,19656
NC_053039.3,325800000,0.909004,0.532407,326100000,20621,19916,19587
NC_053039.3,326100000,0.853835,0.53371,326400000,19893,19296,18890
NC_053039.3,326400000,0.946466,0.514303,326700000,18589,18139,17773
NC_053039.3,326700000,0.922396,0.537343,327000000,20709,19564,19987
NC_053039.3,327000000,0.860016,0.52857,327300000,20237,19681,19939
NC_053039.3,327300000,0.920086,0.55782,327600000,20329,20151,19530
NC_053039.3,327600000,0.917057,0.525447,327900000,19547,18901,18623
NC_053039.3,327900000,0.903021,0.526993,328200000,21178,20644,20148
NC_053039.3,328200000,0.933061,0.534553,328500000,20089,19745,19044
NC_053039.3,328500000,0.915408,0.546653,328800000,21298,20884,20290
NC_053039.3,328800000,0.922349,0.55619,329100000,21256,20266,20430
NC_053039.3,329100000,0.911952,0.542077,329400000,20669,20280,20237
NC_053039.3,329400000,0.902841,0.533813,329700000,21525,21145,20546
NC_053039.3,329700000,0.900715,0.55332,330000000,20843,20256,19901
NC_053039.3,330000000,0.942491,0.538853,330300000,20542,20336,19795
NC_053039.3,330300000,0.954172,0.534037,330600000,19263,19094,18565
NC_053039.3,330600000,0.933087,0.530077,330900000,19333,19437,18880
NC_053039.3,330900000,0.935028,0.556093,331200000,21038,20730,20176
NC_053039.3,331200000,0.908686,0.54479,331500000,21113,20661,20263
NC_053039.3,331500000,0.940393,0.530677,331800000,20596,20166,19669
NC_053039.3,331800000,0.925918,0.5155,332100000,20802,20248,19838
NC_053039.3,332100000,0.936823,0.543273,332400000,20428,20135,19517
NC_053039.3,332400000,0.88395,0.540477,332700000,22505,21970,21286
NC_053039.3,332700000,0.904208,0.549537,333000000,21160,20693,20672
NC_053039.3,333000000,0.908518,0.537967,333300000,20510,20402,19956
NC_053039.3,333300000,0.925657,0.523743,333600000,20932,20540,19911
NC_053039.3,333600000,0.944651,0.516287,333900000,19631,19133,18709
NC_053039.3,333900000,0.910686,0.541443,334200000,21189,20564,20419
NC_053039.3,334200000,0.957382,0.53131,334500000,19852,19432,19377
NC_053039.3,334500000,0.961081,0.544633,334800000,20078,19601,19345
NC_053039.3,334800000,0.934743,0.533253,335100000,21254,20781,20107
NC_053039.3,335100000,0.904253,0.533507,335400000,19974,19770,19303
NC_053039.3,335400000,0.902496,0.534167,335700000,21864,21338,20766
NC_053039.3,335700000,0.879732,0.519983,336000000,19211,18746,18499
NC_053039.3,336000000,0.888825,0.544683,336300000,19516,19132,18183
NC_053039.3,336300000,0.865174,0.52673,336600000,22088,21375,20816
NC_053039.3,336600000,0.87164,0.52712,336900000,21135,20330,20102
NC_053039.3,336900000,0.871036,0.52009,337200000,20933,20771,20483
NC_053039.3,337200000,0.893383,0.525297,337500000,20786,20499,20275
NC_053039.3,337500000,0.94102,0.537433,337800000,19419,19387,19067
NC_053039.3,337800000,0.892846,0.531413,338100000,19313,19084,18474
NC_053039.3,338100000,0.890204,0.543927,338400000,18991,18823,18626
NC_053039.3,338400000,0.899058,0.545837,338700000,16721,15980,15990
NC_053039.3,338700000,0.890361,0.548293,339000000,12988,12553,12675
NC_053039.3,339000000,0.895081,0.536653,339300000,16389,15827,15486
NC_053039.3,339300000,0.912623,0.54528,339600000,19916,19809,19266
NC_053039.3,339600000,0.900313,0.54201,339900000,19517,18631,18373
NC_053039.3,339900000,0.855441,0.54146,340200000,21486,21076,20518
NC_053039.3,340200000,0.920946,0.534843,340500000,20736,20739,20085
NC_053039.3,340500000,0.879706,0.524267,340800000,22154,21106,21064
NC_053039.3,340800000,0.902424,0.55788,341100000,20635,20327,19913
NC_053039.3,341100000,0.8682,0.538793,341400000,22430,21974,22081
NC_053039.3,341400000,0.940382,0.54607,341700000,20465,20399,19634
NC_053039.3,341700000,0.924849,0.539263,342000000,21050,20511,19876
NC_053039.3,342000000,0.890138,0.528253,342300000,22446,21686,21395
NC_053039.3,342300000,0.886335,0.538447,342600000,22244,21313,21462
NC_053039.3,342600000,0.962575,0.548983,342900000,21044,20225,20102
NC_053039.3,342900000,0.908192,0.534943,343200000,21216,20709,20294
NC_053039.3,343200000,0.91432,0.551393,343500000,19962,19402,19398
NC_053039.3,343500000,0.874504,0.535277,343800000,21350,21162,20775
NC_053039.3,343800000,0.926366,0.540403,344100000,20858,20440,20606
NC_053039.3,344100000,0.86513,0.54312,344400000,20782,20304,20066
NC_053039.3,344400000,0.936584,0.546263,344700000,21408,20642,20111
NC_053039.3,344700000,0.915915,0.546487,345000000,21364,21405,20621
NC_053039.3,345000000,0.896525,0.538097,345300000,18833,19084,18395
NC_053039.3,345300000,0.934239,0.52825,345600000,20257,19817,19565
NC_053039.3,345600000,0.900616,0.538763,345900000,18077,17574,17497
NC_053039.3,345900000,0.916003,0.53099,346200000,13823,13045,13038
NC_053039.3,346200000,0.927253,0.53564,346500000,9150,8542,8331
NC_053039.3,346500000,0.908325,0.550637,346800000,11930,11709,11557
NC_053039.3,346800000,0.965595,0.52378,347100000,8255,7655,7738
NC_053039.3,347100000,0.763992,0.539033,347400000,15256,14742,14484
NC_053039.3,347400000,0.812255,0.53544,347700000,11017,10310,10321
NC_053039.3,347700000,0.902575,0.542863,348000000,12771,12195,12154
NC_053039.3,348000000,0.840635,0.550323,348300000,13093,12671,12715
NC_053039.3,348300000,0.873464,0.53408,348600000,13835,13208,13148
NC_053039.3,348600000,0.900681,0.518383,348900000,12874,12463,12356
NC_053039.3,348900000,0.883746,0.556073,349200000,10532,10106,10098
NC_053039.3,349200000,0.874329,0.540883,349500000,20539,20413,19924
NC_053039.3,349500000,0.825975,0.548517,349800000,20355,19690,19340
NC_053039.3,349800000,0.925455,0.520817,350100000,21297,20622,20210
NC_053039.3,350100000,0.936824,0.521023,350400000,20698,20172,19718
NC_053039.3,350400000,0.866655,0.538313,350700000,18721,18132,18136
NC_053039.3,350700000,0.900665,0.541953,351000000,6222,5957,5876
NC_053039.3,351000000,0.858881,0.548353,351300000,12274,12377,11892
NC_053039.3,351300000,0.941307,0.540703,351600000,10491,10537,10307
NC_053039.3,351600000,0.880208,0.51225,351900000,11446,11386,11225
NC_053039.3,351900000,0.930762,0.545247,352200000,19101,19095,18400
NC_053039.3,352200000,0.935302,0.52183,352500000,19382,19462,19045
NC_053039.3,352500000,0.942503,0.5414,352800000,20469,20379,19456
NC_053039.3,352800000,0.926839,0.53403,353100000,20033,19215,18970
NC_053039.3,353100000,0.934746,0.533037,353400000,19154,18347,18110
NC_053039.3,353400000,0.924699,0.547187,353700000,18150,18212,18002
NC_053039.3,353700000,0.933338,0.51625,354000000,19206,18442,17894
NC_053039.3,354000000,0.947765,0.545043,354300000,20115,19233,19382
NC_053039.3,354300000,0.895522,0.537167,354600000,19763,18863,18485
NC_053039.3,354600000,0.930115,0.54229,354900000,19430,18999,18786
NC_053039.3,354900000,0.940778,0.53851,355200000,19372,18788,18372
NC_053039.3,355200000,0.948871,0.531833,355500000,17776,17334,17377
NC_053039.3,355500000,0.959182,0.52336,355800000,19829,19029,18649
NC_053039.3,355800000,0.96582,0.507473,356100000,19547,18833,18426
NC_053039.3,356100000,0.919267,0.55829,356400000,19139,19219,18683
NC_053039.3,356400000,0.837,0.533627,356700000,19295,19021,18714
NC_053039.3,356700000,0.87277,0.538663,357000000,20982,20261,19719
NC_053039.3,357000000,0.949048,0.52777,357300000,20652,19949,19790
NC_053039.3,357300000,0.962027,0.53677,357600000,19362,18703,18346
NC_053039.3,357600000,0.909305,0.51459,357900000,18400,18569,17834
NC_053039.3,357900000,0.903558,0.540217,358200000,21480,21199,20465
NC_053039.3,358200000,0.867065,0.542837,358500000,20420,19952,20042
NC_053039.3,358500000,0.89629,0.53002,358800000,18413,17973,17657
NC_053039.3,358800000,0.924362,0.53302,359100000,19730,19161,18734
NC_053039.3,359100000,0.885149,0.535637,359400000,20545,19555,19514
NC_053039.3,359400000,0.842957,0.526517,359700000,17419,17027,17142
NC_053039.3,359700000,0.923125,0.546553,360000000,17605,16940,16965
NC_053039.3,360000000,0.898917,0.53332,360300000,19148,19420,18600
NC_053039.3,360300000,0.854024,0.516343,360600000,18336,18077,17595
NC_053039.3,360600000,0.867195,0.523917,360900000,24865,24183,23850
NC_053039.3,360900000,0.904607,0.534497,361200000,18476,17966,17592
NC_053039.3,361200000,0.877278,0.515363,361500000,17430,17245,16906
NC_053039.3,361500000,0.912848,0.53057,361800000,19017,18797,18249
NC_053039.3,361800000,0.879405,0.508173,362100000,18295,18402,17527
NC_053039.3,362100000,0.931395,0.530647,362400000,18441,17910,17606
NC_053039.3,362400000,0.934662,0.546747,362700000,21363,20900,20047
NC_053039.3,362700000,0.940422,0.531527,363000000,19000,18781,18506
NC_053039.3,363000000,0.909866,0.523517,363300000,19040,18625,17950
NC_053039.3,363300000,0.891858,0.534903,363600000,18120,17633,17376
NC_053039.3,363600000,0.904119,0.532963,363900000,20523,20096,19674
NC_053039.3,363900000,0.878478,0.530387,364200000,14777,14336,14216
NC_053039.3,364200000,0.921588,0.523507,364500000,18696,18623,18380
NC_053039.3,364500000,0.904539,0.526643,364800000,20260,20037,19675
NC_053039.3,364800000,0.936292,0.519677,365100000,15072,14638,14600
NC_053039.3,365100000,0.880555,0.546613,365400000,17243,16569,16456
NC_053039.3,365400000,0.954503,0.532493,365700000,20407,20001,19415
NC_053039.3,365700000,0.895781,0.52548,366000000,21185,20693,20180
NC_053039.3,366000000,0.906345,0.557827,366300000,20515,20055,19866
NC_053039.3,366300000,0.897719,0.534033,366600000,19939,19644,19179
NC_053039.3,366600000,0.905241,0.555903,366900000,19270,19068,18693
NC_053039.3,366900000,0.899274,0.543037,367200000,19017,18822,18181
NC_053039.3,367200000,0.926643,0.547063,367500000,15986,15272,15089
NC_053039.3,367500000,0.936937,0.54646,367800000,20176,19640,19333
NC_053039.3,367800000,0.911737,0.546163,368100000,21997,21369,21314
NC_053039.3,368100000,0.934746,0.53966,368400000,21046,19899,19770
NC_053039.3,368400000,0.856245,0.532127,368700000,18776,18408,18162
NC_053039.3,368700000,0.913245,0.527437,369000000,20671,20355,19808
NC_053039.3,369000000,0.937761,0.526763,369300000,19665,18909,18870
NC_053039.3,369300000,0.891363,0.540507,369600000,21956,21513,21021
NC_053039.3,369600000,0.836031,0.544937,369900000,18742,18577,18059
NC_053039.3,369900000,0.900248,0.553953,370200000,18358,18292,18021
NC_053039.3,370200000,0.865965,0.52975,370500000,14985,15032,14525
NC_053039.3,370500000,0.909696,0.53135,370800000,16459,16263,15762
NC_053039.3,370800000,0.936182,0.5301,371100000,18034,17620,17004
NC_053039.3,371100000,0.894742,0.541283,371400000,19757,18934,18646
NC_053039.3,371400000,0.913422,0.540713,371700000,17740,17195,16976
NC_053039.3,371700000,0.890511,0.543503,372000000,18519,18147,17562
NC_053039.3,372000000,0.9142,0.544257,372300000,19258,18627,18355
NC_053039.3,372300000,0.922225,0.53336,372600000,18346,17618,17443
NC_053039.3,372600000,0.935913,0.49989,372900000,18978,18848,18037
NC_053039.3,372900000,0.913078,0.516853,373200000,18828,18156,17998
NC_053039.3,373200000,0.947458,0.530843,373500000,19642,19289,18537
NC_053039.3,373500000,0.92054,0.535527,373800000,16542,16008,15958
NC_053039.3,373800000,0.937582,0.558507,374100000,16286,15721,15637
NC_053039.3,374100000,0.901242,0.54334,374400000,10200,9791,9508
NC_053039.3,374400000,0.918833,0.544193,374700000,16722,15995,16156
NC_053039.3,374700000,0.880331,0.5529,375000000,17000,16352,16292
NC_053039.3,375000000,0.937069,0.53162,375300000,15996,15677,15228
NC_053039.3,375300000,0.951941,0.548193,375600000,10077,9877,9630
NC_053039.3,375600000,0.917854,0.528993,375900000,12569,11841,11838
NC_053039.3,375900000,0.899414,0.537703,376200000,12608,12045,12482
NC_053039.3,376200000,0.953541,0.516873,376500000,10709,10455,10166
NC_053039.3,376500000,0.910024,0.535003,376800000,10462,10248,9979
NC_053039.3,376800000,0.927027,0.52578,377100000,10634,10137,9952
NC_053039.3,377100000,0.899362,0.550233,377400000,13417,12963,12819
NC_053039.3,377400000,0.893697,0.50912,377700000,9327,9100,8819
NC_053039.3,377700000,0.864153,0.528107,378000000,19233,18575,18761
NC_053039.3,378000000,0.892924,0.56185,378300000,20718,20353,19679
NC_053039.3,378300000,0.901343,0.52936,378600000,21773,21227,20960
NC_053039.3,378600000,0.925469,0.523323,378900000,21467,20758,20509
NC_053039.3,378900000,0.898121,0.519067,379200000,21218,20708,20023
NC_053039.3,379200000,0.883625,0.548443,379500000,22150,21747,21606
NC_053039.3,379500000,0.863013,0.52568,379800000,21299,20935,20226
NC_053039.3,379800000,0.892976,0.531543,380100000,13305,12896,12914
NC_053039.3,380100000,0.872198,0.542087,380400000,18937,18257,17976
NC_053039.3,380400000,0.84825,0.54132,380700000,20231,19589,19214
NC_053039.3,380700000,0.901421,0.529937,381000000,21695,21655,21091
NC_053039.3,381000000,0.912806,0.536903,381300000,16891,16252,15994
NC_053039.3,381300000,0.938244,0.525573,381600000,24669,23132,22910
NC_053039.3,381600000,0.8752,0.53729,381900000,18431,17839,17975
NC_053039.3,381900000,0.899987,0.52485,382200000,19056,18288,18027
NC_053039.3,382200000,0.887657,0.52342,382500000,18057,17572,17051
NC_053039.3,382500000,0.912653,0.55291,382800000,18628,17996,18069
NC_053039.3,382800000,0.906045,0.544017,383100000,18212,17949,17824
NC_053039.3,383100000,0.862771,0.537577,383400000,17719,17448,17111
NC_053039.3,383400000,0.891107,0.527417,383700000,18423,18291,17727
NC_053039.3,383700000,0.912792,0.54755,384000000,14633,14559,13953
NC_053039.3,384000000,0.91312,0.545867,384300000,21445,21142,20905
NC_053039.3,384300000,0.901901,0.550263,384600000,21035,20468,20004
NC_053039.3,384600000,0.880561,0.537453,384900000,17358,16918,16693
NC_053039.3,384900000,0.911582,0.525797,385200000,21005,20539,19974
NC_053039.3,385200000,0.94486,0.544657,385500000,18458,18176,17535
NC_053039.3,385500000,0.903605,0.524427,385800000,21877,20903,21101
NC_053039.3,385800000,0.949496,0.521543,386100000,20861,20196,19825
NC_053039.3,386100000,0.947334,0.520393,386400000,17941,17580,17070
NC_053039.3,386400000,0.830445,0.53801,386700000,15522,14614,14559
NC_053039.3,386700000,0.771773,0.568627,387000000,31021,29744,29030
NC_053039.3,387000000,0.858125,0.543177,387300000,20233,19903,19728
NC_053039.3,387300000,0.921142,0.554507,387600000,19413,19246,19066
NC_053039.3,387600000,0.882305,0.53504,387900000,19347,19068,18406
NC_053039.3,387900000,0.875022,0.53081,388200000,20629,20884,19904
NC_053039.3,388200000,0.862166,0.52588,388500000,17256,16828,16645
NC_053039.3,388500000,0.872307,0.540447,388800000,20878,20507,20195
NC_053039.3,388800000,0.850931,0.537807,389100000,21254,21108,20716
NC_053039.3,389100000,0.910924,0.55542,389400000,20545,20014,19932
NC_053039.3,389400000,0.930322,0.54165,389700000,19429,19244,18821
NC_053039.3,389700000,0.895832,0.55383,390000000,20410,19690,19575
NC_053039.3,390000000,0.912866,0.542397,390300000,19582,19601,19083
NC_053039.3,390300000,0.915816,0.512117,390600000,18513,17754,17438
NC_053039.3,390600000,0.91016,0.550487,390900000,17042,16965,16820
NC_053039.3,390900000,0.76656,0.538443,391200000,20179,19289,18750
NC_053039.3,391200000,0.898719,0.533327,391500000,19398,19138,18695
NC_053039.3,391500000,0.933274,0.54962,391800000,22251,21686,20746
NC_053039.3,391800000,0.902985,0.549393,392100000,15377,14812,14919
NC_053039.3,392100000,0.891054,0.552113,392400000,19575,19186,19089
NC_053039.3,392400000,0.918312,0.546373,392700000,20037,19407,19303
NC_053039.3,392700000,0.890404,0.53549,393000000,20582,20295,20067
NC_053039.3,393000000,0.922502,0.523877,393300000,20700,20077,20248
NC_053039.3,393300000,0.89515,0.531303,393600000,19317,18884,18500
NC_053039.3,393600000,0.893172,0.55641,393900000,18098,17364,17371
NC_053039.3,393900000,0.86692,0.539993,394200000,22114,21069,20940
NC_053039.3,394200000,0.917131,0.5507,394500000,21173,20792,20406
NC_053039.3,394500000,0.841121,0.544687,394800000,20523,19745,19742
NC_053039.3,394800000,0.911522,0.522573,395100000,19402,19237,18687
NC_053039.3,395100000,0.880264,0.547237,395400000,36269,37695,32534
NC_053039.3,395400000,0.891762,0.531537,395700000,20018,19346,19321
NC_053039.3,395700000,0.94369,0.531207,396000000,20895,20672,19798
NC_053039.3,396000000,0.924492,0.52447,396300000,22023,21434,20656
NC_053039.3,396300000,0.912687,0.552573,396600000,22468,21244,21197
NC_053039.3,396600000,0.864502,0.534007,396900000,21819,21781,21041
NC_053039.3,396900000,0.877151,0.54236,397200000,34069,32939,32302
NC_053039.3,397200000,0.922992,0.553923,397500000,30460,29940,29762
NC_053039.3,397500000,0.892574,0.530103,397800000,11717,11772,11465
NC_053039.3,397800000,0.932718,0.535317,398100000,9622,9473,9302
NC_053039.3,398100000,0.847164,0.54029,398400000,13238,13082,12797
NC_053039.3,398400000,0.864989,0.542573,398700000,16766,16697,16184
NC_053039.3,398700000,0.920456,0.535733,399000000,19974,19505,19525
NC_053039.3,399000000,0.921347,0.540307,399300000,16787,16298,16031
NC_053039.3,399300000,0.897654,0.54577,399600000,20956,20771,20517
NC_053039.3,399600000,0.839502,0.551587,399900000,19758,19706,19339
NC_053039.3,399900000,0.884491,0.541773,400200000,15422,15118,14770
NC_053039.3,400200000,0.890384,0.537233,400500000,16190,15834,15583
NC_053039.3,400500000,0.927164,0.539263,400800000,16799,16246,16133
NC_053039.3,400800000,0.866634,0.542447,401100000,22346,21698,21426
NC_053039.3,401100000,0.877583,0.53543,401400000,19785,19239,18782
NC_053039.3,401400000,0.847238,0.519543,401700000,15261,15240,14944
NC_053039.3,401700000,0.905661,0.53366,402000000,10030,9289,9233
NC_053039.3,402000000,0.859365,0.542147,402300000,14239,13948,13734
NC_053039.3,402300000,0.908716,0.53317,402600000,19772,19169,19054
NC_053039.3,402600000,0.902142,0.539267,402900000,21396,23478,20764
NC_053039.3,402900000,0.885441,0.560047,403200000,19329,18387,18522
NC_053039.3,403200000,0.903577,0.546957,403500000,22347,21794,21263
NC_053039.3,403500000,0.870236,0.55284,403800000,20837,20439,20015
NC_053039.3,403800000,0.905571,0.539203,404100000,18996,18565,18332
NC_053039.3,404100000,0.950497,0.540807,404400000,17044,16768,16332
NC_053039.3,404400000,0.90667,0.526887,404700000,18873,18471,17944
NC_053039.3,404700000,0.944647,0.54275,405000000,19784,18169,18355
NC_053039.3,405000000,0.825276,0.566747,405300000,53074,52405,51517
NC_053039.3,405300000,0.884557,0.513857,405600000,9621,9628,9262
NC_053039.3,405600000,0.907125,0.519687,405900000,10869,10430,10406
NC_053039.3,405900000,0.945795,0.53015,406200000,7490,6879,6999
NC_053039.3,406200000,0.91932,0.545487,406500000,17377,17331,16828
NC_053039.3,406500000,0.911658,0.540273,406800000,20229,19957,19187
NC_053039.3,406800000,0.921464,0.529627,407100000,19872,19421,19191
NC_053039.3,407100000,0.910299,0.503213,407400000,23119,22677,22149
NC_053039.3,407400000,0.926969,0.5232,407700000,22290,21585,21297
NC_053039.3,407700000,0.906884,0.54624,408000000,22756,21838,21558
NC_053039.3,408000000,0.936525,0.523583,408300000,25066,23842,23675
NC_053039.3,408300000,0.930025,0.546827,408600000,22805,21890,21712
NC_053039.3,408600000,0.867501,0.54643,408900000,16937,16184,16402
NC_053039.3,408900000,0.893232,0.5207,409200000,20827,20525,20049
NC_053039.3,409200000,0.849469,0.533147,409500000,20104,19576,19275
NC_053039.3,409500000,0.850993,0.5377,409800000,20057,19614,19375
NC_053039.3,409800000,0.919408,0.53675,410100000,22431,22153,21729
NC_053039.3,410100000,0.92464,0.53924,410400000,20950,20575,19891
NC_053039.3,410400000,0.864813,0.528613,410700000,18616,17829,18050
NC_053039.3,410700000,0.931621,0.544823,411000000,21670,21071,20602
NC_053039.3,411000000,0.83734,0.53424,411300000,19576,19232,18907
NC_053039.3,411300000,0.893862,0.522723,411600000,15637,15316,14966
NC_053039.3,411600000,0.909346,0.53593,411900000,14918,14337,14016
NC_053039.3,411900000,0.857525,0.53684,412200000,9448,9093,8957
NC_053039.3,412200000,0.840825,0.530303,412500000,16873,17058,16599
NC_053039.3,412500000,0.925615,0.536337,412800000,19761,18936,18954
NC_053039.3,412800000,0.873203,0.531047,413100000,18522,18200,17892
NC_053039.3,413100000,0.862309,0.522723,413400000,18938,18957,18406
NC_053039.3,413400000,0.913101,0.525947,413700000,18004,17520,17176
NC_053039.3,413700000,0.940854,0.547343,414000000,19645,19205,18703
NC_053039.3,414000000,0.946324,0.54078,414300000,20996,20544,20056
NC_053039.3,414300000,0.872258,0.55383,414600000,18997,19036,18340
NC_053039.3,414600000,0.855331,0.560733,414900000,18259,17983,17816
NC_053039.3,414900000,0.887852,0.55924,415200000,16510,16395,16332
NC_053039.3,415200000,0.634702,0.599967,415500000,24437,24888,24262
NC_053039.3,415500000,0.677395,0.596823,415800000,24999,25371,24633
NC_053039.3,415800000,0.555032,0.595767,416100000,17140,17067,16724
NC_053039.3,416100000,0.597723,0.595807,416400000,22259,22142,21543
NC_053039.3,416400000,0.780032,0.55541,416700000,23872,23727,23077
NC_053039.3,416700000,0.950565,0.536637,417000000,19742,19413,19104
NC_053039.3,417000000,0.936425,0.543977,417300000,19862,18924,18766
NC_053039.3,417300000,0.919427,0.54455,417600000,18261,17816,17606
NC_053039.3,417600000,0.859809,0.51295,417900000,12261,12048,11892
NC_053039.3,417900000,0.926141,0.535547,418200000,15258,14954,14638
NC_053039.3,418200000,0.937922,0.547193,418500000,17356,17069,16965
NC_053039.3,418500000,0.922925,0.53506,418800000,20772,19869,19601
NC_053039.3,418800000,0.911002,0.53834,419100000,20688,19830,19571
NC_053039.3,419100000,0.906664,0.545707,419400000,21135,20800,19888
NC_053039.3,419400000,0.926725,0.50978,419700000,20936,20228,19960
NC_053039.3,419700000,0.908713,0.548563,420000000,21517,20895,20556
NC_053039.3,420000000,0.902078,0.509557,420300000,18642,18173,17946
NC_053039.3,420300000,0.907285,0.52816,420600000,17367,17179,17029
NC_053039.3,420600000,0.869502,0.533083,420900000,16541,16010,15870
NC_053039.3,420900000,0.833309,0.52651,421200000,14568,14194,13986
NC_053039.3,421200000,0.824079,0.525657,421500000,14991,14891,14423
NC_053039.3,421500000,0.889933,0.538297,421800000,13473,13057,12988
NC_053039.3,421800000,0.902921,0.522977,422100000,20008,18744,18679
NC_053039.3,422100000,0.903181,0.546553,422400000,20293,20383,19968
NC_053039.3,422400000,0.945583,0.531983,422700000,21119,20329,19475
NC_053039.3,422700000,0.931829,0.53397,423000000,21220,20804,20468
NC_053039.3,423000000,0.835779,0.525927,423300000,14768,14673,14254
NC_053039.3,423300000,0.880983,0.547273,423600000,10560,10286,10295
NC_053039.3,423600000,0.929495,0.531143,423900000,12117,11618,11431
NC_053039.3,423900000,0.900843,0.549393,424200000,16756,16246,16522
NC_053039.3,424200000,0.90204,0.508547,424500000,11222,10819,10649
NC_053039.3,424500000,0.902601,0.544907,424800000,11077,10736,10534
NC_053039.3,424800000,0.894953,0.527837,425100000,17049,16729,16448
NC_053039.3,425100000,0.918669,0.534563,425400000,20395,20192,19697
NC_053039.3,425400000,0.945545,0.543753,425700000,14156,13849,13488
NC_053039.3,425700000,0.921097,0.524717,426000000,11689,11131,11081
NC_053039.3,426000000,0.937868,0.530497,426300000,7514,7173,6931
NC_053039.3,426300000,0.922458,0.536707,426600000,16909,16442,16037
NC_053039.3,426600000,0.93102,0.55207,426900000,21214,20332,20073
NC_053039.3,426900000,0.89274,0.539337,427200000,20705,20408,19774
NC_053039.3,427200000,0.890912,0.534197,427500000,20394,19918,19463
NC_053039.3,427500000,0.901712,0.542137,427800000,21265,20794,20589
NC_053039.3,427800000,0.915866,0.536893,428100000,21668,21242,20533
NC_053039.3,428100000,0.884461,0.534427,428400000,21007,20260,19808
NC_053039.3,428400000,0.901945,0.529133,428700000,20155,19467,18943
NC_053039.3,428700000,0.933215,0.551193,429000000,20638,20044,19811
NC_053039.3,429000000,0.898152,0.532653,429300000,19830,19008,18777
NC_053039.3,429300000,0.900765,0.520947,429600000,17888,17296,16846
NC_053039.3,429600000,0.927507,0.530363,429900000,19222,18839,18392
NC_053039.3,429900000,0.910026,0.511237,430200000,20613,19524,19332
NC_053039.3,430200000,0.895175,0.532873,430500000,18709,18396,18116
NC_053039.3,430500000,0.881721,0.53413,430800000,21353,20528,20440
NC_053039.3,430800000,0.8416,0.538253,431100000,20963,20336,20252
NC_053039.3,431100000,0.898589,0.542407,431400000,19129,19174,18632
NC_053039.3,431400000,0.92953,0.542117,431700000,19964,18870,18688
NC_053039.3,431700000,0.893543,0.53293,432000000,19924,19907,19249
NC_053039.3,432000000,0.893832,0.534547,432300000,19257,18946,18672
NC_053039.3,432300000,0.846341,0.529963,432600000,20646,20534,20008
NC_053039.3,432600000,0.869255,0.537713,432900000,20841,20032,19720
NC_053039.3,432900000,0.825011,0.548377,433200000,20947,20015,20008
NC_053039.3,433200000,0.864627,0.53714,433500000,21551,20754,20581
NC_053039.3,433500000,0.93432,0.535823,433800000,26998,26261,25396
NC_053039.3,433800000,0.774441,0.513097,434100000,19571,18819,18266
NC_053039.3,434100000,0.869314,0.535647,434400000,31754,28487,29065
NC_053039.3,434400000,0.879699,0.545913,434700000,30007,27956,27796
NC_053039.3,434700000,0.89897,0.555003,435000000,37154,36628,35784
NC_053039.3,435000000,0.938862,0.541997,435300000,19274,19414,18675
NC_053039.3,435300000,0.851156,0.55392,435600000,19506,19133,18572
NC_053039.3,435600000,0.910623,0.544853,435900000,19204,18741,18457
NC_053039.3,435900000,0.925718,0.52285,436200000,19842,19323,18888
NC_053039.3,436200000,0.857371,0.545227,436500000,15158,14417,14555
NC_053039.3,436500000,0.923697,0.5378,436800000,16974,16636,16502
NC_053039.3,436800000,0.883557,0.523997,437100000,14257,13548,13855
NC_053039.3,437100000,0.899569,0.5299,437400000,17464,16675,16313
NC_053039.3,437400000,0.898021,0.54681,437700000,16661,16048,16116
NC_053039.3,437700000,0.872449,0.53465,438000000,19436,18927,18659
NC_053039.3,438000000,0.923242,0.512173,438300000,13601,13142,12708
NC_053039.3,438300000,0.878548,0.528753,438600000,13737,13478,13107
NC_053039.3,438600000,0.906511,0.528587,438900000,23260,22851,22477
NC_053039.3,438900000,0.913248,0.52444,439200000,19467,19075,18557
NC_053039.3,439200000,0.895024,0.54994,439500000,13908,13776,13131
NC_053039.3,439500000,0.918976,0.538677,439800000,20246,19888,19421
NC_053039.3,439800000,0.921567,0.538593,440100000,19825,19552,19150
NC_053039.3,440100000,0.909857,0.556303,440400000,21081,20438,20567
NC_053039.3,440400000,0.932782,0.550203,440700000,21356,20625,20531
NC_053039.3,440700000,0.919831,0.539713,441000000,22025,21218,20703
NC_053039.3,441000000,0.944594,0.53047,441300000,20303,19859,19649
NC_053039.3,441300000,0.933668,0.534983,441600000,19914,19069,18790
NC_053039.3,441600000,0.844179,0.544027,441900000,19786,19157,18656
NC_053039.3,441900000,0.906648,0.544133,442200000,22649,22396,22960
NC_053039.3,442200000,0.944624,0.534653,442500000,19474,18800,18263
NC_053039.3,442500000,0.921528,0.55581,442800000,20154,19747,19123
NC_053039.3,442800000,0.864932,0.54431,443100000,23559,23216,23191
NC_053039.3,443100000,0.883206,0.53677,443400000,22050,20972,20982
NC_053039.3,443400000,0.939231,0.52974,443700000,19524,19051,18530
NC_053039.3,443700000,0.900455,0.5469,444000000,18731,18231,17767
NC_053039.3,444000000,0.904395,0.550053,444300000,16882,16645,16446
NC_053039.3,444300000,0.916244,0.52043,444600000,18305,17982,17483
NC_053039.3,444600000,0.895419,0.535207,444900000,18931,18709,18041
NC_053039.3,444900000,0.928887,0.52826,445200000,10732,10588,10361
NC_053039.3,445200000,0.881849,0.53509,445500000,11208,11024,10575
NC_053039.3,445500000,0.914789,0.54914,445800000,20503,20443,20040
NC_053039.3,445800000,0.855023,0.556167,446100000,22388,21662,21315
NC_053039.3,446100000,0.934523,0.54017,446400000,19171,19331,19080
NC_053039.3,446400000,0.92521,0.551157,446700000,20772,21456,18924
NC_053039.3,446700000,0.910044,0.535257,447000000,16277,15709,15477
NC_053039.3,447000000,0.883543,0.53512,447300000,15167,14659,14815
NC_053039.3,447300000,0.886018,0.546193,447600000,18327,17529,18796
NC_053039.3,447600000,0.852757,0.549023,447900000,19977,19711,19426
NC_053039.3,447900000,0.927455,0.553217,448200000,23149,22631,22111
NC_053039.3,448200000,0.899609,0.547373,448500000,20057,19921,19297
NC_053039.3,448500000,0.903241,0.546657,448800000,22344,21684,21136
NC_053039.3,448800000,0.893072,0.523077,449100000,18673,18856,18643
NC_053039.3,449100000,0.861465,0.546643,449400000,21675,20707,20467
NC_053039.3,449400000,0.875619,0.54887,449700000,15048,14801,14648
NC_053039.3,449700000,0.930024,0.524067,450000000,20114,20015,19274
NC_053039.3,450000000,0.891959,0.521543,450300000,19365,19200,18765
NC_053039.3,450300000,0.953384,0.534363,450600000,19611,19190,19012
NC_053039.3,450600000,0.900214,0.528967,450900000,15549,14584,14406
NC_053039.3,450900000,0.890915,0.53015,451200000,18109,17778,17432
NC_053039.3,451200000,0.879803,0.548063,451500000,18979,19091,18459
NC_053039.3,451500000,0.851847,0.541487,451800000,13456,13034,12936
NC_053039.3,451800000,0.846685,0.54385,452100000,10427,10162,10342
NC_053039.3,452100000,0.865652,0.534887,452400000,7718,7750,7418
NC_053039.3,452400000,0.818835,0.534377,452700000,13513,13215,13150
NC_053039.3,452700000,0.949503,0.548247,453000000,19711,19318,19030
NC_053039.3,453000000,0.901316,0.536783,453300000,21680,21822,21108
NC_053039.3,453300000,0.944846,0.54535,453600000,13052,12935,12622
NC_053039.3,453600000,0.893773,0.546463,453900000,17737,16674,16869
NC_053039.3,453900000,0.951893,0.537603,454200000,5685,5341,5381
NC_053039.3,454200000,0.899427,0.548063,454500000,16748,16541,16487
NC_053039.3,454500000,0.91531,0.552453,454800000,9733,9076,9123
NC_053039.3,454800000,0.907695,0.54763,455100000,9854,10578,11128
NC_053039.3,455100000,0.922593,0.5409,455400000,18963,18106,17789
NC_053039.3,455400000,0.922936,0.54225,455700000,21499,20867,20399
NC_053039.3,455700000,0.891321,0.553203,456000000,21683,21096,20641
NC_053039.3,456000000,0.878895,0.551837,456300000,21774,21439,21405
NC_053039.3,456300000,0.905896,0.54895,456600000,22118,21727,21413
NC_053039.3,456600000,0.922779,0.5493,456900000,21711,21165,20913
NC_053039.3,456900000,0.823709,0.520453,457200000,23299,23062,22430
NC_053039.3,457200000,0.867121,0.531423,457500000,21734,21306,21335
NC_053039.3,457500000,0.896086,0.536027,457800000,20804,19961,19705
NC_053039.3,457800000,0.898147,0.544377,458100000,17217,17052,16661
NC_053039.3,458100000,0.908918,0.536937,458400000,11737,11537,11410
NC_053039.3,458400000,0.877072,0.54463,458700000,13099,12880,12339
NC_053039.3,458700000,0.901438,0.530003,459000000,17994,17549,17090
NC_053039.3,459000000,0.898028,0.54324,459300000,11807,11610,11429
NC_053039.3,459300000,0.888542,0.53781,459600000,15540,14999,14502
NC_053039.3,459600000,0.925489,0.545907,459900000,11720,11192,11222
NC_053039.3,459900000,0.864153,0.541217,460200000,17140,16085,16170
NC_053039.3,460200000,0.916386,0.539827,460500000,17041,16780,16520
NC_053039.3,460500000,0.837997,0.533553,460800000,20031,19661,19716
NC_053039.3,460800000,0.893178,0.54326,461100000,13742,13406,13212
NC_053039.3,461100000,0.836175,0.543847,461400000,19232,18958,18485
NC_053039.3,461400000,0.852421,0.542853,461700000,19619,19257,19018
NC_053039.3,461700000,0.8914,0.54669,462000000,13626,13635,13056
NC_053039.3,462000000,0.913899,0.53462,462300000,13983,13485,13392
NC_053039.3,462300000,0.906619,0.542707,462600000,13165,12482,13101
NC_053039.3,462600000,0.939885,0.544513,462900000,13635,13328,13392
NC_053039.3,462900000,0.937497,0.55842,463200000,20235,19747,19355
NC_053039.3,463200000,0.890494,0.54126,463500000,19911,19224,19102
NC_053039.3,463500000,0.91053,0.531973,463800000,19929,19558,19121
NC_053039.3,463800000,0.861089,0.534007,464100000,23858,23010,22920
NC_053039.3,464100000,0.928328,0.53137,464400000,20874,20210,19725
NC_053039.3,464400000,0.885667,0.534693,464700000,22020,21818,21128
NC_053039.3,464700000,0.851705,0.543943,465000000,24209,23241,23394
NC_053039.3,465000000,0.904772,0.553517,465300000,20503,19779,19597
NC_053039.3,465300000,0.870412,0.545067,465600000,17252,16960,16392
NC_053039.3,465600000,0.867322,0.54363,465900000,21428,20656,20583
NC_053039.3,465900000,0.880131,0.548657,466200000,20640,20580,20117
NC_053039.3,466200000,0.848193,0.531947,466500000,22733,22196,21932
NC_053039.3,466500000,0.882448,0.544093,466800000,20585,19945,20212
NC_053039.3,466800000,0.874093,0.52198,467100000,22459,22080,21643
NC_053039.3,467100000,0.91898,0.5329,467400000,21139,20497,20783
NC_053039.3,467400000,0.912389,0.5267,467700000,20757,20095,19616
NC_053039.3,467700000,0.800561,0.542283,468000000,21802,21265,20941
NC_053039.3,468000000,0.877493,0.553457,468300000,20446,19935,19716
NC_053039.3,468300000,0.895052,0.54225,468600000,20415,20347,20066
NC_053039.3,468600000,0.869413,0.543013,468900000,17343,16435,16317
NC_053039.3,468900000,0.89455,0.518803,469200000,16871,16124,16091
NC_053039.3,469200000,0.731732,0.537193,469500000,22955,21729,22009
NC_053039.3,469500000,0.78529,0.532,469800000,20633,20384,20207
NC_053039.3,469800000,0.879107,0.51954,470100000,16143,15934,15461
NC_053039.3,470100000,0.921526,0.53463,470400000,22124,21571,21262
NC_053039.3,470400000,0.892862,0.512313,470700000,21201,20552,20720
NC_053039.3,470700000,0.910222,0.538603,471000000,20077,19673,19575
NC_053039.3,471000000,0.877833,0.551433,471300000,22049,21189,21069
NC_053039.3,471300000,0.896145,0.521933,471600000,17503,17261,17046
NC_053039.3,471600000,0.884386,0.538443,471900000,15143,14369,14470
NC_053039.3,471900000,0.781224,0.542913,472200000,18549,18433,18078
NC_053039.3,472200000,0.873578,0.532453,472500000,18854,18467,18490
NC_053039.3,472500000,0.94411,0.53544,472800000,16578,15973,15721
NC_053039.3,472800000,0.847179,0.53816,473100000,17845,17495,17401
NC_053039.3,473100000,0.924395,0.51125,473400000,22393,21749,20981
NC_053039.3,473400000,0.923691,0.53646,473700000,14817,14542,13954
NC_053039.3,473700000,0.897393,0.549677,474000000,22123,21560,21123
NC_053039.3,474000000,0.847333,0.53998,474300000,17644,17549,16969
NC_053039.3,474300000,0.823414,0.54228,474600000,11640,11671,11298
NC_053039.3,474600000,0.84847,0.539337,474900000,18820,18924,18113
NC_053039.3,474900000,0.89883,0.53261,475200000,22236,21893,21411
NC_053039.3,475200000,0.87699,0.5421,475500000,24294,23453,23334
NC_053039.3,475500000,0.839424,0.527523,475800000,18672,18401,17920
NC_053039.3,475800000,0.913955,0.5519,476100000,19652,18835,19267
NC_053039.3,476100000,0.930437,0.545487,476400000,21168,20196,20413
NC_053039.3,476400000,0.887658,0.512387,476700000,19427,19172,18642
NC_053039.3,476700000,0.920738,0.526367,477000000,19180,18642,18422
NC_053039.3,477000000,0.898759,0.494363,477300000,15319,14543,14494
NC_053039.3,477300000,0.934924,0.528223,477600000,15547,14813,14610
NC_053039.3,477600000,0.87492,0.51643,477900000,14057,13174,13060
NC_053039.3,477900000,0.894027,0.531043,478200000,17640,17287,16927
NC_053039.3,478200000,0.916729,0.522473,478500000,15109,14649,14377
NC_053039.3,478500000,0.872819,0.534543,478800000,15674,15370,15233
NC_053039.3,478800000,0.913589,0.538873,479100000,19001,18605,18085
NC_053039.3,479100000,0.88345,0.541957,479400000,24421,22709,22737
NC_053039.3,479400000,0.857965,0.519523,479700000,17895,17745,17040
NC_053039.3,479700000,0.864252,0.535257,480000000,14579,14087,13896
NC_053039.3,480000000,0.899303,0.526773,480300000,14803,14190,13985
NC_053039.3,480300000,0.922475,0.51705,480600000,16784,16676,16173
NC_053039.3,480600000,0.938033,0.52564,480900000,15674,15019,15044
NC_053039.3,480900000,0.891629,0.508867,481200000,13121,12659,12175
NC_053039.3,481200000,0.892173,0.509937,481500000,13029,13007,12724
NC_053039.3,481500000,0.922335,0.515627,481800000,3572,3179,3230
NC_053039.3,481800000,0.856526,0.539807,482100000,11321,11189,10881
NC_053039.3,482100000,0.905684,0.513937,482400000,12253,11609,11442
NC_053039.3,482400000,0.921903,0.541593,482700000,13241,12639,12333
NC_053039.3,482700000,0.88647,0.52882,483000000,13655,13217,13359
NC_053039.3,483000000,0.882163,0.528493,483300000,11305,11294,10896
NC_053039.3,483300000,0.903311,0.54178,483600000,15184,14245,14565
NC_053039.3,483600000,0.913595,0.539933,483900000,13380,13061,12827
NC_053039.3,483900000,0.883477,0.526543,484200000,19356,18850,18480
NC_053039.3,484200000,0.891891,0.533173,484500000,22123,21934,21475
NC_053039.3,484500000,0.931054,0.537723,484800000,21330,20617,20775
NC_053039.3,484800000,0.891686,0.52184,485100000,21433,21334,20772
NC_053039.3,485100000,0.601525,0.510697,485400000,20293,19464,19158
NC_053039.3,485400000,0.745081,0.504027,485700000,20525,20209,19668
NC_053039.3,485700000,0.93153,0.511287,486000000,20758,20356,19861
NC_053039.3,486000000,0.904751,0.511907,486300000,23182,22528,22438
NC_053039.3,486300000,0.934548,0.546863,486600000,29391,27152,27277
NC_053039.3,486600000,0.916954,0.503923,486900000,34226,30836,31184
NC_053039.3,486900000,0.899566,0.533943,487200000,38077,36342,36018
NC_053039.3,487200000,0.904401,0.526773,487500000,27406,25989,25290
NC_053039.3,487500000,0.941636,0.532973,487800000,19825,19398,19229
NC_053039.3,487800000,0.928215,0.527573,488100000,8915,8015,7770
NC_053039.3,488100000,0.870609,0.555697,488400000,16505,16520,16007
NC_053039.3,488400000,0.90621,0.531707,488700000,18815,18903,18181
NC_053039.3,488700000,0.850461,0.53711,489000000,20034,19035,19154
NC_053039.3,489000000,0.905631,0.524937,489300000,19981,19494,19079
NC_053039.3,489300000,0.916567,0.52424,489600000,18652,18418,17983
NC_053039.3,489600000,0.883381,0.539327,489900000,14027,14324,13637
NC_053039.3,489900000,0.939478,0.532503,490200000,18406,18251,17622
NC_053039.3,490200000,0.940137,0.53122,490500000,19141,18983,18417
NC_053039.3,490500000,0.921652,0.532587,490800000,16558,15901,15651
NC_053039.3,490800000,0.931358,0.544863,491100000,13491,13449,13286
NC_053039.3,491100000,0.92244,0.53769,491400000,20876,20524,19867
NC_053039.3,491400000,0.908443,0.537557,491700000,21368,20509,20574
NC_053039.3,491700000,0.882292,0.532103,492000000,19699,19067,18642
NC_053039.3,492000000,0.901834,0.54148,492300000,20413,20165,19778
NC_053039.3,492300000,0.923914,0.53487,492600000,16802,16115,16053
NC_053039.3,492600000,0.925777,0.523593,492900000,19412,17755,18348
NC_053039.3,492900000,0.90416,0.53509,493200000,19674,19522,19402
NC_053039.3,493200000,0.904207,0.510353,493500000,21315,21008,20708
NC_053039.3,493500000,0.952225,0.544323,493800000,20453,19835,19785
NC_053039.3,493800000,0.903406,0.54915,494100000,18713,18226,18116
NC_053039.3,494100000,0.857667,0.548317,494400000,21841,21392,21148
NC_053039.3,494400000,0.914199,0.545413,494700000,20345,19667,19550
NC_053039.3,494700000,0.885533,0.531443,495000000,19469,19509,19055
NC_053039.3,495000000,0.913774,0.526793,495300000,23008,22130,21549
NC_053039.3,495300000,0.888575,0.543587,495600000,21814,21140,20963
NC_053039.3,495600000,0.801656,0.545007,495900000,24185,23557,23769
NC_053039.3,495900000,0.865099,0.54286,496200000,20168,20022,19644
NC_053039.3,496200000,0.816366,0.539923,496500000,17888,18441,17743
NC_053039.3,496500000,0.879242,0.53223,496800000,19767,19075,18736
NC_053039.3,496800000,0.876968,0.534623,497100000,21692,20982,20661
NC_053039.3,497100000,0.837707,0.562237,497400000,29036,28916,28113
NC_053039.3,497400000,0.895957,0.537177,497700000,19506,19352,19031
NC_053039.3,497700000,0.791648,0.566413,498000000,33409,32693,32150
NC_053039.3,498000000,0.833965,0.554727,498300000,14754,14400,14291
NC_053039.3,498300000,0.880481,0.540853,498600000,22347,21579,21347
NC_053039.3,498600000,0.903626,0.52478,498900000,21362,21072,20559
NC_053039.3,498900000,0.892041,0.54079,499200000,21487,20504,20631
NC_053039.3,499200000,0.89339,0.53736,499500000,19494,18745,19026
NC_053039.3,499500000,0.744385,0.533973,499800000,10379,10226,9988
NC_053039.3,499800000,0.847935,0.538533,500100000,12236,12152,11808
NC_053039.3,500100000,0.850823,0.555797,500400000,20170,21011,19142
NC_053039.3,500400000,0.87237,0.56565,500700000,22536,22091,21717
NC_053039.3,500700000,0.874066,0.5429,501000000,19127,18871,18524
NC_053039.3,501000000,0.848632,0.545507,501300000,19451,19201,19011
NC_053039.3,501300000,0.94365,0.537903,501600000,20937,20354,19967
NC_053039.3,501600000,0.815031,0.53367,501900000,21487,21192,20932
NC_053039.3,501900000,0.920368,0.55086,502200000,21076,20193,20366
NC_053039.3,502200000,0.718399,0.545823,502500000,9439,9220,9323
NC_053039.3,502500000,0.610979,0.5368,502800000,11389,11167,10967
NC_053039.3,502800000,0.897161,0.54217,503100000,18395,18224,17758
NC_053039.3,503100000,0.917317,0.55163,503400000,18537,18534,18375
NC_053039.3,503400000,0.935646,0.553517,503700000,21590,21160,20848
NC_053039.3,503700000,0.81748,0.559723,504000000,20133,20288,19756
NC_053039.3,504000000,0.864703,0.536767,504300000,21714,21287,21197
NC_053039.3,504300000,0.923312,0.54042,504600000,13620,12941,12966
NC_053039.3,504600000,0.884834,0.54476,504900000,19655,19173,18934
NC_053039.3,504900000,0.431532,0.275187,505200000,9895,9395,9369
NC_053039.3,505200000,0.857285,0.54405,505500000,12198,12357,11743
NC_053039.3,505500000,0.892318,0.501613,505800000,6851,6284,6402
NC_053039.3,505800000,0.882145,0.520047,506100000,11827,11513,11324
NC_053039.3,506100000,0.871227,0.528497,506400000,17825,17567,17117
NC_053039.3,506400000,0.869502,0.520173,506700000,11559,11013,11084
NC_053039.3,506700000,0.884387,0.54076,507000000,16442,16453,16073
NC_053039.3,507000000,0.889785,0.549973,507300000,21046,20616,20137
NC_053039.3,507300000,0.872897,0.537023,507600000,22425,21818,21429
NC_053039.3,507600000,0.857555,0.539783,507900000,19447,19304,19166
NC_053039.3,507900000,0.916619,0.525513,508200000,17589,16813,16724
NC_053039.3,508200000,0.902415,0.528313,508500000,17429,17438,16611
NC_053039.3,508500000,0.877771,0.53026,508800000,25280,24478,23955
NC_053039.3,508800000,0.897183,0.519167,509100000,20036,19266,19094
NC_053039.3,509100000,0.903278,0.521957,509400000,19998,19588,18877
NC_053039.3,509400000,0.894662,0.531047,509700000,20159,19492,19383
NC_053039.3,509700000,0.898175,0.546693,510000000,21590,20964,20806
NC_053039.3,510000000,0.884718,0.546307,510300000,18488,18067,17831
NC_053039.3,510300000,0.942925,0.52919,510600000,21847,21467,20591
NC_053039.3,510600000,0.863401,0.538577,510900000,22001,21110,21184
NC_053039.3,510900000,0.858419,0.547643,511200000,11831,11886,11587
NC_053039.3,511200000,0.891427,0.534967,511500000,11799,11392,11151
NC_053039.3,511500000,0.838408,0.551247,511800000,14982,14352,14503
NC_053039.3,511800000,0.892926,0.557807,512100000,15923,15256,15394
NC_053039.3,512100000,0.895633,0.550927,512400000,17479,17147,16856
NC_053039.3,512400000,0.895477,0.54719,512700000,15777,15243,14938
NC_053039.3,512700000,0.88848,0.54839,513000000,13991,13460,13511
NC_053039.3,513000000,0.757533,0.528537,513300000,16560,16906,16756
NC_053039.3,513300000,0.893242,0.556203,513600000,21703,21442,20694
NC_053039.3,513600000,0.872885,0.560543,513900000,7684,7521,7569
NC_053039.3,513900000,0.898529,0.522917,514200000,18782,18262,17800
NC_053039.3,514200000,0.898137,0.541307,514500000,18996,18830,18500
NC_053039.3,514500000,0.907779,0.53301,514800000,20662,20324,20090
NC_053039.3,514800000,0.89816,0.53372,515100000,18357,17331,17555
NC_053039.3,515100000,0.898362,0.537063,515400000,19192,18561,18370
NC_053039.3,515400000,0.916156,0.538123,515700000,20875,20550,20403
NC_053039.3,515700000,0.885109,0.527237,516000000,19148,19018,18622
NC_053039.3,516000000,0.866024,0.538497,516300000,16811,16316,15831
NC_053039.3,516300000,0.95454,0.53953,516600000,19206,18904,18602
NC_053039.3,516600000,0.916787,0.535883,516900000,21989,21641,21175
NC_053039.3,516900000,0.876219,0.5415,517200000,20860,20654,20208
NC_053039.3,517200000,0.885768,0.545513,517500000,22658,22847,22360
NC_053039.3,517500000,0.829793,0.541273,517800000,14186,13362,13239
NC_053039.3,517800000,0.900076,0.501923,518100000,10209,8576,9240
NC_053039.3,518100000,0.919482,0.510417,518400000,10948,9035,9216
NC_053039.3,518400000,0.920407,0.540207,518700000,14318,12670,12799
NC_053039.3,518700000,0.878682,0.516807,519000000,11686,10075,9656
NC_053039.3,519000000,0.928222,0.517913,519300000,4066,3631,3682
NC_053039.3,519300000,0.765213,0.547343,519600000,194640,217711,162165
NC_053039.3,519600000,0.874766,0.527283,519900000,40881,43491,36020
NC_053039.3,519900000,0.888379,0.539117,520200000,21405,21098,20351
NC_053039.3,520200000,0.900947,0.538297,520500000,21965,21490,21159
NC_053039.3,520500000,0.877903,0.533293,520800000,21610,21034,21036
NC_053039.3,520800000,0.921365,0.527427,521100000,22340,21684,21498
NC_053039.3,521100000,0.847242,0.52929,521400000,22307,22069,21939
NC_053039.3,521400000,0.857369,0.52631,521700000,18044,17942,17576
NC_053039.3,521700000,0.935779,0.499727,522000000,18876,18531,17971
NC_053039.3,522000000,0.910022,0.53071,522300000,18326,17779,17556
NC_053039.3,522300000,0.868517,0.510817,522600000,18312,17480,17337
NC_053039.3,522600000,0.937888,0.531807,522900000,19431,19311,18697
NC_053039.3,522900000,0.874352,0.538927,523200000,19824,20020,18842
NC_053039.3,523200000,0.793471,0.54344,523500000,30302,28252,27980
NC_053039.3,523500000,0.890854,0.550027,523800000,20710,20079,20060
NC_053039.3,523800000,0.912664,0.53969,524100000,16919,16321,16274
NC_053039.3,524100000,0.84487,0.53746,524400000,21053,20647,20477
NC_053039.3,524400000,0.90738,0.53909,524700000,18604,18165,18070
NC_053039.3,524700000,0.918371,0.529117,525000000,21710,21090,20894
NC_053039.3,525000000,0.93207,0.534153,525300000,20266,20111,19824
NC_053039.3,525300000,0.9195,0.51838,525600000,20539,20029,19480
NC_053039.3,525600000,0.872837,0.519187,525900000,20579,21099,20565
NC_053039.3,525900000,0.912416,0.547753,526200000,21701,20735,20678
NC_053039.3,526200000,0.912727,0.531057,526500000,23810,23480,22679
NC_053039.3,526500000,0.897608,0.520277,526800000,21360,20722,20607
NC_053039.3,526800000,0.920867,0.521217,527100000,19446,19116,18736
NC_053039.3,527100000,0.897323,0.542257,527400000,20818,20611,20165
NC_053039.3,527400000,0.880453,0.529027,527700000,20928,20315,19987
NC_053039.3,527700000,0.875898,0.540177,528000000,21908,21370,20865
NC_053039.3,528000000,0.943915,0.548067,528300000,20193,19349,19201
NC_053039.3,528300000,0.888339,0.530953,528600000,20772,20243,19714
NC_053039.3,528600000,0.898187,0.53911,528900000,14461,14130,13625
NC_053039.3,528900000,0.907987,0.546863,529200000,13904,13666,13272
NC_053039.3,529200000,0.927194,0.53707,529500000,10961,10608,10477
NC_053039.3,529500000,0.942465,0.55395,529800000,14690,14559,14249
NC_053039.3,529800000,0.881187,0.539453,530100000,13655,13618,13160
NC_053039.3,530100000,0.92788,0.560803,530400000,16993,16278,16249
NC_053039.3,530400000,0.903818,0.547353,530700000,9769,9279,9170
NC_053039.3,530700000,0.911432,0.53114,531000000,13611,13297,12712
NC_053039.3,531000000,0.908051,0.55107,531300000,16834,16011,16289
NC_053039.3,531300000,0.858763,0.552157,531600000,14136,13890,13572
NC_053039.3,531600000,0.889844,0.53745,531900000,16293,15334,15266
NC_053039.3,531900000,0.900853,0.53144,532200000,12577,12400,12147
NC_053039.3,532200000,0.849298,0.528293,532500000,18209,18526,17761
NC_053039.3,532500000,0.898775,0.530137,532800000,20323,19882,19557
NC_053039.3,532800000,0.903534,0.54975,533100000,22490,22090,21933
NC_053039.3,533100000,0.920431,0.540123,533400000,11969,11657,11398
NC_053039.3,533400000,0.879254,0.515983,533700000,8176,7345,7579
NC_053039.3,533700000,0.916178,0.53512,534000000,11144,10839,10650
NC_053039.3,534000000,0.915349,0.535797,534300000,4997,4449,4625
NC_053039.3,534300000,0.855143,0.534327,534600000,16410,15853,15926
NC_053039.3,534600000,0.910616,0.544157,534900000,20018,19784,19026
NC_053039.3,534900000,0.935922,0.51671,535200000,20034,19546,19471
NC_053039.3,535200000,0.8359,0.54728,535500000,17433,16947,16733
NC_053039.3,535500000,0.914403,0.526557,535800000,20600,19864,19909
NC_053039.3,535800000,0.961332,0.53525,536100000,16142,15753,15600
NC_053039.3,536100000,0.94954,0.525227,536400000,16335,16320,15919
NC_053039.3,536400000,0.907043,0.539293,536700000,19449,18777,18579
NC_053039.3,536700000,0.904211,0.517553,537000000,13039,12488,12321
NC_053039.3,537000000,0.907111,0.549733,537300000,20202,19481,19183
NC_053039.3,537300000,0.893967,0.54494,537600000,19651,19649,18878
NC_053039.3,537600000,0.879509,0.540163,537900000,20280,19221,19151
NC_053039.3,537900000,0.923793,0.533983,538200000,19814,19975,19120
NC_053039.3,538200000,0.888518,0.526037,538500000,22268,21974,21085
NC_053039.3,538500000,0.924519,0.542897,538800000,16844,16174,15707
NC_053039.3,538800000,0.892101,0.54121,539100000,15812,15327,15149
NC_053039.3,539100000,0.901515,0.55782,539400000,16711,16259,16073
NC_053039.3,539400000,0.887984,0.525473,539700000,21268,20809,20489
NC_053039.3,539700000,0.899621,0.541997,540000000,15775,15599,15446
NC_053039.3,540000000,0.906374,0.53095,540300000,12308,12118,11959
NC_053039.3,540300000,0.92434,0.536013,540600000,21038,21254,20479
NC_053039.3,540600000,0.701931,0.56923,540900000,14879,14815,14424
NC_053039.3,540900000,0.540194,0.58738,541200000,10676,10826,10303
NC_053039.3,541200000,0.812662,0.5733,541500000,30542,29949,29799
NC_053039.3,541500000,0.787953,0.567643,541800000,18062,18097,17736
NC_053039.3,541800000,0.921805,0.532613,542100000,18990,19141,18592
NC_053039.3,542100000,0.89445,0.535883,542400000,20640,20181,20019
NC_053039.3,542400000,0.886317,0.535767,542700000,19015,18619,18408
NC_053039.3,542700000,0.877005,0.530567,543000000,31370,32859,28721
NC_053039.3,543000000,0.918617,0.53408,543300000,19290,18670,18207
NC_053039.3,543300000,0.926541,0.526887,543600000,19413,19277,18863
NC_053039.3,543600000,0.864525,0.546853,543900000,16264,15736,15808
NC_053039.3,543900000,0.945811,0.5387,544200000,14741,14681,14123
NC_053039.3,544200000,0.89595,0.520617,544500000,17421,17175,16669
NC_053039.3,544500000,0.871949,0.518117,544800000,23595,23233,22249
NC_053039.3,544800000,0.866021,0.539433,545100000,22106,21883,21244
NC_053039.3,545100000,0.899388,0.539203,545400000,21726,21229,21161
NC_053039.3,545400000,0.875274,0.5279,545700000,20636,20569,20017
NC_053039.3,545700000,0.845162,0.545397,546000000,23184,22430,22725
NC_053039.3,546000000,0.897578,0.550323,546300000,17673,16858,17069
NC_053039.3,546300000,0.874706,0.539137,546600000,20017,19589,19341
NC_053039.3,546600000,0.941175,0.54849,546900000,17088,16793,16257
NC_053039.3,546900000,0.864578,0.539097,547200000,21438,21049,21009
NC_053039.3,547200000,0.862942,0.549027,547500000,21584,21168,20795
NC_053039.3,547500000,0.869214,0.53265,547800000,21519,21519,21111
NC_053039.3,547800000,0.56437,0.480157,548100000,25142,26136,23951
NC_053039.3,548100000,0.892092,0.538727,548400000,21515,21181,20705
NC_053039.3,548400000,0.915421,0.549723,548700000,22232,21585,21386
NC_053039.3,548700000,0.905961,0.537873,549000000,21394,20906,20726
NC_053039.3,549000000,0.916792,0.53527,549300000,21094,20502,20256
NC_053039.3,549300000,0.914844,0.539817,549600000,16919,16464,16308
NC_053039.3,549600000,0.90007,0.54393,549900000,10761,10426,10347
NC_053039.3,549900000,0.911178,0.527463,550200000,13411,13074,12561
NC_053039.3,550200000,0.92593,0.52503,550500000,14318,13949,13860
NC_053039.3,550500000,0.876382,0.535357,550800000,15581,15175,15066
NC_053039.3,550800000,0.945901,0.545173,551100000,19226,18913,18662
NC_053039.3,551100000,0.909315,0.534073,551400000,16428,16761,16127
NC_053039.3,551400000,0.884777,0.540277,551700000,19813,19648,19246
NC_053039.3,551700000,0.912198,0.534487,552000000,20772,20095,19635
NC_053039.3,552000000,0.895149,0.549067,552300000,21178,19799,20721
NC_053039.3,552300000,0.837318,0.542403,552600000,16764,17149,16457
NC_053039.3,552600000,0.897498,0.537593,552900000,25604,24327,23977
NC_053039.3,552900000,0.916535,0.51513,553200000,21119,20594,20377
NC_053039.3,553200000,0.907182,0.517997,553500000,18530,18512,17975
NC_053039.3,553500000,0.887428,0.515113,553800000,20387,20563,20159
NC_053039.3,553800000,0.894644,0.545327,554100000,19922,19632,19628
NC_053039.3,554100000,0.926399,0.541937,554400000,20653,20092,19349
NC_053039.3,554400000,0.838194,0.544603,554700000,20871,20183,20330
NC_053039.3,554700000,0.913643,0.541183,555000000,20505,20059,19827
NC_053039.3,555000000,0.862621,0.543257,555300000,21971,21563,20921
NC_053039.3,555300000,0.881662,0.53898,555600000,23243,22026,22078
NC_053039.3,555600000,0.826079,0.55925,555900000,13479,13000,12809
NC_053039.3,555900000,0.878048,0.541817,556200000,19183,18781,18792
NC_053039.3,556200000,0.883048,0.54836,556500000,20921,20276,20013
NC_053039.3,556500000,0.852869,0.552303,556800000,19675,19664,19407
NC_053039.3,556800000,0.855684,0.552823,557100000,13598,13250,13209
NC_053039.3,557100000,0.932797,0.535097,557400000,15674,14637,15006
NC_053039.3,557400000,0.90126,0.549663,557700000,23612,23216,22831
NC_053039.3,557700000,0.888063,0.561933,558000000,20055,19740,19234
NC_053039.3,558000000,0.89978,0.537943,558300000,20331,19381,19112
NC_053039.3,558300000,0.89214,0.537463,558600000,11616,11246,10882
NC_053039.3,558600000,0.931372,0.52988,558900000,4026,3645,3625
NC_053039.3,558900000,0.830184,0.533867,559200000,6002,5861,5733
NC_053039.3,559200000,0.878075,0.544707,559500000,16308,15687,15572
NC_053039.3,559500000,0.903655,0.525733,559800000,6231,5721,5913
NC_053039.3,559800000,0.897532,0.545177,560100000,19040,18877,18297
NC_053039.3,560100000,0.862644,0.544917,560400000,18768,17637,17800
NC_053039.3,560400000,0.939925,0.522753,560700000,19580,19265,18609
NC_053039.3,560700000,0.855804,0.519737,561000000,12800,12220,12533
NC_053039.3,561000000,0.878846,0.528323,561300000,18415,18125,17618
NC_053039.3,561300000,0.860955,0.537337,561600000,14842,14397,14354
NC_053039.3,561600000,0.807289,0.54756,561900000,15628,15354,15055
NC_053039.3,561900000,0.924347,0.542407,562200000,6401,6088,6273
NC_053039.3,562200000,0.898496,0.53742,562500000,7865,8630,7799
NC_053039.3,562500000,0.890807,0.544517,562800000,6994,6765,6678
NC_053039.3,562800000,0.727018,0.56357,563100000,3935,3867,3827
NC_053039.3,563100000,0.885898,0.55419,563400000,11279,10464,10419
NC_053039.3,563400000,0.872521,0.53069,563700000,6769,6969,6370
NC_053039.3,563700000,0.826778,0.547297,564000000,4809,4360,4582
NC_053039.3,564000000,0.837361,0.551257,564300000,4171,4012,4014
NC_053039.3,564300000,0.895037,0.530897,564600000,6824,6665,6524
NC_053039.3,564600000,0.823317,0.552917,564900000,3117,2931,2947
NC_053039.3,564900000,0.882698,0.543567,565200000,20490,17691,18457
NC_053039.3,565200000,0.899533,0.550603,565500000,8059,7602,7423
NC_053039.3,565500000,0.893724,0.546843,565800000,8326,8429,7919
NC_053039.3,565800000,0.877088,0.550587,566100000,5028,5056,4849
NC_053039.3,566100000,0.872373,0.545107,566400000,5050,4923,4852
NC_053039.3,566400000,0.94035,0.533227,566700000,27016,29104,25351
NC_053039.3,566700000,0.884152,0.557043,567000000,6216,5863,5890
NC_053039.3,567000000,0.840458,0.544943,567300000,6281,5705,5987
NC_053039.3,567300000,0.706214,0.549407,567600000,4390,4198,3989
NC_053039.3,567600000,0.428264,0.541687,567900000,4157,3993,3804
NC_053039.3,567900000,0.895621,0.55148,568200000,6643,6343,6229
NC_053039.3,568200000,0.932083,0.533187,568500000,8126,8249,7820
NC_053039.3,568500000,0.925573,0.541817,568800000,4106,4079,4131
NC_053039.3,568800000,0.904336,0.540953,569100000,4803,4665,4500
NC_053039.3,569100000,0.897756,0.529733,569400000,6971,6381,6857
NC_053039.3,569400000,0.8615,0.54663,569700000,7279,6767,6551
NC_053039.3,569700000,0.91698,0.538247,570000000,5426,4713,4722
NC_053039.3,570000000,0.799587,0.55018,570300000,5939,5698,6079
NC_053039.3,570300000,0.527678,0.56405,570600000,4580,4762,5104
NC_053039.3,570600000,0.919318,0.545823,570900000,5550,5533,5427
NC_053039.3,570900000,0.923661,0.530667,571200000,5512,4946,5045
NC_053039.3,571200000,0.951057,0.533257,571500000,6647,6684,6161
NC_053039.3,571500000,0.864789,0.545763,571800000,6091,6112,5869
NC_053039.3,571800000,0.824098,0.542127,572100000,9391,9262,9008
NC_053039.3,572100000,0.916519,0.531523,572400000,7376,7932,7191
NC_053039.3,572400000,0.817857,0.549303,572700000,5302,5251,5341
NC_053039.3,572700000,0.891391,0.55796,573000000,7277,7163,7100
NC_053039.3,573000000,0.860601,0.54847,573300000,7915,7863,7626
NC_053039.3,573300000,0.880775,0.549633,573600000,5413,5095,5415
NC_053039.3,573600000,0.875203,0.54686,573900000,5714,5506,5596
NC_053039.3,573900000,0.937197,0.57558,574200000,4569,4538,4360
NC_053039.3,574200000,0.901441,0.55047,574500000,5908,6083,5903
NC_053039.3,574500000,0.89595,0.545947,574800000,5295,5148,5302
NC_053039.3,574800000,0.422919,0.56325,575100000,1114,984,996
NC_053039.3,575100000,0.75348,0.557103,575400000,5042,4808,4930
NC_053039.3,575400000,0.907762,0.557003,575700000,7633,7636,7238
NC_053039.3,575700000,0.835239,0.5491,576000000,7503,7055,7245
NC_053039.3,576000000,0.93044,0.54668,576300000,5728,5549,5294
NC_053039.3,576300000,0.682222,0.596167,576600000,20213,20103,19722
NC_053039.3,576600000,0.897167,0.560533,576900000,11518,9434,11047
NC_053039.3,576900000,0.893153,0.540657,577200000,5183,5111,4961
NC_053039.3,577200000,0.935679,0.532293,577500000,3906,3683,3634
NC_053039.3,577500000,0.881971,0.541807,577800000,6041,5852,6032
NC_053039.3,577800000,0.757929,0.578723,578100000,9186,7706,9045
NC_053039.3,578100000,0.52266,0.59176,578400000,6528,6766,7119
NC_053039.3,578400000,0.880038,0.559633,578700000,4920,4935,4519
NC_053039.3,578700000,0.817391,0.551433,579000000,5407,5406,5094
NC_053039.3,579000000,0.87329,0.555783,579300000,5964,5863,5758
NC_053039.3,579300000,0.870488,0.545657,579600000,5685,5748,5562
NC_053039.3,579600000,0.928812,0.534777,579900000,5886,5667,5485
NC_053039.3,579900000,0.897458,0.54119,580200000,8518,8085,7881
NC_053039.3,580200000,0.92939,0.541433,580500000,6216,5307,5915
NC_053039.3,580500000,0.844763,0.551897,580800000,10759,10027,11076
NC_053039.3,580800000,0.917686,0.54211,581100000,8388,7856,8162
NC_053039.3,581100000,0.94744,0.54938,581400000,6668,6584,6430
NC_053039.3,581400000,0.423788,0.548533,581700000,2923,2894,2961
NC_053039.3,581700000,0.627148,0.53778,582000000,5486,5276,5134
NC_053039.3,582000000,0.908296,0.54717,582300000,31488,35704,25659
NC_053039.3,582300000,0.893419,0.554757,582600000,2117,2106,2008
NC_053039.3,582600000,0.917569,0.541133,582900000,7576,5592,7388
NC_053039.3,582900000,0.958491,0.55018,583200000,5930,5596,5306
NC_053039.3,583200000,0.94226,0.531823,583500000,5712,5023,5129
NC_053039.3,583500000,0.912738,0.536543,583800000,6643,6385,6364
NC_053039.3,583800000,0.85834,0.542547,584100000,4836,3910,4427
NC_053040.3,0,0.891329,0.55266,300000,20212,38073,38233
NC_053040.3,300000,0.923266,0.545763,600000,8983,19476,19187
NC_053040.3,600000,0.9469,0.54405,900000,6623,5807,5727
NC_053040.3,900000,0.73092,0.475363,1200000,5444,14587,14478
NC_053040.3,1200000,0.507385,0.415993,1500000,7587,17716,16823
NC_053040.3,1500000,0.796071,0.49955,1800000,6250,18443,17788
NC_053040.3,1800000,0.939199,0.55396,2100000,5221,16770,16503
NC_053040.3,2100000,0.885548,0.55947,2400000,9819,14451,14283
NC_053040.3,2400000,0.865428,0.544777,2700000,7672,17715,17460
NC_053040.3,2700000,0.756829,0.562977,3000000,7694,18637,18597
NC_053040.3,3000000,0.914663,0.56223,3300000,6636,9393,9321
NC_053040.3,3300000,0.880733,0.55585,3600000,5674,16637,16474
NC_053040.3,3600000,0.941295,0.560223,3900000,4774,21291,21054
NC_053040.3,3900000,0.925925,0.541753,4200000,6195,15852,15607
NC_053040.3,4200000,0.879163,0.547717,4500000,7608,11716,11960
NC_053040.3,4500000,0.421785,0.649647,4800000,16134,20665,16445
NC_053040.3,4800000,0.792231,0.591453,5100000,8457,18329,16455
NC_053040.3,5100000,0.920651,0.546707,5400000,3561,18510,17805
NC_053040.3,5400000,0.920764,0.569673,5700000,5889,14737,14351
NC_053040.3,5700000,0.960665,0.53986,6000000,5608,18123,18090
NC_053040.3,6000000,0.865196,0.557907,6300000,6890,21302,20720
NC_053040.3,6300000,0.833779,0.55216,6600000,9295,16671,16990
NC_053040.3,6600000,0.910125,0.539497,6900000,5589,17457,16979
NC_053040.3,6900000,0.907455,0.54107,7200000,5993,18371,18265
NC_053040.3,7200000,0.918736,0.55318,7500000,5594,17612,17153
NC_053040.3,7500000,0.837249,0.5539,7800000,4397,15776,15227
NC_053040.3,7800000,0.792713,0.56381,8100000,4246,14268,14263
NC_053040.3,8100000,0.898378,0.543193,8400000,5489,14582,14462
NC_053040.3,8400000,0.858269,0.540097,8700000,9671,14798,14586
NC_053040.3,8700000,0.901008,0.53614,9000000,9934,20262,20039
NC_053040.3,9000000,0.850721,0.543783,9300000,7040,11603,11487
NC_053040.3,9300000,0.653819,0.54572,9600000,6789,16527,16124
NC_053040.3,9600000,0.914309,0.53802,9900000,5615,14115,14087
NC_053040.3,9900000,0.869349,0.548127,10200000,6168,16501,16431
NC_053040.3,10200000,0.892557,0.544633,10500000,6059,17090,16732
NC_053040.3,10500000,0.909027,0.535037,10800000,8184,21030,20493
NC_053040.3,10800000,0.874108,0.551307,11100000,6897,13446,13155
NC_053040.3,11100000,0.922505,0.53789,11400000,6321,13733,13611
NC_053040.3,11400000,0.918297,0.561657,11700000,4244,10761,11067
NC_053040.3,11700000,0.893414,0.54671,12000000,6564,19173,18902
NC_053040.3,12000000,0.819404,0.561483,12300000,5242,16400,16238
NC_053040.3,12300000,0.920867,0.550493,12600000,5319,9683,8955
NC_053040.3,12600000,0.925407,0.543923,12900000,6060,16672,16428
NC_053040.3,12900000,0.902901,0.54915,13200000,7073,13901,13737
NC_053040.3,13200000,0.631162,0.550293,13500000,3426,16001,15566
NC_053040.3,13500000,0.884253,0.547503,13800000,6895,22986,21652
NC_053040.3,13800000,0.905301,0.555707,14100000,5851,12090,12134
NC_053040.3,14100000,0.887369,0.54803,14400000,6113,15607,15429
NC_053040.3,14400000,0.440758,0.423203,14700000,4863,7159,7143
NC_053040.3,14700000,0.847086,0.542717,15000000,6298,12751,12699
NC_053040.3,15000000,0.90371,0.55045,15300000,8716,17319,17088
NC_053040.3,15300000,0.936654,0.55069,15600000,10284,8689,9210
NC_053040.3,15600000,0.91046,0.547807,15900000,4045,7903,7753
NC_053040.3,15900000,0.942784,0.525433,16200000,3501,3039,3064
NC_053040.3,16200000,0.903374,0.557437,16500000,6690,18815,18720
NC_053040.3,16500000,0.83664,0.57194,16800000,3227,19065,18904
NC_053040.3,16800000,0.8905,0.541327,17100000,5359,14188,14088
NC_053040.3,17100000,0.899085,0.544483,17400000,5608,8555,8447
NC_053040.3,17400000,0.910163,0.557057,17700000,4483,20807,20504
NC_053040.3,17700000,0.851819,0.556663,18000000,9894,17959,18287
NC_053040.3,18000000,0.586032,0.47138,18300000,3298,11780,11831
NC_053040.3,18300000,0.878526,0.537957,18600000,6760,13034,12690
NC_053040.3,18600000,0.904717,0.54518,18900000,6033,21239,21595
NC_053040.3,18900000,0.720221,0.55237,19200000,3557,7735,7680
NC_053040.3,19200000,0.950907,0.529863,19500000,3545,5177,4987
NC_053040.3,19500000,0.844309,0.545713,19800000,6820,18442,17868
NC_053040.3,19800000,0.893147,0.554837,20100000,6289,16777,16647
NC_053040.3,20100000,0.781359,0.544207,20400000,3750,8521,8576
NC_053040.3,20400000,0.900006,0.543063,20700000,4071,6278,6353
NC_053040.3,20700000,0.886739,0.528327,21000000,4682,13829,14002
NC_053040.3,21000000,0.853953,0.551673,21300000,5319,16538,16532
NC_053040.3,21300000,0.813322,0.55099,21600000,4303,12166,11878
NC_053040.3,21600000,0.700798,0.542963,21900000,2663,8155,8139
NC_053040.3,21900000,0.896614,0.536317,22200000,4453,13171,12996
NC_053040.3,22200000,0.871485,0.558527,22500000,4465,13579,13552
NC_053040.3,22500000,0.884058,0.545753,22800000,3627,4257,4383
NC_053040.3,22800000,0.894055,0.551477,23100000,4409,5650,5815
NC_053040.3,23100000,0.89999,0.5308,23400000,4496,13957,14062
NC_053040.3,23400000,0.886749,0.532057,23700000,4484,12413,12115
NC_053040.3,23700000,0.944737,0.532437,24000000,3543,5668,5488
NC_053040.3,24000000,0.893653,0.529007,24300000,4891,12766,12498
NC_053040.3,24300000,0.909598,0.537877,24600000,4137,13358,13030
NC_053040.3,24600000,0.857388,0.52392,24900000,6847,20619,20377
NC_053040.3,24900000,0.863814,0.55821,25200000,5752,13308,13299
NC_053040.3,25200000,0.904386,0.55627,25500000,7387,14901,14934
NC_053040.3,25500000,0.901123,0.542063,25800000,7185,22177,21163
NC_053040.3,25800000,0.895119,0.558923,26100000,5016,9130,8688
NC_053040.3,26100000,0.820928,0.55315,26400000,3289,7714,7666
NC_053040.3,26400000,0.920092,0.540777,26700000,5707,8973,8960
NC_053040.3,26700000,0.863894,0.55241,27000000,8943,11729,11470
NC_053040.3,27000000,0.9415,0.5503,27300000,4073,18634,18524
NC_053040.3,27300000,0.891365,0.539283,27600000,7393,21201,21632
NC_053040.3,27600000,0.912085,0.529783,27900000,4137,16598,16508
NC_053040.3,27900000,0.90304,0.547977,28200000,4195,12155,11556
NC_053040.3,28200000,0.883,0.55851,28500000,6806,19821,19430
NC_053040.3,28500000,0.773554,0.56259,28800000,3787,15335,14678
NC_053040.3,28800000,0.928765,0.5422,29100000,4757,11998,11895
NC_053040.3,29100000,0.927008,0.534667,29400000,5816,13284,13268
NC_053040.3,29400000,0.866841,0.536667,29700000,5377,10337,9975
NC_053040.3,29700000,0.899905,0.533267,30000000,5400,12533,12578
NC_053040.3,30000000,0.848936,0.550257,30300000,6330,10078,9842
NC_053040.3,30300000,0.91737,0.559327,30600000,8946,21564,21263
NC_053040.3,30600000,0.842506,0.5316,30900000,7553,22535,21931
NC_053040.3,30900000,0.900113,0.54598,31200000,4299,19027,19091
NC_053040.3,31200000,0.907788,0.5436,31500000,3618,19314,18818
NC_053040.3,31500000,0.936209,0.53397,31800000,2708,19151,18665
NC_053040.3,31800000,0.936234,0.534747,32100000,4910,13533,13269
NC_053040.3,32100000,0.869954,0.546853,32400000,5194,14184,13650
NC_053040.3,32400000,0.856663,0.544683,32700000,5207,13151,12645
NC_053040.3,32700000,0.830921,0.527763,33000000,4832,8898,8636
NC_053040.3,33000000,0.830591,0.55008,33300000,3699,8058,7551
NC_053040.3,33300000,0.87159,0.550643,33600000,5044,13459,13535
NC_053040.3,33600000,0.858251,0.539387,33900000,5696,10201,10130
NC_053040.3,33900000,0.813603,0.54259,34200000,7067,11755,11722
NC_053040.3,34200000,0.918346,0.5403,34500000,5313,9882,9702
NC_053040.3,34500000,0.878664,0.54285,34800000,6520,13368,13020
NC_053040.3,34800000,0.869166,0.54243,35100000,10178,17496,17387
NC_053040.3,35100000,0.905332,0.55154,35400000,7094,14002,13839
NC_053040.3,35400000,0.86804,0.515843,35700000,5456,15926,15375
NC_053040.3,35700000,0.921138,0.534687,36000000,5427,12796,13018
NC_053040.3,36000000,0.880111,0.533873,36300000,5055,16878,16728
NC_053040.3,36300000,0.955983,0.528007,36600000,3410,16325,15637
NC_053040.3,36600000,0.888481,0.533697,36900000,4981,13163,13176
NC_053040.3,36900000,0.891234,0.543813,37200000,6273,16619,16913
NC_053040.3,37200000,0.501126,0.548377,37500000,4364,12277,12291
NC_053040.3,37500000,0.878173,0.5558,37800000,9716,23076,22615
NC_053040.3,37800000,0.878345,0.534677,38100000,4698,19027,18098
NC_053040.3,38100000,0.848455,0.545653,38400000,4533,13557,13689
NC_053040.3,38400000,0.891422,0.5473,38700000,6375,20094,19792
NC_053040.3,38700000,0.897592,0.538263,39000000,5509,18782,18936
NC_053040.3,39000000,0.881995,0.530927,39300000,4435,19336,19080
NC_053040.3,39300000,0.882466,0.534793,39600000,3551,18290,17579
NC_053040.3,39600000,0.938188,0.540293,39900000,3443,18552,18161
NC_053040.3,39900000,0.857171,0.54356,40200000,5617,19798,19402
NC_053040.3,40200000,0.852908,0.54035,40500000,3990,17825,17744
NC_053040.3,40500000,0.895345,0.54236,40800000,5280,20193,19874
NC_053040.3,40800000,0.866241,0.537777,41100000,5327,19802,19609
NC_053040.3,41100000,0.874472,0.519013,41400000,6533,20449,20616
NC_053040.3,41400000,0.846482,0.54302,41700000,4370,19377,18922
NC_053040.3,41700000,0.87514,0.546653,42000000,5073,13875,13549
NC_053040.3,42000000,0.915255,0.549707,42300000,5963,16160,16042
NC_053040.3,42300000,0.883634,0.54437,42600000,5935,18509,18752
NC_053040.3,42600000,0.837974,0.546567,42900000,5026,20047,19813
NC_053040.3,42900000,0.895276,0.541817,43200000,4369,19230,18713
NC_053040.3,43200000,0.945502,0.528897,43500000,3865,20082,19511
NC_053040.3,43500000,0.918023,0.534507,43800000,3103,18340,18087
NC_053040.3,43800000,0.849334,0.556973,44100000,3235,18621,18245
NC_053040.3,44100000,0.816393,0.557687,44400000,2755,17862,17448
NC_053040.3,44400000,0.910367,0.527233,44700000,5526,21399,20758
NC_053040.3,44700000,0.924144,0.535067,45000000,3609,20268,19967
NC_053040.3,45000000,0.85348,0.540113,45300000,6282,20999,21696
NC_053040.3,45300000,0.834025,0.548167,45600000,3255,19147,18697
NC_053040.3,45600000,0.88411,0.533457,45900000,4654,20461,20682
NC_053040.3,45900000,0.860579,0.527063,46200000,2762,18407,18278
NC_053040.3,46200000,0.882847,0.53162,46500000,2896,18760,18550
NC_053040.3,46500000,0.873158,0.549107,46800000,6705,20863,20246
NC_053040.3,46800000,0.903871,0.538707,47100000,4146,20024,19239
NC_053040.3,47100000,0.92159,0.549607,47400000,5097,20707,20279
NC_053040.3,47400000,0.961374,0.53197,47700000,2163,16641,16158
NC_053040.3,47700000,0.941501,0.536927,48000000,3802,19717,19311
NC_053040.3,48000000,0.891878,0.543013,48300000,4394,19633,19215
NC_053040.3,48300000,0.911574,0.528123,48600000,3581,19538,18996
NC_053040.3,48600000,0.938665,0.5469,48900000,2625,17502,16984
NC_053040.3,48900000,0.950621,0.540897,49200000,2745,19262,18959
NC_053040.3,49200000,0.956019,0.53715,49500000,1972,18440,17818
NC_053040.3,49500000,0.937049,0.538817,49800000,4267,19630,19264
NC_053040.3,49800000,0.901515,0.52463,50100000,3137,17990,17739
NC_053040.3,50100000,0.836076,0.543903,50400000,8988,21764,21265
NC_053040.3,50400000,0.898167,0.5343,50700000,3845,20221,19685
NC_053040.3,50700000,0.814519,0.539173,51000000,18173,29753,30022
NC_053040.3,51000000,0.866892,0.541003,51300000,6402,21427,21648
NC_053040.3,51300000,0.886126,0.53482,51600000,4892,20781,19975
NC_053040.3,51600000,0.850112,0.516417,51900000,4760,21177,21041
NC_053040.3,51900000,0.920164,0.532907,52200000,6289,17877,17307
NC_053040.3,52200000,0.863663,0.542603,52500000,6093,21150,20777
NC_053040.3,52500000,0.887736,0.543383,52800000,5210,19567,19124
NC_053040.3,52800000,0.884645,0.531707,53100000,5743,18298,17986
NC_053040.3,53100000,0.896727,0.541057,53400000,4881,17387,17054
NC_053040.3,53400000,0.93832,0.54232,53700000,3524,19700,19169
NC_053040.3,53700000,0.829956,0.541547,54000000,5660,11959,11817
NC_053040.3,54000000,0.893189,0.536943,54300000,6539,17446,17050
NC_053040.3,54300000,0.966503,0.529613,54600000,2041,10239,9925
NC_053040.3,54600000,0.927412,0.520573,54900000,4098,9296,9114
NC_053040.3,54900000,0.92409,0.538983,55200000,4678,15016,14464
NC_053040.3,55200000,0.822336,0.516753,55500000,4361,15455,15437
NC_053040.3,55500000,0.905338,0.529327,55800000,4358,14436,14334
NC_053040.3,55800000,0.882446,0.54584,56100000,4934,8621,9105
NC_053040.3,56100000,0.929993,0.529533,56400000,3061,9903,9599
NC_053040.3,56400000,0.910752,0.545193,56700000,3097,8231,8072
NC_053040.3,56700000,0.893538,0.539563,57000000,2900,14218,14054
NC_053040.3,57000000,0.898846,0.54969,57300000,3848,17265,17075
NC_053040.3,57300000,0.920196,0.544403,57600000,5447,20146,19745
NC_053040.3,57600000,0.833313,0.533,57900000,6103,20588,20262
NC_053040.3,57900000,0.894464,0.517667,58200000,5379,22776,22278
NC_053040.3,58200000,0.902256,0.53763,58500000,3355,19702,19451
NC_053040.3,58500000,0.913487,0.56018,58800000,7743,23820,22676
NC_053040.3,58800000,0.699714,0.592893,59100000,11230,25489,24404
NC_053040.3,59100000,0.816103,0.540773,59400000,5989,17811,17900
NC_053040.3,59400000,0.848432,0.529407,59700000,6929,19371,19063
NC_053040.3,59700000,0.860128,0.525943,60000000,5095,17544,16985
NC_053040.3,60000000,0.893579,0.53585,60300000,4331,18557,18731
NC_053040.3,60300000,0.896398,0.526957,60600000,4239,18696,18611
NC_053040.3,60600000,0.923152,0.52938,60900000,4889,20340,19657
NC_053040.3,60900000,0.842286,0.5321,61200000,7207,20458,20289
NC_053040.3,61200000,0.874901,0.53839,61500000,5802,19597,19577
NC_053040.3,61500000,0.907383,0.54143,61800000,6554,22064,20593
NC_053040.3,61800000,0.917004,0.548647,62100000,2831,17878,17747
NC_053040.3,62100000,0.906215,0.539963,62400000,3483,17945,17396
NC_053040.3,62400000,0.820081,0.526083,62700000,4272,19350,18428
NC_053040.3,62700000,0.88999,0.537617,63000000,7576,20640,20624
NC_053040.3,63000000,0.939445,0.529763,63300000,4026,18317,17636
NC_053040.3,63300000,0.878864,0.5359,63600000,4827,17412,17234
NC_053040.3,63600000,0.81428,0.533023,63900000,6751,17363,17236
NC_053040.3,63900000,0.900016,0.543697,64200000,3361,12325,12205
NC_053040.3,64200000,0.851212,0.51341,64500000,4926,13265,13006
NC_053040.3,64500000,0.868161,0.531563,64800000,5053,14421,14278
NC_053040.3,64800000,0.860922,0.538127,65100000,5538,16290,16399
NC_053040.3,65100000,0.905406,0.53158,65400000,3636,16803,16518
NC_053040.3,65400000,0.759563,0.50143,65700000,6996,18429,17318
NC_053040.3,65700000,0.532472,0.470973,66000000,10842,26528,24720
NC_053040.3,66000000,0.593214,0.469727,66300000,17808,27542,25896
NC_053040.3,66300000,0.565445,0.469337,66600000,12961,23384,22274
NC_053040.3,66600000,0.845915,0.503673,66900000,9368,23556,22387
NC_053040.3,66900000,0.917717,0.513627,67200000,2136,13693,13296
NC_053040.3,67200000,0.873406,0.553347,67500000,4245,17424,17328
NC_053040.3,67500000,0.904305,0.50969,67800000,3066,16793,16135
NC_053040.3,67800000,0.850125,0.548317,68100000,5634,17111,16738
NC_053040.3,68100000,0.924499,0.54462,68400000,4123,18137,17941
NC_053040.3,68400000,0.894256,0.53311,68700000,5553,19250,19197
NC_053040.3,68700000,0.892241,0.543713,69000000,5215,18512,18121
NC_053040.3,69000000,0.857734,0.55408,69300000,6401,18367,18415
NC_053040.3,69300000,0.870771,0.537203,69600000,6667,20054,19564
NC_053040.3,69600000,0.848866,0.546007,69900000,4993,15991,15542
NC_053040.3,69900000,0.821387,0.551043,70200000,4355,15398,15243
NC_053040.3,70200000,0.885886,0.52252,70500000,3994,16631,16434
NC_053040.3,70500000,0.88108,0.538273,70800000,7332,19815,18811
NC_053040.3,70800000,0.908257,0.55258,71100000,3294,15378,14717
NC_053040.3,71100000,0.86892,0.507973,71400000,5272,20314,20173
NC_053040.3,71400000,0.90624,0.52507,71700000,5217,19890,19566
NC_053040.3,71700000,0.927412,0.52317,72000000,4503,17120,17046
NC_053040.3,72000000,0.866397,0.541373,72300000,5358,15652,15475
NC_053040.3,72300000,0.866684,0.536303,72600000,5722,11802,11750
NC_053040.3,72600000,0.819715,0.552627,72900000,4935,12329,11955
NC_053040.3,72900000,0.841993,0.543117,73200000,5005,16739,16352
NC_053040.3,73200000,0.89255,0.53399,73500000,6196,20610,20062
NC_053040.3,73500000,0.848646,0.52056,73800000,4686,18222,17972
NC_053040.3,73800000,0.87965,0.550483,74100000,4186,19534,19129
NC_053040.3,74100000,0.887479,0.555553,74400000,6887,20642,20455
NC_053040.3,74400000,0.833926,0.53824,74700000,8255,21190,20728
NC_053040.3,74700000,0.835397,0.547527,75000000,5340,18745,18586
NC_053040.3,75000000,0.894736,0.529983,75300000,2965,18061,18031
NC_053040.3,75300000,0.845533,0.546537,75600000,5315,19193,18941
NC_053040.3,75600000,0.880734,0.525883,75900000,4552,18902,18295
NC_053040.3,75900000,0.877,0.543383,76200000,4162,18573,18111
NC_053040.3,76200000,0.936622,0.538957,76500000,3018,17358,16686
NC_053040.3,76500000,0.91194,0.508973,76800000,4086,16272,16075
NC_053040.3,76800000,0.908749,0.525767,77100000,3961,14475,14114
NC_053040.3,77100000,0.906171,0.547317,77400000,6101,18913,18254
NC_053040.3,77400000,0.901112,0.529573,77700000,4889,18129,17512
NC_053040.3,77700000,0.882623,0.53176,78000000,3778,17537,17182
NC_053040.3,78000000,0.849907,0.54003,78300000,4083,18144,17776
NC_053040.3,78300000,0.863703,0.55017,78600000,5691,18013,17809
NC_053040.3,78600000,0.908761,0.535027,78900000,3789,18203,18066
NC_053040.3,78900000,0.858996,0.535623,79200000,8089,21378,21889
NC_053040.3,79200000,0.793477,0.546253,79500000,6271,19153,18894
NC_053040.3,79500000,0.868126,0.550323,79800000,5892,20795,20089
NC_053040.3,79800000,0.850687,0.520013,80100000,5255,19829,19301
NC_053040.3,80100000,0.924667,0.54089,80400000,5104,20723,20315
NC_053040.3,80400000,0.907441,0.531827,80700000,5062,20520,19998
NC_053040.3,80700000,0.860109,0.52673,81000000,3411,18863,18079
NC_053040.3,81000000,0.918496,0.534857,81300000,3460,19531,18987
NC_053040.3,81300000,0.90239,0.546627,81600000,4360,19680,19484
NC_053040.3,81600000,0.86871,0.54129,81900000,5120,12950,12322
NC_053040.3,81900000,0.919136,0.525093,82200000,4884,18959,18727
NC_053040.3,82200000,0.861388,0.54144,82500000,4734,17884,17554
NC_053040.3,82500000,0.872023,0.538873,82800000,5122,14615,13994
NC_053040.3,82800000,0.920066,0.54646,83100000,3968,12276,12041
NC_053040.3,83100000,0.899445,0.55389,83400000,5561,15805,15388
NC_053040.3,83400000,0.8922,0.542883,83700000,5678,17459,17027
NC_053040.3,83700000,0.908513,0.538297,84000000,5613,19282,19009
NC_053040.3,84000000,0.898013,0.534963,84300000,7774,20876,20343
NC_053040.3,84300000,0.878029,0.54116,84600000,5351,19951,19600
NC_053040.3,84600000,0.888802,0.55045,84900000,4595,19113,19096
NC_053040.3,84900000,0.880747,0.53795,85200000,4449,18764,18305
NC_053040.3,85200000,0.898254,0.53417,85500000,4082,18879,18540
NC_053040.3,85500000,0.876858,0.547433,85800000,4455,18420,17979
NC_053040.3,85800000,0.938307,0.530243,86100000,4470,20746,20111
NC_053040.3,86100000,0.932932,0.531883,86400000,4306,21268,20883
NC_053040.3,86400000,0.854465,0.549063,86700000,5964,21670,20960
NC_053040.3,86700000,0.901774,0.502227,87000000,4396,21667,20956
NC_053040.3,87000000,0.893344,0.55595,87300000,4870,20887,20737
NC_053040.3,87300000,0.891203,0.548,87600000,7850,23170,22688
NC_053040.3,87600000,0.892867,0.56197,87900000,4456,20359,19933
NC_053040.3,87900000,0.877437,0.544427,88200000,4146,20153,19846
NC_053040.3,88200000,0.900701,0.5461,88500000,4525,20869,20403
NC_053040.3,88500000,0.866092,0.539383,88800000,3668,20002,19524
NC_053040.3,88800000,0.867449,0.533947,89100000,4529,20462,20239
NC_053040.3,89100000,0.909804,0.548597,89400000,6589,22746,22108
NC_053040.3,89400000,0.91259,0.508903,89700000,7407,22808,21851
NC_053040.3,89700000,0.963239,0.519703,90000000,4957,21267,20798
NC_053040.3,90000000,0.951585,0.508013,90300000,4822,21368,20972
NC_053040.3,90300000,0.90113,0.54774,90600000,4891,19434,19527
NC_053040.3,90600000,0.923377,0.53917,90900000,4889,20474,19928
NC_053040.3,90900000,0.895812,0.544093,91200000,4803,21100,20937
NC_053040.3,91200000,0.892149,0.526113,91500000,5150,21692,20971
NC_053040.3,91500000,0.874779,0.545623,91800000,4063,20793,20166
NC_053040.3,91800000,0.854967,0.549103,92100000,4394,20615,19946
NC_053040.3,92100000,0.926682,0.53173,92400000,3663,20368,19868
NC_053040.3,92400000,0.844269,0.54904,92700000,4186,21014,20299
NC_053040.3,92700000,0.917109,0.54312,93000000,2711,19387,18844
NC_053040.3,93000000,0.810895,0.550887,93300000,7187,22054,21488
NC_053040.3,93300000,0.922267,0.544793,93600000,4049,20589,20261
NC_053040.3,93600000,0.862069,0.551773,93900000,5782,22364,21461
NC_053040.3,93900000,0.916222,0.522513,94200000,5120,21624,21047
NC_053040.3,94200000,0.877899,0.53691,94500000,5691,21705,21442
NC_053040.3,94500000,0.848002,0.53377,94800000,5697,21474,21102
NC_053040.3,94800000,0.870735,0.53761,95100000,5524,21875,21224
NC_053040.3,95100000,0.958785,0.546867,95400000,2922,19450,19321
NC_053040.3,95400000,0.907078,0.539913,95700000,4761,21445,20814
NC_053040.3,95700000,0.936717,0.517957,96000000,3390,19659,19362
NC_053040.3,96000000,0.886459,0.53949,96300000,5288,21290,20884
NC_053040.3,96300000,0.910808,0.536083,96600000,5295,22457,22147
NC_053040.3,96600000,0.904553,0.56155,96900000,5539,21160,20805
NC_053040.3,96900000,0.884848,0.51875,97200000,5412,22350,21446
NC_053040.3,97200000,0.866421,0.532897,97500000,6075,21699,21572
NC_053040.3,97500000,0.893239,0.52373,97800000,3680,19800,19702
NC_053040.3,97800000,0.884369,0.548737,98100000,2073,17932,17338
NC_053040.3,98100000,0.881533,0.552363,98400000,3240,19083,18791
NC_053040.3,98400000,0.948143,0.525347,98700000,2644,18964,18894
NC_053040.3,98700000,0.902556,0.541107,99000000,9414,24339,24155
NC_053040.3,99000000,0.872148,0.518647,99300000,7302,21711,21445
NC_053040.3,99300000,0.912726,0.513967,99600000,5295,20694,20920
NC_053040.3,99600000,0.923337,0.520317,99900000,10833,24888,25101
NC_053040.3,99900000,0.927633,0.542553,100200000,9708,25280,24492
NC_053040.3,100200000,0.89257,0.547657,100500000,5781,20978,20948
NC_053040.3,100500000,0.881127,0.53474,100800000,5582,21650,21838
NC_053040.3,100800000,0.922735,0.51226,101100000,3926,20466,19930
NC_053040.3,101100000,0.860831,0.531777,101400000,5053,20619,20501
NC_053040.3,101400000,0.906777,0.533703,101700000,4453,20725,20357
NC_053040.3,101700000,0.91761,0.543307,102000000,4005,20167,19737
NC_053040.3,102000000,0.881857,0.548377,102300000,2169,18559,17903
NC_053040.3,102300000,0.929315,0.537807,102600000,2833,19911,19109
NC_053040.3,102600000,0.918318,0.561163,102900000,4215,20102,19380
NC_053040.3,102900000,0.873365,0.55444,103200000,5032,18126,17811
NC_053040.3,103200000,0.827704,0.538553,103500000,4552,15856,15735
NC_053040.3,103500000,0.887686,0.547033,103800000,4695,19147,19056
NC_053040.3,103800000,0.874106,0.53912,104100000,6872,20954,20428
NC_053040.3,104100000,0.906357,0.54394,104400000,7795,19955,19989
NC_053040.3,104400000,0.938212,0.54149,104700000,3953,19090,19001
NC_053040.3,104700000,0.859938,0.53884,105000000,5326,19047,18980
NC_053040.3,105000000,0.860174,0.54867,105300000,5464,17209,17096
NC_053040.3,105300000,0.88164,0.537327,105600000,4769,18615,18555
NC_053040.3,105600000,0.918139,0.542667,105900000,3887,17457,16997
NC_053040.3,105900000,0.955832,0.520653,106200000,4472,19793,19102
NC_053040.3,106200000,0.870837,0.54232,106500000,5736,18925,18724
NC_053040.3,106500000,0.9163,0.517847,106800000,5550,20913,20360
NC_053040.3,106800000,0.904389,0.538027,107100000,4799,19018,18689
NC_053040.3,107100000,0.907667,0.565793,107400000,5945,16728,16770
NC_053040.3,107400000,0.936869,0.539963,107700000,5022,19740,19590
NC_053040.3,107700000,0.903809,0.551987,108000000,4739,19051,19143
NC_053040.3,108000000,0.888887,0.533273,108300000,5069,20484,20384
NC_053040.3,108300000,0.880863,0.52919,108600000,6285,20773,20412
NC_053040.3,108600000,0.874765,0.542403,108900000,5185,19700,19426
NC_053040.3,108900000,0.888102,0.537063,109200000,4986,20710,20193
NC_053040.3,109200000,0.918574,0.536223,109500000,3968,20066,19400
NC_053040.3,109500000,0.895338,0.529853,109800000,5505,20918,20436
NC_053040.3,109800000,0.913089,0.55237,110100000,4257,19044,19057
NC_053040.3,110100000,0.946385,0.50937,110400000,3492,20310,19740
NC_053040.3,110400000,0.910111,0.52222,110700000,6586,19968,19744
NC_053040.3,110700000,0.930593,0.538303,111000000,5827,15519,15899
NC_053040.3,111000000,0.782481,0.499647,111300000,6689,10433,10723
NC_053040.3,111300000,0.882506,0.54528,111600000,6546,14954,15026
NC_053040.3,111600000,0.873982,0.53729,111900000,5438,19145,18625
NC_053040.3,111900000,0.934603,0.55661,112200000,6216,20927,20980
NC_053040.3,112200000,0.901912,0.5444,112500000,6455,22231,21237
NC_053040.3,112500000,0.912815,0.51895,112800000,4151,19904,19377
NC_053040.3,112800000,0.90946,0.542997,113100000,4425,19853,19658
NC_053040.3,113100000,0.917837,0.52654,113400000,4059,18869,18767
NC_053040.3,113400000,0.850172,0.524143,113700000,5857,20055,19629
NC_053040.3,113700000,0.842582,0.55629,114000000,5472,19692,19473
NC_053040.3,114000000,0.881964,0.544607,114300000,6172,20495,20189
NC_053040.3,114300000,0.879551,0.553743,114600000,5982,15761,15225
NC_053040.3,114600000,0.824373,0.536177,114900000,6302,20676,19733
NC_053040.3,114900000,0.915384,0.558917,115200000,4715,19646,19413
NC_053040.3,115200000,0.884147,0.52342,115500000,4057,19223,19199
NC_053040.3,115500000,0.860126,0.55111,115800000,4661,20403,20123
NC_053040.3,115800000,0.906956,0.531867,116100000,5758,21962,21427
NC_053040.3,116100000,0.934907,0.53537,116400000,3412,20236,20013
NC_053040.3,116400000,0.877449,0.541833,116700000,3194,19690,19215
NC_053040.3,116700000,0.795151,0.57708,117000000,1634,16946,16499
NC_053040.3,117000000,0.864603,0.56757,117300000,2859,19344,18784
NC_053040.3,117300000,0.766103,0.592113,117600000,1540,18715,17914
NC_053040.3,117600000,0.686043,0.595923,117900000,582,16852,16529
NC_053040.3,117900000,0.882127,0.578903,118200000,1874,18343,18057
NC_053040.3,118200000,0.885762,0.548293,118500000,5611,21469,20851
NC_053040.3,118500000,0.864737,0.54002,118800000,4867,21540,20688
NC_053040.3,118800000,0.960457,0.5225,119100000,3829,21003,20472
NC_053040.3,119100000,0.919163,0.52122,119400000,4194,21084,20848
NC_053040.3,119400000,0.942503,0.52586,119700000,2922,19951,19798
NC_053040.3,119700000,0.924605,0.53228,120000000,4241,20827,20746
NC_053040.3,120000000,0.889496,0.530213,120300000,4054,21230,20402
NC_053040.3,120300000,0.899275,0.543227,120600000,4271,20795,20517
NC_053040.3,120600000,0.886346,0.539297,120900000,4213,20672,19999
NC_053040.3,120900000,0.781386,0.57795,121200000,2082,18434,17898
NC_053040.3,121200000,0.831109,0.596713,121500000,1858,17821,17544
NC_053040.3,121500000,0.882287,0.562953,121800000,4405,20334,19797
NC_053040.3,121800000,0.93417,0.545087,122100000,3341,19902,19479
NC_053040.3,122100000,0.875416,0.530517,122400000,5042,21339,20789
NC_053040.3,122400000,0.855147,0.536717,122700000,6233,21201,21469
NC_053040.3,122700000,0.906913,0.556053,123000000,5768,20751,20459
NC_053040.3,123000000,0.890341,0.527407,123300000,4649,20463,19841
NC_053040.3,123300000,0.908857,0.53072,123600000,2910,18693,18474
NC_053040.3,123600000,0.923523,0.48934,123900000,3166,19758,19382
NC_053040.3,123900000,0.907655,0.5346,124200000,4279,20316,19744
NC_053040.3,124200000,0.820794,0.530377,124500000,6586,19958,18952
NC_053040.3,124500000,0.840755,0.53953,124800000,4969,19562,19138
NC_053040.3,124800000,0.841535,0.517527,125100000,4022,18854,18189
NC_053040.3,125100000,0.89957,0.53293,125400000,5321,20215,20058
NC_053040.3,125400000,0.913073,0.55811,125700000,8056,23731,23428
NC_053040.3,125700000,0.910975,0.53523,126000000,4188,19913,19862
NC_053040.3,126000000,0.861898,0.54801,126300000,5444,21067,20350
NC_053040.3,126300000,0.891719,0.54173,126600000,4035,19644,19675
NC_053040.3,126600000,0.856758,0.532053,126900000,5322,20643,20552
NC_053040.3,126900000,0.928333,0.531987,127200000,3522,20004,19865
NC_053040.3,127200000,0.921524,0.53825,127500000,4471,20610,20179
NC_053040.3,127500000,0.887146,0.538787,127800000,3625,19087,19033
NC_053040.3,127800000,0.610042,0.523,128100000,5542,17845,17422
NC_053040.3,128100000,0.916228,0.537353,128400000,3528,18865,18571
NC_053040.3,128400000,0.841832,0.54929,128700000,9419,22840,22638
NC_053040.3,128700000,0.902447,0.55492,129000000,21905,31775,32570
NC_053040.3,129000000,0.923438,0.519913,129300000,5492,21210,20925
NC_053040.3,129300000,0.912959,0.542957,129600000,4420,20103,19714
NC_053040.3,129600000,0.861761,0.548583,129900000,3795,18996,19082
NC_053040.3,129900000,0.891876,0.518143,130200000,4986,20208,19734
NC_053040.3,130200000,0.925611,0.50531,130500000,5036,20774,20128
NC_053040.3,130500000,0.925622,0.53511,130800000,4958,21260,20759
NC_053040.3,130800000,0.948464,0.553307,131100000,3587,19986,19490
NC_053040.3,131100000,0.895918,0.532983,131400000,4418,20232,19901
NC_053040.3,131400000,0.932769,0.53101,131700000,4752,20667,20201
NC_053040.3,131700000,0.914771,0.536033,132000000,3993,19933,19429
NC_053040.3,132000000,0.895774,0.532243,132300000,3833,19057,18804
NC_053040.3,132300000,0.91429,0.53307,132600000,3840,20937,20396
NC_053040.3,132600000,0.917648,0.535753,132900000,3777,20466,19891
NC_053040.3,132900000,0.939528,0.54104,133200000,4027,20920,20250
NC_053040.3,133200000,0.912762,0.540877,133500000,7730,23413,22895
NC_053040.3,133500000,0.910511,0.529407,133800000,5596,21025,21124
NC_053040.3,133800000,0.929713,0.545193,134100000,3780,19524,19024
NC_053040.3,134100000,0.885298,0.55008,134400000,4598,20032,19653
NC_053040.3,134400000,0.931906,0.551543,134700000,4137,19767,19538
NC_053040.3,134700000,0.917439,0.521463,135000000,5038,20942,20677
NC_053040.3,135000000,0.912696,0.541887,135300000,3608,20422,19699
NC_053040.3,135300000,0.940314,0.533123,135600000,7184,22763,22684
NC_053040.3,135600000,0.891519,0.534933,135900000,5654,20235,20307
NC_053040.3,135900000,0.909797,0.512173,136200000,4106,20133,19785
NC_053040.3,136200000,0.935237,0.544197,136500000,4296,20197,19671
NC_053040.3,136500000,0.901301,0.555177,136800000,4077,19984,19573
NC_053040.3,136800000,0.865917,0.516907,137100000,3999,20021,19567
NC_053040.3,137100000,0.907617,0.53513,137400000,5246,21307,20953
NC_053040.3,137400000,0.888302,0.552517,137700000,3887,19790,19280
NC_053040.3,137700000,0.931077,0.518277,138000000,4474,20933,20546
NC_053040.3,138000000,0.864257,0.5164,138300000,4534,20811,20562
NC_053040.3,138300000,0.933612,0.529103,138600000,3365,19383,19068
NC_053040.3,138600000,0.893534,0.525483,138900000,3701,19556,18913
NC_053040.3,138900000,0.82107,0.528997,139200000,5697,20701,20162
NC_053040.3,139200000,0.907554,0.538253,139500000,3079,19271,18814
NC_053040.3,139500000,0.922097,0.545367,139800000,4001,19834,19907
NC_053040.3,139800000,0.892664,0.525223,140100000,5573,21220,20674
NC_053040.3,140100000,0.886993,0.54727,140400000,4942,19910,19852
NC_053040.3,140400000,0.923554,0.538493,140700000,4600,19234,18994
NC_053040.3,140700000,0.937654,0.507243,141000000,7374,23077,22374
NC_053040.3,141000000,0.888687,0.520173,141300000,4637,20835,20199
NC_053040.3,141300000,0.941202,0.51765,141600000,4393,20604,20187
NC_053040.3,141600000,0.87803,0.538593,141900000,4860,20283,19928
NC_053040.3,141900000,0.906704,0.555877,142200000,3404,18328,18413
NC_053040.3,142200000,0.916461,0.522027,142500000,3032,19046,18571
NC_053040.3,142500000,0.929787,0.520573,142800000,3243,19309,18752
NC_053040.3,142800000,0.954004,0.51443,143100000,3376,20125,19456
NC_053040.3,143100000,0.886588,0.546717,143400000,4115,19032,18472
NC_053040.3,143400000,0.913487,0.519247,143700000,3641,19932,19116
NC_053040.3,143700000,0.921898,0.517797,144000000,3650,19904,19563
NC_053040.3,144000000,0.91431,0.544993,144300000,4346,20374,19899
NC_053040.3,144300000,0.909527,0.535687,144600000,3925,19425,19102
NC_053040.3,144600000,0.894757,0.550577,144900000,4582,20223,19998
NC_053040.3,144900000,0.968394,0.5344,145200000,2402,17993,17810
NC_053040.3,145200000,0.935574,0.52875,145500000,3167,19556,19262
NC_053040.3,145500000,0.929198,0.534493,145800000,3539,18911,18336
NC_053040.3,145800000,0.853272,0.54749,146100000,4686,19050,18568
NC_053040.3,146100000,0.868748,0.540347,146400000,4619,18627,18170
NC_053040.3,146400000,0.900685,0.548323,146700000,5122,19652,19703
NC_053040.3,146700000,0.941197,0.517883,147000000,5193,19565,19208
NC_053040.3,147000000,0.894905,0.537017,147300000,4023,19014,18871
NC_053040.3,147300000,0.893801,0.547407,147600000,4532,19711,19624
NC_053040.3,147600000,0.898858,0.505727,147900000,4697,19904,19756
NC_053040.3,147900000,0.900911,0.525417,148200000,5020,20554,20112
NC_053040.3,148200000,0.933188,0.511967,148500000,3919,20001,19618
NC_053040.3,148500000,0.890775,0.53785,148800000,6214,20594,20569
NC_053040.3,148800000,0.89636,0.532273,149100000,5287,20128,19966
NC_053040.3,149100000,0.81035,0.532993,149400000,6291,18858,18241
NC_053040.3,149400000,0.908453,0.539217,149700000,3929,19432,19013
NC_053040.3,149700000,0.891264,0.539093,150000000,5100,20356,19959
NC_053040.3,150000000,0.941309,0.532497,150300000,5637,21348,20889
NC_053040.3,150300000,0.939736,0.54224,150600000,3199,19196,19098
NC_053040.3,150600000,0.944223,0.521537,150900000,5811,21374,21339
NC_053040.3,150900000,0.931926,0.52001,151200000,3782,18783,18376
NC_053040.3,151200000,0.91144,0.553773,151500000,6317,22048,22289
NC_053040.3,151500000,0.891822,0.546783,151800000,4515,19742,19043
NC_053040.3,151800000,0.917317,0.550173,152100000,4264,20060,19630
NC_053040.3,152100000,0.877934,0.541833,152400000,3968,19471,19399
NC_053040.3,152400000,0.905698,0.521523,152700000,2607,19228,19000
NC_053040.3,152700000,0.915289,0.523867,153000000,4943,21516,21126
NC_053040.3,153000000,0.887036,0.52908,153300000,4819,21004,20717
NC_053040.3,153300000,0.935039,0.516417,153600000,3354,20073,19464
NC_053040.3,153600000,0.903836,0.53262,153900000,3777,19892,19153
NC_053040.3,153900000,0.880844,0.541977,154200000,3535,18779,18535
NC_053040.3,154200000,0.901374,0.534523,154500000,3592,19971,19597
NC_053040.3,154500000,0.882905,0.53976,154800000,6315,21465,21181
NC_053040.3,154800000,0.954996,0.516857,155100000,2708,19433,19061
NC_053040.3,155100000,0.881466,0.551977,155400000,3763,19505,19507
NC_053040.3,155400000,0.95184,0.52632,155700000,2621,19360,18965
NC_053040.3,155700000,0.881779,0.544913,156000000,5121,20831,20677
NC_053040.3,156000000,0.947094,0.527627,156300000,3463,19761,19386
NC_053040.3,156300000,0.913448,0.53904,156600000,4249,20355,20156
NC_053040.3,156600000,0.900204,0.55401,156900000,4332,20261,19739
NC_053040.3,156900000,0.915588,0.546807,157200000,4628,19178,18995
NC_053040.3,157200000,0.877019,0.538053,157500000,5982,21441,21183
NC_053040.3,157500000,0.905812,0.532203,157800000,5027,20853,20560
NC_053040.3,157800000,0.867822,0.519237,158100000,6278,22470,22051
NC_053040.3,158100000,0.93156,0.544,158400000,3661,20149,20053
NC_053040.3,158400000,0.95858,0.5357,158700000,3355,19862,19911
NC_053040.3,158700000,0.932103,0.531527,159000000,2731,19425,19481
NC_053040.3,159000000,0.932549,0.52054,159300000,3200,20109,19532
NC_053040.3,159300000,0.915829,0.54128,159600000,3482,19819,19714
NC_053040.3,159600000,0.89578,0.52683,159900000,4507,20874,20392
NC_053040.3,159900000,0.937541,0.5407,160200000,4717,31430,33368
NC_053040.3,160200000,0.928836,0.524163,160500000,3065,19819,19102
NC_053040.3,160500000,0.938477,0.525423,160800000,2743,19713,19370
NC_053040.3,160800000,0.910125,0.51728,161100000,4425,19506,19202
NC_053040.3,161100000,0.909169,0.499913,161400000,3632,20337,19865
NC_053040.3,161400000,0.929382,0.52034,161700000,6699,23084,22575
NC_053040.3,161700000,0.944282,0.54519,162000000,4349,20341,19880
NC_053040.3,162000000,0.940457,0.529303,162300000,3705,20235,19580
NC_053040.3,162300000,0.875266,0.541607,162600000,5177,21519,20975
NC_053040.3,162600000,0.921222,0.528783,162900000,3790,20554,20137
NC_053040.3,162900000,0.925742,0.531813,163200000,4158,20344,19835
NC_053040.3,163200000,0.944826,0.524933,163500000,2724,19780,19354
NC_053040.3,163500000,0.91308,0.53629,163800000,3382,19587,18945
NC_053040.3,163800000,0.8685,0.545197,164100000,5466,21273,20731
NC_053040.3,164100000,0.956317,0.536887,164400000,3176,20025,19606
NC_053040.3,164400000,0.900899,0.54082,164700000,4283,20398,19828
NC_053040.3,164700000,0.932166,0.541493,165000000,3606,19523,19170
NC_053040.3,165000000,0.922896,0.533937,165300000,3348,19943,19777
NC_053040.3,165300000,0.921502,0.530837,165600000,4166,20134,19955
NC_053040.3,165600000,0.8542,0.541543,165900000,2539,19185,18771
NC_053040.3,165900000,0.828899,0.587503,166200000,1781,20699,20157
NC_053040.3,166200000,0.935839,0.54943,166500000,3480,20488,20027
NC_053040.3,166500000,0.924958,0.542423,166800000,3420,19877,19434
NC_053040.3,166800000,0.948805,0.55784,167100000,5030,21035,20544
NC_053040.3,167100000,0.877707,0.53264,167400000,4455,20706,19733
NC_053040.3,167400000,0.899844,0.525587,167700000,3323,20317,19321
NC_053040.3,167700000,0.921832,0.553343,168000000,4625,20805,20699
NC_053040.3,168000000,0.894391,0.541293,168300000,5430,19678,19783
NC_053040.3,168300000,0.91881,0.533393,168600000,4957,20992,20837
NC_053040.3,168600000,0.941391,0.532337,168900000,3926,20464,20058
NC_053040.3,168900000,0.897084,0.539273,169200000,4464,20704,20228
NC_053040.3,169200000,0.940281,0.54656,169500000,2962,17967,17625
NC_053040.3,169500000,0.933379,0.504067,169800000,4101,20503,20264
NC_053040.3,169800000,0.895971,0.525557,170100000,3917,19765,19232
NC_053040.3,170100000,0.906402,0.51664,170400000,4222,20200,19978
NC_053040.3,170400000,0.888996,0.526953,170700000,5143,21010,20336
NC_053040.3,170700000,0.9431,0.509897,171000000,4428,20466,20139
NC_053040.3,171000000,0.936961,0.524657,171300000,2786,19790,19669
NC_053040.3,171300000,0.852416,0.51705,171600000,5566,21567,21264
NC_053040.3,171600000,0.901735,0.528083,171900000,3819,19926,19643
NC_053040.3,171900000,0.932442,0.514867,172200000,3646,20258,20099
NC_053040.3,172200000,0.898541,0.54678,172500000,5864,20308,19685
NC_053040.3,172500000,0.896509,0.541807,172800000,6087,20136,19939
NC_053040.3,172800000,0.902733,0.536833,173100000,4644,18724,18312
NC_053040.3,173100000,0.94605,0.538093,173400000,3666,19636,19397
NC_053040.3,173400000,0.940477,0.544613,173700000,3398,19020,18726
NC_053040.3,173700000,0.899958,0.537973,174000000,4975,19799,19429
NC_053040.3,174000000,0.939599,0.558883,174300000,3291,18621,18500
NC_053040.3,174300000,0.91213,0.530147,174600000,4251,19647,19447
NC_053040.3,174600000,0.797588,0.527887,174900000,5138,17277,16896
NC_053040.3,174900000,0.912253,0.540873,175200000,4391,16849,16676
NC_053040.3,175200000,0.908393,0.531197,175500000,3401,15857,15753
NC_053040.3,175500000,0.901419,0.54099,175800000,3658,18586,18002
NC_053040.3,175800000,0.88548,0.5159,176100000,4942,20498,19409
NC_053040.3,176100000,0.913446,0.52809,176400000,3678,20075,19728
NC_053040.3,176400000,0.958423,0.497453,176700000,2755,19790,19182
NC_053040.3,176700000,0.88433,0.540707,177000000,4246,19604,18654
NC_053040.3,177000000,0.88358,0.536967,177300000,5030,20889,20402
NC_053040.3,177300000,0.878769,0.532833,177600000,4119,20136,20112
NC_053040.3,177600000,0.932153,0.53739,177900000,2887,18762,18282
NC_053040.3,177900000,0.906172,0.536313,178200000,3780,19816,19393
NC_053040.3,178200000,0.889006,0.54277,178500000,4110,19859,19739
NC_053040.3,178500000,0.920036,0.511147,178800000,3950,19902,19542
NC_053040.3,178800000,0.911463,0.543227,179100000,3938,19947,20002
NC_053040.3,179100000,0.936543,0.539017,179400000,3578,19722,19789
NC_053040.3,179400000,0.929849,0.52185,179700000,4912,21308,21064
NC_053040.3,179700000,0.947886,0.53256,180000000,4382,20554,20491
NC_053040.3,180000000,0.872481,0.542727,180300000,4232,18499,18343
NC_053040.3,180300000,0.947022,0.528477,180600000,4952,21140,21118
NC_053040.3,180600000,0.882045,0.545573,180900000,8226,22886,22565
NC_053040.3,180900000,0.898983,0.53665,181200000,4320,20157,20424
NC_053040.3,181200000,0.920534,0.548657,181500000,3137,18417,18506
NC_053040.3,181500000,0.922937,0.53617,181800000,3906,19743,19696
NC_053040.3,181800000,0.895767,0.539877,182100000,3247,19515,19042
NC_053040.3,182100000,0.888344,0.55326,182400000,4371,20226,19944
NC_053040.3,182400000,0.886516,0.54541,182700000,4662,20473,20072
NC_053040.3,182700000,0.863228,0.543053,183000000,4020,20327,19872
NC_053040.3,183000000,0.947051,0.541867,183300000,3536,19530,19545
NC_053040.3,183300000,0.939353,0.544057,183600000,4217,20884,20331
NC_053040.3,183600000,0.971782,0.5477,183900000,3081,20016,19390
NC_053040.3,183900000,0.903252,0.53782,184200000,3742,19622,19339
NC_053040.3,184200000,0.913331,0.538293,184500000,5139,20721,20526
NC_053040.3,184500000,0.937723,0.534097,184800000,3016,17185,16616
NC_053040.3,184800000,0.891256,0.536573,185100000,3424,4980,5074
NC_053040.3,185100000,0.926521,0.550323,185400000,4110,4051,4181
NC_053040.3,185400000,0.891207,0.544517,185700000,5947,20533,20392
NC_053040.3,185700000,0.915092,0.549483,186000000,4075,20052,20019
NC_053040.3,186000000,0.859282,0.541857,186300000,4734,20606,19697
NC_053040.3,186300000,0.943825,0.547877,186600000,3818,20062,19556
NC_053040.3,186600000,0.959233,0.548333,186900000,2456,19133,18859
NC_053040.3,186900000,0.925762,0.544717,187200000,5934,21190,20858
NC_053040.3,187200000,0.88261,0.540707,187500000,5224,20636,20130
NC_053040.3,187500000,0.920456,0.534113,187800000,3227,19595,19202
NC_053040.3,187800000,0.915008,0.530823,188100000,3667,19584,19508
NC_053040.3,188100000,0.950002,0.53495,188400000,4305,20155,19939
NC_053040.3,188400000,0.915961,0.49422,188700000,3032,19173,18937
NC_053040.3,188700000,0.923193,0.52954,189000000,4459,20347,19772
NC_053040.3,189000000,0.92328,0.511627,189300000,3734,20541,20004
NC_053040.3,189300000,0.955182,0.530773,189600000,4797,21156,20791
NC_053040.3,189600000,0.942987,0.517947,189900000,3135,19822,19513
NC_053040.3,189900000,0.917606,0.500967,190200000,3058,19666,18916
NC_053040.3,190200000,0.914636,0.53319,190500000,3204,19518,19110
NC_053040.3,190500000,0.846498,0.558273,190800000,1640,19104,18764
NC_053040.3,190800000,0.97103,0.552223,191100000,1510,17870,17494
NC_053040.3,191100000,0.963976,0.551917,191400000,2322,18482,18339
NC_053040.3,191400000,0.943732,0.525397,191700000,2830,19790,19148
NC_053040.3,191700000,0.959117,0.52426,192000000,2857,19450,19163
NC_053040.3,192000000,0.968985,0.517363,192300000,2727,19322,18825
NC_053040.3,192300000,0.950788,0.498797,192600000,3013,20365,19761
NC_053040.3,192600000,0.950757,0.52014,192900000,3083,19753,19561
NC_053040.3,192900000,0.878102,0.541237,193200000,37991,60731,47676
NC_053040.3,193200000,0.93646,0.522503,193500000,3715,20271,20407
NC_053040.3,193500000,0.928581,0.528797,193800000,4445,21384,20874
NC_053040.3,193800000,0.936595,0.526673,194100000,3557,20148,19788
NC_053040.3,194100000,0.942617,0.524793,194400000,3292,20169,19758
NC_053040.3,194400000,0.94501,0.513357,194700000,3847,20550,20538
NC_053040.3,194700000,0.904414,0.51618,195000000,1654,17822,17414
NC_053040.3,195000000,0.935947,0.53879,195300000,2328,18535,18271
NC_053040.3,195300000,0.955285,0.502843,195600000,3550,20151,19412
NC_053040.3,195600000,0.917288,0.52261,195900000,3949,20793,20371
NC_053040.3,195900000,0.948865,0.539997,196200000,3032,19758,19102
NC_053040.3,196200000,0.940867,0.539573,196500000,4065,20382,19691
NC_053040.3,196500000,0.936851,0.523307,196800000,3751,20667,20615
NC_053040.3,196800000,0.929277,0.537707,197100000,4621,20900,20596
NC_053040.3,197100000,0.896939,0.512423,197400000,4937,21338,21163
NC_053040.3,197400000,0.957762,0.516917,197700000,2130,19111,18709
NC_053040.3,197700000,0.911852,0.500387,198000000,2857,19470,19280
NC_053040.3,198000000,0.972342,0.524177,198300000,4991,21320,21180
NC_053040.3,198300000,0.904684,0.512,198600000,2696,18208,17772
NC_053040.3,198600000,0.904113,0.52736,198900000,4613,20846,20620
NC_053040.3,198900000,0.982139,0.512923,199200000,2690,19745,19278
NC_053040.3,199200000,0.928641,0.526797,199500000,4243,20663,20319
NC_053040.3,199500000,0.873173,0.526057,199800000,2848,18422,18069
NC_053040.3,199800000,0.954293,0.52293,200100000,2379,19211,18500
NC_053040.3,200100000,0.890659,0.514733,200400000,3076,18914,18341
NC_053040.3,200400000,0.928464,0.514663,200700000,3814,20606,20430
NC_053040.3,200700000,0.911719,0.535543,201000000,2985,18863,18372
NC_053040.3,201000000,0.921153,0.528417,201300000,3270,19527,19192
NC_053040.3,201300000,0.944693,0.545257,201600000,5675,21742,21477
NC_053040.3,201600000,0.91873,0.548083,201900000,3848,20099,19919
NC_053040.3,201900000,0.934239,0.518163,202200000,3317,20343,19617
NC_053040.3,202200000,0.957493,0.509217,202500000,2299,19516,19054
NC_053040.3,202500000,0.929423,0.541763,202800000,6127,21181,21242
NC_053040.3,202800000,0.904198,0.523593,203100000,3907,20135,19854
NC_053040.3,203100000,0.900795,0.518953,203400000,3071,19309,19073
NC_053040.3,203400000,0.94771,0.538567,203700000,4828,20846,20824
NC_053040.3,203700000,0.889973,0.51843,204000000,3544,19047,18636
NC_053040.3,204000000,0.932763,0.501427,204300000,3728,19576,19135
NC_053040.3,204300000,0.921469,0.483637,204600000,3378,20080,19517
NC_053040.3,204600000,0.954367,0.51984,204900000,3319,19867,20119
NC_053040.3,204900000,0.932614,0.500817,205200000,2924,18820,18762
NC_053040.3,205200000,0.928358,0.497817,205500000,4036,20842,20048
NC_053040.3,205500000,0.940029,0.492217,205800000,2976,19948,19182
NC_053040.3,205800000,0.954064,0.51781,206100000,2533,19318,18885
NC_053040.3,206100000,0.928951,0.52626,206400000,3261,20347,20067
NC_053040.3,206400000,0.93995,0.50955,206700000,3646,20059,19558
NC_053040.3,206700000,0.916848,0.52583,207000000,2628,19349,18727
NC_053040.3,207000000,0.939065,0.493533,207300000,3752,20351,19922
NC_053040.3,207300000,0.926734,0.513843,207600000,3026,19966,19448
NC_053040.3,207600000,0.919,0.50097,207900000,3400,19943,19551
NC_053040.3,207900000,0.909721,0.513483,208200000,3994,20180,19928
NC_053040.3,208200000,0.934912,0.51741,208500000,3773,20404,19773
NC_053040.3,208500000,0.952672,0.516673,208800000,2424,19325,19026
NC_053040.3,208800000,0.910188,0.53651,209100000,2711,19023,18467
NC_053040.3,209100000,0.958878,0.498643,209400000,2794,19928,19424
NC_053040.3,209400000,0.949269,0.50852,209700000,2346,19616,19177
NC_053040.3,209700000,0.924703,0.5115,210000000,3616,20552,19902
NC_053040.3,210000000,0.95043,0.529783,210300000,4059,20705,20202
NC_053040.3,210300000,0.941623,0.51529,210600000,6089,22251,21998
NC_053040.3,210600000,0.906877,0.511257,210900000,3253,20335,19769
NC_053040.3,210900000,0.93224,0.516977,211200000,2915,20029,19102
NC_053040.3,211200000,0.961248,0.533903,211500000,3146,19935,19528
NC_053040.3,211500000,0.912075,0.549213,211800000,4246,20081,19797
NC_053040.3,211800000,0.928429,0.533393,212100000,4499,19996,19546
NC_053040.3,212100000,0.906455,0.527753,212400000,3336,19522,19287
NC_053040.3,212400000,0.934052,0.536843,212700000,2941,20805,20647
NC_053040.3,212700000,0.88857,0.525843,213000000,1961,26075,25188
NC_053040.3,213000000,0.946014,0.516573,213300000,2648,19410,18816
NC_053040.3,213300000,0.943333,0.531507,213600000,3968,19775,19622
NC_053040.3,213600000,0.941888,0.528187,213900000,2506,18549,18418
NC_053040.3,213900000,0.853626,0.53476,214200000,3317,18643,18757
NC_053040.3,214200000,0.914784,0.535333,214500000,4104,19851,19363
NC_053040.3,214500000,0.96133,0.527717,214800000,3142,19755,19576
NC_053040.3,214800000,0.925928,0.542867,215100000,3183,19099,18970
NC_053040.3,215100000,0.954224,0.531023,215400000,2257,18579,18392
NC_053040.3,215400000,0.928311,0.51874,215700000,2457,19655,18953
NC_053040.3,215700000,0.946138,0.518007,216000000,2148,18796,18171
NC_053040.3,216000000,0.950654,0.509353,216300000,4079,20701,20335
NC_053040.3,216300000,0.941072,0.5364,216600000,3036,19681,19358
NC_053040.3,216600000,0.962962,0.54412,216900000,4368,20294,19743
NC_053040.3,216900000,0.978959,0.521767,217200000,3488,20591,20110
NC_053040.3,217200000,0.975363,0.532633,217500000,2809,19239,18818
NC_053040.3,217500000,0.966056,0.53665,217800000,2777,19204,18736
NC_053040.3,217800000,0.897743,0.54519,218100000,4751,20857,20709
NC_053040.3,218100000,0.985673,0.535303,218400000,5872,21352,20880
NC_053040.3,218400000,0.943909,0.547927,218700000,4093,20098,19670
NC_053040.3,218700000,0.922437,0.54822,219000000,3241,19297,19182
NC_053040.3,219000000,0.940377,0.541723,219300000,2600,19080,18753
NC_053040.3,219300000,0.928735,0.52836,219600000,2696,19265,18785
NC_053040.3,219600000,0.91214,0.533337,219900000,3323,19462,19246
NC_053040.3,219900000,0.952857,0.508657,220200000,2967,19080,18689
NC_053040.3,220200000,0.969853,0.534653,220500000,1944,18592,18206
NC_053040.3,220500000,0.8975,0.509117,220800000,5149,20884,20182
NC_053040.3,220800000,0.960955,0.51298,221100000,11386,26726,26596
NC_053040.3,221100000,0.94885,0.51897,221400000,2794,19682,19300
NC_053040.3,221400000,0.923546,0.527317,221700000,3521,20031,19525
NC_053040.3,221700000,0.961598,0.499523,222000000,2351,19545,18927
NC_053040.3,222000000,0.944639,0.54289,222300000,2368,18399,18166
NC_053040.3,222300000,0.933963,0.525867,222600000,3146,16115,15751
NC_053040.3,222600000,0.913175,0.533243,222900000,3566,20320,19714
NC_053040.3,222900000,0.898867,0.537793,223200000,4021,20349,19533
NC_053040.3,223200000,0.89675,0.548623,223500000,3573,19479,19008
NC_053040.3,223500000,0.914645,0.529737,223800000,5553,21552,21350
NC_053040.3,223800000,0.890925,0.537057,224100000,4219,19658,19473
NC_053040.3,224100000,0.961877,0.532857,224400000,3018,19761,19243
NC_053040.3,224400000,0.936745,0.521907,224700000,5004,21223,20651
NC_053040.3,224700000,0.923393,0.538007,225000000,4509,20811,20259
NC_053040.3,225000000,0.905335,0.545617,225300000,6268,21988,21413
NC_053040.3,225300000,0.949828,0.536323,225600000,4136,20247,19974
NC_053040.3,225600000,0.947358,0.52891,225900000,2934,19012,19211
NC_053040.3,225900000,0.959996,0.51554,226200000,3285,19869,19493
NC_053040.3,226200000,0.937427,0.540543,226500000,4048,20827,20138
NC_053040.3,226500000,0.928725,0.534607,226800000,3906,20301,19972
NC_053040.3,226800000,0.954039,0.530323,227100000,4272,21101,20549
NC_053040.3,227100000,0.964711,0.53592,227400000,3517,19321,18613
NC_053040.3,227400000,0.942798,0.524373,227700000,4071,19795,19203
NC_053040.3,227700000,0.935533,0.547403,228000000,3926,19844,19398
NC_053040.3,228000000,0.936917,0.545763,228300000,3397,18706,18223
NC_053040.3,228300000,0.935325,0.55164,228600000,3754,20417,19673
NC_053040.3,228600000,0.960926,0.540133,228900000,2385,18811,18803
NC_053040.3,228900000,0.949706,0.552387,229200000,3800,20242,19608
NC_053040.3,229200000,0.938115,0.529237,229500000,3459,19148,18935
NC_053040.3,229500000,0.964999,0.5468,229800000,2781,19451,18640
NC_053040.3,229800000,0.912796,0.545733,230100000,4000,19983,19586
NC_053040.3,230100000,0.937749,0.550287,230400000,3757,18734,18461
NC_053040.3,230400000,0.915627,0.547867,230700000,5105,20557,20416
NC_053040.3,230700000,0.964165,0.540507,231000000,3615,19301,18953
NC_053040.3,231000000,0.877847,0.51962,231300000,4108,20027,19282
NC_053040.3,231300000,0.955665,0.53574,231600000,2704,18504,18224
NC_053040.3,231600000,0.956753,0.531887,231900000,3330,19516,19309
NC_053040.3,231900000,0.93364,0.55431,232200000,5167,20676,20378
NC_053040.3,232200000,0.893232,0.54334,232500000,5427,20947,20704
NC_053040.3,232500000,0.958668,0.53861,232800000,4317,20188,20192
NC_053040.3,232800000,0.896802,0.54703,233100000,3966,20306,19736
NC_053040.3,233100000,0.916379,0.541853,233400000,3854,19822,19226
NC_053040.3,233400000,0.964938,0.551697,233700000,2991,19132,19211
NC_053040.3,233700000,0.887691,0.555023,234000000,4400,20044,19426
NC_053040.3,234000000,0.960247,0.53043,234300000,2812,19494,19002
NC_053040.3,234300000,0.942316,0.53904,234600000,3825,11637,11579
NC_053040.3,234600000,0.943338,0.527947,234900000,4498,20861,20590
NC_053040.3,234900000,0.943743,0.539637,235200000,3155,19117,18934
NC_053040.3,235200000,0.928551,0.533907,235500000,3554,20289,19743
NC_053040.3,235500000,0.928512,0.53863,235800000,4516,20761,20273
NC_053040.3,235800000,0.90374,0.557863,236100000,3165,21171,20770
NC_053040.3,236100000,0.952785,0.538597,236400000,2022,18762,18698
NC_053040.3,236400000,0.923004,0.532143,236700000,3560,19656,19555
NC_053040.3,236700000,0.899041,0.54706,237000000,4243,20255,19701
NC_053040.3,237000000,0.88061,0.54696,237300000,3991,19091,18917
NC_053040.3,237300000,0.528875,0.43891,237600000,9671,29547,28212
NC_053040.3,237600000,0.438027,0.413563,237900000,6185,24068,22043
NC_053040.3,237900000,0.516134,0.414237,238200000,6219,8679,7917
NC_053040.3,238200000,0.398343,0.436233,238500000,4897,7031,6241
NC_053040.3,238500000,0.328874,0.421013,238800000,3692,8649,7911
NC_053040.3,238800000,0.338919,0.43657,239100000,3729,6163,5476
NC_053040.3,239100000,0.312926,0.43861,239400000,4470,13712,12589
NC_053040.3,239400000,0.391087,0.421167,239700000,3796,5884,5481
NC_053040.3,239700000,0.576833,0.50953,240000000,4612,19214,18474
NC_053040.3,240000000,0.645986,0.560647,240300000,5318,17360,16782
NC_053040.3,240300000,0.664526,0.56022,240600000,5745,20371,19916
NC_053040.3,240600000,0.705988,0.560133,240900000,5900,20032,19514
NC_053040.3,240900000,0.717962,0.54209,241200000,6354,20713,19822
NC_053040.3,241200000,0.761588,0.54236,241500000,5664,20011,19698
NC_053040.3,241500000,0.822401,0.553747,241800000,3900,18925,18647
NC_053040.3,241800000,0.803171,0.539947,242100000,4861,18937,18578
NC_053040.3,242100000,0.796114,0.537633,242400000,5652,19903,19246
NC_053040.3,242400000,0.829036,0.538223,242700000,4732,20726,19996
NC_053040.3,242700000,0.875398,0.544003,243000000,4483,19599,19165
NC_053040.3,243000000,0.904639,0.55262,243300000,7915,22942,22738
NC_053040.3,243300000,0.888246,0.536783,243600000,3637,19286,19027
NC_053040.3,243600000,0.942414,0.540943,243900000,3372,19809,19114
NC_053040.3,243900000,0.938842,0.541653,244200000,5741,20687,20792
NC_053040.3,244200000,0.95507,0.53084,244500000,2618,19497,19105
NC_053040.3,244500000,0.940647,0.49982,244800000,3850,21310,20339
NC_053040.3,244800000,0.939653,0.537057,245100000,6904,22335,22283
NC_053040.3,245100000,0.961272,0.55304,245400000,3183,19638,19255
NC_053040.3,245400000,0.914038,0.541507,245700000,4559,20716,20338
NC_053040.3,245700000,0.938126,0.54243,246000000,3869,20939,20775
NC_053040.3,246000000,0.941372,0.53985,246300000,3225,19481,19045
NC_053040.3,246300000,0.95612,0.54395,246600000,2810,18803,18145
NC_053040.3,246600000,0.914988,0.546267,246900000,5035,20231,20132
NC_053040.3,246900000,0.905835,0.547553,247200000,3460,19177,18836
NC_053040.3,247200000,0.973548,0.53804,247500000,3909,20008,19694
NC_053040.3,247500000,0.944596,0.53421,247800000,2524,18768,18748
NC_053040.3,247800000,0.94619,0.559093,248100000,4417,20169,19997
NC_053040.3,248100000,0.946141,0.525783,248400000,6425,22511,22312
NC_053040.3,248400000,0.934018,0.530767,248700000,3456,19724,19488
NC_053040.3,248700000,0.951094,0.52867,249000000,3756,20735,20506
NC_053040.3,249000000,0.942954,0.521987,249300000,3363,20116,19315
NC_053040.3,249300000,0.928668,0.549163,249600000,4293,19660,19482
NC_053040.3,249600000,0.889795,0.544297,249900000,4089,19987,19304
NC_053040.3,249900000,0.961486,0.539243,250200000,2235,19039,19023
NC_053040.3,250200000,0.923781,0.548237,250500000,2100,18470,18034
NC_053040.3,250500000,0.985723,0.53458,250800000,2006,18552,18280
NC_053040.3,250800000,0.946245,0.543503,251100000,4036,20310,20091
NC_053040.3,251100000,0.943547,0.526137,251400000,3175,19742,19847
NC_053040.3,251400000,0.911717,0.532857,251700000,3632,19841,19575
NC_053040.3,251700000,0.947524,0.53665,252000000,2791,19226,18817
NC_053040.3,252000000,0.91269,0.548797,252300000,5462,20706,20370
NC_053040.3,252300000,0.928567,0.5159,252600000,3273,19653,19141
NC_053040.3,252600000,0.934028,0.52477,252900000,3613,20167,19652
NC_053040.3,252900000,0.926166,0.523153,253200000,3661,20064,19798
NC_053040.3,253200000,0.943689,0.53376,253500000,2231,18761,18160
NC_053040.3,253500000,0.940263,0.53295,253800000,3129,19485,19247
NC_053040.3,253800000,0.939606,0.519537,254100000,3530,20214,19928
NC_053040.3,254100000,0.938817,0.530033,254400000,3943,20159,19945
NC_053040.3,254400000,0.929518,0.531983,254700000,4075,19791,19745
NC_053040.3,254700000,0.944065,0.523067,255000000,3216,20115,19592
NC_053040.3,255000000,0.96135,0.498147,255300000,1538,17244,17169
NC_053040.3,255300000,0.948765,0.526457,255600000,3289,19723,19864
NC_053040.3,255600000,0.95396,0.519053,255900000,7118,23111,22974
NC_053040.3,255900000,0.928573,0.535263,256200000,2415,18534,17664
NC_053040.3,256200000,0.905949,0.556,256500000,10088,24675,24167
NC_053040.3,256500000,0.92735,0.524803,256800000,3200,19478,19255
NC_053040.3,256800000,0.958117,0.505017,257100000,2334,19267,18562
NC_053040.3,257100000,0.966169,0.51054,257400000,2132,19273,19152
NC_053040.3,257400000,0.942987,0.53643,257700000,3459,19932,19679
NC_053040.3,257700000,0.915325,0.55109,258000000,2278,18426,18015
NC_053040.3,258000000,0.916954,0.551423,258300000,1587,18137,17979
NC_053040.3,258300000,0.955979,0.530617,258600000,2024,18779,18301
NC_053040.3,258600000,0.952017,0.53602,258900000,1667,18294,17825
NC_053040.3,258900000,0.953669,0.530913,259200000,5309,21886,21420
NC_053040.3,259200000,0.91377,0.53323,259500000,3652,19851,19326
NC_053040.3,259500000,0.940632,0.530803,259800000,3391,18845,18890
NC_053040.3,259800000,0.957674,0.513513,260100000,3695,20361,19908
NC_053040.3,260100000,0.953751,0.482577,260400000,4456,22050,21277
NC_053040.3,260400000,0.954983,0.497767,260700000,3516,20123,20025
NC_053040.3,260700000,0.92232,0.49801,261000000,5841,21453,21498
NC_053040.3,261000000,0.914026,0.49885,261300000,2856,19670,19418
NC_053040.3,261300000,0.935096,0.530753,261600000,3883,20075,19687
NC_053040.3,261600000,0.96255,0.501967,261900000,2775,19706,19236
NC_053040.3,261900000,0.943939,0.54563,262200000,3325,15430,15130
NC_053040.3,262200000,0.942909,0.525767,262500000,6715,23464,23289
NC_053040.3,262500000,0.940836,0.521487,262800000,3326,20170,19745
NC_053040.3,262800000,0.9411,0.504507,263100000,2449,19477,19026
NC_053040.3,263100000,0.958253,0.53289,263400000,2731,19522,19046
NC_053040.3,263400000,0.926844,0.50761,263700000,2046,18755,18030
NC_053040.3,263700000,0.953477,0.526527,264000000,2395,19339,18716
NC_053040.3,264000000,0.877498,0.537367,264300000,5230,20009,19576
NC_053040.3,264300000,0.925553,0.539987,264600000,4281,20109,19343
NC_053040.3,264600000,0.931151,0.518293,264900000,2855,19978,19510
NC_053040.3,264900000,0.955547,0.525373,265200000,2313,18864,18633
NC_053040.3,265200000,0.922437,0.517777,265500000,9941,25451,25232
NC_053040.3,265500000,0.936381,0.52555,265800000,3297,20386,19721
NC_053040.3,265800000,0.938853,0.517163,266100000,4190,21001,20747
NC_053040.3,266100000,0.936366,0.527327,266400000,3514,19659,19623
NC_053040.3,266400000,0.866155,0.51695,266700000,6466,20672,20610
NC_053040.3,266700000,0.949291,0.512093,267000000,7062,22578,22584
NC_053040.3,267000000,0.920896,0.528693,267300000,3041,19157,18458
NC_053040.3,267300000,0.94751,0.523717,267600000,2216,18491,18236
NC_053040.3,267600000,0.951483,0.51297,267900000,2484,19170,19084
NC_053040.3,267900000,0.967563,0.514747,268200000,2145,19191,18876
NC_053040.3,268200000,0.957396,0.514577,268500000,2074,19051,18791
NC_053040.3,268500000,0.943942,0.530967,268800000,2906,19263,18555
NC_053040.3,268800000,0.895174,0.54086,269100000,3791,20076,19568
NC_053040.3,269100000,0.942754,0.51852,269400000,3304,19508,19337
NC_053040.3,269400000,0.949997,0.539377,269700000,3480,20003,19272
NC_053040.3,269700000,0.915557,0.525993,270000000,4527,20602,20223
NC_053040.3,270000000,0.92314,0.51982,270300000,2417,19153,18821
NC_053040.3,270300000,0.920549,0.529257,270600000,3790,20560,20098
NC_053040.3,270600000,0.965961,0.521137,270900000,3237,19738,19280
NC_053040.3,270900000,0.961415,0.53137,271200000,2872,19428,18822
NC_053040.3,271200000,0.929268,0.52249,271500000,3985,20239,19800
NC_053040.3,271500000,0.952115,0.528013,271800000,2649,19148,18546
NC_053040.3,271800000,0.916436,0.530777,272100000,3425,19791,19288
NC_053040.3,272100000,0.939212,0.533097,272400000,3404,20220,19378
NC_053040.3,272400000,0.948546,0.514063,272700000,2363,17342,16965
NC_053040.3,272700000,0.946136,0.53505,273000000,3046,19029,18449
NC_053040.3,273000000,0.957328,0.534377,273300000,3160,19897,19582
NC_053040.3,273300000,0.907834,0.530413,273600000,4184,20515,20136
NC_053040.3,273600000,0.94528,0.52763,273900000,2811,19541,18887
NC_053040.3,273900000,0.950801,0.49193,274200000,3484,20788,20040
NC_053040.3,274200000,0.886437,0.54846,274500000,2931,20012,19420
NC_053040.3,274500000,0.951105,0.50137,274800000,2230,19573,19209
NC_053040.3,274800000,0.957187,0.554813,275100000,3444,20221,19834
NC_053040.3,275100000,0.900761,0.536023,275400000,3898,19646,19386
NC_053040.3,275400000,0.942147,0.536507,275700000,3034,19472,19023
NC_053040.3,275700000,0.931842,0.511377,276000000,3944,20531,19940
NC_053040.3,276000000,0.951924,0.53338,276300000,3617,19626,19557
NC_053040.3,276300000,0.905277,0.523193,276600000,7171,22367,22157
NC_053040.3,276600000,0.922527,0.53734,276900000,3712,20052,19814
NC_053040.3,276900000,0.967201,0.507143,277200000,2802,20227,19962
NC_053040.3,277200000,0.955776,0.506423,277500000,4167,20537,20370
NC_053040.3,277500000,0.969254,0.505333,277800000,3818,20553,20494
NC_053040.3,277800000,0.951119,0.502213,278100000,6381,22027,21877
NC_053040.3,278100000,0.903651,0.5362,278400000,3615,20013,19694
NC_053040.3,278400000,0.958286,0.51327,278700000,2433,19395,19093
NC_053040.3,278700000,0.956814,0.511247,279000000,2015,19101,18686
NC_053040.3,279000000,0.952193,0.535977,279300000,2078,19174,18291
NC_053040.3,279300000,0.901381,0.525933,279600000,3900,21682,21237
NC_053040.3,279600000,0.89703,0.519823,279900000,4556,20598,20428
NC_053040.3,279900000,0.963285,0.511893,280200000,2367,19427,19540
NC_053040.3,280200000,0.946918,0.526363,280500000,2221,18970,18538
NC_053040.3,280500000,0.948691,0.527043,280800000,2710,19427,18795
NC_053040.3,280800000,0.909339,0.485707,281100000,3736,21412,20470
NC_053040.3,281100000,0.88537,0.51834,281400000,9771,24424,23741
NC_053040.3,281400000,0.936404,0.502377,281700000,2843,19917,19603
NC_053040.3,281700000,0.916182,0.51453,282000000,5237,21363,20527
NC_053040.3,282000000,0.95479,0.550553,282300000,6640,21195,21370
NC_053040.3,282300000,0.957683,0.540293,282600000,3057,19655,19431
NC_053040.3,282600000,0.899346,0.523903,282900000,3975,20084,19734
NC_053040.3,282900000,0.928533,0.526033,283200000,3305,20049,19235
NC_053040.3,283200000,0.798009,0.44604,283500000,4538,18199,17165
NC_053040.3,283500000,0.747308,0.441113,283800000,5344,23544,22222
NC_053040.3,283800000,0.895024,0.547173,284100000,4776,19802,19497
NC_053040.3,284100000,0.935104,0.530107,284400000,3363,20222,19692
NC_053040.3,284400000,0.93788,0.512253,284700000,2239,20222,19458
NC_053040.3,284700000,0.935185,0.528523,285000000,2165,18938,18505
NC_053040.3,285000000,0.917313,0.540127,285300000,3088,19144,18690
NC_053040.3,285300000,0.895309,0.5345,285600000,4431,19968,19711
NC_053040.3,285600000,0.928056,0.531527,285900000,2924,18993,18200
NC_053040.3,285900000,0.944651,0.523407,286200000,3074,20077,19677
NC_053040.3,286200000,0.945267,0.51407,286500000,2946,18728,18043
NC_053040.3,286500000,0.921775,0.53288,286800000,4482,20311,20069
NC_053040.3,286800000,0.91959,0.513463,287100000,3114,20003,19686
NC_053040.3,287100000,0.928541,0.552163,287400000,3915,19984,20128
NC_053040.3,287400000,0.964955,0.504847,287700000,2733,19859,19359
NC_053040.3,287700000,0.966181,0.50608,288000000,2925,19734,18999
NC_053040.3,288000000,0.966177,0.51018,288300000,2880,19591,19402
NC_053040.3,288300000,0.966716,0.555247,288600000,2825,19301,18585
NC_053040.3,288600000,0.945989,0.514177,288900000,2386,13145,12799
NC_053040.3,288900000,0.955749,0.509407,289200000,3677,20512,20065
NC_053040.3,289200000,0.955063,0.541483,289500000,2739,19284,19197
NC_053040.3,289500000,0.925905,0.542523,289800000,4010,22424,21611
NC_053040.3,289800000,0.91148,0.53923,290100000,6177,21480,20782
NC_053040.3,290100000,0.92452,0.53506,290400000,4517,20009,19565
NC_053040.3,290400000,0.928616,0.526667,290700000,4133,20019,19743
NC_053040.3,290700000,0.878863,0.53482,291000000,4236,18840,18188
NC_053040.3,291000000,0.887763,0.53726,291300000,4657,19489,19128
NC_053040.3,291300000,0.927667,0.537273,291600000,4492,19223,18740
NC_053040.3,291600000,0.875036,0.537563,291900000,5615,20054,19648
NC_053040.3,291900000,0.955755,0.53985,292200000,2904,18875,18272
NC_053040.3,292200000,0.883982,0.537503,292500000,6702,21192,21123
NC_053040.3,292500000,0.966808,0.514667,292800000,3000,19515,18724
NC_053040.3,292800000,0.951409,0.54434,293100000,2382,18361,18043
NC_053040.3,293100000,0.937836,0.534567,293400000,3761,19561,19262
NC_053040.3,293400000,0.879098,0.533153,293700000,4366,18776,18607
NC_053040.3,293700000,0.950522,0.56731,294000000,2687,18702,18378
NC_053040.3,294000000,0.888254,0.548467,294300000,3956,20007,19551
NC_053040.3,294300000,0.950224,0.54649,294600000,3524,19854,19309
NC_053040.3,294600000,0.920824,0.53365,294900000,3427,19968,19549
NC_053040.3,294900000,0.887712,0.541993,295200000,5540,20986,21160
NC_053040.3,295200000,0.938562,0.53081,295500000,3951,20123,19661
NC_053040.3,295500000,0.959743,0.521607,295800000,2880,19948,19370
NC_053040.3,295800000,0.941083,0.524127,296100000,3157,19700,19366
NC_053040.3,296100000,0.882596,0.53025,296400000,5159,21585,21117
NC_053040.3,296400000,0.881791,0.528473,296700000,4148,20504,19832
NC_053040.3,296700000,0.927947,0.522267,297000000,4777,21339,20853
NC_053040.3,297000000,0.87046,0.55657,297300000,4774,20436,20150
NC_053040.3,297300000,0.937797,0.52758,297600000,3039,19970,19235
NC_053040.3,297600000,0.903887,0.534573,297900000,4229,20103,19770
NC_053040.3,297900000,0.945209,0.541223,298200000,3013,19793,19065
NC_053040.3,298200000,0.891082,0.548363,298500000,4423,20470,19982
NC_053040.3,298500000,0.952115,0.531277,298800000,4021,20687,20568
NC_053040.3,298800000,0.929618,0.526837,299100000,3124,19654,19466
NC_053040.3,299100000,0.880357,0.541407,299400000,3896,19898,19472
NC_053040.3,299400000,0.940587,0.534193,299700000,2841,19100,18965
NC_053040.3,299700000,0.84199,0.554117,300000000,4179,20086,19802
NC_053040.3,300000000,0.866395,0.559587,300300000,5253,20930,20732
NC_053040.3,300300000,0.909348,0.5267,300600000,4187,21002,20252
NC_053040.3,300600000,0.867916,0.534997,300900000,5721,21961,21332
NC_053040.3,300900000,0.944908,0.522343,301200000,5385,21984,21494
NC_053040.3,301200000,0.907054,0.530257,301500000,2727,19399,19097
NC_053040.3,301500000,0.908951,0.502977,301800000,3512,20269,20007
NC_053040.3,301800000,0.909518,0.55236,302100000,3327,18924,18707
NC_053040.3,302100000,0.90134,0.53806,302400000,5508,21294,20784
NC_053040.3,302400000,0.905698,0.550677,302700000,4424,20449,20124
NC_053040.3,302700000,0.906983,0.53881,303000000,5153,20460,20321
NC_053040.3,303000000,0.878731,0.54367,303300000,4789,20821,20344
NC_053040.3,303300000,0.89325,0.531463,303600000,4405,21001,20602
NC_053040.3,303600000,0.919477,0.548497,303900000,3178,19609,18980
NC_053040.3,303900000,0.909664,0.560787,304200000,3922,18907,18491
NC_053040.3,304200000,0.858489,0.55035,304500000,4110,19258,19117
NC_053040.3,304500000,0.897554,0.5275,304800000,5521,20379,20117
NC_053040.3,304800000,0.934,0.530203,305100000,10762,24824,24455
NC_053040.3,305100000,0.901579,0.53709,305400000,5859,20194,19674
NC_053040.3,305400000,0.869053,0.529787,305700000,10671,25474,24703
NC_053040.3,305700000,0.909302,0.52763,306000000,15710,29064,28717
NC_053040.3,306000000,0.969656,0.51974,306300000,14227,28780,29193
NC_053040.3,306300000,0.887312,0.553027,306600000,4336,28128,27273
NC_053040.3,306600000,0.887101,0.5459,306900000,1929,13878,13560
NC_053040.3,306900000,0.92683,0.51097,307200000,5103,20249,19811
NC_053040.3,307200000,0.936331,0.501853,307500000,3509,19171,18823
NC_053040.3,307500000,0.942644,0.514983,307800000,7858,22351,21794
NC_053040.3,307800000,0.943372,0.491027,308100000,3275,17983,17662
NC_053040.3,308100000,0.929166,0.518117,308400000,6781,22372,21748
NC_053040.3,308400000,0.894282,0.52125,308700000,11056,25476,24720
NC_053040.3,308700000,0.798623,0.51688,309000000,2887,16002,15533
NC_053040.3,309000000,0.974954,0.511627,309300000,6013,22366,21712
NC_053040.3,309300000,0.939701,0.527613,309600000,7272,22496,22396
NC_053040.3,309600000,0.948581,0.546443,309900000,7214,22216,21527
NC_053040.3,309900000,0.925504,0.54257,310200000,9915,25173,24591
NC_053040.3,310200000,0.866673,0.548247,310500000,7224,21940,21574
NC_053040.3,310500000,0.897259,0.53478,310800000,3455,18736,18554
NC_053040.3,310800000,0.921371,0.544583,311100000,3043,18662,18217
NC_053040.3,311100000,0.878288,0.545723,311400000,4097,18738,18477
NC_053040.3,311400000,0.943115,0.52924,311700000,4096,19250,18954
NC_053040.3,311700000,0.915145,0.534427,312000000,3935,19513,19209
NC_053040.3,312000000,0.945304,0.53944,312300000,3154,18489,18263
NC_053040.3,312300000,0.907743,0.539283,312600000,4994,19712,19514
NC_053040.3,312600000,0.93805,0.522787,312900000,3713,19706,19356
NC_053040.3,312900000,0.928751,0.5014,313200000,3305,19322,18987
NC_053040.3,313200000,0.895322,0.536663,313500000,3964,19154,18425
NC_053040.3,313500000,0.938676,0.550193,313800000,3933,19103,18442
NC_053040.3,313800000,0.904704,0.532837,314100000,4259,19377,19201
NC_053040.3,314100000,0.935277,0.524197,314400000,2759,17996,17561
NC_053040.3,314400000,0.937091,0.529797,314700000,2931,18585,18288
NC_053040.3,314700000,0.964098,0.539383,315000000,2950,18290,18190
NC_053040.3,315000000,0.906043,0.54393,315300000,3954,18729,18658
NC_053040.3,315300000,0.884652,0.51501,315600000,5614,20090,19341
NC_053040.3,315600000,0.911654,0.54192,315900000,4737,20002,20004
NC_053040.3,315900000,0.922504,0.54412,316200000,4673,20421,20095
NC_053040.3,316200000,0.900994,0.536537,316500000,3786,23408,23104
NC_053040.3,316500000,0.924364,0.537263,316800000,3375,17268,17413
NC_053040.3,316800000,0.854488,0.52187,317100000,4364,19335,18862
NC_053040.3,317100000,0.945966,0.510437,317400000,2493,18118,17642
NC_053040.3,317400000,0.88849,0.54142,317700000,4806,18650,18336
NC_053040.3,317700000,0.885167,0.536417,318000000,4861,17038,16844
NC_053040.3,318000000,0.898324,0.553657,318300000,5418,21083,20609
NC_053040.3,318300000,0.921127,0.54591,318600000,7005,22428,22141
NC_053040.3,318600000,0.903463,0.538857,318900000,4117,20026,19508
NC_053040.3,318900000,0.906342,0.521173,319200000,3582,19937,19603
NC_053040.3,319200000,0.858691,0.544077,319500000,5024,20240,20188
NC_053040.3,319500000,0.899511,0.55321,319800000,3694,19658,19317
NC_053040.3,319800000,0.915721,0.525363,320100000,4049,20196,20094
NC_053040.3,320100000,0.91692,0.538593,320400000,3651,18748,18818
NC_053040.3,320400000,0.905907,0.54364,320700000,4757,20114,19682
NC_053040.3,320700000,0.917682,0.55234,321000000,4251,20044,20097
NC_053040.3,321000000,0.947467,0.518153,321300000,4553,20894,20374
NC_053040.3,321300000,0.884712,0.549427,321600000,4172,19186,19014
NC_053040.3,321600000,0.892915,0.53414,321900000,3820,19350,19005
NC_053040.3,321900000,0.927164,0.53109,322200000,4853,20762,20464
NC_053040.3,322200000,0.939717,0.54113,322500000,3614,19575,19961
NC_053040.3,322500000,0.902919,0.54343,322800000,4814,20284,20420
NC_053040.3,322800000,0.867632,0.538157,323100000,4212,19386,19434
NC_053040.3,323100000,0.931828,0.540477,323400000,4440,20444,19889
NC_053040.3,323400000,0.949271,0.54305,323700000,3812,19813,19677
NC_053040.3,323700000,0.915887,0.54266,324000000,3964,20115,19952
NC_053040.3,324000000,0.917507,0.547667,324300000,3272,19404,19298
NC_053040.3,324300000,0.94495,0.53821,324600000,4215,20647,19833
NC_053040.3,324600000,0.937668,0.534103,324900000,3707,19990,19863
NC_053040.3,324900000,0.873449,0.555343,325200000,4326,19993,19881
NC_053040.3,325200000,0.906466,0.54821,325500000,4987,20833,20685
NC_053040.3,325500000,0.946202,0.529787,325800000,3764,20635,20018
NC_053040.3,325800000,0.935967,0.50526,326100000,3131,20361,19873
NC_053040.3,326100000,0.93986,0.532797,326400000,4381,20547,20100
NC_053040.3,326400000,0.897305,0.52305,326700000,5186,20683,20567
NC_053040.3,326700000,0.923881,0.53818,327000000,3332,19446,19059
NC_053040.3,327000000,0.935387,0.538417,327300000,3195,19761,19394
NC_053040.3,327300000,0.920336,0.547393,327600000,4304,20475,19550
NC_053040.3,327600000,0.931139,0.522323,327900000,3145,19897,19462
NC_053040.3,327900000,0.892907,0.541327,328200000,4431,20542,20523
NC_053040.3,328200000,0.920506,0.53769,328500000,3683,20263,20295
NC_053040.3,328500000,0.89566,0.526647,328800000,3638,19776,19223
NC_053040.3,328800000,0.868073,0.546287,329100000,5384,20930,20830
NC_053040.3,329100000,0.909717,0.540813,329400000,4044,20320,19933
NC_053040.3,329400000,0.878617,0.54008,329700000,5556,20840,20732
NC_053040.3,329700000,0.898054,0.544843,330000000,6181,21202,21067
NC_053040.3,330000000,0.932639,0.54544,330300000,4509,20250,19990
NC_053040.3,330300000,0.949261,0.54944,330600000,3717,19992,19657
NC_053040.3,330600000,0.887885,0.54941,330900000,4232,20225,19787
NC_053040.3,330900000,0.889882,0.55992,331200000,4120,19674,19481
NC_053040.3,331200000,0.921707,0.5472,331500000,3964,20134,19941
NC_053040.3,331500000,0.901079,0.549353,331800000,8059,22480,21965
NC_053040.3,331800000,0.84515,0.53129,332100000,4889,20775,20302
NC_053040.3,332100000,0.878682,0.545207,332400000,4975,20475,20261
NC_053040.3,332400000,0.934639,0.543757,332700000,3364,19452,19525
NC_053040.3,332700000,0.918892,0.52472,333000000,3780,20459,20309
NC_053040.3,333000000,0.915614,0.527617,333300000,5377,21617,20864
NC_053040.3,333300000,0.934288,0.55274,333600000,4023,20351,20143
NC_053040.3,333600000,0.942686,0.534067,333900000,3060,19783,19028
NC_053040.3,333900000,0.881744,0.53815,334200000,4636,20706,20246
NC_053040.3,334200000,0.912665,0.53923,334500000,4258,20720,20200
NC_053040.3,334500000,0.927293,0.534537,334800000,5116,24141,23637
NC_053040.3,334800000,0.893225,0.551863,335100000,5559,22431,21667
NC_053040.3,335100000,0.938347,0.52408,335400000,2927,19701,19590
NC_053040.3,335400000,0.96644,0.55045,335700000,3311,19609,19558
NC_053040.3,335700000,0.930976,0.53532,336000000,3529,19819,19810
NC_053040.3,336000000,0.901225,0.548433,336300000,4974,20809,20731
NC_053040.3,336300000,0.90135,0.543003,336600000,5295,20469,20242
NC_053040.3,336600000,0.917719,0.549497,336900000,4244,19255,18996
NC_053040.3,336900000,0.932498,0.522297,337200000,2986,19481,19322
NC_053040.3,337200000,0.91256,0.536503,337500000,4989,20625,20598
NC_053040.3,337500000,0.918784,0.530687,337800000,5219,21284,20895
NC_053040.3,337800000,0.889323,0.537457,338100000,3715,20163,19459
NC_053040.3,338100000,0.8971,0.526547,338400000,5025,21572,21144
NC_053040.3,338400000,0.927982,0.554727,338700000,3044,19330,18880
NC_053040.3,338700000,0.946455,0.546933,339000000,3835,20249,19995
NC_053040.3,339000000,0.910991,0.529387,339300000,4249,20521,20280
NC_053040.3,339300000,0.926983,0.550687,339600000,3112,19144,18967
NC_053040.3,339600000,0.952705,0.526807,339900000,3044,19810,18967
NC_053040.3,339900000,0.880206,0.543373,340200000,4556,20492,20093
NC_053040.3,340200000,0.917032,0.531527,340500000,4615,20852,20237
NC_053040.3,340500000,0.944281,0.51427,340800000,4641,21052,20754
NC_053040.3,340800000,0.91992,0.527667,341100000,2980,19843,19417
NC_053040.3,341100000,0.926593,0.567533,341400000,4007,20161,19848
NC_053040.3,341400000,0.874233,0.542107,341700000,6969,22517,22548
NC_053040.3,341700000,0.920127,0.553287,342000000,4279,19856,19517
NC_053040.3,342000000,0.944428,0.56606,342300000,3854,19771,19565
NC_053040.3,342300000,0.90624,0.544097,342600000,5498,21361,20763
NC_053040.3,342600000,0.92354,0.515657,342900000,4285,21261,20988
NC_053040.3,342900000,0.917936,0.54919,343200000,5466,21201,21101
NC_053040.3,343200000,0.917532,0.523027,343500000,3504,19609,19995
NC_053040.3,343500000,0.900442,0.514207,343800000,4194,19236,18605
NC_053040.3,343800000,0.932347,0.54967,344100000,3810,19592,19343
NC_053040.3,344100000,0.931604,0.550423,344400000,4399,20521,20441
NC_053040.3,344400000,0.947403,0.524297,344700000,4044,20929,20340
NC_053040.3,344700000,0.886921,0.529103,345000000,4795,21254,20718
NC_053040.3,345000000,0.889444,0.543767,345300000,4819,20177,20019
NC_053040.3,345300000,0.894818,0.554957,345600000,4567,19246,18569
NC_053040.3,345600000,0.934117,0.537983,345900000,3340,18434,18481
NC_053040.3,345900000,0.929738,0.533763,346200000,5156,20450,20434
NC_053040.3,346200000,0.877831,0.523807,346500000,3756,18965,18614
NC_053040.3,346500000,0.908606,0.535153,346800000,3578,18812,18294
NC_053040.3,346800000,0.928885,0.527337,347100000,3545,19331,18816
NC_053040.3,347100000,0.944082,0.536723,347400000,2304,18334,17732
NC_053040.3,347400000,0.93739,0.524797,347700000,2735,18447,18138
NC_053040.3,347700000,0.917627,0.55606,348000000,4236,19237,18569
NC_053040.3,348000000,0.910765,0.54546,348300000,4741,19805,19103
NC_053040.3,348300000,0.944348,0.531737,348600000,4134,20202,19849
NC_053040.3,348600000,0.914388,0.54081,348900000,3959,19245,18971
NC_053040.3,348900000,0.912984,0.536677,349200000,4341,19845,19466
NC_053040.3,349200000,0.877123,0.529673,349500000,3196,18612,18040
NC_053040.3,349500000,0.921312,0.54008,349800000,4093,20249,19794
NC_053040.3,349800000,0.920748,0.52019,350100000,3139,19387,18803
NC_053040.3,350100000,0.928446,0.52534,350400000,4012,20051,19694
NC_053040.3,350400000,0.923998,0.545143,350700000,5358,19997,19906
NC_053040.3,350700000,0.945185,0.537687,351000000,3146,18535,17857
NC_053040.3,351000000,0.93414,0.553417,351300000,3427,17651,17768
NC_053040.3,351300000,0.934264,0.542167,351600000,5136,19954,19596
NC_053040.3,351600000,0.940171,0.530287,351900000,3378,19133,18812
NC_053040.3,351900000,0.924329,0.535787,352200000,3685,15223,15057
NC_053040.3,352200000,0.881633,0.531603,352500000,4361,19186,18739
NC_053040.3,352500000,0.907311,0.546093,352800000,3605,19353,19162
NC_053040.3,352800000,0.918212,0.539697,353100000,4054,19361,18836
NC_053040.3,353100000,0.917317,0.543077,353400000,4284,18710,18597
NC_053040.3,353400000,0.908771,0.540557,353700000,4091,19596,19469
NC_053040.3,353700000,0.941332,0.532277,354000000,3790,19850,19567
NC_053040.3,354000000,0.931822,0.527987,354300000,2807,19338,19001
NC_053040.3,354300000,0.904738,0.54289,354600000,4430,20578,19966
NC_053040.3,354600000,0.891596,0.55106,354900000,4508,19789,19519
NC_053040.3,354900000,0.948465,0.508433,355200000,3219,20024,19406
NC_053040.3,355200000,0.934143,0.5161,355500000,3759,20384,19874
NC_053040.3,355500000,0.930515,0.533697,355800000,3757,19925,19392
NC_053040.3,355800000,0.921975,0.537947,356100000,3475,18511,18290
NC_053040.3,356100000,0.917518,0.502727,356400000,3231,19421,18913
NC_053040.3,356400000,0.902904,0.540367,356700000,3730,18614,18176
NC_053040.3,356700000,0.912918,0.527573,357000000,4853,19586,19690
NC_053040.3,357000000,0.914628,0.54508,357300000,4226,19828,19608
NC_053040.3,357300000,0.834033,0.542357,357600000,3995,18634,17989
NC_053040.3,357600000,0.871491,0.526663,357900000,6384,19435,18644
NC_053040.3,357900000,0.924269,0.50436,358200000,2644,18915,18196
NC_053040.3,358200000,0.907293,0.54122,358500000,3542,19445,18685
NC_053040.3,358500000,0.882866,0.536483,358800000,7163,21994,21545
NC_053040.3,358800000,0.898364,0.545457,359100000,4383,21043,20508
NC_053040.3,359100000,0.867542,0.53915,359400000,4633,20081,19793
NC_053040.3,359400000,0.900457,0.54474,359700000,3351,18484,18013
NC_053040.3,359700000,0.940807,0.52133,360000000,2570,18935,18773
NC_053040.3,360000000,0.905623,0.54923,360300000,4138,19087,18836
NC_053040.3,360300000,0.888653,0.486963,360600000,3386,19845,19268
NC_053040.3,360600000,0.912763,0.522143,360900000,3782,20379,19553
NC_053040.3,360900000,0.893139,0.539733,361200000,4184,19700,19132
NC_053040.3,361200000,0.892231,0.5275,361500000,3418,19294,18636
NC_053040.3,361500000,0.95195,0.522397,361800000,3060,19046,18611
NC_053040.3,361800000,0.931482,0.562427,362100000,5021,19437,19748
NC_053040.3,362100000,0.957442,0.549613,362400000,3562,19476,19385
NC_053040.3,362400000,0.909961,0.52388,362700000,4242,20544,19576
NC_053040.3,362700000,0.943129,0.507817,363000000,4696,21266,20853
NC_053040.3,363000000,0.940933,0.492033,363300000,4031,21165,20346
NC_053040.3,363300000,0.852172,0.53123,363600000,3498,18977,18295
NC_053040.3,363600000,0.895963,0.527737,363900000,3894,19401,18661
NC_053040.3,363900000,0.918025,0.521613,364200000,3683,19482,19473
NC_053040.3,364200000,0.901528,0.548017,364500000,2971,19639,18879
NC_053040.3,364500000,0.847591,0.546187,364800000,4005,19510,19022
NC_053040.3,364800000,0.910317,0.523087,365100000,18064,30931,31120
NC_053040.3,365100000,0.892992,0.508147,365400000,3608,19307,18704
NC_053040.3,365400000,0.925183,0.50939,365700000,3985,20135,19909
NC_053040.3,365700000,0.882038,0.510047,366000000,4476,19919,19430
NC_053040.3,366000000,0.883129,0.539737,366300000,5104,20577,20139
NC_053040.3,366300000,0.933453,0.521583,366600000,3188,16205,16145
NC_053040.3,366600000,0.903854,0.531957,366900000,4104,19348,18869
NC_053040.3,366900000,0.886423,0.530853,367200000,4215,20000,19572
NC_053040.3,367200000,0.937553,0.529143,367500000,2631,19223,18499
NC_053040.3,367500000,0.938657,0.526957,367800000,3096,19581,19185
NC_053040.3,367800000,0.914617,0.52919,368100000,4267,19019,18726
NC_053040.3,368100000,0.941344,0.5236,368400000,2834,19189,18985
NC_053040.3,368400000,0.948569,0.523163,368700000,2364,19407,18525
NC_053040.3,368700000,0.928174,0.538143,369000000,3826,20166,19218
NC_053040.3,369000000,0.865846,0.535113,369300000,3565,18384,18298
NC_053040.3,369300000,0.844167,0.538867,369600000,5538,19999,19519
NC_053040.3,369600000,0.886814,0.538217,369900000,5031,20285,20203
NC_053040.3,369900000,0.910822,0.543447,370200000,4656,20147,19794
NC_053040.3,370200000,0.912903,0.54438,370500000,4580,20200,19918
NC_053040.3,370500000,0.885831,0.536383,370800000,5377,18572,17991
NC_053040.3,370800000,0.843291,0.5391,371100000,4238,18681,18431
NC_053040.3,371100000,0.892931,0.53887,371400000,3652,20796,20601
NC_053040.3,371400000,0.927198,0.541183,371700000,3776,19239,18987
NC_053040.3,371700000,0.848365,0.550657,372000000,4085,18745,18332
NC_053040.3,372000000,0.911618,0.544293,372300000,6050,20052,20018
NC_053040.3,372300000,0.932474,0.536467,372600000,4424,20218,20154
NC_053040.3,372600000,0.933017,0.551787,372900000,5128,19266,18564
NC_053040.3,372900000,0.941483,0.551107,373200000,3361,19294,18514
NC_053040.3,373200000,0.936286,0.538603,373500000,3100,18391,18033
NC_053040.3,373500000,0.94102,0.535827,373800000,3681,19572,19270
NC_053040.3,373800000,0.936588,0.532003,374100000,3174,18541,18640
NC_053040.3,374100000,0.910651,0.54162,374400000,4699,19198,19085
NC_053040.3,374400000,0.819687,0.52579,374700000,6644,16900,16877
NC_053040.3,374700000,0.910558,0.543247,375000000,3947,16961,16832
NC_053040.3,375000000,0.918398,0.5221,375300000,4674,21299,21339
NC_053040.3,375300000,0.926247,0.5379,375600000,3550,20261,19659
NC_053040.3,375600000,0.952055,0.55241,375900000,2664,19411,19184
NC_053040.3,375900000,0.909092,0.53409,376200000,3802,20602,20336
NC_053040.3,376200000,0.9288,0.549057,376500000,3433,20594,19854
NC_053040.3,376500000,0.911507,0.54491,376800000,3629,20153,19913
NC_053040.3,376800000,0.957006,0.524687,377100000,3320,20133,19725
NC_053040.3,377100000,0.879596,0.546237,377400000,4880,20548,20322
NC_053040.3,377400000,0.916447,0.528927,377700000,3785,20251,19976
NC_053040.3,377700000,0.929027,0.501103,378000000,3315,20445,20018
NC_053040.3,378000000,0.931607,0.51952,378300000,4262,20577,20388
NC_053040.3,378300000,0.885386,0.51892,378600000,5843,21499,21516
NC_053040.3,378600000,0.947544,0.524527,378900000,3874,20648,20606
NC_053040.3,378900000,0.859687,0.538917,379200000,4477,20857,20335
NC_053040.3,379200000,0.908332,0.531597,379500000,4387,20924,20571
NC_053040.3,379500000,0.90944,0.534577,379800000,4476,20822,20657
NC_053040.3,379800000,0.940736,0.556343,380100000,4407,20285,20230
NC_053040.3,380100000,0.887644,0.54112,380400000,5544,21852,21549
NC_053040.3,380400000,0.884088,0.54172,380700000,4832,21181,20888
NC_053040.3,380700000,0.88367,0.547697,381000000,4928,20834,20737
NC_053040.3,381000000,0.873518,0.553023,381300000,3646,19982,19548
NC_053040.3,381300000,0.928452,0.506787,381600000,2922,20061,19570
NC_053040.3,381600000,0.950629,0.53032,381900000,3024,20089,19813
NC_053040.3,381900000,0.871123,0.527267,382200000,5414,21787,21352
NC_053040.3,382200000,0.896126,0.559087,382500000,4610,20779,20471
NC_053040.3,382500000,0.91403,0.519967,382800000,5405,21881,21512
NC_053040.3,382800000,0.927175,0.539137,383100000,3839,19530,19755
NC_053040.3,383100000,0.915998,0.536443,383400000,4002,19921,19353
NC_053040.3,383400000,0.901487,0.539647,383700000,4366,19125,18755
NC_053040.3,383700000,0.948498,0.52487,384000000,2803,20072,19855
NC_053040.3,384000000,0.908267,0.53283,384300000,7701,22577,22110
NC_053040.3,384300000,0.946845,0.517783,384600000,3272,19608,19228
NC_053040.3,384600000,0.941042,0.520137,384900000,3966,20585,20420
NC_053040.3,384900000,0.938158,0.519403,385200000,6845,25127,25685
NC_053040.3,385200000,0.915348,0.522193,385500000,4600,20672,20270
NC_053040.3,385500000,0.924731,0.499613,385800000,4368,21125,20583
NC_053040.3,385800000,0.89793,0.51665,386100000,3624,20122,19893
NC_053040.3,386100000,0.93204,0.530617,386400000,3768,20382,19655
NC_053040.3,386400000,0.904041,0.521083,386700000,3792,20262,19927
NC_053040.3,386700000,0.949134,0.539713,387000000,3886,20177,19830
NC_053040.3,387000000,0.882917,0.529927,387300000,3885,16806,16805
NC_053040.3,387300000,0.888268,0.542383,387600000,4314,20912,20030
NC_053040.3,387600000,0.879636,0.547067,387900000,3622,19175,18968
NC_053040.3,387900000,0.873365,0.531613,388200000,5670,20717,20647
NC_053040.3,388200000,0.848028,0.508043,388500000,4112,19933,19478
NC_053040.3,388500000,0.901674,0.54227,388800000,5281,20613,20293
NC_053040.3,388800000,0.812064,0.53108,389100000,5851,18640,17928
NC_053040.3,389100000,0.889393,0.535417,389400000,4652,19979,19281
NC_053040.3,389400000,0.900975,0.535443,389700000,3684,18574,18730
NC_053040.3,389700000,0.900249,0.523413,390000000,4984,19823,19703
NC_053040.3,390000000,0.928906,0.51919,390300000,3809,19635,19390
NC_053040.3,390300000,0.898885,0.5334,390600000,3785,19998,19189
NC_053040.3,390600000,0.865708,0.532893,390900000,4757,20252,19629
NC_053040.3,390900000,0.878797,0.522043,391200000,5099,20683,20114
NC_053040.3,391200000,0.934878,0.545537,391500000,5881,21566,21021
NC_053040.3,391500000,0.868556,0.53396,391800000,5507,21143,20559
NC_053040.3,391800000,0.916965,0.51243,392100000,4025,20533,20015
NC_053040.3,392100000,0.909353,0.527327,392400000,3625,19873,19066
NC_053040.3,392400000,0.876677,0.535957,392700000,25164,20600,20012
NC_053040.3,392700000,0.878573,0.55513,393000000,35916,19893,19341
NC_053040.3,393000000,0.920994,0.52934,393300000,47570,31546,28197
NC_053040.3,393300000,0.775714,0.551433,393600000,30424,16318,16149
NC_053040.3,393600000,0.882951,0.547057,393900000,34267,18666,18043
NC_053040.3,393900000,0.90593,0.52868,394200000,35708,20009,19353
NC_053040.3,394200000,0.910295,0.53031,394500000,37291,20151,19256
NC_053040.3,394500000,0.879518,0.510867,394800000,37667,20686,19982
NC_053040.3,394800000,0.900379,0.515113,395100000,36369,19507,18757
NC_053040.3,395100000,0.95376,0.514113,395400000,36323,19151,18678
NC_053040.3,395400000,0.859027,0.54391,395700000,35386,20089,19709
NC_053040.3,395700000,0.858274,0.54284,396000000,38045,21369,21008
NC_053040.3,396000000,0.866317,0.527747,396300000,35856,19796,19510
NC_053040.3,396300000,0.926746,0.54628,396600000,35939,19364,18972
NC_053040.3,396600000,0.896882,0.534027,396900000,37527,20715,20120
NC_053040.3,396900000,0.890965,0.521653,397200000,36744,19859,19394
NC_053040.3,397200000,0.896468,0.535217,397500000,37313,19892,19987
NC_053040.3,397500000,0.94166,0.545833,397800000,35242,18983,18074
NC_053040.3,397800000,0.929566,0.547283,398100000,37558,20454,20025
NC_053040.3,398100000,0.825652,0.54936,398400000,33732,19908,19572
NC_053040.3,398400000,0.943756,0.54472,398700000,36770,19558,19580
NC_053040.3,398700000,0.862102,0.541063,399000000,35809,20502,20055
NC_053040.3,399000000,0.873439,0.53161,399300000,36849,20617,20177
NC_053040.3,399300000,0.897952,0.513593,399600000,37160,20078,20165
NC_053040.3,399600000,0.934721,0.51647,399900000,37898,20138,19710
NC_053040.3,399900000,0.931939,0.514227,400200000,35364,19450,19093
NC_053040.3,400200000,0.904587,0.52687,400500000,35048,19008,18811
NC_053040.3,400500000,0.927447,0.52126,400800000,45174,26428,26571
NC_053040.3,400800000,0.924625,0.516543,401100000,38322,20587,20255
NC_053040.3,401100000,0.810356,0.54999,401400000,52651,35398,34987
NC_053040.3,401400000,0.901137,0.545347,401700000,37543,20885,20463
NC_053040.3,401700000,0.882045,0.536077,402000000,39177,21747,21007
NC_053040.3,402000000,0.941999,0.508953,402300000,37692,20031,19356
NC_053040.3,402300000,0.890236,0.533193,402600000,36206,19526,19421
NC_053040.3,402600000,0.877716,0.532657,402900000,38295,21309,20854
NC_053040.3,402900000,0.887967,0.537523,403200000,37675,20341,20048
NC_053040.3,403200000,0.905013,0.525267,403500000,39274,21583,21335
NC_053040.3,403500000,0.848336,0.53383,403800000,34336,18886,18578
NC_053040.3,403800000,0.937017,0.5332,404100000,37591,20113,20298
NC_053040.3,404100000,0.924301,0.534697,404400000,37556,20128,19829
NC_053040.3,404400000,0.883418,0.51266,404700000,37510,20809,20416
NC_053040.3,404700000,0.923132,0.509663,405000000,37169,20186,19685
NC_053040.3,405000000,0.908521,0.55332,405300000,37541,21712,21324
NC_053040.3,405300000,0.91563,0.539237,405600000,37344,20521,20344
NC_053040.3,405600000,0.899996,0.53894,405900000,37266,20452,20087
NC_053040.3,405900000,0.851316,0.54554,406200000,36397,20794,20352
NC_053040.3,406200000,0.92032,0.552137,406500000,37971,21477,20832
NC_053040.3,406500000,0.913099,0.537117,406800000,34698,19660,19318
NC_053040.3,406800000,0.880726,0.527927,407100000,32855,18916,18408
NC_053040.3,407100000,0.885717,0.531877,407400000,34550,19771,19075
NC_053040.3,407400000,0.942354,0.52983,407700000,36924,19713,19302
NC_053040.3,407700000,0.912329,0.526807,408000000,38185,20915,20377
NC_053040.3,408000000,0.915596,0.529427,408300000,37844,21516,20430
NC_053040.3,408300000,0.869548,0.52747,408600000,37988,21132,21080
NC_053040.3,408600000,0.905454,0.522017,408900000,36718,20217,19620
NC_053040.3,408900000,0.873162,0.524527,409200000,34740,19370,19015
NC_053040.3,409200000,0.898713,0.534507,409500000,36988,19665,19655
NC_053040.3,409500000,0.926662,0.523977,409800000,37832,20583,20236
NC_053040.3,409800000,0.911197,0.53486,410100000,37610,20317,20207
NC_053040.3,410100000,0.942578,0.550677,410400000,33310,17852,17669
NC_053040.3,410400000,0.87909,0.530943,410700000,27566,14845,14659
NC_053040.3,410700000,0.926996,0.531427,411000000,32540,18021,17230
NC_053040.3,411000000,0.903151,0.54122,411300000,33555,17713,17546
NC_053040.3,411300000,0.934223,0.51717,411600000,37968,19791,19613
NC_053040.3,411600000,0.871895,0.53964,411900000,38554,21461,21247
NC_053040.3,411900000,0.889427,0.53949,412200000,38236,20951,20335
NC_053040.3,412200000,0.907303,0.538657,412500000,38602,20630,20360
NC_053040.3,412500000,0.910581,0.541227,412800000,38272,21024,20562
NC_053040.3,412800000,0.788802,0.547433,413100000,32492,19004,18307
NC_053040.3,413100000,0.876164,0.534183,413400000,35701,19905,19493
NC_053040.3,413400000,0.91038,0.534527,413700000,35473,19394,19019
NC_053040.3,413700000,0.864838,0.540697,414000000,36888,21385,20676
NC_053040.3,414000000,0.918718,0.557987,414300000,27548,15522,15476
NC_053040.3,414300000,0.932161,0.54894,414600000,24557,13707,13560
NC_053040.3,414600000,0.952351,0.52731,414900000,32283,17281,17153
NC_053040.3,414900000,0.885954,0.54286,415200000,37103,21208,20789
NC_053040.3,415200000,0.907946,0.541943,415500000,34756,19574,19284
NC_053040.3,415500000,0.88343,0.552977,415800000,34106,18914,18996
NC_053040.3,415800000,0.902615,0.535283,416100000,32734,18412,18161
NC_053040.3,416100000,0.925839,0.532297,416400000,33694,18776,18356
NC_053040.3,416400000,0.843545,0.548637,416700000,32455,18403,18150
NC_053040.3,416700000,0.896505,0.522093,417000000,30176,17666,17226
NC_053040.3,417000000,0.878523,0.54197,417300000,31765,18060,17859
NC_053040.3,417300000,0.930356,0.553537,417600000,33873,18353,18268
NC_053040.3,417600000,0.907492,0.519243,417900000,30734,17090,16984
NC_053040.3,417900000,0.906466,0.525543,418200000,32111,17845,17469
NC_053040.3,418200000,0.886765,0.53877,418500000,33420,18631,18372
NC_053040.3,418500000,0.933905,0.539603,418800000,34275,18851,18158
NC_053040.3,418800000,0.932614,0.529427,419100000,34306,18348,18129
NC_053040.3,419100000,0.862934,0.54341,419400000,31545,18396,17832
NC_053040.3,419400000,0.93229,0.534223,419700000,33732,19190,18706
NC_053040.3,419700000,0.915408,0.537983,420000000,33455,17894,17687
NC_053040.3,420000000,0.912228,0.54083,420300000,35544,20792,20647
NC_053040.3,420300000,0.88974,0.541093,420600000,37520,21202,20599
NC_053040.3,420600000,0.909382,0.525237,420900000,35137,19129,18589
NC_053040.3,420900000,0.798069,0.540463,421200000,28531,15240,14952
NC_053040.3,421200000,0.735301,0.529563,421500000,26367,14700,14450
NC_053040.3,421500000,0.93065,0.534537,421800000,32715,17467,16872
NC_053040.3,421800000,0.948264,0.548737,422100000,36345,19690,19286
NC_053040.3,422100000,0.847127,0.532007,422400000,33521,18513,18257
NC_053040.3,422400000,0.89045,0.542337,422700000,34434,18853,18189
NC_053040.3,422700000,0.889838,0.55214,423000000,34527,18768,18586
NC_053040.3,423000000,0.819018,0.523947,423300000,34027,19747,19310
NC_053040.3,423300000,0.906602,0.509497,423600000,37300,20070,19901
NC_053040.3,423600000,0.837026,0.52369,423900000,34166,19099,18881
NC_053040.3,423900000,0.928159,0.51922,424200000,35498,19121,18541
NC_053040.3,424200000,0.907247,0.54781,424500000,34408,18982,18312
NC_053040.3,424500000,0.87427,0.533157,424800000,30587,17083,17141
NC_053040.3,424800000,0.932884,0.54002,425100000,37164,19833,19398
NC_053040.3,425100000,0.899462,0.50248,425400000,35530,19371,18958
NC_053040.3,425400000,0.895614,0.530057,425700000,35980,19853,19473
NC_053040.3,425700000,0.936961,0.516043,426000000,36631,19222,18864
NC_053040.3,426000000,0.897164,0.54116,426300000,39542,24190,23715
NC_053040.3,426300000,0.9122,0.529397,426600000,33508,19102,19009
NC_053040.3,426600000,0.893194,0.513243,426900000,33866,19152,18910
NC_053040.3,426900000,0.933219,0.518127,427200000,38366,20376,19929
NC_053040.3,427200000,0.840699,0.54321,427500000,35300,20107,19790
NC_053040.3,427500000,0.943963,0.511157,427800000,36574,19887,19227
NC_053040.3,427800000,0.912413,0.53716,428100000,38144,21456,21390
NC_053040.3,428100000,0.884244,0.529983,428400000,36702,21210,20402
NC_053040.3,428400000,0.906042,0.55095,428700000,38034,21658,21277
NC_053040.3,428700000,0.904549,0.54512,429000000,38357,20555,20447
NC_053040.3,429000000,0.918968,0.541347,429300000,36158,19884,19451
NC_053040.3,429300000,0.931456,0.522393,429600000,38852,21343,20836
NC_053040.3,429600000,0.894752,0.55015,429900000,36191,19703,19223
NC_053040.3,429900000,0.919563,0.530003,430200000,39072,20924,20473
NC_053040.3,430200000,0.883393,0.521643,430500000,36963,20419,19814
NC_053040.3,430500000,0.902635,0.518167,430800000,38441,21074,20359
NC_053040.3,430800000,0.941405,0.511973,431100000,38852,20979,20324
NC_053040.3,431100000,0.897651,0.535203,431400000,28718,16233,15992
NC_053040.3,431400000,0.934185,0.516837,431700000,27047,14418,14285
NC_053040.3,431700000,0.87127,0.52768,432000000,27502,15777,15293
NC_053040.3,432000000,0.912249,0.526177,432300000,20440,11560,11553
NC_053040.3,432300000,0.934211,0.509887,432600000,35134,29327,27274
NC_053040.3,432600000,0.914004,0.522863,432900000,18399,10881,10498
NC_053040.3,432900000,0.900996,0.530517,433200000,14636,8921,8876
NC_053040.3,433200000,0.932971,0.533917,433500000,30483,19483,19544
NC_053040.3,433500000,0.957002,0.531257,433800000,33192,18605,18676
NC_053040.3,433800000,0.933031,0.520263,434100000,38766,21357,21327
NC_053040.3,434100000,0.912537,0.52985,434400000,36654,19901,19517
NC_053040.3,434400000,0.922531,0.525673,434700000,37407,20668,20266
NC_053040.3,434700000,0.888238,0.547767,435000000,33894,18773,18413
NC_053040.3,435000000,0.875907,0.542793,435300000,31186,17352,17081
NC_053040.3,435300000,0.906163,0.538513,435600000,35961,20111,19970
NC_053040.3,435600000,0.88885,0.534087,435900000,36108,22361,21248
NC_053040.3,435900000,0.866091,0.53065,436200000,38366,21746,21165
NC_053040.3,436200000,0.910013,0.53336,436500000,36012,19381,19126
NC_053040.3,436500000,0.845068,0.526383,436800000,34524,19554,18961
NC_053040.3,436800000,0.910193,0.53845,437100000,38217,20688,20460
NC_053040.3,437100000,0.922498,0.530183,437400000,37908,20404,20278
NC_053040.3,437400000,0.889695,0.540673,437700000,31014,17942,18166
NC_053040.3,437700000,0.865546,0.530053,438000000,36380,20051,19659
NC_053040.3,438000000,0.9127,0.531677,438300000,36979,21517,20673
NC_053040.3,438300000,0.910893,0.531173,438600000,35490,20175,19454
NC_053040.3,438600000,0.84895,0.502447,438900000,37344,21194,20362
NC_053040.3,438900000,0.898852,0.553253,439200000,28214,16656,16324
NC_053040.3,439200000,0.940683,0.540847,439500000,33532,18661,18399
NC_053040.3,439500000,0.822969,0.52457,439800000,51782,40286,38192
NC_053040.3,439800000,0.929028,0.537643,440100000,30714,18279,17558
NC_053040.3,440100000,0.832352,0.548423,440400000,28410,17268,16946
NC_053040.3,440400000,0.953261,0.547193,440700000,34010,18118,17886
NC_053040.3,440700000,0.894928,0.51704,441000000,24904,14264,14032
NC_053040.3,441000000,0.90534,0.53659,441300000,32474,17468,17185
NC_053040.3,441300000,0.883984,0.536777,441600000,32845,18155,17363
NC_053040.3,441600000,0.79916,0.52984,441900000,35874,18871,18816
NC_053040.3,441900000,0.941178,0.517417,442200000,33928,18142,17554
NC_053040.3,442200000,0.902699,0.534383,442500000,35592,18792,18797
NC_053040.3,442500000,0.861062,0.519817,442800000,34420,19267,18722
NC_053040.3,442800000,0.876537,0.530927,443100000,34037,19367,19047
NC_053040.3,443100000,0.893004,0.536007,443400000,48046,22148,29914
NC_053040.3,443400000,0.881009,0.531447,443700000,34570,19608,19569
NC_053040.3,443700000,0.879021,0.514653,444000000,29857,17489,17135
NC_053040.3,444000000,0.942181,0.550887,444300000,29934,16418,15988
NC_053040.3,444300000,0.909692,0.520977,444600000,19479,11266,11142
NC_053040.3,444600000,0.948167,0.530967,444900000,23393,13013,12889
NC_053040.3,444900000,0.896324,0.52501,445200000,28558,16455,16470
NC_053040.3,445200000,0.876601,0.545133,445500000,35817,21569,20801
NC_053040.3,445500000,0.921511,0.53103,445800000,32648,17686,17397
NC_053040.3,445800000,0.829068,0.522243,446100000,28906,16992,16524
NC_053040.3,446100000,0.875644,0.53609,446400000,34161,18746,18384
NC_053040.3,446400000,0.856066,0.53591,446700000,34695,21020,20842
NC_053040.3,446700000,0.866879,0.525197,447000000,35758,20223,19873
NC_053040.3,447000000,0.891594,0.53455,447300000,34481,19211,19235
NC_053040.3,447300000,0.774314,0.565377,447600000,41293,30303,31283
NC_053040.3,447600000,0.944666,0.524087,447900000,34272,18668,18463
NC_053040.3,447900000,0.92806,0.541873,448200000,37916,20080,19890
NC_053040.3,448200000,0.858539,0.538457,448500000,38063,21486,20944
NC_053040.3,448500000,0.897885,0.549597,448800000,36307,19688,19501
NC_053040.3,448800000,0.938491,0.54097,449100000,34937,19092,18477
NC_053040.3,449100000,0.904201,0.549787,449400000,31480,17928,17607
NC_053040.3,449400000,0.913251,0.524877,449700000,22776,12950,12688
NC_053040.3,449700000,0.915446,0.50056,450000000,22707,12870,12706
NC_053040.3,450000000,0.870086,0.540543,450300000,34439,18785,18564
NC_053040.3,450300000,0.837152,0.532833,450600000,34575,20411,20459
NC_053040.3,450600000,0.855328,0.546773,450900000,36118,21904,21613
NC_053040.3,450900000,0.905154,0.535983,451200000,40463,24769,24615
NC_053040.3,451200000,0.937418,0.53168,451500000,44763,26409,26866
NC_053040.3,451500000,0.945056,0.53486,451800000,59142,38586,38693
NC_053040.3,451800000,0.898435,0.53316,452100000,28372,16558,16497
NC_053040.3,452100000,0.878451,0.54143,452400000,22995,13431,13633
NC_053040.3,452400000,0.902313,0.52159,452700000,23168,13296,12911
NC_053040.3,452700000,0.898738,0.541927,453000000,35048,20315,19697
NC_053040.3,453000000,0.925057,0.53621,453300000,36839,20612,19642
NC_053040.3,453300000,0.62151,0.60262,453600000,43864,35871,37183
NC_053040.3,453600000,0.813188,0.523817,453900000,34545,26089,22206
NC_053040.3,453900000,0.875321,0.54229,454200000,25684,16690,16026
NC_053040.3,454200000,0.903438,0.527953,454500000,34422,22041,21271
NC_053040.3,454500000,0.855595,0.528807,454800000,30620,18193,18283
NC_053040.3,454800000,0.868687,0.536613,455100000,20006,13567,13249
NC_053040.3,455100000,0.880913,0.540263,455400000,33491,21291,20932
NC_053040.3,455400000,0.833446,0.543827,455700000,30082,18224,18093
NC_053040.3,455700000,0.862443,0.54414,456000000,32623,19578,19421
NC_053040.3,456000000,0.886324,0.54951,456300000,36795,20997,20782
NC_053040.3,456300000,0.904809,0.547853,456600000,37177,20211,20087
NC_053040.3,456600000,0.868151,0.544767,456900000,35653,20585,19920
NC_053040.3,456900000,0.897819,0.543907,457200000,41697,26128,24235
NC_053040.3,457200000,0.871272,0.526627,457500000,38262,20984,20937
NC_053040.3,457500000,0.811326,0.549483,457800000,37722,20674,20009
NC_053040.3,457800000,0.887272,0.530237,458100000,38820,21919,21712
NC_053040.3,458100000,0.88786,0.531043,458400000,38134,21272,20941
NC_053040.3,458400000,0.865167,0.53711,458700000,29162,17205,16590
NC_053040.3,458700000,0.894982,0.533333,459000000,33563,18212,18380
NC_053040.3,459000000,0.900601,0.53818,459300000,31308,18311,17590
NC_053040.3,459300000,0.889774,0.518647,459600000,37204,21138,20637
NC_053040.3,459600000,0.927897,0.556547,459900000,35810,19334,19061
NC_053040.3,459900000,0.92995,0.551847,460200000,31331,17080,17147
NC_053040.3,460200000,0.892662,0.517347,460500000,15534,9274,9577
NC_053040.3,460500000,0.913643,0.535443,460800000,8049,5269,5767
NC_053040.3,460800000,0.923495,0.54791,461100000,21650,12531,12042
NC_053040.3,461100000,0.907131,0.537593,461400000,15015,9094,9029
NC_053040.3,461400000,0.844308,0.531293,461700000,18303,11747,11203
NC_053040.3,461700000,0.7649,0.529113,462000000,15141,11087,10920
NC_053040.3,462000000,0.911024,0.539967,462300000,32663,18673,18068
NC_053040.3,462300000,0.833049,0.537727,462600000,26937,17261,17046
NC_053040.3,462600000,0.901047,0.53312,462900000,37427,20672,20972
NC_053040.3,462900000,0.940816,0.543603,463200000,35832,21896,21317
NC_053040.3,463200000,0.937538,0.53665,463500000,33826,19232,18702
NC_053040.3,463500000,0.915071,0.53015,463800000,37791,21091,20490
NC_053040.3,463800000,0.931538,0.53365,464100000,36741,19466,19370
NC_053040.3,464100000,0.865848,0.53182,464400000,39327,22357,22427
NC_053040.3,464400000,0.917905,0.527377,464700000,36251,19820,19797
NC_053040.3,464700000,0.866957,0.5414,465000000,37927,21555,21364
NC_053040.3,465000000,0.882702,0.545223,465300000,35486,20791,20733
NC_053040.3,465300000,0.902297,0.53896,465600000,34808,19362,19078
NC_053040.3,465600000,0.881127,0.550787,465900000,34026,19119,18517
NC_053040.3,465900000,0.908356,0.544503,466200000,30101,17908,17188
NC_053040.3,466200000,0.90373,0.53369,466500000,25378,13844,13713
NC_053040.3,466500000,0.637661,0.548213,466800000,17250,10202,9852
NC_053040.3,466800000,0.772224,0.560173,467100000,22320,12033,11987
NC_053040.3,467100000,0.90572,0.535427,467400000,36822,20886,20350
NC_053040.3,467400000,0.885351,0.537187,467700000,22200,13206,12908
NC_053040.3,467700000,0.894213,0.524377,468000000,26539,14684,14846
NC_053040.3,468000000,0.889647,0.541847,468300000,35626,19694,19299
NC_053040.3,468300000,0.80851,0.53209,468600000,35912,20655,20151
NC_053040.3,468600000,0.906525,0.54884,468900000,35322,19511,18934
NC_053040.3,468900000,0.73874,0.543393,469200000,33858,18377,17968
NC_053040.3,469200000,0.966892,0.561193,469500000,37825,21013,20645
NC_053040.3,469500000,0.894064,0.538073,469800000,35751,20195,19537
NC_053040.3,469800000,0.929598,0.542733,470100000,30035,17589,17468
NC_053040.3,470100000,0.884785,0.54509,470400000,24830,15885,15248
NC_053040.3,470400000,0.915978,0.529363,470700000,36763,22413,21553
NC_053040.3,470700000,0.916428,0.525583,471000000,36161,22796,21972
NC_053040.3,471000000,0.873723,0.543593,471300000,23375,13632,13611
NC_053040.3,471300000,0.895319,0.53923,471600000,36406,19934,19647
NC_053040.3,471600000,0.917004,0.539933,471900000,23001,13578,13782
NC_053040.3,471900000,0.938325,0.542507,472200000,11098,7789,7684
NC_053040.3,472200000,0.879912,0.53427,472500000,27006,15565,15401
NC_053040.3,472500000,0.905483,0.565063,472800000,39366,21974,21222
NC_053040.3,472800000,0.902005,0.536977,473100000,39209,22664,22222
NC_053040.3,473100000,0.918965,0.552607,473400000,29888,17322,17272
NC_053040.3,473400000,0.884161,0.553063,473700000,23761,13703,13586
NC_053040.3,473700000,0.883035,0.539563,474000000,24063,14591,14096
NC_053040.3,474000000,0.67745,0.55513,474300000,23743,13552,13087
NC_053040.3,474300000,0.860074,0.557557,474600000,29531,17127,16776
NC_053040.3,474600000,0.915857,0.54911,474900000,64199,34931,33677
NC_053040.3,474900000,0.883314,0.55412,475200000,33108,20573,20440
NC_053040.3,475200000,0.921469,0.55835,475500000,39452,22619,22255
NC_053040.3,475500000,0.802164,0.53834,475800000,29370,16532,16207
NC_053040.3,475800000,0.929283,0.527173,476100000,37968,21361,20790
NC_053040.3,476100000,0.869889,0.532267,476400000,39324,21535,21021
NC_053040.3,476400000,0.927479,0.5263,476700000,41165,23822,23256
NC_053040.3,476700000,0.928887,0.5558,477000000,37397,21525,20860
NC_053040.3,477000000,0.801788,0.53737,477300000,34956,20167,19870
NC_053040.3,477300000,0.886588,0.541587,477600000,33707,19796,19384
NC_053040.3,477600000,0.864727,0.558983,477900000,34057,20301,19685
NC_053040.3,477900000,0.903835,0.556643,478200000,35122,20097,19734
NC_053040.3,478200000,0.810801,0.543767,478500000,36556,22374,21864
NC_053040.3,478500000,0.877015,0.558467,478800000,38920,23559,22270
NC_053040.3,478800000,0.870748,0.522153,479100000,34659,20618,20189
NC_053040.3,479100000,0.889481,0.529013,479400000,31135,17564,17489
NC_053040.3,479400000,0.849145,0.52544,479700000,26197,15906,15610
NC_053040.3,479700000,0.917592,0.56357,480000000,34542,19396,19014
NC_053040.3,480000000,0.897817,0.545833,480300000,35271,20052,19170
NC_053040.3,480300000,0.861619,0.536717,480600000,33118,19295,19005
NC_053040.3,480600000,0.88755,0.546217,480900000,36076,20454,20186
NC_053040.3,480900000,0.882659,0.547793,481200000,33366,19281,18718
NC_053040.3,481200000,0.865841,0.53889,481500000,27918,16614,16509
NC_053040.3,481500000,0.936149,0.54138,481800000,23000,13578,13416
NC_053040.3,481800000,0.922097,0.54538,482100000,29649,17308,16935
NC_053040.3,482100000,0.964951,0.537923,482400000,30102,17553,17194
NC_053040.3,482400000,0.779453,0.54444,482700000,34200,19428,19144
NC_053040.3,482700000,0.919361,0.53615,483000000,26911,15319,15143
NC_053040.3,483000000,0.92957,0.54979,483300000,37508,24904,24022
NC_053040.3,483300000,0.778527,0.47461,483600000,38063,25024,23577
NC_053040.3,483600000,0.923136,0.548287,483900000,37027,20195,20018
NC_053040.3,483900000,0.917281,0.55155,484200000,66303,54723,51320
NC_053040.3,484200000,0.853189,0.52571,484500000,17556,11635,11236
NC_053040.3,484500000,0.942352,0.536393,484800000,36218,22912,22864
NC_053040.3,484800000,0.930717,0.55302,485100000,39157,21889,21357
NC_053040.3,485100000,0.842122,0.547367,485400000,42307,27167,26541
NC_053040.3,485400000,0.88799,0.541177,485700000,36491,22085,21772
NC_053040.3,485700000,0.895219,0.54507,486000000,36960,20183,20149
NC_053040.3,486000000,0.905989,0.55105,486300000,39176,23707,23431
NC_053040.3,486300000,0.892049,0.546397,486600000,36645,22022,22791
NC_053040.3,486600000,0.906192,0.519937,486900000,39049,29587,29330
NC_053040.3,486900000,0.768849,0.594567,487200000,12256,9700,9470
NC_053040.3,487200000,0.922164,0.550987,487500000,25160,14871,14941
NC_053040.3,487500000,0.817732,0.532903,487800000,24446,17299,17310
NC_053040.3,487800000,0.901682,0.5327,488100000,33517,19822,19509
NC_053040.3,488100000,0.89746,0.53553,488400000,44199,26512,26055
NC_053040.3,488400000,0.886207,0.540247,488700000,34472,20600,20176
NC_053040.3,488700000,0.879921,0.541837,489000000,35344,23359,23077
NC_053040.3,489000000,0.872388,0.553147,489300000,33922,20431,20175
NC_053040.3,489300000,0.887708,0.52869,489600000,36696,21345,20566
NC_053040.3,489600000,0.91231,0.54389,489900000,38454,21800,20932
NC_053040.3,489900000,0.896078,0.551633,490200000,45866,28829,28055
NC_053040.3,490200000,0.786277,0.532087,490500000,36024,21100,20843
NC_053040.3,490500000,0.910474,0.542627,490800000,35489,19755,19760
NC_053040.3,490800000,0.872864,0.538353,491100000,31300,18316,18201
NC_053040.3,491100000,0.87192,0.522873,491400000,23073,15566,15447
NC_053040.3,491400000,0.927472,0.528573,491700000,22636,14802,14386
NC_053040.3,491700000,0.925718,0.55282,492000000,17382,12934,12812
NC_053040.3,492000000,0.886721,0.545963,492300000,28498,19774,19486
NC_053040.3,492300000,0.874635,0.542627,492600000,27649,16923,16402
NC_053040.3,492600000,0.81424,0.55638,492900000,27431,17687,17150
NC_053040.3,492900000,0.887452,0.541203,493200000,22112,15114,14665
NC_053040.3,493200000,0.880944,0.543083,493500000,5809,5551,5296
NC_053040.3,493500000,0.854052,0.54856,493800000,6964,7115,7137
NC_053040.3,493800000,0.853339,0.55318,494100000,26421,16934,16468
NC_053040.3,494100000,0.859773,0.557543,494400000,34514,20464,20351
NC_053040.3,494400000,0.957835,0.546687,494700000,21248,12849,12755
NC_053040.3,494700000,0.919,0.540717,495000000,29148,18501,18264
NC_053040.3,495000000,0.93388,0.53761,495300000,14500,10260,10133
NC_053040.3,495300000,0.737061,0.534807,495600000,36444,20625,21879
NC_053040.3,495600000,0.725873,0.537673,495900000,35100,20840,23072
NC_053040.3,495900000,0.950508,0.54923,496200000,51124,29691,28584
NC_053040.3,496200000,0.861836,0.54646,496500000,35576,21103,20569
NC_053040.3,496500000,0.885868,0.543293,496800000,29542,19911,19544
NC_053040.3,496800000,0.813683,0.543333,497100000,33085,18949,18778
NC_053040.3,497100000,0.863285,0.54241,497400000,36323,21573,21639
NC_053041.3,0,0.894581,0.556127,300000,28601,29779,26948
NC_053041.3,300000,0.938338,0.548607,600000,20837,20510,20162
NC_053041.3,600000,0.961539,0.547997,900000,24146,23380,23149
NC_053041.3,900000,0.896741,0.54855,1200000,15210,15073,14292
NC_053041.3,1200000,0.929356,0.560923,1500000,13056,12881,12690
NC_053041.3,1500000,0.877928,0.558707,1800000,9433,8955,8880
NC_053041.3,1800000,0.936825,0.548937,2100000,14620,14256,14117
NC_053041.3,2100000,0.875377,0.56356,2400000,13923,13880,13765
NC_053041.3,2400000,0.857311,0.533407,2700000,11933,11928,11603
NC_053041.3,2700000,0.912271,0.542813,3000000,22461,21930,21651
NC_053041.3,3000000,0.925287,0.54959,3300000,22299,21832,21718
NC_053041.3,3300000,0.917226,0.538383,3600000,30247,29474,29412
NC_053041.3,3600000,0.908941,0.54182,3900000,18296,17918,17684
NC_053041.3,3900000,0.958773,0.537953,4200000,14684,14254,14004
NC_053041.3,4200000,0.901429,0.537863,4500000,19903,19579,18933
NC_053041.3,4500000,0.887912,0.54695,4800000,18029,17610,17623
NC_053041.3,4800000,0.917113,0.54319,5100000,18848,18399,18083
NC_053041.3,5100000,0.91102,0.550763,5400000,12449,12138,12224
NC_053041.3,5400000,0.924703,0.543743,5700000,4884,4715,4725
NC_053041.3,5700000,0.764652,0.554173,6000000,2523,2590,2483
NC_053041.3,6000000,0.920851,0.5433,6300000,14176,14231,13711
NC_053041.3,6300000,0.904621,0.538947,6600000,15926,15926,15050
NC_053041.3,6600000,0.859277,0.53259,6900000,12359,11959,11721
NC_053041.3,6900000,0.906101,0.560823,7200000,14265,14025,13377
NC_053041.3,7200000,0.929579,0.55037,7500000,19380,19504,19430
NC_053041.3,7500000,0.895494,0.552003,7800000,17055,16907,16620
NC_053041.3,7800000,0.854909,0.552373,8100000,15721,14756,14626
NC_053041.3,8100000,0.739868,0.53892,8400000,12766,12651,12446
NC_053041.3,8400000,0.942311,0.546647,8700000,17263,17253,16706
NC_053041.3,8700000,0.872522,0.53183,9000000,10632,10190,10067
NC_053041.3,9000000,0.928913,0.52769,9300000,12926,12549,12390
NC_053041.3,9300000,0.926371,0.555153,9600000,19375,18782,18726
NC_053041.3,9600000,0.859909,0.544047,9900000,21999,21767,21426
NC_053041.3,9900000,0.907133,0.55822,10200000,28428,28353,27820
NC_053041.3,10200000,0.564164,0.53962,10500000,14706,14770,14476
NC_053041.3,10500000,0.160203,0.543843,10800000,2254,2225,2239
NC_053041.3,10800000,0.184254,0.544387,11100000,2684,2609,2640
NC_053041.3,11100000,0.674138,0.543383,11400000,11336,11340,11079
NC_053041.3,11400000,0.914241,0.53727,11700000,19023,19033,18071
NC_053041.3,11700000,0.898947,0.546703,12000000,19128,18386,18463
NC_053041.3,12000000,0.900143,0.547407,12300000,21687,21140,20861
NC_053041.3,12300000,0.896735,0.55647,12600000,14640,13910,13711
NC_053041.3,12600000,0.96478,0.5532,12900000,20105,19661,19273
NC_053041.3,12900000,0.931484,0.552347,13200000,21776,21461,20882
NC_053041.3,13200000,0.767955,0.548953,13500000,18658,18474,17787
NC_053041.3,13500000,0.807647,0.5744,13800000,16071,16262,15939
NC_053041.3,13800000,0.581403,0.59554,14100000,19557,19420,19713
NC_053041.3,14100000,0.503,0.588303,14400000,19267,18860,19149
NC_053041.3,14400000,0.727671,0.572897,14700000,20865,20088,20266
NC_053041.3,14700000,0.901322,0.53208,15000000,17148,16719,16428
NC_053041.3,15000000,0.930743,0.556783,15300000,12061,11918,11431
NC_053041.3,15300000,0.862559,0.559933,15600000,13233,12520,12357
NC_053041.3,15600000,0.717409,0.43618,15900000,13614,13580,13209
NC_053041.3,15900000,0.852411,0.5463,16200000,18352,17588,17591
NC_053041.3,16200000,0.710378,0.534217,16500000,11656,11204,11103
NC_053041.3,16500000,0.914039,0.56645,16800000,18672,18554,18448
NC_053041.3,16800000,0.903974,0.539087,17100000,20013,20011,19349
NC_053041.3,17100000,0.884445,0.545383,17400000,5054,4915,4852
NC_053041.3,17400000,0.894161,0.530427,17700000,17501,17202,17242
NC_053041.3,17700000,0.938684,0.5334,18000000,10252,9974,9758
NC_053041.3,18000000,0.912523,0.54415,18300000,14147,14558,13021
NC_053041.3,18300000,0.438776,0.523883,18600000,6008,5974,6017
NC_053041.3,18600000,0.877427,0.554983,18900000,12581,12002,11877
NC_053041.3,18900000,0.886332,0.558107,19200000,16233,16065,15636
NC_053041.3,19200000,0.876028,0.528347,19500000,12787,12441,12330
NC_053041.3,19500000,0.853118,0.546663,19800000,8730,8498,8468
NC_053041.3,19800000,0.746087,0.5679,20100000,8462,7995,8083
NC_053041.3,20100000,0.562435,0.601223,20400000,2079,1984,2112
NC_053041.3,20400000,0.696273,0.589797,20700000,4934,4874,5042
NC_053041.3,20700000,0.929839,0.537927,21000000,14896,15018,14250
NC_053041.3,21000000,0.888793,0.5443,21300000,19814,19706,19471
NC_053041.3,21300000,0.760209,0.548317,21600000,18151,17823,17747
NC_053041.3,21600000,0.928772,0.54565,21900000,24702,23696,23443
NC_053041.3,21900000,0.945979,0.547047,22200000,14822,14957,14661
NC_053041.3,22200000,0.877242,0.554463,22500000,13791,13345,13451
NC_053041.3,22500000,0.881536,0.5378,22800000,19230,18835,18847
NC_053041.3,22800000,0.80951,0.57703,23100000,40931,42071,40730
NC_053041.3,23100000,0.912302,0.56526,23400000,19445,19278,19061
NC_053041.3,23400000,0.911447,0.53671,23700000,21730,21566,21165
NC_053041.3,23700000,0.839321,0.542577,24000000,24249,24353,24240
NC_053041.3,24000000,0.913403,0.545257,24300000,19025,19162,18730
NC_053041.3,24300000,0.760207,0.591473,24600000,18039,17649,17515
NC_053041.3,24600000,0.655508,0.56002,24900000,15572,15620,15253
NC_053041.3,24900000,0.673764,0.552767,25200000,11686,11852,11397
NC_053041.3,25200000,0.726585,0.541997,25500000,21647,21434,20472
NC_053041.3,25500000,0.579043,0.527617,25800000,20438,20539,19952
NC_053041.3,25800000,0.825841,0.559137,26100000,16216,16010,15462
NC_053041.3,26100000,0.586922,0.617213,26400000,26845,27176,26056
NC_053041.3,26400000,0.888049,0.56419,26700000,11902,11762,11396
NC_053041.3,26700000,0.900637,0.569863,27000000,14279,13824,14026
NC_053041.3,27000000,0.907073,0.554803,27300000,24322,25068,24082
NC_053041.3,27300000,0.824898,0.564093,27600000,19669,19114,19232
NC_053041.3,27600000,0.84908,0.576357,27900000,19104,18679,18714
NC_053041.3,27900000,0.891535,0.545023,28200000,17562,16886,16316
NC_053041.3,28200000,0.852342,0.571763,28500000,17903,17136,16865
NC_053041.3,28500000,0.920155,0.54358,28800000,17025,17302,16540
NC_053041.3,28800000,0.938914,0.53543,29100000,14310,13662,13509
NC_053041.3,29100000,0.908643,0.545097,29400000,11849,11474,11276
NC_053041.3,29400000,0.847188,0.554443,29700000,11719,11998,11264
NC_053041.3,29700000,0.763679,0.534363,30000000,15694,15224,15304
NC_053041.3,30000000,0.876084,0.548617,30300000,15135,14836,14351
NC_053041.3,30300000,0.867671,0.553403,30600000,9903,9510,9251
NC_053041.3,30600000,0.842506,0.541647,30900000,20762,20274,19838
NC_053041.3,30900000,0.838354,0.521427,31200000,19971,20203,19522
NC_053041.3,31200000,0.752215,0.554777,31500000,19792,19190,18926
NC_053041.3,31500000,0.908155,0.543543,31800000,20945,20876,20467
NC_053041.3,31800000,0.842147,0.54653,32100000,14129,14014,13965
NC_053041.3,32100000,0.931108,0.5538,32400000,15501,15339,14873
NC_053041.3,32400000,0.888327,0.542563,32700000,16725,16139,16090
NC_053041.3,32700000,0.859523,0.545453,33000000,18777,18639,18083
NC_053041.3,33000000,0.882264,0.554607,33300000,18481,18373,17502
NC_053041.3,33300000,0.909809,0.534643,33600000,11139,11174,10754
NC_053041.3,33600000,0.876114,0.548687,33900000,18008,18243,17698
NC_053041.3,33900000,0.425916,0.497673,34200000,11009,10483,10469
NC_053041.3,34200000,0.883956,0.552107,34500000,19219,19087,18611
NC_053041.3,34500000,0.925002,0.565623,34800000,13311,13095,12966
NC_053041.3,34800000,0.906557,0.543823,35100000,18908,18792,18453
NC_053041.3,35100000,0.831955,0.569063,35400000,22689,22150,21865
NC_053041.3,35400000,0.867897,0.544327,35700000,22197,21585,21654
NC_053041.3,35700000,0.909678,0.544983,36000000,17779,18038,17420
NC_053041.3,36000000,0.879865,0.527807,36300000,18806,18284,18468
NC_053041.3,36300000,0.896046,0.53155,36600000,21774,21358,21155
NC_053041.3,36600000,0.925074,0.52258,36900000,21370,21204,20796
NC_053041.3,36900000,0.845064,0.52688,37200000,16447,15349,15433
NC_053041.3,37200000,0.888421,0.538797,37500000,15489,15305,14854
NC_053041.3,37500000,0.908035,0.548563,37800000,18129,17754,17836
NC_053041.3,37800000,0.874055,0.519853,38100000,18932,18459,17913
NC_053041.3,38100000,0.851199,0.536587,38400000,12556,12201,11812
NC_053041.3,38400000,0.902829,0.551863,38700000,14414,14080,13788
NC_053041.3,38700000,0.921543,0.548193,39000000,15482,15320,15056
NC_053041.3,39000000,0.876393,0.544847,39300000,9920,9725,9487
NC_053041.3,39300000,0.829343,0.55055,39600000,15938,16396,15739
NC_053041.3,39600000,0.87745,0.548967,39900000,15521,16116,15156
NC_053041.3,39900000,0.911527,0.54696,40200000,20597,20498,20106
NC_053041.3,40200000,0.877408,0.51704,40500000,9625,9209,9050
NC_053041.3,40500000,0.842443,0.536213,40800000,10377,10564,10583
NC_053041.3,40800000,0.943864,0.54805,41100000,15814,15569,15196
NC_053041.3,41100000,0.770425,0.55657,41400000,21283,21434,20683
NC_053041.3,41400000,0.860205,0.54728,41700000,18510,18673,17779
NC_053041.3,41700000,0.900804,0.54906,42000000,20682,19931,19982
NC_053041.3,42000000,0.906302,0.562497,42300000,20580,19954,19612
NC_053041.3,42300000,0.865568,0.54575,42600000,17893,17516,17374
NC_053041.3,42600000,0.895406,0.559097,42900000,19589,19285,19531
NC_053041.3,42900000,0.891418,0.557633,43200000,21860,21753,20976
NC_053041.3,43200000,0.90874,0.548923,43500000,9170,8856,8467
NC_053041.3,43500000,0.868248,0.556183,43800000,13323,12879,12687
NC_053041.3,43800000,0.912988,0.547287,44100000,12808,11863,12145
NC_053041.3,44100000,0.513363,0.531733,44400000,9963,9486,9338
NC_053041.3,44400000,0.168347,0.556013,44700000,3334,3289,3213
NC_053041.3,44700000,0.928417,0.54286,45000000,15433,14781,14646
NC_053041.3,45000000,0.904328,0.546097,45300000,14675,14540,14346
NC_053041.3,45300000,0.900265,0.53331,45600000,22445,21472,21238
NC_053041.3,45600000,0.888282,0.53715,45900000,18738,17982,17834
NC_053041.3,45900000,0.936449,0.557877,46200000,16303,16069,15832
NC_053041.3,46200000,0.854583,0.53934,46500000,17909,17533,17581
NC_053041.3,46500000,0.925013,0.542857,46800000,24147,23810,23582
NC_053041.3,46800000,0.882649,0.53574,47100000,19536,19223,18873
NC_053041.3,47100000,0.333189,0.544787,47400000,3462,3509,3465
NC_053041.3,47400000,0.47875,0.544707,47700000,5540,5571,5591
NC_053041.3,47700000,0.862999,0.539993,48000000,10562,10218,9944
NC_053041.3,48000000,0.944972,0.529297,48300000,17538,16951,16876
NC_053041.3,48300000,0.835704,0.54488,48600000,20480,20228,20120
NC_053041.3,48600000,0.866418,0.542393,48900000,20163,19461,19366
NC_053041.3,48900000,0.8423,0.527427,49200000,20570,20193,19978
NC_053041.3,49200000,0.86287,0.54845,49500000,27008,27227,26236
NC_053041.3,49500000,0.841032,0.529897,49800000,17072,16475,16359
NC_053041.3,49800000,0.911591,0.55122,50100000,19551,18692,18846
NC_053041.3,50100000,0.924147,0.527107,50400000,11748,11749,11423
NC_053041.3,50400000,0.860341,0.537397,50700000,13236,13044,12759
NC_053041.3,50700000,0.933128,0.552313,51000000,17252,16921,16621
NC_053041.3,51000000,0.896712,0.56995,51300000,25011,24092,24111
NC_053041.3,51300000,0.954813,0.542147,51600000,22196,22024,21622
NC_053041.3,51600000,0.837954,0.575777,51900000,22352,22104,21786
NC_053041.3,51900000,0.89405,0.550317,52200000,19567,19069,18984
NC_053041.3,52200000,0.64093,0.62312,52500000,47191,48424,46694
NC_053041.3,52500000,0.721851,0.57365,52800000,26677,27161,26167
NC_053041.3,52800000,0.600338,0.543783,53100000,13836,13640,13300
NC_053041.3,53100000,0.861103,0.54374,53400000,18713,18063,18026
NC_053041.3,53400000,0.888243,0.54226,53700000,23001,22100,22143
NC_053041.3,53700000,0.736628,0.54355,54000000,12719,12131,12208
NC_053041.3,54000000,0.899272,0.523513,54300000,19453,19170,18822
NC_053041.3,54300000,0.897468,0.56637,54600000,23991,24102,23161
NC_053041.3,54600000,0.700936,0.6153,54900000,29635,29538,28906
NC_053041.3,54900000,0.91764,0.538953,55200000,16484,16259,16017
NC_053041.3,55200000,0.948669,0.541483,55500000,21484,21286,20754
NC_053041.3,55500000,0.936122,0.551117,55800000,20898,20491,20234
NC_053041.3,55800000,0.891361,0.55818,56100000,20031,19646,19328
NC_053041.3,56100000,0.918378,0.54386,56400000,19959,19393,19488
NC_053041.3,56400000,0.81621,0.54774,56700000,20628,20951,20288
NC_053041.3,56700000,0.918411,0.533883,57000000,15540,15310,15141
NC_053041.3,57000000,0.89632,0.552987,57300000,9856,9598,9308
NC_053041.3,57300000,0.906797,0.545967,57600000,5982,5661,5560
NC_053041.3,57600000,0.77437,0.543027,57900000,11158,10955,10883
NC_053041.3,57900000,0.913227,0.5507,58200000,19772,19397,19141
NC_053041.3,58200000,0.871313,0.54116,58500000,21883,21524,20934
NC_053041.3,58500000,0.885944,0.546077,58800000,23006,22671,22268
NC_053041.3,58800000,0.931675,0.543183,59100000,19112,18919,18499
NC_053041.3,59100000,0.907605,0.551187,59400000,21345,21160,20389
NC_053041.3,59400000,0.745268,0.56912,59700000,15260,14801,14694
NC_053041.3,59700000,0.819874,0.57134,60000000,22382,22911,22367
NC_053041.3,60000000,0.946188,0.538117,60300000,19248,18752,18923
NC_053041.3,60300000,0.935953,0.526077,60600000,22315,21699,21438
NC_053041.3,60600000,0.935881,0.53646,60900000,18914,18421,17830
NC_053041.3,60900000,0.849432,0.567243,61200000,22092,21694,21209
NC_053041.3,61200000,0.945076,0.53919,61500000,18404,18053,18503
NC_053041.3,61500000,0.908569,0.55874,61800000,19313,19128,18797
NC_053041.3,61800000,0.894876,0.551893,62100000,16528,16209,16119
NC_053041.3,62100000,0.908799,0.551813,62400000,22975,22331,22203
NC_053041.3,62400000,0.867179,0.53761,62700000,15221,14564,14542
NC_053041.3,62700000,0.892061,0.53788,63000000,20289,20233,19433
NC_053041.3,63000000,0.938047,0.551123,63300000,22383,21728,21424
NC_053041.3,63300000,0.910525,0.539637,63600000,15273,15307,14726
NC_053041.3,63600000,0.892652,0.548867,63900000,19928,19642,19279
NC_053041.3,63900000,0.879318,0.543807,64200000,22479,22289,21455
NC_053041.3,64200000,0.920432,0.54233,64500000,20979,20627,20091
NC_053041.3,64500000,0.943212,0.55013,64800000,19551,19734,18950
NC_053041.3,64800000,0.89538,0.55069,65100000,19442,19211,18932
NC_053041.3,65100000,0.845119,0.56221,65400000,19377,18990,18926
NC_053041.3,65400000,0.790456,0.566747,65700000,28973,28011,29460
NC_053041.3,65700000,0.808669,0.528827,66000000,20524,20615,19621
NC_053041.3,66000000,0.924131,0.5391,66300000,20631,20749,20077
NC_053041.3,66300000,0.846747,0.557943,66600000,21290,20512,20163
NC_053041.3,66600000,0.904036,0.55386,66900000,22453,22286,21650
NC_053041.3,66900000,0.881146,0.536347,67200000,20755,20021,20178
NC_053041.3,67200000,0.847969,0.5182,67500000,93678,95882,92475
NC_053041.3,67500000,0.947869,0.546407,67800000,21451,20000,20656
NC_053041.3,67800000,0.864299,0.549573,68100000,13705,13087,13106
NC_053041.3,68100000,0.895551,0.54285,68400000,12769,12189,12283
NC_053041.3,68400000,0.896252,0.537037,68700000,10267,9975,10202
NC_053041.3,68700000,0.912556,0.542587,69000000,10185,9660,9707
NC_053041.3,69000000,0.864361,0.541537,69300000,8620,8434,8314
NC_053041.3,69300000,0.917131,0.539147,69600000,12368,11596,11680
NC_053041.3,69600000,0.882278,0.54373,69900000,13078,12381,12406
NC_053041.3,69900000,0.849726,0.56544,70200000,2796,2577,2664
NC_053041.3,70200000,0.737537,0.53614,70500000,3906,3253,3233
NC_053041.3,70500000,0.621539,0.51923,70800000,3722,3104,3103
NC_053041.3,70800000,0.878098,0.53868,71100000,5665,5525,5481
NC_053041.3,71100000,0.936183,0.531227,71400000,4354,4131,4568
NC_053041.3,71400000,0.95006,0.522147,71700000,3202,2861,2823
NC_053041.3,71700000,0.947604,0.537567,72000000,4001,3772,3648
NC_053041.3,72000000,0.879742,0.540053,72300000,5099,4777,4701
NC_053041.3,72300000,0.798139,0.55974,72600000,10249,9851,9702
NC_053041.3,72600000,0.886342,0.54655,72900000,17474,17571,17393
NC_053041.3,72900000,0.903669,0.521507,73200000,10674,10391,10078
NC_053041.3,73200000,0.896872,0.532627,73500000,20153,23272,19857
NC_053041.3,73500000,0.950336,0.531103,73800000,4535,4186,4323
NC_053041.3,73800000,0.902684,0.530717,74100000,12478,12097,11766
NC_053041.3,74100000,0.910928,0.53948,74400000,9388,9267,8848
NC_053041.3,74400000,0.851018,0.550297,74700000,13494,12957,12898
NC_053041.3,74700000,0.924824,0.550793,75000000,13623,13909,13816
NC_053041.3,75000000,0.847175,0.540997,75300000,13267,13123,12815
NC_053041.3,75300000,0.830172,0.55399,75600000,13063,13054,12929
NC_053041.3,75600000,0.890793,0.550243,75900000,22582,21403,21436
NC_053041.3,75900000,0.960363,0.537807,76200000,13638,13080,13282
NC_053041.3,76200000,0.94041,0.535093,76500000,13034,12756,12384
NC_053041.3,76500000,0.892038,0.545733,76800000,21531,20595,20643
NC_053041.3,76800000,0.905516,0.544207,77100000,17979,17977,17465
NC_053041.3,77100000,0.597318,0.615117,77400000,20846,21504,20256
NC_053041.3,77400000,0.749838,0.568557,77700000,18853,18398,18266
NC_053041.3,77700000,0.858576,0.54878,78000000,18235,17813,18278
NC_053041.3,78000000,0.918805,0.552087,78300000,19039,18440,17884
NC_053041.3,78300000,0.76348,0.543187,78600000,16385,15985,15649
NC_053041.3,78600000,0.894058,0.552833,78900000,20917,20088,19984
NC_053041.3,78900000,0.913687,0.54557,79200000,20944,20767,20340
NC_053041.3,79200000,0.882912,0.54276,79500000,20700,20321,19787
NC_053041.3,79500000,0.883254,0.527507,79800000,31076,30677,29315
NC_053041.3,79800000,0.934648,0.511233,80100000,95106,94097,91323
NC_053041.3,80100000,0.946211,0.54136,80400000,24495,24307,23187
NC_053041.3,80400000,0.895803,0.54303,80700000,16175,15514,15784
NC_053041.3,80700000,0.881895,0.530237,81000000,17997,17659,16846
NC_053041.3,81000000,0.846336,0.57772,81300000,27856,24982,25193
NC_053041.3,81300000,0.603373,0.561987,81600000,11123,10773,11261
NC_053041.3,81600000,0.922339,0.533753,81900000,17465,16878,16468
NC_053041.3,81900000,0.935896,0.52961,82200000,22360,21444,20958
NC_053041.3,82200000,0.899704,0.538713,82500000,19148,19108,18670
NC_053041.3,82500000,0.820017,0.560957,82800000,19676,19297,18905
NC_053041.3,82800000,0.828796,0.548377,83100000,21891,21490,21588
NC_053041.3,83100000,0.867999,0.54869,83400000,19881,19889,19123
NC_053041.3,83400000,0.927424,0.534417,83700000,18350,17835,17621
NC_053041.3,83700000,0.933666,0.537347,84000000,20520,19502,19443
NC_053041.3,84000000,0.874534,0.524987,84300000,20170,19858,19418
NC_053041.3,84300000,0.849341,0.536573,84600000,22950,22542,22140
NC_053041.3,84600000,0.869483,0.545133,84900000,22068,21948,21172
NC_053041.3,84900000,0.927384,0.542333,85200000,20576,20151,19597
NC_053041.3,85200000,0.809268,0.454523,85500000,19428,19517,19046
NC_053041.3,85500000,0.854566,0.495423,85800000,21059,20899,20640
NC_053041.3,85800000,0.931487,0.5448,86100000,16994,16287,16641
NC_053041.3,86100000,0.933309,0.504363,86400000,17781,17373,17098
NC_053041.3,86400000,0.869891,0.538627,86700000,18540,18142,17952
NC_053041.3,86700000,0.854391,0.535643,87000000,18394,18227,17882
NC_053041.3,87000000,0.886728,0.545083,87300000,21827,21469,21376
NC_053041.3,87300000,0.895993,0.541917,87600000,21502,21062,20852
NC_053041.3,87600000,0.870693,0.52498,87900000,22144,21485,21408
NC_053041.3,87900000,0.834703,0.5031,88200000,20335,19836,19491
NC_053041.3,88200000,0.835879,0.521627,88500000,21013,20973,20172
NC_053041.3,88500000,0.902394,0.524397,88800000,20832,20323,19813
NC_053041.3,88800000,0.878335,0.5371,89100000,20463,20335,20049
NC_053041.3,89100000,0.850182,0.52708,89400000,20102,19888,19452
NC_053041.3,89400000,0.909578,0.536923,89700000,21838,21203,20670
NC_053041.3,89700000,0.875185,0.53163,90000000,21520,21029,20453
NC_053041.3,90000000,0.920535,0.54613,90300000,23445,23372,22681
NC_053041.3,90300000,0.884584,0.543523,90600000,15229,15005,14502
NC_053041.3,90600000,0.895008,0.547267,90900000,20810,20217,20130
NC_053041.3,90900000,0.851339,0.533077,91200000,19225,18829,18402
NC_053041.3,91200000,0.887535,0.54403,91500000,20930,20929,20640
NC_053041.3,91500000,0.912085,0.53835,91800000,19674,18955,18751
NC_053041.3,91800000,0.949443,0.558567,92100000,16648,16144,15849
NC_053041.3,92100000,0.935323,0.54311,92400000,18968,17702,17532
NC_053041.3,92400000,0.950158,0.565243,92700000,16873,17233,16221
NC_053041.3,92700000,0.949357,0.535543,93000000,15151,14814,14748
NC_053041.3,93000000,0.919518,0.534803,93300000,15883,15889,15630
NC_053041.3,93300000,0.922839,0.55347,93600000,19085,18245,18033
NC_053041.3,93600000,0.900644,0.544683,93900000,18833,18694,18252
NC_053041.3,93900000,0.84133,0.544123,94200000,18561,18172,17889
NC_053041.3,94200000,0.894088,0.541287,94500000,19282,18867,18407
NC_053041.3,94500000,0.945462,0.531227,94800000,19468,19100,18857
NC_053041.3,94800000,0.951616,0.533687,95100000,19578,19366,18902
NC_053041.3,95100000,0.887748,0.537113,95400000,19375,18878,18475
NC_053041.3,95400000,0.862698,0.529797,95700000,17770,17413,17084
NC_053041.3,95700000,0.904028,0.539767,96000000,21371,21252,20352
NC_053041.3,96000000,0.909288,0.53677,96300000,21596,21703,21302
NC_053041.3,96300000,0.908461,0.511967,96600000,21570,21842,20580
NC_053041.3,96600000,0.85101,0.543273,96900000,19853,19846,19418
NC_053041.3,96900000,0.91061,0.544613,97200000,20770,19863,19700
NC_053041.3,97200000,0.912128,0.53206,97500000,21784,21305,21212
NC_053041.3,97500000,0.892051,0.523047,97800000,22743,21800,21348
NC_053041.3,97800000,0.884489,0.522647,98100000,21561,21207,21181
NC_053041.3,98100000,0.884837,0.535877,98400000,20842,20296,19788
NC_053041.3,98400000,0.920219,0.550173,98700000,21770,21801,20712
NC_053041.3,98700000,0.879325,0.536837,99000000,20126,19992,19611
NC_053041.3,99000000,0.921307,0.550263,99300000,19114,18713,18384
NC_053041.3,99300000,0.842653,0.553063,99600000,18390,18131,17565
NC_053041.3,99600000,0.938934,0.54583,99900000,21985,21399,21239
NC_053041.3,99900000,0.907363,0.534173,100200000,20939,21144,20534
NC_053041.3,100200000,0.850066,0.537343,100500000,20921,20634,20372
NC_053041.3,100500000,0.947131,0.536703,100800000,19986,19955,19196
NC_053041.3,100800000,0.867268,0.53254,101100000,19581,19538,19286
NC_053041.3,101100000,0.924782,0.542597,101400000,20901,20358,20196
NC_053041.3,101400000,0.90168,0.543157,101700000,18919,18427,18514
NC_053041.3,101700000,0.915753,0.528207,102000000,21009,20839,20394
NC_053041.3,102000000,0.809985,0.553747,102300000,24097,23984,23357
NC_053041.3,102300000,0.89633,0.538807,102600000,21382,21156,21345
NC_053041.3,102600000,0.910512,0.529087,102900000,20494,20483,19923
NC_053041.3,102900000,0.906211,0.518347,103200000,19953,19690,19330
NC_053041.3,103200000,0.901656,0.522593,103500000,20646,20333,19564
NC_053041.3,103500000,0.922231,0.5148,103800000,20669,20064,19259
NC_053041.3,103800000,0.923461,0.54674,104100000,21285,20578,19959
NC_053041.3,104100000,0.908938,0.527643,104400000,21072,20516,20090
NC_053041.3,104400000,0.947342,0.531743,104700000,20613,19950,19500
NC_053041.3,104700000,0.876963,0.53629,105000000,21947,21832,21493
NC_053041.3,105000000,0.925399,0.52585,105300000,20907,19984,19393
NC_053041.3,105300000,0.86408,0.52942,105600000,15062,14620,14493
NC_053041.3,105600000,0.873289,0.545823,105900000,15192,15070,14814
NC_053041.3,105900000,0.817869,0.55754,106200000,22909,24037,23540
NC_053041.3,106200000,0.906452,0.530003,106500000,14703,14473,14216
NC_053041.3,106500000,0.933444,0.532443,106800000,16063,15554,15251
NC_053041.3,106800000,0.899042,0.53492,107100000,10293,9280,9566
NC_053041.3,107100000,0.873235,0.555047,107400000,8594,8368,8139
NC_053041.3,107400000,0.816763,0.5421,107700000,6289,6299,6258
NC_053041.3,107700000,0.867016,0.54024,108000000,11881,11184,11293
NC_053041.3,108000000,0.798744,0.508547,108300000,3326,3196,3235
NC_053041.3,108300000,0.736859,0.56111,108600000,10417,10202,10138
NC_053041.3,108600000,0.840222,0.536453,108900000,17270,17376,17379
NC_053041.3,108900000,0.872127,0.536823,109200000,21017,20707,20258
NC_053041.3,109200000,0.924884,0.52943,109500000,23242,22326,22061
NC_053041.3,109500000,0.935032,0.5441,109800000,13824,12890,13250
NC_053041.3,109800000,0.951899,0.55451,110100000,7550,7161,6815
NC_053041.3,110100000,0.909357,0.542253,110400000,17024,16948,16774
NC_053041.3,110400000,0.900827,0.526463,110700000,15070,15095,14337
NC_053041.3,110700000,0.873132,0.553023,111000000,10818,10622,10247
NC_053041.3,111000000,0.944665,0.52503,111300000,2560,2571,2542
NC_053041.3,111300000,0.933147,0.553063,111600000,5706,5645,5476
NC_053041.3,111600000,0.907197,0.538333,111900000,15616,15551,14760
NC_053041.3,111900000,0.916963,0.55331,112200000,15001,14694,14294
NC_053041.3,112200000,0.863251,0.53207,112500000,13983,13393,13249
NC_053041.3,112500000,0.932522,0.538597,112800000,11835,10988,10963
NC_053041.3,112800000,0.860331,0.536597,113100000,17861,17196,17053
NC_053041.3,113100000,0.90743,0.53015,113400000,8898,9097,8935
NC_053041.3,113400000,0.92499,0.540293,113700000,9147,8802,8747
NC_053041.3,113700000,0.847595,0.53669,114000000,11953,11762,11750
NC_053041.3,114000000,0.889462,0.54816,114300000,19064,18637,18331
NC_053041.3,114300000,0.908751,0.538783,114600000,16009,15608,15193
NC_053041.3,114600000,0.954626,0.532443,114900000,18879,18458,18349
NC_053041.3,114900000,0.878896,0.55986,115200000,20314,19931,19629
NC_053041.3,115200000,0.692058,0.593777,115500000,7662,7896,7425
NC_053041.3,115500000,0.608358,0.617083,115800000,8297,8131,7831
NC_053041.3,115800000,0.772936,0.578797,116100000,8755,8843,8289
NC_053041.3,116100000,0.860039,0.53235,116400000,17261,17330,16937
NC_053041.3,116400000,0.851586,0.539357,116700000,19267,18971,18822
NC_053041.3,116700000,0.609212,0.53514,117000000,14160,13933,13831
NC_053041.3,117000000,0.875588,0.555403,117300000,18631,17721,17703
NC_053041.3,117300000,0.915176,0.539413,117600000,19434,18495,18863
NC_053041.3,117600000,0.864619,0.53027,117900000,21656,21311,21000
NC_053041.3,117900000,0.914772,0.530883,118200000,21348,21061,20700
NC_053041.3,118200000,0.93574,0.535493,118500000,20975,20984,20538
NC_053041.3,118500000,0.85716,0.553723,118800000,22570,22267,21761
NC_053041.3,118800000,0.912643,0.524423,119100000,22840,21479,21570
NC_053041.3,119100000,0.890803,0.54711,119400000,19149,18581,18543
NC_053041.3,119400000,0.864252,0.517343,119700000,17176,17214,16878
NC_053041.3,119700000,0.922343,0.54767,120000000,25215,25225,24589
NC_053041.3,120000000,0.859656,0.539953,120300000,19011,18326,18490
NC_053041.3,120300000,0.865752,0.547883,120600000,12197,11847,11567
NC_053041.3,120600000,0.898514,0.539263,120900000,16470,16610,15840
NC_053041.3,120900000,0.897739,0.52558,121200000,22273,21379,21512
NC_053041.3,121200000,0.80822,0.53039,121500000,22155,21914,21799
NC_053041.3,121500000,0.881033,0.53611,121800000,21549,21621,20996
NC_053041.3,121800000,0.881862,0.545457,122100000,20782,20690,20010
NC_053041.3,122100000,0.89131,0.551503,122400000,16485,15954,15869
NC_053041.3,122400000,0.901314,0.56314,122700000,16387,16148,15914
NC_053041.3,122700000,0.931958,0.54504,123000000,16559,16584,16309
NC_053041.3,123000000,0.883048,0.529747,123300000,19261,18702,18035
NC_053041.3,123300000,0.903064,0.536433,123600000,21013,19935,19490
NC_053041.3,123600000,0.867553,0.54203,123900000,15297,14958,15011
NC_053041.3,123900000,0.862732,0.543673,124200000,16558,16540,16338
NC_053041.3,124200000,0.929212,0.535787,124500000,17820,17310,17052
NC_053041.3,124500000,0.896712,0.55344,124800000,18239,17605,17830
NC_053041.3,124800000,0.879798,0.547803,125100000,19472,19178,18819
NC_053041.3,125100000,0.841522,0.55274,125400000,18018,17832,17303
NC_053041.3,125400000,0.43392,0.594027,125700000,18464,18224,18607
NC_053041.3,125700000,0.56241,0.590663,126000000,16975,17964,18105
NC_053041.3,126000000,0.563624,0.596517,126300000,10708,11326,11162
NC_053041.3,126300000,0.583333,0.592007,126600000,19422,19756,19315
NC_053041.3,126600000,0.779012,0.553953,126900000,15510,15374,15182
NC_053041.3,126900000,0.829293,0.535047,127200000,15399,15317,14857
NC_053041.3,127200000,0.929241,0.525233,127500000,19103,19045,18914
NC_053041.3,127500000,0.903793,0.516083,127800000,20900,20230,19685
NC_053041.3,127800000,0.904448,0.54323,128100000,19643,19163,18743
NC_053041.3,128100000,0.900416,0.549087,128400000,19421,19083,18810
NC_053041.3,128400000,0.901103,0.53745,128700000,20340,19840,19519
NC_053041.3,128700000,0.91014,0.515267,129000000,20125,19757,19389
NC_053041.3,129000000,0.888372,0.535353,129300000,19963,19303,19152
NC_053041.3,129300000,0.926684,0.535527,129600000,20268,19651,19140
NC_053041.3,129600000,0.904165,0.548073,129900000,20807,19669,19589
NC_053041.3,129900000,0.947951,0.529723,130200000,20183,19775,19376
NC_053041.3,130200000,0.926644,0.522557,130500000,20582,20551,19834
NC_053041.3,130500000,0.929457,0.519347,130800000,21798,20987,20712
NC_053041.3,130800000,0.919647,0.53564,131100000,19513,19374,18572
NC_053041.3,131100000,0.89844,0.509843,131400000,20133,19898,19161
NC_053041.3,131400000,0.932043,0.538093,131700000,19268,18747,18377
NC_053041.3,131700000,0.821944,0.54333,132000000,18050,17135,17403
NC_053041.3,132000000,0.900506,0.52712,132300000,14623,14524,14228
NC_053041.3,132300000,0.928769,0.54522,132600000,20153,19404,19285
NC_053041.3,132600000,0.906425,0.54833,132900000,19343,18954,18315
NC_053041.3,132900000,0.909758,0.543457,133200000,19777,19732,18931
NC_053041.3,133200000,0.856945,0.55078,133500000,19484,19040,18437
NC_053041.3,133500000,0.884094,0.54244,133800000,18493,18014,17841
NC_053041.3,133800000,0.911768,0.533383,134100000,18712,18142,17988
NC_053041.3,134100000,0.941134,0.54189,134400000,18733,18432,17914
NC_053041.3,134400000,0.880372,0.54439,134700000,19326,18792,18440
NC_053041.3,134700000,0.896986,0.529817,135000000,19429,18730,18439
NC_053041.3,135000000,0.886872,0.535773,135300000,18383,17700,17732
NC_053041.3,135300000,0.849743,0.539007,135600000,18720,18509,18197
NC_053041.3,135600000,0.916701,0.537513,135900000,21468,20126,19737
NC_053041.3,135900000,0.938517,0.54485,136200000,17360,17345,16913
NC_053041.3,136200000,0.913696,0.53361,136500000,20356,19895,19083
NC_053041.3,136500000,0.863205,0.5091,136800000,19246,19176,18692
NC_053041.3,136800000,0.918299,0.505003,137100000,21190,20564,20089
NC_053041.3,137100000,0.919504,0.533797,137400000,20169,19619,19517
NC_053041.3,137400000,0.933443,0.52398,137700000,19922,19795,18992
NC_053041.3,137700000,0.928542,0.50223,138000000,19576,19403,18712
NC_053041.3,138000000,0.945049,0.545637,138300000,19860,19052,18716
NC_053041.3,138300000,0.933589,0.524827,138600000,20638,20162,19628
NC_053041.3,138600000,0.854258,0.531973,138900000,19445,19230,18521
NC_053041.3,138900000,0.904482,0.530077,139200000,20954,20591,20292
NC_053041.3,139200000,0.861874,0.50407,139500000,20430,20119,19714
NC_053041.3,139500000,0.905727,0.50167,139800000,19888,19913,19312
NC_053041.3,139800000,0.9004,0.54011,140100000,21293,20898,20494
NC_053041.3,140100000,0.936407,0.54356,140400000,20541,19994,19316
NC_053041.3,140400000,0.846991,0.52939,140700000,8729,8732,8542
NC_053041.3,140700000,0.938505,0.517687,141000000,8201,7837,7819
NC_053041.3,141000000,0.943904,0.525087,141300000,11854,11410,11347
NC_053041.3,141300000,0.874014,0.547917,141600000,11379,10768,10617
NC_053041.3,141600000,0.883026,0.558457,141900000,13612,13534,13753
NC_053041.3,141900000,0.952206,0.54527,142200000,17515,16815,16640
NC_053041.3,142200000,0.88421,0.544087,142500000,25258,24357,24344
NC_053041.3,142500000,0.914455,0.53975,142800000,20007,19504,19052
NC_053041.3,142800000,0.923807,0.53832,143100000,20659,20011,19960
NC_053041.3,143100000,0.9458,0.555143,143400000,21802,20816,20643
NC_053041.3,143400000,0.932592,0.516857,143700000,19733,19419,18838
NC_053041.3,143700000,0.935843,0.54231,144000000,20816,20439,20180
NC_053041.3,144000000,0.884974,0.542537,144300000,20908,20107,19431
NC_053041.3,144300000,0.916962,0.53454,144600000,20507,19689,19552
NC_053041.3,144600000,0.920141,0.569143,144900000,19730,19632,19147
NC_053041.3,144900000,0.871254,0.539857,145200000,20893,20752,20308
NC_053041.3,145200000,0.894836,0.52358,145500000,19957,19729,19293
NC_053041.3,145500000,0.888006,0.52804,145800000,19847,19338,19071
NC_053041.3,145800000,0.896363,0.518983,146100000,19078,18924,18404
NC_053041.3,146100000,0.880153,0.540697,146400000,22494,22483,21636
NC_053041.3,146400000,0.91255,0.54327,146700000,22579,22303,21953
NC_053041.3,146700000,0.877113,0.549533,147000000,31480,28595,28062
NC_053041.3,147000000,0.884492,0.544617,147300000,17470,16703,17163
NC_053041.3,147300000,0.915061,0.523023,147600000,18134,17295,17565
NC_053041.3,147600000,0.858797,0.529497,147900000,15696,15199,15124
NC_053041.3,147900000,0.89338,0.529207,148200000,19115,18534,18292
NC_053041.3,148200000,0.944951,0.533993,148500000,17736,17614,17204
NC_053041.3,148500000,0.928317,0.558047,148800000,19607,19578,19185
NC_053041.3,148800000,0.909145,0.520783,149100000,20737,20211,19760
NC_053041.3,149100000,0.915551,0.526803,149400000,17507,17695,17059
NC_053041.3,149400000,0.917087,0.53247,149700000,20278,19612,19434
NC_053041.3,149700000,0.898276,0.542027,150000000,19278,18963,18411
NC_053041.3,150000000,0.831983,0.54245,150300000,18819,17955,17843
NC_053041.3,150300000,0.868939,0.53639,150600000,20119,19113,19131
NC_053041.3,150600000,0.955718,0.517897,150900000,17998,17622,17217
NC_053041.3,150900000,0.842109,0.540467,151200000,19228,18979,18554
NC_053041.3,151200000,0.769621,0.57116,151500000,22500,23269,22262
NC_053041.3,151500000,0.912888,0.53203,151800000,18758,18103,17775
NC_053041.3,151800000,0.906181,0.52789,152100000,19752,19517,18925
NC_053041.3,152100000,0.893057,0.519317,152400000,18052,17205,17234
NC_053041.3,152400000,0.913773,0.53958,152700000,18836,17911,17563
NC_053041.3,152700000,0.874964,0.53849,153000000,18594,18119,17574
NC_053041.3,153000000,0.829326,0.53302,153300000,16831,16717,16375
NC_053041.3,153300000,0.861285,0.529923,153600000,19230,18554,18336
NC_053041.3,153600000,0.916788,0.562887,153900000,19627,19498,18913
NC_053041.3,153900000,0.845497,0.531953,154200000,17684,17724,17143
NC_053041.3,154200000,0.884575,0.555593,154500000,20219,19405,19380
NC_053041.3,154500000,0.961821,0.548507,154800000,19008,18542,18249
NC_053041.3,154800000,0.928169,0.546547,155100000,19140,18400,18506
NC_053041.3,155100000,0.920596,0.511307,155400000,21617,21075,20193
NC_053041.3,155400000,0.926238,0.523323,155700000,19846,19703,18761
NC_053041.3,155700000,0.882362,0.51792,156000000,23032,22639,22087
NC_053041.3,156000000,0.935689,0.52263,156300000,19029,18343,17916
NC_053041.3,156300000,0.878316,0.45808,156600000,16692,16452,15774
NC_053041.3,156600000,0.948104,0.529237,156900000,18710,17896,17645
NC_053041.3,156900000,0.905763,0.508477,157200000,18848,18585,17956
NC_053041.3,157200000,0.951541,0.536227,157500000,19430,18791,18394
NC_053041.3,157500000,0.937148,0.518807,157800000,19211,18840,18674
NC_053041.3,157800000,0.929313,0.522147,158100000,18734,18301,17910
NC_053041.3,158100000,0.934259,0.510793,158400000,19701,19316,18931
NC_053041.3,158400000,0.926019,0.535913,158700000,19730,19099,18868
NC_053041.3,158700000,0.924956,0.541007,159000000,19251,18428,18145
NC_053041.3,159000000,0.85924,0.541337,159300000,17703,17300,16917
NC_053041.3,159300000,0.943488,0.541873,159600000,17219,17257,16734
NC_053041.3,159600000,0.924636,0.55221,159900000,19693,19196,18860
NC_053041.3,159900000,0.90929,0.524777,160200000,19814,19311,18723
NC_053041.3,160200000,0.89666,0.539423,160500000,19625,19129,18534
NC_053041.3,160500000,0.891305,0.525907,160800000,19832,19296,18825
NC_053041.3,160800000,0.924918,0.53994,161100000,21702,20859,20541
NC_053041.3,161100000,0.846621,0.538217,161400000,19231,19152,19049
NC_053041.3,161400000,0.889229,0.54188,161700000,20284,19557,19937
NC_053041.3,161700000,0.910144,0.52921,162000000,19876,19766,19443
NC_053041.3,162000000,0.976945,0.539957,162300000,20121,19490,19225
NC_053041.3,162300000,0.938189,0.52324,162600000,20183,19457,19332
NC_053041.3,162600000,0.88042,0.53452,162900000,20500,20379,19652
NC_053041.3,162900000,0.896601,0.524507,163200000,20261,19457,19210
NC_053041.3,163200000,0.909926,0.54786,163500000,20019,19427,19227
NC_053041.3,163500000,0.924591,0.540287,163800000,19142,18989,18644
NC_053041.3,163800000,0.853003,0.545597,164100000,19599,18918,18454
NC_053041.3,164100000,0.926936,0.534407,164400000,19242,18682,18494
NC_053041.3,164400000,0.698256,0.371773,164700000,13800,13511,13155
NC_053041.3,164700000,0.927317,0.54697,165000000,18601,18221,17571
NC_053041.3,165000000,0.952612,0.55495,165300000,21510,20255,20201
NC_053041.3,165300000,0.959661,0.546083,165600000,22349,21156,20833
NC_053041.3,165600000,0.917546,0.534767,165900000,19497,19233,18603
NC_053041.3,165900000,0.945369,0.522967,166200000,22751,21920,21373
NC_053041.3,166200000,0.969345,0.541597,166500000,22950,22132,21885
NC_053041.3,166500000,0.912921,0.540633,166800000,21183,20211,20290
NC_053041.3,166800000,0.901446,0.531043,167100000,22145,21180,21217
NC_053041.3,167100000,0.908437,0.540187,167400000,20067,20373,19685
NC_053041.3,167400000,0.939166,0.530947,167700000,16669,16225,16096
NC_053041.3,167700000,0.914379,0.532513,168000000,20231,19699,19430
NC_053041.3,168000000,0.902571,0.524623,168300000,19016,18686,18348
NC_053041.3,168300000,0.918063,0.547933,168600000,20593,20530,19909
NC_053041.3,168600000,0.898756,0.52968,168900000,22004,21127,21036
NC_053041.3,168900000,0.907386,0.532113,169200000,21465,20985,20469
NC_053041.3,169200000,0.928461,0.5445,169500000,19712,19585,18947
NC_053041.3,169500000,0.874485,0.52812,169800000,21041,20572,20162
NC_053041.3,169800000,0.896673,0.54674,170100000,19994,19589,19282
NC_053041.3,170100000,0.920767,0.539003,170400000,19170,18589,18618
NC_053041.3,170400000,0.873174,0.525647,170700000,21608,20544,20421
NC_053041.3,170700000,0.908559,0.54546,171000000,20627,20335,19935
NC_053041.3,171000000,0.906179,0.529757,171300000,18202,18216,17735
NC_053041.3,171300000,0.932286,0.537523,171600000,20062,19335,19163
NC_053041.3,171600000,0.837586,0.54293,171900000,19957,19504,19201
NC_053041.3,171900000,0.876077,0.54418,172200000,20488,20229,19820
NC_053041.3,172200000,0.930018,0.546143,172500000,20813,20454,19794
NC_053041.3,172500000,0.940871,0.546747,172800000,21251,20573,20124
NC_053041.3,172800000,0.946087,0.532337,173100000,20039,19909,19133
NC_053041.3,173100000,0.905032,0.54134,173400000,20054,18869,18926
NC_053041.3,173400000,0.899618,0.535143,173700000,20658,20031,19609
NC_053041.3,173700000,0.906475,0.5277,174000000,17976,17671,17550
NC_053041.3,174000000,0.858353,0.54521,174300000,15689,15692,15197
NC_053041.3,174300000,0.888751,0.544083,174600000,14167,13932,13803
NC_053041.3,174600000,0.892693,0.536497,174900000,12022,12819,12988
NC_053041.3,174900000,0.927413,0.548693,175200000,18441,17834,17775
NC_053041.3,175200000,0.896444,0.532337,175500000,16636,16127,16038
NC_053041.3,175500000,0.926871,0.522037,175800000,17517,16689,16695
NC_053041.3,175800000,0.899242,0.561423,176100000,19049,19055,18376
NC_053041.3,176100000,0.727364,0.50737,176400000,17009,16911,16160
NC_053041.3,176400000,0.950406,0.56131,176700000,20138,19687,19426
NC_053041.3,176700000,0.84649,0.536613,177000000,21715,21588,21349
NC_053041.3,177000000,0.939357,0.53158,177300000,20994,20442,20010
NC_053041.3,177300000,0.878654,0.518867,177600000,17822,17419,17210
NC_053041.3,177600000,0.935088,0.538923,177900000,18485,17626,17969
NC_053041.3,177900000,0.878665,0.53979,178200000,18230,18022,17641
NC_053041.3,178200000,0.903261,0.551353,178500000,17696,17396,16760
NC_053041.3,178500000,0.904895,0.535503,178800000,18111,17618,17404
NC_053041.3,178800000,0.906135,0.52714,179100000,14653,14242,13872
NC_053041.3,179100000,0.910804,0.521757,179400000,14890,14547,14197
NC_053041.3,179400000,0.939766,0.529887,179700000,15045,14624,14348
NC_053041.3,179700000,0.944251,0.535083,180000000,11852,11331,11224
NC_053041.3,180000000,0.934007,0.51851,180300000,13236,12518,12341
NC_053041.3,180300000,0.920158,0.510943,180600000,9044,8722,8487
NC_053041.3,180600000,0.943835,0.54385,180900000,11574,10938,10893
NC_053041.3,180900000,0.918224,0.541037,181200000,14423,13938,13652
NC_053041.3,181200000,0.846433,0.530417,181500000,11637,11447,11344
NC_053041.3,181500000,0.877334,0.540437,181800000,15032,14355,14441
NC_053041.3,181800000,0.905215,0.54387,182100000,15971,14990,15033
NC_053041.3,182100000,0.828627,0.52886,182400000,13752,13395,13188
NC_053041.3,182400000,0.91595,0.53516,182700000,14723,13933,13802
NC_053041.3,182700000,0.901852,0.540747,183000000,19129,18580,18173
NC_053041.3,183000000,0.944321,0.52857,183300000,19270,19378,18822
NC_053041.3,183300000,0.963188,0.519393,183600000,20435,19799,19397
NC_053041.3,183600000,0.907201,0.530947,183900000,18555,18122,18058
NC_053041.3,183900000,0.914223,0.52222,184200000,19063,18796,18635
NC_053041.3,184200000,0.947882,0.51879,184500000,18670,18382,18016
NC_053041.3,184500000,0.912845,0.537453,184800000,18208,17845,17296
NC_053041.3,184800000,0.943013,0.538797,185100000,19181,18959,18379
NC_053041.3,185100000,0.910584,0.526103,185400000,18877,17970,17717
NC_053041.3,185400000,0.886176,0.534847,185700000,18311,18154,17867
NC_053041.3,185700000,0.858542,0.521233,186000000,20465,20342,19721
NC_053041.3,186000000,0.899688,0.54294,186300000,20193,20155,19729
NC_053041.3,186300000,0.920087,0.527787,186600000,21514,21093,20472
NC_053041.3,186600000,0.880308,0.546623,186900000,20870,20394,20183
NC_053041.3,186900000,0.8908,0.513703,187200000,20112,19692,19271
NC_053041.3,187200000,0.885963,0.522547,187500000,7467,7067,6981
NC_053041.3,187500000,0.954482,0.523337,187800000,2849,2429,2539
NC_053041.3,187800000,0.908439,0.54075,188100000,8982,7753,8647
NC_053041.3,188100000,0.892438,0.54508,188400000,12119,11551,11682
NC_053041.3,188400000,0.882524,0.533193,188700000,11998,11641,11601
NC_053041.3,188700000,0.875229,0.533773,189000000,20686,20057,19958
NC_053041.3,189000000,0.965008,0.543087,189300000,21036,20336,20626
NC_053041.3,189300000,0.89956,0.538017,189600000,12313,11790,11979
NC_053041.3,189600000,0.939725,0.55873,189900000,13886,13180,12661
NC_053041.3,189900000,0.907752,0.522337,190200000,10111,9397,9397
NC_053041.3,190200000,0.901611,0.53133,190500000,19994,19347,18844
NC_053041.3,190500000,0.894627,0.519857,190800000,21463,20882,20616
NC_053041.3,190800000,0.925519,0.552433,191100000,19724,19034,19043
NC_053041.3,191100000,0.906975,0.527233,191400000,20901,20179,20032
NC_053041.3,191400000,0.937363,0.553203,191700000,20127,19465,19275
NC_053041.3,191700000,0.911256,0.54232,192000000,20400,20581,19702
NC_053041.3,192000000,0.887279,0.53808,192300000,19000,18385,17956
NC_053041.3,192300000,0.913876,0.54104,192600000,16837,16362,15986
NC_053041.3,192600000,0.809693,0.536787,192900000,15399,15236,15046
NC_053041.3,192900000,0.866038,0.545103,193200000,20628,20506,20250
NC_053041.3,193200000,0.906249,0.547663,193500000,20443,19612,19569
NC_053041.3,193500000,0.939042,0.525613,193800000,21499,20352,19955
NC_053041.3,193800000,0.922414,0.555073,194100000,20033,19894,19511
NC_053041.3,194100000,0.844577,0.53558,194400000,22037,22078,21185
NC_053041.3,194400000,0.93896,0.525557,194700000,20149,19795,19508
NC_053041.3,194700000,0.926206,0.552723,195000000,20853,20108,19725
NC_053041.3,195000000,0.929072,0.55133,195300000,22554,21555,21388
NC_053041.3,195300000,0.889353,0.49426,195600000,24658,23548,23426
NC_053041.3,195600000,0.896129,0.535587,195900000,20719,20196,19750
NC_053041.3,195900000,0.907608,0.543817,196200000,21009,20542,20221
NC_053041.3,196200000,0.918712,0.554477,196500000,20994,20569,19910
NC_053041.3,196500000,0.873039,0.526253,196800000,21063,20743,20477
NC_053041.3,196800000,0.938818,0.532977,197100000,19897,19456,19074
NC_053041.3,197100000,0.938023,0.540783,197400000,22478,21636,20908
NC_053041.3,197400000,0.909135,0.539593,197700000,20423,20035,19459
NC_053041.3,197700000,0.920231,0.524763,198000000,22227,21269,21114
NC_053041.3,198000000,0.886408,0.516607,198300000,20623,20067,19407
NC_053041.3,198300000,0.932172,0.530487,198600000,20299,19667,19087
NC_053041.3,198600000,0.925821,0.539783,198900000,20395,20102,19764
NC_053041.3,198900000,0.937069,0.54267,199200000,20837,20395,19822
NC_053041.3,199200000,0.852952,0.542113,199500000,21282,21064,20539
NC_053041.3,199500000,0.956871,0.52295,199800000,21169,20635,20308
NC_053041.3,199800000,0.901702,0.541083,200100000,21663,20906,20771
NC_053041.3,200100000,0.900059,0.544227,200400000,20192,19392,19138
NC_053041.3,200400000,0.931693,0.528617,200700000,20997,20580,20119
NC_053041.3,200700000,0.877527,0.538707,201000000,19697,19424,18614
NC_053041.3,201000000,0.861046,0.52976,201300000,20676,20660,20220
NC_053041.3,201300000,0.908899,0.542613,201600000,20034,19515,19678
NC_053041.3,201600000,0.890358,0.547657,201900000,21386,20755,20553
NC_053041.3,201900000,0.912201,0.538063,202200000,21095,20295,19747
NC_053041.3,202200000,0.906893,0.543713,202500000,20737,20339,20290
NC_053041.3,202500000,0.923171,0.53786,202800000,21292,20871,20170
NC_053041.3,202800000,0.888382,0.510487,203100000,20062,19725,19169
NC_053041.3,203100000,0.919191,0.53404,203400000,21086,20332,19746
NC_053041.3,203400000,0.904521,0.542547,203700000,20876,20734,20227
NC_053041.3,203700000,0.883992,0.52869,204000000,20964,20588,20387
NC_053041.3,204000000,0.899514,0.51663,204300000,20076,19787,19310
NC_053041.3,204300000,0.936914,0.535653,204600000,19287,18698,18640
NC_053041.3,204600000,0.88144,0.530263,204900000,19965,19515,19167
NC_053041.3,204900000,0.896044,0.536183,205200000,21663,21296,20749
NC_053041.3,205200000,0.883326,0.549767,205500000,20660,19869,19866
NC_053041.3,205500000,0.917071,0.548523,205800000,21053,20609,20398
NC_053041.3,205800000,0.947613,0.515233,206100000,21262,20411,20159
NC_053041.3,206100000,0.920146,0.530097,206400000,19553,19219,18626
NC_053041.3,206400000,0.882908,0.534147,206700000,19970,19483,19490
NC_053041.3,206700000,0.868344,0.54432,207000000,21354,20775,20233
NC_053041.3,207000000,0.94771,0.508073,207300000,20652,19887,19202
NC_053041.3,207300000,0.918689,0.54962,207600000,20514,20361,19896
NC_053041.3,207600000,0.88986,0.54612,207900000,20641,20326,19721
NC_053041.3,207900000,0.923082,0.54866,208200000,19224,18684,18328
NC_053041.3,208200000,0.901758,0.53248,208500000,23671,22927,23044
NC_053041.3,208500000,0.913303,0.510277,208800000,20570,19968,19523
NC_053041.3,208800000,0.922851,0.50588,209100000,20229,20126,19438
NC_053041.3,209100000,0.888979,0.530833,209400000,19832,20099,19227
NC_053041.3,209400000,0.941508,0.526153,209700000,18935,18771,18202
NC_053041.3,209700000,0.900911,0.55141,210000000,20307,19763,19852
NC_053041.3,210000000,0.874689,0.524293,210300000,22219,21019,20796
NC_053041.3,210300000,0.929357,0.540833,210600000,19808,19839,19409
NC_053041.3,210600000,0.946651,0.523743,210900000,20676,20141,19721
NC_053041.3,210900000,0.929822,0.535207,211200000,20480,20156,19632
NC_053041.3,211200000,0.896821,0.528167,211500000,21389,20788,20226
NC_053041.3,211500000,0.852463,0.540827,211800000,25467,25064,24096
NC_053041.3,211800000,0.95955,0.51616,212100000,21158,20658,20145
NC_053041.3,212100000,0.912906,0.547907,212400000,21438,20493,20595
NC_053041.3,212400000,0.920233,0.53533,212700000,20330,19840,19543
NC_053041.3,212700000,0.872887,0.552587,213000000,20342,20056,19583
NC_053041.3,213000000,0.891126,0.540623,213300000,21318,20628,20311
NC_053041.3,213300000,0.911403,0.542733,213600000,19701,19029,19053
NC_053041.3,213600000,0.83525,0.548677,213900000,15621,15350,15071
NC_053041.3,213900000,0.907991,0.534857,214200000,16515,16165,15730
NC_053041.3,214200000,0.930852,0.532957,214500000,17102,16793,16217
NC_053041.3,214500000,0.906034,0.554573,214800000,16165,15615,15645
NC_053041.3,214800000,0.917027,0.539423,215100000,18668,18099,17708
NC_053041.3,215100000,0.923611,0.560053,215400000,22322,21558,21294
NC_053041.3,215400000,0.882757,0.537127,215700000,17634,17120,16812
NC_053041.3,215700000,0.952271,0.5434,216000000,18017,17518,17135
NC_053041.3,216000000,0.927347,0.53263,216300000,19375,18822,18632
NC_053041.3,216300000,0.878685,0.54533,216600000,19890,19592,19279
NC_053041.3,216600000,0.908328,0.535497,216900000,18433,17903,17735
NC_053041.3,216900000,0.926406,0.533643,217200000,18218,17550,17110
NC_053041.3,217200000,0.958837,0.529903,217500000,18763,18113,17722
NC_053041.3,217500000,0.906518,0.560033,217800000,18834,18124,17929
NC_053041.3,217800000,0.900177,0.54167,218100000,17912,17365,17329
NC_053041.3,218100000,0.927206,0.516527,218400000,20082,19393,19298
NC_053041.3,218400000,0.928167,0.4926,218700000,17611,17066,16942
NC_053041.3,218700000,0.924297,0.493517,219000000,17007,16298,15846
NC_053041.3,219000000,0.953811,0.51123,219300000,19358,18670,18213
NC_053041.3,219300000,0.923797,0.51419,219600000,18288,17692,17440
NC_053041.3,219600000,0.951934,0.54831,219900000,19071,18267,18036
NC_053041.3,219900000,0.90349,0.54174,220200000,17143,16960,16814
NC_053041.3,220200000,0.924204,0.50421,220500000,17645,16922,16685
NC_053041.3,220500000,0.891389,0.54197,220800000,19433,18720,18427
NC_053041.3,220800000,0.953513,0.51236,221100000,18938,18502,18002
NC_053041.3,221100000,0.930757,0.532827,221400000,20075,19531,19252
NC_053041.3,221400000,0.949367,0.545923,221700000,19786,19024,18773
NC_053041.3,221700000,0.962862,0.538297,222000000,18344,18152,17531
NC_053041.3,222000000,0.907996,0.53489,222300000,19358,18795,18196
NC_053041.3,222300000,0.917298,0.537087,222600000,19163,18814,18326
NC_053041.3,222600000,0.86783,0.53006,222900000,18892,18831,18082
NC_053041.3,222900000,0.901829,0.536523,223200000,19197,18563,17884
NC_053041.3,223200000,0.904862,0.52804,223500000,17899,18007,17650
NC_053041.3,223500000,0.90087,0.545723,223800000,19606,18996,18793
NC_053041.3,223800000,0.921216,0.551877,224100000,19575,19046,18646
NC_053041.3,224100000,0.938807,0.532573,224400000,19587,18936,18704
NC_053041.3,224400000,0.925646,0.543403,224700000,18671,18066,18005
NC_053041.3,224700000,0.902382,0.54235,225000000,20277,19240,19032
NC_053041.3,225000000,0.918962,0.53718,225300000,17019,16665,16372
NC_053041.3,225300000,0.889699,0.510047,225600000,19308,18455,18310
NC_053041.3,225600000,0.934751,0.523347,225900000,19482,18950,18755
NC_053041.3,225900000,0.938113,0.534653,226200000,19548,18873,18596
NC_053041.3,226200000,0.885922,0.531473,226500000,18377,17462,17257
NC_053041.3,226500000,0.935017,0.518487,226800000,18631,18093,17756
NC_053041.3,226800000,0.954649,0.52056,227100000,18069,17810,17433
NC_053041.3,227100000,0.920517,0.53829,227400000,18080,17591,17224
NC_053041.3,227400000,0.85726,0.527663,227700000,19737,19585,18697
NC_053041.3,227700000,0.877794,0.540443,228000000,19916,19137,19051
NC_053041.3,228000000,0.92405,0.543337,228300000,20540,20268,20022
NC_053041.3,228300000,0.95903,0.545537,228600000,19653,18948,19045
NC_053041.3,228600000,0.899196,0.532887,228900000,20544,20134,19539
NC_053041.3,228900000,0.944992,0.561707,229200000,19377,18239,17988
NC_053041.3,229200000,0.89006,0.543537,229500000,19234,18560,18400
NC_053041.3,229500000,0.928317,0.539797,229800000,20776,20057,19566
NC_053041.3,229800000,0.918897,0.536803,230100000,19321,18822,18509
NC_053041.3,230100000,0.930189,0.53965,230400000,19410,18365,18099
NC_053041.3,230400000,0.937132,0.534767,230700000,19696,18916,18720
NC_053041.3,230700000,0.915283,0.536017,231000000,19427,18947,18701
NC_053041.3,231000000,0.930451,0.51546,231300000,19514,19234,18798
NC_053041.3,231300000,0.921956,0.525483,231600000,18521,18180,17852
NC_053041.3,231600000,0.892609,0.545273,231900000,19286,18956,18541
NC_053041.3,231900000,0.886375,0.53102,232200000,20090,18699,18660
NC_053041.3,232200000,0.943809,0.51626,232500000,21235,20301,20271
NC_053041.3,232500000,0.829861,0.54448,232800000,18766,18824,18225
NC_053041.3,232800000,0.936365,0.524557,233100000,19953,19817,18958
NC_053041.3,233100000,0.960388,0.51996,233400000,18280,17944,17847
NC_053041.3,233400000,0.885215,0.514517,233700000,19362,18693,18438
NC_053041.3,233700000,0.922432,0.52023,234000000,17247,16980,16515
NC_053041.3,234000000,0.906135,0.526263,234300000,19457,18621,17864
NC_053041.3,234300000,0.887788,0.5374,234600000,20486,19982,19742
NC_053041.3,234600000,0.93232,0.555943,234900000,17884,17665,17350
NC_053041.3,234900000,0.936478,0.552693,235200000,19670,19155,19001
NC_053041.3,235200000,0.922416,0.52894,235500000,20976,20392,20205
NC_053041.3,235500000,0.928724,0.53619,235800000,19981,19248,19102
NC_053041.3,235800000,0.921795,0.53873,236100000,20035,19613,19215
NC_053041.3,236100000,0.947551,0.547647,236400000,22112,21027,20839
NC_053041.3,236400000,0.90005,0.532213,236700000,19120,18717,18400
NC_053041.3,236700000,0.909287,0.530217,237000000,18788,18220,18257
NC_053041.3,237000000,0.914332,0.5373,237300000,19527,19013,18679
NC_053041.3,237300000,0.936879,0.513703,237600000,20919,19970,19764
NC_053041.3,237600000,0.927861,0.549987,237900000,18867,18306,17641
NC_053041.3,237900000,0.921959,0.52282,238200000,18914,18444,17963
NC_053041.3,238200000,0.950762,0.545137,238500000,19580,18947,18734
NC_053041.3,238500000,0.945031,0.535503,238800000,18057,17852,17348
NC_053041.3,238800000,0.904831,0.53865,239100000,19346,19123,18834
NC_053041.3,239100000,0.95018,0.53036,239400000,20001,19130,19031
NC_053041.3,239400000,0.912043,0.53564,239700000,19328,18623,18432
NC_053041.3,239700000,0.941892,0.540653,240000000,19312,18477,18454
NC_053041.3,240000000,0.870243,0.54631,240300000,20599,20193,19885
NC_053041.3,240300000,0.908485,0.544523,240600000,19343,18921,18567
NC_053041.3,240600000,0.857535,0.534363,240900000,19970,19406,19085
NC_053041.3,240900000,0.941982,0.534217,241200000,18712,18566,18026
NC_053041.3,241200000,0.915397,0.547247,241500000,18864,18300,17944
NC_053041.3,241500000,0.949853,0.539333,241800000,20005,19240,19195
NC_053041.3,241800000,0.938116,0.51682,242100000,21170,20296,20104
NC_053041.3,242100000,0.8824,0.539337,242400000,18700,18601,18415
NC_053041.3,242400000,0.943023,0.543963,242700000,20591,20180,19612
NC_053041.3,242700000,0.858919,0.547123,243000000,21817,20745,20669
NC_053041.3,243000000,0.8474,0.5491,243300000,20551,20504,20194
NC_053041.3,243300000,0.834062,0.540483,243600000,20566,19889,19828
NC_053041.3,243600000,0.841623,0.527113,243900000,19222,19447,19003
NC_053041.3,243900000,0.874552,0.530973,244200000,19635,19042,18848
NC_053041.3,244200000,0.938091,0.55801,244500000,20412,19543,19686
NC_053041.3,244500000,0.927032,0.537917,244800000,20338,20334,19138
NC_053041.3,244800000,0.947518,0.55122,245100000,20413,19969,19602
NC_053041.3,245100000,0.923942,0.55398,245400000,19932,19612,18843
NC_053041.3,245400000,0.878953,0.52561,245700000,21572,21481,20453
NC_053041.3,245700000,0.92127,0.51259,246000000,19427,19110,18526
NC_053041.3,246000000,0.930588,0.508043,246300000,18858,18823,18527
NC_053041.3,246300000,0.904799,0.539593,246600000,19993,19146,18779
NC_053041.3,246600000,0.923507,0.533647,246900000,19563,19243,18700
NC_053041.3,246900000,0.937952,0.547677,247200000,19894,19646,19204
NC_053041.3,247200000,0.938672,0.539467,247500000,21506,20680,20269
NC_053041.3,247500000,0.935068,0.518033,247800000,19245,18967,18190
NC_053041.3,247800000,0.919766,0.52206,248100000,20475,19919,19381
NC_053041.3,248100000,0.92893,0.52017,248400000,20231,19601,19156
NC_053041.3,248400000,0.922181,0.542857,248700000,20223,19645,19077
NC_053041.3,248700000,0.936682,0.536883,249000000,20506,19908,19449
NC_053041.3,249000000,0.928633,0.526557,249300000,22451,22164,21435
NC_053041.3,249300000,0.934767,0.542943,249600000,20595,20167,19783
NC_053041.3,249600000,0.940448,0.541993,249900000,20177,19460,19163
NC_053041.3,249900000,0.89887,0.541623,250200000,20906,20292,19909
NC_053041.3,250200000,0.929101,0.535303,250500000,20152,19931,19580
NC_053041.3,250500000,0.943557,0.52529,250800000,20487,19601,19191
NC_053041.3,250800000,0.902156,0.51454,251100000,21447,20919,20536
NC_053041.3,251100000,0.928662,0.52998,251400000,19864,19376,18796
NC_053041.3,251400000,0.946271,0.530513,251700000,20495,19975,19308
NC_053041.3,251700000,0.913233,0.55301,252000000,20011,19810,19616
NC_053041.3,252000000,0.919638,0.527033,252300000,21176,20278,20054
NC_053041.3,252300000,0.929942,0.550173,252600000,20076,19510,19247
NC_053041.3,252600000,0.963456,0.537493,252900000,21034,20146,19803
NC_053041.3,252900000,0.904194,0.536543,253200000,21796,21312,20860
NC_053041.3,253200000,0.915023,0.520503,253500000,21547,21009,20530
NC_053041.3,253500000,0.881023,0.51961,253800000,20811,20316,19999
NC_053041.3,253800000,0.900567,0.54042,254100000,20016,19203,19094
NC_053041.3,254100000,0.891959,0.54123,254400000,19521,19212,19020
NC_053041.3,254400000,0.901078,0.505167,254700000,21647,20875,20351
NC_053041.3,254700000,0.925744,0.531403,255000000,20590,20114,19696
NC_053041.3,255000000,0.930102,0.520007,255300000,21130,20801,20045
NC_053041.3,255300000,0.94356,0.518167,255600000,20375,19872,19507
NC_053041.3,255600000,0.945385,0.534163,255900000,19509,19169,18429
NC_053041.3,255900000,0.9218,0.519257,256200000,20928,20054,19919
NC_053041.3,256200000,0.924777,0.54954,256500000,18930,18391,18130
NC_053041.3,256500000,0.908745,0.536327,256800000,19777,19136,19144
NC_053041.3,256800000,0.875761,0.542273,257100000,21841,21198,21141
NC_053041.3,257100000,0.898236,0.544623,257400000,21560,20814,20461
NC_053041.3,257400000,0.813659,0.536723,257700000,24443,24118,23621
NC_053041.3,257700000,0.923594,0.529163,258000000,20187,19694,19215
NC_053041.3,258000000,0.891302,0.530293,258300000,20471,20341,19941
NC_053041.3,258300000,0.907971,0.53601,258600000,20622,20310,20113
NC_053041.3,258600000,0.897942,0.525713,258900000,20535,20156,19782
NC_053041.3,258900000,0.89204,0.529473,259200000,19926,19721,19398
NC_053041.3,259200000,0.921275,0.531737,259500000,20802,20009,19862
NC_053041.3,259500000,0.83666,0.537847,259800000,20686,20304,19805
NC_053041.3,259800000,0.870698,0.54023,260100000,19605,18899,18718
NC_053041.3,260100000,0.894645,0.509903,260400000,21567,21034,20639
NC_053041.3,260400000,0.885146,0.5354,260700000,19511,19626,19195
NC_053041.3,260700000,0.933864,0.54257,261000000,20937,19986,19692
NC_053041.3,261000000,0.945049,0.521047,261300000,20036,19340,18745
NC_053041.3,261300000,0.903928,0.541993,261600000,20762,20238,19986
NC_053041.3,261600000,0.899096,0.54383,261900000,18910,18350,17883
NC_053041.3,261900000,0.905248,0.545317,262200000,20799,19898,19709
NC_053041.3,262200000,0.878266,0.543333,262500000,20729,20123,19838
NC_053041.3,262500000,0.923147,0.549473,262800000,19163,19068,18730
NC_053041.3,262800000,0.920601,0.533963,263100000,19469,18900,18771
NC_053041.3,263100000,0.925819,0.549393,263400000,19230,18679,18539
NC_053041.3,263400000,0.883238,0.51944,263700000,19438,18987,18308
NC_053041.3,263700000,0.937277,0.526037,264000000,20422,20055,19307
NC_053041.3,264000000,0.951567,0.538897,264300000,19948,19239,19044
NC_053041.3,264300000,0.90333,0.548507,264600000,18538,18798,17917
NC_053041.3,264600000,0.938589,0.53428,264900000,19896,19213,19034
NC_053041.3,264900000,0.900653,0.553247,265200000,19382,18860,18444
NC_053041.3,265200000,0.91262,0.5126,265500000,20263,19642,19286
NC_053041.3,265500000,0.96423,0.541367,265800000,19156,18148,18352
NC_053041.3,265800000,0.924739,0.54108,266100000,17843,17464,17224
NC_053041.3,266100000,0.955228,0.521623,266400000,18985,18876,18623
NC_053041.3,266400000,0.954877,0.545393,266700000,19768,19031,18872
NC_053041.3,266700000,0.882078,0.536117,267000000,19186,18575,18452
NC_053041.3,267000000,0.965504,0.527317,267300000,19693,19040,18778
NC_053041.3,267300000,0.906292,0.562903,267600000,19197,18714,18673
NC_053041.3,267600000,0.90515,0.519747,267900000,18856,18952,18341
NC_053041.3,267900000,0.960808,0.52718,268200000,18810,19036,18313
NC_053041.3,268200000,0.920069,0.52016,268500000,15597,15355,14987
NC_053041.3,268500000,0.950431,0.516563,268800000,19097,18709,18689
NC_053041.3,268800000,0.904863,0.5217,269100000,20098,19565,19141
NC_053041.3,269100000,0.924223,0.529677,269400000,20949,20122,19916
NC_053041.3,269400000,0.926843,0.524023,269700000,19698,19480,19109
NC_053041.3,269700000,0.937601,0.537243,270000000,20054,19567,19487
NC_053041.3,270000000,0.903528,0.524997,270300000,20615,20285,19151
NC_053041.3,270300000,0.919935,0.549667,270600000,20847,20170,20173
NC_053041.3,270600000,0.929628,0.52626,270900000,20193,19813,19089
NC_053041.3,270900000,0.960586,0.532097,271200000,19183,18916,18371
NC_053041.3,271200000,0.915798,0.552917,271500000,19485,19049,18677
NC_053041.3,271500000,0.923258,0.517423,271800000,22117,22317,21077
NC_053041.3,271800000,0.888104,0.537887,272100000,21541,20925,20619
NC_053041.3,272100000,0.913883,0.554657,272400000,22489,21672,21181
NC_053041.3,272400000,0.948031,0.54789,272700000,21085,20316,20040
NC_053041.3,272700000,0.960759,0.545133,273000000,20306,19633,19397
NC_053041.3,273000000,0.902118,0.54349,273300000,21928,20798,20754
NC_053041.3,273300000,0.94588,0.54526,273600000,20454,20148,19728
NC_053041.3,273600000,0.901692,0.54391,273900000,21168,20646,20449
NC_053041.3,273900000,0.923075,0.547373,274200000,20295,19813,19346
NC_053041.3,274200000,0.858152,0.539213,274500000,22980,22522,22222
NC_053041.3,274500000,0.937073,0.561703,274800000,21446,20456,20178
NC_053041.3,274800000,0.937431,0.50656,275100000,21413,21376,20824
NC_053041.3,275100000,0.870697,0.55527,275400000,19385,18889,18886
NC_053041.3,275400000,0.936544,0.508693,275700000,21012,20199,20132
NC_053041.3,275700000,0.928852,0.532553,276000000,21387,20601,20329
NC_053041.3,276000000,0.879124,0.551227,276300000,20072,19619,19217
NC_053041.3,276300000,0.879608,0.556143,276600000,20798,20007,20048
NC_053041.3,276600000,0.942106,0.5071,276900000,20369,20259,19769
NC_053041.3,276900000,0.810538,0.538423,277200000,20811,21019,20593
NC_053041.3,277200000,0.920528,0.535027,277500000,20796,20664,20143
NC_053041.3,277500000,0.899825,0.525793,277800000,21194,20234,20068
NC_053041.3,277800000,0.946639,0.52567,278100000,20498,20403,19866
NC_053041.3,278100000,0.858143,0.538203,278400000,20544,20319,19955
NC_053041.3,278400000,0.92838,0.543313,278700000,20115,19484,19424
NC_053041.3,278700000,0.920157,0.55075,279000000,19528,19256,19146
NC_053041.3,279000000,0.925739,0.534203,279300000,21825,20915,20589
NC_053041.3,279300000,0.836221,0.538533,279600000,21360,20669,20707
NC_053041.3,279600000,0.905163,0.558473,279900000,19235,19089,18787
NC_053041.3,279900000,0.84751,0.549093,280200000,22080,21777,21336
NC_053041.3,280200000,0.970216,0.514127,280500000,19756,19608,19085
NC_053041.3,280500000,0.913188,0.538567,280800000,20616,20579,20105
NC_053041.3,280800000,0.889877,0.534377,281100000,19750,19448,19198
NC_053041.3,281100000,0.870319,0.53899,281400000,20712,20516,19926
NC_053041.3,281400000,0.871713,0.514167,281700000,20987,20733,20311
NC_053041.3,281700000,0.865944,0.52283,282000000,19898,19765,19067
NC_053041.3,282000000,0.918509,0.529663,282300000,22172,21375,21494
NC_053041.3,282300000,0.921632,0.531,282600000,20707,19911,19328
NC_053041.3,282600000,0.931593,0.54198,282900000,19881,19104,18951
NC_053041.3,282900000,0.924589,0.527113,283200000,20859,19785,19682
NC_053041.3,283200000,0.937863,0.53593,283500000,20374,19902,19630
NC_053041.3,283500000,0.911549,0.52063,283800000,21649,20968,20547
NC_053041.3,283800000,0.942146,0.540193,284100000,20451,20290,19431
NC_053041.3,284100000,0.887521,0.541977,284400000,20637,19921,19796
NC_053041.3,284400000,0.936788,0.520063,284700000,20212,19200,19072
NC_053041.3,284700000,0.88001,0.51209,285000000,22454,21918,21514
NC_053041.3,285000000,0.931136,0.555843,285300000,20547,19854,19685
NC_053041.3,285300000,0.934482,0.522753,285600000,20210,19784,19359
NC_053041.3,285600000,0.939063,0.50516,285900000,20369,19553,19520
NC_053041.3,285900000,0.918966,0.521343,286200000,19106,18789,18822
NC_053041.3,286200000,0.912644,0.515133,286500000,19492,19160,18684
NC_053041.3,286500000,0.913678,0.503903,286800000,19689,19544,18854
NC_053041.3,286800000,0.878967,0.544233,287100000,20932,20695,20192
NC_053041.3,287100000,0.903403,0.535313,287400000,21497,21076,20230
NC_053041.3,287400000,0.960762,0.505427,287700000,20001,19618,19106
NC_053041.3,287700000,0.914259,0.533753,288000000,20421,20147,19685
NC_053041.3,288000000,0.915337,0.52871,288300000,19243,19008,18580
NC_053041.3,288300000,0.930576,0.51946,288600000,20239,19535,19445
NC_053041.3,288600000,0.929612,0.551253,288900000,19843,19799,19362
NC_053041.3,288900000,0.927188,0.53264,289200000,20362,19265,19059
NC_053041.3,289200000,0.944988,0.542793,289500000,19669,19245,19028
NC_053041.3,289500000,0.875581,0.520187,289800000,19813,20050,19078
NC_053041.3,289800000,0.737749,0.58939,290100000,17468,17237,16712
NC_053041.3,290100000,0.924803,0.5371,290400000,19421,19060,18829
NC_053041.3,290400000,0.906118,0.51476,290700000,20648,20046,19698
NC_053041.3,290700000,0.906253,0.52545,291000000,21205,21049,19987
NC_053041.3,291000000,0.843364,0.529023,291300000,19024,18790,18337
NC_053041.3,291300000,0.943258,0.52955,291600000,20494,19742,19274
NC_053041.3,291600000,0.920155,0.513943,291900000,19938,19581,18797
NC_053041.3,291900000,0.960323,0.535783,292200000,18990,18840,18526
NC_053041.3,292200000,0.927297,0.547603,292500000,21286,20392,20109
NC_053041.3,292500000,0.87222,0.528033,292800000,20764,20621,20255
NC_053041.3,292800000,0.902335,0.524027,293100000,21200,20877,20304
NC_053041.3,293100000,0.938249,0.496977,293400000,20195,20022,19338
NC_053041.3,293400000,0.93412,0.534323,293700000,20555,19663,19142
NC_053041.3,293700000,0.875785,0.559463,294000000,19459,18880,18425
NC_053041.3,294000000,0.911413,0.535473,294300000,20272,19850,19217
NC_053041.3,294300000,0.93383,0.516307,294600000,19650,19189,18877
NC_053041.3,294600000,0.904604,0.51886,294900000,19896,19564,19131
NC_053041.3,294900000,0.920705,0.525683,295200000,22362,21761,21136
NC_053041.3,295200000,0.842293,0.527367,295500000,19310,18405,18001
NC_053041.3,295500000,0.821232,0.517587,295800000,21658,20956,20556
NC_053041.3,295800000,0.908042,0.519173,296100000,20615,20364,19614
NC_053041.3,296100000,0.922379,0.51228,296400000,20301,19767,19120
NC_053041.3,296400000,0.884536,0.538963,296700000,21293,20661,20250
NC_053041.3,296700000,0.913222,0.53563,297000000,21080,20641,20328
NC_053041.3,297000000,0.931311,0.53287,297300000,21021,20728,20437
NC_053041.3,297300000,0.913855,0.49359,297600000,21021,20727,19847
NC_053041.3,297600000,0.921464,0.492443,297900000,16018,15384,15216
NC_053041.3,297900000,0.903766,0.538603,298200000,23356,22484,21682
NC_053041.3,298200000,0.948186,0.540007,298500000,27073,25693,25356
NC_053041.3,298500000,0.917519,0.53233,298800000,19858,19230,19109
NC_053041.3,298800000,0.928119,0.534797,299100000,22013,20778,20751
NC_053041.3,299100000,0.901083,0.52502,299400000,20293,19824,19237
NC_053041.3,299400000,0.91883,0.532803,299700000,9159,8857,8695
NC_053041.3,299700000,0.860855,0.540677,300000000,21014,20363,20131
NC_053041.3,300000000,0.931543,0.50902,300300000,20912,20190,20038
NC_053041.3,300300000,0.890883,0.52112,300600000,21217,20747,20484
NC_053041.3,300600000,0.911548,0.504633,300900000,21351,20600,20162
NC_053041.3,300900000,0.911447,0.510403,301200000,20197,19427,19298
NC_053041.3,301200000,0.915479,0.547773,301500000,25738,24318,23976
NC_053041.3,301500000,0.94272,0.520957,301800000,21219,20081,19771
NC_053041.3,301800000,0.91403,0.503153,302100000,20834,20134,19973
NC_053041.3,302100000,0.914281,0.506553,302400000,21595,21200,20939
NC_053041.3,302400000,0.92741,0.523647,302700000,20694,20266,19452
NC_053041.3,302700000,0.899124,0.53422,303000000,22475,22117,21575
NC_053041.3,303000000,0.939462,0.50114,303300000,22217,21039,20839
NC_053041.3,303300000,0.929372,0.50805,303600000,21593,21145,20489
NC_053041.3,303600000,0.90872,0.526333,303900000,21921,21355,20918
NC_053041.3,303900000,0.886868,0.533073,304200000,20305,20044,19814
NC_053041.3,304200000,0.922916,0.53645,304500000,19291,18755,18259
NC_053041.3,304500000,0.966683,0.51942,304800000,19438,18739,18337
NC_053041.3,304800000,0.97038,0.51202,305100000,20806,20015,19567
NC_053041.3,305100000,0.968642,0.52595,305400000,19322,19308,18637
NC_053041.3,305400000,0.885664,0.530933,305700000,20514,20057,19707
NC_053041.3,305700000,0.922183,0.53733,306000000,20742,19905,19624
NC_053041.3,306000000,0.890411,0.546637,306300000,19767,19470,18792
NC_053041.3,306300000,0.948678,0.532763,306600000,21178,20547,19947
NC_053041.3,306600000,0.91062,0.501153,306900000,21310,20789,20378
NC_053041.3,306900000,0.928735,0.50849,307200000,21465,20542,20205
NC_053041.3,307200000,0.873549,0.532237,307500000,20563,19906,19745
NC_053041.3,307500000,0.912811,0.501237,307800000,21833,20882,20143
NC_053041.3,307800000,0.946973,0.516693,308100000,22199,21107,21011
NC_053041.3,308100000,0.932299,0.543723,308400000,22128,21101,21026
NC_053041.3,308400000,0.934246,0.534633,308700000,19674,19112,19086
NC_053041.3,308700000,0.903799,0.502107,309000000,20183,19600,19198
NC_053041.3,309000000,0.912443,0.50965,309300000,20896,20196,19304
NC_053041.3,309300000,0.910414,0.54564,309600000,20689,19870,19554
NC_053041.3,309600000,0.925977,0.511307,309900000,22163,21383,20901
NC_053041.3,309900000,0.90362,0.50309,310200000,19615,19697,18980
NC_053041.3,310200000,0.954291,0.53778,310500000,20217,19945,19252
NC_053041.3,310500000,0.887716,0.520067,310800000,19693,19141,18800
NC_053041.3,310800000,0.935178,0.503547,311100000,18792,18313,18103
NC_053041.3,311100000,0.909174,0.509603,311400000,17437,16817,16777
NC_053041.3,311400000,0.867622,0.51726,311700000,20717,20832,19975
NC_053041.3,311700000,0.857061,0.51092,312000000,19916,19657,18989
NC_053041.3,312000000,0.886663,0.506493,312300000,20252,19781,19303
NC_053041.3,312300000,0.88833,0.53732,312600000,22089,21349,21051
NC_053041.3,312600000,0.952026,0.511993,312900000,20212,19799,19386
NC_053041.3,312900000,0.941325,0.529007,313200000,20622,19614,19264
NC_053041.3,313200000,0.869636,0.528413,313500000,20647,20372,20049
NC_053041.3,313500000,0.932822,0.53851,313800000,22368,21184,21162
NC_053041.3,313800000,0.941519,0.495247,314100000,20245,19371,18783
NC_053041.3,314100000,0.864636,0.522403,314400000,19961,19392,19058
NC_053041.3,314400000,0.960112,0.523547,314700000,20095,19465,19178
NC_053041.3,314700000,0.948533,0.520293,315000000,20025,19142,18963
NC_053041.3,315000000,0.949717,0.50853,315300000,20393,19876,19406
NC_053041.3,315300000,0.915948,0.539757,315600000,20978,20829,20146
NC_053041.3,315600000,0.945001,0.529773,315900000,19065,18964,18701
NC_053041.3,315900000,0.931294,0.53829,316200000,21231,20475,20007
NC_053041.3,316200000,0.874598,0.521247,316500000,20518,20222,19225
NC_053041.3,316500000,0.917791,0.523573,316800000,20808,19911,19546
NC_053041.3,316800000,0.933509,0.522343,317100000,20124,20250,19283
NC_053041.3,317100000,0.842852,0.539673,317400000,21473,21546,20625
NC_053041.3,317400000,0.94433,0.562017,317700000,20858,20707,20655
NC_053041.3,317700000,0.925615,0.546977,318000000,21155,19931,19880
NC_053041.3,318000000,0.823597,0.520257,318300000,19314,18923,18641
NC_053041.3,318300000,0.916936,0.504057,318600000,20357,19362,19319
NC_053041.3,318600000,0.938163,0.511943,318900000,20135,19697,18970
NC_053041.3,318900000,0.960242,0.522977,319200000,19824,19168,18897
NC_053041.3,319200000,0.917655,0.534537,319500000,20361,20384,19942
NC_053041.3,319500000,0.909587,0.541223,319800000,20099,19606,19318
NC_053041.3,319800000,0.947012,0.51752,320100000,21480,20366,20016
NC_053041.3,320100000,0.900832,0.538513,320400000,19210,18948,18100
NC_053041.3,320400000,0.951756,0.533887,320700000,20415,19820,19415
NC_053041.3,320700000,0.935278,0.525203,321000000,19970,19587,19178
NC_053041.3,321000000,0.910238,0.536843,321300000,21434,21013,20546
NC_053041.3,321300000,0.94166,0.530733,321600000,21842,21337,20614
NC_053041.3,321600000,0.93102,0.53767,321900000,20511,19761,19367
NC_053041.3,321900000,0.94711,0.543187,322200000,20696,20193,19958
NC_053041.3,322200000,0.947904,0.535713,322500000,20341,19795,19397
NC_053041.3,322500000,0.953862,0.537743,322800000,20694,19792,19742
NC_053041.3,322800000,0.912006,0.52122,323100000,21503,20682,20512
NC_053041.3,323100000,0.931989,0.519273,323400000,21978,21121,20853
NC_053041.3,323400000,0.93525,0.542143,323700000,18889,18675,18047
NC_053041.3,323700000,0.919036,0.52882,324000000,21341,20970,20448
NC_053041.3,324000000,0.932767,0.511237,324300000,20587,19566,19113
NC_053041.3,324300000,0.905654,0.495063,324600000,20523,19938,19527
NC_053041.3,324600000,0.911261,0.50353,324900000,19938,19955,19412
NC_053041.3,324900000,0.87485,0.525063,325200000,18472,18120,17713
NC_053041.3,325200000,0.87425,0.547963,325500000,18917,18211,17862
NC_053041.3,325500000,0.91938,0.5195,325800000,20023,19729,18942
NC_053041.3,325800000,0.944644,0.530967,326100000,19988,19556,19196
NC_053041.3,326100000,0.939571,0.54551,326400000,19491,19438,18858
NC_053041.3,326400000,0.795964,0.525153,326700000,20357,19759,19121
NC_053041.3,326700000,0.843911,0.51092,327000000,20250,20138,19444
NC_053041.3,327000000,0.934354,0.528583,327300000,21642,20739,20462
NC_053041.3,327300000,0.874932,0.530903,327600000,20392,20169,19634
NC_053041.3,327600000,0.948457,0.513657,327900000,20876,20287,20005
NC_053041.3,327900000,0.847767,0.513023,328200000,20037,19335,18843
NC_053041.3,328200000,0.880467,0.51944,328500000,21720,21031,20545
NC_053041.3,328500000,0.961953,0.538553,328800000,19920,19423,18956
NC_053041.3,328800000,0.933865,0.545997,329100000,42042,46091,36932
NC_053041.3,329100000,0.856599,0.539153,329400000,19929,19692,19382
NC_053041.3,329400000,0.915993,0.537693,329700000,20919,20452,20462
NC_053041.3,329700000,0.902999,0.524077,330000000,20061,19849,19187
NC_053041.3,330000000,0.931309,0.55752,330300000,18388,17640,17537
NC_053041.3,330300000,0.938166,0.514037,330600000,18954,19042,18490
NC_053041.3,330600000,0.926623,0.525327,330900000,18309,18416,17782
NC_053041.3,330900000,0.928203,0.520977,331200000,20992,20334,19717
NC_053041.3,331200000,0.922696,0.52482,331500000,20315,19399,19080
NC_053041.3,331500000,0.881784,0.539493,331800000,20708,20364,19991
NC_053041.3,331800000,0.930688,0.507747,332100000,23546,22663,21948
NC_053041.3,332100000,0.918624,0.497023,332400000,19863,19268,19379
NC_053041.3,332400000,0.917196,0.532343,332700000,21347,20644,20433
NC_053041.3,332700000,0.960082,0.537827,333000000,19194,18763,18614
NC_053041.3,333000000,0.944859,0.544483,333300000,19605,18728,18251
NC_053041.3,333300000,0.85448,0.536973,333600000,21335,20684,20443
NC_053041.3,333600000,0.92843,0.516017,333900000,21605,20794,20589
NC_053041.3,333900000,0.957825,0.530403,334200000,20347,19956,19743
NC_053041.3,334200000,0.892542,0.530893,334500000,20000,19019,18811
NC_053041.3,334500000,0.923069,0.52698,334800000,20705,20455,19931
NC_053041.3,334800000,0.943227,0.52536,335100000,19090,18954,18324
NC_053041.3,335100000,0.945748,0.5237,335400000,20221,19638,19230
NC_053041.3,335400000,0.920623,0.52531,335700000,20286,19728,19335
NC_053041.3,335700000,0.965467,0.54384,336000000,19601,19173,18787
NC_053041.3,336000000,0.950714,0.539003,336300000,20380,19761,19480
NC_053041.3,336300000,0.940248,0.54377,336600000,20461,20058,19297
NC_053041.3,336600000,0.87239,0.52994,336900000,20901,20520,19986
NC_053041.3,336900000,0.948408,0.536217,337200000,20829,20167,19897
NC_053041.3,337200000,0.859208,0.525787,337500000,21210,20392,20128
NC_053041.3,337500000,0.938998,0.539297,337800000,20088,19239,18993
NC_053041.3,337800000,0.931198,0.53625,338100000,19744,19557,19176
NC_053041.3,338100000,0.862818,0.53305,338400000,21591,21132,20623
NC_053041.3,338400000,0.932553,0.534327,338700000,19431,19031,19026
NC_053041.3,338700000,0.844383,0.547353,339000000,19470,19698,19380
NC_053041.3,339000000,0.849886,0.551053,339300000,20401,20221,19714
NC_053041.3,339300000,0.880603,0.51762,339600000,22081,21648,20817
NC_053041.3,339600000,0.921785,0.54401,339900000,20713,20147,19874
NC_053041.3,339900000,0.911547,0.54219,340200000,19486,19487,18940
NC_053041.3,340200000,0.961652,0.54331,340500000,22210,21270,21426
NC_053041.3,340500000,0.758848,0.554533,340800000,19769,19374,19254
NC_053041.3,340800000,0.823601,0.53143,341100000,20363,20381,19537
NC_053041.3,341100000,0.966963,0.53535,341400000,21319,20487,19788
NC_053041.3,341400000,0.923876,0.544403,341700000,19045,19090,18818
NC_053041.3,341700000,0.901466,0.53724,342000000,19454,19297,18916
NC_053041.3,342000000,0.912442,0.537013,342300000,20240,20012,19379
NC_053041.3,342300000,0.8737,0.522117,342600000,20627,20097,19869
NC_053041.3,342600000,0.879348,0.518103,342900000,20414,20854,20124
NC_053041.3,342900000,0.878709,0.534133,343200000,19861,19771,19464
NC_053041.3,343200000,0.86203,0.547977,343500000,20536,20342,19890
NC_053041.3,343500000,0.885566,0.55135,343800000,19590,19754,19152
NC_053041.3,343800000,0.735685,0.551407,344100000,19038,19404,19073
NC_053041.3,344100000,0.663783,0.56295,344400000,19511,19785,19090
NC_053041.3,344400000,0.652209,0.566607,344700000,18907,20001,19957
NC_053041.3,344700000,0.754741,0.5667,345000000,19209,20117,19639
NC_053041.3,345000000,0.714573,0.562153,345300000,18948,20346,19397
NC_053041.3,345300000,0.674422,0.5626,345600000,19262,20012,19633
NC_053041.3,345600000,0.740583,0.55388,345900000,18869,19437,19061
NC_053041.3,345900000,0.622985,0.558627,346200000,15426,16648,16161
NC_053041.3,346200000,0.647278,0.567787,346500000,17429,18869,17812
NC_053041.3,346500000,0.65094,0.563333,346800000,17576,18799,18246
NC_053041.3,346800000,0.651752,0.5441,347100000,19222,20676,19587
NC_053041.3,347100000,0.742647,0.558953,347400000,18818,19729,18951
NC_053041.3,347400000,0.669754,0.55954,347700000,18929,20922,19842
NC_053041.3,347700000,0.726993,0.550423,348000000,20190,20300,19643
NC_053041.3,348000000,0.852536,0.55303,348300000,19317,19597,18799
NC_053041.3,348300000,0.832572,0.52139,348600000,20886,21032,20726
NC_053041.3,348600000,0.90252,0.53572,348900000,21384,20857,20336
NC_053041.3,348900000,0.871816,0.54225,349200000,21717,20937,20869
NC_053041.3,349200000,0.906612,0.52643,349500000,19323,19396,19179
NC_053041.3,349500000,0.876019,0.525117,349800000,20030,20208,19457
NC_053041.3,349800000,0.846702,0.518183,350100000,21627,21107,20501
NC_053041.3,350100000,0.904345,0.537723,350400000,14870,14902,14408
NC_053041.3,350400000,0.859195,0.508853,350700000,13051,13320,12814
NC_053041.3,350700000,0.923625,0.533573,351000000,19456,19308,18887
NC_053041.3,351000000,0.855994,0.53547,351300000,22745,21861,21512
NC_053041.3,351300000,0.921401,0.506043,351600000,21983,21239,20387
NC_053041.3,351600000,0.92708,0.541023,351900000,19557,19102,19132
NC_053041.3,351900000,0.892589,0.5233,352200000,20732,20719,19934
NC_053041.3,352200000,0.894469,0.524633,352500000,20095,19663,19149
NC_053041.3,352500000,0.943001,0.514163,352800000,19978,19841,19402
NC_053041.3,352800000,0.922624,0.521103,353100000,22109,21277,21111
NC_053041.3,353100000,0.812253,0.50602,353400000,21128,21473,20399
NC_053041.3,353400000,0.668868,0.36383,353700000,24271,20370,22574
NC_053041.3,353700000,0.624236,0.386443,354000000,17016,14650,15634
NC_053041.3,354000000,0.947767,0.541413,354300000,19683,19061,18875
NC_053041.3,354300000,0.904257,0.535403,354600000,19470,19114,18984
NC_053041.3,354600000,0.965575,0.5258,354900000,19500,18924,18683
NC_053041.3,354900000,0.913426,0.545023,355200000,19078,19189,18662
NC_053041.3,355200000,0.964096,0.530613,355500000,19523,19065,18606
NC_053041.3,355500000,0.933496,0.534693,355800000,20641,20038,19818
NC_053041.3,355800000,0.911304,0.498043,356100000,20911,20434,19580
NC_053041.3,356100000,0.88317,0.50784,356400000,21541,21110,20460
NC_053041.3,356400000,0.922679,0.521983,356700000,20563,20449,19608
NC_053041.3,356700000,0.960571,0.516407,357000000,21207,20443,20226
NC_053041.3,357000000,0.926954,0.528407,357300000,19818,19376,19139
NC_053041.3,357300000,0.948432,0.539007,357600000,19832,19276,19049
NC_053041.3,357600000,0.935588,0.532123,357900000,21452,20690,20586
NC_053041.3,357900000,0.971592,0.533163,358200000,19694,19759,19187
NC_053041.3,358200000,0.933327,0.52366,358500000,19924,19526,19350
NC_053041.3,358500000,0.93631,0.526353,358800000,18813,18588,18037
NC_053041.3,358800000,0.948877,0.51976,359100000,19966,19105,19056
NC_053041.3,359100000,0.937384,0.52657,359400000,21231,20783,20148
NC_053041.3,359400000,0.943249,0.53843,359700000,18965,18419,18387
NC_053041.3,359700000,0.907214,0.49488,360000000,20685,20305,19999
NC_053041.3,360000000,0.911287,0.528727,360300000,21171,20490,20055
NC_053041.3,360300000,0.966243,0.541947,360600000,19801,19207,18936
NC_053041.3,360600000,0.962139,0.55655,360900000,18356,18228,18196
NC_053041.3,360900000,0.908399,0.539443,361200000,18535,18184,18039
NC_053041.3,361200000,0.945521,0.536003,361500000,15936,15259,14917
NC_053041.3,361500000,0.885581,0.52548,361800000,21636,21612,20875
NC_053041.3,361800000,0.9204,0.52712,362100000,19678,19503,19101
NC_053041.3,362100000,0.9408,0.522217,362400000,20262,19612,19290
NC_053041.3,362400000,0.910469,0.5097,362700000,20024,19559,19134
NC_053041.3,362700000,0.936837,0.53523,363000000,19035,18756,18521
NC_053041.3,363000000,0.915076,0.536933,363300000,21450,21108,19971
NC_053041.3,363300000,0.939693,0.513553,363600000,21311,20204,19887
NC_053041.3,363600000,0.949918,0.497573,363900000,20469,19983,19395
NC_053041.3,363900000,0.95765,0.521863,364200000,19245,19096,18516
NC_053041.3,364200000,0.916994,0.524487,364500000,19914,19381,18910
NC_053041.3,364500000,0.947145,0.551333,364800000,20289,19584,19251
NC_053041.3,364800000,0.910583,0.517453,365100000,21092,20660,19703
NC_053041.3,365100000,0.962035,0.517823,365400000,20181,19834,19642
NC_053041.3,365400000,0.952413,0.505193,365700000,21656,20538,20046
NC_053041.3,365700000,0.940975,0.536453,366000000,19630,18863,18649
NC_053041.3,366000000,0.909031,0.51525,366300000,19648,19490,19153
NC_053041.3,366300000,0.867591,0.5395,366600000,19948,19418,19118
NC_053041.3,366600000,0.933137,0.53389,366900000,20399,19911,19465
NC_053041.3,366900000,0.889893,0.51122,367200000,21261,20190,19928
NC_053041.3,367200000,0.956277,0.514523,367500000,21158,20358,19857
NC_053041.3,367500000,0.934584,0.53011,367800000,19630,18869,18544
NC_053041.3,367800000,0.962687,0.51517,368100000,20178,19390,19257
NC_053041.3,368100000,0.95901,0.541163,368400000,19251,18797,18472
NC_053041.3,368400000,0.943646,0.516087,368700000,20186,19681,18893
NC_053041.3,368700000,0.943438,0.50956,369000000,19830,19505,19174
NC_053041.3,369000000,0.945418,0.52782,369300000,21245,20852,20365
NC_053041.3,369300000,0.934697,0.51289,369600000,21493,20808,20510
NC_053041.3,369600000,0.926307,0.533917,369900000,20169,19735,19172
NC_053041.3,369900000,0.964558,0.51321,370200000,20241,19632,19191
NC_053041.3,370200000,0.967169,0.543703,370500000,19889,19783,19284
NC_053041.3,370500000,0.944067,0.555067,370800000,20599,19551,19824
NC_053041.3,370800000,0.941271,0.539363,371100000,20775,20491,19900
NC_053041.3,371100000,0.953566,0.563663,371400000,19893,19170,19055
NC_053041.3,371400000,0.909673,0.537467,371700000,21524,20801,20476
NC_053041.3,371700000,0.904769,0.522597,372000000,19309,18781,18512
NC_053041.3,372000000,0.935617,0.560043,372300000,20362,20238,19659
NC_053041.3,372300000,0.959298,0.531427,372600000,18672,18639,17837
NC_053041.3,372600000,0.938628,0.54384,372900000,20607,19856,19861
NC_053041.3,372900000,0.917694,0.562677,373200000,22089,20522,21161
NC_053041.3,373200000,0.909682,0.536853,373500000,20027,19251,19074
NC_053041.3,373500000,0.913583,0.537143,373800000,20035,19513,19491
NC_053041.3,373800000,0.952993,0.520737,374100000,20302,19845,19553
NC_053041.3,374100000,0.922362,0.529427,374400000,21679,20945,20666
NC_053041.3,374400000,0.920282,0.534637,374700000,20737,19975,19707
NC_053041.3,374700000,0.910674,0.542693,375000000,22960,20941,20502
NC_053041.3,375000000,0.965727,0.54732,375300000,19815,19411,19055
NC_053041.3,375300000,0.92151,0.53061,375600000,21393,20633,20202
NC_053041.3,375600000,0.928757,0.552727,375900000,20877,20179,19926
NC_053041.3,375900000,0.893522,0.5397,376200000,20467,19855,19918
NC_053041.3,376200000,0.948475,0.55328,376500000,20792,19993,19830
NC_053041.3,376500000,0.955682,0.540147,376800000,20146,19412,19081
NC_053041.3,376800000,0.9216,0.54972,377100000,19368,19057,18747
NC_053041.3,377100000,0.95251,0.543383,377400000,20459,19927,19579
NC_053041.3,377400000,0.926127,0.55469,377700000,18745,18651,17634
NC_053041.3,377700000,0.934516,0.542843,378000000,19847,19436,19123
NC_053041.3,378000000,0.886448,0.5252,378300000,21499,21160,20518
NC_053041.3,378300000,0.91467,0.513317,378600000,19932,19892,19400
NC_053041.3,378600000,0.951044,0.53139,378900000,20762,20138,19707
NC_053041.3,378900000,0.9451,0.519363,379200000,20897,20125,19537
NC_053041.3,379200000,0.976523,0.531283,379500000,20863,20233,19824
NC_053041.3,379500000,0.888009,0.5506,379800000,20440,19800,19493
NC_053041.3,379800000,0.833201,0.550243,380100000,23275,22746,22532
NC_053041.3,380100000,0.933392,0.546827,380400000,19980,19626,18974
NC_053041.3,380400000,0.914443,0.527973,380700000,20755,19898,20122
NC_053041.3,380700000,0.933323,0.544043,381000000,20413,20265,19892
NC_053041.3,381000000,0.942954,0.546497,381300000,19169,18262,18323
NC_053041.3,381300000,0.953636,0.534583,381600000,20996,20399,20048
NC_053041.3,381600000,0.927245,0.566923,381900000,19343,18720,18484
NC_053041.3,381900000,0.946857,0.525727,382200000,20808,20194,19406
NC_053041.3,382200000,0.911805,0.528893,382500000,21128,20578,19933
NC_053041.3,382500000,0.923429,0.525647,382800000,20062,19496,19439
NC_053041.3,382800000,0.905168,0.556503,383100000,19763,19397,19161
NC_053041.3,383100000,0.964606,0.532267,383400000,20585,19955,19675
NC_053041.3,383400000,0.910411,0.53953,383700000,20106,19646,18944
NC_053041.3,383700000,0.93769,0.537163,384000000,20229,19968,19618
NC_053041.3,384000000,0.932429,0.5172,384300000,22838,21816,21565
NC_053041.3,384300000,0.845434,0.53897,384600000,21326,20434,20165
NC_053041.3,384600000,0.928383,0.553133,384900000,22267,21917,21191
NC_053041.3,384900000,0.934891,0.538203,385200000,20843,20366,19995
NC_053041.3,385200000,0.903945,0.542743,385500000,22411,22049,22050
NC_053041.3,385500000,0.880774,0.51942,385800000,26552,25411,25051
NC_053041.3,385800000,0.965068,0.536727,386100000,21174,20210,20135
NC_053041.3,386100000,0.894483,0.536143,386400000,22322,21758,21552
NC_053041.3,386400000,0.944369,0.532923,386700000,20555,20208,20036
NC_053041.3,386700000,0.935331,0.556377,387000000,20282,19804,19526
NC_053041.3,387000000,0.925114,0.537593,387300000,20103,19664,19489
NC_053041.3,387300000,0.92511,0.543803,387600000,19976,20128,19454
NC_053041.3,387600000,0.945935,0.5377,387900000,21492,20649,19989
NC_053041.3,387900000,0.929253,0.516327,388200000,21207,20519,20463
NC_053041.3,388200000,0.589025,0.556177,388500000,49454,47101,45625
NC_053041.3,388500000,0.908418,0.557493,388800000,20865,20283,20139
NC_053041.3,388800000,0.91212,0.520317,389100000,20888,20610,20062
NC_053041.3,389100000,0.93611,0.555667,389400000,19638,19582,18648
NC_053041.3,389400000,0.950713,0.532783,389700000,22444,21555,21252
NC_053041.3,389700000,0.864384,0.526633,390000000,20111,20119,19470
NC_053041.3,390000000,0.912732,0.52924,390300000,20563,20548,19983
NC_053041.3,390300000,0.921097,0.53996,390600000,20786,20663,19756
NC_053041.3,390600000,0.941178,0.526657,390900000,21705,21829,21464
NC_053041.3,390900000,0.934023,0.552857,391200000,21153,20237,20357
NC_053041.3,391200000,0.904036,0.549327,391500000,21737,21078,20678
NC_053041.3,391500000,0.939369,0.541577,391800000,20738,20097,19479
NC_053041.3,391800000,0.902097,0.554333,392100000,20090,19456,19426
NC_053041.3,392100000,0.921907,0.553147,392400000,20670,19959,19864
NC_053041.3,392400000,0.869286,0.5435,392700000,19803,19699,19203
NC_053041.3,392700000,0.87864,0.532697,393000000,22122,21670,21057
NC_053041.3,393000000,0.919807,0.54959,393300000,21618,20922,20750
NC_053041.3,393300000,0.875111,0.559507,393600000,21024,20534,19860
NC_053041.3,393600000,0.849439,0.54608,393900000,21201,21052,20726
NC_053041.3,393900000,0.9082,0.53998,394200000,20099,19685,19507
NC_053041.3,394200000,0.904839,0.54496,394500000,22326,21628,21215
NC_053041.3,394500000,0.958178,0.53797,394800000,20576,19784,19261
NC_053041.3,394800000,0.844043,0.531567,395100000,23024,21763,21455
NC_053041.3,395100000,0.938976,0.550793,395400000,21340,20890,20599
NC_053041.3,395400000,0.930137,0.53842,395700000,21552,20942,20561
NC_053041.3,395700000,0.916756,0.538923,396000000,22549,21418,21208
NC_053041.3,396000000,0.940193,0.535413,396300000,20150,19570,19151
NC_053041.3,396300000,0.889175,0.535297,396600000,22485,21881,21945
NC_053041.3,396600000,0.942169,0.533707,396900000,20449,19862,19876
NC_053041.3,396900000,0.900772,0.549547,397200000,22375,21911,21040
NC_053041.3,397200000,0.933115,0.548193,397500000,20718,19816,20108
NC_053041.3,397500000,0.893367,0.522607,397800000,22217,21843,21175
NC_053041.3,397800000,0.962978,0.517233,398100000,20727,20277,19588
NC_053041.3,398100000,0.919516,0.551317,398400000,21442,20509,20071
NC_053041.3,398400000,0.885204,0.53981,398700000,21921,20977,20832
NC_053041.3,398700000,0.902019,0.554767,399000000,22428,21725,21341
NC_053041.3,399000000,0.884938,0.542233,399300000,20845,20398,19881
NC_053041.3,399300000,0.930041,0.514973,399600000,22465,21418,21366
NC_053041.3,399600000,0.866685,0.536677,399900000,20091,19533,19392
NC_053041.3,399900000,0.92272,0.546757,400200000,20919,20737,20240
NC_053041.3,400200000,0.821409,0.533643,400500000,21449,21000,20516
NC_053041.3,400500000,0.92389,0.527313,400800000,20405,19721,19405
NC_053041.3,400800000,0.950271,0.52651,401100000,20699,20343,19823
NC_053041.3,401100000,0.874659,0.516897,401400000,22569,21909,21463
NC_053041.3,401400000,0.919748,0.524033,401700000,23926,23206,22618
NC_053041.3,401700000,0.881642,0.553533,402000000,20092,19880,19276
NC_053041.3,402000000,0.929279,0.54812,402300000,20083,19986,19880
NC_053041.3,402300000,0.945377,0.552203,402600000,19970,19651,19335
NC_053041.3,402600000,0.868759,0.540127,402900000,21676,20804,20495
NC_053041.3,402900000,0.920205,0.52769,403200000,20901,20398,20172
NC_053041.3,403200000,0.929371,0.539167,403500000,21185,20612,20490
NC_053041.3,403500000,0.908405,0.538273,403800000,22102,21107,21082
NC_053041.3,403800000,0.862773,0.550303,404100000,20410,19799,19647
NC_053041.3,404100000,0.933102,0.53836,404400000,20899,19842,19957
NC_053041.3,404400000,0.90092,0.55787,404700000,19749,19319,18875
NC_053041.3,404700000,0.962082,0.532773,405000000,19537,18938,18728
NC_053041.3,405000000,0.947625,0.53994,405300000,19182,18975,18267
NC_053041.3,405300000,0.923126,0.551,405600000,19816,19194,19094
NC_053041.3,405600000,0.924487,0.539193,405900000,21219,20405,19861
NC_053041.3,405900000,0.905562,0.541547,406200000,20423,20062,20020
NC_053041.3,406200000,0.688673,0.43874,406500000,22365,22338,20758
NC_053041.3,406500000,0.631196,0.375787,406800000,23314,23456,21717
NC_053041.3,406800000,0.82126,0.469077,407100000,20786,20959,20223
NC_053041.3,407100000,0.925462,0.543143,407400000,20056,19643,19258
NC_053041.3,407400000,0.923258,0.54917,407700000,22400,21536,21123
NC_053041.3,407700000,0.929764,0.532107,408000000,21603,21314,20692
NC_053041.3,408000000,0.856433,0.538927,408300000,21364,21253,20455
NC_053041.3,408300000,0.891703,0.531353,408600000,21242,20954,20317
NC_053041.3,408600000,0.9407,0.54508,408900000,20945,20353,19855
NC_053041.3,408900000,0.893838,0.54229,409200000,22474,21509,21738
NC_053041.3,409200000,0.900009,0.54038,409500000,20597,20262,19790
NC_053041.3,409500000,0.941486,0.52939,409800000,21008,20451,20162
NC_053041.3,409800000,0.920399,0.509973,410100000,21928,21872,21068
NC_053041.3,410100000,0.933904,0.534827,410400000,17362,17211,16387
NC_053041.3,410400000,0.887565,0.537537,410700000,20621,19554,19336
NC_053041.3,410700000,0.885772,0.562413,411000000,19535,19240,19167
NC_053041.3,411000000,0.938786,0.556633,411300000,19961,19719,19233
NC_053041.3,411300000,0.928033,0.539863,411600000,20266,20114,19366
NC_053041.3,411600000,0.928032,0.545627,411900000,20438,20027,19491
NC_053041.3,411900000,0.924891,0.522583,412200000,21222,20359,19951
NC_053041.3,412200000,0.943897,0.539953,412500000,21278,21136,20513
NC_053041.3,412500000,0.918511,0.52551,412800000,20190,19359,18643
NC_053041.3,412800000,0.938904,0.53278,413100000,19830,19295,19082
NC_053041.3,413100000,0.925038,0.54574,413400000,19619,18896,19077
NC_053041.3,413400000,0.928512,0.522173,413700000,20425,19999,19440
NC_053041.3,413700000,0.935141,0.51552,414000000,20969,20717,20211
NC_053041.3,414000000,0.957812,0.527547,414300000,21706,21151,20882
NC_053041.3,414300000,0.898925,0.555777,414600000,21069,20345,20232
NC_053041.3,414600000,0.905548,0.534257,414900000,20744,20696,20109
NC_053041.3,414900000,0.891073,0.541733,415200000,21467,21041,20704
NC_053041.3,415200000,0.918087,0.525143,415500000,20509,20412,19717
NC_053041.3,415500000,0.928843,0.532917,415800000,21072,20711,20280
NC_053041.3,415800000,0.905234,0.519403,416100000,20868,20607,19910
NC_053041.3,416100000,0.962463,0.53133,416400000,19268,19048,18812
NC_053041.3,416400000,0.960203,0.543203,416700000,19581,19341,18849
NC_053041.3,416700000,0.87982,0.55072,417000000,21895,21615,20933
NC_053041.3,417000000,0.912547,0.542947,417300000,20204,20047,19620
NC_053041.3,417300000,0.898029,0.521997,417600000,21126,20773,20780
NC_053041.3,417600000,0.886469,0.51118,417900000,19585,19523,19142
NC_053041.3,417900000,0.899409,0.526793,418200000,21783,20780,20911
NC_053041.3,418200000,0.946054,0.546197,418500000,20154,19798,19346
NC_053041.3,418500000,0.891634,0.54166,418800000,20667,20111,19674
NC_053041.3,418800000,0.897386,0.554473,419100000,20639,20033,19498
NC_053041.3,419100000,0.918196,0.53642,419400000,22957,21573,21410
NC_053041.3,419400000,0.893254,0.54793,419700000,21560,21322,20867
NC_053041.3,419700000,0.857118,0.54693,420000000,19823,19414,19093
NC_053041.3,420000000,0.909439,0.542303,420300000,21115,20753,20327
NC_053041.3,420300000,0.888933,0.54084,420600000,21539,21508,20741
NC_053041.3,420600000,0.884193,0.526143,420900000,21659,20986,20612
NC_053041.3,420900000,0.898373,0.537753,421200000,20001,19564,19611
NC_053041.3,421200000,0.88197,0.530797,421500000,21517,21368,20509
NC_053041.3,421500000,0.828807,0.52206,421800000,32571,32320,31163
NC_053041.3,421800000,0.891937,0.518723,422100000,20812,20151,20154
NC_053041.3,422100000,0.936752,0.516877,422400000,20589,20114,19549
NC_053041.3,422400000,0.924377,0.50953,422700000,21465,20942,20343
NC_053041.3,422700000,0.909438,0.55321,423000000,20527,20298,19877
NC_053041.3,423000000,0.786608,0.52827,423300000,21649,21621,21118
NC_053041.3,423300000,0.876735,0.5477,423600000,21464,21438,20956
NC_053041.3,423600000,0.86593,0.55217,423900000,22068,21318,21012
NC_053041.3,423900000,0.901777,0.536367,424200000,21172,20791,20464
NC_053041.3,424200000,0.680564,0.47166,424500000,21375,21584,20903
NC_053041.3,424500000,0.919933,0.532007,424800000,21859,21605,21247
NC_053041.3,424800000,0.934772,0.52441,425100000,21695,20657,20492
NC_053041.3,425100000,0.857349,0.544913,425400000,22322,22050,21475
NC_053041.3,425400000,0.901816,0.53451,425700000,21367,20407,20457
NC_053041.3,425700000,0.874603,0.545733,426000000,21957,21552,21413
NC_053041.3,426000000,0.87426,0.551083,426300000,21347,21580,20984
NC_053041.3,426300000,0.853519,0.539653,426600000,20796,19527,19362
NC_053041.3,426600000,0.894642,0.53554,426900000,21495,20850,20627
NC_053041.3,426900000,0.900074,0.535293,427200000,20439,20273,20028
NC_053041.3,427200000,0.929646,0.529413,427500000,21660,21185,20653
NC_053041.3,427500000,0.938646,0.528487,427800000,21428,20484,20305
NC_053041.3,427800000,0.816116,0.530477,428100000,21208,21225,20766
NC_053041.3,428100000,0.894246,0.537117,428400000,20658,20281,20319
NC_053041.3,428400000,0.927508,0.519537,428700000,21552,21222,21044
NC_053041.3,428700000,0.934069,0.534837,429000000,20998,20089,19811
NC_053041.3,429000000,0.921607,0.557353,429300000,21278,20882,20403
NC_053041.3,429300000,0.924701,0.54751,429600000,21563,20992,20950
NC_053041.3,429600000,0.910582,0.53584,429900000,22595,21827,21441
NC_053041.3,429900000,0.869187,0.504697,430200000,22644,22421,21860
NC_053041.3,430200000,0.915037,0.520363,430500000,20884,20172,19864
NC_053041.3,430500000,0.89325,0.555107,430800000,20660,20012,19824
NC_053041.3,430800000,0.933796,0.541883,431100000,21496,20861,20612
NC_053041.3,431100000,0.933366,0.530523,431400000,21020,20259,20014
NC_053041.3,431400000,0.920836,0.52626,431700000,19666,18686,18722
NC_053041.3,431700000,0.919529,0.532307,432000000,21410,20938,20208
NC_053041.3,432000000,0.929576,0.53867,432300000,20560,19819,19539
NC_053041.3,432300000,0.913378,0.510213,432600000,21175,20887,20214
NC_053041.3,432600000,0.905103,0.5521,432900000,20910,20264,20074
NC_053041.3,432900000,0.89332,0.542387,433200000,19895,19827,19554
NC_053041.3,433200000,0.876492,0.51962,433500000,19704,19521,18882
NC_053041.3,433500000,0.896916,0.535077,433800000,21239,21110,20346
NC_053041.3,433800000,0.909701,0.533023,434100000,21034,20730,20214
NC_053041.3,434100000,0.81034,0.53765,434400000,19683,19838,19415
NC_053041.3,434400000,0.940892,0.52288,434700000,19085,18629,18263
NC_053041.3,434700000,0.929385,0.52635,435000000,20721,20439,19475
NC_053041.3,435000000,0.931483,0.534787,435300000,20885,20101,19565
NC_053041.3,435300000,0.926671,0.55634,435600000,20982,20424,20227
NC_053041.3,435600000,0.808635,0.558397,435900000,25896,25167,24844
NC_053041.3,435900000,0.634471,0.5938,436200000,39594,39253,38051
NC_053041.3,436200000,0.947548,0.535743,436500000,20823,20554,20395
NC_053041.3,436500000,0.936257,0.553737,436800000,19861,19562,19195
NC_053041.3,436800000,0.937912,0.517573,437100000,20369,20353,19591
NC_053041.3,437100000,0.925824,0.513627,437400000,19346,19078,18228
NC_053041.3,437400000,0.856899,0.540333,437700000,20736,20338,19890
NC_053041.3,437700000,0.947031,0.53382,438000000,21941,20765,20463
NC_053041.3,438000000,0.916219,0.53263,438300000,20963,20441,20266
NC_053041.3,438300000,0.932569,0.546907,438600000,19703,19233,18746
NC_053041.3,438600000,0.865366,0.55749,438900000,30748,29915,29684
NC_053041.3,438900000,0.888973,0.53309,439200000,21214,20795,19881
NC_053041.3,439200000,0.896948,0.540353,439500000,20554,19997,19637
NC_053041.3,439500000,0.934084,0.521997,439800000,20710,20078,19408
NC_053041.3,439800000,0.868282,0.53665,440100000,21294,21138,20888
NC_053041.3,440100000,0.936904,0.5246,440400000,22030,20985,20292
NC_053041.3,440400000,0.885505,0.535087,440700000,18618,18423,18042
NC_053041.3,440700000,0.896027,0.53353,441000000,20072,20040,19149
NC_053041.3,441000000,0.871567,0.528473,441300000,19045,18658,18292
NC_053041.3,441300000,0.847449,0.54033,441600000,19063,18890,18544
NC_053041.3,441600000,0.881242,0.53514,441900000,20668,20435,19940
NC_053041.3,441900000,0.959016,0.5337,442200000,20996,20656,20222
NC_053041.3,442200000,0.921128,0.517777,442500000,20507,20148,19826
NC_053041.3,442500000,0.920453,0.540127,442800000,19686,19058,18392
NC_053041.3,442800000,0.89666,0.53409,443100000,19069,18655,18268
NC_053041.3,443100000,0.898533,0.541653,443400000,18701,18288,18050
NC_053041.3,443400000,0.933512,0.529703,443700000,18664,18337,17792
NC_053041.3,443700000,0.918697,0.541703,444000000,21137,20627,19993
NC_053041.3,444000000,0.908527,0.539357,444300000,20381,19893,19708
NC_053041.3,444300000,0.915769,0.549253,444600000,20428,19518,19453
NC_053041.3,444600000,0.880004,0.529733,444900000,22182,21707,21376
NC_053041.3,444900000,0.907787,0.533333,445200000,21792,21350,21006
NC_053041.3,445200000,0.953553,0.545747,445500000,19792,19349,18927
NC_053041.3,445500000,0.951634,0.532363,445800000,20037,19387,18509
NC_053041.3,445800000,0.926226,0.50644,446100000,19896,19544,19071
NC_053041.3,446100000,0.914679,0.520857,446400000,22024,21076,20553
NC_053041.3,446400000,0.944337,0.5429,446700000,20365,20146,19509
NC_053041.3,446700000,0.909996,0.536897,447000000,19716,19107,18826
NC_053041.3,447000000,0.904224,0.552163,447300000,19949,19127,18697
NC_053041.3,447300000,0.917716,0.541573,447600000,21348,20614,20218
NC_053041.3,447600000,0.914272,0.533843,447900000,20094,19903,19568
NC_053041.3,447900000,0.927027,0.533823,448200000,19902,19207,18840
NC_053041.3,448200000,0.923217,0.5369,448500000,18341,17878,17473
NC_053041.3,448500000,0.950311,0.498773,448800000,18251,17719,17421
NC_053041.3,448800000,0.93666,0.542557,449100000,19299,18338,17975
NC_053041.3,449100000,0.923941,0.54293,449400000,22663,21750,21669
NC_053041.3,449400000,0.931838,0.5403,449700000,20311,19693,19270
NC_053041.3,449700000,0.947794,0.525067,450000000,20729,20071,19802
NC_053041.3,450000000,0.95472,0.529017,450300000,3217,2905,2871
NC_053041.3,450300000,0.915099,0.51945,450600000,9979,9877,9469
NC_053041.3,450600000,0.811336,0.51909,450900000,20351,19438,19313
NC_053041.3,450900000,0.907187,0.547367,451200000,19859,19088,18810
NC_053041.3,451200000,0.932037,0.51683,451500000,19695,19599,19110
NC_053041.3,451500000,0.906722,0.498383,451800000,19388,18940,18511
NC_053041.3,451800000,0.943388,0.534077,452100000,18235,17113,17002
NC_053041.3,452100000,0.921322,0.53339,452400000,20935,20211,20125
NC_053041.3,452400000,0.925103,0.52616,452700000,18610,18465,18112
NC_053041.3,452700000,0.912615,0.535667,453000000,19643,19514,18653
NC_053041.3,453000000,0.926389,0.510803,453300000,18894,18365,17978
NC_053041.3,453300000,0.934006,0.52977,453600000,20832,19940,19547
NC_053041.3,453600000,0.876549,0.523903,453900000,20727,19837,19533
NC_053041.3,453900000,0.975081,0.54102,454200000,20819,20067,19966
NC_053041.3,454200000,0.918216,0.54706,454500000,19218,18581,18417
NC_053041.3,454500000,0.883116,0.537693,454800000,19331,18646,18138
NC_053041.3,454800000,0.919032,0.547687,455100000,21373,20607,20154
NC_053041.3,455100000,0.941446,0.52876,455400000,20287,19757,19352
NC_053041.3,455400000,0.881438,0.526047,455700000,22073,21226,20890
NC_053041.3,455700000,0.928273,0.53334,456000000,20457,20133,19501
NC_053041.3,456000000,0.93015,0.54429,456300000,20395,20163,19603
NC_053041.3,456300000,0.88328,0.549757,456600000,20761,20316,19798
NC_053041.3,456600000,0.932461,0.540467,456900000,22454,21510,21238
NC_053041.3,456900000,0.912943,0.522173,457200000,19076,19138,18734
NC_053041.3,457200000,0.887764,0.54191,457500000,20918,20649,19797
NC_053041.3,457500000,0.863179,0.531143,457800000,19683,19283,18967
NC_053041.3,457800000,0.935571,0.524697,458100000,21584,21168,20718
NC_053041.3,458100000,0.925864,0.53501,458400000,21036,20306,20004
NC_053041.3,458400000,0.939622,0.533073,458700000,19774,19212,18950
NC_053041.3,458700000,0.947068,0.51817,459000000,22027,21490,20883
NC_053041.3,459000000,0.937885,0.523903,459300000,20585,19890,19741
NC_053041.3,459300000,0.880392,0.538503,459600000,20158,19501,19479
NC_053041.3,459600000,0.913907,0.522387,459900000,21462,21160,20841
NC_053041.3,459900000,0.923392,0.52226,460200000,20731,20117,19726
NC_053041.3,460200000,0.943393,0.545797,460500000,19646,19161,18964
NC_053041.3,460500000,0.909581,0.539333,460800000,20608,20189,19810
NC_053041.3,460800000,0.893197,0.539237,461100000,12895,12616,12538
NC_053041.3,461100000,0.959507,0.55252,461400000,8470,8091,8044
NC_053041.3,461400000,0.917967,0.499113,461700000,19466,18854,18440
NC_053041.3,461700000,0.933668,0.54493,462000000,19033,18571,17871
NC_053041.3,462000000,0.899643,0.524133,462300000,19352,19100,18673
NC_053041.3,462300000,0.952816,0.52815,462600000,18628,18578,17754
NC_053041.3,462600000,0.946825,0.52962,462900000,18233,17465,17480
NC_053041.3,462900000,0.906619,0.537353,463200000,17185,16882,16435
NC_053041.3,463200000,0.939783,0.522417,463500000,17996,17526,17385
NC_053041.3,463500000,0.916248,0.52567,463800000,18656,17746,17635
NC_053041.3,463800000,0.89473,0.5256,464100000,17897,17873,17146
NC_053041.3,464100000,0.901355,0.530143,464400000,18110,17610,16711
NC_053041.3,464400000,0.953758,0.538463,464700000,17931,17761,17406
NC_053041.3,464700000,0.924747,0.53368,465000000,17621,17058,17226
NC_053041.3,465000000,0.905556,0.528023,465300000,19055,18690,18561
NC_053041.3,465300000,0.876031,0.55282,465600000,19059,18617,18342
NC_053041.3,465600000,0.91122,0.53796,465900000,19137,18237,18041
NC_053041.3,465900000,0.938009,0.501153,466200000,20554,20010,19687
NC_053041.3,466200000,0.878771,0.53368,466500000,19512,19098,18858
NC_053041.3,466500000,0.896273,0.52461,466800000,20949,20411,20064
NC_053041.3,466800000,0.837728,0.54495,467100000,19728,19040,18455
NC_053041.3,467100000,0.887028,0.536613,467400000,18169,17838,17766
NC_053041.3,467400000,0.924928,0.530173,467700000,18660,18206,17842
NC_053041.3,467700000,0.944733,0.53197,468000000,18234,17930,17414
NC_053041.3,468000000,0.912813,0.51219,468300000,19424,18998,18805
NC_053041.3,468300000,0.87009,0.543963,468600000,19215,18319,17999
NC_053041.3,468600000,0.911253,0.543667,468900000,19934,19397,18881
NC_053041.3,468900000,0.890511,0.5387,469200000,32819,31143,28580
NC_053041.3,469200000,0.940933,0.552917,469500000,16285,15546,15402
NC_053041.3,469500000,0.891507,0.530253,469800000,20735,20042,19727
NC_053041.3,469800000,0.874173,0.540653,470100000,22491,21863,21558
NC_053041.3,470100000,0.905573,0.532853,470400000,21321,20882,20589
NC_053041.3,470400000,0.870099,0.528413,470700000,20224,19401,19157
NC_053041.3,470700000,0.868919,0.548883,471000000,21008,20388,20453
NC_053041.3,471000000,0.901522,0.52134,471300000,21203,21112,20289
NC_053041.3,471300000,0.962164,0.540073,471600000,19979,19370,19137
NC_053041.3,471600000,0.953975,0.542723,471900000,19124,18795,18574
NC_053041.3,471900000,0.948378,0.53529,472200000,19894,19842,19477
NC_053041.3,472200000,0.854053,0.51909,472500000,21063,21132,20583
NC_053041.3,472500000,0.951923,0.5489,472800000,20494,20313,19610
NC_053041.3,472800000,0.88996,0.54998,473100000,21625,21111,20791
NC_053041.3,473100000,0.899389,0.519253,473400000,20882,19618,19713
NC_053041.3,473400000,0.898631,0.524553,473700000,20588,20321,19392
NC_053041.3,473700000,0.905473,0.533797,474000000,20476,19770,19613
NC_053041.3,474000000,0.896114,0.531847,474300000,20731,20391,19720
NC_053041.3,474300000,0.954506,0.549763,474600000,20658,20591,20210
NC_053041.3,474600000,0.876868,0.55459,474900000,21339,21097,20271
NC_053041.3,474900000,0.925845,0.531777,475200000,21317,20575,20236
NC_053041.3,475200000,0.903155,0.526757,475500000,20437,20168,19647
NC_053041.3,475500000,0.932598,0.53936,475800000,20259,19818,19359
NC_053041.3,475800000,0.940576,0.550613,476100000,20604,20111,19701
NC_053041.3,476100000,0.932681,0.540043,476400000,20975,20303,19990
NC_053041.3,476400000,0.941329,0.54014,476700000,20254,19887,19759
NC_053041.3,476700000,0.916552,0.53084,477000000,23009,21528,21713
NC_053041.3,477000000,0.959883,0.52342,477300000,20156,19716,19173
NC_053041.3,477300000,0.911346,0.53747,477600000,21260,20850,20210
NC_053041.3,477600000,0.922841,0.530323,477900000,19821,19185,18920
NC_053041.3,477900000,0.939971,0.545003,478200000,22326,21453,20914
NC_053041.3,478200000,0.946436,0.533137,478500000,21374,20783,20375
NC_053041.3,478500000,0.915097,0.536157,478800000,20370,19716,19296
NC_053041.3,478800000,0.944017,0.51174,479100000,20751,20406,19852
NC_053041.3,479100000,0.908467,0.535687,479400000,19355,18788,18554
NC_053041.3,479400000,0.943379,0.531,479700000,21397,21315,21086
NC_053041.3,479700000,0.918408,0.53687,480000000,20524,19942,19334
NC_053041.3,480000000,0.970425,0.510053,480300000,21021,20500,20141
NC_053041.3,480300000,0.893284,0.53868,480600000,21159,20743,20416
NC_053041.3,480600000,0.942748,0.538707,480900000,23175,22414,22004
NC_053041.3,480900000,0.876255,0.537943,481200000,21961,21104,20749
NC_053041.3,481200000,0.929787,0.56251,481500000,20935,20363,19827
NC_053041.3,481500000,0.933045,0.526993,481800000,22058,21169,20437
NC_053041.3,481800000,0.897613,0.513643,482100000,20055,19994,19112
NC_053041.3,482100000,0.91737,0.549807,482400000,20820,20181,19791
NC_053041.3,482400000,0.895739,0.552727,482700000,20043,19630,19094
NC_053041.3,482700000,0.916603,0.52945,483000000,23802,22588,22358
NC_053041.3,483000000,0.930937,0.508343,483300000,21336,20949,20300
NC_053041.3,483300000,0.94176,0.524507,483600000,20841,20200,20190
NC_053041.3,483600000,0.962204,0.543127,483900000,20542,19816,19542
NC_053041.3,483900000,0.943885,0.528133,484200000,20292,20218,19900
NC_053041.3,484200000,0.861811,0.547733,484500000,20683,20355,20072
NC_053041.3,484500000,0.899897,0.546563,484800000,20272,20226,19860
NC_053041.3,484800000,0.90016,0.551593,485100000,20029,20036,19702
NC_053041.3,485100000,0.941538,0.519177,485400000,21828,21014,20642
NC_053041.3,485400000,0.892529,0.534917,485700000,21873,21016,20850
NC_053041.3,485700000,0.915876,0.524053,486000000,21547,20890,20592
NC_053041.3,486000000,0.923468,0.519987,486300000,20359,20268,19825
NC_053041.3,486300000,0.919998,0.54945,486600000,20515,20407,19583
NC_053041.3,486600000,0.926432,0.54296,486900000,19827,19807,19271
NC_053041.3,486900000,0.900191,0.537257,487200000,14312,13972,14039
NC_053041.3,487200000,0.919617,0.550277,487500000,19510,18894,18827
NC_053041.3,487500000,0.859174,0.546107,487800000,21132,20736,20344
NC_053041.3,487800000,0.914172,0.545337,488100000,19424,19146,18844
NC_053041.3,488100000,0.934672,0.543427,488400000,20268,19302,19244
NC_053041.3,488400000,0.912151,0.55417,488700000,21491,20900,20391
NC_053041.3,488700000,0.914809,0.514357,489000000,21999,21864,21367
NC_053041.3,489000000,0.945872,0.52746,489300000,19978,19777,19420
NC_053041.3,489300000,0.896353,0.514913,489600000,19704,19339,18768
NC_053041.3,489600000,0.917168,0.521603,489900000,19072,18637,18394
NC_053041.3,489900000,0.884654,0.540797,490200000,21143,20984,20407
NC_053041.3,490200000,0.885196,0.54936,490500000,19639,19199,19083
NC_053041.3,490500000,0.951269,0.547247,490800000,20305,19616,19512
NC_053041.3,490800000,0.884791,0.56165,491100000,19096,18902,18285
NC_053041.3,491100000,0.934541,0.518193,491400000,20542,20046,20081
NC_053041.3,491400000,0.949857,0.54138,491700000,20301,19848,19805
NC_053041.3,491700000,0.859242,0.523767,492000000,20212,20239,20006
NC_053041.3,492000000,0.911448,0.54437,492300000,21000,20399,20105
NC_053041.3,492300000,0.89126,0.550107,492600000,20444,19839,19604
NC_053041.3,492600000,0.905919,0.53196,492900000,20486,20153,19578
NC_053041.3,492900000,0.868872,0.536903,493200000,20319,19645,19530
NC_053041.3,493200000,0.899035,0.534737,493500000,19888,19965,19554
NC_053041.3,493500000,0.907979,0.52279,493800000,20111,19751,19482
NC_053041.3,493800000,0.924956,0.534497,494100000,21356,20356,19942
NC_053041.3,494100000,0.978948,0.52228,494400000,20817,20056,19622
NC_053041.3,494400000,0.832678,0.534587,494700000,20631,20190,19813
NC_053041.3,494700000,0.863686,0.53544,495000000,22810,21840,21477
NC_053041.3,495000000,0.835011,0.539537,495300000,22903,22421,21581
NC_053041.3,495300000,0.905189,0.54787,495600000,21596,20337,20405
NC_053041.3,495600000,0.888868,0.536137,495900000,20883,20381,20042
NC_053041.3,495900000,0.906683,0.536253,496200000,20515,20174,19639
NC_053041.3,496200000,0.919048,0.542067,496500000,20017,19753,19485
NC_053041.3,496500000,0.916333,0.54078,496800000,22773,22163,22018
NC_053041.3,496800000,0.885315,0.547167,497100000,20423,20163,19701
NC_053041.3,497100000,0.931089,0.53766,497400000,20479,20054,20025
NC_053041.3,497400000,0.931318,0.535693,497700000,19663,18996,18487
NC_053041.3,497700000,0.964266,0.51933,498000000,20325,19823,19192
NC_053041.3,498000000,0.820158,0.54811,498300000,20066,19620,19158
NC_053041.3,498300000,0.875782,0.519657,498600000,20210,20023,19558
NC_053041.3,498600000,0.935034,0.53504,498900000,20777,20278,19700
NC_053041.3,498900000,0.884985,0.505383,499200000,21241,20549,19777
NC_053041.3,499200000,0.961332,0.51638,499500000,19811,19107,18353
NC_053041.3,499500000,0.924056,0.542167,499800000,19739,19692,18930
NC_053041.3,499800000,0.90792,0.536277,500100000,19561,19081,18877
NC_053041.3,500100000,0.856616,0.530827,500400000,19579,19124,19274
NC_053041.3,500400000,0.910132,0.529763,500700000,19395,19095,18747
NC_053041.3,500700000,0.935788,0.547487,501000000,19797,19203,18973
NC_053041.3,501000000,0.961022,0.527873,501300000,20575,19718,19378
NC_053041.3,501300000,0.887289,0.532543,501600000,21933,21207,21206
NC_053041.3,501600000,0.895635,0.53027,501900000,19273,18858,18731
NC_053041.3,501900000,0.921988,0.55574,502200000,20953,19937,19797
NC_053041.3,502200000,0.8981,0.540507,502500000,20894,20131,20130
NC_053041.3,502500000,0.861629,0.52971,502800000,20526,20005,19870
NC_053041.3,502800000,0.92102,0.545263,503100000,21056,19937,19549
NC_053041.3,503100000,0.878346,0.531623,503400000,19650,19211,18584
NC_053041.3,503400000,0.900407,0.536637,503700000,20998,20390,19992
NC_053041.3,503700000,0.845473,0.53162,504000000,21434,20782,20684
NC_053041.3,504000000,0.847411,0.546313,504300000,18005,18091,17826
NC_053041.3,504300000,0.892746,0.525907,504600000,19173,18985,18338
NC_053041.3,504600000,0.868472,0.53751,504900000,22631,22436,21590
NC_053041.3,504900000,0.905345,0.54259,505200000,19648,19207,19181
NC_053041.3,505200000,0.901843,0.527253,505500000,19047,18682,18289
NC_053041.3,505500000,0.941022,0.5305,505800000,18451,17808,17351
NC_053041.3,505800000,0.881416,0.5452,506100000,17201,16923,16234
NC_053041.3,506100000,0.888754,0.554073,506400000,22338,21311,21246
NC_053041.3,506400000,0.935939,0.550217,506700000,20802,20102,19738
NC_053041.3,506700000,0.921237,0.53297,507000000,19483,18965,18753
NC_053041.3,507000000,0.9222,0.555313,507300000,21428,20566,19983
NC_053041.3,507300000,0.859366,0.53925,507600000,19966,19907,19382
NC_053041.3,507600000,0.909204,0.540987,507900000,18674,18116,17686
NC_053041.3,507900000,0.917991,0.537733,508200000,16341,16122,15942
NC_053041.3,508200000,0.913485,0.55709,508500000,13274,12697,12502
NC_053041.3,508500000,0.877224,0.545453,508800000,17620,17328,17118
NC_053041.3,508800000,0.879496,0.538863,509100000,20372,20249,19719
NC_053041.3,509100000,0.937247,0.52508,509400000,18671,18199,17908
NC_053041.3,509400000,0.877,0.528183,509700000,27411,24919,25231
NC_053041.3,509700000,0.937038,0.522083,510000000,21010,20381,19729
NC_053041.3,510000000,0.929422,0.53496,510300000,20477,20278,19682
NC_053041.3,510300000,0.902768,0.54672,510600000,18642,18347,17789
NC_053041.3,510600000,0.89459,0.530647,510900000,19623,19126,18962
NC_053041.3,510900000,0.904794,0.549627,511200000,18475,17824,17638
NC_053041.3,511200000,0.912069,0.547207,511500000,17844,17315,17292
NC_053041.3,511500000,0.913651,0.532793,511800000,18785,18762,18246
NC_053041.3,511800000,0.927744,0.528727,512100000,19803,19117,18884
NC_053041.3,512100000,0.902889,0.515727,512400000,20529,19668,19545
NC_053041.3,512400000,0.887076,0.552647,512700000,19615,18715,18876
NC_053041.3,512700000,0.784778,0.53187,513000000,14616,14512,13883
NC_053041.3,513000000,0.892857,0.545987,513300000,24394,22831,22905
NC_053041.3,513300000,0.819756,0.545937,513600000,17749,17671,16943
NC_053041.3,513600000,0.879511,0.539483,513900000,20884,20332,20050
NC_053041.3,513900000,0.8889,0.53261,514200000,20123,19178,18784
NC_053041.3,514200000,0.918273,0.558373,514500000,20076,19587,19329
NC_053041.3,514500000,0.915341,0.5392,514800000,19534,19077,18730
NC_053041.3,514800000,0.872767,0.540093,515100000,19426,19251,18421
NC_053041.3,515100000,0.885275,0.54055,515400000,22569,21266,21328
NC_053041.3,515400000,0.902927,0.526267,515700000,20657,20564,19774
NC_053041.3,515700000,0.881643,0.540387,516000000,22284,21415,20748
NC_053041.3,516000000,0.893632,0.531237,516300000,21656,21380,21167
NC_053041.3,516300000,0.901528,0.528133,516600000,20375,20491,19912
NC_053041.3,516600000,0.857146,0.523267,516900000,20450,19866,19521
NC_053041.3,516900000,0.866812,0.537453,517200000,22450,21972,21512
NC_053041.3,517200000,0.907368,0.556537,517500000,21139,20015,20291
NC_053041.3,517500000,0.858373,0.53108,517800000,20800,19623,19664
NC_053041.3,517800000,0.927869,0.549723,518100000,22925,21117,21602
NC_053041.3,518100000,0.867357,0.529077,518400000,23549,23426,22915
NC_053041.3,518400000,0.912279,0.545323,518700000,20872,20196,19850
NC_053041.3,518700000,0.940455,0.542287,519000000,20474,19924,19274
NC_053041.3,519000000,0.956391,0.52792,519300000,20072,19766,18953
NC_053041.3,519300000,0.928671,0.527557,519600000,20103,19895,19119
NC_053041.3,519600000,0.914843,0.539687,519900000,29375,28947,28252
NC_053041.3,519900000,0.908523,0.518273,520200000,20478,20366,19658
NC_053041.3,520200000,0.877907,0.52045,520500000,21605,21179,20401
NC_053041.3,520500000,0.94024,0.522373,520800000,19607,19490,18767
NC_053041.3,520800000,0.89625,0.533683,521100000,20917,20526,20208
NC_053041.3,521100000,0.891706,0.5388,521400000,20987,20432,20279
NC_053041.3,521400000,0.911602,0.512253,521700000,20800,20760,20330
NC_053041.3,521700000,0.801183,0.555093,522000000,21874,22101,21662
NC_053041.3,522000000,0.921597,0.53347,522300000,20133,19827,19343
NC_053041.3,522300000,0.851643,0.548273,522600000,19090,18645,18751
NC_053041.3,522600000,0.953141,0.525643,522900000,20895,20522,20137
NC_053041.3,522900000,0.902723,0.538567,523200000,21605,21129,20731
NC_053041.3,523200000,0.873937,0.528397,523500000,20101,19646,19127
NC_053041.3,523500000,0.929043,0.526867,523800000,19671,19338,18627
NC_053041.3,523800000,0.938878,0.534913,524100000,19372,19330,18636
NC_053041.3,524100000,0.945086,0.547303,524400000,20695,19900,19611
NC_053041.3,524400000,0.892442,0.528527,524700000,19305,18987,18586
NC_053041.3,524700000,0.93926,0.519373,525000000,19025,18591,17938
NC_053041.3,525000000,0.947206,0.540357,525300000,11843,11205,10949
NC_053041.3,525300000,0.931092,0.530337,525600000,3544,3314,3222
NC_053041.3,525600000,0.908092,0.552997,525900000,16214,15852,15286
NC_053041.3,525900000,0.904285,0.526157,526200000,20739,20114,19538
NC_053041.3,526200000,0.975066,0.53573,526500000,18650,18517,18099
NC_053041.3,526500000,0.848929,0.535533,526800000,18302,18372,17869
NC_053041.3,526800000,0.864623,0.540177,527100000,15530,15347,14627
NC_053041.3,527100000,0.931891,0.532473,527400000,17527,17100,16604
NC_053041.3,527400000,0.910713,0.5322,527700000,20636,20409,19566
NC_053041.3,527700000,0.920796,0.52416,528000000,21005,20499,20311
NC_053041.3,528000000,0.892272,0.504907,528300000,20952,21133,20244
NC_053041.3,528300000,0.88405,0.530887,528600000,19928,19873,19456
NC_053041.3,528600000,0.903879,0.538513,528900000,21264,20925,20573
NC_053041.3,528900000,0.935605,0.544577,529200000,21359,20828,20581
NC_053041.3,529200000,0.697486,0.538073,529500000,17186,16549,16594
NC_053041.3,529500000,0.866486,0.529037,529800000,25322,24705,24100
NC_053041.3,529800000,0.918076,0.53737,530100000,20283,19839,19508
NC_053041.3,530100000,0.817695,0.55885,530400000,19481,19188,18717
NC_053041.3,530400000,0.934683,0.539597,530700000,21953,21351,20727
NC_053041.3,530700000,0.901904,0.522033,531000000,19245,19035,18560
NC_053041.3,531000000,0.922182,0.523803,531300000,18323,17998,18022
NC_053041.3,531300000,0.852565,0.529687,531600000,22517,21840,21416
NC_053041.3,531600000,0.917786,0.5339,531900000,20217,19891,19325
NC_053041.3,531900000,0.905181,0.512287,532200000,21520,20772,20714
NC_053041.3,532200000,0.911288,0.52795,532500000,18779,18267,17819
NC_053041.3,532500000,0.93789,0.546833,532800000,19764,19681,19177
NC_053041.3,532800000,0.862592,0.52824,533100000,20196,20177,19333
NC_053041.3,533100000,0.891433,0.528757,533400000,20202,19753,19343
NC_053041.3,533400000,0.866598,0.549193,533700000,18581,18120,17891
NC_053041.3,533700000,0.933674,0.53684,534000000,18673,18649,18173
NC_053041.3,534000000,0.936576,0.50872,534300000,19588,19253,18780
NC_053041.3,534300000,0.903641,0.53542,534600000,18672,18666,18143
NC_053041.3,534600000,0.87815,0.527673,534900000,20608,20023,19303
NC_053041.3,534900000,0.886858,0.537457,535200000,20685,20598,19896
NC_053041.3,535200000,0.899792,0.530743,535500000,22248,21945,21900
NC_053041.3,535500000,0.922442,0.527433,535800000,20904,20825,20212
NC_053041.3,535800000,0.922367,0.54178,536100000,21983,22091,21020
NC_053041.3,536100000,0.897869,0.533197,536400000,21678,20929,20515
NC_053041.3,536400000,0.875444,0.55417,536700000,20938,20538,20220
NC_053041.3,536700000,0.890536,0.53754,537000000,21202,21054,20310
NC_053041.3,537000000,0.879504,0.532563,537300000,19116,19042,18598
NC_053041.3,537300000,0.767419,0.52386,537600000,18176,18399,17978
NC_053041.3,537600000,0.818982,0.528687,537900000,17568,17187,16797
NC_053041.3,537900000,0.891342,0.546323,538200000,34622,36451,30913
NC_053041.3,538200000,0.886349,0.5377,538500000,22118,21749,21121
NC_053041.3,538500000,0.889575,0.543977,538800000,19662,19551,18935
NC_053041.3,538800000,0.939213,0.560603,539100000,21280,19954,20431
NC_053041.3,539100000,0.876212,0.53223,539400000,21809,21827,21236
NC_053041.3,539400000,0.878616,0.538773,539700000,20819,20491,20209
NC_053041.3,539700000,0.902781,0.5397,540000000,19949,19662,19279
NC_053041.3,540000000,0.937043,0.522767,540300000,19813,19611,18956
NC_053041.3,540300000,0.943304,0.508,540600000,19163,18944,18283
NC_053041.3,540600000,0.930432,0.523163,540900000,21288,21319,20497
NC_053041.3,540900000,0.848819,0.52549,541200000,21336,21284,20142
NC_053041.3,541200000,0.943587,0.540313,541500000,20875,20304,20163
NC_053041.3,541500000,0.95627,0.555207,541800000,20631,20331,19884
NC_053041.3,541800000,0.916879,0.55014,542100000,20476,20055,19738
NC_053041.3,542100000,0.931332,0.515437,542400000,20236,19459,19394
NC_053041.3,542400000,0.929288,0.537233,542700000,22712,21188,20958
NC_053041.3,542700000,0.86547,0.545147,543000000,19277,19165,18620
NC_053041.3,543000000,0.901025,0.528703,543300000,23126,22715,22224
NC_053041.3,543300000,0.898134,0.522527,543600000,20413,19887,19882
NC_053041.3,543600000,0.920636,0.53451,543900000,20571,19921,19516
NC_053041.3,543900000,0.85655,0.53675,544200000,22678,21888,22745
NC_053041.3,544200000,0.743052,0.508637,544500000,55318,54348,86878
NC_053041.3,544500000,0.902671,0.524063,544800000,24143,22398,22908
NC_053041.3,544800000,0.921815,0.53882,545100000,21154,21099,20480
NC_053041.3,545100000,0.955665,0.5411,545400000,20746,20099,19684
NC_053041.3,545400000,0.904924,0.538693,545700000,20912,20435,20061
NC_053041.3,545700000,0.904046,0.545247,546000000,20562,20348,19959
NC_053041.3,546000000,0.943161,0.52792,546300000,21755,21534,21279
NC_053041.3,546300000,0.939494,0.54263,546600000,20491,19806,19799
NC_053041.3,546600000,0.930766,0.51599,546900000,19315,18942,18825
NC_053041.3,546900000,0.884498,0.54157,547200000,18986,18866,18424
NC_053041.3,547200000,0.921864,0.52468,547500000,20407,19505,19501
NC_053041.3,547500000,0.900709,0.531227,547800000,21348,20852,20560
NC_053041.3,547800000,0.899486,0.538763,548100000,20042,19224,19421
NC_053041.3,548100000,0.928345,0.549323,548400000,17282,16407,16453
NC_053041.3,548400000,0.885363,0.54837,548700000,18717,18126,17546
NC_053041.3,548700000,0.913477,0.52027,549000000,16098,15605,15344
NC_053041.3,549000000,0.92346,0.533957,549300000,14964,14890,14482
NC_053041.3,549300000,0.837669,0.486637,549600000,8842,9073,8260
NC_053041.3,549600000,0.655349,0.43807,549900000,40320,40895,38580
NC_053041.3,549900000,0.909697,0.523447,550200000,19657,20051,19109
NC_053041.3,550200000,0.903393,0.539033,550500000,17804,17405,17275
NC_053041.3,550500000,0.902574,0.54012,550800000,18437,17730,17548
NC_053041.3,550800000,0.87865,0.49515,551100000,24096,24091,23031
NC_053041.3,551100000,0.93698,0.535237,551400000,18495,17630,17383
NC_053041.3,551400000,0.86754,0.53493,551700000,20536,20336,19767
NC_053041.3,551700000,0.907571,0.547513,552000000,19974,18971,18939
NC_053041.3,552000000,0.875024,0.523897,552300000,18738,18811,17866
NC_053041.3,552300000,0.886369,0.541777,552600000,20082,19456,19273
NC_053041.3,552600000,0.908622,0.531403,552900000,19470,19104,18304
NC_053041.3,552900000,0.919889,0.5425,553200000,21761,21012,20727
NC_053041.3,553200000,0.935658,0.541293,553500000,20120,19652,19226
NC_053041.3,553500000,0.945242,0.53476,553800000,19993,19588,19551
NC_053041.3,553800000,0.932974,0.553593,554100000,19518,18944,19110
NC_053041.3,554100000,0.927075,0.52115,554400000,20729,20034,19574
NC_053041.3,554400000,0.847679,0.538933,554700000,20983,20244,20471
NC_053041.3,554700000,0.960206,0.516813,555000000,16387,16613,15947
NC_053041.3,555000000,0.883047,0.550263,555300000,18758,18471,18077
NC_053041.3,555300000,0.903493,0.543723,555600000,23197,23004,22160
NC_053041.3,555600000,0.89784,0.542263,555900000,18827,17999,17822
NC_053041.3,555900000,0.945939,0.52645,556200000,20069,19446,19273
NC_053041.3,556200000,0.904245,0.545323,556500000,20759,20629,19800
NC_053041.3,556500000,0.884567,0.538927,556800000,22987,22339,22160
NC_053041.3,556800000,0.83483,0.546623,557100000,22158,21477,21101
NC_053041.3,557100000,0.890833,0.541407,557400000,19707,19550,19156
NC_053041.3,557400000,0.888583,0.537977,557700000,20603,20841,20336
NC_053041.3,557700000,0.917567,0.542233,558000000,18965,17967,18145
NC_053041.3,558000000,0.890964,0.548823,558300000,18922,18581,18141
NC_053041.3,558300000,0.91213,0.536123,558600000,16709,16623,16358
NC_053041.3,558600000,0.968884,0.543127,558900000,19552,19398,18744
NC_053041.3,558900000,0.884636,0.54913,559200000,21089,20798,20487
NC_053041.3,559200000,0.91926,0.537553,559500000,19631,19554,19025
NC_053041.3,559500000,0.913764,0.529843,559800000,20748,20278,19651
NC_053041.3,559800000,0.944541,0.521163,560100000,20280,19910,19265
NC_053041.3,560100000,0.929261,0.546263,560400000,22876,22596,22104
NC_053041.3,560400000,0.897227,0.541293,560700000,15787,14969,14869
NC_053041.3,560700000,0.88501,0.546143,561000000,19905,19249,19222
NC_053041.3,561000000,0.912548,0.540837,561300000,11303,10964,11068
NC_053041.3,561300000,0.873765,0.527067,561600000,14242,13761,13985
NC_053041.3,561600000,0.921094,0.53445,561900000,21805,20885,20804
NC_053041.3,561900000,0.893909,0.537453,562200000,21208,20803,20520
NC_053041.3,562200000,0.861428,0.547837,562500000,19355,18947,18299
NC_053041.3,562500000,0.862622,0.532497,562800000,20753,20639,20239
NC_053041.3,562800000,0.91354,0.53711,563100000,20331,19968,19434
NC_053041.3,563100000,0.807625,0.548867,563400000,17033,16812,16689
NC_053041.3,563400000,0.911798,0.531847,563700000,21582,20829,20530
NC_053041.3,563700000,0.90883,0.54336,564000000,19380,19180,19058
NC_053041.3,564000000,0.947534,0.545117,564300000,20350,19722,19275
NC_053041.3,564300000,0.898703,0.53286,564600000,19644,19165,18672
NC_053041.3,564600000,0.891528,0.54017,564900000,21562,20967,20504
NC_053041.3,564900000,0.853295,0.545617,565200000,13478,13177,13016
NC_053041.3,565200000,0.906728,0.54823,565500000,9983,9382,9191
NC_053041.3,565500000,0.919701,0.527577,565800000,9303,8991,8768
NC_053041.3,565800000,0.909452,0.542337,566100000,18200,17397,17132
NC_053041.3,566100000,0.913054,0.531703,566400000,19773,19013,18509
NC_053041.3,566400000,0.903532,0.537013,566700000,19454,18694,18403
NC_053041.3,566700000,0.927751,0.523327,567000000,21962,21066,20224
NC_053041.3,567000000,0.91367,0.53942,567300000,18696,18152,17895
NC_053041.3,567300000,0.92265,0.539497,567600000,18949,18816,18399
NC_053041.3,567600000,0.901851,0.557723,567900000,20980,20547,20101
NC_053041.3,567900000,0.842683,0.538987,568200000,24958,24883,23860
NC_053041.3,568200000,0.90451,0.555297,568500000,16331,16104,15951
NC_053041.3,568500000,0.836542,0.54627,568800000,20263,20053,19728
NC_053041.3,568800000,0.921874,0.545347,569100000,20763,20885,20604
NC_053041.3,569100000,0.863857,0.538283,569400000,20016,20098,19792
NC_053041.3,569400000,0.897879,0.533573,569700000,20865,21213,20402
NC_053041.3,569700000,0.936065,0.548767,570000000,12706,12586,12137
NC_053041.3,570000000,0.903748,0.54851,570300000,14693,14990,14588
NC_053041.3,570300000,0.907977,0.540643,570600000,15397,15611,14971
NC_053041.3,570600000,0.939074,0.53462,570900000,18753,18296,17482
NC_053041.3,570900000,0.839075,0.55102,571200000,11464,11132,11100
NC_053041.3,571200000,0.92349,0.53318,571500000,17266,16813,16695
NC_053041.3,571500000,0.896413,0.546933,571800000,12218,12126,11876
NC_053041.3,571800000,0.907445,0.54271,572100000,12010,11507,11222
NC_053041.3,572100000,0.909718,0.541957,572400000,12681,12769,11934
NC_053041.3,572400000,0.892585,0.527887,572700000,18164,18009,17816
NC_053041.3,572700000,0.893415,0.545547,573000000,20744,19989,20030
NC_053041.3,573000000,0.876739,0.542243,573300000,17356,17227,16893
NC_053041.3,573300000,0.913805,0.529107,573600000,15305,14421,14536
NC_053041.3,573600000,0.88279,0.556767,573900000,21763,22109,20395
NC_053041.3,573900000,0.884918,0.528093,574200000,19192,19001,18318
NC_053041.3,574200000,0.895315,0.541757,574500000,19217,18543,18328
NC_053041.3,574500000,0.901653,0.54635,574800000,16181,16132,15722
NC_053041.3,574800000,0.900355,0.544863,575100000,19659,19226,18915
NC_053041.3,575100000,0.840175,0.544023,575400000,15931,15343,17056
NC_053041.3,575400000,0.895803,0.539673,575700000,15973,15101,24314
NC_053041.3,575700000,0.912957,0.53693,576000000,17926,17733,28226
NC_053041.3,576000000,0.764153,0.535617,576300000,18555,18407,30226
NC_053041.3,576300000,0.852627,0.53589,576600000,18647,18505,31896
NC_053041.3,576600000,0.916924,0.525213,576900000,19396,19583,34404
NC_053041.3,576900000,0.908979,0.534527,577200000,18673,19103,33239
NC_053041.3,577200000,0.889585,0.52521,577500000,19378,18934,33352
NC_053041.3,577500000,0.898855,0.53401,577800000,18632,18326,32368
NC_053041.3,577800000,0.874689,0.54761,578100000,20335,19526,34579
NC_053041.3,578100000,0.927607,0.528663,578400000,19197,18712,32987
NC_053041.3,578400000,0.904641,0.544043,578700000,18952,18045,32709
NC_053041.3,578700000,0.876025,0.54966,579000000,16799,16799,27632
NC_053041.3,579000000,0.922922,0.54135,579300000,13995,13429,22577
NC_053041.3,579300000,0.918033,0.5234,579600000,17189,16498,26701
NC_053041.3,579600000,0.910296,0.531053,579900000,6783,5610,6558
NC_053041.3,579900000,0.918896,0.539723,580200000,15999,15183,26271
NC_053041.3,580200000,0.85305,0.548287,580500000,16823,16931,28506
NC_053041.3,580500000,0.882724,0.536467,580800000,20767,20116,34547
NC_053041.3,580800000,0.857052,0.52586,581100000,21162,20963,33412
NC_053041.3,581100000,0.892978,0.538257,581400000,21162,20150,33791
NC_053041.3,581400000,0.951765,0.539143,581700000,19662,19816,34578
NC_053041.3,581700000,0.962287,0.53959,582000000,23060,22858,40206
NC_053041.3,582000000,0.943814,0.543853,582300000,21166,20761,33816
NC_053041.3,582300000,0.926694,0.53596,582600000,21345,21250,33454
NC_053041.3,582600000,0.900321,0.532203,582900000,23405,23067,38192
NC_053041.3,582900000,0.898648,0.5523,583200000,21151,20260,35182
NC_053041.3,583200000,0.938104,0.548743,583500000,57721,56904,103145
NC_053041.3,583500000,0.833801,0.54754,583800000,20023,19448,33645
NC_053041.3,583800000,0.853353,0.548717,584100000,24661,23044,36956
NC_053041.3,584100000,0.952425,0.54129,584400000,23762,22402,38068
NC_053041.3,584400000,0.941661,0.551433,584700000,22861,22093,37095
NC_053041.3,584700000,0.937814,0.530467,585000000,18748,18286,30686
NC_053041.3,585000000,0.922274,0.54255,585300000,23224,21861,35131
NC_053041.3,585300000,0.853573,0.531927,585600000,10709,10092,14523
NC_053041.3,585600000,0.861005,0.563553,585900000,17437,16880,24868
NC_053041.3,585900000,0.907188,0.54814,586200000,18682,18034,30833
NC_053041.3,586200000,0.883793,0.552043,586500000,17931,17850,30399
NC_053041.3,586500000,0.891368,0.539577,586800000,20395,20296,31475
NC_053041.3,586800000,0.924087,0.533497,587100000,12513,12385,19637
NC_053041.3,587100000,0.865587,0.53403,587400000,14765,14435,21589
NC_053041.3,587400000,0.939558,0.53825,587700000,12195,11620,18869
NC_053041.3,587700000,0.77134,0.567367,588000000,442228,495784,375547
NC_053041.3,588000000,0.886828,0.53399,588300000,18762,17998,30148
NC_053041.3,588300000,0.946374,0.536267,588600000,24263,23880,37807
NC_053041.3,588600000,0.7642,0.53082,588900000,30748,30659,53853
NC_053041.3,588900000,0.891701,0.547413,589200000,35157,20589,35885
NC_053041.3,589200000,0.803762,0.54905,589500000,17767,14535,16421
NC_053041.3,589500000,0.897783,0.546233,589800000,22256,13329,21344
NC_053041.3,589800000,0.914005,0.539323,590100000,11495,7945,11412
NC_053041.3,590100000,0.87464,0.54708,590400000,25473,15122,24398
NC_053041.3,590400000,0.904484,0.554777,590700000,31482,18158,30151
NC_053041.3,590700000,0.863492,0.54027,591000000,29196,16792,28209
NC_053041.3,591000000,0.913254,0.540543,591300000,39622,21903,37871
NC_053041.3,591300000,0.891482,0.556953,591600000,10441,7043,9562
NC_053041.3,591600000,0.907006,0.532957,591900000,18046,11373,16934
NC_053041.3,591900000,0.903988,0.538007,592200000,33586,18979,32568
NC_053041.3,592200000,0.864338,0.544327,592500000,35169,20117,33881
NC_053041.3,592500000,0.902848,0.545593,592800000,35374,20482,33695
NC_053041.3,592800000,0.786351,0.543133,593100000,35111,19234,33629
NC_053041.3,593100000,0.50043,0.594607,593400000,51715,28908,50911
NC_053041.3,593400000,0.720184,0.563363,593700000,51395,29428,50356
NC_053041.3,593700000,0.833322,0.526357,594000000,29498,17343,28197
NC_053041.3,594000000,0.847283,0.55012,594300000,27972,15272,26773
NC_053041.3,594300000,0.916882,0.538817,594600000,32928,18232,32030
NC_053041.3,594600000,0.805644,0.531417,594900000,28031,15975,27065
NC_053041.3,594900000,0.932629,0.52871,595200000,30373,16842,28907
NC_053041.3,595200000,0.911948,0.554257,595500000,26804,15728,26485
NC_053041.3,595500000,0.890263,0.54209,595800000,21004,12062,20123
NC_053041.3,595800000,0.902833,0.53962,596100000,18490,10986,17784
NC_053041.3,596100000,0.852585,0.539047,596400000,33075,18468,32038
NC_053041.3,596400000,0.925,0.54659,596700000,34704,19242,34216
NC_053041.3,596700000,0.801027,0.574327,597000000,45874,25456,44431
NC_053041.3,597000000,0.932052,0.54028,597300000,34193,18558,33147
NC_053041.3,597300000,0.868665,0.549553,597600000,28149,17049,26712
NC_053041.3,597600000,0.866089,0.535277,597900000,28741,16326,26871
NC_053041.3,597900000,0.912385,0.543377,598200000,34232,21287,33109
NC_053041.3,598200000,0.819209,0.540607,598500000,31712,19215,31297
NC_053041.3,598500000,0.837658,0.539307,598800000,35912,21229,34683
NC_053041.3,598800000,0.864694,0.528853,599100000,25459,14983,24333
NC_053041.3,599100000,0.93054,0.548603,599400000,28715,16523,27718
NC_053041.3,599400000,0.878892,0.544987,599700000,32041,18203,30578
NC_053041.3,599700000,0.887382,0.558617,600000000,26499,15553,25505
NC_053041.3,600000000,0.887429,0.541467,600300000,18777,12152,18150
NC_053041.3,600300000,0.846872,0.552093,600600000,19905,12116,19178
NC_053041.3,600600000,0.894919,0.543723,600900000,11142,7834,10541
NC_053041.3,600900000,0.853113,0.54169,601200000,23007,13789,22263
NC_053041.3,601200000,0.853169,0.540883,601500000,27467,16174,26485
NC_053041.3,601500000,0.896678,0.542767,601800000,30562,17414,29362
NC_053041.3,601800000,0.851295,0.544993,602100000,34960,19693,33709
NC_053041.3,602100000,0.915591,0.551153,602400000,26847,15263,25518
NC_053041.3,602400000,0.922153,0.543573,602700000,21095,12361,20613
NC_053041.3,602700000,0.922798,0.547503,603000000,37486,21056,36107
NC_053041.3,603000000,0.899573,0.55361,603300000,31470,16668,30570
NC_053041.3,603300000,0.870133,0.535543,603600000,34635,19044,33543
NC_053041.3,603600000,0.87205,0.537727,603900000,31290,17668,30448
NC_053041.3,603900000,0.791926,0.546393,604200000,42498,24972,40481
NC_053041.3,604200000,0.88133,0.528613,604500000,37177,20661,35972
NC_053041.3,604500000,0.868021,0.532397,604800000,32824,18513,30926
NC_053041.3,604800000,0.930269,0.55415,605100000,38334,21809,37539
NC_053041.3,605100000,0.933121,0.51675,605400000,39861,22103,37923
NC_053041.3,605400000,0.910942,0.555773,605700000,36722,19779,35555
NC_053041.3,605700000,0.883834,0.545063,606000000,35883,20355,34522
NC_053041.3,606000000,0.854925,0.527617,606300000,32850,19488,31918
NC_053041.3,606300000,0.870561,0.542973,606600000,32251,18856,32162
NC_053041.3,606600000,0.924678,0.548883,606900000,28996,18004,28948
NC_053041.3,606900000,0.879739,0.557117,607200000,29369,18366,28123
NC_053041.3,607200000,0.909834,0.539887,607500000,23923,15650,22753
NC_053041.3,607500000,0.911561,0.5364,607800000,23682,14871,22301
NC_053041.3,607800000,0.665199,0.54642,608100000,25004,14334,24175
NC_053041.3,608100000,0.926856,0.55161,608400000,28502,16263,27958
NC_053041.3,608400000,0.901977,0.545013,608700000,33225,20420,32269
NC_053041.3,608700000,0.909696,0.56694,609000000,45092,27231,44303
NC_053041.3,609000000,0.865698,0.557233,609300000,47604,27534,45806
NC_053041.3,609300000,0.893152,0.53235,609600000,32041,18443,30972
NC_053041.3,609600000,0.887077,0.548053,609900000,38892,22319,37380
NC_053041.3,609900000,0.882447,0.54118,610200000,37747,21511,36079
NC_053041.3,610200000,0.882623,0.53408,610500000,35585,20038,34599
NC_053041.3,610500000,0.893014,0.546443,610800000,35409,19624,34162
NC_053041.3,610800000,0.919644,0.543557,611100000,35224,19658,34125
NC_053041.3,611100000,0.9015,0.541853,611400000,34001,19031,32346
NC_053041.3,611400000,0.861546,0.551523,611700000,33293,18824,32349
NC_053041.3,611700000,0.901361,0.543953,612000000,33271,19817,32806
NC_053041.3,612000000,0.872649,0.555263,612300000,39429,22055,38252
NC_053041.3,612300000,0.70977,0.545143,612600000,33283,18046,32334
NC_053041.3,612600000,0.882439,0.54115,612900000,36962,20941,36227
NC_053041.3,612900000,0.91237,0.560117,613200000,37160,21343,35913
NC_053041.3,613200000,0.845261,0.539467,613500000,22133,14080,21801
NC_053041.3,613500000,0.959327,0.536703,613800000,27738,16174,26640
NC_053041.3,613800000,0.86176,0.524673,614100000,21769,13438,20849
NC_053041.3,614100000,0.845018,0.541373,614400000,21336,13259,20384
NC_053041.3,614400000,0.859576,0.553233,614700000,26038,16091,25036
NC_053041.3,614700000,0.865146,0.549283,615000000,37835,22260,37050
NC_053041.3,615000000,0.730391,0.578827,615300000,40282,28650,42335
NC_053041.3,615300000,0.900689,0.507453,615600000,38378,21708,37099
NC_053041.3,615600000,0.792324,0.54603,615900000,33299,20210,32497
NC_053041.3,615900000,0.914831,0.540957,616200000,35603,19616,34419
NC_053041.3,616200000,0.908789,0.553677,616500000,29636,17072,28576
NC_053041.3,616500000,0.931398,0.536847,616800000,36873,20320,35938
NC_053041.3,616800000,0.899594,0.54193,617100000,37407,20981,36197
NC_053041.3,617100000,0.879632,0.54718,617400000,33732,20367,32473
NC_053041.3,617400000,0.903069,0.564383,617700000,35708,19573,34526
NC_053041.3,617700000,0.868601,0.536853,618000000,34874,18862,34365
NC_053041.3,618000000,0.937063,0.552217,618300000,37694,20901,36570
NC_053041.3,618300000,0.879876,0.554393,618600000,38749,22375,37918
NC_053041.3,618600000,0.896599,0.550637,618900000,39738,24351,38639
NC_053041.3,618900000,0.909666,0.536023,619200000,37854,21139,36668
NC_053041.3,619200000,0.900161,0.542953,619500000,38848,22331,38408
NC_053041.3,619500000,0.899591,0.555767,619800000,37258,20349,36966
NC_053041.3,619800000,0.374751,0.521883,620100000,33865,18171,32753
NC_053041.3,620100000,0.575815,0.541153,620400000,32920,20681,32134
NC_053041.3,620400000,0.794502,0.559257,620700000,19698,12255,19427
NC_053041.3,620700000,0.716008,0.574507,621000000,16152,9844,15698
NC_053041.3,621000000,0.879237,0.539447,621300000,26640,15629,25965
NC_053041.3,621300000,0.918649,0.537947,621600000,37413,20665,35963
NC_053041.3,621600000,0.836183,0.543813,621900000,32766,19997,31709
NC_053041.3,621900000,0.88211,0.553043,622200000,32091,17543,30952
NC_053041.3,622200000,0.932792,0.54095,622500000,36320,20123,34742
NC_053041.3,622500000,0.919145,0.549097,622800000,37974,20839,36509
NC_053041.3,622800000,0.877711,0.54778,623100000,26905,17380,26252
NC_053041.3,623100000,0.889269,0.544017,623400000,33735,19363,32739
NC_053041.3,623400000,0.855333,0.537,623700000,30868,19603,30203
NC_053041.3,623700000,0.903447,0.556847,624000000,26397,15183,25487
NC_053041.3,624000000,0.825835,0.564873,624300000,42627,25394,41717
NC_053041.3,624300000,0.90117,0.544613,624600000,30179,18024,29123
NC_053041.3,624600000,0.943851,0.54191,624900000,42405,24821,40883
NC_053041.3,624900000,0.894624,0.55098,625200000,29173,15171,27939
NC_053041.3,625200000,0.442428,0.541747,625500000,20774,11040,20225
NC_053041.3,625500000,0.49156,0.535563,625800000,22293,11831,20725
NC_053041.3,625800000,0.413149,0.54685,626100000,20291,10613,19678
NC_053041.3,626100000,0.705339,0.53857,626400000,30397,17030,29183
NC_053041.3,626400000,0.857277,0.54745,626700000,34485,20876,33150
NC_053041.3,626700000,0.908906,0.543757,627000000,34925,21110,34112
NC_053041.3,627000000,0.860023,0.546947,627300000,31713,19688,30981
NC_053041.3,627300000,0.879745,0.546337,627600000,28580,18427,27771
NC_053041.3,627600000,0.836982,0.546707,627900000,36691,22243,36163
NC_053041.3,627900000,0.914034,0.555283,628200000,31861,17708,31272
NC_053041.3,628200000,0.65217,0.5679,628500000,14540,8953,13849
NC_053041.3,628500000,0.920455,0.533243,628800000,4305,4080,3983
NC_053041.3,628800000,0.878167,0.550147,629100000,4626,4519,4454
NC_053041.3,629100000,0.902067,0.55875,629400000,17974,11912,17553
NC_053041.3,629400000,0.8373,0.549583,629700000,29071,18448,28183
NC_053041.3,629700000,0.921158,0.54098,630000000,27568,15961,26554
NC_053041.3,630000000,0.841282,0.541107,630300000,24289,15155,22969
NC_053041.3,630300000,0.940322,0.545993,630600000,29250,19842,27952
NC_053041.3,630600000,0.872157,0.55936,630900000,32219,17661,30899
NC_053041.3,630900000,0.942377,0.55523,631200000,33349,18213,32671
NC_053041.3,631200000,0.86509,0.56594,631500000,34787,20350,34632
NC_053041.3,631500000,0.68354,0.549307,631800000,27207,15746,26370
NC_053041.3,631800000,0.826635,0.54103,632100000,24560,14913,24292
NC_053041.3,632100000,0.960151,0.565853,632400000,34721,19487,33950
NC_053041.3,632400000,0.861178,0.53992,632700000,19859,12864,19204
NC_053041.3,632700000,0.740762,0.599567,633000000,21791,16478,21830
NC_053041.3,633000000,0.854642,0.550243,633300000,16838,11178,16957
NC_053041.3,633300000,0.927358,0.557417,633600000,25744,14308,24645
NC_053041.3,633600000,0.909684,0.542187,633900000,28469,17400,27702
NC_053041.3,633900000,0.841406,0.56364,634200000,18064,12370,17363
NC_053041.3,634200000,0.916195,0.546757,634500000,26663,17136,25943
NC_053041.3,634500000,0.791062,0.50429,634800000,38749,21822,37215
NC_053041.3,634800000,0.850655,0.540667,635100000,17377,12644,17345
NC_053041.3,635100000,0.847374,0.55007,635400000,29642,17758,28556
NC_053041.3,635400000,0.697479,0.554993,635700000,21539,12132,20647
NC_053041.3,635700000,0.820912,0.553117,636000000,32853,17397,31809
NC_053041.3,636000000,0.848616,0.56301,636300000,25389,13926,24973
NC_053041.3,636300000,0.739667,0.583867,636600000,32995,18785,32075
NC_053041.3,636600000,0.945308,0.541907,636900000,35865,20708,34621
NC_053041.3,636900000,0.655094,0.591813,637200000,31962,29402,32924
NC_053041.3,637200000,0.938328,0.558927,637500000,33849,18811,32844
NC_053041.3,637500000,0.872497,0.53712,637800000,24859,15078,23883
NC_053041.3,637800000,0.942338,0.536513,638100000,27993,16332,26778
NC_053041.3,638100000,0.781306,0.548983,638400000,22932,19486,21949
NC_053041.3,638400000,0.875815,0.55105,638700000,22847,14892,22592
NC_053041.3,638700000,0.883101,0.561283,639000000,33552,19326,32876
NC_053041.3,639000000,0.917005,0.552353,639300000,35315,19578,34184
NC_053041.3,639300000,0.79235,0.554233,639600000,29780,16134,29128
NC_053041.3,639600000,0.899694,0.5353,639900000,33722,18841,31910
NC_053041.3,639900000,0.716322,0.562387,640200000,22958,14421,22684
NC_053041.3,640200000,0.937867,0.557387,640500000,35684,21025,34452
NC_053041.3,640500000,0.897315,0.54664,640800000,30945,18389,30251
NC_053041.3,640800000,0.940767,0.55704,641100000,21371,12124,20580
NC_053041.3,641100000,0.932683,0.568537,641400000,27370,16244,26628
NC_053041.3,641400000,0.92586,0.54773,641700000,18486,12314,18133
NC_053041.3,641700000,0.801346,0.54876,642000000,27920,16502,27343
NC_053041.3,642000000,0.487974,0.588463,642300000,40617,22292,40194
NC_053041.3,642300000,0.9697,0.536997,642600000,35663,14881,34298
NC_053041.3,642600000,0.825407,0.55031,642900000,22992,13821,22457
NC_053041.3,642900000,0.973291,0.552987,643200000,36696,20782,35361
NC_053041.3,643200000,0.910614,0.540303,643500000,32887,20749,31969
NC_053041.3,643500000,0.905132,0.548173,643800000,3753,3966,3683
NC_053041.3,643800000,0.724236,0.50571,644100000,4263,3492,3934
NC_053041.3,644100000,0.653151,0.520197,644400000,5561,5149,5147
NC_053041.3,644400000,0.848555,0.54302,644700000,5140,4728,5105
NC_053041.3,644700000,0.836685,0.543067,645000000,10215,9015,9678
NC_053041.3,645000000,0.936513,0.547737,645300000,35202,22467,32919
NC_053041.3,645300000,0.890823,0.547907,645600000,32286,19207,31056
NC_053041.3,645600000,0.711153,0.555817,645900000,20944,12072,20322
NC_053041.3,645900000,0.799946,0.56965,646200000,30498,17162,28934
NC_053041.3,646200000,0.931239,0.561317,646500000,19337,11420,19086
NC_053041.3,646500000,0.935957,0.559177,646800000,27126,16356,26160
NC_053041.3,646800000,0.884102,0.55333,647100000,30373,18354,28720
NC_053041.3,647100000,0.864338,0.557027,647400000,43758,25563,41883
NC_053041.3,647400000,0.897166,0.550997,647700000,20498,12290,19868
NC_053041.3,647700000,0.901596,0.557427,648000000,12472,8223,12018
NC_053041.3,648000000,0.910576,0.552813,648300000,17829,11013,17139
NC_053041.3,648300000,0.936961,0.556017,648600000,12403,8023,11686
NC_053041.3,648600000,0.926697,0.551253,648900000,19908,11966,19794
NC_053041.3,648900000,0.927193,0.551907,649200000,19791,12806,19016
NC_053041.3,649200000,0.885463,0.553437,649500000,29088,19424,28637
NC_053041.3,649500000,0.829793,0.568257,649800000,11494,8374,11189
NC_053041.3,649800000,0.926145,0.551457,650100000,26122,15644,25396
NC_053041.3,650100000,0.820999,0.52985,650400000,20853,13320,20021
NC_053041.3,650400000,0.949108,0.54088,650700000,36718,22120,35605
NC_053041.3,650700000,0.961834,0.533127,651000000,37348,22460,36291
NC_053041.3,651000000,0.898808,0.537457,651300000,33434,19526,32630
NC_053041.3,651300000,0.939446,0.556173,651600000,15264,9596,14660
NC_053041.3,651600000,0.917259,0.545393,651900000,29799,17371,28798
NC_053041.3,651900000,0.739673,0.548873,652200000,29345,16776,27718
