chr,start,mappability,gc_content,end,LL_RS2L_G1_1,LL_RS2L_G1_2,LL_RS2L_G1_3
chr1,0,0.888138,0.5897,20000,1552,889,1770
chr1,20000,0.985227,0.6346,40000,2084,1132,2154
chr1,40000,1,0.59835,60000,1793,944,1836
chr1,60000,1,0.61385,80000,1764,857,1772
chr1,80000,0.854617,0.6075,100000,1078,539,547
chr1,100000,0.958575,0.63505,120000,1925,1124,1255
chr1,120000,0.967675,0.61445,140000,1910,1403,1387
chr1,140000,0.60577,0.55125,160000,761,445,489
chr1,160000,0.941482,0.57935,180000,1365,717,727
chr1,180000,0.960599,0.62255,200000,1803,932,977
chr1,200000,1,0.61405,220000,1727,924,911
chr1,220000,1,0.5995,240000,1531,835,829
chr1,240000,0.985675,0.6549,260000,2215,1143,1197
chr1,260000,0.856845,0.6184,280000,1650,895,846
chr1,280000,0.97701,0.6349,300000,2106,1105,1108
chr1,300000,1,0.6433,320000,2351,1376,1346
chr1,320000,0.983475,0.62855,340000,2082,1077,1163
chr1,340000,1,0.6512,360000,2341,1216,1242
chr1,360000,0.996142,0.63275,380000,2056,1118,1145
chr1,380000,0.99478,0.63445,400000,2167,1128,1113
chr1,400000,1,0.63155,420000,2079,1055,1219
chr1,420000,0.979047,0.6365,440000,2087,1159,1158
chr1,440000,1,0.62695,460000,2006,1170,1062
chr1,460000,0.976387,0.67095,480000,2471,1203,1368
chr1,480000,1,0.6493,500000,2237,1132,1205
chr1,500000,0.989575,0.6728,520000,2531,1307,1424
chr1,520000,1,0.63365,540000,1978,1101,1076
chr1,540000,0.9939,0.6757,560000,2419,1250,1364
chr1,560000,1,0.63555,580000,2089,1124,1096
chr1,580000,0.998825,0.6614,600000,1408,231,177
chr1,600000,1,0.64715,620000,1116,12,4
chr1,620000,0.961726,0.66545,640000,1145,19,3
chr1,640000,0.9855,0.66115,660000,1236,63,48
chr1,660000,0.9997,0.6939,680000,1339,27,14
chr1,680000,0.98315,0.61725,700000,1020,72,40
chr1,700000,0.992376,0.65695,720000,1135,10,4
chr1,720000,0.902693,0.6354,740000,963,21,23
chr1,740000,0.970437,0.63115,760000,949,23,6
chr1,760000,0.995267,0.62465,780000,995,37,17
chr1,780000,0.9983,0.64255,800000,1141,15,4
chr1,800000,1,0.62765,820000,1086,19,9
chr1,820000,0.99775,0.65045,840000,1191,126,109
chr1,840000,0.99975,0.6361,860000,1718,860,602
chr1,860000,1,0.62885,880000,754,41,22
chr1,880000,0.995715,0.6377,900000,964,14,10
chr1,900000,0.91591,0.6011,920000,655,4,4
chr1,920000,0.956583,0.64525,940000,1044,19,6
chr1,940000,0.993843,0.63155,960000,1005,20,12
chr1,960000,1,0.65495,980000,1100,19,8
chr1,980000,0.973967,0.6368,1000000,1034,46,21
chr1,1000000,0.972458,0.64005,1020000,1057,149,62
chr1,1020000,1,0.60405,1040000,881,23,10
chr1,1040000,1,0.61005,1060000,931,7,7
chr1,1060000,0.99895,0.6498,1080000,1202,24,9
chr1,1080000,0.95595,0.5927,1100000,816,95,22
chr1,1100000,1,0.6476,1120000,1155,88,111
chr1,1120000,0.946912,0.6981,1140000,1911,709,699
chr1,1140000,0.931582,0.6439,1160000,950,18,9
chr1,1160000,0.880895,0.64595,1180000,907,14,6
chr1,1180000,1,0.6326,1200000,1005,15,9
chr1,1200000,0.928266,0.6233,1220000,938,11,4
chr1,1220000,0.982925,0.7311,1240000,1689,35,8
chr1,1240000,0.991533,0.64635,1260000,1064,21,8
chr1,1260000,0.946717,0.65585,1280000,1035,39,18
chr1,1280000,0.945343,0.6241,1300000,910,22,18
chr1,1300000,0.997058,0.6388,1320000,1109,31,15
chr1,1320000,1,0.613,1340000,856,7,4
chr1,1340000,1,0.6053,1360000,894,13,2
chr1,1360000,0.998533,0.6193,1380000,936,18,9
chr1,1380000,0.983,0.6404,1400000,1042,129,96
chr1,1400000,1,0.6385,1420000,1121,67,42
chr1,1420000,1,0.6678,1440000,1209,19,10
chr1,1440000,1,0.64285,1460000,1085,16,8
chr1,1460000,0.972457,0.64365,1480000,1242,171,130
chr1,1480000,0.983729,0.6349,1500000,998,14,4
chr1,1500000,0.99895,0.6477,1520000,1175,27,5
chr1,1520000,0.988272,0.6464,1540000,1084,31,16
chr1,1540000,0.981019,0.63775,1560000,1025,19,13
chr1,1560000,0.980221,0.6337,1580000,1203,482,352
chr1,1580000,0.9943,0.6366,1600000,1064,36,10
chr1,1600000,1,0.63955,1620000,1057,10,2
chr1,1620000,1,0.6432,1640000,1179,68,43
chr1,1640000,0.968234,0.63845,1660000,1100,83,79
chr1,1660000,1,0.6204,1680000,938,7,4
chr1,1680000,1,0.621,1700000,975,28,17
chr1,1700000,1,0.61595,1720000,930,22,6
chr1,1720000,0.996075,0.6421,1740000,1123,8,7
chr1,1740000,1,0.60795,1760000,908,13,4
chr1,1760000,0.9971,0.6292,1780000,983,14,9
chr1,1780000,1,0.6396,1800000,1066,23,15
chr1,1800000,1,0.61995,1820000,882,15,4
chr1,1820000,0.887854,0.6519,1840000,850,43,30
chr1,1840000,0.973615,0.6133,1860000,1002,193,92
chr1,1860000,1,0.63435,1880000,957,7,3
chr1,1880000,0.918805,0.66955,1900000,1225,65,23
chr1,1900000,0.996579,0.66465,1920000,1185,40,12
chr1,1920000,0.998025,0.63875,1940000,2277,1297,1156
chr1,1940000,1,0.6545,1960000,1464,773,496
chr1,1960000,0.978575,0.633,1980000,956,11,6
chr1,1980000,0.99571,0.62845,2000000,1040,64,16
chr1,2000000,0.983437,0.6495,2020000,1075,56,11
chr1,2020000,1,0.6121,2040000,789,3,5
chr1,2040000,1,0.62155,2060000,895,10,6
chr1,2060000,0.990833,0.6287,2080000,919,24,16
chr1,2080000,0.983575,0.63745,2100000,2052,753,514
chr1,2100000,0.987253,0.64645,2120000,1118,41,30
chr1,2120000,0.869517,0.6146,2140000,863,35,27
chr1,2140000,1,0.65725,2160000,1216,11,5
chr1,2160000,0.990775,0.63725,2180000,1051,10,2
chr1,2180000,0.999025,0.6137,2200000,953,35,28
chr1,2200000,0.982908,0.6372,2220000,1032,46,58
chr1,2220000,1,0.6144,2240000,894,14,2
chr1,2240000,1,0.61985,2260000,1012,12,4
chr1,2260000,0.9992,0.65645,2280000,1112,53,36
chr1,2280000,0.972041,0.626,2300000,988,21,17
chr1,2300000,0.9963,0.68735,2320000,1348,81,20
chr1,2320000,0.99586,0.62875,2340000,1097,203,108
chr1,2340000,1,0.6285,2360000,1073,60,23
chr1,2360000,1,0.6214,2380000,914,11,3
chr1,2380000,0.994058,0.6444,2400000,1034,11,9
chr1,2400000,1,0.5986,2420000,848,12,2
chr1,2420000,0.997204,0.628,2440000,914,12,7
chr1,2440000,1,0.6339,2460000,1021,13,6
chr1,2460000,0.952976,0.6114,2480000,947,91,104
chr1,2480000,0.997325,0.621,2500000,975,17,1
chr1,2500000,1,0.6147,2520000,876,13,9
chr1,2520000,1,0.60985,2540000,871,10,0
chr1,2540000,0.99925,0.61285,2560000,1048,7,2
chr1,2560000,0.98785,0.62465,2580000,983,23,5
chr1,2580000,0.9926,0.6112,2600000,858,250,124
chr1,2600000,1,0.62895,2620000,1144,8,10
chr1,2620000,0.910974,0.60085,2640000,836,104,65
chr1,2640000,0.979333,0.6179,2660000,1072,75,26
chr1,2660000,0.94095,0.6396,2680000,932,11,9
chr1,2680000,0.996272,0.6279,2700000,1015,28,9
chr1,2700000,0.89524,0.654,2720000,1028,40,38
chr1,2720000,0.985136,0.60685,2740000,851,22,7
chr1,2740000,0.966076,0.61565,2760000,993,23,19
chr1,2760000,0.976203,0.59955,2780000,938,47,43
chr1,2780000,1,0.6038,2800000,859,10,4
chr1,2800000,0.99595,0.63235,2820000,1019,28,4
chr1,2820000,0.976615,0.6403,2840000,1168,21,7
chr1,2840000,0.97705,0.62025,2860000,939,14,4
chr1,2860000,0.97475,0.6177,2880000,1074,98,33
chr1,2880000,1,0.631,2900000,985,12,2
chr1,2900000,1,0.63945,2920000,1085,16,2
chr1,2920000,0.99375,0.63295,2940000,1083,219,150
chr1,2940000,0.999737,0.63165,2960000,999,20,8
chr1,2960000,0.988366,0.6417,2980000,1137,18,12
chr1,2980000,0.988883,0.5952,3000000,1530,943,657
chr1,3000000,0.9821,0.6358,3020000,1339,350,257
chr1,3020000,0.827071,0.64745,3040000,972,191,118
chr1,3040000,0.838407,0.61295,3060000,696,142,94
chr1,3060000,1,0.6273,3080000,991,15,3
chr1,3080000,1,0.6078,3100000,889,20,11
chr1,3100000,0.970205,0.65295,3120000,1137,17,7
chr1,3120000,0.914381,0.61505,3140000,976,144,212
chr1,3140000,0.953277,0.62125,3160000,1117,267,259
chr1,3160000,0.980967,0.63685,3180000,997,35,19
chr1,3180000,1,0.6246,3200000,935,12,4
chr1,3200000,1,0.6259,3220000,923,11,1
chr1,3220000,0.911317,0.6469,3240000,940,11,3
chr1,3240000,1,0.63885,3260000,1055,39,8
chr1,3260000,0.996968,0.62265,3280000,899,21,18
chr1,3280000,0.968102,0.6527,3300000,1099,14,15
chr1,3300000,0.992472,0.6375,3320000,1254,502,167
chr1,3320000,1,0.6187,3340000,983,1126,16
chr1,3340000,0.989912,0.63885,3360000,1800,1602,697
chr1,3360000,1,0.6331,3380000,925,987,5
chr1,3380000,0.99545,0.66145,3400000,1203,1206,11
chr1,3400000,1,0.61065,3420000,887,1077,34
chr1,3420000,1,0.61165,3440000,910,1077,3
chr1,3440000,1,0.6346,3460000,996,1100,4
chr1,3460000,1,0.6483,3480000,1049,1013,3
chr1,3480000,0.995392,0.6559,3500000,1089,1042,4
chr1,3500000,0.978837,0.63095,3520000,1040,1063,4
chr1,3520000,1,0.62405,3540000,976,1093,5
chr1,3540000,0.99795,0.6439,3560000,1115,1163,26
chr1,3560000,0.897562,0.63855,3580000,914,924,2
chr1,3580000,1,0.62165,3600000,949,1088,12
chr1,3600000,0.996892,0.6259,3620000,1030,1033,3
chr1,3620000,0.9945,0.62395,3640000,943,1146,13
chr1,3640000,1,0.62785,3660000,1051,1120,2
chr1,3660000,1,0.62795,3680000,977,1035,6
chr1,3680000,0.9947,0.61695,3700000,1002,984,4
chr1,3700000,0.978108,0.63685,3720000,1028,1055,27
chr1,3720000,1,0.65265,3740000,1173,1150,4
chr1,3740000,0.900246,0.61805,3760000,895,943,4
chr1,3760000,0.835933,0.6006,3780000,610,670,4
chr1,3780000,0.892508,0.61695,3800000,655,785,39
chr1,3800000,0.993467,0.6049,3820000,878,934,10
chr1,3820000,0.998825,0.6259,3840000,1060,1046,18
chr1,3840000,1,0.62365,3860000,983,1063,6
chr1,3860000,1,0.63295,3880000,1025,1076,5
chr1,3880000,0.979492,0.629,3900000,962,918,5
chr1,3900000,0.988925,0.6635,3920000,1160,1201,8
chr1,3920000,0.99935,0.61745,3940000,1113,1379,229
chr1,3940000,0.997425,0.62765,3960000,1100,1169,68
chr1,3960000,1,0.6364,3980000,1036,1060,9
chr1,3980000,0.99575,0.63815,4000000,1222,1278,115
chr1,4000000,1,0.6186,4020000,929,983,3
chr1,4020000,1,0.6601,4040000,1238,1236,6
chr1,4040000,0.988357,0.61085,4060000,924,934,17
chr1,4060000,0.951892,0.61525,4080000,955,965,33
chr1,4080000,0.991475,0.6181,4100000,1116,1197,82
chr1,4100000,0.986075,0.61615,4120000,877,961,9
chr1,4120000,1,0.65195,4140000,1168,1184,15
chr1,4140000,0.998625,0.66275,4160000,1105,1094,6
chr1,4160000,1,0.6235,4180000,875,962,7
chr1,4180000,0.996029,0.6501,4200000,1125,1163,6
chr1,4200000,0.9875,0.63275,4220000,1057,1197,47
chr1,4220000,1,0.6411,4240000,1060,1181,6
chr1,4240000,1,0.63805,4260000,1053,1073,6
chr1,4260000,0.994725,0.6628,4280000,1128,1105,3
chr1,4280000,0.953049,0.63665,4300000,1571,1498,534
chr1,4300000,1,0.661,4320000,1199,1108,12
chr1,4320000,1,0.63975,4340000,930,986,12
chr1,4340000,0.9997,0.62545,4360000,927,994,9
chr1,4360000,0.9993,0.63305,4380000,1318,1288,261
chr1,4380000,0.869112,0.62865,4400000,822,896,2
chr1,4400000,0.99735,0.6252,4420000,964,1022,7
chr1,4420000,1,0.60955,4440000,861,887,47
chr1,4440000,1,0.62205,4460000,924,997,4
chr1,4460000,0.843112,0.63335,4480000,858,799,9
chr1,4480000,0.928511,0.60955,4500000,882,880,5
chr1,4500000,0.994725,0.63995,4520000,1112,1075,7
chr1,4520000,0.998542,0.65485,4540000,1153,1144,17
chr1,4540000,0.983675,0.6606,4560000,1165,1150,11
chr1,4560000,0.99075,0.6544,4580000,1119,1122,37
chr1,4580000,0.959946,0.6562,4600000,1087,1132,17
chr1,4600000,0.990699,0.6089,4620000,996,939,76
chr1,4620000,0.99,0.6183,4640000,927,1038,4
chr1,4640000,1,0.61605,4660000,953,979,4
chr1,4660000,0.961091,0.661,4680000,1101,1106,23
chr1,4680000,0.99475,0.6359,4700000,937,981,7
chr1,4700000,0.976028,0.65655,4720000,1209,1137,13
chr1,4720000,0.978427,0.67765,4740000,1192,1225,10
chr1,4740000,1,0.6329,4760000,1008,1085,2
chr1,4760000,0.99465,0.67825,4780000,1260,1282,0
chr1,4780000,0.965016,0.64685,4800000,1059,1070,4
chr1,4800000,1,0.6489,4820000,1062,1039,3
chr1,4820000,1,0.62915,4840000,1000,1068,9
chr1,4840000,0.997312,0.6099,4860000,862,934,15
chr1,4860000,0.9996,0.6546,4880000,1106,1149,8
chr1,4880000,0.960702,0.6503,4900000,1062,1074,33
chr1,4900000,1,0.64135,4920000,1047,1179,7
chr1,4920000,1,0.6404,4940000,1169,1243,2
chr1,4940000,0.9992,0.69535,4960000,1427,1310,3
chr1,4960000,0.995417,0.66165,4980000,1225,1247,14
chr1,4980000,0.971191,0.64345,5000000,1106,1206,18
chr1,5000000,1,0.652,5020000,1252,1246,18
chr1,5020000,1,0.65485,5040000,1069,1101,12
chr1,5040000,0.957717,0.609,5060000,915,977,233
chr1,5060000,0.987332,0.6475,5080000,1081,1183,34
chr1,5080000,0.989443,0.64835,5100000,1187,1207,28
chr1,5100000,0.9994,0.6601,5120000,1199,1172,11
chr1,5120000,0.9967,0.64985,5140000,1185,1204,21
chr1,5140000,0.988904,0.61555,5160000,836,867,5
chr1,5160000,1,0.63935,5180000,1057,1039,3
chr1,5180000,0.991773,0.6477,5200000,1075,1069,9
chr1,5200000,0.831256,0.63175,5220000,774,845,20
chr1,5220000,0.922939,0.69735,5240000,1260,1140,40
chr1,5240000,0.968097,0.64025,5260000,1000,1067,113
chr1,5260000,0.9711,0.63335,5280000,1050,1063,7
chr1,5280000,0.997225,0.62705,5300000,769,766,14
chr1,5300000,1,0.63265,5320000,972,1084,88
chr1,5320000,0.994704,0.63195,5340000,1031,1094,8
chr1,5340000,1,0.6241,5360000,935,1059,2
chr1,5360000,0.98175,0.6397,5380000,1118,1112,26
chr1,5380000,0.997683,0.6726,5400000,1469,1560,216
chr1,5400000,1,0.6193,5420000,1088,1173,20
chr1,5420000,0.898813,0.61635,5440000,817,911,25
chr1,5440000,0.961789,0.63825,5460000,997,1007,246
chr1,5460000,0.953878,0.6285,5480000,959,1049,1045
chr1,5480000,1,0.6279,5500000,972,1021,1041
chr1,5500000,0.993032,0.65035,5520000,1129,1149,1239
chr1,5520000,0.995425,0.70265,5540000,1469,1413,1598
chr1,5540000,0.84555,0.65275,5560000,852,890,921
chr1,5560000,0.627783,0.63645,5580000,373,338,406
chr1,5580000,1,0.6501,5600000,1283,1441,1289
chr1,5600000,0.993229,0.68465,5620000,1358,1246,1450
chr1,5620000,0.94298,0.66785,5640000,1175,1077,1226
chr1,5640000,0.98205,0.6521,5660000,1050,1025,1120
chr1,5660000,0.970646,0.63325,5680000,1101,1059,1176
chr1,5680000,0.870518,0.62255,5700000,792,814,881
chr1,5700000,0.949301,0.6875,5720000,1263,1184,1364
chr1,5720000,0.989039,0.64755,5740000,1231,1166,1297
chr1,5740000,0.972747,0.65825,5760000,1200,1232,1239
chr1,5760000,1,0.6558,5780000,1215,1235,1300
chr1,5780000,0.998325,0.62435,5800000,987,1094,1007
chr1,5800000,0.979275,0.63615,5820000,993,1057,1076
chr1,5820000,0.889134,0.6152,5840000,889,896,890
chr1,5840000,0.997358,0.65455,5860000,1233,1281,1306
chr1,5860000,0.991535,0.634,5880000,1045,1104,1007
chr1,5880000,0.956697,0.65565,5900000,1208,1167,1308
chr1,5900000,0.959192,0.6326,5920000,1081,1027,1058
chr1,5920000,0.956527,0.643,5940000,1036,1026,1115
chr1,5940000,0.879728,0.6278,5960000,958,964,942
chr1,5960000,0.976725,0.64405,5980000,1013,1113,1168
chr1,5980000,0.836233,0.6493,6000000,847,926,967
chr1,6000000,0.996286,0.6415,6020000,1103,1114,1120
chr1,6020000,0.980962,0.66945,6040000,1188,1188,1250
chr1,6040000,1,0.62985,6060000,1040,1117,1161
chr1,6060000,1,0.68025,6080000,1386,1323,1447
chr1,6080000,1,0.6265,6100000,1015,1131,1127
chr1,6100000,0.870362,0.6367,6120000,941,930,999
chr1,6120000,0.607317,0.6174,6140000,320,389,357
chr1,6140000,0.425458,0.6255,6160000,4,4,4
chr1,6160000,0.961375,0.63745,6180000,845,855,960
chr1,6180000,0.925575,0.6673,6200000,1150,1051,1293
chr1,6200000,0.998975,0.65025,6220000,1050,1081,1127
chr1,6220000,0.988604,0.6662,6240000,1270,1218,1378
chr1,6240000,0.965908,0.63305,6260000,1128,1138,1181
chr1,6260000,0.99885,0.65255,6280000,1201,1232,1236
chr1,6280000,0.990068,0.64235,6300000,1054,1062,1127
chr1,6300000,0.988525,0.62175,6320000,1035,1144,1011
chr1,6320000,1,0.6378,6340000,1132,1110,1151
chr1,6340000,1,0.6579,6360000,1278,1192,1337
chr1,6360000,0.753873,0.6134,6380000,637,607,649
chr1,6380000,0.856528,0.61115,6400000,1133,1138,1232
chr1,6400000,1,0.61605,6420000,913,983,982
chr1,6420000,1,0.624,6440000,1010,1105,1113
chr1,6440000,0.973265,0.6287,6460000,1088,1069,1149
chr1,6460000,0.994392,0.60095,6480000,916,941,979
chr1,6480000,1,0.594,6500000,848,928,862
chr1,6500000,1,0.60315,6520000,852,884,851
chr1,6520000,0.987457,0.6285,6540000,1068,1082,1124
chr1,6540000,0.997375,0.62675,6560000,1090,1147,1124
chr1,6560000,0.992608,0.6176,6580000,1131,1159,1163
chr1,6580000,0.989032,0.61345,6600000,937,1005,974
chr1,6600000,1,0.6517,6620000,1430,1346,1407
chr1,6620000,0.990508,0.66335,6640000,1106,1122,1229
chr1,6640000,0.990467,0.63675,6660000,1069,1142,1199
chr1,6660000,0.973352,0.60795,6680000,903,957,1034
chr1,6680000,0.998025,0.6406,6700000,1180,1078,1222
chr1,6700000,1,0.614,6720000,965,1092,971
chr1,6720000,0.997121,0.60935,6740000,1025,1078,1002
chr1,6740000,1,0.6167,6760000,964,1085,954
chr1,6760000,1,0.61485,6780000,940,1029,1042
chr1,6780000,0.9898,0.62415,6800000,919,1045,1035
chr1,6800000,0.9759,0.6397,6820000,1081,1009,1202
chr1,6820000,0.991037,0.595,6840000,1152,936,834
chr1,6840000,0.9999,0.62385,6860000,2027,1186,1085
chr1,6860000,0.970352,0.6271,6880000,1843,1021,1046
chr1,6880000,0.994852,0.6366,6900000,3171,1795,2323
chr1,6900000,0.920936,0.6307,6920000,1714,883,929
chr1,6920000,0.982179,0.6435,6940000,2179,1077,1130
chr1,6940000,0.9977,0.6427,6960000,2146,1116,1160
chr1,6960000,0.9974,0.67145,6980000,2658,1339,1368
chr1,6980000,0.941522,0.63695,7000000,1952,1039,1027
chr1,7000000,0.990553,0.61125,7020000,1875,978,936
chr1,7020000,0.995376,0.6266,7040000,1982,1092,1058
chr1,7040000,1,0.59875,7060000,1592,853,804
chr1,7060000,1,0.63945,7080000,2247,1200,1250
chr1,7080000,1,0.60085,7100000,1742,953,924
chr1,7100000,0.993621,0.62165,7120000,1952,1107,1080
chr1,7120000,1,0.62125,7140000,1966,1062,1074
chr1,7140000,0.994527,0.653,7160000,2100,1094,1117
chr1,7160000,0.966892,0.6353,7180000,2056,1022,1151
chr1,7180000,1,0.6482,7200000,2228,1074,1168
chr1,7200000,1,0.62195,7220000,1986,1107,1078
chr1,7220000,1,0.65205,7240000,2415,1244,1236
chr1,7240000,1,0.5953,7260000,1557,861,842
chr1,7260000,0.994076,0.6263,7280000,1934,978,1078
chr1,7280000,0.979521,0.6493,7300000,2209,1119,1148
chr1,7300000,0.991647,0.64515,7320000,2117,1135,1181
chr1,7320000,0.942739,0.6918,7340000,2974,1732,1998
chr1,7340000,0.995317,0.6222,7360000,1995,1066,1072
chr1,7360000,1,0.6139,7380000,1597,869,907
chr1,7380000,0.93938,0.62855,7400000,1812,930,974
chr1,7400000,1,0.6225,7420000,1694,965,967
chr1,7420000,0.986644,0.62295,7440000,1734,963,915
chr1,7440000,1,0.625,7460000,1933,1003,1036
chr1,7460000,0.998483,0.6398,7480000,2050,1032,1080
chr1,7480000,0.998625,0.6375,7500000,2031,1052,1093
chr1,7500000,0.998108,0.6489,7520000,2243,1163,1195
chr1,7520000,0.996875,0.60795,7540000,1747,993,912
chr1,7540000,0.995533,0.655,7560000,2197,1075,1123
chr1,7560000,0.9859,0.6283,7580000,2043,1093,1145
chr1,7580000,0.990067,0.64855,7600000,2215,1289,1222
chr1,7600000,0.99185,0.63715,7620000,2239,1105,1220
chr1,7620000,0.979665,0.63475,7640000,2017,1060,986
chr1,7640000,0.970319,0.6266,7660000,1934,996,1116
chr1,7660000,0.997046,0.61845,7680000,1855,993,981
chr1,7680000,0.965521,0.64085,7700000,2440,1301,1185
chr1,7700000,0.982807,0.61715,7720000,1974,1144,1118
chr1,7720000,1,0.64885,7740000,2285,1221,1237
chr1,7740000,0.988675,0.605,7760000,1812,1025,947
chr1,7760000,1,0.62595,7780000,2069,1107,1088
chr1,7780000,1,0.61705,7800000,1940,976,960
chr1,7800000,0.981952,0.62375,7820000,2047,1091,1204
chr1,7820000,1,0.6215,7840000,1834,993,992
chr1,7840000,0.970933,0.645,7860000,2109,1069,1114
chr1,7860000,0.870541,0.67055,7880000,2006,990,1139
chr1,7880000,1,0.68135,7900000,2639,1320,1434
chr1,7900000,1,0.65305,7920000,2234,1165,1174
chr1,7920000,0.986304,0.6719,7940000,2333,1165,1278
chr1,7940000,0.983351,0.6768,7960000,2554,1243,1405
chr1,7960000,0.997125,0.63265,7980000,2105,1112,1105
chr1,7980000,1,0.6344,8000000,2067,1083,1114
chr1,8000000,0.93885,0.65015,8020000,2023,951,1042
chr1,8020000,0.95352,0.65945,8040000,2244,1176,1317
chr1,8040000,1,0.65265,8060000,2212,1130,1234
chr1,8060000,0.909319,0.5901,8080000,1654,849,883
chr1,8080000,0.832629,0.5712,8100000,1359,690,727
chr1,8100000,0.940074,0.69525,8120000,2602,1314,1431
chr1,8120000,0.986033,0.6732,8140000,2351,1204,1332
chr1,8140000,0.996917,0.64995,8160000,2234,1200,1297
chr1,8160000,1,0.63455,8180000,2185,1194,1214
chr1,8180000,0.981364,0.66375,8200000,2378,1209,1388
chr1,8200000,0.997725,0.63045,8220000,2001,1042,1128
chr1,8220000,0.87272,0.59685,8240000,1448,798,839
chr1,8240000,0.975928,0.6391,8260000,2049,1043,1154
chr1,8260000,0.989244,0.67275,8280000,2491,1313,1581
chr1,8280000,0.9985,0.67195,8300000,2336,1179,1297
chr1,8300000,0.970108,0.641,8320000,2087,1099,1166
chr1,8320000,0.998,0.61425,8340000,1742,994,993
chr1,8340000,0.997375,0.6769,8360000,2503,1283,1265
chr1,8360000,0.920875,0.6442,8380000,1983,989,1094
chr1,8380000,0.98915,0.6374,8400000,2276,1097,1235
chr1,8400000,0.937774,0.65215,8420000,2220,1137,1297
chr1,8420000,1,0.6378,8440000,2152,1067,1222
chr1,8440000,1,0.6533,8460000,2291,1290,1278
chr1,8460000,0.973153,0.63155,8480000,2007,1027,1082
chr1,8480000,1,0.6443,8500000,2303,1211,1219
chr1,8500000,0.973771,0.67495,8520000,2417,1217,1441
chr1,8520000,0.999475,0.64245,8540000,2196,1047,1066
chr1,8540000,1,0.61805,8560000,1987,1059,1042
chr1,8560000,0.993412,0.63865,8580000,2041,1064,1137
chr1,8580000,0.9903,0.6352,8600000,2186,1148,1189
chr1,8600000,0.925075,0.65285,8620000,2042,1043,1014
chr1,8620000,0.778425,0.64445,8640000,1368,670,690
chr1,8640000,0.994503,0.6306,8660000,2274,1168,1212
chr1,8660000,0.922754,0.61195,8680000,1614,878,946
chr1,8680000,0.9858,0.62955,8700000,1938,1023,1097
chr1,8700000,0.992951,0.6511,8720000,2234,1104,1139
chr1,8720000,0.995365,0.6399,8740000,2210,1094,1165
chr1,8740000,1,0.63675,8760000,2228,1403,1358
chr1,8760000,1,0.6321,8780000,1930,1078,1107
chr1,8780000,0.999925,0.6129,8800000,1733,944,887
chr1,8800000,0.966097,0.6665,8820000,2538,1152,1324
chr1,8820000,0.986,0.64165,8840000,2135,1099,1207
chr1,8840000,1,0.6314,8860000,2256,1235,1256
chr1,8860000,0.999358,0.61505,8880000,2596,1848,1246
chr1,8880000,0.999513,0.638,8900000,2173,1169,1244
chr1,8900000,1,0.6663,8920000,2458,1365,1330
chr1,8920000,0.967174,0.6715,8940000,2480,1248,1449
chr1,8940000,0.937059,0.6394,8960000,2316,1284,1462
chr1,8960000,0.88137,0.67395,8980000,2189,994,1192
chr1,8980000,0.886271,0.61925,9000000,1424,732,913
chr1,9000000,0.983033,0.65695,9020000,2313,1309,1385
chr1,9020000,1,0.6242,9040000,1934,1056,1006
chr1,9040000,1,0.60905,9060000,1942,1028,998
chr1,9060000,0.993446,0.607,9080000,2053,1084,1101
chr1,9080000,0.81075,0.69025,9100000,1801,866,977
chr1,9100000,0.988151,0.67425,9120000,2494,1169,1288
chr1,9120000,1,0.62695,9140000,2344,1663,1498
chr1,9140000,0.956567,0.65705,9160000,2007,1013,1125
chr1,9160000,0.980763,0.6748,9180000,2546,1199,1414
chr1,9180000,0.998442,0.68945,9200000,2933,1418,1538
chr1,9200000,0.988702,0.62335,9220000,1858,1041,1097
chr1,9220000,1,0.60505,9240000,1720,907,916
chr1,9240000,0.988342,0.6218,9260000,1795,1009,992
chr1,9260000,0.959789,0.65205,9280000,2112,1043,1107
chr1,9280000,1,0.60275,9300000,1798,1002,947
chr1,9300000,1,0.61325,9320000,1923,1018,1060
chr1,9320000,0.999975,0.62965,9340000,2161,1109,1136
chr1,9340000,0.977645,0.6651,9360000,2275,1164,1239
chr1,9360000,0.973425,0.66235,9380000,2180,1207,1272
chr1,9380000,0.981283,0.67835,9400000,2565,1243,1304
chr1,9400000,0.862504,0.6325,9420000,1671,917,928
chr1,9420000,0.734188,0.67,9440000,1344,658,770
chr1,9440000,0.941399,0.64495,9460000,2253,1160,1363
chr1,9460000,0.8519,0.62515,9480000,3072,1896,2338
chr1,9480000,0.875976,0.66535,9500000,2078,1111,1373
chr1,9500000,0.872197,0.65275,9520000,2274,1093,1320
chr1,9520000,0.948031,0.6959,9540000,2635,1257,1517
chr1,9540000,0.978356,0.6545,9560000,2202,1089,1213
chr1,9560000,0.969531,0.65695,9580000,2280,1113,1154
chr1,9580000,1,0.6303,9600000,2064,1095,1148
chr1,9600000,0.999425,0.64405,9620000,2265,1184,1244
chr1,9620000,0.994117,0.69675,9640000,3097,1579,1900
chr1,9640000,0.986859,0.6506,9660000,2194,1187,1210
chr1,9660000,0.955661,0.67545,9680000,2432,1170,1389
chr1,9680000,0.994292,0.6625,9700000,1998,1057,1195
chr1,9700000,1,0.6329,9720000,1929,1103,1041
chr1,9720000,0.985043,0.63765,9740000,2238,1086,1200
chr1,9740000,0.873605,0.63625,9760000,1834,929,1133
chr1,9760000,0.980887,0.64295,9780000,2259,1214,1222
chr1,9780000,0.994359,0.6546,9800000,2389,1262,1336
chr1,9800000,1,0.6678,9820000,2539,1341,1407
chr1,9820000,0.980312,0.6322,9840000,2371,1362,1354
chr1,9840000,0.994756,0.6714,9860000,2597,1380,1395
chr1,9860000,1,0.64325,9880000,2279,1246,1253
chr1,9880000,0.912013,0.6219,9900000,1826,982,1038
chr1,9900000,0.967494,0.64655,9920000,2167,1130,1254
chr1,9920000,0.958004,0.6678,9940000,2267,1147,1332
chr1,9940000,0.948181,0.665,9960000,2155,1026,1273
chr1,9960000,1,0.64555,9980000,2233,1162,1222
chr1,9980000,1,0.61265,10000000,1970,1084,968
chr1,10000000,1,0.6164,10020000,2066,1231,1115
chr1,10020000,0.936892,0.65355,10040000,2058,1073,1228
chr1,10040000,0.984887,0.66145,10060000,2302,1269,1358
chr1,10060000,1,0.63605,10080000,2198,1205,1185
chr1,10080000,0.9147,0.64305,10100000,2080,1069,1187
chr1,10100000,0.97585,0.6537,10120000,2479,1544,1465
chr1,10120000,0.944367,0.6628,10140000,2113,1152,1269
chr1,10140000,0.993227,0.6453,10160000,2209,1152,1212
chr1,10160000,0.768247,0.6509,10180000,1616,757,912
chr1,10180000,0.99935,0.6206,10200000,1664,985,943
chr1,10200000,0.908227,0.6429,10220000,1777,883,1017
chr1,10220000,0.97595,0.62125,10240000,1867,1051,1046
chr1,10240000,0.989825,0.6587,10260000,2922,1668,2995
chr1,10260000,0.837186,0.6529,10280000,2089,1066,2308
chr1,10280000,0.998097,0.6489,10300000,2348,1177,2484
chr1,10300000,0.955942,0.6692,10320000,2260,1152,2532
chr1,10320000,0.960217,0.6367,10340000,2004,1067,2011
chr1,10340000,0.986667,0.6283,10360000,1946,1041,2105
chr1,10360000,0.634419,0.54875,10380000,1009,534,1196
chr1,10380000,0.946908,0.6343,10400000,2101,1201,2194
chr1,10400000,1,0.67025,10420000,2581,1255,2678
chr1,10420000,0.989875,0.6327,10440000,2237,1247,2493
chr1,10440000,0.960505,0.6344,10460000,1924,1025,2225
chr1,10460000,0.991925,0.6356,10480000,2268,1242,2541
chr1,10480000,0.9966,0.60275,10500000,1407,813,1611
chr1,10500000,0.986037,0.6712,10520000,1669,874,1940
chr1,10520000,0.992225,0.6512,10540000,2290,1101,2428
chr1,10540000,1,0.6671,10560000,2343,1127,2496
chr1,10560000,1,0.63525,10580000,2162,1157,2258
chr1,10580000,0.9658,0.62165,10600000,2066,1088,2268
chr1,10600000,0.957318,0.6691,10620000,2443,1191,2726
chr1,10620000,0.988254,0.6286,10640000,1915,1039,2197
chr1,10640000,1,0.67465,10660000,2490,1247,2700
chr1,10660000,0.987075,0.6545,10680000,4873,5693,4877
chr1,10680000,1,0.68325,10700000,2963,1678,3024
chr1,10700000,0.8965,0.61875,10720000,1980,1532,2232
chr1,10720000,0.995325,0.62435,10740000,2581,2324,2625
chr1,10740000,0.968803,0.65845,10760000,2401,1298,2833
chr1,10760000,1,0.63355,10780000,2152,1215,2290
chr1,10780000,0.996654,0.6351,10800000,2156,1152,2293
chr1,10800000,0.987925,0.6576,10820000,2650,1388,2732
chr1,10820000,1,0.6471,10840000,1978,1063,2192
chr1,10840000,0.9904,0.6702,10860000,2462,1241,2730
chr1,10860000,0.967742,0.6751,10880000,2475,1230,2661
chr1,10880000,0.970457,0.68945,10900000,2643,1230,2877
chr1,10900000,0.986105,0.6348,10920000,2083,1108,2268
chr1,10920000,0.998475,0.658,10940000,2304,1213,2617
chr1,10940000,0.877521,0.6512,10960000,2002,1124,2015
chr1,10960000,0.8045,0.656,10980000,1529,786,1848
chr1,10980000,0.645926,0.66675,11000000,1642,1363,1735
chr1,11000000,0.670514,0.62655,11020000,935,551,1151
chr1,11020000,0.329475,0.67075,11040000,78,26,83
chr1,11040000,0.607374,0.63905,11060000,741,398,878
chr1,11060000,0.959176,0.6734,11080000,2433,1271,2728
chr1,11080000,0.995237,0.6812,11100000,2659,1326,2844
chr1,11100000,0.998038,0.6529,11120000,2381,1175,2586
chr1,11120000,0.9983,0.64725,11140000,2216,1171,2419
chr1,11140000,1,0.64075,11160000,2211,1154,2266
chr1,11160000,0.840657,0.6274,11180000,1750,994,1940
chr1,11180000,0.886699,0.62335,11200000,1803,975,1981
chr1,11200000,0.963758,0.61765,11220000,1901,1017,2024
chr1,11220000,0.9975,0.63255,11240000,2161,1283,2226
chr1,11240000,0.923644,0.6557,11260000,2233,1094,2602
chr1,11260000,0.985742,0.6406,11280000,2837,1720,2917
chr1,11280000,0.985425,0.58225,11300000,1670,882,1829
chr1,11300000,0.950701,0.65155,11320000,2234,1200,2426
chr1,11320000,0.643794,0.58825,11340000,1388,650,1577
chr1,11340000,0.986947,0.62625,11360000,2165,1184,2467
chr1,11360000,0.947775,0.6255,11380000,1855,941,2143
chr1,11380000,1,0.64225,11400000,2216,1214,2457
chr1,11400000,0.996992,0.6327,11420000,2047,1094,2347
chr1,11420000,1,0.6232,11440000,1897,1072,2020
chr1,11440000,0.951692,0.61975,11460000,1861,972,1824
chr1,11460000,1,0.6717,11480000,2639,1395,2686
chr1,11480000,1,0.61565,11500000,1871,1026,1908
chr1,11500000,0.999975,0.65905,11520000,2372,1275,2615
chr1,11520000,0.995111,0.6714,11540000,2689,1335,2845
chr1,11540000,0.992522,0.63405,11560000,2226,1248,2426
chr1,11560000,0.985743,0.6414,11580000,1980,1065,2138
chr1,11580000,0.969411,0.63435,11600000,2384,1254,2618
chr1,11600000,0.88011,0.66735,11620000,2105,1099,2480
chr1,11620000,0.979727,0.6525,11640000,2688,1614,2949
chr1,11640000,1,0.65365,11660000,2473,1296,2662
chr1,11660000,0.927227,0.64275,11680000,2318,1194,2449
chr1,11680000,0.9952,0.66075,11700000,2511,1347,2697
chr1,11700000,1,0.6326,11720000,1733,924,1894
chr1,11720000,0.972502,0.6441,11740000,1949,1028,2315
chr1,11740000,0.956735,0.6681,11760000,2574,1262,2771
chr1,11760000,0.992371,0.6497,11780000,2385,1190,2596
chr1,11780000,0.924046,0.627,11800000,2041,1150,2231
chr1,11800000,0.918337,0.61985,11820000,1861,1087,2146
chr1,11820000,0.93707,0.6052,11840000,1763,924,2054
chr1,11840000,0.989475,0.60735,11860000,1903,1046,1975
chr1,11860000,0.996408,0.6406,11880000,2245,1415,2501
chr1,11880000,1,0.62415,11900000,2246,1529,2250
chr1,11900000,0.9642,0.61235,11920000,1646,1000,1898
chr1,11920000,0.85329,0.616,11940000,1406,689,1484
chr1,11940000,1,0.63135,11960000,2032,1139,2293
chr1,11960000,0.976081,0.6551,11980000,2418,1176,2603
chr1,11980000,0.9642,0.6069,12000000,1701,989,1842
chr1,12000000,1,0.61595,12020000,1809,1015,1945
chr1,12020000,0.985875,0.62395,12040000,1927,1141,2163
chr1,12040000,0.977212,0.60115,12060000,2146,1373,2151
chr1,12060000,0.990492,0.63165,12080000,1764,1225,2044
chr1,12080000,0.985896,0.6321,12100000,1995,1181,2259
chr1,12100000,0.788181,0.62705,12120000,1508,739,1786
chr1,12120000,0.937417,0.6228,12140000,1898,1028,2243
chr1,12140000,0.950028,0.6411,12160000,2079,1087,2301
chr1,12160000,0.872925,0.60875,12180000,1428,826,1515
chr1,12180000,0.991512,0.6389,12200000,2262,1178,2391
chr1,12200000,1,0.61665,12220000,1851,1089,1910
chr1,12220000,0.992183,0.64045,12240000,2121,1077,2413
chr1,12240000,0.996371,0.64025,12260000,2453,1208,2642
chr1,12260000,0.978217,0.6437,12280000,2277,1134,2440
chr1,12280000,0.99895,0.63915,12300000,2193,1162,2420
chr1,12300000,0.995667,0.6754,12320000,2366,1245,2591
chr1,12320000,0.9974,0.6788,12340000,2582,1293,2971
chr1,12340000,0.988809,0.6609,12360000,2569,1366,2886
chr1,12360000,0.893429,0.61545,12380000,1596,862,1742
chr1,12380000,0.966857,0.66865,12400000,2560,1311,2723
chr1,12400000,0.980008,0.6678,12420000,2495,1233,2778
chr1,12420000,0.99695,0.6649,12440000,2413,1207,2616
chr1,12440000,0.910503,0.6841,12460000,2306,1127,2709
chr1,12460000,0.735987,0.6712,12480000,1199,531,1371
chr1,12480000,0.503542,0.6522,12500000,31,12,31
chr1,12500000,0.835,0.6631,12520000,1819,856,1950
chr1,12520000,0.975183,0.64225,12540000,2222,1159,2380
chr1,12540000,0.995458,0.6743,12560000,2708,1402,2916
chr1,12560000,1,0.63235,12580000,2083,1082,2297
chr1,12580000,1,0.65225,12600000,2451,1177,2561
chr1,12600000,0.901108,0.62785,12620000,1848,928,2036
chr1,12620000,0.938167,0.62475,12640000,2110,1128,2415
chr1,12640000,0.958402,0.6166,12660000,2466,1485,2325
chr1,12660000,0.98105,0.64655,12680000,2065,1080,2198
chr1,12680000,0.790811,0.66035,12700000,1984,1031,2218
chr1,12700000,0.9447,0.63855,12720000,1975,1017,2217
chr1,12720000,0.980225,0.58425,12740000,1849,953,1919
chr1,12740000,0.895255,0.64035,12760000,1701,910,1957
chr1,12760000,0.986505,0.6709,12780000,2362,1243,2635
chr1,12780000,0.996487,0.64095,12800000,2042,1189,2227
chr1,12800000,0.939509,0.67025,12820000,2338,1207,2780
chr1,12820000,0.974837,0.6672,12840000,2240,1127,2527
chr1,12840000,0.998225,0.64645,12860000,2233,1142,2537
chr1,12860000,0.996432,0.6704,12880000,2065,1028,2319
chr1,12880000,0.99738,0.65915,12900000,2342,1217,2639
chr1,12900000,0.998433,0.64445,12920000,1799,1115,1942
chr1,12920000,0.99995,0.6673,12940000,2519,1210,2548
chr1,12940000,0.957441,0.69505,12960000,2674,1242,2817
chr1,12960000,0.987875,0.6596,12980000,2409,1232,2644
chr1,12980000,1,0.6505,13000000,2271,1226,2433
chr1,13000000,1,0.6259,13020000,1982,1042,2154
chr1,13020000,0.966475,0.6551,13040000,2026,1067,2303
chr1,13040000,0.952377,0.659,13060000,2421,1287,2648
chr1,13060000,0.939786,0.6216,13080000,1918,1069,2060
chr1,13080000,0.879211,0.6697,13100000,2216,1206,2601
chr1,13100000,0.836142,0.63325,13120000,1476,877,1774
chr1,13120000,0.895065,0.5894,13140000,1679,813,1735
chr1,13140000,0.955376,0.65525,13160000,2390,1226,2684
chr1,13160000,0.995847,0.6684,13180000,2689,1381,2936
chr1,13180000,0.996525,0.6422,13200000,2103,1115,2234
chr1,13200000,1,0.63625,13220000,1933,1104,2054
chr1,13220000,0.99845,0.62825,13240000,2009,1139,2243
chr1,13240000,0.991064,0.6369,13260000,2195,1107,2338
chr1,13260000,0.9832,0.6152,13280000,1765,921,1934
chr1,13280000,0.97895,0.6576,13300000,2439,1249,2667
chr1,13300000,0.975771,0.62635,13320000,2046,1072,2147
chr1,13320000,0.978663,0.68095,13340000,2698,1294,2812
chr1,13340000,0.96853,0.57185,13360000,1847,908,2038
chr1,13360000,0.666954,0.54445,13380000,1048,514,1282
chr1,13380000,0.999492,0.6772,13400000,2413,1250,2778
chr1,13400000,0.973678,0.6333,13420000,2155,1010,2407
chr1,13420000,0.919117,0.6184,13440000,2732,2335,2746
chr1,13440000,0.979475,0.66375,13460000,2391,1340,2746
chr1,13460000,0.947255,0.6188,13480000,5113,6254,5470
chr1,13480000,0.943918,0.69005,13500000,2564,1309,2821
chr1,13500000,0.995358,0.6642,13520000,2757,1346,2934
chr1,13520000,0.998925,0.6539,13540000,2304,1173,2439
chr1,13540000,0.9973,0.66915,13560000,2558,1282,2775
chr1,13560000,0.94475,0.6391,13580000,1915,1041,2199
chr1,13580000,0.993217,0.67125,13600000,2628,1282,2731
chr1,13600000,0.962371,0.6944,13620000,2549,1248,2979
chr1,13620000,0.930806,0.5934,13640000,1713,854,1929
chr1,13640000,0.942673,0.6099,13660000,1828,932,1992
chr1,13660000,0.865002,0.62495,13680000,1850,934,2044
chr1,13680000,0.998558,0.64925,13700000,2277,1244,2391
chr1,13700000,1,0.64715,13720000,2083,1065,2187
chr1,13720000,0.99855,0.63555,13740000,2195,1099,2217
chr1,13740000,1,0.64935,13760000,2384,1300,2503
chr1,13760000,0.997725,0.63215,13780000,2203,1093,2364
chr1,13780000,0.992617,0.6207,13800000,2059,1066,2029
chr1,13800000,0.986475,0.64695,13820000,2197,1159,2336
chr1,13820000,0.996058,0.69105,13840000,2856,1343,3007
chr1,13840000,0.999875,0.63755,13860000,2218,1143,2395
chr1,13860000,0.955297,0.61815,13880000,2060,1085,2048
chr1,13880000,0.99383,0.65025,13900000,2443,1278,2526
chr1,13900000,0.972747,0.6756,13920000,2706,1814,2844
chr1,13920000,0.988525,0.63135,13940000,1889,1022,2261
chr1,13940000,0.962536,0.7179,13960000,3131,1531,3493
chr1,13960000,0.999034,0.67705,13980000,2695,1334,2730
chr1,13980000,0.92874,0.67775,14000000,2500,1260,2671
chr1,14000000,0.978518,0.6486,14020000,2600,1384,2639
chr1,14020000,0.975721,0.63095,14040000,2069,1147,2120
chr1,14040000,0.995086,0.66955,14060000,2766,1395,2868
chr1,14060000,0.999208,0.62825,14080000,2084,1147,2253
chr1,14080000,0.961285,0.6426,14100000,2132,1108,2385
chr1,14100000,0.901715,0.60765,14120000,1805,876,2019
chr1,14120000,0.998363,0.70645,14140000,2958,1449,3167
chr1,14140000,0.998333,0.65535,14160000,2594,1288,2604
chr1,14160000,0.981617,0.635,14180000,2249,1261,2412
chr1,14180000,0.990139,0.62785,14200000,1964,1138,2149
chr1,14200000,0.925605,0.61745,14220000,1890,1213,2143
chr1,14220000,0.999479,0.67305,14240000,2643,1285,2855
chr1,14240000,0.98706,0.67895,14260000,2582,1323,2763
chr1,14260000,0.972065,0.67505,14280000,2519,1135,2780
chr1,14280000,0.982656,0.60415,14300000,1713,1008,1834
chr1,14300000,0.998271,0.6771,14320000,2674,1280,2793
chr1,14320000,0.995636,0.66785,14340000,2553,1222,2731
chr1,14340000,0.816362,0.53065,14360000,1631,1007,1918
chr1,14360000,0.997258,0.6817,14380000,2985,1463,3134
chr1,14380000,0.996312,0.6422,14400000,2375,1261,2516
chr1,14400000,0.997825,0.6751,14420000,2722,1335,2740
chr1,14420000,0.949042,0.63675,14440000,2339,1564,2396
chr1,14440000,0.950292,0.64465,14460000,2188,1289,2527
chr1,14460000,0.996658,0.63005,14480000,2114,1168,2270
chr1,14480000,0.989245,0.6441,14500000,2238,1133,2563
chr1,14500000,0.919862,0.64265,14520000,2268,1396,2311
chr1,14520000,0.976275,0.5827,14540000,2426,1673,2520
chr1,14540000,0.979424,0.53275,14560000,1642,868,1762
chr1,14560000,0.902723,0.64005,14580000,2310,1268,2297
chr1,14580000,0.835714,0.6535,14600000,1813,908,1978
chr1,14600000,0.969264,0.657,14620000,2340,1087,2527
chr1,14620000,0.945583,0.6683,14640000,2321,1207,2469
chr1,14640000,0.849523,0.6262,14660000,1849,950,2080
chr1,14660000,0.993608,0.65885,14680000,2498,1360,2625
chr1,14680000,0.993338,0.6709,14700000,2604,1309,2762
chr1,14700000,0.712706,0.62195,14720000,1885,1012,2021
chr1,14720000,0.995317,0.6778,14740000,2819,1421,2860
chr1,14740000,1,0.61105,14760000,1814,1036,1973
chr1,14760000,0.992808,0.6367,14780000,2436,1246,2660
chr1,14780000,0.979516,0.63135,14800000,2480,1512,2577
chr1,14800000,0.986274,0.65795,14820000,2735,1905,3026
chr1,14820000,1,0.6466,14840000,2260,1163,2414
chr1,14840000,0.986504,0.6502,14860000,2334,1191,2564
chr1,14860000,0.9588,0.6666,14880000,2600,1591,2830
chr1,14880000,0.907746,0.6403,14900000,2034,1012,2299
chr1,14900000,1,0.65765,14920000,2753,1562,2968
chr1,14920000,0.973577,0.6521,14940000,2748,1348,2775
chr1,14940000,0.990725,0.66345,14960000,3056,1676,3095
chr1,14960000,0.997862,0.6562,14980000,2331,1214,2540
chr1,14980000,0.973326,0.63545,15000000,2255,1163,2444
chr1,15000000,1,0.65455,15020000,2414,1273,2570
chr1,15020000,0.9881,0.63345,15040000,2297,1152,2370
chr1,15040000,0.970767,0.69615,15060000,3099,1640,3267
chr1,15060000,0.996678,0.67385,15080000,2756,1382,3018
chr1,15080000,0.957029,0.6499,15100000,2379,1165,2639
chr1,15100000,0.888077,0.58735,15120000,2901,1662,2934
chr1,15120000,0.976388,0.62865,15140000,2330,1073,2595
chr1,15140000,0.979843,0.62295,15160000,2278,1280,2378
chr1,15160000,0.984606,0.6068,15180000,2080,1042,2260
chr1,15180000,0.990083,0.5928,15200000,1950,1014,2088
chr1,15200000,0.561553,0.6516,15220000,983,548,987
chr1,15220000,0.530857,0.625,15240000,447,203,493
chr1,15240000,0.858744,0.6621,15260000,1976,1006,2195
chr1,15260000,0.848069,0.65855,15280000,2103,1051,2187
chr1,15280000,0.993409,0.6627,15300000,2581,1324,2809
chr1,15300000,0.994733,0.65465,15320000,2435,1271,2735
chr1,15320000,0.928315,0.6863,15340000,2475,1207,2768
chr1,15340000,0.959528,0.62845,15360000,3108,2002,3004
chr1,15360000,0.93712,0.64795,15380000,2445,1198,2549
chr1,15380000,0.8876,0.5561,15400000,1357,739,1479
chr1,15400000,0.976695,0.6774,15420000,2774,1436,2904
chr1,15420000,0.932267,0.6285,15440000,2174,1180,2398
chr1,15440000,0.98081,0.69545,15460000,3171,1518,3355
chr1,15460000,0.807749,0.65005,15480000,1976,1114,2313
chr1,15480000,0.868756,0.62965,15500000,1864,998,2110
chr1,15500000,0.988929,0.63835,15520000,2364,1257,2465
chr1,15520000,0.967647,0.67385,15540000,2806,1441,2762
chr1,15540000,0.985942,0.64435,15560000,2437,1314,2623
chr1,15560000,0.913886,0.6345,15580000,3878,2759,4130
chr1,15580000,0.884982,0.6129,15600000,2224,1405,2537
chr1,15600000,0.9985,0.6696,15620000,2909,1421,2990
chr1,15620000,0.877689,0.6149,15640000,1911,1018,2253
chr1,15640000,0.982668,0.5832,15660000,1965,1148,2215
chr1,15660000,0.992441,0.6661,15680000,2699,1340,2810
chr1,15680000,0.995529,0.63715,15700000,2283,1193,2328
chr1,15700000,0.969102,0.6413,15720000,2615,1390,2844
chr1,15720000,1,0.6093,15740000,1723,1045,1803
chr1,15740000,0.896059,0.58195,15760000,1483,809,1752
chr1,15760000,0.992393,0.62785,15780000,2165,1149,2163
chr1,15780000,0.924573,0.66655,15800000,2600,1359,2912
chr1,15800000,0.9889,0.6677,15820000,2730,1630,2847
chr1,15820000,0.975909,0.6483,15840000,3556,2403,3532
chr1,15840000,0.978887,0.63215,15860000,2291,1768,2444
chr1,15860000,0.996725,0.63325,15880000,2319,1227,2517
chr1,15880000,0.911819,0.63065,15900000,2002,1041,2202
chr1,15900000,0.885116,0.58245,15920000,1465,852,1652
chr1,15920000,0.597192,0.5421,15940000,784,421,1018
chr1,15940000,1,0.6161,15960000,1869,1096,1999
chr1,15960000,0.943293,0.667,15980000,2357,1186,2448
chr1,15980000,0.997846,0.62515,16000000,2372,1541,2498
chr1,16000000,0.995125,0.6759,16020000,2607,1415,2983
chr1,16020000,0.968158,0.65105,16040000,2487,1373,2766
chr1,16040000,0.953716,0.62065,16060000,2216,1302,2374
chr1,16060000,1,0.6397,16080000,2023,1164,2184
chr1,16080000,0.933853,0.64095,16100000,1681,1604,1931
chr1,16100000,0.884666,0.6482,16120000,1573,1455,1741
chr1,16120000,0.795472,0.6279,16140000,1587,1626,1604
chr1,16140000,1,0.6401,16160000,2082,2150,2183
chr1,16160000,0.98175,0.63665,16180000,2028,2172,2326
chr1,16180000,0.9997,0.64685,16200000,2542,2564,2751
chr1,16200000,0.964933,0.6642,16220000,2779,2669,2854
chr1,16220000,0.978633,0.67035,16240000,2665,2618,2960
chr1,16240000,0.943754,0.5873,16260000,2879,2746,2812
chr1,16260000,0.994612,0.6293,16280000,2224,2350,2435
chr1,16280000,0.848528,0.60005,16300000,1569,1681,1825
chr1,16300000,0.861074,0.61065,16320000,1913,1871,2032
chr1,16320000,0.966938,0.67755,16340000,2481,2411,2725
chr1,16340000,0.957975,0.6511,16360000,2340,2324,2503
chr1,16360000,0.910315,0.6378,16380000,2105,2220,2222
chr1,16380000,0.78537,0.55875,16400000,1168,1108,1418
chr1,16400000,0.896356,0.5998,16420000,1562,1544,1875
chr1,16420000,0.97995,0.57225,16440000,1758,1807,1833
chr1,16440000,0.904417,0.61345,16460000,1904,1870,2220
chr1,16460000,0.933221,0.6892,16480000,2645,2485,2822
chr1,16480000,0.878569,0.59865,16500000,1547,1593,1884
chr1,16500000,0.87419,0.57985,16520000,1491,1585,1760
chr1,16520000,0.885436,0.50025,16540000,1225,1273,1340
chr1,16540000,0.702408,0.5547,16560000,1272,1174,1315
chr1,16560000,0.669763,0.5377,16580000,696,667,906
chr1,16580000,0.884374,0.5956,16600000,1977,1812,1936
chr1,16600000,0.888169,0.6742,16620000,2016,1953,2450
chr1,16620000,0.884207,0.6054,16640000,1863,1749,2024
chr1,16640000,0.883642,0.57515,16660000,8602,7650,6570
chr1,16660000,0.90116,0.65655,16680000,1927,1771,2145
chr1,16680000,0.943363,0.67305,16700000,2394,2322,2475
chr1,16700000,0.996333,0.6301,16720000,1993,2165,2236
chr1,16720000,0.963462,0.61235,16740000,3948,3602,3225
chr1,16740000,0.982709,0.65185,16760000,2580,2570,2779
chr1,16760000,0.928751,0.63195,16780000,2112,2273,2249
chr1,16780000,0.954642,0.67385,16800000,2443,2301,2606
chr1,16800000,1,0.6171,16820000,2212,2394,2506
chr1,16820000,0.988425,0.6293,16840000,2172,2368,2312
chr1,16840000,0.927919,0.61195,16860000,1818,1816,2063
chr1,16860000,0.925123,0.67775,16880000,2350,2273,2578
chr1,16880000,0.992233,0.64595,16900000,2270,2436,2370
chr1,16900000,0.967383,0.6614,16920000,2513,2544,2728
chr1,16920000,0.995983,0.6386,16940000,3164,3360,3302
chr1,16940000,0.976136,0.6283,16960000,2025,2217,2231
chr1,16960000,0.996283,0.6758,16980000,2747,2644,2849
chr1,16980000,0.99815,0.64305,17000000,2402,2480,2547
chr1,17000000,0.99305,0.6299,17020000,2285,2378,2477
chr1,17020000,0.908997,0.6628,17040000,3035,2772,3244
chr1,17040000,0.954493,0.6235,17060000,3248,3316,3233
chr1,17060000,0.986505,0.6354,17080000,2340,2471,2546
chr1,17080000,0.939679,0.6792,17100000,2478,2432,2786
chr1,17100000,1,0.6331,17120000,2123,2249,2201
chr1,17120000,0.95606,0.6429,17140000,3277,3348,3310
chr1,17140000,0.919371,0.62105,17160000,2112,2108,2124
chr1,17160000,0.963387,0.62085,17180000,2269,2275,2230
chr1,17180000,0.936325,0.64305,17200000,2019,2100,2159
chr1,17200000,0.976957,0.63725,17220000,2622,2523,2677
chr1,17220000,0.972867,0.669,17240000,2494,2483,2904
chr1,17240000,0.934677,0.67025,17260000,2731,2795,2903
chr1,17260000,0.957333,0.64995,17280000,3045,3911,4191
chr1,17280000,0.950055,0.62005,17300000,1988,2089,2345
chr1,17300000,0.997265,0.6283,17320000,2579,2574,2723
chr1,17320000,0.973772,0.6703,17340000,2606,2412,2667
chr1,17340000,0.997925,0.6853,17360000,2151,1994,2506
chr1,17360000,0.971712,0.66675,17380000,2252,2214,2493
chr1,17380000,0.966511,0.6538,17400000,2601,2757,2978
chr1,17400000,0.978779,0.65815,17420000,2690,2649,2761
chr1,17420000,0.759635,0.6069,17440000,1538,1595,1778
chr1,17440000,0.888936,0.535,17460000,1267,1237,1409
chr1,17460000,0.887391,0.6448,17480000,2276,2204,2462
chr1,17480000,0.767256,0.64545,17500000,1984,1885,2091
chr1,17500000,0.922221,0.6661,17520000,2446,2257,2688
chr1,17520000,0.980131,0.57495,17540000,1911,1838,2112
chr1,17540000,0.93885,0.69195,17560000,3364,3077,3985
chr1,17560000,0.9179,0.69095,17580000,4119,3863,4653
chr1,17580000,0.954032,0.64955,17600000,2102,2230,2494
chr1,17600000,0.980989,0.67685,17620000,2521,2629,2833
chr1,17620000,0.984951,0.64445,17640000,2402,2454,2651
chr1,17640000,0.817128,0.55225,17660000,1142,1149,1366
chr1,17660000,0.91204,0.6002,17680000,1820,1877,2021
chr1,17680000,0.876191,0.65995,17700000,2431,2205,2586
chr1,17700000,0.887582,0.62365,17720000,2074,2052,2255
chr1,17720000,0.928555,0.6233,17740000,2184,2445,2325
chr1,17740000,0.998858,0.64915,17760000,2648,2590,2672
chr1,17760000,0.510415,0.5437,17780000,876,813,1024
chr1,17780000,0.996917,0.6537,17800000,2636,2655,2803
chr1,17800000,0.96362,0.68795,17820000,2783,2739,3068
chr1,17820000,0.947497,0.6856,17840000,2779,2638,3052
chr1,17840000,0.981918,0.66905,17860000,2721,2645,2865
chr1,17860000,0.995737,0.655,17880000,2575,2592,2631
chr1,17880000,0.941428,0.61205,17900000,2587,2353,2852
chr1,17900000,0.952462,0.6778,17920000,2660,2573,2834
chr1,17920000,0.970616,0.6938,17940000,2901,2673,3196
chr1,17940000,0.977026,0.58375,17960000,2126,2119,2256
chr1,17960000,0.997655,0.65885,17980000,2849,2790,3076
chr1,17980000,0.936082,0.67075,18000000,2491,2462,2803
chr1,18000000,0.886334,0.65865,18020000,2358,2228,2526
chr1,18020000,0.979767,0.63265,18040000,2256,2368,2466
chr1,18040000,0.983425,0.64945,18060000,2386,2357,2540
chr1,18060000,0.948739,0.6883,18080000,2919,2723,3251
chr1,18080000,0.998275,0.60105,18100000,2353,2363,2504
chr1,18100000,0.855775,0.6356,18120000,3716,3260,3092
chr1,18120000,0.583974,0.62325,18140000,1631,1414,1799
chr1,18140000,0.982418,0.62405,18160000,2330,2408,2418
chr1,18160000,0.990377,0.64855,18180000,2435,2437,2634
chr1,18180000,0.981714,0.67955,18200000,2836,2648,3040
chr1,18200000,1,0.63895,18220000,2719,3144,2840
chr1,18220000,0.973465,0.69845,18240000,2813,2786,3044
chr1,18240000,0.809613,0.5983,18260000,1287,1323,1620
chr1,18260000,0.994617,0.64605,18280000,2410,2455,2527
chr1,18280000,1,0.61215,18300000,1889,2115,1894
chr1,18300000,0.929561,0.6836,18320000,2703,2537,3082
chr1,18320000,0.890784,0.58955,18340000,1814,1805,2018
chr1,18340000,0.914569,0.6362,18360000,2195,2270,2404
chr1,18360000,0.945515,0.54045,18380000,1638,1622,1734
chr1,18380000,0.988919,0.6628,18400000,2729,2623,2938
chr1,18400000,0.905362,0.68145,18420000,2690,2527,3074
chr1,18420000,0.997742,0.645,18440000,2484,2459,2738
chr1,18440000,0.995533,0.63445,18460000,2346,2325,2490
chr1,18460000,0.972051,0.67365,18480000,2635,2710,2847
chr1,18480000,0.923483,0.60585,18500000,1948,1780,2028
chr1,18500000,0.938325,0.5951,18520000,2120,2077,2295
chr1,18520000,0.968847,0.6478,18540000,2286,2298,2464
chr1,18540000,0.710475,0.52945,18560000,899,829,1056
chr1,18560000,0.7097,0.5948,18580000,1330,1299,1501
chr1,18580000,0.981608,0.64255,18600000,2337,2245,2558
chr1,18600000,0.9875,0.62325,18620000,2565,2568,2444
chr1,18620000,0.997814,0.67295,18640000,2635,2637,2760
chr1,18640000,0.995523,0.5893,18660000,1926,1844,2190
chr1,18660000,0.9996,0.7053,18680000,2974,2931,3149
chr1,18680000,0.575313,0.59755,18700000,1065,998,1253
chr1,18700000,0.951522,0.62435,18720000,1925,1892,2046
chr1,18720000,0.9986,0.62915,18740000,2333,2244,2354
chr1,18740000,0.564605,0.607,18760000,1255,1089,1331
chr1,18760000,0.961847,0.6204,18780000,2000,2038,2224
chr1,18780000,0.986867,0.64555,18800000,2298,2458,2537
chr1,18800000,0.953322,0.60485,18820000,3235,3127,2478
chr1,18820000,0.72528,0.6006,18840000,1258,1226,1349
chr1,18840000,0.312969,0.59415,18860000,529,409,500
chr1,18860000,0.313884,0.6087,18880000,285,285,369
chr1,18880000,0.440267,0.59025,18900000,547,524,592
chr1,18900000,0.275183,0.61205,18920000,272,284,311
chr1,18920000,0.299581,0.61195,18940000,517,408,427
chr1,18940000,0.365877,0.6124,18960000,669,624,684
chr1,18960000,0.221051,0.6023,18980000,303,251,289
chr1,18980000,0.378617,0.5999,19000000,718,657,707
chr1,19000000,0.25035,0.5903,19020000,293,244,285
chr1,19020000,0.303519,0.59105,19040000,455,453,516
chr1,19040000,0.231271,0.60255,19060000,429,463,405
chr1,19060000,0.199149,0.58365,19080000,189,172,233
chr1,19080000,0.216009,0.61125,19100000,249,228,251
chr1,19100000,0.31612,0.6097,19120000,568,621,730
chr1,19120000,0.234544,0.58915,19140000,286,297,366
chr1,19140000,0.145506,0.5866,19160000,54,61,60
chr1,19160000,0.20042,0.6032,19180000,189,179,275
chr1,19180000,0.321502,0.60125,19200000,429,405,500
chr1,19200000,0.247476,0.5985,19220000,1298,972,965
chr1,19220000,0.431663,0.5919,19240000,615,574,636
chr1,19240000,0.245303,0.598,19260000,333,294,385
chr1,19260000,0.225146,0.59835,19280000,228,235,257
chr1,19280000,0.200474,0.5995,19300000,224,179,216
chr1,19300000,0.289752,0.5892,19320000,325,298,319
chr1,19320000,0.242185,0.58405,19340000,239,235,361
chr1,19340000,0.276204,0.5849,19360000,332,338,483
chr1,19360000,0.250227,0.6001,19380000,314,324,383
chr1,19380000,0.154509,0.61135,19400000,217,202,243
chr1,19400000,0.201207,0.59155,19420000,293,247,312
chr1,19420000,0.222162,0.59405,19440000,305,234,374
chr1,19440000,0.299364,0.6003,19460000,528,457,530
chr1,19460000,0.261657,0.59985,19480000,451,359,413
chr1,19480000,0.19517,0.59735,19500000,294,298,327
chr1,19500000,0.232331,0.59715,19520000,351,313,314
chr1,19520000,0.191625,0.575,19540000,197,187,276
chr1,19540000,0.152239,0.59475,19560000,231,238,286
chr1,19560000,0.10165,0.60395,19580000,151,137,172
chr1,19580000,0.136046,0.6017,19600000,150,140,195
chr1,19600000,0.165272,0.61105,19620000,311,277,312
chr1,19620000,0.112139,0.60015,19640000,665,566,399
chr1,19640000,0.161114,0.60155,19660000,185,181,218
chr1,19660000,0.248822,0.59375,19680000,409,364,412
chr1,19680000,0.228414,0.5991,19700000,311,267,396
chr1,19700000,0.219879,0.58615,19720000,564,601,599
chr1,19720000,0.221519,0.58215,19740000,250,225,296
chr1,19740000,0.188268,0.5804,19760000,319,283,350
chr1,19760000,0.1944,0.57575,19780000,205,218,303
chr1,19780000,0.214286,0.57605,19800000,156,159,194
chr1,19800000,0.21131,0.58725,19820000,241,214,300
chr1,19820000,0.237647,0.60165,19840000,331,314,353
chr1,19840000,0.2454,0.60685,19860000,523,488,443
chr1,19860000,0.227238,0.58325,19880000,432,341,372
chr1,19880000,0.235455,0.58435,19900000,347,339,406
chr1,19900000,0.159854,0.59325,19920000,177,168,208
chr1,19920000,0.234079,0.59635,19940000,353,314,377
chr1,19940000,0.165249,0.6102,19960000,257,238,296
chr1,19960000,0.12408,0.59945,19980000,170,151,196
chr1,19980000,0.267566,0.5868,20000000,412,336,446
chr1,20000000,0.363564,0.5841,20020000,981,772,946
chr1,20020000,0.164164,0.5955,20040000,598,450,478
chr1,20040000,0.231265,0.596,20060000,271,240,311
chr1,20060000,0.220573,0.5905,20080000,640,498,559
chr1,20080000,0.290732,0.5848,20100000,351,379,440
chr1,20100000,0.20066,0.57205,20120000,221,214,308
chr1,20120000,0.303978,0.5966,20140000,832,1356,1078
chr1,20140000,0.308097,0.60565,20160000,284,286,355
chr1,20160000,0.254826,0.61045,20180000,266,245,321
chr1,20180000,0.215247,0.57285,20200000,359,286,379
chr1,20200000,0.265856,0.58545,20220000,309,342,378
chr1,20220000,0.171272,0.6128,20240000,294,248,317
chr1,20240000,0.28989,0.61025,20260000,430,405,494
chr1,20260000,0.196968,0.59125,20280000,299,218,241
chr1,20280000,0.123125,0.61165,20300000,125,89,125
chr1,20300000,0.156681,0.58915,20320000,224,214,280
chr1,20320000,0.26255,0.57045,20340000,306,284,399
chr1,20340000,0.183155,0.6081,20360000,241,220,264
chr1,20360000,0.244272,0.5974,20380000,319,273,328
chr1,20380000,0.098343,0.6129,20400000,167,137,131
chr1,20400000,0.158624,0.6002,20420000,211,211,255
chr1,20420000,0.105093,0.61215,20440000,183,135,175
chr1,20440000,0.162135,0.60895,20460000,281,243,272
chr1,20460000,0.194502,0.5881,20480000,438,335,398
chr1,20480000,0.148394,0.60055,20500000,202,168,237
chr1,20500000,0.1479,0.5868,20520000,130,81,140
chr1,20520000,0.221745,0.5887,20540000,299,281,389
chr1,20540000,0.165863,0.59705,20560000,232,188,285
chr1,20560000,0.144585,0.6009,20580000,129,155,174
chr1,20580000,0.233685,0.5934,20600000,391,385,472
chr1,20600000,0.235993,0.5968,20620000,335,308,373
chr1,20620000,0.159831,0.6092,20640000,208,184,267
chr1,20640000,0.118725,0.61035,20660000,137,108,197
chr1,20660000,0.179475,0.61175,20680000,347,308,285
chr1,20680000,0.287945,0.61005,20700000,526,526,537
chr1,20700000,0.315407,0.57775,20720000,319,299,416
chr1,20720000,0.248586,0.59605,20740000,368,344,418
chr1,20740000,0.567235,0.6122,20760000,1024,1021,965
chr1,20760000,0.325115,0.61585,20780000,355,347,361
chr1,20780000,0.302449,0.613,20800000,326,293,326
chr1,20800000,0.362924,0.6157,20820000,439,370,450
chr1,20820000,0.551463,0.5619,20840000,554,454,620
chr1,20840000,0.453339,0.6148,20860000,797,807,807
chr1,20860000,0.450005,0.61405,20880000,465,439,506
chr1,20880000,0.580551,0.6062,20900000,1006,870,862
chr1,20900000,0.722674,0.60455,20920000,1464,1429,1402
chr1,20920000,0.581776,0.6157,20940000,1792,1989,1662
chr1,20940000,0.925378,0.59575,20960000,1966,1895,1911
chr1,20960000,0.812956,0.52795,20980000,1078,1071,1245
chr1,20980000,0.995299,0.66375,21000000,2503,2511,2696
chr1,21000000,0.962035,0.65565,21020000,2705,2496,2821
chr1,21020000,0.931137,0.58245,21040000,1715,1747,1972
chr1,21040000,0.9884,0.5833,21060000,1871,1812,2028
chr1,21060000,0.970455,0.593,21080000,1683,1646,1883
chr1,21080000,0.885525,0.5748,21100000,1360,1322,1620
chr1,21100000,0.711671,0.57345,21120000,1184,1117,1395
chr1,21120000,0.976816,0.653,21140000,2354,2310,2480
chr1,21140000,0.911633,0.66665,21160000,2091,2097,2297
chr1,21160000,0.819678,0.66255,21180000,2185,2019,2296
chr1,21180000,0.99845,0.6462,21200000,2466,2481,2447
chr1,21200000,1,0.62805,21220000,2232,2284,2480
chr1,21220000,0.99255,0.64735,21240000,2776,2741,2821
chr1,21240000,1,0.6358,21260000,2339,2497,2632
chr1,21260000,0.964003,0.6671,21280000,2383,2316,2618
chr1,21280000,0.976741,0.66125,21300000,3077,2943,3207
chr1,21300000,0.974947,0.6584,21320000,2407,2289,2556
chr1,21320000,0.922696,0.60335,21340000,2039,2141,2367
chr1,21340000,0.921058,0.64105,21360000,2439,2301,2575
chr1,21360000,0.561334,0.5938,21380000,1290,1352,1318
chr1,21380000,0.962814,0.59525,21400000,2206,2148,2312
chr1,21400000,0.993666,0.6535,21420000,2465,2386,2635
chr1,21420000,1,0.653,21440000,2589,2434,2693
chr1,21440000,0.996295,0.6218,21460000,2037,2234,2221
chr1,21460000,1,0.6858,21480000,3010,2938,3093
chr1,21480000,0.944534,0.67685,21500000,2590,2446,2729
chr1,21500000,0.965449,0.64055,21520000,2862,2842,2988
chr1,21520000,0.910085,0.64525,21540000,2786,2620,2799
chr1,21540000,0.884896,0.68085,21560000,8337,6412,7479
chr1,21560000,0.983829,0.6746,21580000,4745,4516,4012
chr1,21580000,0.96793,0.62545,21600000,2140,2223,2318
chr1,21600000,0.993946,0.6443,21620000,2856,2912,2866
chr1,21620000,0.995625,0.6951,21640000,2914,2830,3289
chr1,21640000,0.991142,0.67095,21660000,2647,2602,2655
chr1,21660000,0.94788,0.7074,21680000,3097,2858,3275
chr1,21680000,0.915077,0.6569,21700000,2207,2275,2375
chr1,21700000,0.790845,0.63115,21720000,1712,1758,1814
chr1,21720000,0.994752,0.654,21740000,2246,2299,2468
chr1,21740000,0.972346,0.6255,21760000,2237,2308,2704
chr1,21760000,0.996008,0.64075,21780000,2344,2368,2470
chr1,21780000,0.930614,0.667,21800000,2327,2472,2665
chr1,21800000,0.908521,0.63615,21820000,1907,1956,2167
chr1,21820000,0.996733,0.6473,21840000,2631,2799,2758
chr1,21840000,0.989833,0.68145,21860000,2738,2652,2780
chr1,21860000,0.980354,0.6448,21880000,2258,2279,2401
chr1,21880000,0.99093,0.68065,21900000,2764,2698,2878
chr1,21900000,0.994322,0.66195,21920000,2691,2757,2862
chr1,21920000,0.887637,0.66105,21940000,2354,2331,2438
chr1,21940000,0.987158,0.68195,21960000,2981,2906,3261
chr1,21960000,0.919612,0.67345,21980000,2196,2055,2407
chr1,21980000,0.936957,0.6495,22000000,2046,1981,2259
chr1,22000000,0.977632,0.61835,22020000,1979,2107,2273
chr1,22020000,0.94595,0.6331,22040000,2273,2250,2462
chr1,22040000,0.934558,0.6734,22060000,2439,2493,2608
chr1,22060000,0.98755,0.6535,22080000,2393,2391,2668
chr1,22080000,0.996175,0.66835,22100000,2764,2738,3070
chr1,22100000,0.962871,0.6732,22120000,2541,2491,2615
chr1,22120000,0.907276,0.6638,22140000,2765,2474,2964
chr1,22140000,0.99535,0.68395,22160000,3373,3132,3291
chr1,22160000,0.99485,0.65445,22180000,3186,3087,2817
chr1,22180000,0.867647,0.64935,22200000,1895,1867,2242
chr1,22200000,0.956604,0.7198,22220000,2985,2756,3218
chr1,22220000,0.954387,0.63615,22240000,2825,2528,2728
chr1,22240000,0.910095,0.6413,22260000,2078,2300,2281
chr1,22260000,0.660211,0.5779,22280000,1260,1341,1397
chr1,22280000,0.910028,0.65605,22300000,2265,2258,2462
chr1,22300000,0.96475,0.67565,22320000,2715,2616,3029
chr1,22320000,0.844996,0.6367,22340000,1854,1821,2041
chr1,22340000,0.981924,0.63045,22360000,2138,2253,2310
chr1,22360000,0.993342,0.6589,22380000,2481,2604,2764
chr1,22380000,0.983,0.63775,22400000,3582,3593,3611
chr1,22400000,0.984117,0.64255,22420000,2532,2507,2632
chr1,22420000,0.9301,0.6188,22440000,2354,2292,2342
chr1,22440000,0.872867,0.71565,22460000,2716,2509,2847
chr1,22460000,0.579304,0.7056,22480000,1247,1210,1315
chr1,22480000,0.98085,0.68095,22500000,2968,2719,2977
chr1,22500000,0.9673,0.6988,22520000,2842,2736,2926
chr1,22520000,0.955075,0.65305,22540000,2703,2459,3021
chr1,22540000,0.985633,0.6843,22560000,2679,2516,2960
chr1,22560000,0.988587,0.69245,22580000,2783,2707,2997
chr1,22580000,0.831021,0.675,22600000,2048,1824,2339
chr1,22600000,0.697949,0.60345,22620000,1179,1114,1441
chr1,22620000,0.653931,0.61575,22640000,1040,913,1253
chr1,22640000,0.635696,0.6118,22660000,968,971,1202
chr1,22660000,0.886922,0.65195,22680000,2041,2077,2300
chr1,22680000,0.95308,0.6583,22700000,3475,3030,3162
chr1,22700000,0.996992,0.6448,22720000,2115,2237,2401
chr1,22720000,0.983705,0.67015,22740000,2622,2633,2882
chr1,22740000,0.994125,0.67815,22760000,3104,2855,2985
chr1,22760000,0.976583,0.70075,22780000,2852,2703,3296
chr1,22780000,0.990462,0.68215,22800000,2773,2728,2972
chr1,22800000,0.969119,0.63245,22820000,2231,2188,2471
chr1,22820000,0.982875,0.68135,22840000,2881,2777,3157
chr1,22840000,0.991124,0.6644,22860000,2664,2542,2819
chr1,22860000,0.970158,0.66855,22880000,2531,2529,2822
chr1,22880000,0.922593,0.62815,22900000,2153,2201,2383
chr1,22900000,0.993295,0.6565,22920000,2429,2375,2595
chr1,22920000,0.964398,0.6866,22940000,2593,2587,2937
chr1,22940000,0.998099,0.65115,22960000,2518,2451,2653
chr1,22960000,0.98425,0.6206,22980000,2174,2278,2454
chr1,22980000,0.988433,0.64755,23000000,2393,2534,2511
chr1,23000000,0.922835,0.6473,23020000,2163,2162,2541
chr1,23020000,0.898292,0.58665,23040000,1479,1468,1845
chr1,23040000,0.958762,0.59525,23060000,1816,1939,2070
chr1,23060000,0.9614,0.58455,23080000,1752,1826,1884
chr1,23080000,0.99195,0.62585,23100000,1895,2032,2072
chr1,23100000,0.999175,0.66585,23120000,2532,2618,2743
chr1,23120000,0.999525,0.64535,23140000,2738,2843,3176
chr1,23140000,0.967432,0.64935,23160000,1929,1778,2002
chr1,23160000,0.982522,0.6284,23180000,1556,1552,1752
chr1,23180000,0.964004,0.62085,23200000,2460,2406,2580
chr1,23200000,0.980712,0.6613,23220000,2160,2160,2316
chr1,23220000,0.9922,0.6639,23240000,3346,3737,3407
chr1,23240000,0.986133,0.66175,23260000,2562,2615,2734
chr1,23260000,0.994992,0.6996,23280000,3165,2931,3278
chr1,23280000,0.972458,0.6721,23300000,2753,2596,2888
chr1,23300000,0.996892,0.6779,23320000,2733,2689,2923
chr1,23320000,0.938328,0.67235,23340000,2471,2372,2586
chr1,23340000,0.983643,0.6518,23360000,2466,2524,2648
chr1,23360000,0.996475,0.67045,23380000,2537,2648,2879
chr1,23380000,0.878159,0.67155,23400000,3108,3067,3108
chr1,23400000,0.994531,0.67135,23420000,2575,2553,2757
chr1,23420000,0.94815,0.64005,23440000,2107,2264,2354
chr1,23440000,0.983019,0.6783,23460000,2775,2667,2933
chr1,23460000,0.967575,0.68615,23480000,2754,2654,2856
chr1,23480000,0.997108,0.6707,23500000,2802,2878,2862
chr1,23500000,0.965601,0.6727,23520000,2935,2775,3054
chr1,23520000,0.96055,0.6927,23540000,2735,2637,2958
chr1,23540000,0.986742,0.6642,23560000,2640,2645,2738
chr1,23560000,0.890407,0.5809,23580000,1693,1772,1986
chr1,23580000,0.935586,0.6295,23600000,2174,2173,2400
chr1,23600000,0.814219,0.6616,23620000,3114,2886,3088
chr1,23620000,0.994075,0.69355,23640000,2841,2901,2963
chr1,23640000,0.675142,0.56545,23660000,1239,1251,1423
chr1,23660000,0.387621,0.62355,23680000,312,282,406
chr1,23680000,0.257331,0.5167,23700000,73,87,79
chr1,23700000,0.308345,0.56975,23720000,94,110,115
chr1,23720000,0.357767,0.56155,23740000,205,241,292
chr1,23740000,0.923671,0.61315,23760000,1695,1903,1903
chr1,23760000,0.901949,0.6933,23780000,2550,2358,2832
chr1,23780000,0.992117,0.62745,23800000,2347,2309,2523
chr1,23800000,1,0.61635,23820000,1705,1847,1771
chr1,23820000,0.891879,0.65665,23840000,2666,2330,3010
chr1,23840000,0.984307,0.6332,23860000,2034,2177,2194
chr1,23860000,1,0.64765,23880000,2363,2452,2383
chr1,23880000,0.945467,0.6425,23900000,1832,2037,2151
chr1,23900000,1,0.64595,23920000,2237,2380,2556
chr1,23920000,0.937358,0.63045,23940000,1809,1994,2193
chr1,23940000,0.956079,0.65995,23960000,2345,2298,2487
chr1,23960000,0.998355,0.62095,23980000,1982,2083,2105
chr1,23980000,0.997276,0.6414,24000000,2285,2338,2465
chr1,24000000,0.998767,0.63265,24020000,2178,2342,2304
chr1,24020000,0.930663,0.62085,24040000,1865,1770,2023
chr1,24040000,0.977657,0.6427,24060000,2214,2190,2458
chr1,24060000,1,0.6206,24080000,1986,2266,2077
chr1,24080000,1,0.63215,24100000,2218,2344,2297
chr1,24100000,0.997633,0.63405,24120000,2288,2409,2400
chr1,24120000,0.911437,0.65995,24140000,2334,2222,2664
chr1,24140000,0.978199,0.6651,24160000,2594,2545,2757
chr1,24160000,0.88977,0.6476,24180000,2021,1990,2351
chr1,24180000,0.99815,0.66265,24200000,2467,2680,2829
chr1,24200000,0.984233,0.68655,24220000,2963,2739,3080
chr1,24220000,0.991718,0.64445,24240000,2205,2332,2337
chr1,24240000,0.895223,0.64885,24260000,2033,2151,2298
chr1,24260000,0.974585,0.6732,24280000,2648,2534,2909
chr1,24280000,0.99125,0.657,24300000,2521,2408,2711
chr1,24300000,1,0.60915,24320000,1865,2022,1900
chr1,24320000,0.994025,0.65125,24340000,2430,2402,2607
chr1,24340000,0.942562,0.6315,24360000,1958,2021,2300
chr1,24360000,0.918148,0.6187,24380000,1942,1918,2215
chr1,24380000,0.999375,0.6736,24400000,2606,2575,2738
chr1,24400000,0.97778,0.6476,24420000,2167,2202,2347
chr1,24420000,1,0.667,24440000,2567,2604,2551
chr1,24440000,0.983088,0.6799,24460000,2757,2817,3074
chr1,24460000,0.974317,0.6353,24480000,2372,2350,2671
chr1,24480000,0.833842,0.66755,24500000,1998,2010,2146
chr1,24500000,0.937715,0.65885,24520000,2164,2301,2405
chr1,24520000,0.999975,0.6349,24540000,2569,2778,2815
chr1,24540000,0.984479,0.6588,24560000,2337,2390,2707
chr1,24560000,0.894087,0.63275,24580000,2092,2169,2309
chr1,24580000,0.939754,0.6261,24600000,2036,2137,2099
chr1,24600000,0.928124,0.68585,24620000,2522,2303,2581
chr1,24620000,0.526837,0.6077,24640000,605,568,721
chr1,24640000,0.918358,0.69215,24660000,2954,2852,2991
chr1,24660000,0.96436,0.5605,24680000,1809,1833,2172
chr1,24680000,0.805729,0.6679,24700000,2160,1905,2603
chr1,24700000,0.881017,0.64105,24720000,1603,1577,1936
chr1,24720000,1,0.62305,24740000,1867,2086,1949
chr1,24740000,0.989752,0.66195,24760000,2356,2486,2698
chr1,24760000,0.975842,0.66445,24780000,2430,2418,2732
chr1,24780000,0.997675,0.6696,24800000,2724,2684,2886
chr1,24800000,0.991642,0.69765,24820000,3171,2958,3408
chr1,24820000,0.987942,0.66475,24840000,2775,2675,2946
chr1,24840000,0.956546,0.68725,24860000,2603,2511,2882
chr1,24860000,0.909248,0.6076,24880000,2019,1986,2140
chr1,24880000,0.862525,0.5835,24900000,1588,1585,1723
chr1,24900000,1,0.65215,24920000,2461,2543,2535
chr1,24920000,1,0.63475,24940000,1909,2235,2198
chr1,24940000,0.98017,0.64205,24960000,2157,2184,2443
chr1,24960000,0.958503,0.6496,24980000,2235,2073,2523
chr1,24980000,0.9986,0.63385,25000000,2187,2268,2249
chr1,25000000,1,0.6838,25020000,3462,3436,3254
chr1,25020000,1,0.6462,25040000,3608,3512,3130
chr1,25040000,0.991762,0.6369,25060000,2678,2458,2784
chr1,25060000,0.974238,0.61735,25080000,2160,2130,2391
chr1,25080000,0.993245,0.62505,25100000,2617,2562,2456
chr1,25100000,0.999775,0.62735,25120000,2090,2211,2135
chr1,25120000,0.99825,0.6208,25140000,1878,1945,1931
chr1,25140000,1,0.62825,25160000,1971,2159,2130
chr1,25160000,0.978298,0.66855,25180000,2642,2449,2722
chr1,25180000,0.817075,0.6348,25200000,1762,1668,2011
chr1,25200000,0.930885,0.69425,25220000,2715,2527,2945
chr1,25220000,1,0.6348,25240000,2032,2013,2129
chr1,25240000,0.994351,0.6205,25260000,1912,2140,2096
chr1,25260000,0.99491,0.6139,25280000,1646,1764,1892
chr1,25280000,0.878942,0.62955,25300000,2212,2157,2539
chr1,25300000,0.8477,0.65655,25320000,5923,5720,6549
chr1,25320000,0.858366,0.6451,25340000,5887,6747,7092
chr1,25340000,0.881896,0.62435,25360000,1232,1896,2283
chr1,25360000,0.9926,0.61915,25380000,890,1885,1989
chr1,25380000,0.98475,0.6709,25400000,1211,2429,2723
chr1,25400000,0.943026,0.634,25420000,1040,1962,2241
chr1,25420000,1,0.6429,25440000,1105,2363,2376
chr1,25440000,0.998625,0.63395,25460000,1055,2236,2279
chr1,25460000,0.989522,0.63265,25480000,1033,2154,2356
chr1,25480000,0.924151,0.61395,25500000,1055,1837,2102
chr1,25500000,0.975642,0.6639,25520000,1146,2246,2542
chr1,25520000,0.938075,0.66845,25540000,1257,2404,2945
chr1,25540000,0.99155,0.6611,25560000,1214,2447,2718
chr1,25560000,1,0.63075,25580000,1131,2382,2239
chr1,25580000,0.994842,0.6432,25600000,1146,2344,2289
chr1,25600000,0.970403,0.6524,25620000,1135,2340,2429
chr1,25620000,0.627362,0.64775,25640000,599,1119,1258
chr1,25640000,0.992828,0.64135,25660000,1164,2257,2494
chr1,25660000,1,0.66395,25680000,1172,2493,2443
chr1,25680000,0.996425,0.67025,25700000,1223,2704,2646
chr1,25700000,0.99585,0.67935,25720000,1999,3259,3838
chr1,25720000,1,0.67005,25740000,1459,2580,2693
chr1,25740000,0.949064,0.69745,25760000,1509,2534,2964
chr1,25760000,0.9999,0.69395,25780000,1510,2695,3114
chr1,25780000,0.837312,0.64785,25800000,1026,1777,2211
chr1,25800000,0.974362,0.64005,25820000,1116,2224,2325
chr1,25820000,1,0.6521,25840000,1254,2482,2411
chr1,25840000,0.954534,0.67115,25860000,1210,2403,2645
chr1,25860000,0.992277,0.6939,25880000,1398,2631,3023
chr1,25880000,0.973483,0.6854,25900000,2090,2702,2902
chr1,25900000,0.98763,0.68085,25920000,5170,3760,2831
chr1,25920000,0.926819,0.63265,25940000,4256,3046,2384
chr1,25940000,0.9961,0.6403,25960000,4441,3438,2510
chr1,25960000,0.980192,0.65425,25980000,4121,3264,2242
chr1,25980000,0.893614,0.6944,26000000,3746,2727,3309
chr1,26000000,0.839868,0.62925,26020000,3014,2094,2521
chr1,26020000,1,0.64755,26040000,4777,3695,3812
chr1,26040000,0.415421,0.67315,26060000,1523,1057,1265
chr1,26060000,0.566834,0.60855,26080000,1436,1081,1143
chr1,26080000,0.989142,0.62165,26100000,4025,3055,3175
chr1,26100000,1,0.61555,26120000,3753,3174,3017
chr1,26120000,0.924539,0.6145,26140000,3614,2693,2891
chr1,26140000,0.993892,0.64705,26160000,4377,3442,3405
chr1,26160000,0.9999,0.6337,26180000,4487,3302,3361
chr1,26180000,0.999,0.65915,26200000,5055,3722,3890
chr1,26200000,0.9487,0.62535,26220000,3558,2863,2928
chr1,26220000,0.944189,0.6454,26240000,4287,3467,3630
chr1,26240000,0.995158,0.65505,26260000,4306,3252,3433
chr1,26260000,0.988874,0.665,26280000,4417,3742,3780
chr1,26280000,0.988435,0.5236,26300000,2748,2069,2401
chr1,26300000,0.937327,0.5851,26320000,3558,2663,2922
chr1,26320000,0.812981,0.6102,26340000,3121,2490,2454
chr1,26340000,0.999975,0.643,26360000,4007,3329,3105
chr1,26360000,0.984867,0.6666,26380000,4704,3482,3807
chr1,26380000,0.984692,0.66885,26400000,4670,3417,3842
chr1,26400000,0.973487,0.65735,26420000,4510,3339,3585
chr1,26420000,0.933267,0.64735,26440000,4106,3303,3279
chr1,26440000,0.997525,0.6557,26460000,4605,3507,3770
chr1,26460000,0.467287,0.63285,26480000,762,681,741
chr1,26480000,0.818425,0.663,26500000,3750,2842,3185
chr1,26500000,1,0.6964,26520000,5487,4107,4231
chr1,26520000,0.999775,0.66755,26540000,4947,3789,3995
chr1,26540000,0.999,0.67485,26560000,5279,3826,4349
chr1,26560000,0.987137,0.6681,26580000,4729,3597,3900
chr1,26580000,0.975923,0.6761,26600000,4869,3413,4175
chr1,26600000,0.96841,0.64115,26620000,4398,3222,3680
chr1,26620000,0.967643,0.62785,26640000,3963,2859,3271
chr1,26640000,0.930093,0.6682,26660000,4706,3419,3871
chr1,26660000,0.7694,0.6246,26680000,2669,1921,2281
chr1,26680000,1,0.6486,26700000,4753,3595,3794
chr1,26700000,0.998525,0.64015,26720000,3866,3082,3385
chr1,26720000,0.988721,0.6789,26740000,5086,3720,4177
chr1,26740000,0.991255,0.66495,26760000,3836,2705,3196
chr1,26760000,0.968575,0.63775,26780000,3993,3184,3230
chr1,26780000,0.983772,0.65785,26800000,4714,3454,3945
chr1,26800000,0.972277,0.64285,26820000,7134,4804,5741
chr1,26820000,0.95411,0.6276,26840000,3973,3026,3341
chr1,26840000,0.9679,0.6755,26860000,5072,3550,4120
chr1,26860000,0.972521,0.6665,26880000,5006,3556,4051
chr1,26880000,0.959468,0.62235,26900000,3713,3010,3147
chr1,26900000,0.998992,0.647,26920000,4686,3509,3728
chr1,26920000,0.987196,0.66115,26940000,5121,3822,4170
chr1,26940000,0.974046,0.67315,26960000,4933,3513,4097
chr1,26960000,0.961441,0.68865,26980000,5373,3847,4414
chr1,26980000,0.9783,0.6321,27000000,4116,3323,3272
chr1,27000000,0.991725,0.63475,27020000,4124,3332,3364
chr1,27020000,0.989252,0.665,27040000,4964,3599,4286
chr1,27040000,0.998275,0.6491,27060000,4610,3496,3750
chr1,27060000,0.967047,0.67145,27080000,5239,3812,4245
chr1,27080000,0.884712,0.61615,27100000,3463,2625,2801
chr1,27100000,0.970642,0.68135,27120000,5086,3724,4372
chr1,27120000,0.86113,0.6518,27140000,4449,3169,3590
chr1,27140000,1,0.6373,27160000,4307,3171,3562
chr1,27160000,0.995425,0.6199,27180000,4022,3211,3131
chr1,27180000,0.975561,0.6478,27200000,4479,3416,3737
chr1,27200000,0.872654,0.6601,27220000,4258,3072,3517
chr1,27220000,0.959816,0.6426,27240000,4028,2985,3492
chr1,27240000,0.997112,0.6583,27260000,4674,3428,3804
chr1,27260000,0.992176,0.67065,27280000,4786,3663,4147
chr1,27280000,0.988425,0.61865,27300000,3486,2862,2903
chr1,27300000,0.988783,0.62705,27320000,4029,3166,3277
chr1,27320000,0.9963,0.63585,27340000,3955,3195,3102
chr1,27340000,0.947862,0.6486,27360000,4198,3182,3337
chr1,27360000,0.98979,0.672,27380000,4117,2897,3366
chr1,27380000,0.964512,0.6164,27400000,4782,3603,4028
chr1,27400000,0.997746,0.64855,27420000,4627,3551,3696
chr1,27420000,0.968388,0.64695,27440000,5298,4286,4720
chr1,27440000,0.807095,0.62285,27460000,3036,2213,2656
chr1,27460000,0.977869,0.6502,27480000,4366,3114,3621
chr1,27480000,0.896317,0.70335,27500000,5388,3559,4648
chr1,27500000,0.996125,0.6285,27520000,4157,3334,3228
chr1,27520000,0.982283,0.6263,27540000,4021,3166,3182
chr1,27540000,0.892111,0.6509,27560000,4021,2893,3654
chr1,27560000,0.975,0.65635,27580000,4385,3181,3647
chr1,27580000,0.9041,0.66095,27600000,4183,3023,3655
chr1,27600000,0.590017,0.6568,27620000,2347,1971,1871
chr1,27620000,0.711879,0.63265,27640000,2406,1702,2006
chr1,27640000,0.992269,0.64675,27660000,4025,3024,3359
chr1,27660000,0.975183,0.6472,27680000,4295,3062,3577
chr1,27680000,0.924042,0.62965,27700000,3679,2996,3128
chr1,27700000,0.919787,0.65595,27720000,4602,3510,3734
chr1,27720000,0.925528,0.65105,27740000,4483,3109,3968
chr1,27740000,0.983511,0.63215,27760000,3788,3063,3242
chr1,27760000,0.968375,0.6265,27780000,3655,3103,2992
chr1,27780000,0.970917,0.6358,27800000,4008,2932,3110
chr1,27800000,0.824658,0.6522,27820000,4206,3068,3685
chr1,27820000,1,0.64935,27840000,5001,3971,4015
chr1,27840000,1,0.6336,27860000,3993,3155,3252
chr1,27860000,0.988065,0.6657,27880000,4553,3340,3922
chr1,27880000,1,0.634,27900000,4127,3147,3238
chr1,27900000,1,0.62035,27920000,3752,3128,3044
chr1,27920000,0.985775,0.63575,27940000,4230,3260,3240
chr1,27940000,0.945376,0.6395,27960000,3904,2933,3205
chr1,27960000,0.979897,0.63865,27980000,4924,3715,4134
chr1,27980000,0.9854,0.60715,28000000,3761,2968,3138
chr1,28000000,1,0.6259,28020000,4094,3388,3260
chr1,28020000,0.9861,0.64215,28040000,4584,3224,3920
chr1,28040000,0.839963,0.63165,28060000,3649,2739,2876
chr1,28060000,1,0.64805,28080000,4186,3178,3600
chr1,28080000,0.993354,0.6393,28100000,4346,3215,3444
chr1,28100000,0.920824,0.623,28120000,4058,3069,3465
chr1,28120000,1,0.65035,28140000,4616,3471,3623
chr1,28140000,0.730165,0.59005,28160000,2365,1684,2104
chr1,28160000,0.8525,0.56975,28180000,2842,2111,2255
chr1,28180000,0.995004,0.64295,28200000,4349,3401,3559
chr1,28200000,0.884415,0.63,28220000,3623,2791,3088
chr1,28220000,0.999875,0.63485,28240000,4275,3268,3489
chr1,28240000,0.99931,0.5909,28260000,3161,2748,2664
chr1,28260000,0.94555,0.64895,28280000,4583,3447,3816
chr1,28280000,0.911713,0.62205,28300000,3389,2808,2759
chr1,28300000,0.9357,0.6377,28320000,3807,3374,3422
chr1,28320000,0.99935,0.6247,28340000,3968,3308,3222
chr1,28340000,0.926575,0.68265,28360000,8688,6204,7774
chr1,28360000,0.890394,0.6429,28380000,4575,3293,3650
chr1,28380000,0.939219,0.61945,28400000,3681,2935,3037
chr1,28400000,0.9958,0.6187,28420000,3695,3031,2783
chr1,28420000,0.980623,0.6124,28440000,3270,2790,2768
chr1,28440000,0.972319,0.6574,28460000,4733,3574,3949
chr1,28460000,0.995595,0.62065,28480000,4092,3050,3329
chr1,28480000,0.999617,0.61375,28500000,3651,2953,2920
chr1,28500000,0.714012,0.57285,28520000,3170,2468,2816
chr1,28520000,0.802919,0.54955,28540000,1752,1253,1718
chr1,28540000,0.732901,0.5298,28560000,1763,1162,1716
chr1,28560000,0.816771,0.5367,28580000,2109,1517,2030
chr1,28580000,0.706113,0.55255,28600000,2472,1735,2120
chr1,28600000,0.857356,0.58175,28620000,2550,1820,2456
chr1,28620000,0.56202,0.5813,28640000,2140,1788,1871
chr1,28640000,0.651702,0.5752,28660000,3575,2375,2567
chr1,28660000,0.74344,0.6033,28680000,3552,2712,2956
chr1,28680000,0.109107,0.4987,28700000,343,326,301
chr2,0,0.782603,0.6153,20000,930,1748,2089
chr2,20000,0.941001,0.5991,40000,1127,1987,2152
chr2,40000,0.716651,0.56505,60000,587,1130,1301
chr2,60000,0.895172,0.62575,80000,903,1780,1980
chr2,80000,0.984704,0.6288,100000,1048,2056,2287
chr2,100000,0.966387,0.6074,120000,1690,2688,2636
chr2,120000,0.940617,0.6516,140000,1196,2108,2550
chr2,140000,0.943651,0.6092,160000,891,1924,1914
chr2,160000,0.998075,0.60185,180000,855,1760,1659
chr2,180000,1,0.6144,200000,1023,2229,2158
chr2,200000,0.997767,0.62845,220000,1094,2147,2145
chr2,220000,0.995781,0.64275,240000,1102,2319,2309
chr2,240000,0.967161,0.6657,260000,1351,2466,2680
chr2,260000,0.994213,0.68975,280000,1421,2711,2914
chr2,280000,0.998383,0.64665,300000,1353,2667,2581
chr2,300000,0.995142,0.6617,320000,1174,2158,2545
chr2,320000,0.933903,0.6105,340000,1613,2693,2460
chr2,340000,0.974657,0.63035,360000,1088,2197,2285
chr2,360000,0.945452,0.61925,380000,934,1960,2111
chr2,380000,0.966125,0.6278,400000,1091,2189,2363
chr2,400000,0.921244,0.61155,420000,1135,2015,2190
chr2,420000,1,0.635,440000,1204,2466,2396
chr2,440000,0.99985,0.6811,460000,1374,2765,3034
chr2,460000,0.837196,0.6308,480000,934,1927,2089
chr2,480000,0.697058,0.63285,500000,410,820,851
chr2,500000,0.75165,0.66065,520000,605,1305,1308
chr2,520000,0.983099,0.6673,540000,1110,2126,2437
chr2,540000,0.985822,0.61745,560000,1011,2064,2171
chr2,560000,0.844447,0.65555,580000,896,1728,2022
chr2,580000,0.244858,0.62365,600000,1,0,1
chr2,600000,0.757037,0.57365,620000,733,1410,1425
chr2,620000,0.929602,0.6018,640000,949,2010,2114
chr2,640000,0.960058,0.6138,660000,1011,2137,1958
chr2,660000,0.923917,0.62195,680000,872,1892,2164
chr2,680000,0.95026,0.60945,700000,933,1925,2072
chr2,700000,0.906832,0.5991,720000,992,1954,2187
chr2,720000,0.973058,0.64235,740000,1173,2255,2342
chr2,740000,0.918029,0.6503,760000,977,1868,2032
chr2,760000,0.995461,0.6398,780000,1111,2280,2232
chr2,780000,0.971498,0.64485,800000,1187,2282,2421
chr2,800000,0.9914,0.6717,820000,1398,2785,2902
chr2,820000,0.999925,0.626,840000,1045,2138,2223
chr2,840000,0.999175,0.6651,860000,1295,2592,2633
chr2,860000,1,0.64015,880000,872,1560,1626
chr2,880000,0.992575,0.6366,900000,1161,2246,2476
chr2,900000,0.988144,0.64785,920000,1048,2231,2487
chr2,920000,0.94382,0.6375,940000,1675,2678,2609
chr2,940000,0.97878,0.6953,960000,1628,2881,3239
chr2,960000,0.731275,0.59695,980000,973,1708,1781
chr2,980000,0.798936,0.61455,1000000,885,1690,1883
chr2,1000000,0.9868,0.692,1020000,2036,3567,3157
chr2,1020000,0.975355,0.6403,1040000,1159,2007,2224
chr2,1040000,0.965367,0.6756,1060000,3478,4272,4320
chr2,1060000,0.966575,0.6761,1080000,2186,3115,3198
chr2,1080000,0.813829,0.621,1100000,740,1465,1552
chr2,1100000,0.98155,0.6508,1120000,1091,2283,2285
chr2,1120000,0.983451,0.69745,1140000,1700,2810,3182
chr2,1140000,0.99655,0.6573,1160000,1206,2420,2501
chr2,1160000,1,0.65635,1180000,1200,2544,2487
chr2,1180000,0.975975,0.6499,1200000,1495,2695,2915
chr2,1200000,0.725216,0.5563,1220000,850,1372,1585
chr2,1220000,0.968838,0.63625,1240000,1158,2361,2267
chr2,1240000,0.94665,0.667,1260000,1185,2277,2556
chr2,1260000,0.98858,0.68195,1280000,1323,2618,3130
chr2,1280000,0.9944,0.64305,1300000,1270,2427,2558
chr2,1300000,0.935252,0.67585,1320000,1243,2408,2833
chr2,1320000,1,0.64275,1340000,1189,2342,2450
chr2,1340000,0.972686,0.64055,1360000,1662,2750,2866
chr2,1360000,0.998274,0.66675,1380000,1606,2376,2628
chr2,1380000,0.964842,0.64245,1400000,2805,3304,3294
chr2,1400000,0.976967,0.6697,1420000,1471,2487,2759
chr2,1420000,0.992122,0.68645,1440000,1621,2686,2997
chr2,1440000,0.988525,0.64065,1460000,932,1897,2057
chr2,1460000,0.966895,0.6717,1480000,1252,2474,2653
chr2,1480000,0.999138,0.6501,1500000,1191,2436,2329
chr2,1500000,0.989613,0.64755,1520000,1393,2552,2447
chr2,1520000,0.968366,0.68885,1540000,1355,2477,2986
chr2,1540000,0.989348,0.65985,1560000,1516,2851,2771
chr2,1560000,0.894454,0.601,1580000,937,1860,1983
chr2,1580000,0.915012,0.6433,1600000,1972,3009,3361
chr2,1600000,0.973254,0.6816,1620000,1294,2515,2972
chr2,1620000,0.956742,0.6745,1640000,1250,2458,2745
chr2,1640000,0.940664,0.65475,1660000,1023,2137,2497
chr2,1660000,0.957348,0.64205,1680000,1144,2361,2586
chr2,1680000,0.995055,0.65735,1700000,1200,2498,2641
chr2,1700000,1,0.66155,1720000,1263,2517,2675
chr2,1720000,0.99955,0.7045,1740000,1513,2873,3206
chr2,1740000,0.997524,0.65925,1760000,1199,2403,2750
chr2,1760000,0.971742,0.6363,1780000,1106,2172,2270
chr2,1780000,0.911192,0.65325,1800000,1126,2216,2465
chr2,1800000,0.950819,0.6829,1820000,1274,2510,2817
chr2,1820000,0.953354,0.65645,1840000,1321,2471,2558
chr2,1840000,0.997375,0.67535,1860000,1521,2831,3160
chr2,1860000,1,0.62785,1880000,1035,2191,2078
chr2,1880000,0.945677,0.56505,1900000,929,1867,1876
chr2,1900000,0.973365,0.6487,1920000,1316,2437,2636
chr2,1920000,0.989575,0.6376,1940000,1191,2358,2323
chr2,1940000,0.988828,0.65825,1960000,1290,2569,2651
chr2,1960000,0.981225,0.6151,1980000,1065,2288,2111
chr2,1980000,0.984147,0.6561,2000000,1299,2528,2718
chr2,2000000,0.951928,0.6186,2020000,1526,2325,2846
chr2,2020000,0.643976,0.6273,2040000,630,1265,1344
chr2,2040000,0.23567,0.6385,2060000,67,96,151
chr2,2060000,0.206045,0.6331,2080000,0,6,12
chr2,2080000,0.209676,0.6346,2100000,1,7,9
chr2,2100000,0.569867,0.632,2120000,463,1103,1002
chr2,2120000,0.817416,0.6391,2140000,716,1687,1640
chr2,2140000,0.9033,0.6789,2160000,1162,2350,2621
chr2,2160000,0.98112,0.69485,2180000,1510,2824,3100
chr2,2180000,0.990921,0.6389,2200000,993,2217,2265
chr2,2200000,0.859796,0.5981,2220000,1377,1875,2180
chr2,2220000,0.980625,0.58755,2240000,1169,2110,2183
chr2,2240000,0.997387,0.6623,2260000,1263,2526,2519
chr2,2260000,0.999192,0.66185,2280000,1315,2659,2738
chr2,2280000,0.97835,0.674,2300000,1721,3401,3019
chr2,2300000,0.971517,0.65685,2320000,1287,2411,2563
chr2,2320000,0.989475,0.65285,2340000,1583,2665,2912
chr2,2340000,0.944382,0.6328,2360000,1798,2875,2867
chr2,2360000,0.989225,0.67685,2380000,1345,2679,2991
chr2,2380000,0.988633,0.69755,2400000,1585,3029,3238
chr2,2400000,0.994822,0.66815,2420000,1291,2588,2684
chr2,2420000,0.945761,0.65615,2440000,1155,2348,2462
chr2,2440000,0.955775,0.67315,2460000,1244,2326,2913
chr2,2460000,0.634043,0.64665,2480000,644,1278,1408
chr2,2480000,0.9965,0.6518,2500000,1255,2467,2479
chr2,2500000,0.99695,0.6103,2520000,941,2133,1854
chr2,2520000,0.878119,0.6079,2540000,899,1818,1828
chr2,2540000,0.97165,0.608,2560000,865,2079,1789
chr2,2560000,1,0.6166,2580000,819,2022,1891
chr2,2580000,0.99335,0.68245,2600000,1407,2718,2940
chr2,2600000,0.967813,0.65765,2620000,1198,2487,2715
chr2,2620000,0.941372,0.6151,2640000,1310,2256,2583
chr2,2640000,0.96771,0.641,2660000,1202,2375,2471
chr2,2660000,0.907892,0.64635,2680000,804,1440,1661
chr2,2680000,0.740579,0.6822,2700000,943,1472,1898
chr2,2700000,0.969292,0.6258,2720000,2333,2812,2853
chr2,2720000,0.989858,0.65815,2740000,1692,2647,2955
chr2,2740000,1,0.667,2760000,1429,2744,2925
chr2,2760000,0.994108,0.6779,2780000,1224,2529,2704
chr2,2780000,1,0.67945,2800000,1296,2819,3001
chr2,2800000,1,0.6684,2820000,1270,2624,2776
chr2,2820000,1,0.64075,2840000,1110,2361,2464
chr2,2840000,0.9959,0.63735,2860000,1162,2417,2347
chr2,2860000,0.995975,0.6683,2880000,1747,3565,3233
chr2,2880000,0.999625,0.634,2900000,2433,3511,3548
chr2,2900000,0.998967,0.62885,2920000,1203,2432,2435
chr2,2920000,0.99125,0.6519,2940000,1215,2438,2635
chr2,2940000,0.99945,0.65155,2960000,1145,2486,2420
chr2,2960000,0.991654,0.66985,2980000,1337,2606,2859
chr2,2980000,0.793763,0.55345,3000000,643,1272,1397
chr2,3000000,0.9974,0.6553,3020000,1162,2385,2432
chr2,3020000,0.99915,0.64555,3040000,1157,2403,2322
chr2,3040000,0.881872,0.62995,3060000,896,1858,2118
chr2,3060000,0.9995,0.64495,3080000,1208,2465,2558
chr2,3080000,0.951958,0.66715,3100000,1121,2203,2472
chr2,3100000,0.928983,0.631,3120000,912,2004,2031
chr2,3120000,0.950679,0.653,3140000,1121,1866,2098
chr2,3140000,0.990994,0.63095,3160000,1026,2271,2150
chr2,3160000,0.9757,0.64245,3180000,1107,2266,2387
chr2,3180000,0.99815,0.64945,3200000,2080,2842,2826
chr2,3200000,0.99295,0.6676,3220000,1231,2490,2659
chr2,3220000,0.99498,0.6547,3240000,1181,2501,2434
chr2,3240000,0.992808,0.63225,3260000,1174,2408,2561
chr2,3260000,0.975833,0.6384,3280000,1040,2202,2294
chr2,3280000,0.962847,0.5941,3300000,944,1870,2071
chr2,3300000,0.975747,0.62235,3320000,1208,2108,2434
chr2,3320000,0.970206,0.6647,3340000,1214,2537,2736
chr2,3340000,0.93509,0.63335,3360000,999,1994,2292
chr2,3360000,0.988408,0.5857,3380000,887,1800,1936
chr2,3380000,0.987405,0.69945,3400000,1381,2534,2989
chr2,3400000,0.974607,0.6534,3420000,1404,2664,2603
chr2,3420000,1,0.6555,3440000,1475,2759,2795
chr2,3440000,0.992825,0.66175,3460000,1284,2507,2770
chr2,3460000,0.829036,0.62575,3480000,914,1794,2070
chr2,3480000,0.959612,0.6912,3500000,1605,2604,3182
chr2,3500000,0.98645,0.64945,3520000,1270,2398,2710
chr2,3520000,1,0.6404,3540000,1136,2305,2343
chr2,3540000,1,0.65825,3560000,1296,2437,2657
chr2,3560000,0.966717,0.6585,3580000,1151,2336,2687
chr2,3580000,0.982184,0.65815,3600000,1313,2559,2716
chr2,3600000,0.947711,0.6033,3620000,1083,2174,2270
chr2,3620000,0.968321,0.6306,3640000,1559,2617,2726
chr2,3640000,0.734305,0.58835,3660000,803,1493,1661
chr2,3660000,0.846855,0.574,3680000,817,1506,1673
chr2,3680000,0.923711,0.6577,3700000,1235,2433,2596
chr2,3700000,0.964947,0.62315,3720000,1291,2289,2710
chr2,3720000,0.995942,0.6363,3740000,1381,2770,2665
chr2,3740000,1,0.69295,3760000,1376,2630,2688
chr2,3760000,0.9954,0.68275,3780000,1420,2503,2808
chr2,3780000,0.983821,0.6771,3800000,1324,2589,2870
chr2,3800000,0.968623,0.64515,3820000,1162,2217,2322
chr2,3820000,0.959455,0.60635,3840000,938,1963,2048
chr2,3840000,0.935147,0.64085,3860000,1502,2429,2630
chr2,3860000,0.987547,0.6556,3880000,1844,3062,3178
chr2,3880000,0.918179,0.634,3900000,1000,2085,2197
chr2,3900000,0.99985,0.6198,3920000,1110,2206,2501
chr2,3920000,0.978721,0.64195,3940000,1154,2297,2471
chr2,3940000,0.9834,0.67125,3960000,1333,2611,3047
chr2,3960000,0.924271,0.63365,3980000,1969,2705,2985
chr2,3980000,0.969951,0.6503,4000000,1221,2307,2495
chr2,4000000,0.986102,0.66475,4020000,1247,2527,2644
chr2,4020000,0.997617,0.67365,4040000,1424,2591,2908
chr2,4040000,0.949025,0.67185,4060000,1325,2316,2725
chr2,4060000,0.998025,0.65215,4080000,1148,2353,2366
chr2,4080000,0.98347,0.6796,4100000,1589,2745,3149
chr2,4100000,0.896119,0.56865,4120000,701,1424,1625
chr2,4120000,0.97457,0.66205,4140000,1245,2280,2479
chr2,4140000,0.998075,0.6729,4160000,1326,2677,2822
chr2,4160000,0.945292,0.65625,4180000,1339,2470,2706
chr2,4180000,0.929296,0.6247,4200000,963,1863,2027
chr2,4200000,0.989289,0.58975,4220000,1129,2130,2235
chr2,4220000,0.956508,0.6468,4240000,1219,2351,2647
chr2,4240000,0.977868,0.64855,4260000,1278,2464,2696
chr2,4260000,0.843451,0.63185,4280000,1027,2060,2165
chr2,4280000,0.9816,0.68935,4300000,1297,2593,2726
chr2,4300000,1,0.63055,4320000,1248,2555,2483
chr2,4320000,0.904496,0.5752,4340000,855,1756,1975
chr2,4340000,0.647175,0.70495,4360000,888,1817,1998
chr2,4360000,0.977043,0.69495,4380000,1597,2788,3318
chr2,4380000,0.970375,0.6869,4400000,1358,2682,2835
chr2,4400000,0.873292,0.6231,4420000,911,1780,1923
chr2,4420000,0.885322,0.6551,4440000,5795,9191,7724
chr2,4440000,0.971132,0.66965,4460000,1342,2532,2903
chr2,4460000,0.985875,0.6354,4480000,2128,3667,3043
chr2,4480000,0.856408,0.6342,4500000,20339,23379,24308
chr2,4500000,0.955217,0.6526,4520000,21366,27827,25108
chr2,4520000,0.923755,0.6563,4540000,1296,2329,2485
chr2,4540000,0.810594,0.65985,4560000,862,1660,1962
chr2,4560000,0.9824,0.6401,4580000,959,2068,2101
chr2,4580000,0.934689,0.58595,4600000,1189,1983,2208
chr2,4600000,0.9991,0.6543,4620000,1302,2374,2526
chr2,4620000,1,0.62605,4640000,879,1849,1904
chr2,4640000,0.979412,0.6132,4660000,865,1750,1985
chr2,4660000,0.989947,0.7094,4680000,1605,2930,3580
chr2,4680000,0.99877,0.6731,4700000,1364,2516,2851
chr2,4700000,0.9876,0.6623,4720000,2022,3252,3324
chr2,4720000,0.979416,0.6441,4740000,1118,2280,2528
chr2,4740000,1,0.63935,4760000,1052,2222,2105
chr2,4760000,0.88747,0.62695,4780000,816,1866,1801
chr2,4780000,0.973703,0.61135,4800000,1104,2161,2220
chr2,4800000,0.991864,0.65525,4820000,2404,3315,3352
chr2,4820000,0.95035,0.655,4840000,1031,2150,2329
chr2,4840000,0.947697,0.6255,4860000,1260,2080,2255
chr2,4860000,0.991352,0.6824,4880000,1320,2531,2777
chr2,4880000,0.992434,0.70445,4900000,1426,2685,3040
chr2,4900000,0.90343,0.6465,4920000,1075,1963,2384
chr2,4920000,0.982932,0.65095,4940000,1309,2533,2613
chr2,4940000,0.967905,0.57625,4960000,1428,2104,2110
chr2,4960000,0.990928,0.6607,4980000,1328,2294,2500
chr2,4980000,0.992925,0.6623,5000000,1262,2400,2511
chr2,5000000,0.987625,0.69885,5020000,1381,2641,3096
chr2,5020000,0.987675,0.65445,5040000,1182,2242,2636
chr2,5040000,0.978017,0.6522,5060000,1349,2423,2647
chr2,5060000,0.979858,0.645,5080000,2753,3243,3960
chr2,5080000,0.920894,0.6715,5100000,1240,2245,2487
chr2,5100000,0.107877,0.72355,5120000,26,57,110
chr2,5120000,0.410456,0.72315,5140000,496,811,1149
chr2,5140000,0.691374,0.6291,5160000,519,1010,1251
chr2,5160000,0.942341,0.5737,5180000,889,1898,2011
chr2,5180000,0.842025,0.6389,5200000,795,1703,1636
chr2,5200000,0.872277,0.64985,5220000,1022,1805,2171
chr2,5220000,0.971512,0.67395,5240000,1177,2339,2565
chr2,5240000,0.960008,0.65465,5260000,1116,2282,2394
chr2,5260000,0.834675,0.6163,5280000,985,1622,1999
chr2,5280000,0.968665,0.68965,5300000,2347,3406,3436
chr2,5300000,0.975268,0.648,5320000,1398,2629,2723
chr2,5320000,0.99125,0.63095,5340000,1258,2456,2589
chr2,5340000,0.845871,0.61695,5360000,887,1785,2073
chr2,5360000,0.998725,0.6516,5380000,1172,2401,2375
chr2,5380000,0.885327,0.66915,5400000,1134,2012,2584
chr2,5400000,0.811408,0.663,5420000,1144,1944,2312
chr2,5420000,0.601884,0.67765,5440000,1320,1535,1802
chr2,5440000,0.958483,0.6574,5460000,1196,2387,2400
chr2,5460000,0.976399,0.68365,5480000,1458,2757,2976
chr2,5480000,0.80275,0.70835,5500000,1148,2186,2556
chr2,5500000,0.97868,0.68025,5520000,1414,2645,3160
chr2,5520000,0.568303,0.6023,5540000,583,1140,1287
chr2,5540000,0.9908,0.6301,5560000,1093,2295,2495
chr2,5560000,0.963979,0.7003,5580000,1387,2594,2692
chr2,5580000,0.986485,0.60215,5600000,1083,2017,2173
chr2,5600000,0.999375,0.607,5620000,1542,2573,2633
chr2,5620000,0.960909,0.6684,5640000,1331,2546,2683
chr2,5640000,0.982947,0.654,5660000,1289,2473,2627
chr2,5660000,0.982154,0.6537,5680000,1649,2860,2744
chr2,5680000,0.99305,0.68875,5700000,1664,3073,3322
chr2,5700000,0.986699,0.621,5720000,1255,2368,2331
chr2,5720000,0.93067,0.60465,5740000,1378,2204,2514
chr2,5740000,0.95089,0.6482,5760000,1500,2484,2831
chr2,5760000,0.995104,0.6565,5780000,1198,2634,2633
chr2,5780000,0.996975,0.65835,5800000,1295,2679,2694
chr2,5800000,0.968008,0.6457,5820000,1169,2545,2443
chr2,5820000,0.900529,0.63845,5840000,1053,2124,2195
chr2,5840000,0.97573,0.6912,5860000,1417,2752,3043
chr2,5860000,0.995457,0.66715,5880000,1367,2827,2952
chr2,5880000,0.981788,0.61845,5900000,8205,15590,8973
chr2,5900000,0.996221,0.6752,5920000,1855,3120,3175
chr2,5920000,0.940281,0.56725,5940000,806,1546,1767
chr2,5940000,0.99508,0.64845,5960000,1296,2525,2641
chr2,5960000,0.77323,0.54205,5980000,726,1412,1515
chr2,5980000,1,0.65155,6000000,1256,2571,2788
chr2,6000000,0.99575,0.677,6020000,2135,3272,3418
chr2,6020000,0.965468,0.6921,6040000,1514,2426,2691
chr2,6040000,0.995802,0.63465,6060000,1397,2306,2364
chr2,6060000,0.9576,0.6675,6080000,2779,4478,3328
chr2,6080000,1,0.619,6100000,1179,2515,2597
chr2,6100000,0.937368,0.6554,6120000,1361,2374,2549
chr2,6120000,0.877622,0.6825,6140000,1547,2309,2819
chr2,6140000,0.960671,0.53145,6160000,772,1377,1560
chr2,6160000,0.912821,0.58725,6180000,959,1598,1889
chr2,6180000,0.806293,0.5645,6200000,777,1467,1604
chr2,6200000,0.879525,0.5869,6220000,847,1699,1806
chr2,6220000,0.945293,0.64125,6240000,1372,2369,2491
chr2,6240000,0.966217,0.6435,6260000,3901,4156,4638
chr2,6260000,0.984254,0.6502,6280000,1019,1792,2073
chr2,6280000,0.970656,0.6247,6300000,1201,2213,2369
chr2,6300000,0.818638,0.50545,6320000,776,1252,1196
chr2,6320000,0.549966,0.59695,6340000,656,1214,1237
chr2,6340000,0.892493,0.6422,6360000,1598,2377,2466
chr2,6360000,0.923445,0.6415,6380000,1033,1952,2251
chr2,6380000,0.986146,0.6736,6400000,1332,2530,2670
chr2,6400000,0.928624,0.6608,6420000,1215,2236,2551
chr2,6420000,0.995413,0.6759,6440000,1245,2494,2714
chr2,6440000,0.971739,0.644,6460000,1270,2390,2702
chr2,6460000,0.956609,0.67415,6480000,1199,2361,2667
chr2,6480000,1,0.65325,6500000,1352,2482,2594
chr2,6500000,0.991408,0.6885,6520000,1648,2933,3195
chr2,6520000,0.985348,0.6231,6540000,2685,3814,3381
chr2,6540000,0.761713,0.57665,6560000,820,1510,1685
chr2,6560000,0.989697,0.64055,6580000,1148,2468,2563
chr2,6580000,0.883076,0.61655,6600000,970,1913,2095
chr2,6600000,0.938192,0.6338,6620000,1065,2243,2384
chr2,6620000,0.988442,0.62555,6640000,1478,2561,2511
chr2,6640000,0.962633,0.6098,6660000,1346,2274,2403
chr2,6660000,0.9995,0.65515,6680000,1249,2724,2628
chr2,6680000,0.941441,0.62235,6700000,1122,2045,2419
chr2,6700000,1,0.6463,6720000,1230,2602,2636
chr2,6720000,0.90061,0.56295,6740000,852,1713,1880
chr2,6740000,0.9242,0.6252,6760000,1112,2282,2460
chr2,6760000,0.968006,0.64865,6780000,2045,3273,3109
chr2,6780000,0.971933,0.62,6800000,2867,3629,3399
chr2,6800000,0.983402,0.5641,6820000,1183,2044,2018
chr2,6820000,0.944014,0.5832,6840000,928,1742,1968
chr2,6840000,0.964868,0.59625,6860000,972,1859,2127
chr2,6860000,0.97548,0.56095,6880000,825,1539,1765
chr2,6880000,0.796541,0.61095,6900000,761,1646,1780
chr2,6900000,0.689253,0.6237,6920000,731,1351,1433
chr2,6920000,0.886344,0.6306,6940000,1045,2036,2039
chr2,6940000,0.98855,0.66615,6960000,1354,2485,2919
chr2,6960000,0.990025,0.6762,6980000,1416,2795,2860
chr2,6980000,0.985559,0.6023,7000000,1206,2202,2281
chr2,7000000,0.989144,0.68425,7020000,1470,2783,2974
chr2,7020000,0.804084,0.68675,7040000,1043,1887,2173
chr2,7040000,0.979075,0.6447,7060000,1240,2357,2331
chr2,7060000,0.9985,0.6451,7080000,1317,2666,2704
chr2,7080000,0.9617,0.64655,7100000,2515,3448,3421
chr2,7100000,0.959012,0.64845,7120000,1357,2409,2633
chr2,7120000,0.978283,0.60215,7140000,923,1860,2225
chr2,7140000,0.892229,0.63135,7160000,971,2004,2137
chr2,7160000,1,0.6713,7180000,1316,2629,2738
chr2,7180000,0.923355,0.5809,7200000,766,1460,1773
chr2,7200000,0.865706,0.57325,7220000,692,1272,1481
chr2,7220000,0.917094,0.62295,7240000,971,1771,1890
chr2,7240000,0.919076,0.5787,7260000,1005,1671,1861
chr2,7260000,0.937275,0.5868,7280000,1322,1875,2122
chr2,7280000,0.943856,0.61535,7300000,1556,2343,2504
chr2,7300000,0.999875,0.6449,7320000,1391,2580,2793
chr2,7320000,0.985031,0.6459,7340000,1223,2507,2669
chr2,7340000,0.906454,0.6436,7360000,1890,2556,2830
chr2,7360000,0.860856,0.59535,7380000,799,1513,1703
chr2,7380000,0.898884,0.5838,7400000,980,1616,1777
chr2,7400000,0.962123,0.6448,7420000,2914,3840,3633
chr2,7420000,0.997725,0.6301,7440000,1205,2403,2419
chr2,7440000,0.996118,0.6516,7460000,1216,2325,2520
chr2,7460000,0.949592,0.53635,7480000,818,1532,1631
chr2,7480000,0.982604,0.62395,7500000,1976,2842,2936
chr2,7500000,0.990717,0.5964,7520000,971,1871,1986
chr2,7520000,0.893618,0.53735,7540000,653,1228,1359
chr2,7540000,0.872496,0.6079,7560000,858,1495,1838
chr2,7560000,0.961487,0.5848,7580000,1109,1906,2026
chr2,7580000,0.772296,0.52675,7600000,636,1100,1187
chr2,7600000,0.680792,0.61225,7620000,600,1131,1230
chr2,7620000,0.307001,0.61815,7640000,216,388,475
chr2,7640000,0.304591,0.62285,7660000,262,366,483
chr2,7660000,0.376656,0.62505,7680000,277,407,559
chr2,7680000,0.261493,0.6179,7700000,218,312,435
chr2,7700000,0.288747,0.61825,7720000,183,280,320
chr2,7720000,0.575198,0.62495,7740000,550,877,1013
chr2,7740000,0.23174,0.6089,7760000,119,218,238
chr2,7760000,0.348369,0.6237,7780000,308,405,531
chr2,7780000,0.458491,0.6204,7800000,268,423,632
chr2,7800000,0.368682,0.6222,7820000,241,355,489
chr2,7820000,0.263097,0.6037,7840000,141,267,393
chr2,7840000,0.504189,0.59055,7860000,453,712,855
chr2,7860000,0.395604,0.6178,7880000,267,487,653
chr2,7880000,0.492958,0.6183,7900000,302,563,684
chr2,7900000,0.520654,0.62395,7920000,387,517,565
chr2,7920000,0.516096,0.59385,7940000,374,596,714
chr2,7940000,0.500985,0.60705,7960000,409,669,922
chr2,7960000,0.467038,0.59135,7980000,298,556,672
chr2,7980000,0.404061,0.61565,8000000,333,367,486
chr2,8000000,0.464329,0.593,8020000,355,534,775
chr2,8020000,0.532512,0.5977,8040000,1954,2045,1807
chr2,8040000,0.577525,0.5855,8060000,4748,4234,3060
chr2,8060000,0.332269,0.5778,8080000,220,388,512
chr2,8080000,0.541288,0.60065,8100000,850,1163,1308
chr2,8100000,0.426352,0.5945,8120000,283,544,662
chr2,8120000,0.216182,0.5952,8140000,125,236,262
chr2,8140000,0.413038,0.60015,8160000,375,437,588
chr2,8160000,0.572253,0.59845,8180000,478,783,1024
chr2,8180000,0.365389,0.60495,8200000,506,598,611
chr2,8200000,0.359454,0.6215,8220000,624,605,696
chr2,8220000,0.402883,0.61975,8240000,270,465,600
chr2,8240000,0.434764,0.6212,8260000,454,691,886
chr2,8260000,0.195035,0.62215,8280000,84,124,230
chr2,8280000,0.342267,0.6215,8300000,259,370,531
chr2,8300000,0.342358,0.61075,8320000,587,702,602
chr2,8320000,0.347577,0.6164,8340000,250,431,599
chr2,8340000,0.299613,0.62015,8360000,224,325,367
chr2,8360000,0.23065,0.6136,8380000,131,207,285
chr2,8380000,0.262081,0.61395,8400000,195,276,373
chr2,8400000,0.27274,0.58735,8420000,102,174,249
chr2,8420000,0.247342,0.5926,8440000,152,247,396
chr2,8440000,0.349312,0.593,8460000,318,558,705
chr2,8460000,0.447378,0.5891,8480000,513,766,852
chr2,8480000,0.364694,0.60095,8500000,249,396,527
chr2,8500000,0.295331,0.583,8520000,239,385,498
chr2,8520000,0.348388,0.5995,8540000,211,412,608
chr2,8540000,0.256155,0.60115,8560000,165,309,409
chr2,8560000,0.258456,0.57955,8580000,172,334,402
chr2,8580000,0.379472,0.6149,8600000,288,502,677
chr2,8600000,0.192561,0.6117,8620000,85,148,214
chr2,8620000,0.270311,0.57855,8640000,133,227,332
chr2,8640000,0.268056,0.5999,8660000,206,342,508
chr2,8660000,0.172267,0.60075,8680000,90,197,240
chr2,8680000,0.440674,0.60565,8700000,355,572,890
chr2,8700000,0.306691,0.6099,8720000,205,348,535
chr2,8720000,0.186143,0.6044,8740000,111,177,248
chr2,8740000,0.307671,0.6138,8760000,272,428,499
chr2,8760000,0.395565,0.614,8780000,275,426,588
chr2,8780000,0.380428,0.6015,8800000,280,469,724
chr2,8800000,0.267661,0.58085,8820000,199,367,407
chr2,8820000,0.290389,0.5957,8840000,170,345,462
chr2,8840000,0.331361,0.6043,8860000,237,406,582
chr2,8860000,0.17707,0.5882,8880000,81,139,196
chr2,8880000,0.327441,0.61495,8900000,253,398,581
chr2,8900000,0.163321,0.60445,8920000,94,166,267
chr2,8920000,0.151642,0.61645,8940000,100,182,275
chr2,8940000,0.206381,0.5852,8960000,143,278,364
chr2,8960000,0.200033,0.5895,8980000,139,216,301
chr2,8980000,0.210469,0.6094,9000000,103,185,302
chr2,9000000,0.310555,0.6158,9020000,226,378,560
chr2,9020000,0.202133,0.5846,9040000,96,165,242
chr2,9040000,0.207435,0.60335,9060000,139,235,331
chr2,9060000,0.229198,0.60235,9080000,142,236,386
chr2,9080000,0.213632,0.59305,9100000,155,253,340
chr2,9100000,0.251172,0.60475,9120000,165,236,372
chr2,9120000,0.213842,0.61665,9140000,134,271,391
chr2,9140000,0.353309,0.59775,9160000,263,483,698
chr2,9160000,0.300653,0.60025,9180000,305,366,537
chr2,9180000,0.301452,0.6162,9200000,273,359,485
chr2,9200000,0.202545,0.6132,9220000,162,265,369
chr2,9220000,0.188568,0.61385,9240000,116,205,274
chr2,9240000,0.271258,0.5841,9260000,160,277,406
chr2,9260000,0.312464,0.5971,9280000,227,372,501
chr2,9280000,0.221588,0.60355,9300000,162,317,414
chr2,9300000,0.199734,0.5802,9320000,150,258,384
chr2,9320000,0.17462,0.6016,9340000,72,127,202
chr2,9340000,0.298543,0.61675,9360000,235,403,588
chr2,9360000,0.19973,0.59925,9380000,227,317,544
chr2,9380000,0.156906,0.59715,9400000,110,185,264
chr2,9400000,0.200581,0.5934,9420000,200,318,322
chr2,9420000,0.186259,0.6064,9440000,104,168,196
chr2,9440000,0.299637,0.59095,9460000,323,362,489
chr2,9460000,0.370608,0.6011,9480000,409,560,722
chr2,9480000,0.256425,0.61525,9500000,205,363,456
chr2,9500000,0.131913,0.5951,9520000,70,122,194
chr2,9520000,0.226727,0.61495,9540000,158,286,431
chr2,9540000,0.197737,0.6042,9560000,133,218,389
chr2,9560000,0.210393,0.6135,9580000,178,321,426
chr2,9580000,0.250905,0.61175,9600000,214,351,510
chr2,9600000,0.290213,0.6091,9620000,223,388,549
chr2,9620000,0.162332,0.5977,9640000,93,184,243
chr2,9640000,0.224878,0.615,9660000,105,250,301
chr2,9660000,0.256029,0.61685,9680000,174,322,495
chr2,9680000,0.181317,0.615,9700000,97,132,220
chr2,9700000,0.270141,0.6027,9720000,163,300,437
chr2,9720000,0.218188,0.6098,9740000,102,250,381
chr2,9740000,0.214854,0.5947,9760000,141,241,394
chr2,9760000,0.205044,0.6013,9780000,152,245,363
chr2,9780000,0.256031,0.6131,9800000,175,313,482
chr2,9800000,0.303195,0.60475,9820000,220,337,459
chr2,9820000,0.396963,0.5961,9840000,276,508,611
chr2,9840000,0.383789,0.6127,9860000,209,354,511
chr2,9860000,0.264008,0.6065,9880000,158,261,413
chr2,9880000,0.274489,0.6146,9900000,113,192,281
chr2,9900000,0.27369,0.6042,9920000,155,274,410
chr2,9920000,0.362262,0.6134,9940000,228,348,519
chr2,9940000,0.41575,0.6106,9960000,365,487,548
chr2,9960000,0.672873,0.6012,9980000,687,1239,1204
chr2,9980000,0.865781,0.61065,10000000,808,1624,1617
chr2,10000000,0.981398,0.60415,10020000,2708,3817,3159
chr2,10020000,0.995221,0.6566,10040000,1264,2464,2678
chr2,10040000,0.984543,0.63425,10060000,813,1785,1827
chr2,10060000,0.873512,0.684,10080000,1478,2484,2781
chr2,10080000,0.977615,0.5471,10100000,824,1700,1658
chr2,10100000,0.701333,0.6156,10120000,1166,1761,1896
chr2,10120000,0.791708,0.64135,10140000,958,1813,2086
chr2,10140000,0.709017,0.6424,10160000,727,1358,1608
chr2,10160000,0.453557,0.6274,10180000,216,441,582
chr2,10180000,0.380036,0.63685,10200000,116,211,287
chr2,10200000,0.388599,0.6654,10220000,111,198,367
chr2,10220000,0.382566,0.6331,10240000,26,55,83
chr2,10240000,0.313501,0.6334,10260000,30,45,81
chr2,10260000,0.3991,0.66825,10280000,139,192,344
chr2,10280000,0.3859,0.63185,10300000,35,69,98
chr2,10300000,0.350224,0.63845,10320000,44,62,110
chr2,10320000,0.374669,0.6598,10340000,121,190,323
chr2,10340000,0.455325,0.6362,10360000,212,389,564
chr2,10360000,0.466164,0.6352,10380000,250,491,579
chr2,10380000,0.974887,0.66835,10400000,1435,2678,2792
chr2,10400000,0.918997,0.6296,10420000,1202,2288,2514
chr2,10420000,0.950803,0.6158,10440000,986,2090,2247
chr2,10440000,0.948523,0.66605,10460000,1294,2437,2643
chr2,10460000,0.979059,0.6957,10480000,1627,2829,3235
chr2,10480000,0.911583,0.6034,10500000,2456,2963,2868
chr2,10500000,0.952753,0.5917,10520000,976,1852,2004
chr2,10520000,0.974039,0.63765,10540000,1249,2429,2471
chr2,10540000,0.993277,0.527,10560000,913,1820,1831
chr2,10560000,0.998817,0.63065,10580000,1404,2566,2672
chr2,10580000,0.963039,0.63635,10600000,1127,2246,2384
chr2,10600000,0.975239,0.6271,10620000,1026,2119,2304
chr2,10620000,0.947474,0.60965,10640000,3873,4655,4169
chr2,10640000,0.85531,0.61345,10660000,1476,2191,2461
chr2,10660000,0.924776,0.58945,10680000,784,1657,1789
chr2,10680000,0.978961,0.6178,10700000,1087,2222,2512
chr2,10700000,0.985361,0.6396,10720000,1109,2227,2321
chr2,10720000,0.720646,0.54515,10740000,548,1050,1160
chr2,10740000,0.850659,0.49575,10760000,481,859,1093
chr2,10760000,0.958721,0.58985,10780000,1097,1934,2175
chr2,10780000,0.923044,0.5951,10800000,1254,1915,2195
chr2,10800000,1,0.6616,10820000,2596,4355,4103
chr2,10820000,1,0.6878,10840000,1560,2925,3221
chr2,10840000,0.953304,0.64905,10860000,1249,2466,2516
chr2,10860000,0.831544,0.5696,10880000,915,1386,1713
chr2,10880000,0.87067,0.61885,10900000,1052,2038,2104
chr2,10900000,0.749739,0.6329,10920000,817,1670,1771
chr2,10920000,0.99,0.64485,10940000,1211,2423,2638
chr2,10940000,0.988942,0.64975,10960000,1510,2829,2813
chr2,10960000,1,0.71275,10980000,1664,3104,3461
chr2,10980000,0.998237,0.63695,11000000,1134,2507,2555
chr2,11000000,0.986262,0.65195,11020000,1093,2301,2500
chr2,11020000,0.985153,0.64,11040000,1133,2319,2419
chr2,11040000,0.957862,0.69805,11060000,1530,2710,3175
chr2,11060000,0.980937,0.6599,11080000,3258,4340,4310
chr2,11080000,0.977698,0.609,11100000,1131,2266,2223
chr2,11100000,0.971877,0.6224,11120000,1161,2237,2391
chr2,11120000,0.9326,0.53485,11140000,10945,17904,11955
chr2,11140000,0.963574,0.6352,11160000,1201,2335,2539
chr2,11160000,0.98908,0.65055,11180000,2271,3209,2794
chr2,11180000,0.740534,0.6501,11200000,731,1401,1504
chr2,11200000,0.955546,0.642,11220000,1549,2646,2487
chr2,11220000,0.875061,0.62415,11240000,1018,1796,2100
chr2,11240000,0.528616,0.6161,11260000,290,554,555
chr2,11260000,0.959774,0.59795,11280000,2046,2876,2769
chr2,11280000,0.928837,0.6305,11300000,1248,2350,2421
chr2,11300000,0.913022,0.60675,11320000,1311,2114,2061
chr2,11320000,0.9939,0.68175,11340000,2017,3220,3547
chr2,11340000,0.847673,0.62695,11360000,7061,8445,10374
chr2,11360000,0.999425,0.65875,11380000,2147,3205,3287
chr2,11380000,0.777022,0.68165,11400000,987,1713,1947
chr2,11400000,0.592146,0.661,11420000,51285,54191,59531
chr2,11420000,0.608042,0.6669,11440000,61897,60831,69919
chr2,11440000,0.760993,0.6568,11460000,790,1562,1674
chr2,11460000,0.996817,0.6824,11480000,1372,2529,2914
chr2,11480000,0.99908,0.6165,11500000,1123,2371,2250
chr2,11500000,0.945865,0.6258,11520000,1073,1962,2052
chr2,11520000,0.928836,0.5923,11540000,940,1740,1845
chr2,11540000,0.992525,0.65225,11560000,1684,2912,2895
chr2,11560000,0.906339,0.61815,11580000,1142,2031,2195
chr2,11580000,0.900898,0.5681,11600000,805,1574,1776
chr2,11600000,0.885933,0.5598,11620000,744,1371,1563
chr2,11620000,0.976766,0.6644,11640000,1364,2490,2694
chr2,11640000,0.99745,0.67995,11660000,1211,2166,2404
chr2,11660000,0.951922,0.71475,11680000,1504,2479,3281
chr2,11680000,0.979258,0.64275,11700000,1143,2274,2462
chr2,11700000,0.989482,0.6853,11720000,1443,2726,2997
chr2,11720000,1,0.63935,11740000,1093,2237,2293
chr2,11740000,0.992567,0.6045,11760000,2400,3351,3389
chr2,11760000,0.968429,0.6973,11780000,2098,3283,3698
chr2,11780000,0.986925,0.6503,11800000,1127,2407,2436
chr2,11800000,0.969461,0.67835,11820000,1352,2584,2918
chr2,11820000,0.99945,0.66555,11840000,1266,2587,2611
chr2,11840000,0.94736,0.68935,11860000,1367,2414,2918
chr2,11860000,0.837797,0.5979,11880000,875,1665,1870
chr2,11880000,0.883119,0.65125,11900000,2501,3037,3254
chr2,11900000,0.955011,0.6519,11920000,1183,2338,2750
chr2,11920000,0.97002,0.6673,11940000,2226,3319,3313
chr2,11940000,0.978058,0.66185,11960000,1470,2771,2809
chr2,11960000,0.948658,0.6386,11980000,1214,2407,2633
chr2,11980000,0.889742,0.6088,12000000,903,1900,1974
chr2,12000000,0.858247,0.54415,12020000,624,1216,1546
chr2,12020000,0.990075,0.6122,12040000,1158,2185,2289
chr2,12040000,0.954322,0.653,12060000,1583,2708,2698
chr2,12060000,1,0.66345,12080000,561,1000,1236
chr2,12080000,0.993657,0.6064,12100000,1336,1716,1538
chr2,12100000,1,0.65665,12120000,542,888,1027
chr2,12120000,0.9765,0.64945,12140000,1150,2431,1319
chr2,12140000,0.99875,0.6564,12160000,1236,2481,1345
chr2,12160000,0.941201,0.6634,12180000,1293,2413,1473
chr2,12180000,0.953625,0.6565,12200000,1260,2433,1292
chr2,12200000,0.940685,0.6472,12220000,1243,2501,1478
chr2,12220000,0.917783,0.63265,12240000,1330,2259,1365
chr2,12240000,1,0.63515,12260000,1936,3250,1979
chr2,12260000,0.975592,0.6354,12280000,1180,2424,1304
chr2,12280000,0.9889,0.62995,12300000,1294,2405,1320
chr2,12300000,0.958496,0.6361,12320000,1255,2427,1422
chr2,12320000,0.995525,0.58165,12340000,1074,2172,1059
chr2,12340000,0.986,0.6437,12360000,1237,2271,1343
chr2,12360000,0.988713,0.65905,12380000,1269,2579,1378
chr2,12380000,0.968272,0.6902,12400000,1476,2777,1599
chr2,12400000,0.997375,0.6486,12420000,1191,2462,1146
chr2,12420000,0.9719,0.67445,12440000,1382,2594,1517
chr2,12440000,0.898833,0.6457,12460000,1138,2079,1104
chr2,12460000,0.903587,0.6543,12480000,1483,2561,1440
chr2,12480000,1,0.6692,12500000,1351,2717,1340
chr2,12500000,0.95886,0.6353,12520000,1292,2410,1421
chr2,12520000,0.989347,0.6661,12540000,1339,2743,1379
chr2,12540000,0.998792,0.6945,12560000,1492,2982,1655
chr2,12560000,1,0.6531,12580000,1212,2522,1233
chr2,12580000,1,0.69065,12600000,1430,2811,1527
chr2,12600000,1,0.70885,12620000,1587,3000,1574
chr2,12620000,0.9816,0.6545,12640000,1265,2502,1340
chr2,12640000,0.48235,0.7022,12660000,421,908,490
chr2,12660000,0.994531,0.65135,12680000,1335,2657,1349
chr2,12680000,0.990737,0.66755,12700000,1333,2647,1497
chr2,12700000,0.909477,0.6528,12720000,1531,2533,1593
chr2,12720000,0.885375,0.68265,12740000,1194,2299,1231
chr2,12740000,0.945424,0.7173,12760000,1552,2719,1626
chr2,12760000,0.9833,0.63365,12780000,1161,2313,1204
chr2,12780000,0.99655,0.6798,12800000,1097,2007,1053
chr2,12800000,0.861672,0.5813,12820000,5292,4361,5828
chr2,12820000,0.975971,0.6557,12840000,12113,8936,12431
chr2,12840000,1,0.6703,12860000,1031,1917,1174
chr2,12860000,0.972474,0.6636,12880000,1175,2675,1317
chr2,12880000,0.901973,0.6737,12900000,2047,3023,1790
chr2,12900000,0.983096,0.6843,12920000,1383,2629,1465
chr2,12920000,0.983774,0.6592,12940000,1313,2439,1337
chr2,12940000,0.996425,0.68485,12960000,1619,2814,1693
chr2,12960000,0.991927,0.6615,12980000,1319,2561,1337
chr2,12980000,0.937166,0.64985,13000000,1237,2301,1323
chr2,13000000,0.953497,0.62435,13020000,1099,1933,1130
chr2,13020000,0.952322,0.6797,13040000,1529,2951,1522
chr2,13040000,1,0.6958,13060000,1505,2871,1521
chr2,13060000,0.9931,0.66005,13080000,1213,2594,1300
chr2,13080000,0.955956,0.6441,13100000,1254,2357,1422
chr2,13100000,0.998022,0.6919,13120000,1451,2864,1580
chr2,13120000,0.992183,0.63295,13140000,1261,2648,1303
chr2,13140000,0.95402,0.56945,13160000,906,1708,972
chr2,13160000,0.947476,0.58905,13180000,893,1819,1105
chr2,13180000,0.998575,0.675,13200000,1540,2847,1637
chr2,13200000,0.923941,0.61475,13220000,934,1812,1023
chr2,13220000,1,0.69045,13240000,1388,2900,1562
chr2,13240000,0.996689,0.6713,13260000,3029,4991,2336
chr2,13260000,1,0.68325,13280000,1470,2886,1541
chr2,13280000,0.997857,0.70395,13300000,1486,2851,1579
chr2,13300000,0.988808,0.6416,13320000,1052,2249,1140
chr2,13320000,0.989617,0.66295,13340000,1296,2567,1311
chr2,13340000,0.963969,0.6464,13360000,1653,2684,1627
chr2,13360000,0.958173,0.6916,13380000,1767,2920,1681
chr2,13380000,0.992022,0.6674,13400000,1464,2811,1487
chr2,13400000,1,0.66605,13420000,1187,2452,1324
chr2,13420000,0.99965,0.65135,13440000,1220,2593,1405
chr2,13440000,0.997367,0.65655,13460000,1383,2681,1400
chr2,13460000,0.969683,0.6487,13480000,1220,2490,1312
chr2,13480000,0.998325,0.6441,13500000,1152,2532,1350
chr2,13500000,0.903122,0.6781,13520000,1243,2461,1404
chr2,13520000,0.955137,0.65865,13540000,1201,2453,1286
chr2,13540000,0.906677,0.65305,13560000,1149,2360,1241
chr2,13560000,0.996096,0.70245,13580000,1582,3022,1764
chr2,13580000,0.989494,0.66595,13600000,1287,2688,1369
chr2,13600000,0.927067,0.65055,13620000,1355,2493,1403
chr2,13620000,0.967121,0.67595,13640000,1352,2703,1455
chr2,13640000,0.991568,0.6592,13660000,1362,2727,1469
chr2,13660000,0.892671,0.61665,13680000,944,1915,1083
chr2,13680000,0.996203,0.6504,13700000,1284,2433,1388
chr2,13700000,0.999925,0.63555,13720000,1075,2469,1123
chr2,13720000,0.999375,0.62605,13740000,1052,2334,1133
chr2,13740000,0.793797,0.5888,13760000,868,1776,946
chr2,13760000,0.992269,0.643,13780000,1151,2541,1230
chr2,13780000,0.94348,0.6286,13800000,1066,2201,1205
chr2,13800000,0.919891,0.68225,13820000,1401,2343,1485
chr2,13820000,0.976944,0.64005,13840000,1217,2467,1231
chr2,13840000,0.91437,0.61065,13860000,1050,2093,1158
chr2,13860000,0.9481,0.62265,13880000,986,2025,1036
chr2,13880000,0.985683,0.6488,13900000,1293,2469,1352
chr2,13900000,0.990458,0.67255,13920000,1352,2561,1600
chr2,13920000,0.981521,0.66015,13940000,1365,2551,1420
chr2,13940000,0.980299,0.6983,13960000,1539,2783,1687
chr2,13960000,0.982358,0.67945,13980000,1311,2597,1498
chr2,13980000,0.719012,0.6849,14000000,1428,1957,1637
chr2,14000000,0.9883,0.6208,14020000,882,2017,1047
chr2,14020000,0.977463,0.6303,14040000,890,2045,1004
chr2,14040000,0.984826,0.6636,14060000,1099,2050,1172
chr2,14060000,0.987317,0.7045,14080000,1512,2797,1646
chr2,14080000,0.994417,0.63175,14100000,1384,2743,1497
chr2,14100000,0.98445,0.68635,14120000,1468,2798,1591
chr2,14120000,0.997875,0.63575,14140000,1034,2191,1084
chr2,14140000,0.994718,0.66795,14160000,1048,2062,1158
chr2,14160000,0.966637,0.6585,14180000,1302,2395,1568
chr2,14180000,0.980132,0.6933,14200000,1465,2629,1595
chr2,14200000,0.977342,0.68285,14220000,1503,2735,1588
chr2,14220000,0.960857,0.6989,14240000,1537,2763,1594
chr2,14240000,0.930375,0.62825,14260000,909,1885,1057
chr2,14260000,1,0.65515,14280000,1303,2585,1338
chr2,14280000,0.976939,0.6834,14300000,1371,2595,1374
chr2,14300000,0.987075,0.66275,14320000,1391,2575,1456
chr2,14320000,0.981742,0.6531,14340000,1177,2346,1257
chr2,14340000,0.975447,0.6483,14360000,1075,2202,1189
chr2,14360000,0.997383,0.6478,14380000,1182,2522,1305
chr2,14380000,0.980749,0.6532,14400000,1263,2530,1396
chr2,14400000,1,0.6299,14420000,979,2108,1033
chr2,14420000,0.941522,0.6483,14440000,1133,2179,1221
chr2,14440000,0.998325,0.65725,14460000,1334,2581,1526
chr2,14460000,0.660825,0.61035,14480000,630,1073,753
chr2,14480000,0.979214,0.6317,14500000,1168,2204,1241
chr2,14500000,0.941099,0.6129,14520000,887,1971,928
chr2,14520000,0.778602,0.5681,14540000,590,1164,693
chr2,14540000,0.85437,0.62545,14560000,811,1300,886
chr2,14560000,0.99345,0.6348,14580000,1192,2310,1250
chr2,14580000,0.999039,0.6617,14600000,1424,2664,1474
chr2,14600000,0.9991,0.6646,14620000,1349,2565,1361
chr2,14620000,0.91552,0.57765,14640000,849,1605,867
chr2,14640000,0.952858,0.646,14660000,1103,2173,1161
chr2,14660000,0.898866,0.64675,14680000,1199,2256,1440
chr2,14680000,0.997075,0.6398,14700000,1205,2467,1224
chr2,14700000,0.975556,0.65565,14720000,1352,2294,1546
chr2,14720000,0.949619,0.59775,14740000,939,1954,1023
chr2,14740000,0.997175,0.628,14760000,1077,2359,1304
chr2,14760000,0.987162,0.66185,14780000,1262,2424,1345
chr2,14780000,0.950388,0.6818,14800000,1308,2445,1397
chr2,14800000,0.999925,0.62815,14820000,1103,2369,1193
chr2,14820000,1,0.65255,14840000,1308,2589,1423
chr2,14840000,0.981108,0.6528,14860000,1173,2349,1173
chr2,14860000,0.987075,0.63505,14880000,1122,2303,1134
chr2,14880000,0.931752,0.63605,14900000,968,1992,1144
chr2,14900000,0.980367,0.68525,14920000,1272,2552,1467
chr2,14920000,0.96665,0.6659,14940000,1157,2304,1216
chr2,14940000,1,0.67235,14960000,1318,2526,1380
chr2,14960000,1,0.63075,14980000,1156,2451,1153
chr2,14980000,0.977437,0.6954,15000000,1432,2540,1512
chr2,15000000,0.95853,0.6744,15020000,1162,2366,1250
chr2,15020000,0.962335,0.66205,15040000,1307,2503,1357
chr2,15040000,0.883581,0.63965,15060000,1250,2329,1378
chr2,15060000,1,0.6814,15080000,1413,2841,1463
chr2,15080000,0.999767,0.6736,15100000,1388,2763,1379
chr2,15100000,0.894792,0.6681,15120000,1122,2212,1260
chr2,15120000,0.992917,0.6898,15140000,1592,2902,1722
chr2,15140000,0.963393,0.59675,15160000,1062,2021,1103
chr2,15160000,0.981589,0.6069,15180000,1025,2021,1040
chr2,15180000,0.988033,0.65325,15200000,1196,2368,1335
chr2,15200000,0.971334,0.64635,15220000,1162,2312,1343
chr2,15220000,0.999825,0.67725,15240000,1290,2725,1434
chr2,15240000,0.9993,0.6606,15260000,1322,2541,1336
chr2,15260000,0.999875,0.65795,15280000,1214,2586,1293
chr2,15280000,0.993018,0.66295,15300000,1382,2495,1462
chr2,15300000,0.980325,0.6524,15320000,1169,2365,1339
chr2,15320000,1,0.66895,15340000,1284,2517,1323
chr2,15340000,0.99846,0.68115,15360000,1351,2465,1462
chr2,15360000,0.981239,0.70015,15380000,1491,2747,1619
chr2,15380000,0.960277,0.65485,15400000,1107,2425,1264
chr2,15400000,0.920977,0.68195,15420000,1397,2400,1491
chr2,15420000,0.9829,0.63375,15440000,1056,1976,1128
chr2,15440000,1,0.6376,15460000,1095,2191,1202
chr2,15460000,0.999125,0.6395,15480000,1065,2228,1162
chr2,15480000,0.9995,0.61735,15500000,1106,2312,1165
chr2,15500000,0.953842,0.5918,15520000,1119,1891,1185
chr2,15520000,0.923476,0.6704,15540000,1231,2288,1359
chr2,15540000,0.9985,0.6312,15560000,1104,2228,1172
chr2,15560000,0.986967,0.67935,15580000,1363,2674,1550
chr2,15580000,0.982172,0.6713,15600000,1480,2585,1515
chr2,15600000,1,0.6621,15620000,1464,2717,1590
chr2,15620000,1,0.64555,15640000,1085,2242,1165
chr2,15640000,1,0.64795,15660000,1204,2416,1235
chr2,15660000,0.775908,0.6561,15680000,845,1584,941
chr2,15680000,0.9978,0.6321,15700000,1130,2192,1137
chr2,15700000,0.985847,0.66315,15720000,1538,2640,1447
chr2,15720000,0.9986,0.64505,15740000,1134,2372,1297
chr2,15740000,0.961203,0.64105,15760000,1065,2266,1138
chr2,15760000,0.998264,0.6748,15780000,1323,2574,1407
chr2,15780000,0.90973,0.637,15800000,940,2067,1063
chr2,15800000,0.985592,0.5814,15820000,1087,2043,1105
chr2,15820000,0.99985,0.65855,15840000,1274,2484,1329
chr2,15840000,1,0.6375,15860000,1063,2308,1157
chr2,15860000,0.996377,0.6451,15880000,1159,2261,1209
chr2,15880000,0.927558,0.6554,15900000,1141,2168,1158
chr2,15900000,0.998142,0.64635,15920000,1204,2511,1244
chr2,15920000,0.995075,0.67575,15940000,1351,2641,1351
chr2,15940000,0.961412,0.6805,15960000,1755,2832,1844
chr2,15960000,0.888854,0.6521,15980000,1701,2595,1676
chr2,15980000,0.979648,0.6785,16000000,1387,2561,1388
chr2,16000000,0.9917,0.63405,16020000,1119,2335,1162
chr2,16020000,0.823515,0.6547,16040000,970,1733,1030
chr2,16040000,0.999475,0.67515,16060000,1284,2566,1305
chr2,16060000,0.995666,0.6341,16080000,1144,2413,1250
chr2,16080000,1,0.6658,16100000,1262,2499,1346
chr2,16100000,0.997541,0.6808,16120000,1334,2670,1477
chr2,16120000,1,0.6684,16140000,1308,2451,1321
chr2,16140000,0.915984,0.62895,16160000,1434,2210,1287
chr2,16160000,0.896763,0.6316,16180000,932,1685,1035
chr2,16180000,0.970919,0.63625,16200000,1155,1888,1164
chr2,16200000,0.994606,0.6287,16220000,1119,2359,1150
chr2,16220000,0.9976,0.67435,16240000,1359,2564,1250
chr2,16240000,0.9957,0.66675,16260000,1339,2593,1414
chr2,16260000,1,0.6681,16280000,1276,2618,1381
chr2,16280000,0.998892,0.66545,16300000,1230,2464,1391
chr2,16300000,0.965705,0.6354,16320000,998,2159,1110
chr2,16320000,0.973744,0.6611,16340000,1177,2447,1284
chr2,16340000,0.9987,0.68235,16360000,1407,2748,1512
chr2,16360000,0.999775,0.627,16380000,1101,2273,1166
chr2,16380000,1,0.6487,16400000,1189,2420,1223
chr2,16400000,0.9927,0.64585,16420000,1167,2383,1193
chr2,16420000,1,0.65195,16440000,1159,2481,1243
chr2,16440000,0.951579,0.6118,16460000,884,1944,986
chr2,16460000,1,0.62245,16480000,1071,2314,1191
chr2,16480000,0.991122,0.665,16500000,1268,2285,1421
chr2,16500000,1,0.63645,16520000,1579,1529,1532
chr2,16520000,0.997476,0.65875,16540000,1217,1178,1347
chr2,16540000,0.989975,0.68555,16560000,1264,1319,1385
chr2,16560000,0.997422,0.66085,16580000,1199,1171,1228
chr2,16580000,0.97505,0.66025,16600000,1152,1187,1235
chr2,16600000,0.996263,0.66805,16620000,1140,1226,1378
chr2,16620000,0.9967,0.67785,16640000,1356,1320,1405
chr2,16640000,0.999625,0.67425,16660000,1368,1270,1365
chr2,16660000,1,0.6235,16680000,1004,1097,1017
chr2,16680000,0.9665,0.6351,16700000,1042,1186,1152
chr2,16700000,0.952606,0.62615,16720000,953,1073,1150
chr2,16720000,0.998858,0.6098,16740000,981,1104,1080
chr2,16740000,1,0.6143,16760000,910,960,837
chr2,16760000,1,0.63305,16780000,1186,1319,1159
chr2,16780000,1,0.6527,16800000,1298,1397,1199
chr2,16800000,0.987641,0.6283,16820000,1028,1176,1016
chr2,16820000,0.878461,0.61825,16840000,938,1011,1024
chr2,16840000,0.976593,0.61005,16860000,896,1030,891
chr2,16860000,0.9994,0.62455,16880000,1099,1071,1066
chr2,16880000,0.979785,0.6555,16900000,1062,1011,1154
chr2,16900000,0.96724,0.67215,16920000,1189,1293,1381
chr2,16920000,1,0.64935,16940000,1247,1281,1230
chr2,16940000,0.989925,0.63845,16960000,1303,1321,1235
chr2,16960000,0.997475,0.6198,16980000,1017,1103,1078
chr2,16980000,0.99658,0.63105,17000000,1121,1212,1228
chr2,17000000,0.990252,0.6931,17020000,1638,1299,1829
chr2,17020000,0.9995,0.6857,17040000,1395,1272,1506
chr2,17040000,0.969,0.67135,17060000,1211,1219,1269
chr2,17060000,0.998132,0.66755,17080000,1219,1295,1239
chr2,17080000,0.996643,0.61455,17100000,1023,1086,1046
chr2,17100000,0.982021,0.6445,17120000,1158,1147,1208
chr2,17120000,0.994755,0.64545,17140000,1140,1098,1273
chr2,17140000,0.999925,0.6558,17160000,1217,1216,1232
chr2,17160000,0.954562,0.64265,17180000,1086,1110,1246
chr2,17180000,0.966837,0.68945,17200000,1317,1273,1427
chr2,17200000,0.979542,0.64075,17220000,1112,1099,1154
chr2,17220000,0.984792,0.61925,17240000,927,897,1063
chr2,17240000,1,0.6314,17260000,1030,1048,1063
chr2,17260000,0.985533,0.60695,17280000,813,909,941
chr2,17280000,0.99935,0.6489,17300000,1112,1184,1236
chr2,17300000,0.985433,0.63395,17320000,1045,1109,1132
chr2,17320000,0.997042,0.67445,17340000,1267,1258,1380
chr2,17340000,1,0.65045,17360000,1129,1198,1124
chr2,17360000,1,0.634,17380000,1016,1106,1054
chr2,17380000,1,0.6277,17400000,1095,1146,1097
chr2,17400000,1,0.63795,17420000,1011,1110,1201
chr2,17420000,1,0.62935,17440000,1072,1130,1137
chr2,17440000,0.974835,0.64695,17460000,1156,1158,1284
chr2,17460000,1,0.6202,17480000,891,1117,1011
chr2,17480000,0.981692,0.61085,17500000,2333,2112,1912
chr2,17500000,0.973717,0.62625,17520000,970,1087,1078
chr2,17520000,0.986955,0.63695,17540000,1069,1188,1269
chr2,17540000,1,0.6,17560000,766,834,787
chr2,17560000,0.998375,0.6259,17580000,1042,1163,1097
chr2,17580000,1,0.62605,17600000,3590,3106,3208
chr2,17600000,0.878993,0.628,17620000,1949,1818,1871
chr2,17620000,1,0.6184,17640000,973,1135,1028
chr2,17640000,0.999925,0.64485,17660000,1080,1100,1226
chr2,17660000,0.927746,0.63115,17680000,915,1029,913
chr2,17680000,0.986783,0.64305,17700000,1134,1177,1137
chr2,17700000,0.9667,0.64695,17720000,1176,1212,1241
chr2,17720000,0.9991,0.64155,17740000,1162,1194,1218
chr2,17740000,0.959685,0.6917,17760000,1438,1260,1615
chr2,17760000,0.998033,0.6639,17780000,1298,1226,1349
chr2,17780000,0.998832,0.63385,17800000,1071,1077,1100
chr2,17800000,0.995643,0.67555,17820000,1325,1263,1351
chr2,17820000,0.974812,0.61705,17840000,938,1060,1009
chr2,17840000,1,0.64285,17860000,1139,1192,1129
chr2,17860000,0.9938,0.651,17880000,1227,1328,1229
chr2,17880000,1,0.64245,17900000,1098,1196,1128
chr2,17900000,1,0.61285,17920000,949,1080,998
chr2,17920000,0.999125,0.6273,17940000,919,915,989
chr2,17940000,1,0.62515,17960000,1011,1049,1026
chr2,17960000,0.97746,0.65025,17980000,1149,1088,1275
chr2,17980000,0.962544,0.6379,18000000,1134,1254,1083
chr2,18000000,0.971846,0.62635,18020000,1078,1077,1128
chr2,18020000,0.9872,0.6498,18040000,1314,1335,1344
chr2,18040000,0.99505,0.6237,18060000,981,1067,978
chr2,18060000,0.99975,0.6104,18080000,895,1064,1024
chr2,18080000,1,0.6156,18100000,941,1066,1079
chr2,18100000,0.998175,0.60915,18120000,918,986,994
chr2,18120000,1,0.6087,18140000,957,1015,1004
chr2,18140000,0.836002,0.6417,18160000,982,949,1026
chr2,18160000,0.997615,0.6946,18180000,1569,1560,1659
chr2,18180000,1,0.6586,18200000,1296,1206,1255
chr2,18200000,0.875589,0.65325,18220000,1786,1648,1949
chr2,18220000,0.968923,0.6134,18240000,929,976,1055
chr2,18240000,0.99855,0.66385,18260000,1243,1247,1319
chr2,18260000,0.958909,0.67975,18280000,1292,1161,1320
chr2,18280000,0.995929,0.6341,18300000,1079,1066,1129
chr2,18300000,1,0.61655,18320000,927,1002,935
chr2,18320000,0.925158,0.6057,18340000,842,868,972
chr2,18340000,1,0.6227,18360000,989,1082,1060
chr2,18360000,1,0.62725,18380000,1025,1091,1128
chr2,18380000,1,0.63075,18400000,1084,1199,1137
chr2,18400000,0.9998,0.6375,18420000,1233,1263,1243
chr2,18420000,0.937481,0.62215,18440000,1083,1042,1159
chr2,18440000,0.995233,0.61785,18460000,1049,1052,1103
chr2,18460000,1,0.62115,18480000,1024,1022,967
chr2,18480000,1,0.6402,18500000,1052,1097,1113
chr2,18500000,0.968498,0.63355,18520000,1052,1056,1107
chr2,18520000,0.999825,0.6267,18540000,993,1120,1149
chr2,18540000,1,0.66495,18560000,1272,1268,1261
chr2,18560000,1,0.65175,18580000,1162,1219,1172
chr2,18580000,0.997308,0.6478,18600000,1140,1184,1253
chr2,18600000,0.952047,0.62825,18620000,1973,1640,2037
chr2,18620000,1,0.6634,18640000,1177,1209,1264
chr2,18640000,0.9982,0.68315,18660000,1291,1304,1435
chr2,18660000,0.868423,0.6326,18680000,1049,1050,1117
chr2,18680000,0.994611,0.6746,18700000,1288,1294,1388
chr2,18700000,0.975304,0.6192,18720000,1063,1127,1174
chr2,18720000,1,0.6382,18740000,1088,1100,1129
chr2,18740000,0.993,0.64915,18760000,1170,1188,1275
chr2,18760000,0.98439,0.6565,18780000,1150,1214,1281
chr2,18780000,0.999733,0.6396,18800000,1363,1407,1369
chr2,18800000,0.9982,0.6485,18820000,1195,1270,1181
chr2,18820000,0.971405,0.6788,18840000,1151,1187,1430
chr2,18840000,0.99445,0.6494,18860000,1094,1181,1199
chr2,18860000,0.99875,0.63105,18880000,1413,1380,1289
chr2,18880000,0.996304,0.6425,18900000,1248,1297,1346
chr2,18900000,0.998275,0.6568,18920000,1187,1280,1229
chr2,18920000,1,0.6416,18940000,1095,1183,1162
chr2,18940000,0.9995,0.64535,18960000,1190,1194,1146
chr2,18960000,1,0.62485,18980000,954,979,958
chr2,18980000,0.99945,0.64835,19000000,1205,1214,1303
chr2,19000000,1,0.6356,19020000,994,1095,1150
chr2,19020000,0.997442,0.6437,19040000,1090,1232,1295
chr2,19040000,0.996883,0.6415,19060000,1132,1165,1170
chr2,19060000,1,0.6506,19080000,1190,1219,1199
chr2,19080000,0.989157,0.63035,19100000,1003,1087,1108
chr2,19100000,0.9999,0.6683,19120000,1277,1202,1310
chr2,19120000,0.991875,0.66695,19140000,1218,1276,1274
chr2,19140000,0.97175,0.6299,19160000,982,1021,1066
chr2,19160000,0.993587,0.63925,19180000,1136,1157,1169
chr2,19180000,0.9954,0.6289,19200000,1089,1084,1329
chr2,19200000,0.980393,0.6583,19220000,1087,1122,1185
chr2,19220000,0.859461,0.64635,19240000,922,908,966
chr2,19240000,0.812602,0.67495,19260000,1047,945,1098
chr2,19260000,1,0.67965,19280000,1231,1263,1415
chr2,19280000,0.992158,0.64955,19300000,1129,1173,1235
chr2,19300000,0.971137,0.6348,19320000,1158,1087,1239
chr2,19320000,0.957354,0.66855,19340000,1136,1146,1281
chr2,19340000,1,0.66055,19360000,1110,1139,1192
chr2,19360000,0.997362,0.62045,19380000,1017,1145,1116
chr2,19380000,0.986524,0.67995,19400000,1460,1413,1419
chr2,19400000,0.991819,0.6297,19420000,942,1051,966
chr2,19420000,1,0.63085,19440000,967,1111,1091
chr2,19440000,1,0.60835,19460000,849,925,944
chr2,19460000,0.967381,0.6461,19480000,1096,1082,1238
chr2,19480000,0.98205,0.62305,19500000,865,965,981
chr2,19500000,0.916221,0.63755,19520000,1163,1138,1183
chr2,19520000,1,0.6278,19540000,1011,1126,1070
chr2,19540000,0.93895,0.59425,19560000,755,875,881
chr2,19560000,1,0.6111,19580000,812,876,817
chr2,19580000,0.950234,0.6458,19600000,1106,1056,1194
chr2,19600000,0.989444,0.63645,19620000,1090,1140,1179
chr2,19620000,0.9969,0.63995,19640000,1064,1126,1227
chr2,19640000,0.999225,0.64275,19660000,1158,1214,1159
chr2,19660000,1,0.6444,19680000,1306,1393,1257
chr2,19680000,0.996234,0.66145,19700000,1249,1255,1355
chr2,19700000,0.99675,0.6544,19720000,1237,1264,1339
chr2,19720000,0.910602,0.63275,19740000,999,955,1062
chr2,19740000,0.998967,0.631,19760000,1315,1326,1424
chr2,19760000,1,0.63355,19780000,1243,1295,1229
chr2,19780000,0.983191,0.6773,19800000,1387,1272,1433
chr2,19800000,0.991393,0.65475,19820000,1141,1208,1276
chr2,19820000,0.989208,0.67395,19840000,1246,1280,1321
chr2,19840000,0.996925,0.6616,19860000,1281,1261,1304
chr2,19860000,0.997849,0.6732,19880000,1262,1292,1436
chr2,19880000,0.990533,0.70465,19900000,1416,1361,1599
chr2,19900000,0.9998,0.6835,19920000,1419,1446,1571
chr2,19920000,0.996458,0.64765,19940000,1154,1209,1158
chr2,19940000,0.99955,0.6523,19960000,3101,2998,2108
chr2,19960000,0.987058,0.66255,19980000,1310,1272,1390
chr2,19980000,0.990528,0.656,20000000,1144,1201,1198
chr2,20000000,1,0.64375,20020000,1131,1162,1150
chr2,20020000,1,0.64695,20040000,1078,1182,1162
chr2,20040000,0.99905,0.67,20060000,1277,1217,1448
chr2,20060000,0.99538,0.6691,20080000,1295,1196,1285
chr2,20080000,1,0.65305,20100000,1075,1108,1044
chr2,20100000,0.996475,0.6318,20120000,939,975,961
chr2,20120000,0.98735,0.6406,20140000,1030,1031,1151
chr2,20140000,0.988016,0.6052,20160000,961,1100,954
chr2,20160000,1,0.62015,20180000,963,1114,1019
chr2,20180000,0.980158,0.63575,20200000,1032,1056,1134
chr2,20200000,1,0.6195,20220000,956,1163,1054
chr2,20220000,0.991885,0.61975,20240000,934,990,1032
chr2,20240000,1,0.6095,20260000,800,953,898
chr2,20260000,0.995998,0.6318,20280000,989,1064,1048
chr2,20280000,0.99315,0.6454,20300000,1059,1049,1143
chr2,20300000,1,0.6178,20320000,775,864,929
chr2,20320000,1,0.6115,20340000,907,986,1004
chr2,20340000,1,0.65755,20360000,1188,1210,1253
chr2,20360000,0.990213,0.6534,20380000,1136,1180,1261
chr2,20380000,0.995337,0.61345,20400000,913,979,998
chr2,20400000,0.971355,0.64825,20420000,1189,1206,1269
chr2,20420000,0.998625,0.62765,20440000,946,978,1010
chr2,20440000,0.96325,0.63195,20460000,960,1057,1102
chr2,20460000,0.995825,0.6202,20480000,1079,1160,1157
chr2,20480000,1,0.65175,20500000,1112,1128,1177
chr2,20500000,0.957175,0.64295,20520000,1227,1139,1262
chr2,20520000,0.986119,0.63805,20540000,1071,1188,1161
chr2,20540000,0.998483,0.61005,20560000,776,852,887
chr2,20560000,0.987016,0.66575,20580000,1844,2052,1869
chr2,20580000,0.9988,0.6617,20600000,1448,1448,1361
chr2,20600000,1,0.6183,20620000,895,955,930
chr2,20620000,1,0.61835,20640000,983,1059,1005
chr2,20640000,1,0.63215,20660000,1050,1072,1185
chr2,20660000,1,0.62895,20680000,1053,1133,1077
chr2,20680000,0.97545,0.66305,20700000,1231,1240,1347
chr2,20700000,0.986483,0.6247,20720000,1053,1221,1161
chr2,20720000,1,0.63775,20740000,1129,1209,1254
chr2,20740000,0.993233,0.60755,20760000,974,1067,953
chr2,20760000,0.996075,0.6337,20780000,684,727,756
chr2,20780000,1,0.60725,20800000,805,894,839
chr2,20800000,0.999825,0.6405,20820000,1194,1219,1257
chr2,20820000,1,0.6093,20840000,955,1068,976
chr2,20840000,0.969791,0.63445,20860000,965,993,1077
chr2,20860000,0.9977,0.62565,20880000,1092,1157,1132
chr2,20880000,1,0.6419,20900000,1132,1189,1130
chr2,20900000,1,0.64085,20920000,1110,1096,1233
chr2,20920000,0.99985,0.60285,20940000,957,966,953
chr2,20940000,0.988446,0.6255,20960000,1007,1032,1064
chr2,20960000,1,0.62775,20980000,1033,1109,1085
chr2,20980000,0.985274,0.64355,21000000,1124,1134,1332
chr2,21000000,1,0.59695,21020000,792,840,761
chr2,21020000,1,0.5913,21040000,845,975,887
chr2,21040000,1,0.60195,21060000,884,932,827
chr2,21060000,0.919883,0.5898,21080000,1222,1421,1313
chr2,21080000,1,0.57885,21100000,770,855,782
chr2,21100000,0.983722,0.61475,21120000,901,764,950
chr2,21120000,0.990875,0.60435,21140000,1060,996,1130
chr2,21140000,0.9481,0.6189,21160000,572,606,697
chr2,21160000,0.543325,0.63915,21180000,315,256,477
chr3,0,0.860841,0.57885,20000,2136,2414,2449
chr3,20000,1,0.6128,40000,2870,3047,3033
chr3,40000,1,0.5976,60000,2718,2917,2799
chr3,60000,0.993725,0.6124,80000,2632,2804,2866
chr3,80000,1,0.5842,100000,2418,2615,2459
chr3,100000,1,0.6037,120000,2831,2994,2980
chr3,120000,1,0.5962,140000,2541,2760,2724
chr3,140000,1,0.6036,160000,2705,2932,2775
chr3,160000,0.996285,0.65005,180000,3286,3407,3627
chr3,180000,1,0.63845,200000,1821,1692,2189
chr3,200000,0.93125,0.6106,220000,1986,1930,2171
chr3,220000,0.996817,0.64405,240000,3306,3327,3462
chr3,240000,0.997119,0.6389,260000,3145,3130,3161
chr3,260000,0.999,0.6494,280000,3145,3265,3398
chr3,280000,0.997108,0.63175,300000,3155,3169,3345
chr3,300000,0.984237,0.64725,320000,3313,3321,3477
chr3,320000,1,0.63485,340000,3054,3136,3175
chr3,340000,0.99753,0.6504,360000,3542,3363,3676
chr3,360000,1,0.62165,380000,2781,2944,3007
chr3,380000,1,0.6292,400000,3120,3207,3079
chr3,400000,0.999175,0.6278,420000,3081,3199,3188
chr3,420000,1,0.62755,440000,3032,3226,3190
chr3,440000,1,0.65015,460000,3512,3484,3692
chr3,460000,0.998217,0.6447,480000,2894,2957,3295
chr3,480000,1,0.61215,500000,2402,2454,2622
chr3,500000,0.977011,0.6167,520000,2718,2754,3121
chr3,520000,0.996305,0.63125,540000,2449,2550,2596
chr3,540000,1,0.6025,560000,2536,2822,2851
chr3,560000,0.983523,0.615,580000,2899,3016,2978
chr3,580000,0.99405,0.64705,600000,3515,3468,3733
chr3,600000,0.959244,0.6447,620000,3121,3150,3288
chr3,620000,0.999025,0.63835,640000,3382,3485,3492
chr3,640000,0.99795,0.62895,660000,2859,2946,3183
chr3,660000,0.999033,0.62355,680000,3016,3073,3311
chr3,680000,0.997975,0.62695,700000,2837,3110,3154
chr3,700000,0.99641,0.63625,720000,3197,3259,3387
chr3,720000,0.999175,0.63685,740000,3238,3122,3397
chr3,740000,0.906377,0.63045,760000,2645,2748,2876
chr3,760000,0.881265,0.66405,780000,3509,3186,3858
chr3,780000,0.985437,0.63965,800000,2266,2332,2385
chr3,800000,1,0.6049,820000,1478,1594,1493
chr3,820000,0.915197,0.61515,840000,2572,2639,2792
chr3,840000,0.983361,0.6328,860000,2796,3119,3191
chr3,860000,1,0.63645,880000,2958,3188,3326
chr3,880000,1,0.6517,900000,3303,3251,3522
chr3,900000,1,0.63415,920000,3322,3322,3477
chr3,920000,0.878099,0.61155,940000,2383,2408,2711
chr3,940000,0.898567,0.6349,960000,2524,2587,2529
chr3,960000,1,0.6346,980000,3127,3237,3265
chr3,980000,0.898842,0.6157,1000000,2231,2412,2379
chr3,1000000,0.9843,0.6479,1020000,4350,4479,4573
chr3,1020000,1,0.6571,1040000,3792,3717,3834
chr3,1040000,0.989567,0.6254,1060000,3082,3227,3246
chr3,1060000,1,0.65305,1080000,3379,3541,3665
chr3,1080000,0.947623,0.6974,1100000,3967,3612,4455
chr3,1100000,0.999133,0.6567,1120000,3591,3625,3680
chr3,1120000,0.9982,0.63545,1140000,3019,3108,3208
chr3,1140000,1,0.6308,1160000,3183,3285,3381
chr3,1160000,0.982759,0.6658,1180000,3645,3455,4139
chr3,1180000,0.9991,0.61205,1200000,3334,3850,3497
chr3,1200000,0.99975,0.62895,1220000,3046,3180,3083
chr3,1220000,0.983959,0.6299,1240000,3110,3317,3299
chr3,1240000,0.788398,0.6507,1260000,2462,2310,2754
chr3,1260000,0.98595,0.6254,1280000,2401,2542,2497
chr3,1280000,1,0.6289,1300000,3176,3239,3162
chr3,1300000,1,0.6731,1320000,3812,3725,4177
chr3,1320000,1,0.6431,1340000,3167,3349,3338
chr3,1340000,0.999325,0.6335,1360000,2983,3191,3211
chr3,1360000,0.774103,0.6415,1380000,2243,2100,2450
chr3,1380000,0.960432,0.6605,1400000,3437,3307,3817
chr3,1400000,1,0.6532,1420000,3158,3091,3199
chr3,1420000,0.964579,0.6609,1440000,3403,3344,3532
chr3,1440000,0.8141,0.6357,1460000,1790,1732,2015
chr3,1460000,0.843417,0.63955,1480000,2240,2311,2459
chr3,1480000,0.99505,0.6234,1500000,2673,3040,2808
chr3,1500000,1,0.6568,1520000,3632,3436,3583
chr3,1520000,0.998875,0.65675,1540000,3524,3563,3640
chr3,1540000,0.99925,0.64765,1560000,3731,3605,3759
chr3,1560000,1,0.61235,1580000,2638,2830,2868
chr3,1580000,0.998275,0.6289,1600000,3206,3252,3326
chr3,1600000,0.994077,0.64275,1620000,3262,3367,3555
chr3,1620000,0.996757,0.63695,1640000,3100,3286,3290
chr3,1640000,0.974687,0.6502,1660000,3380,3256,3571
chr3,1660000,1,0.6252,1680000,2887,3151,3060
chr3,1680000,0.950361,0.61145,1700000,2735,2796,2968
chr3,1700000,0.946162,0.6316,1720000,3249,3153,3666
chr3,1720000,0.838375,0.6189,1740000,2165,2203,2380
chr3,1740000,0.960825,0.6232,1760000,3345,3199,3354
chr3,1760000,0.9675,0.6309,1780000,2935,3170,3098
chr3,1780000,0.9902,0.6241,1800000,2920,3037,3279
chr3,1800000,0.764567,0.61045,1820000,1852,1842,2362
chr3,1820000,0.982225,0.62775,1840000,2746,2950,2945
chr3,1840000,1,0.62805,1860000,2853,3051,3153
chr3,1860000,0.99607,0.62535,1880000,2975,3061,3201
chr3,1880000,0.970821,0.66155,1900000,3109,3273,3470
chr3,1900000,0.94807,0.69355,1920000,3706,3537,3994
chr3,1920000,0.967153,0.6716,1940000,3554,3420,3915
chr3,1940000,1,0.64285,1960000,3326,3461,3512
chr3,1960000,1,0.63265,1980000,3302,3497,3526
chr3,1980000,1,0.6386,2000000,3230,3264,3555
chr3,2000000,1,0.6102,2020000,2505,2701,2644
chr3,2020000,0.974746,0.65125,2040000,3147,3119,3383
chr3,2040000,0.998225,0.65475,2060000,3513,3516,3655
chr3,2060000,0.99694,0.6482,2080000,3267,3444,3475
chr3,2080000,1,0.6147,2100000,1475,2005,1943
chr3,2100000,0.997525,0.62275,2120000,1218,2412,2033
chr3,2120000,0.898543,0.6191,2140000,1728,3360,2873
chr3,2140000,1,0.6178,2160000,1914,4205,3008
chr3,2160000,0.996525,0.60735,2180000,1524,3368,2489
chr3,2180000,0.985279,0.6416,2200000,2046,4202,3447
chr3,2200000,1,0.647,2220000,1943,4208,3258
chr3,2220000,1,0.6317,2240000,2078,4211,3229
chr3,2240000,0.870392,0.6266,2260000,1720,3420,2854
chr3,2260000,0.980309,0.6244,2280000,1803,4011,2970
chr3,2280000,0.98754,0.673,2300000,2636,4878,4236
chr3,2300000,0.999425,0.63965,2320000,2484,4912,3702
chr3,2320000,1,0.63335,2340000,2150,4353,3168
chr3,2340000,0.994192,0.64965,2360000,2148,4413,3459
chr3,2360000,0.999475,0.66115,2380000,2252,4554,3645
chr3,2380000,0.9875,0.63255,2400000,2072,4319,3265
chr3,2400000,0.99665,0.6511,2420000,3042,5280,4062
chr3,2420000,0.998075,0.58045,2440000,4162,5733,4891
chr3,2440000,1,0.6119,2460000,1891,3948,3025
chr3,2460000,1,0.60125,2480000,1750,3817,2803
chr3,2480000,1,0.6297,2500000,2460,4080,3411
chr3,2500000,0.987679,0.6598,2520000,4039,4277,4405
chr3,2520000,0.993875,0.62655,2540000,1979,4130,3223
chr3,2540000,0.9836,0.6159,2560000,1821,3957,2803
chr3,2560000,1,0.6346,2580000,2113,4541,3454
chr3,2580000,0.990725,0.6115,2600000,2194,4065,3396
chr3,2600000,0.863098,0.63035,2620000,1856,3610,3091
chr3,2620000,0.974766,0.6498,2640000,2469,4499,3897
chr3,2640000,0.996942,0.63115,2660000,2174,4316,3405
chr3,2660000,0.999366,0.696,2680000,2928,5478,4396
chr3,2680000,0.9004,0.6085,2700000,1458,3008,2296
chr3,2700000,0.959626,0.65385,2720000,2123,4126,3674
chr3,2720000,0.91531,0.6272,2740000,1855,3464,2894
chr3,2740000,0.994589,0.63915,2760000,2280,4554,3618
chr3,2760000,0.950175,0.63125,2780000,2124,3961,3181
chr3,2780000,1,0.6205,2800000,2002,4240,2999
chr3,2800000,0.990725,0.6248,2820000,1875,3885,2959
chr3,2820000,0.96353,0.6331,2840000,1875,3701,2947
chr3,2840000,0.992233,0.6307,2860000,2098,4358,3295
chr3,2860000,0.9957,0.6515,2880000,2316,4634,3657
chr3,2880000,0.988195,0.64225,2900000,2300,4448,3647
chr3,2900000,0.963625,0.63115,2920000,1852,3796,2922
chr3,2920000,0.922225,0.613,2940000,1532,3279,2315
chr3,2940000,1,0.6222,2960000,1835,3926,2972
chr3,2960000,0.9991,0.65815,2980000,2124,4184,3505
chr3,2980000,1,0.61435,3000000,1899,3964,3132
chr3,3000000,0.974488,0.6197,3020000,1874,3876,2874
chr3,3020000,1,0.61655,3040000,1753,3736,2831
chr3,3040000,0.99905,0.61435,3060000,1862,3787,2945
chr3,3060000,1,0.6154,3080000,1876,4130,3135
chr3,3080000,1,0.6289,3100000,2056,4183,3344
chr3,3100000,0.993375,0.6416,3120000,2369,4493,3719
chr3,3120000,1,0.6506,3140000,2325,4915,3764
chr3,3140000,1,0.62455,3160000,2037,4209,3174
chr3,3160000,0.986753,0.6673,3180000,2578,4738,3981
chr3,3180000,0.886525,0.615,3200000,1323,3068,2227
chr3,3200000,0.9879,0.64165,3220000,2775,5065,3619
chr3,3220000,0.9979,0.6332,3240000,2613,4869,3668
chr3,3240000,1,0.624,3260000,1897,4103,3019
chr3,3260000,1,0.61875,3280000,1860,4180,3114
chr3,3280000,0.999425,0.6267,3300000,2597,4699,3492
chr3,3300000,0.9829,0.62455,3320000,1869,3852,3012
chr3,3320000,0.97705,0.6485,3340000,2173,4349,3390
chr3,3340000,0.997892,0.6468,3360000,2089,4328,3343
chr3,3360000,1,0.6236,3380000,1516,3242,2522
chr3,3380000,0.993128,0.6616,3400000,3052,4808,4039
chr3,3400000,0.999425,0.6269,3420000,1912,4066,3046
chr3,3420000,1,0.6128,3440000,1899,4282,3138
chr3,3440000,1,0.61015,3460000,1853,4010,2959
chr3,3460000,0.9875,0.60795,3480000,1880,3883,3053
chr3,3480000,1,0.62615,3500000,2117,4317,3205
chr3,3500000,1,0.6013,3520000,1549,3604,2528
chr3,3520000,0.9938,0.61325,3540000,1920,4159,3046
chr3,3540000,0.931042,0.61685,3560000,1570,3270,2665
chr3,3560000,1,0.61425,3580000,1878,3899,2834
chr3,3580000,0.94985,0.65355,3600000,2289,4386,3810
chr3,3600000,0.9897,0.6175,3620000,1938,4103,3101
chr3,3620000,0.95325,0.62145,3640000,1589,3522,2653
chr3,3640000,0.9158,0.62345,3660000,1461,3275,2263
chr3,3660000,1,0.6259,3680000,1919,4057,2997
chr3,3680000,0.988133,0.68225,3700000,2576,4925,3950
chr3,3700000,0.939275,0.62705,3720000,1750,3562,2901
chr3,3720000,1,0.6178,3740000,2307,3914,3024
chr3,3740000,0.988837,0.6214,3760000,2014,4082,3133
chr3,3760000,0.974608,0.6194,3780000,1895,3838,3070
chr3,3780000,0.998825,0.62295,3800000,2069,4206,3025
chr3,3800000,0.98545,0.61945,3820000,1568,3151,2459
chr3,3820000,1,0.59115,3840000,1550,3264,2446
chr3,3840000,1,0.6137,3860000,1780,4028,2772
chr3,3860000,0.997658,0.6321,3880000,2160,4421,3511
chr3,3880000,1,0.6436,3900000,2225,4506,3477
chr3,3900000,1,0.61295,3920000,1839,3830,2970
chr3,3920000,1,0.6509,3940000,2107,4505,3274
chr3,3940000,0.998317,0.64735,3960000,2360,4610,3571
chr3,3960000,0.986525,0.6614,3980000,2396,4707,3816
chr3,3980000,0.990625,0.6404,4000000,2163,4758,3517
chr3,4000000,1,0.6597,4020000,2400,4840,3616
chr3,4020000,0.847998,0.56795,4040000,1372,2889,2363
chr3,4040000,1,0.6299,4060000,1954,4220,3030
chr3,4060000,0.982058,0.6145,4080000,2019,4077,3103
chr3,4080000,1,0.6473,4100000,2257,4404,3513
chr3,4100000,0.997542,0.63625,4120000,2124,4385,3318
chr3,4120000,0.999375,0.60175,4140000,1877,3786,2750
chr3,4140000,0.99955,0.60765,4160000,1965,3929,2863
chr3,4160000,0.999725,0.64375,4180000,2070,4308,3334
chr3,4180000,1,0.6497,4200000,2318,4454,3561
chr3,4200000,0.989138,0.65475,4220000,2386,4626,3634
chr3,4220000,0.859429,0.60805,4240000,1589,3352,2525
chr3,4240000,0.990514,0.62675,4260000,1703,3534,2858
chr3,4260000,0.991575,0.6378,4280000,2147,4193,3337
chr3,4280000,1,0.6036,4300000,1775,3731,2653
chr3,4300000,0.997023,0.6144,4320000,1955,4099,3175
chr3,4320000,0.988092,0.641,4340000,2080,4297,3412
chr3,4340000,0.999575,0.61765,4360000,1931,4018,2938
chr3,4360000,0.967921,0.63505,4380000,1973,3995,3187
chr3,4380000,0.983799,0.6691,4400000,2312,4549,3640
chr3,4400000,0.992,0.6434,4420000,2169,4411,3357
chr3,4420000,0.998692,0.648,4440000,2323,4689,3788
chr3,4440000,0.937841,0.57635,4460000,1541,3299,2313
chr3,4460000,0.891779,0.5879,4480000,1382,2934,2484
chr3,4480000,0.997133,0.6188,4500000,1793,3732,2766
chr3,4500000,0.990455,0.66295,4520000,2398,4568,3810
chr3,4520000,0.988228,0.6299,4540000,2236,4383,3239
chr3,4540000,0.923395,0.63885,4560000,1971,3741,3277
chr3,4560000,0.9961,0.6325,4580000,2191,4305,3331
chr3,4580000,0.977683,0.63875,4600000,2099,4293,3327
chr3,4600000,0.970826,0.63525,4620000,2229,4335,3571
chr3,4620000,0.998742,0.63745,4640000,2070,4297,3473
chr3,4640000,0.99975,0.6399,4660000,2008,4250,3209
chr3,4660000,0.989475,0.63595,4680000,1909,3928,3147
chr3,4680000,0.982867,0.68595,4700000,2683,5201,4312
chr3,4700000,1,0.63865,4720000,2224,4583,3452
chr3,4720000,0.978195,0.65655,4740000,2335,4576,3871
chr3,4740000,0.998925,0.6421,4760000,2041,4265,3126
chr3,4760000,0.952549,0.63135,4780000,1914,3995,2955
chr3,4780000,0.989683,0.6377,4800000,2316,4593,3531
chr3,4800000,1,0.63955,4820000,1995,3668,3052
chr3,4820000,0.883904,0.6444,4840000,2126,2756,3515
chr3,4840000,0.920011,0.61115,4860000,1628,2630,2524
chr3,4860000,1,0.62855,4880000,1890,3070,3021
chr3,4880000,1,0.63055,4900000,1918,2996,3358
chr3,4900000,0.9528,0.6301,4920000,1822,2992,2960
chr3,4920000,1,0.62445,4940000,1891,2977,3048
chr3,4940000,1,0.62445,4960000,1973,3181,3166
chr3,4960000,1,0.6135,4980000,1718,2824,2759
chr3,4980000,1,0.616,5000000,1826,3162,2978
chr3,5000000,0.987613,0.6125,5020000,2129,3224,3104
chr3,5020000,0.998625,0.61945,5040000,1981,3129,3002
chr3,5040000,0.9994,0.6113,5060000,1785,2886,2889
chr3,5060000,0.999025,0.62025,5080000,2022,3111,3190
chr3,5080000,0.963825,0.6047,5100000,1690,2745,2712
chr3,5100000,0.903118,0.6308,5120000,1996,2724,3265
chr3,5120000,0.987375,0.6123,5140000,1848,2987,3020
chr3,5140000,1,0.649,5160000,2182,3280,3396
chr3,5160000,0.940619,0.63055,5180000,1954,2955,3223
chr3,5180000,0.824907,0.64065,5200000,1798,2669,3030
chr3,5200000,0.976808,0.63735,5220000,2072,3172,3418
chr3,5220000,0.974925,0.62725,5240000,1970,2938,3248
chr3,5240000,1,0.63585,5260000,1958,2901,3190
chr3,5260000,1,0.6226,5280000,1912,3075,3000
chr3,5280000,0.985412,0.64555,5300000,2344,3409,3819
chr3,5300000,0.976892,0.6224,5320000,4831,5134,5492
chr3,5320000,1,0.59675,5340000,1432,2455,2415
chr3,5340000,0.9868,0.6424,5360000,2200,3328,3597
chr3,5360000,1,0.61825,5380000,1780,2802,2830
chr3,5380000,1,0.6169,5400000,1894,2998,2796
chr3,5400000,1,0.60085,5420000,1615,2650,2560
chr3,5420000,1,0.62725,5440000,1828,2816,2882
chr3,5440000,0.993558,0.63,5460000,2036,3145,3164
chr3,5460000,0.954692,0.6465,5480000,2189,2986,3528
chr3,5480000,0.997175,0.66255,5500000,2375,3546,3919
chr3,5500000,1,0.64015,5520000,2015,3238,3194
chr3,5520000,0.992685,0.6412,5540000,2215,3408,3574
chr3,5540000,1,0.6327,5560000,2055,3232,3161
chr3,5560000,0.997575,0.6646,5580000,2488,3508,3814
chr3,5580000,0.9978,0.6289,5600000,2408,3389,3363
chr3,5600000,1,0.64505,5620000,2633,3854,3783
chr3,5620000,1,0.6198,5640000,1897,3064,2998
chr3,5640000,0.958264,0.67235,5660000,2426,3635,3870
chr3,5660000,0.96035,0.6108,5680000,1670,2750,2833
chr3,5680000,0.909113,0.64075,5700000,1847,2645,2961
chr3,5700000,0.952434,0.6537,5720000,2163,3286,3520
chr3,5720000,0.616762,0.63185,5740000,985,1421,1489
chr3,5740000,1,0.6142,5760000,1834,3060,2839
chr3,5760000,1,0.6382,5780000,2181,3285,3397
chr3,5780000,1,0.6429,5800000,2116,3290,3462
chr3,5800000,0.888825,0.6626,5820000,1956,2778,3164
chr3,5820000,0.9997,0.6239,5840000,2041,3100,3100
chr3,5840000,1,0.617,5860000,1939,3090,2909
chr3,5860000,0.994356,0.62425,5880000,1913,3001,3201
chr3,5880000,0.99975,0.61385,5900000,1813,3028,2798
chr3,5900000,0.993225,0.6101,5920000,1812,2900,2926
chr3,5920000,1,0.6752,5940000,2663,3746,4335
chr3,5940000,0.992358,0.6413,5960000,2325,3422,3617
chr3,5960000,0.996533,0.6458,5980000,2134,3174,3475
chr3,5980000,0.987361,0.64785,6000000,2357,3651,3683
chr3,6000000,0.995561,0.6642,6020000,2483,3574,4199
chr3,6020000,0.875688,0.66695,6040000,2128,2995,3484
chr3,6040000,1,0.63905,6060000,2347,3393,3556
chr3,6060000,0.985953,0.64725,6080000,2134,3274,3417
chr3,6080000,0.985708,0.67025,6100000,2399,3550,3898
chr3,6100000,0.966316,0.6111,6120000,1567,2417,2599
chr3,6120000,0.916781,0.6284,6140000,1407,2077,2464
chr3,6140000,0.993458,0.6165,6160000,1832,2922,2919
chr3,6160000,0.956317,0.6027,6180000,1728,2783,2556
chr3,6180000,0.943471,0.63935,6200000,1968,2840,3250
chr3,6200000,0.9965,0.6178,6220000,2080,3263,3234
chr3,6220000,0.969708,0.63465,6240000,2020,3032,3348
chr3,6240000,1,0.65915,6260000,2379,3561,3877
chr3,6260000,1,0.621,6280000,1970,3177,3225
chr3,6280000,1,0.6296,6300000,2006,3065,3140
chr3,6300000,0.926217,0.6114,6320000,1706,2549,2903
chr3,6320000,0.990634,0.62025,6340000,2079,3126,3291
chr3,6340000,0.978127,0.6209,6360000,1401,1995,2246
chr3,6360000,0.932514,0.6269,6380000,1430,2091,2403
chr3,6380000,0.993827,0.6111,6400000,1848,2987,3064
chr3,6400000,0.998177,0.6079,6420000,1804,3047,2942
chr3,6420000,0.985912,0.6455,6440000,2295,3463,3811
chr3,6440000,0.994057,0.6279,6460000,2102,3179,3163
chr3,6460000,0.987334,0.65365,6480000,2256,3496,3848
chr3,6480000,0.996862,0.64295,6500000,2274,3411,3520
chr3,6500000,0.981958,0.5882,6520000,1737,2701,2783
chr3,6520000,0.976818,0.6013,6540000,1984,2859,3065
chr3,6540000,1,0.62105,6560000,1807,2876,2909
chr3,6560000,0.971845,0.6366,6580000,2313,3264,3765
chr3,6580000,0.995677,0.6914,6600000,2528,3681,4116
chr3,6600000,0.996816,0.64565,6620000,2333,3538,3842
chr3,6620000,0.997195,0.6429,6640000,2183,3398,3448
chr3,6640000,0.999475,0.64,6660000,2250,3502,3537
chr3,6660000,0.976857,0.6302,6680000,2072,3103,3356
chr3,6680000,1,0.6453,6700000,2137,3391,3433
chr3,6700000,0.987717,0.6457,6720000,2206,3545,3573
chr3,6720000,0.985417,0.6592,6740000,2363,3510,3853
chr3,6740000,0.86035,0.6202,6760000,1641,2503,2792
chr3,6760000,1,0.63085,6780000,1948,3280,3210
chr3,6780000,0.971673,0.6617,6800000,2246,3306,3563
chr3,6800000,1,0.6267,6820000,1838,2877,2943
chr3,6820000,0.850719,0.62725,6840000,1817,2655,2878
chr3,6840000,1,0.6291,6860000,2048,3279,3277
chr3,6860000,1,0.6461,6880000,2244,3516,3517
chr3,6880000,0.998088,0.66035,6900000,2341,3598,3764
chr3,6900000,0.967592,0.585,6920000,2815,3529,3777
chr3,6920000,1,0.62055,6940000,1893,3200,3092
chr3,6940000,0.981392,0.6409,6960000,2041,3113,3259
chr3,6960000,1,0.6561,6980000,2427,3659,3679
chr3,6980000,0.853769,0.60095,7000000,1963,2490,2923
chr3,7000000,1,0.6519,7020000,2043,3246,3297
chr3,7020000,0.944248,0.63585,7040000,1922,3134,3231
chr3,7040000,0.95335,0.6764,7060000,2531,3863,4205
chr3,7060000,0.99865,0.65055,7080000,2186,3351,3808
chr3,7080000,0.832718,0.6375,7100000,1831,2653,3024
chr3,7100000,0.961722,0.64985,7120000,2173,3277,3608
chr3,7120000,0.986184,0.6618,7140000,2366,3445,3903
chr3,7140000,0.99139,0.6155,7160000,1856,2937,2817
chr3,7160000,0.988354,0.65375,7180000,2255,3526,3627
chr3,7180000,1,0.6303,7200000,1938,3090,3067
chr3,7200000,0.998324,0.63945,7220000,2235,3360,3376
chr3,7220000,0.904501,0.6313,7240000,1834,2718,2902
chr3,7240000,0.940875,0.6114,7260000,1750,2638,2863
chr3,7260000,0.8803,0.64835,7280000,2400,3641,3760
chr3,7280000,1,0.6218,7300000,2050,3494,3194
chr3,7300000,0.986599,0.655,7320000,2482,3686,3808
chr3,7320000,0.998025,0.6229,7340000,1926,3202,3062
chr3,7340000,0.999925,0.6153,7360000,1925,3278,3052
chr3,7360000,0.998579,0.652,7380000,2316,3561,3836
chr3,7380000,0.988008,0.6552,7400000,2325,3568,3816
chr3,7400000,0.980177,0.6755,7420000,2527,3571,4083
chr3,7420000,0.977616,0.6288,7440000,1883,2999,3081
chr3,7440000,1,0.633,7460000,2149,3322,3308
chr3,7460000,0.845442,0.60515,7480000,1411,2170,2292
chr3,7480000,0.963543,0.6717,7500000,2463,3408,3857
chr3,7500000,0.984583,0.64385,7520000,2165,3124,3435
chr3,7520000,0.993321,0.6294,7540000,2084,3349,3260
chr3,7540000,0.998075,0.6348,7560000,2081,3360,3327
chr3,7560000,0.986904,0.6647,7580000,2434,3730,4053
chr3,7580000,0.999625,0.65805,7600000,2237,3471,3684
chr3,7600000,0.9999,0.61175,7620000,1927,3159,3021
chr3,7620000,1,0.6091,7640000,1939,3011,2913
chr3,7640000,0.998325,0.6552,7660000,2327,3408,3523
chr3,7660000,0.793533,0.6164,7680000,1112,1688,1814
chr3,7680000,0.4946,0.62955,7700000,72,66,130
chr3,7700000,0.991567,0.58215,7720000,907,1380,1435
chr3,7720000,0.8626,0.64965,7740000,1646,2586,2731
chr3,7740000,0.965521,0.63175,7760000,1811,2846,2978
chr3,7760000,0.978221,0.62625,7780000,2251,3276,3338
chr3,7780000,0.984547,0.6254,7800000,1957,3059,3276
chr3,7800000,0.995575,0.6226,7820000,2182,3332,3301
chr3,7820000,0.996821,0.64515,7840000,2324,3515,3822
chr3,7840000,1,0.64025,7860000,2254,3577,3501
chr3,7860000,1,0.6058,7880000,1794,2866,2819
chr3,7880000,1,0.6332,7900000,1996,3208,3205
chr3,7900000,0.99988,0.62435,7920000,2073,3215,3307
chr3,7920000,0.998337,0.63305,7940000,2117,3245,3242
chr3,7940000,0.994646,0.6633,7960000,2477,3716,4002
chr3,7960000,0.993375,0.62225,7980000,1995,3107,3299
chr3,7980000,0.9898,0.66455,8000000,2823,4002,4515
chr3,8000000,0.9973,0.6351,8020000,2064,3167,3326
chr3,8020000,0.960814,0.6296,8040000,1924,3032,3191
chr3,8040000,0.949443,0.67125,8060000,2296,3375,3837
chr3,8060000,0.969029,0.6469,8080000,2316,3335,3664
chr3,8080000,0.975667,0.6465,8100000,2245,3438,3456
chr3,8100000,0.99915,0.66515,8120000,2361,3519,3841
chr3,8120000,0.979417,0.64835,8140000,2114,3366,3452
chr3,8140000,0.997842,0.63185,8160000,2068,3236,3252
chr3,8160000,0.969218,0.64875,8180000,2169,3443,3466
chr3,8180000,0.840934,0.6559,8200000,1936,2913,3156
chr3,8200000,1,0.6333,8220000,2091,3266,3289
chr3,8220000,0.999733,0.6285,8240000,2042,3393,3363
chr3,8240000,1,0.6393,8260000,2209,3436,3363
chr3,8260000,1,0.6274,8280000,2118,3184,3193
chr3,8280000,0.998675,0.65015,8300000,2560,3759,3993
chr3,8300000,0.98291,0.6495,8320000,2186,3474,3734
chr3,8320000,0.985931,0.63535,8340000,2078,3348,3489
chr3,8340000,1,0.62555,8360000,2040,3267,3185
chr3,8360000,1,0.61745,8380000,1952,3098,3164
chr3,8380000,0.952958,0.6082,8400000,1961,2874,3056
chr3,8400000,1,0.63115,8420000,1993,3176,3248
chr3,8420000,0.996208,0.6346,8440000,2011,3138,3164
chr3,8440000,0.975193,0.6219,8460000,1857,3192,3216
chr3,8460000,0.975323,0.68325,8480000,2437,3675,4141
chr3,8480000,0.979754,0.56975,8500000,2419,3075,3401
chr3,8500000,0.961444,0.6292,8520000,2100,3288,3397
chr3,8520000,0.994662,0.6485,8540000,2607,3747,4204
chr3,8540000,0.871608,0.61175,8560000,1051,1791,1872
chr3,8560000,0.88141,0.6551,8580000,1921,2735,3124
chr3,8580000,0.896453,0.63175,8600000,1830,2882,2909
chr3,8600000,0.998242,0.63305,8620000,2287,3430,3432
chr3,8620000,0.949426,0.6552,8640000,2467,3332,3882
chr3,8640000,1,0.63065,8660000,2075,3435,3277
chr3,8660000,1,0.6206,8680000,2011,3251,3180
chr3,8680000,0.989508,0.55145,8700000,1760,2808,2744
chr3,8700000,0.993717,0.6493,8720000,2871,3757,4084
chr3,8720000,0.971146,0.64635,8740000,2075,3297,3455
chr3,8740000,1,0.61505,8760000,1856,3125,2998
chr3,8760000,0.946037,0.64615,8780000,2201,3410,3794
chr3,8780000,0.941968,0.6495,8800000,3853,4781,4642
chr3,8800000,0.941475,0.62105,8820000,13785,12468,12767
chr3,8820000,0.955771,0.67995,8840000,2389,3379,4114
chr3,8840000,0.960842,0.6631,8860000,3172,4083,4573
chr3,8860000,0.809258,0.67115,8880000,1981,2691,3149
chr3,8880000,0.93727,0.656,8900000,2524,3304,4171
chr3,8900000,0.8691,0.63835,8920000,1533,2448,2670
chr3,8920000,1,0.6684,8940000,2764,4164,4489
chr3,8940000,0.998954,0.6287,8960000,2178,3413,3402
chr3,8960000,0.977896,0.6277,8980000,2083,3194,3329
chr3,8980000,0.99415,0.61245,9000000,1901,3106,3105
chr3,9000000,0.970006,0.6366,9020000,2803,4034,3710
chr3,9020000,0.950392,0.6586,9040000,2307,3423,3713
chr3,9040000,0.982417,0.6193,9060000,2026,3137,3208
chr3,9060000,0.940042,0.61565,9080000,2253,3551,3360
chr3,9080000,0.930846,0.584,9100000,1674,2571,2767
chr3,9100000,0.951935,0.5692,9120000,1439,2288,2452
chr3,9120000,0.994883,0.6156,9140000,1977,3167,3066
chr3,9140000,0.979425,0.63535,9160000,2016,3165,3214
chr3,9160000,0.928929,0.6265,9180000,1802,2994,3205
chr3,9180000,0.951818,0.645,9200000,2261,3306,3615
chr3,9200000,0.996531,0.62965,9220000,2070,3305,3292
chr3,9220000,1,0.6668,9240000,2434,3776,3917
chr3,9240000,0.984725,0.66005,9260000,2322,3601,3880
chr3,9260000,0.932639,0.6254,9280000,1833,2877,3114
chr3,9280000,0.97742,0.6063,9300000,2307,3230,3471
chr3,9300000,0.817075,0.6137,9320000,1598,2176,2409
chr3,9320000,0.893825,0.62305,9340000,1274,2033,2079
chr3,9340000,0.969337,0.6266,9360000,2414,3398,3866
chr3,9360000,0.921946,0.62415,9380000,1925,2869,3037
chr3,9380000,0.916991,0.6384,9400000,2154,3134,3297
chr3,9400000,0.919541,0.6428,9420000,2041,2909,3367
chr3,9420000,0.995948,0.6787,9440000,2589,3712,4052
chr3,9440000,1,0.62385,9460000,1860,3094,3042
chr3,9460000,0.99665,0.6516,9480000,2329,3429,3700
chr3,9480000,0.998775,0.64335,9500000,2417,3296,3629
chr3,9500000,0.968714,0.65845,9520000,2586,3576,4203
chr3,9520000,0.975947,0.6532,9540000,2777,3685,4083
chr3,9540000,0.99848,0.6609,9560000,2362,3549,3803
chr3,9560000,0.997404,0.66645,9580000,2614,3772,4161
chr3,9580000,0.97705,0.62695,9600000,1862,3047,3064
chr3,9600000,0.960511,0.632,9620000,1938,2935,3352
chr3,9620000,0.997713,0.64195,9640000,2141,3405,3543
chr3,9640000,0.994421,0.61075,9660000,1649,2622,2541
chr3,9660000,0.99715,0.63855,9680000,1818,2729,2969
chr3,9680000,1,0.62605,9700000,1713,2734,2705
chr3,9700000,1,0.62565,9720000,2019,3150,3195
chr3,9720000,0.982558,0.67485,9740000,2406,3572,4083
chr3,9740000,0.9988,0.62195,9760000,1933,3177,3069
chr3,9760000,0.998833,0.6529,9780000,2282,3554,3808
chr3,9780000,0.98871,0.6527,9800000,1996,3031,3208
chr3,9800000,0.985602,0.65745,9820000,2322,3413,3719
chr3,9820000,1,0.63955,9840000,2011,3124,3204
chr3,9840000,0.962515,0.6335,9860000,1919,3255,3153
chr3,9860000,1,0.64465,9880000,2178,3637,3524
chr3,9880000,0.989487,0.6364,9900000,2302,3499,3477
chr3,9900000,0.968567,0.62195,9920000,1881,3009,3094
chr3,9920000,0.989887,0.68235,9940000,2784,3955,4469
chr3,9940000,0.965942,0.68955,9960000,2641,3815,4240
chr3,9960000,0.947171,0.67995,9980000,2753,3872,4340
chr3,9980000,0.951781,0.67315,10000000,2433,3566,4155
chr3,10000000,0.991941,0.646,10020000,2279,3637,3700
chr3,10020000,0.937283,0.5877,10040000,1618,2489,2731
chr3,10040000,0.9542,0.6311,10060000,2141,3175,3792
chr3,10060000,0.996512,0.64965,10080000,2249,3417,3483
chr3,10080000,0.990467,0.64075,10100000,2094,3324,3287
chr3,10100000,0.9474,0.6461,10120000,1982,3025,3430
chr3,10120000,0.983283,0.6312,10140000,1898,3013,3140
chr3,10140000,0.991133,0.662,10160000,2431,3545,3604
chr3,10160000,0.925144,0.6235,10180000,2210,3048,3382
chr3,10180000,0.984731,0.6769,10200000,2608,3775,4205
chr3,10200000,0.990087,0.6506,10220000,2474,3735,3772
chr3,10220000,0.976744,0.6352,10240000,2234,3556,3722
chr3,10240000,1,0.65775,10260000,2524,3880,3758
chr3,10260000,0.980362,0.6321,10280000,2015,3122,3159
chr3,10280000,0.95095,0.67105,10300000,2281,3322,3655
chr3,10300000,0.861689,0.6515,10320000,1980,2674,3085
chr3,10320000,1,0.6376,10340000,2132,3295,3318
chr3,10340000,1,0.5877,10360000,1577,2571,2708
chr3,10360000,0.986171,0.61445,10380000,2165,3140,3311
chr3,10380000,0.996892,0.64115,10400000,2319,3453,3533
chr3,10400000,1,0.68655,10420000,2759,4020,4157
chr3,10420000,0.99325,0.62775,10440000,2174,3336,3548
chr3,10440000,0.998025,0.6263,10460000,2039,3287,3285
chr3,10460000,0.994992,0.64905,10480000,2309,3594,3776
chr3,10480000,1,0.64345,10500000,2575,3568,3944
chr3,10500000,0.968292,0.63565,10520000,1952,3082,3232
chr3,10520000,1,0.6246,10540000,1904,3164,3076
chr3,10540000,0.986717,0.6768,10560000,2671,3902,4307
chr3,10560000,0.985458,0.62535,10580000,1944,3207,3158
chr3,10580000,0.99835,0.68235,10600000,2636,4036,4210
chr3,10600000,1,0.6517,10620000,2288,3782,3817
chr3,10620000,1,0.65385,10640000,2421,3788,3812
chr3,10640000,0.835825,0.6297,10660000,2636,3177,3874
chr3,10660000,0.986942,0.6701,10680000,2677,3802,4040
chr3,10680000,0.996442,0.65795,10700000,2671,3779,4143
chr3,10700000,0.997462,0.66555,10720000,2526,3684,4116
chr3,10720000,0.965,0.65965,10740000,2457,3645,3719
chr3,10740000,0.994704,0.6569,10760000,2695,3808,4111
chr3,10760000,0.996318,0.6533,10780000,2528,3721,3816
chr3,10780000,0.813322,0.62535,10800000,1780,2719,3043
chr3,10800000,0.9274,0.6398,10820000,1181,1710,2133
chr3,10820000,0.647479,0.70085,10840000,1188,1363,2025
chr3,10840000,0.552077,0.6752,10860000,626,817,926
chr3,10860000,0.854844,0.67155,10880000,2434,2895,3289
chr3,10880000,0.975679,0.6857,10900000,2385,3292,5111
chr3,10900000,0.999867,0.6637,10920000,2625,3946,5552
chr3,10920000,0.966495,0.60125,10940000,1994,3159,4155
chr3,10940000,0.959652,0.5981,10960000,1903,2776,3930
chr3,10960000,0.978511,0.6685,10980000,2426,3662,5343
chr3,10980000,0.97443,0.7083,11000000,2914,4111,6163
chr3,11000000,0.996584,0.6527,11020000,2152,3339,4677
chr3,11020000,0.982908,0.65425,11040000,2378,3330,4819
chr3,11040000,0.99985,0.65955,11060000,2687,3906,5334
chr3,11060000,0.994092,0.68625,11080000,2810,4015,5916
chr3,11080000,0.984484,0.63,11100000,2229,3262,4596
chr3,11100000,0.998233,0.7117,11120000,3039,4363,6589
chr3,11120000,0.992,0.65245,11140000,2441,3682,5306
chr3,11140000,1,0.65225,11160000,2221,3591,4825
chr3,11160000,0.974987,0.6736,11180000,2397,3780,5176
chr3,11180000,0.997275,0.6471,11200000,2230,3351,4550
chr3,11200000,0.789115,0.5644,11220000,1314,2094,3174
chr3,11220000,0.988411,0.6821,11240000,2931,4115,6046
chr3,11240000,0.969725,0.62205,11260000,1997,2891,4095
chr3,11260000,0.921054,0.7021,11280000,2594,3365,5132
chr3,11280000,1,0.62265,11300000,2038,3357,4382
chr3,11300000,0.971979,0.66065,11320000,2544,3867,5244
chr3,11320000,0.983246,0.6557,11340000,2446,3752,5453
chr3,11340000,0.980755,0.65785,11360000,2415,3628,5400
chr3,11360000,0.996475,0.6244,11380000,2819,3999,4908
chr3,11380000,0.901869,0.6533,11400000,2659,3531,5208
chr3,11400000,0.901143,0.6651,11420000,2177,3193,4915
chr3,11420000,0.910792,0.6646,11440000,3248,4167,5609
chr3,11440000,0.994192,0.6723,11460000,2827,3961,6032
chr3,11460000,0.99625,0.62685,11480000,1417,2228,2988
chr3,11480000,0.983483,0.66015,11500000,2944,4169,5731
chr3,11500000,0.975772,0.67985,11520000,2537,3922,5734
chr3,11520000,0.986681,0.6631,11540000,2685,3959,5419
chr3,11540000,0.960579,0.66605,11560000,2614,3785,5577
chr3,11560000,1,0.6244,11580000,1574,2354,3238
chr3,11580000,0.958113,0.6527,11600000,1126,1146,2478
chr3,11600000,0.9993,0.69465,11620000,1534,1411,3255
chr3,11620000,0.995594,0.65,11640000,1317,1361,2302
chr3,11640000,0.976075,0.6341,11660000,4050,4324,4248
chr3,11660000,0.922667,0.64975,11680000,1107,1072,2322
chr3,11680000,0.981542,0.63455,11700000,1299,1254,2627
chr3,11700000,0.954814,0.6382,11720000,1643,1601,2521
chr3,11720000,0.936983,0.631,11740000,1164,1222,2147
chr3,11740000,1,0.6293,11760000,1225,1253,2252
chr3,11760000,0.980609,0.57325,11780000,1343,1234,2250
chr3,11780000,0.993352,0.67265,11800000,1316,1276,2670
chr3,11800000,0.96822,0.6856,11820000,1353,1338,2787
chr3,11820000,0.976582,0.6491,11840000,1248,1189,2575
chr3,11840000,0.939832,0.62415,11860000,1291,1164,2435
chr3,11860000,0.95995,0.65865,11880000,1383,1196,2823
chr3,11880000,0.991738,0.6568,11900000,1236,1226,2586
chr3,11900000,0.951682,0.64215,11920000,1083,1114,2273
chr3,11920000,0.987175,0.68635,11940000,1571,1476,3033
chr3,11940000,0.955853,0.63995,11960000,1371,1307,2620
chr3,11960000,0.886024,0.59665,11980000,1204,1189,2045
chr3,11980000,0.950844,0.58925,12000000,1072,1060,2028
chr3,12000000,0.959833,0.59135,12020000,1383,1432,2269
chr3,12020000,0.912825,0.57635,12040000,1143,1034,1872
chr3,12040000,0.940067,0.5631,12060000,1353,1306,2196
chr3,12060000,0.989092,0.5848,12080000,1074,1110,2050
chr3,12080000,0.975667,0.63015,12100000,1097,1094,2237
chr3,12100000,0.986545,0.60645,12120000,1351,1376,2389
chr3,12120000,0.832624,0.6445,12140000,1375,1202,2365
chr3,12140000,0.311128,0.65565,12160000,238,233,609
chr3,12160000,0.222166,0.61055,12180000,101,107,250
chr3,12180000,0.215484,0.609,12200000,75,77,179
chr3,12200000,0.232098,0.66575,12220000,82,80,228
chr3,12220000,0.273116,0.6,12240000,148,143,340
chr3,12240000,0.326082,0.61085,12260000,192,163,509
chr3,12260000,0.319759,0.66375,12280000,270,206,588
chr3,12280000,0.260491,0.5944,12300000,112,117,271
chr3,12300000,0.298082,0.63595,12320000,232,171,482
chr3,12320000,0.315418,0.6404,12340000,209,195,511
chr3,12340000,0.312611,0.6056,12360000,192,208,493
chr3,12360000,0.324968,0.64125,12380000,248,267,596
chr3,12380000,0.522581,0.6241,12400000,625,543,1230
chr3,12400000,0.999475,0.6441,12420000,1196,1225,2792
chr3,12420000,0.981022,0.6189,12440000,1037,1120,2210
chr3,12440000,0.903998,0.59065,12460000,915,848,2004
chr3,12460000,0.969515,0.6645,12480000,1353,1387,2627
chr3,12480000,0.960851,0.65815,12500000,1336,1350,2680
chr3,12500000,1,0.653,12520000,1210,1274,2680
chr3,12520000,0.998222,0.6415,12540000,1184,1205,2602
chr3,12540000,0.983593,0.6643,12560000,1202,1238,2887
chr3,12560000,0.998225,0.65065,12580000,1214,1250,2596
chr3,12580000,1,0.6201,12600000,1030,1079,2288
chr3,12600000,0.995511,0.65395,12620000,1507,1542,2692
chr3,12620000,1,0.6573,12640000,1209,1254,2558
chr3,12640000,0.979821,0.7091,12660000,1526,1495,3298
chr3,12660000,0.946958,0.6602,12680000,1398,1301,2608
chr3,12680000,1,0.64055,12700000,1370,1464,2697
chr3,12700000,1,0.6226,12720000,985,1109,2167
chr3,12720000,0.978327,0.6603,12740000,1525,1461,2953
chr3,12740000,0.986125,0.59495,12760000,1129,1228,2185
chr3,12760000,0.9966,0.6789,12780000,1391,1373,2928
chr3,12780000,0.989987,0.59965,12800000,1392,1407,2442
chr3,12800000,0.998996,0.62015,12820000,1025,1115,2182
chr3,12820000,0.999475,0.65775,12840000,1286,1283,2726
chr3,12840000,0.995275,0.68075,12860000,2304,2291,3379
chr3,12860000,0.991075,0.6761,12880000,2134,2229,3383
chr3,12880000,0.979157,0.66535,12900000,1276,1258,2864
chr3,12900000,0.939801,0.66115,12920000,1215,1186,2562
chr3,12920000,0.871817,0.6175,12940000,916,915,2022
chr3,12940000,0.952554,0.6106,12960000,1791,1495,2627
chr3,12960000,0.935427,0.61705,12980000,1030,1026,2177
chr3,12980000,0.992084,0.637,13000000,1169,1191,2378
chr3,13000000,0.939967,0.6653,13020000,1708,1588,2519
chr3,13020000,0.960429,0.60065,13040000,4175,4383,4265
chr3,13040000,0.912537,0.61745,13060000,1148,1221,2146
chr3,13060000,0.99793,0.629,13080000,3198,3292,3966
chr3,13080000,0.961058,0.6648,13100000,1439,1433,2592
chr3,13100000,0.99754,0.65155,13120000,1183,1291,2537
chr3,13120000,0.927576,0.63395,13140000,1013,1156,2338
chr3,13140000,0.978311,0.6377,13160000,1191,1298,2413
chr3,13160000,0.999175,0.6006,13180000,1068,1092,2310
chr3,13180000,0.991658,0.68685,13200000,1496,1469,3109
chr3,13200000,0.880843,0.67705,13220000,1227,1123,2767
chr3,13220000,0.999175,0.6221,13240000,1160,1195,2433
chr3,13240000,0.994945,0.67115,13260000,1401,1446,3072
chr3,13260000,0.989033,0.64195,13280000,1196,1252,2526
chr3,13280000,0.951784,0.6358,13300000,1265,1186,2554
chr3,13300000,0.993675,0.6442,13320000,1120,1228,2637
chr3,13320000,1,0.6462,13340000,1178,1257,2599
chr3,13340000,0.997546,0.64335,13360000,1238,1312,2576
chr3,13360000,0.988425,0.6502,13380000,1915,1874,3194
chr3,13380000,0.861512,0.6287,13400000,953,971,2130
chr3,13400000,0.893001,0.63645,13420000,1295,1337,2438
chr3,13420000,0.899167,0.64485,13440000,1121,1131,2334
chr3,13440000,0.85934,0.6337,13460000,911,999,1916
chr3,13460000,0.996758,0.67445,13480000,1613,1597,3219
chr3,13480000,0.847145,0.6201,13500000,1311,1402,2320
chr3,13500000,0.991023,0.66775,13520000,1453,1339,2986
chr3,13520000,0.809585,0.59095,13540000,1242,1320,1898
chr3,13540000,0.953117,0.625,13560000,1069,1126,2177
chr3,13560000,0.867258,0.5825,13580000,888,976,1822
chr3,13580000,0.924616,0.63715,13600000,1089,1179,2272
chr3,13600000,0.799009,0.62055,13620000,2983,4732,3532
chr3,13620000,0.958864,0.6747,13640000,1384,1323,2824
chr3,13640000,1,0.62755,13660000,1118,1176,2251
chr3,13660000,0.940542,0.65625,13680000,1267,1200,2667
chr3,13680000,0.961337,0.67505,13700000,1361,1342,3003
chr3,13700000,0.84975,0.6916,13720000,1256,1234,2474
chr3,13720000,0.903167,0.6404,13740000,1006,1075,2067
chr3,13740000,0.99815,0.6763,13760000,1327,1324,2846
chr3,13760000,0.991275,0.64075,13780000,1162,1189,2485
chr3,13780000,0.989321,0.60635,13800000,1185,1265,2235
chr3,13800000,0.941711,0.65545,13820000,1582,1434,2873
chr3,13820000,0.938426,0.6659,13840000,1274,1149,2599
chr3,13840000,0.91062,0.64375,13860000,1162,1236,2413
chr3,13860000,0.971571,0.65365,13880000,1790,1813,3200
chr3,13880000,0.994175,0.65675,13900000,1231,1214,2736
chr3,13900000,1,0.6405,13920000,1248,1294,2599
chr3,13920000,0.99775,0.6636,13940000,1786,1835,3318
chr3,13940000,0.991156,0.65975,13960000,1221,1202,2715
chr3,13960000,0.99885,0.6872,13980000,1370,1285,2926
chr3,13980000,0.99345,0.68295,14000000,1660,1724,2918
chr3,14000000,0.526792,0.64285,14020000,366,377,846
chr3,14020000,0.918472,0.6176,14040000,1054,1080,2290
chr3,14040000,0.994883,0.6689,14060000,1484,1412,2933
chr3,14060000,0.952531,0.61665,14080000,1053,1081,2226
chr3,14080000,0.728421,0.5365,14100000,582,599,1257
chr3,14100000,0.702231,0.6299,14120000,1158,1072,1926
chr3,14120000,0.474525,0.656,14140000,201,200,566
chr3,14140000,0.435415,0.65095,14160000,95,84,225
chr3,14160000,0.43904,0.6299,14180000,92,90,212
chr3,14180000,0.552158,0.6534,14200000,390,415,857
chr3,14200000,0.975323,0.5901,14220000,1068,1005,1895
chr3,14220000,0.966231,0.641,14240000,1174,1192,2426
chr3,14240000,0.898836,0.65215,14260000,984,976,2013
chr3,14260000,0.956362,0.68015,14280000,1284,1279,2662
chr3,14280000,0.955077,0.59715,14300000,1091,1056,2054
chr3,14300000,0.865818,0.6232,14320000,964,924,2042
chr3,14320000,0.851596,0.62205,14340000,780,825,1712
chr3,14340000,0.99139,0.66645,14360000,1422,1445,2802
chr3,14360000,0.980308,0.6719,14380000,1484,1396,3154
chr3,14380000,1,0.65625,14400000,1264,1253,2605
chr3,14400000,0.953912,0.5884,14420000,859,1036,1935
chr3,14420000,0.981391,0.6338,14440000,1276,1238,2355
chr3,14440000,0.970418,0.6464,14460000,1160,1151,2503
chr3,14460000,0.989724,0.69735,14480000,1450,1499,3230
chr3,14480000,0.807065,0.6226,14500000,1085,983,1983
chr3,14500000,0.894402,0.6156,14520000,931,961,1957
chr3,14520000,0.930242,0.63275,14540000,1067,1061,2168
chr3,14540000,0.9991,0.66535,14560000,1285,1251,2605
chr3,14560000,0.93437,0.6567,14580000,1165,1148,2272
chr3,14580000,0.997221,0.6043,14600000,1086,1130,2416
chr3,14600000,0.967551,0.6267,14620000,1052,1067,2316
chr3,14620000,0.987974,0.6581,14640000,1315,1304,2748
chr3,14640000,0.965148,0.6931,14660000,1383,1386,3027
chr3,14660000,0.947183,0.67755,14680000,1203,1203,2622
chr3,14680000,0.983883,0.689,14700000,1387,1393,2887
chr3,14700000,0.987308,0.6923,14720000,2032,1754,3401
chr3,14720000,0.96534,0.647,14740000,1260,1211,2588
chr3,14740000,0.836637,0.65625,14760000,938,888,2052
chr3,14760000,0.876244,0.59285,14780000,93893,147086,101374
chr3,14780000,0.94775,0.6212,14800000,906603,1133542,937343
chr3,14800000,0.846746,0.6635,14820000,477120,547904,498255
chr3,14820000,0.708025,0.66265,14840000,289523,313892,313326
chr3,14840000,0.90705,0.6402,14860000,450407,544841,461249
chr3,14860000,0.669992,0.6665,14880000,141088,160549,159564
chr3,14880000,0.913717,0.627,14900000,12227,13733,13191
chr3,14900000,0.995265,0.60115,14920000,1043,1046,2357
chr3,14920000,0.964156,0.63525,14940000,1140,1134,2407
chr3,14940000,0.990103,0.6231,14960000,1328,1253,2518
chr3,14960000,0.989955,0.62025,14980000,1244,1132,2601
chr3,14980000,0.985825,0.64035,15000000,1297,1323,2609
chr3,15000000,0.978036,0.62515,15020000,1199,1301,2430
chr3,15020000,0.913878,0.65345,15040000,1208,1198,2398
chr3,15040000,0.994014,0.62335,15060000,1153,1115,2315
chr3,15060000,0.99995,0.6928,15080000,1786,1728,3404
chr3,15080000,0.926029,0.6119,15100000,1006,1025,1828
chr3,15100000,0.6542,0.74255,15120000,1094,1014,2248
chr3,15120000,0.9144,0.6426,15140000,1399,1430,2517
chr3,15140000,0.962569,0.55985,15160000,847,846,1944
chr3,15160000,0.938987,0.57975,15180000,830,759,1878
chr3,15180000,0.94504,0.57425,15200000,798,780,1816
chr3,15200000,0.805749,0.60875,15220000,885,845,1617
chr3,15220000,0.946555,0.61695,15240000,1044,1004,1981
chr3,15240000,0.971135,0.66435,15260000,1269,1255,2897
chr3,15260000,0.850117,0.64185,15280000,840,844,1744
chr3,15280000,0.743015,0.64925,15300000,832,810,1695
chr3,15300000,0.758,0.6178,15320000,2309,2023,2446
chr3,15320000,0.890526,0.60505,15340000,1562,1404,2143
chr3,15340000,0.668871,0.58665,15360000,588,575,1248
chr3,15360000,0.746215,0.57715,15380000,556,555,1311
chr3,15380000,0.763348,0.5634,15400000,774,643,1409
chr3,15400000,0.850669,0.5666,15420000,701,593,1453
chr3,15420000,0.579207,0.58825,15440000,556,498,1071
chr3,15440000,0.991271,0.5753,15460000,1393,1437,2292
chr3,15460000,1,0.64525,15480000,1134,1098,2321
chr3,15480000,0.911454,0.63265,15500000,892,854,2112
chr3,15500000,0.848172,0.6239,15520000,1226,1173,2015
chr3,15520000,0.761868,0.6072,15540000,1118,1160,1666
chr3,15540000,0.815034,0.58105,15560000,778,737,1546
chr3,15560000,0.770971,0.5801,15580000,1060,1067,1412
chr3,15580000,0.650157,0.5957,15600000,707,642,1042
chr3,15600000,0.294407,0.61675,15620000,339,291,456
chr3,15620000,0.489076,0.6161,15640000,973,1018,1073
chr3,15640000,0.429668,0.61485,15660000,932,826,871
chr3,15660000,0.410994,0.6115,15680000,740,777,788
chr3,15680000,0.517032,0.6052,15700000,480,496,645
chr3,15700000,0.358987,0.58385,15720000,290,315,283
chr3,15720000,0.226657,0.60795,15740000,126,116,174
chr3,15740000,0.281999,0.61835,15760000,195,184,264
chr3,15760000,0.248222,0.6163,15780000,227,205,247
chr3,15780000,0.131821,0.6148,15800000,142,134,178
chr3,15800000,0.240297,0.6167,15820000,342,375,352
chr3,15820000,0.177341,0.6146,15840000,778,785,512
chr3,15840000,0.20049,0.6152,15860000,520,546,347
chr3,15860000,0.300042,0.61675,15880000,158,210,199
chr3,15880000,0.263741,0.6185,15900000,99,77,145
chr3,15900000,0.305406,0.61345,15920000,817,936,577
chr3,15920000,0.174528,0.61395,15940000,94,98,166
chr3,15940000,0.21266,0.603,15960000,87,97,134
chr3,15960000,0.28064,0.60185,15980000,81,80,137
chr3,15980000,0.230865,0.5976,16000000,155,134,188
chr3,16000000,0.259826,0.60275,16020000,164,153,263
chr3,16020000,0.179298,0.5872,16040000,56,37,89
chr3,16040000,0.253718,0.60855,16060000,255,240,272
chr3,16060000,0.224299,0.5801,16080000,81,79,159
chr3,16080000,0.232157,0.6031,16100000,99,89,160
chr3,16100000,0.238166,0.6056,16120000,119,127,223
chr3,16120000,0.164499,0.6115,16140000,590,612,435
chr3,16140000,0.18039,0.60825,16160000,147,143,239
chr3,16160000,0.203576,0.6135,16180000,407,373,371
chr3,16180000,0.258045,0.61535,16200000,471,434,384
chr3,16200000,0.160268,0.6052,16220000,107,95,158
chr3,16220000,0.204675,0.6177,16240000,143,115,239
chr3,16240000,0.17741,0.61975,16260000,253,236,327
chr3,16260000,0.285553,0.5884,16280000,114,121,308
chr3,16280000,0.209617,0.58765,16300000,92,78,150
chr3,16300000,0.196356,0.60965,16320000,88,70,159
chr3,16320000,0.181157,0.59585,16340000,108,74,119
chr3,16340000,0.160913,0.5943,16360000,44,35,107
chr3,16360000,0.137581,0.61545,16380000,156,141,256
chr3,16380000,0.11933,0.6152,16400000,380,411,318
chr3,16400000,0.161387,0.609,16420000,186,146,270
chr3,16420000,0.160212,0.60985,16440000,231,177,237
chr3,16440000,0.115985,0.6142,16460000,347,306,371
chr3,16460000,0.161458,0.6138,16480000,158,176,279
chr3,16480000,0.148747,0.6151,16500000,300,313,297
chr3,16500000,0.139417,0.6162,16520000,473,345,415
chr3,16520000,0.222989,0.6166,16540000,308,298,349
chr3,16540000,0.218577,0.60385,16560000,108,84,218
chr3,16560000,0.165541,0.588,16580000,45,40,81
chr3,16580000,0.113398,0.611,16600000,124,89,175
chr3,16600000,0.141521,0.61385,16620000,176,137,258
chr3,16620000,0.128467,0.6137,16640000,105,99,164
chr3,16640000,0.248322,0.5974,16660000,111,127,163
chr3,16660000,0.29915,0.5841,16680000,67,67,122
chr3,16680000,0.20523,0.5939,16700000,221,238,204
chr3,16700000,0.22726,0.6112,16720000,143,152,187
chr3,16720000,0.22705,0.5983,16740000,135,117,186
chr3,16740000,0.145648,0.61185,16760000,172,117,216
chr3,16760000,0.118216,0.61905,16780000,138,134,184
chr3,16780000,0.0889087,0.61905,16800000,131,135,188
chr3,16800000,0.146691,0.6034,16820000,66,84,124
chr3,16820000,0.193963,0.5977,16840000,77,59,115
chr3,16840000,0.454256,0.54815,16860000,152,167,191
chr3,16860000,0.322097,0.5716,16880000,182,144,286
chr3,16880000,0.242442,0.61325,16900000,214,220,217
chr3,16900000,0.287319,0.62,16920000,313,325,314
chr3,16920000,0.255898,0.6167,16940000,221,213,285
chr3,16940000,0.118206,0.6149,16960000,63,51,98
chr3,16960000,0.229621,0.61625,16980000,195,212,248
chr3,16980000,0.163396,0.6146,17000000,273,311,287
chr3,17000000,0.20747,0.6158,17020000,431,423,321
chr3,17020000,0.303924,0.6165,17040000,212,222,221
chr3,17040000,0.26837,0.61755,17060000,150,116,176
chr3,17060000,0.266249,0.61315,17080000,272,290,255
chr3,17080000,0.194174,0.6043,17100000,83,88,146
chr3,17100000,0.263978,0.60125,17120000,100,90,157
chr3,17120000,0.271939,0.61375,17140000,135,158,182
chr3,17140000,0.234588,0.59865,17160000,172,190,281
chr3,17160000,0.240602,0.60035,17180000,118,110,179
chr3,17180000,0.167289,0.5837,17200000,31,44,103
chr3,17200000,0.26899,0.61575,17220000,274,296,310
chr3,17220000,0.182458,0.57165,17240000,22,28,71
chr3,17240000,0.245434,0.6118,17260000,150,150,199
chr3,17260000,0.161441,0.60455,17280000,282,282,327
chr3,17280000,0.164125,0.61855,17300000,207,206,221
chr3,17300000,0.216392,0.61165,17320000,446,374,427
chr3,17320000,0.234715,0.6153,17340000,183,172,193
chr3,17340000,0.174735,0.61615,17360000,94,92,167
chr3,17360000,0.205604,0.60835,17380000,245,273,349
chr3,17380000,0.181858,0.61715,17400000,486,432,364
chr3,17400000,0.26336,0.5938,17420000,86,74,135
chr3,17420000,0.187475,0.5935,17440000,65,71,147
chr3,17440000,0.198239,0.6083,17460000,68,53,84
chr3,17460000,0.262654,0.57,17480000,77,62,177
chr3,17480000,0.25306,0.56245,17500000,99,102,215
chr3,17500000,0.158268,0.60745,17520000,96,69,167
chr3,17520000,0.135518,0.61595,17540000,138,114,202
chr3,17540000,0.138114,0.615,17560000,252,229,366
chr3,17560000,0.191086,0.60335,17580000,206,173,306
chr3,17580000,0.0805114,0.6153,17600000,171,157,180
chr3,17600000,0.169277,0.61375,17620000,183,191,281
chr3,17620000,0.121462,0.6151,17640000,165,167,202
chr3,17640000,0.129559,0.6157,17660000,232,210,227
chr3,17660000,0.17072,0.6164,17680000,90,69,146
chr3,17680000,0.194579,0.6049,17700000,73,56,133
chr3,17700000,0.168831,0.5875,17720000,40,55,102
chr3,17720000,0.10001,0.6112,17740000,290,189,242
chr3,17740000,0.174271,0.61315,17760000,783,993,884
chr3,17760000,0.159818,0.61365,17780000,121,118,215
chr3,17780000,0.317369,0.5942,17800000,87,72,173
chr3,17800000,0.22314,0.57375,17820000,36,47,98
chr3,17820000,0.242548,0.60415,17840000,114,86,211
chr3,17840000,0.2518,0.61075,17860000,425,422,356
chr3,17860000,0.30329,0.59745,17880000,236,211,407
chr3,17880000,0.145655,0.61195,17900000,132,129,205
chr3,17900000,0.105909,0.6182,17920000,144,144,166
chr3,17920000,0.102289,0.6199,17940000,112,107,167
chr3,17940000,0.167525,0.5913,17960000,70,57,101
chr3,17960000,0.215303,0.60965,17980000,176,184,258
chr3,17980000,0.216315,0.62105,18000000,283,270,383
chr3,18000000,0.213596,0.61695,18020000,320,290,434
chr3,18020000,0.292284,0.61545,18040000,254,247,475
chr3,18040000,0.385241,0.5903,18060000,642,549,895
chr3,18060000,0.329551,0.5365,18080000,236,201,458
chr3,18080000,0.406361,0.5895,18100000,741,694,1038
chr3,18100000,0.328127,0.597,18120000,643,529,822
chr3,18120000,0.393779,0.5806,18140000,349,331,687
chr3,18140000,0.366851,0.6097,18160000,330,310,525
chr3,18160000,0.309994,0.58405,18180000,235,226,538
chr3,18180000,0.323179,0.59065,18200000,402,363,622
chr3,18200000,0.241856,0.62005,18220000,461,461,523
chr3,18220000,0.129404,0.5941,18240000,206,148,259
chr3,18240000,0.226795,0.61375,18260000,821,840,799
chr3,18260000,0.167148,0.62265,18280000,273,288,311
chr3,18280000,0.0806066,0.62045,18300000,178,154,218
chr3,18300000,0.253041,0.59695,18320000,223,187,460
chr3,18320000,0.145682,0.6189,18340000,196,194,275
chr3,18340000,0.145807,0.62445,18360000,99,126,260
chr3,18360000,0.171681,0.6039,18380000,67,74,159
chr3,18380000,0.177266,0.6266,18400000,288,205,337
chr3,18400000,0.19706,0.60735,18420000,196,196,282
chr3,18420000,0.237991,0.6227,18440000,270,261,409
chr3,18440000,0.155449,0.62295,18460000,255,237,299
chr3,18460000,0.0927338,0.6271,18480000,130,138,175
chr3,18480000,0.17322,0.62545,18500000,451,527,481
chr3,18500000,0.0927725,0.58715,18520000,71,51,148
chr3,18520000,0.0856387,0.62505,18540000,103,153,153
chr3,18540000,0.231503,0.6143,18560000,234,233,347
chr3,18560000,0.216647,0.5991,18580000,289,242,454
chr3,18580000,0.184213,0.6069,18600000,178,175,237
chr3,18600000,0.169492,0.61535,18620000,154,152,255
chr3,18620000,0.245308,0.6014,18640000,248,244,439
chr3,18640000,0.310826,0.59075,18660000,207,187,446
chr3,18660000,0.184049,0.58255,18680000,105,95,308
chr3,18680000,0.29825,0.58655,18700000,216,249,545
chr3,18700000,0.19425,0.6124,18720000,177,138,329
chr3,18720000,0.0867419,0.6232,18740000,128,95,183
chr3,18740000,0.152035,0.6289,18760000,15847,14399,18992
chr3,18760000,0.282206,0.628,18780000,7374,8388,9072
chr3,18780000,0.291871,0.59995,18800000,463,389,573
chr3,18800000,0.228464,0.62355,18820000,207,215,366
chr3,18820000,0.162693,0.60665,18840000,176,168,287
chr3,18840000,0.161164,0.6231,18860000,203,194,254
chr3,18860000,0.19906,0.60275,18880000,193,174,363
chr3,18880000,0.219619,0.59375,18900000,253,197,382
chr3,18900000,0.267292,0.61155,18920000,1085,1101,910
chr3,18920000,0.126454,0.59835,18940000,313,264,345
chr3,18940000,0.255734,0.6068,18960000,499,448,594
chr3,18960000,0.280856,0.60975,18980000,350,299,501
chr3,18980000,0.243754,0.6045,19000000,195,158,368
chr3,19000000,0.308675,0.5953,19020000,372,337,590
chr3,19020000,0.23486,0.57595,19040000,212,206,382
chr3,19040000,0.333007,0.61595,19060000,237,218,461
chr3,19060000,0.270224,0.60665,19080000,420,343,566
chr3,19080000,0.289673,0.62215,19100000,494,560,587
chr3,19100000,0.297621,0.6084,19120000,280,265,482
chr3,19120000,0.256387,0.61965,19140000,1352,1384,937
chr3,19140000,0.221115,0.5927,19160000,381,378,504
chr3,19160000,0.136277,0.6027,19180000,123,89,229
chr3,19180000,0.194536,0.6182,19200000,498,469,458
chr3,19200000,0.188918,0.6134,19220000,427,379,458
chr3,19220000,0.203096,0.61425,19240000,214,194,314
chr3,19240000,0.196518,0.62035,19260000,396,349,418
chr3,19260000,0.206495,0.59735,19280000,309,279,430
chr3,19280000,0.133569,0.573,19300000,104,87,195
chr3,19300000,0.151564,0.5803,19320000,84,61,184
chr3,19320000,0.234778,0.62265,19340000,213,250,304
chr3,19340000,0.241496,0.61405,19360000,251,265,362
chr3,19360000,0.182881,0.59415,19380000,25,19,21
chr3,19380000,0.209151,0.584,19400000,81,97,243
chr3,19400000,0.282164,0.6179,19420000,441,502,524
chr3,19420000,0.123212,0.57735,19440000,123,100,252
chr3,19440000,0.18132,0.5891,19460000,152,159,295
chr3,19460000,0.208646,0.6194,19480000,274,253,399
chr3,19480000,0.297596,0.5938,19500000,493,379,444
chr3,19500000,0.179823,0.60405,19520000,96,101,243
chr3,19520000,0.134493,0.588,19540000,89,90,187
chr3,19540000,0.164396,0.6223,19560000,159,166,235
chr3,19560000,0.321118,0.61765,19580000,406,362,572
chr3,19580000,0.272423,0.6119,19600000,234,229,467
chr3,19600000,0.342544,0.6153,19620000,622,546,842
chr3,19620000,0.219377,0.6179,19640000,245,218,400
chr3,19640000,0.417801,0.6118,19660000,349,344,701
chr3,19660000,0.296039,0.6191,19680000,334,320,459
chr3,19680000,0.253659,0.62035,19700000,314,268,424
chr3,19700000,0.235256,0.62005,19720000,199,192,313
chr3,19720000,0.354411,0.6182,19740000,744,684,827
chr3,19740000,0.403464,0.61335,19760000,928,818,1072
chr3,19760000,0.450393,0.6182,19780000,481,494,696
chr3,19780000,0.432523,0.6168,19800000,679,814,890
chr3,19800000,0.332977,0.6088,19820000,379,325,612
chr3,19820000,0.271949,0.60705,19840000,282,247,489
chr3,19840000,0.349193,0.5868,19860000,366,307,626
chr3,19860000,0.259739,0.6198,19880000,502,517,620
chr3,19880000,0.52331,0.5959,19900000,470,479,777
chr3,19900000,0.58614,0.588,19920000,880,782,1282
chr3,19920000,0.65707,0.59685,19940000,2348,1933,2163
chr3,19940000,0.495776,0.60085,19960000,937,942,1041
chr3,19960000,0.462642,0.6197,19980000,851,852,928
chr3,19980000,0.570348,0.6288,20000000,1512,1311,1632
chr3,20000000,0.744379,0.6015,20020000,1609,2906,2379
chr3,20020000,0.685819,0.6003,20040000,781,721,1414
chr3,20040000,0.977097,0.62645,20060000,1128,1120,2405
chr3,20060000,0.928358,0.56865,20080000,916,879,1933
chr3,20080000,0.915362,0.62165,20100000,903,871,2107
chr3,20100000,0.944029,0.62495,20120000,1241,1773,3168
chr3,20120000,0.913043,0.6339,20140000,924,1007,1960
chr3,20140000,0.989942,0.61585,20160000,987,1064,2086
chr3,20160000,1,0.64245,20180000,1184,1240,2600
chr3,20180000,0.895485,0.5531,20200000,806,795,1531
chr3,20200000,0.839616,0.5474,20220000,620,561,1355
chr3,20220000,0.985596,0.6309,20240000,1129,1117,2316
chr3,20240000,0.9932,0.66075,20260000,1319,1255,2691
chr3,20260000,0.933764,0.67915,20280000,1565,1425,3171
chr3,20280000,0.998775,0.67925,20300000,1297,1177,2716
chr3,20300000,0.965328,0.61855,20320000,2530,2557,2965
chr3,20320000,0.743352,0.54265,20340000,917,872,1425
chr3,20340000,0.949093,0.6612,20360000,1363,1368,2369
chr3,20360000,0.85158,0.6112,20380000,1021,1096,2053
chr3,20380000,0.895732,0.63815,20400000,1002,812,2052
chr3,20400000,0.506085,0.66105,20420000,447,408,1116
chr3,20420000,0.536362,0.66445,20440000,499,437,1111
chr3,20440000,0.575127,0.65765,20460000,517,441,1200
chr3,20460000,0.941623,0.56995,20480000,908,889,1713
chr3,20480000,0.84482,0.6082,20500000,1078,1045,2245
chr3,20500000,0.956135,0.6342,20520000,1438,1479,2591
chr3,20520000,0.952265,0.645,20540000,1147,1143,2432
chr3,20540000,0.934379,0.62105,20560000,1158,1101,2243
chr3,20560000,0.940481,0.58985,20580000,897,824,2009
chr3,20580000,0.924199,0.5953,20600000,870,816,2014
chr3,20600000,0.989705,0.6368,20620000,1254,1209,2408
chr3,20620000,0.99895,0.6375,20640000,1272,1191,2614
chr3,20640000,0.961375,0.69075,20660000,1421,1431,2890
chr3,20660000,0.97665,0.62125,20680000,2115,2415,3665
chr3,20680000,0.900708,0.62875,20700000,969,916,2188
chr3,20700000,0.790776,0.58055,20720000,1110,1132,2012
chr3,20720000,0.99785,0.646,20740000,1147,1194,2416
chr3,20740000,0.999375,0.67945,20760000,1419,1442,3046
chr3,20760000,0.937407,0.69885,20780000,1714,1390,3182
chr3,20780000,0.970916,0.6319,20800000,1648,2104,3094
chr3,20800000,0.966739,0.59655,20820000,1390,1410,2480
chr3,20820000,0.967113,0.597,20840000,1497,1390,2480
chr3,20840000,0.985482,0.6646,20860000,3054,2535,4295
chr3,20860000,0.996,0.6288,20880000,1167,1225,2384
chr3,20880000,0.967894,0.5859,20900000,1653,1725,2546
chr3,20900000,0.976041,0.63235,20920000,1096,1102,2385
chr3,20920000,0.998675,0.59345,20940000,2536,2743,3074
chr3,20940000,0.999575,0.65475,20960000,1473,1437,2767
chr3,20960000,0.985434,0.66015,20980000,1493,1394,2832
chr3,20980000,0.990308,0.6285,21000000,1231,1175,2284
chr3,21000000,0.88769,0.61755,21020000,885,890,2046
chr3,21020000,0.965394,0.61665,21040000,1265,1677,2333
chr3,21040000,0.985804,0.6595,21060000,1118,1209,2563
chr3,21060000,0.9605,0.6578,21080000,1313,1316,2755
chr3,21080000,0.99965,0.6756,21100000,1372,1361,2961
chr3,21100000,0.969849,0.56105,21120000,987,969,1762
chr3,21120000,0.953709,0.65085,21140000,1312,1318,2682
chr3,21140000,1,0.63055,21160000,1345,1475,2484
chr3,21160000,0.984243,0.64055,21180000,1483,1457,2746
chr3,21180000,0.987812,0.61575,21200000,1286,1425,2440
chr3,21200000,0.959652,0.63145,21220000,1077,1176,2272
chr3,21220000,0.981958,0.6527,21240000,1247,1152,2582
chr3,21240000,0.971087,0.59585,21260000,830,906,1988
chr3,21260000,0.99325,0.6503,21280000,1212,1180,2493
chr3,21280000,0.921398,0.64105,21300000,896,1001,1921
chr3,21300000,0.736486,0.5409,21320000,554,577,1316
chr3,21320000,0.889542,0.61215,21340000,994,991,1972
chr3,21340000,0.847239,0.61315,21360000,1157,1028,2049
chr3,21360000,0.980533,0.65105,21380000,1235,1231,2618
chr3,21380000,0.999,0.65445,21400000,1178,1243,2406
chr3,21400000,0.923718,0.63145,21420000,1060,1073,2358
chr3,21420000,0.947556,0.58225,21440000,1032,1422,2080
chr3,21440000,0.895236,0.6088,21460000,948,1036,1973
chr3,21460000,0.975121,0.66365,21480000,1363,1289,2816
chr3,21480000,0.986369,0.6396,21500000,1138,1230,2397
chr3,21500000,0.975783,0.6742,21520000,1213,1225,2746
chr3,21520000,0.991207,0.5471,21540000,1110,1150,2116
chr3,21540000,0.998067,0.6774,21560000,1301,1288,2842
chr3,21560000,0.950583,0.68725,21580000,1365,1299,2960
chr3,21580000,0.998825,0.68315,21600000,1533,1404,2902
chr3,21600000,1,0.6688,21620000,1531,1523,2887
chr3,21620000,0.948062,0.65115,21640000,1094,1042,2434
chr3,21640000,0.865124,0.64705,21660000,1337,1267,2531
chr3,21660000,0.99665,0.6946,21680000,1475,1511,3108
chr3,21680000,0.590438,0.5479,21700000,556,547,1240
chr3,21700000,0.954327,0.6095,21720000,1060,990,2208
chr3,21720000,0.826645,0.6675,21740000,2260,2884,4883
chr3,21740000,0.9595,0.6612,21760000,2836,3744,5473
chr3,21760000,0.922296,0.62435,21780000,2036,2943,4252
chr3,21780000,0.973222,0.60505,21800000,2208,3123,4498
chr3,21800000,0.985488,0.64875,21820000,2326,3569,4935
chr3,21820000,0.985729,0.6606,21840000,2715,3813,5778
chr3,21840000,0.971046,0.5977,21860000,1899,2810,4326
chr3,21860000,0.999333,0.6841,21880000,2685,3938,6039
chr3,21880000,0.601983,0.63295,21900000,744,1080,1567
chr3,21900000,0.886217,0.65785,21920000,2900,3371,4895
chr3,21920000,0.956182,0.6602,21940000,5195,4623,4984
chr3,21940000,0.883333,0.6925,21960000,3922,3918,5073
chr3,21960000,0.883475,0.6713,21980000,2079,3142,4413
chr3,21980000,0.957808,0.6454,22000000,2294,3409,4987
chr3,22000000,0.993758,0.64475,22020000,2368,3659,5041
chr3,22020000,0.949592,0.6443,22040000,2404,3214,4701
chr3,22040000,0.94406,0.6616,22060000,2699,3706,5568
chr3,22060000,1,0.6832,22080000,2842,4129,5835
chr3,22080000,0.997192,0.6786,22100000,2721,4088,5755
chr3,22100000,0.985608,0.6278,22120000,2160,3329,4564
chr3,22120000,0.99845,0.69425,22140000,3276,4587,6618
chr3,22140000,0.850905,0.6648,22160000,2195,3184,4782
chr3,22160000,0.960446,0.6565,22180000,2371,3475,5080
chr3,22180000,0.96648,0.6848,22200000,2610,3742,5464
chr3,22200000,1,0.6732,22220000,2588,3932,5512
chr3,22220000,0.99775,0.62545,22240000,2165,3292,4619
chr3,22240000,0.98875,0.6732,22260000,3054,4227,5741
chr3,22260000,0.994842,0.5995,22280000,2207,3287,4568
chr3,22280000,0.992708,0.638,22300000,2591,4460,5610
chr3,22300000,0.990264,0.61325,22320000,2281,3350,4994
chr3,22320000,0.98705,0.6534,22340000,2597,3815,5521
chr3,22340000,1,0.7103,22360000,3316,4517,6784
chr3,22360000,0.988275,0.66945,22380000,2719,3706,5536
chr3,22380000,0.980208,0.6327,22400000,2329,3371,4518
chr3,22400000,0.870529,0.5364,22420000,1257,1878,2968
chr3,22420000,0.953991,0.6719,22440000,2826,3706,5791
chr3,22440000,1,0.6668,22460000,2839,4186,5878
chr3,22460000,0.93073,0.58735,22480000,1929,2786,4090
chr3,22480000,0.957216,0.6178,22500000,2137,3251,4689
chr3,22500000,0.953129,0.6924,22520000,2789,3739,5975
chr3,22520000,0.975326,0.64325,22540000,2224,3500,4796
chr3,22540000,0.999125,0.64255,22560000,2484,3692,5337
chr3,22560000,0.96377,0.6666,22580000,2758,3720,5505
chr3,22580000,0.968033,0.67355,22600000,2685,3924,5550
chr3,22600000,0.954742,0.6853,22620000,2534,3771,5766
chr3,22620000,0.8911,0.6577,22640000,2394,3492,4758
chr3,22640000,0.976767,0.62295,22660000,2468,3734,4688
chr3,22660000,0.983519,0.6303,22680000,2405,3406,5053
chr3,22680000,0.964102,0.66455,22700000,2682,3782,5650
chr3,22700000,1,0.6055,22720000,1323,2232,2762
chr3,22720000,0.99635,0.5513,22740000,1690,2496,3503
chr3,22740000,0.99905,0.63945,22760000,2393,3659,4857
chr3,22760000,0.956725,0.6477,22780000,2565,3480,5323
chr3,22780000,0.905332,0.62335,22800000,1919,2910,4080
chr3,22800000,0.9822,0.6319,22820000,2076,3363,4385
chr3,22820000,0.938583,0.68655,22840000,3106,3980,6266
chr3,22840000,0.849172,0.643,22860000,2738,3191,4665
chr3,22860000,0.98895,0.6398,22880000,2409,3715,4990
chr3,22880000,0.985392,0.63425,22900000,2318,3427,4939
chr3,22900000,0.997708,0.669,22920000,2790,3975,6089
chr3,22920000,0.955793,0.60185,22940000,2068,3063,4206
chr3,22940000,0.99915,0.66735,22960000,3345,5483,6240
chr3,22960000,0.908844,0.65085,22980000,2214,3056,4791
chr3,22980000,0.948232,0.66405,23000000,2323,3354,5038
chr3,23000000,1,0.645,23020000,2351,3857,5044
chr3,23020000,0.965887,0.6445,23040000,2596,3674,5011
chr3,23040000,0.754625,0.55545,23060000,1387,1952,3110
chr3,23060000,0.985964,0.6935,23080000,2946,4136,6266
chr3,23080000,0.842172,0.66275,23100000,1993,2744,4154
chr3,23100000,0.920768,0.58815,23120000,1770,2390,3544
chr3,23120000,0.805345,0.6714,23140000,2012,2394,4241
chr3,23140000,0.97305,0.59295,23160000,1891,3012,4216
chr3,23160000,0.982874,0.70335,23180000,2850,4036,6050
chr3,23180000,0.996667,0.66855,23200000,2708,3836,5568
chr3,23200000,0.99755,0.6245,23220000,2122,3460,4559
chr3,23220000,1,0.6694,23240000,2745,3927,5987
chr3,23240000,0.949537,0.64845,23260000,2369,3358,5010
chr3,23260000,0.955188,0.69955,23280000,2807,3922,6054
chr3,23280000,0.995974,0.6565,23300000,2336,3781,3703
chr3,23300000,0.9887,0.6862,23320000,2755,3750,4434
chr3,23320000,0.993825,0.6389,23340000,3303,4390,4623
chr3,23340000,0.982575,0.6665,23360000,4108,5166,5586
chr3,23360000,0.999425,0.6576,23380000,2493,3901,4110
chr3,23380000,0.93972,0.662,23400000,2851,3828,4183
chr3,23400000,0.939925,0.66625,23420000,2454,3429,3905
chr3,23420000,0.963549,0.63455,23440000,2101,3292,3562
chr3,23440000,0.890842,0.66045,23460000,2242,3014,3682
chr3,23460000,0.975668,0.63045,23480000,1997,3127,3279
chr3,23480000,0.974165,0.6325,23500000,2128,3175,3443
chr3,23500000,1,0.6535,23520000,3627,4433,4322
chr3,23520000,0.986442,0.6645,23540000,2600,3857,4061
chr3,23540000,0.980292,0.65365,23560000,2685,3923,3864
chr3,23560000,1,0.6507,23580000,2480,3703,3903
chr3,23580000,0.99645,0.64945,23600000,2049,3237,3346
chr3,23600000,0.995167,0.65755,23620000,2428,3877,3835
chr3,23620000,0.982227,0.65785,23640000,2656,3754,4049
chr3,23640000,0.854294,0.62685,23660000,1705,2321,3117
chr3,23660000,0.860213,0.63575,23680000,2196,2929,3336
chr3,23680000,0.906875,0.65005,23700000,2150,3192,3410
chr3,23700000,0.991988,0.6539,23720000,2492,3805,3955
chr3,23720000,1,0.61725,23740000,1920,3219,3004
chr3,23740000,0.994233,0.67555,23760000,2703,4245,4596
chr3,23760000,0.909725,0.621,23780000,1802,2699,2913
chr3,23780000,0.926245,0.67305,23800000,4416,4829,5449
chr3,23800000,0.937833,0.6561,23820000,2881,3693,4047
chr3,23820000,0.923061,0.6112,23840000,2003,3037,3276
chr3,23840000,0.878219,0.55545,23860000,1357,2244,2413
chr3,23860000,0.99945,0.64205,23880000,3075,3949,3885
chr3,23880000,0.932131,0.65885,23900000,2235,3427,3640
chr3,23900000,0.987475,0.64155,23920000,2251,3188,3634
chr3,23920000,0.97935,0.65965,23940000,2575,3707,4212
chr3,23940000,0.997336,0.62075,23960000,2141,3205,3381
chr3,23960000,0.99915,0.6421,23980000,2172,3359,3463
chr3,23980000,0.966451,0.6509,24000000,2224,3382,3703
chr3,24000000,0.908204,0.6854,24020000,2350,3307,4009
chr3,24020000,0.997425,0.64165,24040000,2306,3330,3715
chr3,24040000,0.787294,0.5648,24060000,1562,2120,2458
chr3,24060000,0.998425,0.63695,24080000,2219,3662,3621
chr3,24080000,0.991073,0.6575,24100000,2360,3434,3846
chr3,24100000,0.995251,0.6363,24120000,2630,3667,3807
chr3,24120000,0.953351,0.68005,24140000,2583,3746,4243
chr3,24140000,0.97562,0.67385,24160000,2450,3483,3985
chr3,24160000,0.991489,0.6479,24180000,1928,2767,3169
chr3,24180000,0.948367,0.64285,24200000,2312,3344,3629
chr3,24200000,0.922325,0.5944,24220000,1743,2681,2957
chr3,24220000,0.941658,0.6013,24240000,2045,2898,3295
chr3,24240000,1,0.6112,24260000,1575,2650,2615
chr3,24260000,0.97265,0.65265,24280000,2379,3391,3924
chr3,24280000,0.9973,0.65885,24300000,2329,3620,4085
chr3,24300000,0.938228,0.63615,24320000,2600,3366,3685
chr3,24320000,0.819968,0.63215,24340000,2013,2810,3100
chr3,24340000,0.459587,0.59645,24360000,906,1393,1434
chr3,24360000,0.973286,0.622,24380000,3277,4581,4790
chr3,24380000,0.954125,0.6734,24400000,2297,3036,3929
chr3,24400000,0.992555,0.6442,24420000,2082,2979,3225
chr3,24420000,0.9851,0.6883,24440000,2766,4107,4342
chr3,24440000,0.977075,0.6287,24460000,2097,3111,3369
chr3,24460000,0.991842,0.63395,24480000,2237,3277,3523
chr3,24480000,0.975628,0.70255,24500000,2811,3991,4566
chr3,24500000,0.992987,0.67095,24520000,2707,3730,4331
chr3,24520000,0.987875,0.64975,24540000,2743,3657,3960
chr3,24540000,1,0.6348,24560000,2337,3658,3450
chr3,24560000,1,0.6717,24580000,2626,4000,4241
chr3,24580000,0.999975,0.6374,24600000,2380,3669,4022
chr3,24600000,0.997662,0.6886,24620000,2794,4075,4795
chr3,24620000,1,0.64925,24640000,2341,3613,3590
chr3,24640000,0.945097,0.6225,24660000,1999,2352,3229
chr3,24660000,0.990325,0.6834,24680000,2798,1701,4334
chr3,24680000,0.992368,0.67725,24700000,2912,1471,4374
chr3,24700000,0.950465,0.66595,24720000,2425,1184,4107
chr3,24720000,0.952017,0.63425,24740000,2444,1265,3819
chr3,24740000,0.855714,0.6437,24760000,1952,1046,3055
chr3,24760000,0.977508,0.5718,24780000,1617,895,2753
chr3,24780000,0.927076,0.6272,24800000,2006,1042,3301
chr3,24800000,0.839362,0.65445,24820000,2003,1221,3077
chr3,24820000,0.904492,0.63,24840000,3190,2746,4301
chr3,24840000,0.909463,0.6612,24860000,3354,1984,4623
chr3,24860000,0.970822,0.6289,24880000,1954,1074,3241
chr3,24880000,0.987428,0.68175,24900000,2950,1514,4477
chr3,24900000,0.981815,0.67765,24920000,2497,1325,4231
chr3,24920000,0.99905,0.64735,24940000,2380,1246,3569
chr3,24940000,0.992461,0.614,24960000,1883,1098,3054
chr3,24960000,0.96165,0.6452,24980000,2208,1105,3593
chr3,24980000,0.851088,0.6537,25000000,2082,1350,3684
chr3,25000000,0.927736,0.659,25020000,2255,1311,3705
chr3,25020000,0.996275,0.6598,25040000,4255,2867,3780
chr3,25040000,0.910777,0.6463,25060000,4218,3271,3531
chr3,25060000,0.95772,0.65305,25080000,6741,5062,4995
chr3,25080000,0.91585,0.62555,25100000,3117,2757,2887
chr3,25100000,0.925079,0.6585,25120000,3219,3205,3472
chr3,25120000,0.946532,0.6529,25140000,3730,3452,4004
chr3,25140000,0.995777,0.6268,25160000,2984,3055,3259
chr3,25160000,1,0.63025,25180000,2888,3098,3074
chr3,25180000,0.982525,0.6481,25200000,3274,3255,3420
chr3,25200000,0.970087,0.67045,25220000,3989,3760,4176
chr3,25220000,0.995149,0.6948,25240000,4296,4107,4711
chr3,25240000,0.936313,0.64815,25260000,3614,3526,3842
chr3,25260000,0.96491,0.6645,25280000,3633,3456,3927
chr3,25280000,0.999908,0.6698,25300000,4017,4011,4237
chr3,25300000,1,0.62435,25320000,3081,3376,3208
chr3,25320000,0.991925,0.6491,25340000,3326,3310,3616
chr3,25340000,0.98748,0.6738,25360000,3922,3653,4107
chr3,25360000,0.960521,0.63575,25380000,3684,3639,4059
chr3,25380000,0.996675,0.56865,25400000,2777,2851,3027
chr3,25400000,0.982925,0.6399,25420000,3342,3459,3348
chr3,25420000,0.98515,0.68905,25440000,3977,3912,4203
chr3,25440000,0.923644,0.67815,25460000,3743,3539,3890
chr3,25460000,0.963588,0.63185,25480000,3250,3451,3585
chr3,25480000,0.963367,0.6121,25500000,2637,2853,3015
chr3,25500000,0.912429,0.69,25520000,4124,3708,4435
chr3,25520000,0.98675,0.669,25540000,4217,3819,4572
chr3,25540000,0.954105,0.6697,25560000,4077,3616,4392
chr3,25560000,0.932096,0.6327,25580000,2834,2856,3039
chr3,25580000,0.917824,0.6383,25600000,2154,2235,2477
chr3,25600000,0.911729,0.63605,25620000,2685,2372,2536
chr3,25620000,0.369935,0.63525,25640000,955,646,906
chr3,25640000,0.798191,0.67605,25660000,3717,2507,3310
chr3,25660000,0.997292,0.6004,25680000,4074,3040,3326
chr3,25680000,0.9749,0.6524,25700000,4185,3196,3504
chr3,25700000,0.979725,0.6294,25720000,3644,3095,2960
chr3,25720000,0.9744,0.62195,25740000,3539,2932,2930
chr3,25740000,0.935878,0.64265,25760000,4652,3595,3840
chr3,25760000,0.964822,0.6716,25780000,4816,3543,3921
chr3,25780000,0.972929,0.72065,25800000,7198,5619,5781
chr3,25800000,0.92246,0.6661,25820000,4314,3306,3837
chr3,25820000,0.999925,0.6467,25840000,4829,3897,4147
chr3,25840000,0.999433,0.61685,25860000,4288,3245,3427
chr3,25860000,0.964975,0.60205,25880000,4786,4030,3758
chr3,25880000,0.975967,0.6984,25900000,6322,4431,5029
chr3,25900000,0.976192,0.65035,25920000,5299,3730,4450
chr3,25920000,0.991838,0.682,25940000,6147,4351,4927
chr3,25940000,0.982492,0.634,25960000,3981,3183,3484
chr3,25960000,0.951774,0.65505,25980000,3445,3246,3567
chr3,25980000,0.912221,0.63525,26000000,3059,2882,3214
chr3,26000000,0.975667,0.6935,26020000,5024,4656,5202
chr3,26020000,0.991875,0.65985,26040000,3546,3496,3788
chr3,26040000,0.9969,0.6935,26060000,5095,4626,5156
chr3,26060000,0.990683,0.61185,26080000,2852,3092,3085
chr3,26080000,0.995893,0.63185,26100000,3228,3404,3366
chr3,26100000,0.99775,0.67795,26120000,4020,3745,4166
chr3,26120000,0.751897,0.6314,26140000,2505,2537,2627
chr3,26140000,0.963506,0.6135,26160000,4434,4223,4864
chr3,26160000,0.980983,0.6188,26180000,4294,4108,4682
chr3,26180000,0.964542,0.63105,26200000,3204,3195,3529
chr3,26200000,1,0.5998,26220000,2776,3030,2924
chr3,26220000,0.993725,0.6406,26240000,3359,3349,3678
chr3,26240000,0.994721,0.6357,26260000,3276,3418,3343
chr3,26260000,0.912862,0.6456,26280000,3017,2979,3555
chr3,26280000,1,0.613,26300000,2791,3331,2835
chr3,26300000,0.987772,0.66135,26320000,3361,3422,3751
chr3,26320000,0.997633,0.6876,26340000,4103,4144,4800
chr3,26340000,0.9984,0.61065,26360000,2736,2952,2936
chr3,26360000,0.988783,0.6401,26380000,4588,4152,4800
chr3,26380000,1,0.60505,26400000,3036,3108,3338
chr3,26400000,0.796788,0.6402,26420000,2520,2353,2900
chr3,26420000,0.849312,0.6066,26440000,2455,2528,2651
chr3,26440000,0.693037,0.59755,26460000,1603,1639,1786
chr3,26460000,0.995741,0.6201,26480000,2994,3245,3255
chr3,26480000,0.991067,0.6179,26500000,2820,3036,3172
chr3,26500000,0.995025,0.5999,26520000,2460,2669,2605
chr3,26520000,0.460771,0.71945,26540000,1501,1264,1731
chr3,26540000,0.239886,0.71875,26560000,303,301,550
chr3,26560000,0.217325,0.71425,26580000,326,276,468
chr3,26580000,0.394058,0.5613,26600000,699,626,800
chr3,26600000,0.698959,0.5652,26620000,1663,1593,1834
chr3,26620000,0.639539,0.56175,26640000,1303,1210,1631
chr3,26640000,0.601237,0.5351,26660000,1149,1096,1395
chr3,26660000,0.849795,0.56725,26680000,2176,1992,2436
chr3,26680000,0.824496,0.5441,26700000,1682,1619,2078
chr3,26700000,0.701405,0.56035,26720000,1532,1496,1671
chr3,26720000,0.861902,0.5705,26740000,2135,2156,2360
chr3,26740000,0.805133,0.5376,26760000,1627,1642,1978
chr3,26760000,0.667742,0.5965,26780000,1197,1063,1564
chr3,26780000,0.535982,0.58725,26800000,836,712,1240
chr3,26800000,0.489623,0.52175,26820000,2459,4147,2724
chr3,26820000,0.681532,0.61335,26840000,1251,1139,1648
chr3,26840000,0.119503,0.49965,26860000,347,353,397
chr3,26860000,0.0336247,0.4907,26880000,59,60,98
chr3,26880000,0.147529,0.4858,26900000,15,13,28
chr3,26900000,0.0160225,0.48845,26920000,0,0,0
chr3,26920000,0.0233985,0.48635,26940000,2,2,2
chr3,26940000,0.0283424,0.4864,26960000,38,53,59
chr3,26960000,0.0253059,0.48435,26980000,33,44,37
chr3,26980000,0.0183735,0.48945,27000000,0,0,1
chr3,27000000,0.0144993,0.4899,27020000,0,1,2
chr3,27020000,0.0310113,0.4921,27040000,17,23,33
chr3,27040000,0.0168444,0.4913,27060000,0,0,0
chr3,27060000,0.033233,0.4878,27080000,57,52,81
chr3,27080000,0.0160788,0.49005,27100000,0,0,0
chr3,27100000,0.0213726,0.4941,27120000,0,1,1
chr3,27120000,0.0230895,0.48855,27140000,0,0,1
chr3,27140000,0.0214716,0.4903,27160000,2,1,1
chr3,27160000,0.0309059,0.4925,27180000,13,14,16
chr3,27180000,0.02803,0.4904,27200000,2,5,8
chr3,27200000,0.0220503,0.4895,27220000,3,0,0
chr3,27220000,0.0240376,0.4869,27240000,13,23,24
chr3,27240000,0.224051,0.48475,27260000,112,152,112
chr3,27260000,0.0258848,0.48575,27280000,104,109,125
chr3,27280000,0.0406885,0.4874,27300000,43,56,64
chr3,27300000,0.0335002,0.48995,27320000,27,37,42
chr3,27320000,0.0294046,0.4936,27340000,20,28,32
chr3,27340000,0.0390255,0.4895,27360000,380,303,385
chr3,27360000,0.0540597,0.48875,27380000,48,40,65
chr3,27380000,0.0389773,0.49195,27400000,24,24,28
chr3,27400000,0.0420078,0.48975,27420000,68,65,55
chr3,27420000,0.0236657,0.4833,27440000,13,20,20
chr3,27440000,0.0460605,0.48425,27460000,20,35,18
chr3,27460000,0.024104,0.49095,27480000,1,5,4
chr3,27480000,0.0318933,0.49125,27500000,37,34,52
chr3,27500000,0.0461,0.48845,27520000,26,40,35
chr3,27520000,0.0186613,0.4857,27540000,1,4,2
chr3,27540000,0.0224094,0.4804,27560000,2,1,2
chr3,27560000,0.0224694,0.484,27580000,3,0,2
chr3,27580000,0.0234769,0.4941,27600000,3,0,5
chr3,27600000,0.0192149,0.4857,27620000,3,0,4
chr3,27620000,0.0233121,0.48955,27640000,25,26,25
chr4,0,0.442239,0.58745,20000,104,244,282
chr4,20000,0.564939,0.64115,40000,140,243,331
chr4,40000,0.399461,0.5848,60000,305,452,531
chr4,60000,0.753451,0.5687,80000,958,1320,1442
chr4,80000,0.661482,0.5439,100000,370,659,821
chr4,100000,0.482007,0.5826,120000,281,468,603
chr4,120000,0.859461,0.5961,140000,894,1680,1731
chr4,140000,0.990604,0.60455,160000,1100,2146,2180
chr4,160000,0.9666,0.6142,180000,1182,2300,2177
chr4,180000,0.9671,0.6042,200000,1125,2071,2295
chr4,200000,0.988171,0.62335,220000,1110,2203,2303
chr4,220000,1,0.6322,240000,1138,2383,2262
chr4,240000,0.973896,0.60525,260000,1044,2157,2235
chr4,260000,1,0.63195,280000,1065,2272,2455
chr4,280000,1,0.62185,300000,1034,2255,2170
chr4,300000,0.981432,0.63505,320000,1164,2362,2264
chr4,320000,1,0.62415,340000,1019,2225,2091
chr4,340000,0.91145,0.6033,360000,1111,2051,1860
chr4,360000,0.987088,0.63065,380000,1020,2238,2255
chr4,380000,1,0.64545,400000,1050,2226,2369
chr4,400000,0.999363,0.6243,420000,1126,2202,2253
chr4,420000,0.991775,0.66955,440000,1377,2543,2642
chr4,440000,0.980648,0.67855,460000,1485,2812,2869
chr4,460000,0.988516,0.6209,480000,1151,2255,2225
chr4,480000,0.967883,0.6256,500000,1107,2232,2226
chr4,500000,0.99905,0.65445,520000,1241,2443,2467
chr4,520000,0.986135,0.6309,540000,1029,2313,2233
chr4,540000,0.621932,0.6194,560000,455,1014,996
chr4,560000,0.361422,0.6298,580000,3,6,6
chr4,580000,0.620956,0.625,600000,526,1061,1175
chr4,600000,0.942747,0.59405,620000,1554,2445,2409
chr4,620000,0.942212,0.69285,640000,1379,2702,3181
chr4,640000,0.973892,0.63825,660000,1210,2317,2533
chr4,660000,0.99675,0.64935,680000,1257,2501,2564
chr4,680000,0.99835,0.62605,700000,1193,2379,2320
chr4,700000,0.955821,0.65425,720000,1156,2161,2556
chr4,720000,0.986472,0.62945,740000,1091,2181,2368
chr4,740000,0.966577,0.67265,760000,1372,2596,2898
chr4,760000,0.955183,0.6394,780000,1146,2298,2367
chr4,780000,0.961622,0.6604,800000,1246,2524,2771
chr4,800000,0.878078,0.63415,820000,1544,2282,2792
chr4,820000,0.815056,0.6401,840000,936,1667,2045
chr4,840000,0.605707,0.5639,860000,550,991,1076
chr4,860000,1,0.61535,880000,926,2254,2032
chr4,880000,0.942287,0.66615,900000,1952,2844,3112
chr4,900000,0.911889,0.695,920000,1430,2444,2975
chr4,920000,0.961798,0.6508,940000,1092,2391,2417
chr4,940000,0.9887,0.6527,960000,1180,2428,2513
chr4,960000,0.933912,0.66485,980000,1302,2420,2707
chr4,980000,0.99325,0.65015,1000000,1405,2611,2650
chr4,1000000,0.912465,0.64125,1020000,1013,2224,2229
chr4,1020000,0.999475,0.67395,1040000,1373,2770,2814
chr4,1040000,0.999775,0.6661,1060000,1408,2716,2799
chr4,1060000,0.994783,0.67705,1080000,1334,2484,2793
chr4,1080000,0.993575,0.67445,1100000,1829,2986,3235
chr4,1100000,0.934298,0.63235,1120000,1051,2080,2246
chr4,1120000,1,0.6388,1140000,1099,2288,2304
chr4,1140000,0.9891,0.69535,1160000,1417,2617,2980
chr4,1160000,0.994074,0.63905,1180000,1230,2408,2791
chr4,1180000,0.990176,0.68275,1200000,1408,2679,2909
chr4,1200000,0.986242,0.65835,1220000,1630,2575,2864
chr4,1220000,0.703362,0.5675,1240000,711,1206,1437
chr4,1240000,0.977211,0.68925,1260000,1412,2711,2921
chr4,1260000,0.983833,0.6726,1280000,1443,2493,3151
chr4,1280000,0.963728,0.6869,1300000,1381,2695,2971
chr4,1300000,0.985188,0.61555,1320000,1349,2509,2542
chr4,1320000,0.998925,0.62795,1340000,1324,2359,2607
chr4,1340000,0.98284,0.65255,1360000,1342,2531,2828
chr4,1360000,0.978553,0.62915,1380000,1136,2324,2246
chr4,1380000,0.993725,0.66335,1400000,1194,2473,2708
chr4,1400000,0.974908,0.5758,1420000,883,1727,1867
chr4,1420000,0.978983,0.68515,1440000,3114,3751,3711
chr4,1440000,0.991375,0.66765,1460000,1287,2563,2750
chr4,1460000,0.982975,0.7023,1480000,1553,2973,3438
chr4,1480000,0.809733,0.67705,1500000,1050,1931,2206
chr4,1500000,0.612142,0.6801,1520000,566,936,1304
chr4,1520000,0.852471,0.61415,1540000,803,1485,1815
chr4,1540000,0.992162,0.66035,1560000,1697,2763,2719
chr4,1560000,0.99825,0.66165,1580000,1270,2632,2759
chr4,1580000,1,0.66995,1600000,1330,2848,2590
chr4,1600000,0.972932,0.64905,1620000,1173,2410,2428
chr4,1620000,0.976399,0.608,1640000,1454,2433,2537
chr4,1640000,0.935459,0.6146,1660000,1012,1951,2107
chr4,1660000,0.976338,0.6631,1680000,2407,3230,3429
chr4,1680000,1,0.5906,1700000,918,2011,2036
chr4,1700000,0.982606,0.63125,1720000,1201,2320,2249
chr4,1720000,0.997525,0.6243,1740000,1157,2468,2416
chr4,1740000,0.974495,0.69595,1760000,1633,2854,3377
chr4,1760000,0.993167,0.6804,1780000,1552,2904,3146
chr4,1780000,0.663744,0.68195,1800000,1099,1746,2129
chr4,1800000,0.901601,0.64035,1820000,1018,2138,2184
chr4,1820000,0.997733,0.62975,1840000,1075,2318,2290
chr4,1840000,0.971172,0.6383,1860000,1093,2399,2533
chr4,1860000,0.928914,0.62905,1880000,1049,1836,2277
chr4,1880000,0.987775,0.64735,1900000,1119,2272,2292
chr4,1900000,0.956087,0.64805,1920000,1836,2783,3094
chr4,1920000,0.829562,0.60425,1940000,737,1474,1614
chr4,1940000,0.957822,0.6408,1960000,1131,2268,2346
chr4,1960000,0.989925,0.6861,1980000,1286,2672,2891
chr4,1980000,0.913887,0.68315,2000000,1123,2315,2587
chr4,2000000,0.774054,0.5489,2020000,525,895,1157
chr4,2020000,0.979263,0.65435,2040000,1291,2354,2781
chr4,2040000,0.987684,0.68855,2060000,3773,4495,4766
chr4,2060000,1,0.67655,2080000,1331,2690,2943
chr4,2080000,0.935499,0.6698,2100000,1230,2352,2604
chr4,2100000,0.931411,0.66685,2120000,1152,2464,2556
chr4,2120000,0.94851,0.6705,2140000,1266,2594,2714
chr4,2140000,0.900707,0.6567,2160000,1164,2371,2359
chr4,2160000,0.99695,0.68035,2180000,1315,2735,2915
chr4,2180000,1,0.6681,2200000,1289,2715,2838
chr4,2200000,0.857782,0.6815,2220000,1236,2426,2680
chr4,2220000,0.967188,0.65765,2240000,1724,2762,2664
chr4,2240000,0.9998,0.66855,2260000,1325,2574,2733
chr4,2260000,0.926535,0.649,2280000,1066,2122,2172
chr4,2280000,0.987339,0.6533,2300000,1243,2422,2638
chr4,2300000,0.780123,0.5603,2320000,703,1314,1522
chr4,2320000,0.891693,0.6765,2340000,1289,2321,2641
chr4,2340000,0.9788,0.7053,2360000,1566,3087,3456
chr4,2360000,1,0.63665,2380000,857,1831,1846
chr4,2380000,0.929542,0.6517,2400000,946,1735,1810
chr4,2400000,0.956058,0.55245,2420000,22663,20494,20016
chr4,2420000,0.953187,0.5884,2440000,1800,2378,2302
chr4,2440000,0.916414,0.6267,2460000,1467,2334,2579
chr4,2460000,0.921078,0.58825,2480000,939,1787,1632
chr4,2480000,0.985373,0.5857,2500000,2574,3297,3257
chr4,2500000,0.734482,0.59465,2520000,2633,2813,2423
chr4,2520000,0.504551,0.64585,2540000,289,455,679
chr4,2540000,0.692844,0.65125,2560000,648,1169,1415
chr4,2560000,0.974187,0.58745,2580000,1000,1865,2073
chr4,2580000,0.992592,0.59995,2600000,4204,5098,4352
chr4,2600000,0.983967,0.65195,2620000,4125,4711,5771
chr4,2620000,0.99,0.63,2640000,1179,2485,2488
chr4,2640000,0.945697,0.69065,2660000,1549,2736,3114
chr4,2660000,0.847233,0.64365,2680000,1267,2104,2072
chr4,2680000,0.885707,0.56745,2700000,919,1774,1890
chr4,2700000,0.892012,0.6202,2720000,910,1579,1839
chr4,2720000,0.870351,0.6437,2740000,1052,1901,2236
chr4,2740000,0.994308,0.6588,2760000,1288,2316,2610
chr4,2760000,0.996775,0.658,2780000,1213,2619,2606
chr4,2780000,0.994321,0.5773,2800000,997,2041,2275
chr4,2800000,0.964075,0.67025,2820000,971,1850,2073
chr4,2820000,0.961717,0.61345,2840000,1045,2111,2067
chr4,2840000,0.907307,0.6326,2860000,1192,2186,2515
chr4,2860000,0.96905,0.62755,2880000,979,1739,2017
chr4,2880000,0.992767,0.66105,2900000,1224,2438,2652
chr4,2900000,1,0.6368,2920000,1105,2464,2371
chr4,2920000,0.973697,0.5932,2940000,1131,2145,2282
chr4,2940000,0.986259,0.648,2960000,2028,3165,3311
chr4,2960000,0.995126,0.63715,2980000,1301,2721,2820
chr4,2980000,0.994975,0.64585,3000000,1151,2356,2493
chr4,3000000,0.920975,0.59455,3020000,891,1735,2075
chr4,3020000,0.643206,0.53605,3040000,477,1064,1015
chr4,3040000,0.996475,0.6759,3060000,1362,2768,2858
chr4,3060000,0.999475,0.62985,3080000,1149,2443,2560
chr4,3080000,1,0.63105,3100000,1073,2375,2251
chr4,3100000,0.978351,0.68185,3120000,1408,2654,3042
chr4,3120000,0.989626,0.6883,3140000,1420,2839,3125
chr4,3140000,0.992969,0.62255,3160000,1038,2368,2329
chr4,3160000,0.976268,0.63715,3180000,2570,3453,3432
chr4,3180000,0.998731,0.61985,3200000,1180,2182,2407
chr4,3200000,0.912681,0.54755,3220000,773,1586,1722
chr4,3220000,0.96393,0.60785,3240000,950,1980,2109
chr4,3240000,0.977731,0.6761,3260000,1298,2659,2859
chr4,3260000,0.824234,0.56045,3280000,729,1521,1562
chr4,3280000,0.990333,0.64405,3300000,1186,2366,2438
chr4,3300000,0.9623,0.6606,3320000,1133,2265,2371
chr4,3320000,0.962299,0.60835,3340000,764,1674,1657
chr4,3340000,0.669621,0.52185,3360000,486,863,999
chr4,3360000,0.690647,0.531,3380000,532,944,1091
chr4,3380000,0.633545,0.5636,3400000,1537,1776,1623
chr4,3400000,0.916797,0.62145,3420000,1417,2223,2339
chr4,3420000,0.881448,0.60815,3440000,1344,2073,2383
chr4,3440000,0.876506,0.61825,3460000,891,1803,1949
chr4,3460000,0.910973,0.6389,3480000,1756,2559,2650
chr4,3480000,0.991408,0.64255,3500000,1613,2616,2788
chr4,3500000,0.954107,0.6359,3520000,1478,2713,2551
chr4,3520000,0.959467,0.66745,3540000,1204,2452,2653
chr4,3540000,0.965953,0.6853,3560000,1402,2691,3114
chr4,3560000,0.989367,0.6571,3580000,1529,2756,3032
chr4,3580000,0.846099,0.66105,3600000,1155,1988,2404
chr4,3600000,1,0.64195,3620000,1230,2598,2515
chr4,3620000,0.9996,0.6596,3640000,1579,2804,2928
chr4,3640000,1,0.67015,3660000,1396,2760,2964
chr4,3660000,0.9988,0.64945,3680000,1188,2578,2536
chr4,3680000,0.990296,0.70125,3700000,1601,3120,3495
chr4,3700000,0.997337,0.6762,3720000,1392,2843,2880
chr4,3720000,0.963172,0.63615,3740000,1345,2417,2621
chr4,3740000,0.952146,0.61345,3760000,1055,1916,2212
chr4,3760000,0.99413,0.66535,3780000,1308,2559,2837
chr4,3780000,0.9862,0.6446,3800000,1223,2317,2624
chr4,3800000,0.990107,0.6787,3820000,1383,2714,2988
chr4,3820000,0.996177,0.66095,3840000,1459,2783,2960
chr4,3840000,0.99905,0.6714,3860000,1492,2703,2963
chr4,3860000,0.999125,0.6611,3880000,1282,2492,2607
chr4,3880000,0.89097,0.628,3900000,1098,2024,2094
chr4,3900000,0.80001,0.5854,3920000,585,1205,1334
chr4,3920000,0.752125,0.6837,3940000,693,1457,1550
chr4,3940000,0.9993,0.63885,3960000,1190,2428,2408
chr4,3960000,0.960746,0.66965,3980000,1339,2538,2730
chr4,3980000,0.954772,0.6671,4000000,1352,2493,2796
chr4,4000000,0.930212,0.67895,4020000,1342,2569,2736
chr4,4020000,0.990867,0.6256,4040000,1751,2944,2830
chr4,4040000,0.945393,0.648,4060000,1061,2073,2482
chr4,4060000,0.964517,0.63945,4080000,1145,2113,2506
chr4,4080000,0.99695,0.6393,4100000,1726,2991,2781
chr4,4100000,0.987047,0.69035,4120000,1641,2839,3211
chr4,4120000,0.93879,0.6684,4140000,1554,2448,2798
chr4,4140000,0.948614,0.6515,4160000,1091,2103,2452
chr4,4160000,0.994429,0.6848,4180000,1399,2565,2892
chr4,4180000,0.828643,0.5716,4200000,1075,1625,1951
chr4,4200000,0.859905,0.60665,4220000,899,1771,2077
chr4,4220000,0.99725,0.66555,4240000,1182,2594,2551
chr4,4240000,0.985551,0.62175,4260000,1038,2131,2395
chr4,4260000,1,0.66005,4280000,1333,2764,2740
chr4,4280000,0.945921,0.5922,4300000,983,1867,2004
chr4,4300000,0.902926,0.57955,4320000,1116,1861,2132
chr4,4320000,0.80741,0.5796,4340000,708,1515,1598
chr4,4340000,0.84732,0.5666,4360000,701,1441,1441
chr4,4360000,0.833537,0.5737,4380000,843,1476,1568
chr4,4380000,0.990533,0.6304,4400000,1152,2226,2347
chr4,4400000,0.982013,0.6602,4420000,1306,2449,2801
chr4,4420000,0.969417,0.57435,4440000,1364,2277,2364
chr4,4440000,0.688242,0.5619,4460000,9406,7477,5145
chr4,4460000,0.20517,0.54025,4480000,278,192,250
chr4,4480000,0.346165,0.5373,4500000,651,585,720
chr4,4500000,0.175693,0.53035,4520000,339,273,369
chr4,4520000,0.161832,0.5306,4540000,131,125,244
chr4,4540000,0.0660453,0.53075,4560000,98,76,128
chr4,4560000,0.22815,0.5319,4580000,171,175,288
chr4,4580000,0.179549,0.5309,4600000,212,201,261
chr4,4600000,0.075958,0.5317,4620000,123,94,176
chr4,4620000,0.0498342,0.5316,4640000,25,25,45
chr4,4640000,0.0981156,0.53185,4660000,61,94,128
chr4,4660000,0.092354,0.5454,4680000,93,103,185
chr4,4680000,0.0689762,0.54035,4700000,503,387,576
chr4,4700000,0.0904171,0.52905,4720000,108,121,150
chr4,4720000,0.098832,0.5311,4740000,30,28,52
chr4,4740000,0.0615459,0.5315,4760000,40,38,74
chr4,4760000,0.0989986,0.5307,4780000,63,74,105
chr4,4780000,0.0661281,0.5227,4800000,61,61,81
chr4,4800000,0.124595,0.5283,4820000,189,178,297
chr4,4820000,0.109162,0.5343,4840000,139,152,180
chr4,4840000,0.0838097,0.53265,4860000,77,81,147
chr4,4860000,0.130298,0.5313,4880000,450,351,489
chr4,4880000,0.117497,0.531,4900000,778,681,651
chr4,4900000,0.609774,0.5378,4920000,2976,1936,2869
chr4,4920000,0.617464,0.5413,4940000,1553,1318,1450
chr4,4940000,0.337651,0.54095,4960000,687,601,733
chr4,4960000,0.456289,0.54145,4980000,1150,810,1252
chr4,4980000,0.9983,0.65505,5000000,1265,2409,2554
chr4,5000000,0.885871,0.6371,5020000,967,1870,2208
chr4,5020000,0.913428,0.67645,5040000,1827,2724,3209
chr4,5040000,0.972906,0.6745,5060000,1432,2649,2939
chr4,5060000,0.895704,0.64595,5080000,1206,2246,2308
chr4,5080000,0.900107,0.64135,5100000,863,1635,1734
chr4,5100000,0.767275,0.64955,5120000,1395,2082,1995
chr4,5120000,0.976949,0.59585,5140000,1720,2588,2525
chr4,5140000,0.959419,0.6614,5160000,221,2453,2549
chr4,5160000,0.95855,0.6614,5180000,30,2421,2597
chr4,5180000,1,0.6126,5200000,15,2047,2068
chr4,5200000,0.994225,0.69375,5220000,56,2870,3255
chr4,5220000,0.956818,0.68745,5240000,64,2526,2866
chr4,5240000,0.859002,0.6293,5260000,19,1811,2160
chr4,5260000,0.993383,0.64495,5280000,39,2327,2367
chr4,5280000,0.99795,0.62555,5300000,49,2296,2405
chr4,5300000,0.87392,0.68155,5320000,33,2019,2447
chr4,5320000,0.940855,0.62065,5340000,108,2094,2299
chr4,5340000,0.999475,0.608,5360000,23,2325,2414
chr4,5360000,0.994102,0.62795,5380000,136,2469,2692
chr4,5380000,0.932207,0.66235,5400000,36,2343,2521
chr4,5400000,0.959399,0.5704,5420000,56,1773,1951
chr4,5420000,0.471077,0.556,5440000,5,5,8
chr4,5440000,0.478238,0.58075,5460000,0,1,3
chr4,5460000,0.693812,0.64615,5480000,59,821,942
chr4,5480000,0.812525,0.5576,5500000,61,1092,1309
chr4,5500000,0.911844,0.6271,5520000,14,2082,2349
chr4,5520000,0.985534,0.6556,5540000,187,2826,2913
chr4,5540000,0.985589,0.63855,5560000,113,2335,2525
chr4,5560000,0.869034,0.58585,5580000,62,1909,1865
chr4,5580000,0.741891,0.5551,5600000,53,1099,1300
chr4,5600000,0.992446,0.5611,5620000,92,1861,1980
chr4,5620000,0.88477,0.6415,5640000,326,2274,2330
chr4,5640000,0.966635,0.6703,5660000,26,2519,3018
chr4,5660000,0.977725,0.688,5680000,261,2946,3213
chr4,5680000,0.999,0.6295,5700000,20,2350,2302
chr4,5700000,0.926104,0.67345,5720000,43,2577,2999
chr4,5720000,0.930487,0.6484,5740000,74,2365,2445
chr4,5740000,0.840196,0.62455,5760000,56,1698,2027
chr4,5760000,0.948684,0.59915,5780000,453,2219,2190
chr4,5780000,0.903432,0.6031,5800000,40,1883,2168
chr4,5800000,0.937642,0.6694,5820000,108,2589,2865
chr4,5820000,0.955296,0.62345,5840000,269,2341,2479
chr4,5840000,0.988871,0.67605,5860000,58,2760,2942
chr4,5860000,0.996591,0.64915,5880000,19,2463,2608
chr4,5880000,0.931084,0.69975,5900000,27,2609,3053
chr4,5900000,0.591857,0.73015,5920000,22,1160,1757
chr4,5920000,0.984825,0.6118,5940000,254,2470,2341
chr4,5940000,0.950007,0.6925,5960000,111,2698,3095
chr4,5960000,0.967718,0.6622,5980000,396,2687,2910
chr4,5980000,0.96671,0.6473,6000000,68,2306,2451
chr4,6000000,1,0.63905,6020000,18,2426,2704
chr4,6020000,0.978191,0.58665,6040000,90,2018,2338
chr4,6040000,0.964168,0.6168,6060000,431,2395,2531
chr4,6060000,0.958602,0.6588,6080000,48,2382,2697
chr4,6080000,0.946757,0.6518,6100000,215,2463,2614
chr4,6100000,0.991183,0.6434,6120000,142,2454,2599
chr4,6120000,0.996025,0.5648,6140000,116,2157,1985
chr4,6140000,0.996767,0.61765,6160000,185,2634,2293
chr4,6160000,0.847429,0.62085,6180000,16,2038,2267
chr4,6180000,0.874619,0.6399,6200000,80,2166,2520
chr4,6200000,0.906411,0.5837,6220000,2310,3653,3529
chr4,6220000,0.901992,0.60995,6240000,98,1922,2037
chr4,6240000,0.97766,0.6327,6260000,134,2478,2582
chr4,6260000,0.939552,0.64155,6280000,102,2406,2590
chr4,6280000,0.896807,0.61625,6300000,247,1977,2242
chr4,6300000,1,0.66845,6320000,258,3027,3271
chr4,6320000,0.996842,0.6395,6340000,70,2525,2486
chr4,6340000,0.961234,0.64095,6360000,328,2561,2645
chr4,6360000,0.86801,0.59885,6380000,500,1993,2148
chr4,6380000,0.966662,0.665,6400000,17,2455,2607
chr4,6400000,1,0.59325,6420000,48,2172,2165
chr4,6420000,0.917584,0.65675,6440000,86,2255,2487
chr4,6440000,0.913575,0.6152,6460000,163,1844,2201
chr4,6460000,0.989181,0.641,6480000,144,2345,2634
chr4,6480000,0.969829,0.65415,6500000,37,2392,2448
chr4,6500000,0.911966,0.5672,6520000,63,1525,1752
chr4,6520000,0.854753,0.69805,6540000,14,1962,2451
chr4,6540000,0.966032,0.71385,6560000,14,2629,3165
chr4,6560000,0.996844,0.66435,6580000,107,2560,2674
chr4,6580000,0.723857,0.70165,6600000,17,1415,1766
chr4,6600000,0.58717,0.59415,6620000,63,910,1047
chr4,6620000,0.740995,0.54365,6640000,27,1007,1253
chr4,6640000,0.989049,0.5468,6660000,144,1666,1812
chr4,6660000,0.854127,0.63735,6680000,1035,2767,2744
chr4,6680000,0.824421,0.6218,6700000,6902,12320,9412
chr4,6700000,0.859207,0.68435,6720000,1947,4642,4141
chr4,6720000,0.811892,0.65855,6740000,176,1732,2215
chr4,6740000,0.947212,0.60445,6760000,1308,2847,2880
chr4,6760000,0.926221,0.58535,6780000,943,2162,2217
chr4,6780000,0.995225,0.62365,6800000,200,2232,2408
chr4,6800000,1,0.6688,6820000,102,2652,2871
chr4,6820000,0.949567,0.6576,6840000,321,2515,2484
chr4,6840000,0.971363,0.63165,6860000,829,2659,2594
chr4,6860000,0.926517,0.54165,6880000,34,1551,1530
chr4,6880000,0.465503,0.56155,6900000,8,7,14
chr4,6900000,0.484495,0.58565,6920000,2,5,11
chr4,6920000,0.791217,0.6633,6940000,12,1414,1423
chr4,6940000,0.791444,0.6591,6960000,467,2211,2400
chr4,6960000,0.924341,0.61625,6980000,86,2038,2060
chr4,6980000,0.971961,0.5675,7000000,114,1733,1966
chr4,7000000,0.99505,0.6877,7020000,71,2745,2984
chr4,7020000,0.974437,0.6121,7040000,102,2080,2202
chr4,7040000,1,0.63265,7060000,46,2312,2566
chr4,7060000,0.996917,0.64925,7080000,89,2474,2863
chr4,7080000,1,0.63195,7100000,58,2387,2520
chr4,7100000,0.990534,0.5944,7120000,191,2095,2342
chr4,7120000,0.980881,0.6326,7140000,40,2252,2426
chr4,7140000,0.994617,0.63525,7160000,43,2385,2583
chr4,7160000,0.983609,0.6191,7180000,110,2357,2507
chr4,7180000,0.993458,0.6838,7200000,260,2928,3259
chr4,7200000,0.938891,0.5741,7220000,471,2177,2297
chr4,7220000,0.998223,0.65995,7240000,544,3024,3164
chr4,7240000,0.934307,0.62915,7260000,618,2369,2597
chr4,7260000,0.870165,0.6217,7280000,49,1689,1731
chr4,7280000,0.680556,0.62345,7300000,40,919,1046
chr4,7300000,0.522864,0.60795,7320000,42,776,836
chr4,7320000,0.419217,0.6004,7340000,48,520,681
chr4,7340000,0.48703,0.61455,7360000,10,357,501
chr4,7360000,0.824243,0.61175,7380000,149,1196,1267
chr4,7380000,0.623619,0.6193,7400000,19,719,808
chr4,7400000,0.420599,0.61695,7420000,7,357,452
chr4,7420000,0.628958,0.6134,7440000,8,775,879
chr4,7440000,0.667602,0.6131,7460000,57,951,998
chr4,7460000,0.377761,0.61215,7480000,59,415,481
chr4,7480000,0.539618,0.61675,7500000,48,733,733
chr4,7500000,0.589287,0.6214,7520000,11,683,785
chr4,7520000,0.520304,0.6196,7540000,8,640,740
chr4,7540000,0.603815,0.61375,7560000,26,839,782
chr4,7560000,0.417414,0.59875,7580000,59,548,647
chr4,7580000,0.490479,0.607,7600000,18,498,547
chr4,7600000,0.918612,0.58195,7620000,76,1401,1546
chr4,7620000,0.798992,0.6203,7640000,6,1243,1489
chr4,7640000,0.94908,0.5886,7660000,78,1613,1672
chr4,7660000,0.823519,0.61395,7680000,270,1464,1761
chr4,7680000,0.670317,0.61945,7700000,87,1016,1079
chr4,7700000,0.371547,0.61695,7720000,65,262,267
chr4,7720000,0.482461,0.61405,7740000,192,609,674
chr4,7740000,0.399099,0.612,7760000,16,333,408
chr4,7760000,0.471616,0.6129,7780000,17,459,546
chr4,7780000,0.428754,0.6134,7800000,57,486,548
chr4,7800000,0.532919,0.61055,7820000,57,569,670
chr4,7820000,0.387459,0.59985,7840000,10,304,373
chr4,7840000,0.563983,0.60495,7860000,62,683,779
chr4,7860000,0.385153,0.6042,7880000,19,398,475
chr4,7880000,0.629272,0.60465,7900000,156,819,942
chr4,7900000,0.516902,0.59785,7920000,84,730,847
chr4,7920000,0.440471,0.6016,7940000,33,578,682
chr4,7940000,0.456149,0.6031,7960000,12,616,780
chr4,7960000,0.39156,0.6176,7980000,6,424,527
chr4,7980000,0.424912,0.61725,8000000,18,457,525
chr4,8000000,0.54684,0.59995,8020000,590,997,965
chr4,8020000,0.504298,0.58495,8040000,30,672,773
chr4,8040000,0.247967,0.57765,8060000,2,268,323
chr4,8060000,0.290429,0.6094,8080000,47,321,323
chr4,8080000,0.455843,0.5942,8100000,37,604,711
chr4,8100000,0.349813,0.61275,8120000,28,336,489
chr4,8120000,0.668951,0.59285,8140000,529,1232,1272
chr4,8140000,0.556026,0.60305,8160000,373,842,850
chr4,8160000,0.355758,0.59545,8180000,87,483,600
chr4,8180000,0.578539,0.61415,8200000,58,673,819
chr4,8200000,0.472271,0.61555,8220000,14,522,615
chr4,8220000,0.289934,0.6179,8240000,41,674,1036
chr4,8240000,0.183905,0.61835,8260000,2,130,166
chr4,8260000,0.234626,0.6129,8280000,11,241,361
chr4,8280000,0.180184,0.6175,8300000,7,157,214
chr4,8300000,0.186029,0.616,8320000,43,225,274
chr4,8320000,0.137996,0.61515,8340000,32,147,211
chr4,8340000,0.253401,0.61735,8360000,14,310,334
chr4,8360000,0.240844,0.61355,8380000,5,262,288
chr4,8380000,0.259945,0.60365,8400000,121,320,327
chr4,8400000,0.283989,0.60235,8420000,72,208,254
chr4,8420000,0.27712,0.60585,8440000,5,184,261
chr4,8440000,0.21439,0.61405,8460000,9,169,270
chr4,8460000,0.215725,0.6139,8480000,6,178,239
chr4,8480000,0.203888,0.61395,8500000,15,170,214
chr4,8500000,0.185849,0.6143,8520000,4,207,262
chr4,8520000,0.156679,0.61465,8540000,8,106,155
chr4,8540000,0.185381,0.6151,8560000,10,193,254
chr4,8560000,0.182826,0.61495,8580000,25,127,199
chr4,8580000,0.211398,0.6142,8600000,85,342,376
chr4,8600000,0.105541,0.61565,8620000,1,102,154
chr4,8620000,0.129227,0.6148,8640000,3,149,218
chr4,8640000,0.216584,0.61665,8660000,3,184,231
chr4,8660000,0.149469,0.61605,8680000,21,102,152
chr4,8680000,0.146224,0.6138,8700000,20,142,200
chr4,8700000,0.207952,0.6125,8720000,5,169,241
chr4,8720000,0.365261,0.614,8740000,11,396,500
chr4,8740000,0.348765,0.5924,8760000,251,602,665
chr4,8760000,0.272919,0.58905,8780000,10,323,448
chr4,8780000,0.298046,0.60815,8800000,14,356,445
chr4,8800000,0.220511,0.617,8820000,5,183,215
chr4,8820000,0.178933,0.61835,8840000,5,178,179
chr4,8840000,0.146414,0.6196,8860000,1,103,133
chr4,8860000,0.132292,0.6192,8880000,3,94,114
chr4,8880000,0.125357,0.6196,8900000,51,161,146
chr4,8900000,0.147752,0.6193,8920000,12,117,121
chr4,8920000,0.170327,0.6189,8940000,4,143,193
chr4,8940000,0.207038,0.6185,8960000,68,247,280
chr4,8960000,0.246106,0.57715,8980000,1,189,235
chr4,8980000,0.265132,0.6114,9000000,6,377,454
chr4,9000000,0.157748,0.60945,9020000,4,125,152
chr4,9020000,0.154339,0.5991,9040000,9,115,154
chr4,9040000,0.29157,0.6062,9060000,2,343,428
chr4,9060000,0.293578,0.6154,9080000,14,325,407
chr4,9080000,0.326184,0.59365,9100000,76,482,576
chr4,9100000,0.344827,0.6169,9120000,41,400,624
chr4,9120000,0.243146,0.60445,9140000,5,245,341
chr4,9140000,0.328748,0.5959,9160000,30,438,472
chr4,9160000,0.237725,0.59435,9180000,10,241,249
chr4,9180000,0.308906,0.6119,9200000,8,342,433
chr4,9200000,0.330819,0.59015,9220000,9,397,444
chr4,9220000,0.260277,0.61355,9240000,8,236,305
chr4,9240000,0.290972,0.61285,9260000,3,251,288
chr4,9260000,0.411588,0.584,9280000,178,699,730
chr4,9280000,0.352493,0.6149,9300000,75,457,532
chr4,9300000,0.306944,0.6066,9320000,4,468,544
chr4,9320000,0.270211,0.5812,9340000,72,432,545
chr4,9340000,0.337324,0.5917,9360000,8,424,516
chr4,9360000,0.149924,0.6163,9380000,1,117,122
chr4,9380000,0.374985,0.61755,9400000,20,260,366
chr4,9400000,0.23443,0.61235,9420000,6,133,175
chr4,9420000,0.248893,0.612,9440000,3,255,313
chr4,9440000,0.408011,0.59805,9460000,122,520,598
chr4,9460000,0.514023,0.61195,9480000,26,548,697
chr4,9480000,0.297339,0.6017,9500000,15,264,331
chr4,9500000,0.219041,0.61615,9520000,12,180,214
chr4,9520000,0.252994,0.61605,9540000,7,204,254
chr4,9540000,0.445235,0.61245,9560000,14,362,471
chr4,9560000,0.441698,0.61345,9580000,7,459,567
chr4,9580000,0.318632,0.61385,9600000,9,249,317
chr4,9600000,0.313766,0.6146,9620000,5,211,265
chr4,9620000,0.276829,0.59945,9640000,18,331,373
chr4,9640000,0.385374,0.59235,9660000,18,524,632
chr4,9660000,0.379255,0.6004,9680000,8,350,491
chr4,9680000,0.341216,0.6006,9700000,5,382,484
chr4,9700000,0.163893,0.6128,9720000,7,119,147
chr4,9720000,0.286592,0.611,9740000,7,266,293
chr4,9740000,0.420147,0.59615,9760000,2903,2627,2412
chr4,9760000,0.373354,0.596,9780000,875,1245,1078
chr4,9780000,0.349347,0.5903,9800000,34,513,689
chr4,9800000,0.331868,0.57685,9820000,7,392,459
chr4,9820000,0.520877,0.5821,9840000,25,671,872
chr4,9840000,0.455763,0.56815,9860000,20,554,763
chr4,9860000,0.502606,0.60545,9880000,38,679,989
chr4,9880000,0.392957,0.59495,9900000,17,525,729
chr4,9900000,0.336589,0.5827,9920000,8,364,515
chr4,9920000,0.356424,0.6148,9940000,47,403,513
chr4,9940000,0.294988,0.61735,9960000,7,263,340
chr4,9960000,0.25518,0.6179,9980000,9,195,276
chr4,9980000,0.772842,0.5897,10000000,446,1315,1330
chr4,10000000,0.544566,0.5755,10020000,127,787,978
chr4,10020000,0.355881,0.60195,10040000,17,476,584
chr4,10040000,0.243396,0.6121,10060000,8,193,252
chr4,10060000,0.226687,0.61105,10080000,3,189,280
chr4,10080000,0.315689,0.60695,10100000,22,291,359
chr4,10100000,0.32689,0.61375,10120000,8,331,451
chr4,10120000,0.357446,0.60885,10140000,8,335,401
chr4,10140000,0.438511,0.61375,10160000,62,440,459
chr4,10160000,0.475101,0.6028,10180000,25,552,717
chr4,10180000,0.464939,0.61125,10200000,16,588,755
chr4,10200000,0.544336,0.6097,10220000,208,1107,1066
chr4,10220000,0.383105,0.5886,10240000,60,479,550
chr4,10240000,0.266854,0.6146,10260000,24,204,207
chr4,10260000,0.423911,0.61495,10280000,11,434,514
chr4,10280000,0.56041,0.6116,10300000,16,613,732
chr4,10300000,0.434493,0.61195,10320000,29,492,606
chr4,10320000,0.29731,0.61335,10340000,3,217,295
chr4,10340000,0.385173,0.6012,10360000,39,444,499
chr4,10360000,0.468927,0.59255,10380000,150,655,832
chr4,10380000,0.444383,0.61565,10400000,13,491,553
chr4,10400000,0.384352,0.6252,10420000,4,420,464
chr4,10420000,0.43109,0.6233,10440000,11,494,584
chr4,10440000,0.435612,0.6224,10460000,14,469,546
chr4,10460000,0.405734,0.6214,10480000,221,653,772
chr4,10480000,0.403091,0.61025,10500000,17,380,509
chr4,10500000,0.279176,0.60865,10520000,57,261,333
chr4,10520000,0.327601,0.6084,10540000,5,375,433
chr4,10540000,0.277564,0.6269,10560000,3,281,373
chr4,10560000,0.454079,0.61145,10580000,7,634,809
chr4,10580000,0.539636,0.6145,10600000,19,703,918
chr4,10600000,0.469483,0.60225,10620000,47,615,884
chr4,10620000,0.552971,0.59985,10640000,160,826,912
chr4,10640000,0.500394,0.62,10660000,5,549,667
chr4,10660000,0.412845,0.60065,10680000,16,494,657
chr4,10680000,0.470541,0.6159,10700000,4,577,754
chr4,10700000,0.301982,0.61425,10720000,1,358,439
chr4,10720000,0.54181,0.62385,10740000,25,776,897
chr4,10740000,0.508034,0.6045,10760000,60,638,786
chr4,10760000,0.49659,0.62295,10780000,11,569,687
chr4,10780000,0.35899,0.62385,10800000,11,410,456
chr4,10800000,0.266095,0.62505,10820000,23,186,223
chr4,10820000,0.524601,0.6253,10840000,14,650,718
chr4,10840000,0.568945,0.60855,10860000,246,755,890
chr4,10860000,0.590981,0.61545,10880000,12,666,766
chr4,10880000,0.666307,0.58465,10900000,70,971,1126
chr4,10900000,0.569439,0.5972,10920000,433,1118,1076
chr4,10920000,0.39946,0.61325,10940000,3,407,430
chr4,10940000,0.744306,0.5877,10960000,105,976,1081
chr4,10960000,0.750126,0.5802,10980000,30,1055,1255
chr4,10980000,0.783532,0.58365,11000000,642,1858,1925
chr4,11000000,0.88976,0.63155,11020000,9361,8539,9522
chr4,11020000,0.72486,0.68275,11040000,6150,5579,7260
chr4,11040000,0.986047,0.62705,11060000,16,2098,2331
chr4,11060000,0.98517,0.61135,11080000,153,2054,2333
chr4,11080000,0.997225,0.6344,11100000,140,2627,2764
chr4,11100000,0.96875,0.6501,11120000,1077,2859,3212
chr4,11120000,0.964716,0.5969,11140000,565,2014,2433
chr4,11140000,0.991829,0.6375,11160000,20,2327,2469
chr4,11160000,1,0.63495,11180000,94,2403,2499
chr4,11180000,0.980108,0.62465,11200000,106,2244,2564
chr4,11200000,0.782149,0.60645,11220000,169,1542,1659
chr4,11220000,0.9938,0.65135,11240000,36,2572,2762
chr4,11240000,0.933615,0.641,11260000,139,2310,2378
chr4,11260000,0.986084,0.6859,11280000,72,2790,3129
chr4,11280000,0.902643,0.59365,11300000,31,1581,1941
chr4,11300000,0.88174,0.60195,11320000,18,1608,1830
chr4,11320000,0.991889,0.66175,11340000,27,2509,2579
chr4,11340000,0.916258,0.6062,11360000,252,1807,2034
chr4,11360000,0.823769,0.6357,11380000,237,1681,1828
chr4,11380000,0.7128,0.6379,11400000,23,1135,1388
chr4,11400000,0.99615,0.67375,11420000,41,2735,2995
chr4,11420000,0.959119,0.6121,11440000,88,2130,2175
chr4,11440000,0.837047,0.58015,11460000,22,1543,1555
chr4,11460000,0.958654,0.64295,11480000,8887,8701,9493
chr4,11480000,0.798337,0.6532,11500000,2057,2958,3512
chr4,11500000,0.962688,0.68575,11520000,42,2361,3044
chr4,11520000,0.959479,0.6653,11540000,80,2557,2702
chr4,11540000,0.809549,0.6921,11560000,141,2110,2374
chr4,11560000,0.970117,0.59805,11580000,40,2025,2038
chr4,11580000,0.943346,0.6182,11600000,141,2174,2323
chr4,11600000,0.912217,0.58475,11620000,39,1656,1475
chr4,11620000,0.995018,0.6817,11640000,31,2785,3144
chr4,11640000,0.974294,0.66525,11660000,73,2671,2861
chr4,11660000,0.987583,0.6464,11680000,264,2682,2774
chr4,11680000,0.912906,0.6065,11700000,166,1995,2086
chr4,11700000,0.965415,0.67025,11720000,17,2481,2731
chr4,11720000,1,0.6436,11740000,90,2402,2468
chr4,11740000,0.998126,0.62385,11760000,12,2185,2196
chr4,11760000,0.939211,0.61925,11780000,644,2246,2422
chr4,11780000,0.934637,0.5753,11800000,423,2015,2090
chr4,11800000,0.899919,0.5936,11820000,2167,3851,3567
chr4,11820000,0.940386,0.63895,11840000,511,2927,3068
chr4,11840000,0.875455,0.60515,11860000,610,1970,2101
chr4,11860000,0.841885,0.62365,11880000,122,1751,2006
chr4,11880000,0.770678,0.5867,11900000,21,1209,1272
chr4,11900000,0.975628,0.6012,11920000,12415,15651,18899
chr4,11920000,0.975489,0.6064,11940000,80,2166,2124
chr4,11940000,0.955228,0.56435,11960000,202,1902,1878
chr4,11960000,0.917407,0.50605,11980000,43,1306,1328
chr4,11980000,0.942718,0.59475,12000000,443,1979,2031
chr4,12000000,0.951069,0.5669,12020000,174,1639,1993
chr4,12020000,0.892167,0.58435,12040000,209,1612,1832
chr4,12040000,0.750927,0.5728,12060000,258,1091,1363
chr4,12060000,0.943737,0.5896,12080000,275,1733,1902
chr4,12080000,0.670514,0.60475,12100000,33,1048,1345
chr4,12100000,0.733292,0.5591,12120000,2498,2973,2727
chr4,12120000,0.227798,0.60745,12140000,17,29,34
chr4,12140000,0.213093,0.6103,12160000,12,20,22
chr4,12160000,0.213958,0.6087,12180000,8,3,3
chr4,12180000,0.234537,0.58565,12200000,25,61,54
chr4,12200000,0.232502,0.5942,12220000,21,35,50
chr4,12220000,0.772944,0.65365,12240000,105,1814,2015
chr4,12240000,0.948104,0.6386,12260000,111,2406,2435
chr4,12260000,0.943529,0.65665,12280000,65,2415,2629
chr4,12280000,0.988932,0.65465,12300000,31,2551,2667
chr4,12300000,0.92955,0.6948,12320000,253,2849,3026
chr4,12320000,0.792971,0.6941,12340000,6,1611,1898
chr4,12340000,0.970518,0.6461,12360000,209,2430,2701
chr4,12360000,0.820596,0.5942,12380000,862,2131,2246
chr4,12380000,0.947413,0.63945,12400000,28,2229,2370
chr4,12400000,0.97565,0.64055,12420000,785,3080,2960
chr4,12420000,0.977783,0.6404,12440000,196,2529,2681
chr4,12440000,0.982555,0.6159,12460000,14,2169,2164
chr4,12460000,0.995675,0.6389,12480000,23,2087,2225
chr4,12480000,0.846875,0.61105,12500000,104,1855,2062
chr4,12500000,0.818127,0.63625,12520000,39,2122,2398
chr4,12520000,0.95915,0.67755,12540000,84,2447,2885
chr4,12540000,0.979375,0.6725,12560000,45,2510,2820
chr4,12560000,0.932961,0.6852,12580000,55,2286,2675
chr4,12580000,0.986907,0.60085,12600000,762,2738,2831
chr4,12600000,0.989117,0.5926,12620000,1320,3025,2989
chr4,12620000,1,0.5929,12640000,337,2191,2167
chr4,12640000,0.973487,0.6465,12660000,450,2630,2759
chr4,12660000,0.941567,0.6247,12680000,2723,4282,4407
chr4,12680000,0.919924,0.6368,12700000,220,2054,2217
chr4,12700000,0.75045,0.61375,12720000,58,1068,1196
chr4,12720000,0.956787,0.63905,12740000,715,2733,2485
chr4,12740000,0.994804,0.63375,12760000,181,2610,2831
chr4,12760000,0.9977,0.69345,12780000,62,2791,3245
chr4,12780000,1,0.6711,12800000,13,2666,2607
chr4,12800000,0.969775,0.66975,12820000,722,3054,3217
chr4,12820000,0.96221,0.68425,12840000,49,2584,3018
chr4,12840000,0.939203,0.64435,12860000,74,2379,2543
chr4,12860000,1,0.66515,12880000,9,2554,2691
chr4,12880000,0.979709,0.6575,12900000,27,2334,2579
chr4,12900000,0.979139,0.65135,12920000,149,2492,2563
chr4,12920000,0.927998,0.5709,12940000,223,1879,1988
chr4,12940000,0.976604,0.6485,12960000,125,2512,2651
chr4,12960000,0.939492,0.62835,12980000,14,1973,2261
chr4,12980000,0.99565,0.65985,13000000,65,2588,2648
chr4,13000000,0.9999,0.66115,13020000,16,2749,2747
chr4,13020000,0.986922,0.64215,13040000,14,2423,2568
chr4,13040000,0.990075,0.6441,13060000,708,2985,2769
chr4,13060000,0.884338,0.65795,13080000,541,2649,2822
chr4,13080000,0.997579,0.69405,13100000,38,2912,3199
chr4,13100000,1,0.64035,13120000,38,2505,2424
chr4,13120000,0.980151,0.6343,13140000,485,2634,2556
chr4,13140000,0.99596,0.6475,13160000,157,2586,2542
chr4,13160000,0.991121,0.59915,13180000,73,2127,2198
chr4,13180000,0.671511,0.5845,13200000,24,1115,1301
chr4,13200000,0.943327,0.6219,13220000,164,2103,2296
chr4,13220000,0.991235,0.67265,13240000,346,2847,2828
chr4,13240000,0.988808,0.6681,13260000,680,3175,3123
chr4,13260000,0.98345,0.6189,13280000,298,2544,2416
chr4,13280000,0.908597,0.6481,13300000,719,2708,2777
chr4,13300000,0.885473,0.5945,13320000,159,1839,1793
chr4,13320000,0.391483,0.59215,13340000,18,665,822
chr4,13340000,0.516749,0.6402,13360000,7,711,896
chr4,13360000,0.960847,0.65385,13380000,45,2319,2533
chr4,13380000,0.95057,0.67815,13400000,42,2495,2833
chr4,13400000,0.672997,0.639,13420000,46,1054,1216
chr4,13420000,0.969897,0.61135,13440000,166,2069,2393
chr4,13440000,0.995225,0.6316,13460000,17,2208,2312
chr4,13460000,0.980248,0.6825,13480000,199,2728,3091
chr4,13480000,0.976475,0.64475,13500000,551,2455,2430
chr4,13500000,0.991868,0.6996,13520000,76,2639,2883
chr4,13520000,1,0.6512,13540000,61,2007,2156
chr4,13540000,0.996662,0.6392,13560000,29,2201,2394
chr4,13560000,0.98875,0.6408,13580000,825,3154,3025
chr4,13580000,1,0.6359,13600000,106,2352,2418
chr4,13600000,0.93506,0.64985,13620000,29,2168,2650
chr4,13620000,0.99835,0.6543,13640000,101,2577,2970
chr4,13640000,0.996925,0.67875,13660000,21,2646,2834
chr4,13660000,0.979599,0.6676,13680000,71,2613,2926
chr4,13680000,0.997,0.6776,13700000,3330,4162,5714
chr4,13700000,0.944936,0.64095,13720000,187,2237,2359
chr4,13720000,1,0.69305,13740000,25,2831,3114
chr4,13740000,0.997869,0.63005,13760000,9,2073,2101
chr4,13760000,0.932901,0.6603,13780000,33,2212,2537
chr4,13780000,0.99925,0.7093,13800000,179,3078,3243
chr4,13800000,0.9929,0.65485,13820000,100,2586,2760
chr4,13820000,0.957654,0.6627,13840000,919,2921,3040
chr4,13840000,0.991775,0.63085,13860000,212,2104,2242
chr4,13860000,0.979183,0.6483,13880000,35,2420,2510
chr4,13880000,0.880621,0.6531,13900000,472,2009,2031
chr4,13900000,0.893209,0.6417,13920000,2906,3286,3709
chr4,13920000,0.840817,0.6496,13940000,2302,2955,3287
chr4,13940000,1,0.63535,13960000,9,2318,2205
chr4,13960000,0.994231,0.6847,13980000,32,2773,3112
chr4,13980000,0.9914,0.7051,14000000,89,2783,3206
chr4,14000000,0.999075,0.6913,14020000,85,2896,3146
chr4,14020000,0.999125,0.63975,14040000,135,2450,2425
chr4,14040000,0.99885,0.68645,14060000,96,2806,3080
chr4,14060000,0.928462,0.62915,14080000,25,1815,2185
chr4,14080000,0.965555,0.64165,14100000,110,2468,2383
chr4,14100000,0.965808,0.6459,14120000,42,2302,2425
chr4,14120000,0.95263,0.64025,14140000,33,2252,2474
chr4,14140000,0.954794,0.67615,14160000,49,2554,2997
chr4,14160000,0.998817,0.6643,14180000,227,2567,2894
chr4,14180000,0.933983,0.67375,14200000,1244,3108,3634
chr4,14200000,0.997892,0.6284,14220000,31,2527,2488
chr4,14220000,0.98355,0.643,14240000,177,2402,2435
chr4,14240000,0.9989,0.65845,14260000,71,2455,2701
chr4,14260000,0.99045,0.70275,14280000,49,2923,3200
chr4,14280000,1,0.6679,14300000,13,2537,2704
chr4,14300000,0.997033,0.6619,14320000,19,2354,2600
chr4,14320000,0.909766,0.5845,14340000,48,1597,1758
chr4,14340000,0.977975,0.6793,14360000,700,2990,3092
chr4,14360000,1,0.6872,14380000,129,2881,2978
chr4,14380000,1,0.6447,14400000,21,2343,2507
chr4,14400000,0.999475,0.704,14420000,54,2899,3103
chr4,14420000,1,0.6786,14440000,516,3416,3095
chr4,14440000,0.942846,0.6737,14460000,130,2343,2748
chr4,14460000,0.98945,0.63965,14480000,34,2338,2413
chr4,14480000,0.9936,0.6603,14500000,85,2553,2694
chr4,14500000,0.941232,0.6599,14520000,52,2345,2831
chr4,14520000,0.993525,0.67275,14540000,31,2576,2948
chr4,14540000,1,0.65375,14560000,345,2762,2808
chr4,14560000,0.854704,0.62765,14580000,12,1569,1989
chr4,14580000,0.971733,0.67065,14600000,23,2557,2853
chr4,14600000,0.98768,0.6786,14620000,27,2684,2839
chr4,14620000,0.970753,0.65795,14640000,85,2355,2422
chr4,14640000,0.952417,0.66955,14660000,34,2398,2518
chr4,14660000,0.972442,0.62645,14680000,150,2267,2417
chr4,14680000,0.964517,0.63945,14700000,18,2049,2141
chr4,14700000,1,0.6631,14720000,49,2650,2741
chr4,14720000,1,0.64615,14740000,22,2510,2434
chr4,14740000,0.9952,0.6413,14760000,14,2321,2334
chr4,14760000,0.984363,0.69465,14780000,741,3150,3827
chr4,14780000,0.994583,0.6144,14800000,29,2219,2130
chr4,14800000,0.944448,0.6636,14820000,195,2399,2796
chr4,14820000,1,0.63845,14840000,9,2263,2281
chr4,14840000,0.908162,0.63745,14860000,12,2026,1964
chr4,14860000,0.873225,0.5875,14880000,760,1987,2490
chr4,14880000,0.949754,0.6141,14900000,28,2003,1915
chr4,14900000,0.998917,0.6694,14920000,78,2603,2916
chr4,14920000,0.965342,0.65185,14940000,9,2441,2588
chr4,14940000,0.975475,0.66285,14960000,1007,3230,3694
chr4,14960000,1,0.6231,14980000,14,2331,2231
chr4,14980000,0.967658,0.61265,15000000,36,2054,1900
chr4,15000000,0.971054,0.6471,15020000,116,2247,2625
chr4,15020000,0.994916,0.6339,15040000,12,2207,2270
chr4,15040000,0.999096,0.635,15060000,69,1837,1927
chr4,15060000,0.99895,0.62865,15080000,26,2362,2262
chr4,15080000,0.9994,0.60805,15100000,163,1918,1837
chr4,15100000,0.9991,0.657,15120000,193,2589,2526
chr4,15120000,0.975975,0.6646,15140000,1930,3576,3333
chr4,15140000,0.93955,0.69875,15160000,421,2742,3038
chr4,15160000,0.933153,0.6858,15180000,77,2171,2712
chr4,15180000,0.997271,0.62635,15200000,6,2363,2409
chr4,15200000,0.986246,0.6412,15220000,381,2788,2842
chr4,15220000,0.9931,0.677,15240000,16,2589,2937
chr4,15240000,1,0.6664,15260000,16,2663,2744
chr4,15260000,1,0.6555,15280000,106,2850,2821
chr4,15280000,0.959875,0.66005,15300000,357,2626,2820
chr4,15300000,0.99825,0.6703,15320000,192,2869,3042
chr4,15320000,0.999025,0.6379,15340000,2824,3585,3551
chr4,15340000,0.991025,0.6656,15360000,95,2309,2558
chr4,15360000,0.699235,0.66285,15380000,20,1447,1568
chr4,15380000,0.980533,0.66835,15400000,461,2882,2948
chr4,15400000,0.859308,0.63725,15420000,67,1809,2073
chr4,15420000,0.971408,0.60095,15440000,223,2026,2076
chr4,15440000,0.912017,0.63075,15460000,248,1822,2208
chr4,15460000,0.918274,0.651,15480000,27,2137,2329
chr4,15480000,0.992605,0.68345,15500000,14,2630,2879
chr4,15500000,0.878704,0.62535,15520000,487,2217,2108
chr4,15520000,0.358329,0.6919,15540000,1,44,58
chr4,15540000,0.361108,0.6809,15560000,1,36,46
chr4,15560000,0.361571,0.6814,15580000,0,84,122
chr4,15580000,0.713156,0.65675,15600000,1,1154,1461
chr4,15600000,1,0.64425,15620000,14,2176,2338
chr4,15620000,0.960946,0.64155,15640000,124,2151,2489
chr4,15640000,0.99905,0.6397,15660000,6,2406,2440
chr4,15660000,1,0.6222,15680000,8,2368,2362
chr4,15680000,0.986783,0.65285,15700000,23,2311,2339
chr4,15700000,0.927065,0.7063,15720000,51,2446,2636
chr4,15720000,0.982441,0.61935,15740000,145,2315,2329
chr4,15740000,1,0.61515,15760000,62,2178,2037
chr4,15760000,0.997875,0.6411,15780000,14,2299,2399
chr4,15780000,0.991058,0.66235,15800000,17,2390,2491
chr4,15800000,0.988862,0.641,15820000,41,2104,2428
chr4,15820000,0.987083,0.63715,15840000,69,2263,2340
chr4,15840000,1,0.6502,15860000,12,2345,2459
chr4,15860000,0.985525,0.65215,15880000,160,2313,2416
chr4,15880000,0.9894,0.6457,15900000,447,1996,2269
chr4,15900000,0.989262,0.6488,15920000,80,2380,2385
chr4,15920000,0.99895,0.64005,15940000,84,2349,2487
chr4,15940000,0.974347,0.6378,15960000,18,2293,2305
chr4,15960000,0.91295,0.6357,15980000,17,2002,1934
chr4,15980000,0.91295,0.6514,16000000,66,2055,2034
chr4,16000000,0.93201,0.6679,16020000,41,2285,2624
chr4,16020000,0.959476,0.6564,16040000,29,2172,2523
chr4,16040000,0.98575,0.69345,16060000,50,2479,2966
chr4,16060000,0.995169,0.6825,16080000,18,2668,2939
chr4,16080000,0.996298,0.65185,16100000,91,2552,2591
chr4,16100000,0.9989,0.65425,16120000,28,2264,2440
chr4,16120000,0.974358,0.66855,16140000,18,2409,3037
chr4,16140000,1,0.64795,16160000,238,2670,2547
chr4,16160000,0.99802,0.6328,16180000,5,2419,2246
chr4,16180000,1,0.6357,16200000,4,2135,2251
chr4,16200000,1,0.65065,16220000,6,2363,2266
chr4,16220000,0.931543,0.6501,16240000,67,1970,2546
chr4,16240000,0.999175,0.64555,16260000,111,2327,2392
chr4,16260000,0.986927,0.6411,16280000,17,2336,2414
chr4,16280000,0.9259,0.616,16300000,44,1836,2061
chr4,16300000,1,0.6541,16320000,898,2520,2614
chr4,16320000,0.986207,0.6223,16340000,975,2104,1964
chr4,16340000,0.956888,0.6355,16360000,906,1788,2035
chr4,16360000,0.982909,0.63465,16380000,1135,2226,2351
chr4,16380000,0.95769,0.65875,16400000,1293,2513,2589
chr4,16400000,0.763226,0.63395,16420000,869,1722,1931
chr4,16420000,1,0.6106,16440000,893,1957,1912
chr4,16440000,0.99635,0.6516,16460000,1350,2688,2788
chr4,16460000,1,0.61045,16480000,897,1957,1879
chr4,16480000,0.992267,0.6424,16500000,1248,2332,2628
chr4,16500000,1,0.6288,16520000,955,2010,2045
chr4,16520000,1,0.6308,16540000,1376,2468,2411
chr4,16540000,0.980158,0.6566,16560000,1279,2372,2709
chr4,16560000,0.994508,0.6387,16580000,1122,2423,2378
chr4,16580000,0.989046,0.63245,16600000,1112,2293,2396
chr4,16600000,0.9775,0.63985,16620000,1162,2418,2379
chr4,16620000,1,0.6235,16640000,1087,2175,2196
chr4,16640000,0.924073,0.6617,16660000,1514,2529,2891
chr4,16660000,0.999625,0.6468,16680000,1376,2659,2631
chr4,16680000,0.999925,0.6674,16700000,1464,2724,2751
chr4,16700000,0.99215,0.6151,16720000,985,2146,2180
chr4,16720000,1,0.64785,16740000,1173,2271,2370
chr4,16740000,0.999725,0.6587,16760000,1327,2500,2746
chr4,16760000,1,0.66385,16780000,1299,2623,2653
chr4,16780000,1,0.6361,16800000,1079,2264,2182
chr4,16800000,0.995492,0.64645,16820000,1095,2216,2376
chr4,16820000,0.955198,0.6417,16840000,4833,4890,5017
chr4,16840000,0.992292,0.6414,16860000,1216,2421,2402
chr4,16860000,0.997725,0.6613,16880000,1211,2354,2627
chr4,16880000,1,0.63675,16900000,1126,2248,2208
chr4,16900000,1,0.66,16920000,1286,2389,2574
chr4,16920000,0.969875,0.6514,16940000,1117,2254,2416
chr4,16940000,1,0.64235,16960000,1018,2260,2241
chr4,16960000,0.981675,0.6499,16980000,1044,2141,2282
chr4,16980000,0.963555,0.6426,17000000,1095,2186,2401
chr4,17000000,0.986333,0.66405,17020000,1092,2210,2508
chr4,17020000,0.979168,0.6585,17040000,1086,2262,2425
chr4,17040000,0.999,0.6559,17060000,1455,2564,2977
chr4,17060000,0.992255,0.62065,17080000,1016,2039,2160
chr4,17080000,0.966092,0.6069,17100000,851,1760,1811
chr4,17100000,1,0.64325,17120000,1140,2374,2335
chr4,17120000,0.975905,0.6629,17140000,1509,2705,2713
chr4,17140000,0.932865,0.67295,17160000,1709,2748,3203
chr4,17160000,0.981229,0.6545,17180000,1232,2474,2458
chr4,17180000,0.966531,0.62745,17200000,1033,2187,2077
chr4,17200000,0.996847,0.6411,17220000,2965,3818,3994
chr4,17220000,0.965718,0.64765,17240000,1069,2202,2402
chr4,17240000,1,0.6554,17260000,1178,2518,2568
chr4,17260000,0.972367,0.62125,17280000,975,2105,2117
chr4,17280000,0.9989,0.62545,17300000,1024,2076,2236
chr4,17300000,0.985,0.65275,17320000,1247,2385,2539
chr4,17320000,1,0.6431,17340000,1139,2304,2396
chr4,17340000,0.997875,0.6185,17360000,1002,2236,2112
chr4,17360000,0.99645,0.62435,17380000,1169,2558,2320
chr4,17380000,0.979766,0.6427,17400000,1086,2207,2493
chr4,17400000,0.900142,0.61815,17420000,858,1698,1698
chr4,17420000,1,0.63695,17440000,1109,2289,2454
chr4,17440000,0.970613,0.63725,17460000,1297,2235,2551
chr4,17460000,0.685948,0.63455,17480000,538,1045,1173
chr4,17480000,0.488866,0.6259,17500000,0,3,0
chr4,17500000,0.48583,0.62745,17520000,20,23,37
chr4,17520000,0.588617,0.6412,17540000,236,417,396
chr4,17540000,0.943092,0.64155,17560000,1066,2148,2250
chr4,17560000,0.983635,0.66435,17580000,1200,2344,2437
chr4,17580000,0.997694,0.6455,17600000,2115,3227,3168
chr4,17600000,1,0.64835,17620000,1200,2453,2415
chr4,17620000,1,0.65565,17640000,1138,2388,2434
chr4,17640000,0.903592,0.65565,17660000,1355,2282,2618
chr4,17660000,0.993507,0.6458,17680000,1116,2405,2333
chr4,17680000,0.844928,0.6324,17700000,896,1682,1977
chr4,17700000,0.989705,0.6264,17720000,998,2143,2094
chr4,17720000,1,0.62395,17740000,952,2118,2016
chr4,17740000,0.954725,0.6497,17760000,1004,2019,2499
chr4,17760000,0.999675,0.6242,17780000,981,2048,2081
chr4,17780000,0.9116,0.6243,17800000,905,1991,2010
chr4,17800000,1,0.60765,17820000,954,2032,1902
chr4,17820000,0.97971,0.659,17840000,1261,2437,2648
chr4,17840000,1,0.6478,17860000,1205,2443,2436
chr4,17860000,1,0.64015,17880000,1160,2438,2500
chr4,17880000,0.99265,0.66305,17900000,1178,2172,2494
chr4,17900000,0.991785,0.63195,17920000,965,2055,2049
chr4,17920000,0.968846,0.63625,17940000,1143,2111,2174
chr4,17940000,0.804537,0.64,17960000,879,1713,1937
chr4,17960000,0.985221,0.6262,17980000,986,2097,2132
chr4,17980000,0.988225,0.6465,18000000,1110,2277,2325
chr4,18000000,0.99975,0.6952,18020000,1473,2605,3060
chr4,18020000,0.987425,0.6321,18040000,1286,2440,2296
chr4,18040000,0.986244,0.6496,18060000,1227,2302,2577
chr4,18060000,0.99725,0.60555,18080000,895,2084,1877
chr4,18080000,0.977633,0.60905,18100000,902,1832,1776
chr4,18100000,0.975061,0.6337,18120000,999,2124,2240
chr4,18120000,1,0.6354,18140000,1051,2209,2200
chr4,18140000,1,0.62525,18160000,1032,2267,2265
chr4,18160000,1,0.65705,18180000,1240,2414,2614
chr4,18180000,0.984795,0.66205,18200000,1270,2425,2969
chr4,18200000,0.99785,0.62715,18220000,912,1953,2058
chr4,18220000,0.980297,0.66905,18240000,1425,2366,2648
chr4,18240000,0.975179,0.6223,18260000,940,2158,2086
chr4,18260000,0.984337,0.62595,18280000,1029,2132,2226
chr4,18280000,0.98807,0.6225,18300000,994,2199,2126
chr4,18300000,0.9808,0.6257,18320000,974,2103,2170
chr4,18320000,0.999525,0.6368,18340000,1096,2255,2376
chr4,18340000,1,0.62485,18360000,890,2051,1981
chr4,18360000,1,0.62215,18380000,1037,2210,2158
chr4,18380000,0.995492,0.65595,18400000,1247,2452,2515
chr4,18400000,0.981425,0.63785,18420000,1151,2114,2353
chr4,18420000,1,0.6158,18440000,1066,2231,1967
chr4,18440000,1,0.6319,18460000,1091,1554,2207
chr4,18460000,0.975208,0.6371,18480000,1026,1033,2183
chr4,18480000,0.99792,0.688,18500000,1450,1361,3048
chr4,18500000,0.953083,0.638,18520000,994,1092,2333
chr4,18520000,0.968102,0.6525,18540000,1113,1082,2385
chr4,18540000,0.971012,0.695,18560000,1342,1317,3018
chr4,18560000,1,0.65295,18580000,1237,1213,2483
chr4,18580000,0.997675,0.64475,18600000,1135,1179,2460
chr4,18600000,1,0.6466,18620000,1084,1097,2231
chr4,18620000,1,0.61625,18640000,934,1070,1974
chr4,18640000,1,0.66785,18660000,1304,1351,2720
chr4,18660000,0.993517,0.61395,18680000,1005,985,2020
chr4,18680000,1,0.65415,18700000,1181,1162,2460
chr4,18700000,1,0.6391,18720000,1049,1174,2267
chr4,18720000,0.986724,0.6697,18740000,1283,1216,2794
chr4,18740000,0.950254,0.61095,18760000,962,1001,2049
chr4,18760000,1,0.6242,18780000,945,1013,2039
chr4,18780000,1,0.6405,18800000,1177,1176,2268
chr4,18800000,0.953583,0.63575,18820000,1084,1108,2245
chr4,18820000,1,0.66185,18840000,1189,1262,2564
chr4,18840000,0.9927,0.65825,18860000,1171,1177,2414
chr4,18860000,1,0.6681,18880000,1232,1265,2675
chr4,18880000,1,0.65685,18900000,1234,1232,2473
chr4,18900000,1,0.62765,18920000,964,1028,2036
chr4,18920000,1,0.65845,18940000,1182,1250,2457
chr4,18940000,1,0.64415,18960000,900,1035,2150
chr4,18960000,1,0.65695,18980000,1116,1133,2368
chr4,18980000,0.999633,0.66065,19000000,1275,1270,2734
chr4,19000000,0.941849,0.63175,19020000,1549,1508,2579
chr4,19020000,0.970708,0.6263,19040000,2209,1756,3027
chr4,19040000,1,0.6408,19060000,841,875,1759
chr4,19060000,0.964473,0.6549,19080000,1126,1226,2319
chr4,19080000,0.978604,0.6376,19100000,1102,1113,2321
chr4,19100000,0.997796,0.6603,19120000,1235,1263,2582
chr4,19120000,0.994391,0.64455,19140000,1197,1207,2399
chr4,19140000,0.807661,0.6496,19160000,894,938,2022
chr4,19160000,0.99705,0.6485,19180000,1136,1172,2350
chr4,19180000,0.9814,0.63935,19200000,1054,1142,2277
chr4,19200000,0.987463,0.6172,19220000,1019,1124,1944
chr4,19220000,0.974213,0.6129,19240000,1063,1129,2022
chr4,19240000,1,0.67,19260000,1257,1266,2592
chr4,19260000,0.944963,0.60485,19280000,864,834,1924
chr4,19280000,0.869391,0.65615,19300000,904,846,2087
chr4,19300000,0.975165,0.67215,19320000,1180,1199,2586
chr4,19320000,0.994,0.65035,19340000,1145,1273,2348
chr4,19340000,0.998675,0.63795,19360000,1106,1204,2332
chr4,19360000,1,0.63415,19380000,1149,1183,2417
chr4,19380000,0.9992,0.65355,19400000,1253,1257,2602
chr4,19400000,0.999025,0.6334,19420000,1074,1093,2405
chr4,19420000,0.993558,0.62345,19440000,956,1042,2046
chr4,19440000,0.951533,0.63255,19460000,1146,1227,2373
chr4,19460000,0.954348,0.65025,19480000,3212,2510,4255
chr4,19480000,0.984987,0.58955,19500000,916,947,1937
chr4,19500000,0.912077,0.55545,19520000,641,658,1682
chr4,19520000,0.987898,0.64025,19540000,1270,1528,2981
chr4,19540000,0.963425,0.64085,19560000,1033,1070,2424
chr4,19560000,1,0.62885,19580000,1048,1128,2280
chr4,19580000,0.998625,0.6618,19600000,1284,1283,2789
chr4,19600000,1,0.61655,19620000,1005,1025,2036
chr4,19620000,1,0.60885,19640000,961,1133,1991
chr4,19640000,0.964733,0.63695,19660000,1129,1140,2312
chr4,19660000,0.979433,0.64785,19680000,1038,1072,2353
chr4,19680000,0.961327,0.69,19700000,1283,1264,2821
chr4,19700000,0.993411,0.6638,19720000,1247,1205,2702
chr4,19720000,0.902942,0.60965,19740000,777,854,1693
chr4,19740000,0.979209,0.6472,19760000,1099,1166,2458
chr4,19760000,0.990147,0.66005,19780000,1273,1200,2701
chr4,19780000,0.896175,0.6456,19800000,990,877,2298
chr4,19800000,0.834825,0.62565,19820000,810,845,1633
chr4,19820000,0.95699,0.6702,19840000,2207,1869,3318
chr4,19840000,0.94172,0.64835,19860000,1121,1150,2331
chr4,19860000,0.963667,0.63395,19880000,1129,1164,2375
chr4,19880000,0.907242,0.5701,19900000,952,920,1733
chr4,19900000,0.842123,0.65155,19920000,894,792,1757
chr4,19920000,0.879734,0.66395,19940000,955,902,1958
chr4,19940000,0.989846,0.67515,19960000,1158,1147,2488
chr4,19960000,0.959294,0.63945,19980000,984,1001,2226
chr4,19980000,1,0.64045,20000000,1098,1144,2284
chr4,20000000,1,0.62315,20020000,949,1135,2023
chr4,20020000,1,0.62245,20040000,1048,1162,2179
chr4,20040000,0.995475,0.66,20060000,1963,1250,2611
chr4,20060000,0.9943,0.63375,20080000,1945,1053,2127
chr4,20080000,0.998475,0.6467,20100000,2220,1136,2365
chr4,20100000,0.99518,0.6343,20120000,2306,1612,2347
chr4,20120000,1,0.6342,20140000,1823,1024,1958
chr4,20140000,0.958682,0.6552,20160000,1927,967,2106
chr4,20160000,0.958676,0.6503,20180000,2117,1024,2327
chr4,20180000,1,0.64995,20200000,2243,1165,2362
chr4,20200000,1,0.64695,20220000,2153,1162,2432
chr4,20220000,1,0.64395,20240000,2115,1047,2204
chr4,20240000,0.956657,0.6358,20260000,2166,1145,2414
chr4,20260000,1,0.6413,20280000,2196,1033,2244
chr4,20280000,0.990687,0.65225,20300000,2269,1165,2403
chr4,20300000,0.997704,0.65405,20320000,2223,1106,2448
chr4,20320000,0.98298,0.6832,20340000,2662,1250,2803
chr4,20340000,0.87138,0.62385,20360000,1662,949,1813
chr4,20360000,1,0.63265,20380000,1913,961,2130
chr4,20380000,0.930179,0.6256,20400000,1661,855,1976
chr4,20400000,0.998493,0.63495,20420000,1811,1001,1973
chr4,20420000,0.979367,0.61325,20440000,1912,1044,2162
chr4,20440000,0.99975,0.6196,20460000,2295,1361,2420
chr4,20460000,0.863225,0.63145,20480000,1572,886,1718
chr4,20480000,0.96605,0.6263,20500000,1552,816,1678
chr4,20500000,0.998549,0.6823,20520000,2583,1309,2771
chr4,20520000,1,0.5999,20540000,1785,927,1867
chr4,20540000,0.9518,0.6435,20560000,1961,1086,2106
chr4,20560000,0.9997,0.6699,20580000,2561,1215,2669
chr4,20580000,0.990748,0.66355,20600000,2378,1141,2599
chr4,20600000,0.995592,0.64505,20620000,2229,1086,2382
chr4,20620000,0.9991,0.6553,20640000,2357,1201,2449
chr4,20640000,0.997371,0.65605,20660000,2376,1191,2538
chr4,20660000,1,0.6422,20680000,1990,1001,2181
chr4,20680000,1,0.6657,20700000,2418,1225,2610
chr4,20700000,0.982274,0.65335,20720000,2237,1218,2398
chr4,20720000,1,0.6282,20740000,1971,1087,2118
chr4,20740000,0.9994,0.66895,20760000,2244,1144,2477
chr4,20760000,0.994783,0.6661,20780000,2618,1227,2684
chr4,20780000,1,0.6114,20800000,1619,1000,1707
chr4,20800000,0.916746,0.68175,20820000,2538,1212,2693
chr4,20820000,0.999484,0.6484,20840000,1957,974,2033
chr4,20840000,0.984075,0.64545,20860000,2160,1072,2282
chr4,20860000,0.9949,0.6411,20880000,2177,1115,2284
chr4,20880000,0.99785,0.62525,20900000,2036,1115,2212
chr4,20900000,0.966692,0.6729,20920000,2474,1207,2829
chr4,20920000,1,0.66235,20940000,2430,1195,2471
chr4,20940000,0.965275,0.62685,20960000,2992,2319,2697
chr4,20960000,1,0.63105,20980000,1983,1176,2018
chr4,20980000,1,0.64885,21000000,2134,1152,2281
chr4,21000000,1,0.6363,21020000,2059,1181,2076
chr4,21020000,0.95135,0.64395,21040000,2051,1035,2181
chr4,21040000,1,0.66955,21060000,2607,1232,2860
chr4,21060000,0.9931,0.65065,21080000,2261,1137,2361
chr4,21080000,0.9931,0.6227,21100000,1817,998,1983
chr4,21100000,0.949328,0.64365,21120000,1974,1084,2225
chr4,21120000,1,0.61815,21140000,1935,1089,1899
chr4,21140000,1,0.66445,21160000,2438,1183,2521
chr4,21160000,1,0.626,21180000,1963,1042,2067
chr4,21180000,0.998775,0.6529,21200000,2040,1114,2305
chr4,21200000,0.989533,0.6301,21220000,1853,975,1951
chr4,21220000,0.972398,0.6598,21240000,2311,1236,2694
chr4,21240000,0.981083,0.6344,21260000,3127,2549,3329
chr4,21260000,0.998867,0.62415,21280000,1998,1014,2171
chr4,21280000,0.987425,0.63415,21300000,2081,1050,2220
chr4,21300000,0.983897,0.67395,21320000,2307,1205,2650
chr4,21320000,1,0.6185,21340000,1995,1080,2002
chr4,21340000,0.99805,0.64485,21360000,2142,1129,2278
chr4,21360000,1,0.65635,21380000,2452,1232,2594
chr4,21380000,1,0.644,21400000,2033,1132,2308
chr4,21400000,0.988567,0.66545,21420000,2531,1251,2644
chr4,21420000,0.99985,0.6767,21440000,2572,1289,2877
chr4,21440000,0.994845,0.63215,21460000,2012,1003,2132
chr4,21460000,0.873096,0.66065,21480000,2104,1011,2229
chr4,21480000,0.987675,0.6544,21500000,2365,1213,2451
chr4,21500000,0.990245,0.63875,21520000,2031,1064,2123
chr4,21520000,0.968588,0.66625,21540000,2528,1260,2721
chr4,21540000,0.997317,0.63265,21560000,1981,1045,2181
chr4,21560000,0.911129,0.6272,21580000,1844,865,2045
chr4,21580000,0.980068,0.6387,21600000,2063,1374,2133
chr4,21600000,0.985274,0.6443,21620000,1966,1046,2124
chr4,21620000,0.958075,0.6109,21640000,1859,939,2170
chr4,21640000,1,0.6363,21660000,1572,759,1652
chr4,21660000,0.964368,0.61885,21680000,2560,2109,2492
chr4,21680000,0.992044,0.643,21700000,2004,1185,2021
chr4,21700000,0.985798,0.6357,21720000,2256,1128,2341
chr4,21720000,1,0.6439,21740000,2168,1082,2198
chr4,21740000,0.999025,0.63385,21760000,1996,1106,2083
chr4,21760000,0.933783,0.6641,21780000,2180,1156,2499
chr4,21780000,1,0.6613,21800000,2458,1353,2710
chr4,21800000,0.882874,0.6352,21820000,2512,1408,2482
chr4,21820000,1,0.60705,21840000,1842,982,1960
chr4,21840000,1,0.62225,21860000,2041,1111,2053
chr4,21860000,0.994075,0.65745,21880000,2356,1141,2495
chr4,21880000,0.954184,0.58585,21900000,1811,913,1850
chr4,21900000,0.975464,0.59765,21920000,1752,967,1809
chr4,21920000,1,0.60115,21940000,1821,1069,1939
chr4,21940000,0.99655,0.6261,21960000,2050,1112,1981
chr4,21960000,0.959508,0.62115,21980000,1913,1088,1946
chr4,21980000,0.983233,0.62475,22000000,2216,1154,2291
chr4,22000000,0.997125,0.63985,22020000,1962,983,2078
chr4,22020000,0.999938,0.6654,22040000,2385,1247,2510
chr4,22040000,0.976879,0.64365,22060000,1935,1107,2163
chr4,22060000,1,0.6415,22080000,2152,1077,2302
chr4,22080000,0.950339,0.6249,22100000,1604,821,1911
chr4,22100000,0.9997,0.60525,22120000,1867,992,2014
chr4,22120000,0.998925,0.67045,22140000,2514,1243,2726
chr4,22140000,0.994186,0.66955,22160000,2531,1165,2570
chr4,22160000,0.987958,0.6635,22180000,2457,1170,2687
chr4,22180000,1,0.63365,22200000,2101,1119,2125
chr4,22200000,1,0.61965,22220000,1924,1070,2046
chr4,22220000,0.997925,0.64445,22240000,2195,1102,2285
chr4,22240000,0.982712,0.66685,22260000,2531,1308,2501
chr4,22260000,0.998725,0.64855,22280000,3248,1206,2624
chr4,22280000,0.99555,0.70285,22300000,4370,1405,3202
chr4,22300000,0.968787,0.65435,22320000,3021,1073,2366
chr4,22320000,0.985829,0.6566,22340000,3701,1416,3058
chr4,22340000,0.970403,0.65135,22360000,3304,1096,2286
chr4,22360000,0.971,0.6434,22380000,3637,2058,2792
chr4,22380000,1,0.6446,22400000,3798,2929,3140
chr4,22400000,0.994046,0.6724,22420000,3678,1450,2853
chr4,22420000,0.992975,0.66315,22440000,3654,1250,2491
chr4,22440000,0.927127,0.5876,22460000,2272,781,1704
chr4,22460000,0.882177,0.5776,22480000,2054,709,1498
chr4,22480000,0.99639,0.6487,22500000,3180,1084,2325
chr4,22500000,0.975299,0.64015,22520000,3188,1368,2329
chr4,22520000,0.998725,0.62935,22540000,2872,1127,1952
chr4,22540000,0.998725,0.60635,22560000,2994,1017,2011
chr4,22560000,1,0.629,22580000,3060,1031,2144
chr4,22580000,0.99905,0.6503,22600000,3274,1205,2399
chr4,22600000,0.99095,0.63235,22620000,3128,1028,2207
chr4,22620000,1,0.6325,22640000,3299,1093,2220
chr4,22640000,0.99855,0.66505,22660000,3525,1151,2550
chr4,22660000,0.944025,0.60005,22680000,2311,824,1713
chr4,22680000,1,0.63835,22700000,3068,1089,2121
chr4,22700000,1,0.6328,22720000,3069,1074,2249
chr4,22720000,0.997992,0.63405,22740000,3076,1071,2278
chr4,22740000,1,0.6385,22760000,3210,1130,2195
chr4,22760000,0.997862,0.63175,22780000,3153,1163,2180
chr4,22780000,1,0.62055,22800000,2948,1035,2061
chr4,22800000,0.824912,0.6607,22820000,2516,792,1794
chr4,22820000,0.969375,0.61595,22840000,3150,1341,2349
chr4,22840000,0.988725,0.6149,22860000,2688,1026,1906
chr4,22860000,0.999925,0.6264,22880000,3054,1160,2073
chr4,22880000,0.977062,0.66685,22900000,3535,1245,2467
chr4,22900000,1,0.6405,22920000,3297,1122,2333
chr4,22920000,1,0.649,22940000,3569,1222,2395
chr4,22940000,0.96115,0.60305,22960000,2455,877,1821
chr4,22960000,0.9999,0.6526,22980000,3383,1114,2404
chr4,22980000,0.9996,0.6805,23000000,3860,1314,2641
chr4,23000000,0.9967,0.6835,23020000,3775,1297,2833
chr4,23020000,1,0.62065,23040000,2962,1456,2079
chr4,23040000,0.9857,0.65185,23060000,3490,1196,2481
chr4,23060000,0.994275,0.6153,23080000,2821,1070,1930
chr4,23080000,0.985744,0.6347,23100000,3345,1183,2480
chr4,23100000,0.939025,0.68465,23120000,3556,1161,2485
chr4,23120000,0.933385,0.65565,23140000,3186,1101,2342
chr4,23140000,0.979925,0.6773,23160000,3846,1267,2655
chr4,23160000,1,0.62735,23180000,3169,1172,2364
chr4,23180000,0.9981,0.6333,23200000,3301,1050,2284
chr4,23200000,0.999675,0.65625,23220000,3565,1281,2664
chr4,23220000,0.9483,0.65985,23240000,3259,991,2426
chr4,23240000,1,0.6302,23260000,2862,985,2110
chr4,23260000,0.995511,0.6149,23280000,3013,1073,2605
chr4,23280000,0.980459,0.6662,23300000,3782,1457,4048
chr4,23300000,0.597603,0.6381,23320000,738,317,843
chr4,23320000,0.807617,0.6461,23340000,1140,365,1292
chr4,23340000,0.624305,0.6505,23360000,916,292,1011
chr4,23360000,0.995917,0.6566,23380000,3418,1183,3729
chr4,23380000,0.98475,0.66155,23400000,3639,1248,3995
chr4,23400000,0.983104,0.66885,23420000,3684,1270,3975
chr4,23420000,1,0.62855,23440000,3138,1134,3303
chr4,23440000,0.98827,0.63575,23460000,3032,1098,3267
chr4,23460000,0.967609,0.6419,23480000,3197,1231,3439
chr4,23480000,0.99685,0.6614,23500000,4134,1854,4203
chr4,23500000,0.930595,0.6825,23520000,3697,1185,4110
chr4,23520000,0.987587,0.6254,23540000,2934,1052,3212
chr4,23540000,0.999367,0.6075,23560000,2678,985,2805
chr4,23560000,0.991859,0.62695,23580000,3100,1111,3346
chr4,23580000,0.9945,0.62565,23600000,4375,2629,4472
chr4,23600000,0.99935,0.6818,23620000,3914,1258,4132
chr4,23620000,0.999925,0.64525,23640000,3470,1222,3901
chr4,23640000,1,0.6263,23660000,3139,1058,3257
chr4,23660000,0.974963,0.65955,23680000,3465,1167,3883
chr4,23680000,0.985451,0.64585,23700000,3376,1076,3491
chr4,23700000,0.96814,0.6365,23720000,2917,1029,3250
chr4,23720000,0.987917,0.6383,23740000,3170,1109,3317
chr4,23740000,0.998233,0.63165,23760000,2589,871,2907
chr4,23760000,0.997879,0.61725,23780000,2868,993,3096
chr4,23780000,0.96925,0.6277,23800000,2930,1118,2986
chr4,23800000,0.986117,0.61765,23820000,3049,1460,3087
chr4,23820000,1,0.62375,23840000,3017,1080,3086
chr4,23840000,1,0.61525,23860000,3756,1859,4394
chr4,23860000,0.973628,0.6464,23880000,3303,1222,3652
chr4,23880000,0.976067,0.64255,23900000,3052,1037,3345
chr4,23900000,0.999388,0.65135,23920000,3548,1307,3590
chr4,23920000,0.885447,0.67265,23940000,3481,1099,3763
chr4,23940000,0.960632,0.63645,23960000,2910,1018,3158
chr4,23960000,0.981012,0.6386,23980000,4986,2548,4400
chr4,23980000,1,0.6254,24000000,2847,1055,3181
chr4,24000000,0.999225,0.6418,24020000,3338,1214,3630
chr4,24020000,0.991393,0.6308,24040000,3017,1049,3138
chr4,24040000,1,0.64865,24060000,3544,1165,3590
chr4,24060000,0.984225,0.693,24080000,4035,1283,4391
chr4,24080000,0.968947,0.6513,24100000,4721,3243,5054
chr4,24100000,0.95555,0.6315,24120000,2839,924,3240
chr4,24120000,0.986373,0.6572,24140000,3337,1073,3594
chr4,24140000,0.960542,0.6934,24160000,3680,1140,3949
chr4,24160000,0.996044,0.63615,24180000,3408,1381,3667
chr4,24180000,0.995792,0.6581,24200000,3503,1135,3742
chr4,24200000,1,0.6152,24220000,2778,1008,2864
chr4,24220000,0.988551,0.6416,24240000,3127,1083,3244
chr4,24240000,1,0.6444,24260000,3354,1143,3487
chr4,24260000,0.965308,0.634,24280000,2730,892,3099
chr4,24280000,0.999804,0.6212,24300000,2789,990,2988
chr4,24300000,0.992408,0.6529,24320000,3433,1094,3549
chr4,24320000,0.995995,0.6689,24340000,4014,1514,4287
chr4,24340000,0.998404,0.6472,24360000,3330,1113,3380
chr4,24360000,1,0.64005,24380000,3155,1107,3322
chr4,24380000,0.99835,0.6263,24400000,2936,1057,3102
chr4,24400000,0.993925,0.60535,24420000,2655,1028,2914
chr4,24420000,0.99607,0.65185,24440000,3331,1136,3477
chr4,24440000,0.99805,0.64025,24460000,3355,1136,3617
chr4,24460000,0.976,0.6385,24480000,2958,944,3180
chr4,24480000,1,0.6347,24500000,3069,1026,3181
chr4,24500000,1,0.62355,24520000,3015,1057,3167
chr4,24520000,1,0.613,24540000,2889,1059,2998
chr4,24540000,1,0.6078,24560000,2924,1178,3071
chr4,24560000,0.991925,0.677,24580000,4185,1345,4638
chr4,24580000,0.992219,0.60085,24600000,2642,1007,2877
chr4,24600000,0.995583,0.59745,24620000,2815,982,2967
chr4,24620000,0.980983,0.6258,24640000,2838,964,3100
chr4,24640000,1,0.5723,24660000,2235,880,2391
chr4,24660000,0.986298,0.6135,24680000,2247,790,2613
chr4,24680000,0.96921,0.5961,24700000,2550,996,2729
chr4,24700000,0.954246,0.60525,24720000,2725,1024,3218
chr5,0,0.734403,0.58165,20000,594,631,637
chr5,20000,1,0.5916,40000,823,980,837
chr5,40000,0.952976,0.5786,60000,860,929,968
chr5,60000,0.903742,0.667,80000,1119,1050,1220
chr5,80000,0.996925,0.59275,100000,903,1030,946
chr5,100000,0.977851,0.63985,120000,1109,1200,1196
chr5,120000,0.947718,0.60455,140000,874,907,990
chr5,140000,0.979928,0.63375,160000,1049,1175,1106
chr5,160000,1,0.6398,180000,1096,1111,1163
chr5,180000,1,0.6417,200000,1181,1144,1185
chr5,200000,0.932479,0.65215,220000,1088,1093,1219
chr5,220000,0.981842,0.6683,240000,1268,1217,1392
chr5,240000,0.998225,0.6632,260000,1271,1298,1222
chr5,260000,0.996275,0.658,280000,1856,1710,1775
chr5,280000,0.975015,0.70355,300000,1822,1739,1708
chr5,300000,0.986233,0.64605,320000,1143,1282,1290
chr5,320000,0.987533,0.64265,340000,1070,1132,1114
chr5,340000,0.887337,0.62455,360000,2553,2676,2373
chr5,360000,0.656421,0.6288,380000,524,516,642
chr5,380000,0.99825,0.6516,400000,1203,1114,1233
chr5,400000,0.9719,0.67275,420000,1266,1246,1366
chr5,420000,0.9911,0.6982,440000,1438,1346,1507
chr5,440000,0.999675,0.6728,460000,1232,1294,1223
chr5,460000,0.998667,0.67595,480000,1290,1277,1304
chr5,480000,0.997228,0.66025,500000,1248,1274,1373
chr5,500000,0.984953,0.6426,520000,1140,1166,1296
chr5,520000,0.917646,0.62765,540000,1032,1044,1129
chr5,540000,0.975758,0.637,560000,1085,1181,1197
chr5,560000,0.914558,0.653,580000,1105,1085,1259
chr5,580000,0.954475,0.6852,600000,1258,1202,1472
chr5,600000,0.9998,0.6675,620000,1207,1219,1249
chr5,620000,0.942243,0.6864,640000,1442,1262,1464
chr5,640000,0.99336,0.65145,660000,1219,1219,1295
chr5,660000,0.920416,0.64925,680000,1101,1098,1163
chr5,680000,0.997942,0.6273,700000,1101,1251,1170
chr5,700000,0.996975,0.6655,720000,1195,1252,1394
chr5,720000,0.987537,0.70055,740000,1401,1442,1536
chr5,740000,0.879894,0.6509,760000,1050,940,1164
chr5,760000,1,0.6927,780000,1488,1435,1577
chr5,780000,0.994992,0.6435,800000,1143,1240,1231
chr5,800000,0.963265,0.64205,820000,1136,1127,1232
chr5,820000,0.994042,0.67935,840000,1474,1507,1548
chr5,840000,0.999675,0.6464,860000,1187,1202,1264
chr5,860000,1,0.6594,880000,1250,1270,1276
chr5,880000,0.989617,0.67755,900000,1345,1309,1441
chr5,900000,0.988175,0.63095,920000,1217,1288,1175
chr5,920000,0.996825,0.6203,940000,974,1141,1016
chr5,940000,0.936325,0.62435,960000,928,1017,964
chr5,960000,0.912675,0.64405,980000,991,963,1085
chr5,980000,0.983125,0.63695,1000000,1145,1128,1205
chr5,1000000,0.994458,0.6538,1020000,1219,1118,1381
chr5,1020000,1,0.64445,1040000,1186,1266,1283
chr5,1040000,0.999667,0.65015,1060000,1168,1279,1299
chr5,1060000,0.965056,0.6773,1080000,1248,1243,1405
chr5,1080000,0.991375,0.5794,1100000,1705,1722,1405
chr5,1100000,0.961721,0.6535,1120000,1183,1269,1277
chr5,1120000,0.968053,0.67555,1140000,1377,1288,1555
chr5,1140000,0.977833,0.65705,1160000,1193,1280,1328
chr5,1160000,0.969396,0.6773,1180000,1268,1293,1492
chr5,1180000,0.928649,0.6251,1200000,1260,1325,1322
chr5,1200000,0.834341,0.64505,1220000,1070,1011,1175
chr5,1220000,0.965791,0.5938,1240000,1857,1666,1934
chr5,1240000,0.96325,0.64575,1260000,1019,1031,1091
chr5,1260000,0.960293,0.63605,1280000,1444,1575,1500
chr5,1280000,0.559445,0.6404,1300000,462,464,548
chr5,1300000,0.9875,0.6627,1320000,1146,1182,1264
chr5,1320000,0.907311,0.62945,1340000,1870,1769,1776
chr5,1340000,0.970267,0.63775,1360000,1131,1074,1186
chr5,1360000,1,0.6286,1380000,1055,1172,1012
chr5,1380000,1,0.63595,1400000,1246,1314,1234
chr5,1400000,0.985258,0.58075,1420000,1161,1261,1231
chr5,1420000,0.988327,0.6879,1440000,1468,1305,1619
chr5,1440000,0.904991,0.6696,1460000,1114,1124,1219
chr5,1460000,0.90539,0.644,1480000,1156,1094,1195
chr5,1480000,0.913125,0.63635,1500000,994,1070,1049
chr5,1500000,0.911117,0.6508,1520000,1026,1102,1050
chr5,1520000,0.9591,0.68955,1540000,1327,1179,1517
chr5,1540000,0.992625,0.7008,1560000,1630,1622,1701
chr5,1560000,0.989678,0.70805,1580000,1508,1451,1666
chr5,1580000,0.848117,0.6102,1600000,815,877,904
chr5,1600000,0.900175,0.68895,1620000,1780,1922,1804
chr5,1620000,0.923506,0.66525,1640000,2036,2046,1908
chr5,1640000,0.961119,0.59895,1660000,1078,999,1138
chr5,1660000,0.896242,0.64015,1680000,1103,1092,1137
chr5,1680000,0.918594,0.6662,1700000,1254,1244,1409
chr5,1700000,0.966817,0.65215,1720000,1210,1324,1347
chr5,1720000,0.883896,0.64905,1740000,1507,1360,1393
chr5,1740000,0.926466,0.63415,1760000,967,1092,1206
chr5,1760000,0.917464,0.6854,1780000,1306,1263,1494
chr5,1780000,1,0.64585,1800000,1247,1393,1286
chr5,1800000,0.916713,0.6671,1820000,1203,1145,1240
chr5,1820000,0.949117,0.6288,1840000,955,1020,1144
chr5,1840000,1,0.69705,1860000,1368,1449,1431
chr5,1860000,0.994875,0.70105,1880000,1514,1439,1610
chr5,1880000,0.993787,0.6629,1900000,1331,1284,1324
chr5,1900000,0.973008,0.5966,1920000,1749,1556,1707
chr5,1920000,0.983394,0.6543,1940000,1162,1124,1231
chr5,1940000,1,0.63775,1960000,1141,1157,1161
chr5,1960000,0.983842,0.62085,1980000,1262,1240,1297
chr5,1980000,0.99935,0.66915,2000000,1326,1370,1439
chr5,2000000,0.914608,0.61685,2020000,897,937,911
chr5,2020000,0.947943,0.664,2040000,1209,1162,1359
chr5,2040000,0.919956,0.70135,2060000,1345,1294,1508
chr5,2060000,0.902806,0.6191,2080000,887,967,989
chr5,2080000,0.959785,0.6257,2100000,1022,1040,1005
chr5,2100000,0.983875,0.64795,2120000,1252,1279,1358
chr5,2120000,0.962708,0.62145,2140000,1643,1565,1370
chr5,2140000,0.984775,0.6605,2160000,1266,1203,1320
chr5,2160000,0.904971,0.6711,2180000,1223,1237,1453
chr5,2180000,0.941389,0.6557,2200000,1151,1184,1271
chr5,2200000,0.931885,0.648,2220000,1038,1080,1172
chr5,2220000,0.997646,0.6483,2240000,1321,1336,1368
chr5,2240000,0.997945,0.6535,2260000,1216,1301,1316
chr5,2260000,0.99455,0.63385,2280000,1053,1131,1087
chr5,2280000,0.989992,0.6443,2300000,1195,1296,1175
chr5,2300000,0.99305,0.6645,2320000,1342,1218,1401
chr5,2320000,0.998207,0.6802,2340000,1370,1375,1505
chr5,2340000,0.973677,0.6474,2360000,1115,1091,1196
chr5,2360000,0.999375,0.62975,2380000,1093,1199,1171
chr5,2380000,0.952333,0.65825,2400000,1194,1215,2467
chr5,2400000,0.956492,0.633,2420000,967,996,1990
chr5,2420000,0.966316,0.6407,2440000,1590,1535,2568
chr5,2440000,0.997033,0.66895,2460000,1893,1758,3519
chr5,2460000,1,0.6586,2480000,1322,1238,2691
chr5,2480000,0.864075,0.6557,2500000,1154,1093,2546
chr5,2500000,1,0.67865,2520000,1526,1429,2996
chr5,2520000,0.970492,0.5814,2540000,1389,1258,2461
chr5,2540000,0.959924,0.6632,2560000,1152,1187,2544
chr5,2560000,0.905651,0.64755,2580000,1144,1191,2293
chr5,2580000,0.919651,0.63965,2600000,1036,1063,2308
chr5,2600000,0.997337,0.6378,2620000,1122,1271,2350
chr5,2620000,0.976875,0.63925,2640000,1209,1205,2603
chr5,2640000,0.898468,0.66615,2660000,1535,1369,2751
chr5,2660000,1,0.6532,2680000,1258,1348,2657
chr5,2680000,1,0.63535,2700000,1210,1241,2430
chr5,2700000,0.944401,0.66965,2720000,1296,1332,2791
chr5,2720000,0.997525,0.66055,2740000,1311,1425,2680
chr5,2740000,0.9864,0.65975,2760000,1229,1235,2750
chr5,2760000,0.924897,0.633,2780000,1139,1117,2388
chr5,2780000,0.888001,0.60455,2800000,1019,930,2108
chr5,2800000,0.981173,0.6495,2820000,169,1253,2467
chr5,2820000,0.9815,0.67355,2840000,129,1356,2907
chr5,2840000,0.923105,0.65905,2860000,48,1072,2277
chr5,2860000,0.952946,0.64665,2880000,2774,2751,4470
chr5,2880000,0.979161,0.66615,2900000,190,1397,2899
chr5,2900000,1,0.63575,2920000,517,1742,2654
chr5,2920000,0.999275,0.66575,2940000,49,1251,2700
chr5,2940000,0.99315,0.6396,2960000,35,1146,2250
chr5,2960000,0.967889,0.61075,2980000,131,1117,2406
chr5,2980000,0.997253,0.6471,3000000,29,1285,2426
chr5,3000000,1,0.64655,3020000,267,1515,2677
chr5,3020000,0.984635,0.6396,3040000,17,1166,2397
chr5,3040000,0.9776,0.63605,3060000,12,1108,2377
chr5,3060000,0.896086,0.62605,3080000,1125,2301,3250
chr5,3080000,0.918957,0.5951,3100000,334,1122,1958
chr5,3100000,0.9993,0.66755,3120000,64,1311,2565
chr5,3120000,0.992813,0.6908,3140000,944,2313,3532
chr5,3140000,0.979753,0.5726,3160000,125,1038,2056
chr5,3160000,0.982667,0.65745,3180000,52,1271,2518
chr5,3180000,0.986992,0.6507,3200000,27,1269,2611
chr5,3200000,0.997775,0.63965,3220000,49,1350,2472
chr5,3220000,0.968242,0.67745,3240000,38,1296,2779
chr5,3240000,0.99785,0.62305,3260000,8,1183,2256
chr5,3260000,1,0.6853,3280000,58,1446,3226
chr5,3280000,1,0.62085,3300000,13,1212,2171
chr5,3300000,0.99985,0.64935,3320000,121,1374,2967
chr5,3320000,0.980059,0.69085,3340000,24,1329,2981
chr5,3340000,0.931347,0.65145,3360000,90,1129,2466
chr5,3360000,0.914792,0.6673,3380000,9,1154,2392
chr5,3380000,0.974553,0.689,3400000,113,1357,3080
chr5,3400000,0.985742,0.6903,3420000,147,1482,3175
chr5,3420000,0.9601,0.67025,3440000,17,1270,2706
chr5,3440000,0.97155,0.58395,3460000,854,1607,2862
chr5,3460000,0.995,0.6714,3480000,66,841,1918
chr5,3480000,0.980607,0.62745,3500000,685,1006,1696
chr5,3500000,0.960115,0.6813,3520000,342,576,1125
chr5,3520000,0.990494,0.68515,3540000,447,970,1910
chr5,3540000,0.982025,0.67095,3560000,247,1266,2629
chr5,3560000,0.960951,0.67095,3580000,34,1224,2749
chr5,3580000,0.936925,0.6732,3600000,2614,3380,4497
chr5,3600000,0.929,0.69305,3620000,45,1311,3020
chr5,3620000,0.91412,0.6565,3640000,26,1171,2459
chr5,3640000,0.921857,0.67195,3660000,406,1556,2809
chr5,3660000,0.908017,0.6553,3680000,289,1474,3049
chr5,3680000,0.735749,0.6374,3700000,191,790,1816
chr5,3700000,0.927506,0.67295,3720000,255,1352,2499
chr5,3720000,0.987791,0.66075,3740000,25,1320,2855
chr5,3740000,0.986937,0.6773,3760000,24,1396,2977
chr5,3760000,0.980824,0.6521,3780000,373,1302,2480
chr5,3780000,0.956773,0.6541,3800000,311,1258,2485
chr5,3800000,0.761249,0.5753,3820000,28,781,1602
chr5,3820000,0.9999,0.64865,3840000,26,1297,2596
chr5,3840000,0.96435,0.63695,3860000,15,1150,2295
chr5,3860000,0.973642,0.63495,3880000,20,1155,2423
chr5,3880000,0.9923,0.5868,3900000,73,1007,2124
chr5,3900000,0.979555,0.63725,3920000,65,1180,2530
chr5,3920000,0.89998,0.58625,3940000,45,821,1975
chr5,3940000,0.88395,0.6198,3960000,29,938,2073
chr5,3960000,0.724277,0.55165,3980000,1633,2277,3441
chr5,3980000,0.993075,0.63275,4000000,397,1611,2847
chr5,4000000,0.993205,0.59625,4020000,67,1142,2420
chr5,4020000,0.935754,0.6137,4040000,15,1078,2224
chr5,4040000,0.990725,0.6424,4060000,1175,2313,3122
chr5,4060000,0.938296,0.68205,4080000,90,1304,2968
chr5,4080000,0.981166,0.64005,4100000,247,1468,2696
chr5,4100000,0.954875,0.66125,4120000,74,1280,2705
chr5,4120000,0.89378,0.64705,4140000,146,1125,2413
chr5,4140000,0.898652,0.6438,4160000,353,1331,2498
chr5,4160000,0.990282,0.6213,4180000,128,1234,2410
chr5,4180000,1,0.6247,4200000,6,1144,2248
chr5,4200000,0.946561,0.606,4220000,20,1125,2800
chr5,4220000,1,0.6522,4240000,7,1313,2595
chr5,4240000,0.990849,0.6713,4260000,104,1402,2919
chr5,4260000,0.754784,0.55785,4280000,17,701,1553
chr5,4280000,0.966191,0.6241,4300000,129,1209,2302
chr5,4300000,1,0.68855,4320000,37,1397,2860
chr5,4320000,0.998975,0.6782,4340000,157,1512,3147
chr5,4340000,0.97569,0.62485,4360000,70,1162,2470
chr5,4360000,0.908457,0.68445,4380000,279,1423,2913
chr5,4380000,0.935351,0.6444,4400000,1941,2754,3370
chr5,4400000,0.991059,0.64705,4420000,656,1819,2784
chr5,4420000,0.925863,0.66085,4440000,10,1139,2523
chr5,4440000,0.947926,0.68155,4460000,34,1319,2864
chr5,4460000,0.905941,0.6808,4480000,102,1213,2809
chr5,4480000,0.973723,0.66125,4500000,72,1349,2963
chr5,4500000,0.914953,0.64665,4520000,110,1154,2527
chr5,4520000,0.789608,0.66205,4540000,6,848,1700
chr5,4540000,0.902742,0.65625,4560000,470,1229,2220
chr5,4560000,0.99995,0.6971,4580000,55,1486,3279
chr5,4580000,0.99735,0.67905,4600000,52,1462,3051
chr5,4600000,0.784977,0.65685,4620000,5,983,1931
chr5,4620000,0.994859,0.68925,4640000,96,1456,3312
chr5,4640000,0.924115,0.6788,4660000,48,1288,2921
chr5,4660000,0.936843,0.6474,4680000,33,1073,2299
chr5,4680000,0.989353,0.67275,4700000,179,1474,3114
chr5,4700000,0.983269,0.65405,4720000,50,1305,2972
chr5,4720000,0.988477,0.626,4740000,468,1623,2759
chr5,4740000,0.984825,0.6627,4760000,1167,2339,3467
chr5,4760000,0.991458,0.6923,4780000,108,1515,3190
chr5,4780000,0.827118,0.61245,4800000,703,1170,2175
chr5,4800000,0.926892,0.66245,4820000,194,1292,2789
chr5,4820000,0.978675,0.63575,4840000,518,1789,3111
chr5,4840000,0.9928,0.67275,4860000,1221,2210,4040
chr5,4860000,0.987992,0.6624,4880000,1282,2160,3503
chr5,4880000,0.952445,0.64755,4900000,24,1169,2217
chr5,4900000,1,0.62415,4920000,14,1258,2376
chr5,4920000,0.974754,0.6743,4940000,76,1459,2903
chr5,4940000,0.938509,0.6379,4960000,92,1247,2340
chr5,4960000,0.967818,0.63835,4980000,98,1186,2641
chr5,4980000,0.991742,0.6581,5000000,53,1347,2876
chr5,5000000,0.912698,0.62755,5020000,275,1185,2503
chr5,5020000,0.989552,0.64295,5040000,40,1287,2539
chr5,5040000,0.837451,0.64395,5060000,75,1220,2600
chr5,5060000,0.850181,0.58145,5080000,260,956,1803
chr5,5080000,0.9988,0.6578,5100000,50,1260,2794
chr5,5100000,1,0.64275,5120000,52,1317,2769
chr5,5120000,0.914014,0.625,5140000,961,1441,3016
chr5,5140000,0.971925,0.66615,5160000,26,1368,2981
chr5,5160000,0.994722,0.6034,5180000,76,1115,2306
chr5,5180000,0.980518,0.5115,5200000,145,831,1591
chr5,5200000,0.9244,0.5883,5220000,25,880,2007
chr5,5220000,0.979497,0.6618,5240000,63,1276,2782
chr5,5240000,0.796666,0.55955,5260000,145,739,1437
chr5,5260000,0.808182,0.6744,5280000,43,819,1975
chr5,5280000,0.846529,0.6109,5300000,376,1108,2071
chr5,5300000,0.95477,0.6216,5320000,211,1106,2288
chr5,5320000,0.918731,0.58675,5340000,114,869,1783
chr5,5340000,0.905689,0.60185,5360000,506,1093,1999
chr5,5360000,0.905559,0.57485,5380000,38,626,1500
chr5,5380000,0.863674,0.56005,5400000,470,998,1726
chr5,5400000,0.861883,0.564,5420000,159,754,1515
chr5,5420000,0.702361,0.5507,5440000,88,622,1101
chr5,5440000,0.938582,0.6359,5460000,2560,2947,3423
chr5,5460000,0.958351,0.6142,5480000,796,1624,2646
chr5,5480000,0.780276,0.5589,5500000,21,578,1384
chr5,5500000,0.601265,0.53,5520000,21,360,874
chr5,5520000,0.811329,0.5851,5540000,28,613,1654
chr5,5540000,0.928245,0.58075,5560000,44,882,1902
chr5,5560000,0.656359,0.63935,5580000,12,294,642
chr5,5580000,0.963913,0.58075,5600000,44,788,1736
chr5,5600000,0.964657,0.59125,5620000,54,955,1949
chr5,5620000,0.988684,0.66265,5640000,39,1033,2385
chr5,5640000,0.98243,0.5983,5660000,415,1683,2693
chr5,5660000,0.734242,0.59695,5680000,17,664,1474
chr5,5680000,0.653896,0.63295,5700000,213,825,1808
chr5,5700000,0.984956,0.6193,5720000,176,1275,2323
chr5,5720000,0.986619,0.59855,5740000,188,1151,2240
chr5,5740000,0.939923,0.5396,5760000,182,821,1588
chr5,5760000,0.99635,0.57275,5780000,149,1023,1930
chr5,5780000,0.977317,0.64855,5800000,157,1261,2603
chr5,5800000,0.796687,0.6207,5820000,135,1079,1982
chr5,5820000,0.996449,0.70025,5840000,149,1626,3361
chr5,5840000,1,0.66335,5860000,102,1497,2839
chr5,5860000,0.838425,0.5653,5880000,83,813,1600
chr5,5880000,0.995224,0.56065,5900000,179,1053,1920
chr5,5900000,0.925428,0.5829,5920000,19,671,1746
chr5,5920000,0.973408,0.5813,5940000,107,868,1866
chr5,5940000,0.907281,0.5875,5960000,283,1032,1968
chr5,5960000,0.837524,0.54155,5980000,108,737,1490
chr5,5980000,0.9958,0.60135,6000000,244,1243,2216
chr5,6000000,0.770896,0.57005,6020000,22,733,1488
chr5,6020000,0.985321,0.65625,6040000,11,1127,2456
chr5,6040000,0.9994,0.6353,6060000,11,1222,2297
chr5,6060000,0.985608,0.613,6080000,57,1032,2340
chr5,6080000,0.833808,0.59915,6100000,811,2200,2244
chr5,6100000,0.967558,0.6611,6120000,287,1306,2826
chr5,6120000,0.918395,0.66825,6140000,64,1213,2442
chr5,6140000,0.747328,0.6515,6160000,111,746,1822
chr5,6160000,0.971304,0.6549,6180000,14,1203,2570
chr5,6180000,0.966919,0.57745,6200000,78,969,2083
chr5,6200000,0.956412,0.6381,6220000,28,1067,2370
chr5,6220000,0.993375,0.6771,6240000,21,1202,2631
chr5,6240000,1,0.65715,6260000,80,1296,2625
chr5,6260000,0.985393,0.62135,6280000,237,1127,2318
chr5,6280000,0.969829,0.5855,6300000,58,805,1844
chr5,6300000,0.962452,0.61135,6320000,163,933,1987
chr5,6320000,0.921123,0.57165,6340000,156,793,1706
chr5,6340000,0.866611,0.58565,6360000,1736,1899,2863
chr5,6360000,0.968647,0.5926,6380000,73,964,2002
chr5,6380000,0.941058,0.58005,6400000,36,742,1795
chr5,6400000,0.9885,0.63825,6420000,34,529,2613
chr5,6420000,1,0.64965,6440000,49,27,2252
chr5,6440000,0.991959,0.60415,6460000,171,222,2213
chr5,6460000,0.796182,0.61755,6480000,79,93,1820
chr5,6480000,0.845935,0.592,6500000,442,386,1936
chr5,6500000,0.905083,0.5748,6520000,38,52,1540
chr5,6520000,0.976189,0.5392,6540000,87,62,1554
chr5,6540000,0.993681,0.58695,6560000,186,209,2035
chr5,6560000,0.92155,0.5984,6580000,265,225,1870
chr5,6580000,0.979468,0.62635,6600000,240,255,2289
chr5,6600000,0.787013,0.57595,6620000,1495,1264,1515
chr5,6620000,0.511681,0.599,6640000,467,439,763
chr5,6640000,0.38251,0.59975,6660000,1008,888,894
chr5,6660000,0.293646,0.5962,6680000,978,752,648
chr5,6680000,0.371721,0.59685,6700000,648,502,593
chr5,6700000,0.557163,0.59995,6720000,609,593,901
chr5,6720000,0.453532,0.60265,6740000,1648,1652,1122
chr5,6740000,0.298633,0.60255,6760000,499,411,325
chr5,6760000,0.460692,0.60305,6780000,313,314,690
chr5,6780000,0.528977,0.603,6800000,1543,1586,1134
chr5,6800000,0.360475,0.60295,6820000,89,91,492
chr5,6820000,0.34583,0.60445,6840000,41,36,483
chr5,6840000,0.253172,0.60785,6860000,15,24,277
chr5,6860000,0.238611,0.60365,6880000,12,13,238
chr5,6880000,0.389231,0.5949,6900000,339,249,457
chr5,6900000,0.430127,0.6009,6920000,130,156,725
chr5,6920000,0.248377,0.6013,6940000,101,101,285
chr5,6940000,0.305239,0.60465,6960000,83,47,469
chr5,6960000,0.412082,0.5989,6980000,1578,1089,1435
chr5,6980000,0.370234,0.59955,7000000,72,85,593
chr5,7000000,0.38897,0.60295,7020000,83,64,590
chr5,7020000,0.307564,0.60135,7040000,81,71,457
chr5,7040000,0.353978,0.5946,7060000,267,249,570
chr5,7060000,0.313426,0.59485,7080000,93,88,448
chr5,7080000,0.285558,0.5959,7100000,176,163,340
chr5,7100000,0.187828,0.5967,7120000,247,216,321
chr5,7120000,0.175911,0.595,7140000,80,75,317
chr5,7140000,0.364394,0.5891,7160000,183,147,529
chr5,7160000,0.116415,0.59665,7180000,174,121,219
chr5,7180000,0.290876,0.60135,7200000,99,68,471
chr5,7200000,0.450821,0.58415,7220000,114,135,747
chr5,7220000,0.332068,0.5965,7240000,1033,594,727
chr5,7240000,0.348025,0.5962,7260000,1454,1508,868
chr5,7260000,0.242372,0.59335,7280000,304,225,415
chr5,7280000,0.359915,0.5954,7300000,362,351,679
chr5,7300000,0.312562,0.5883,7320000,53,52,525
chr5,7320000,0.256085,0.59075,7340000,118,99,444
chr5,7340000,0.252138,0.5968,7360000,110,93,335
chr5,7360000,0.252494,0.5963,7380000,120,102,391
chr5,7380000,0.218075,0.5964,7400000,577,414,439
chr5,7400000,0.290631,0.59735,7420000,120,117,402
chr5,7420000,0.265625,0.5979,7440000,187,173,426
chr5,7440000,0.26676,0.5965,7460000,34,28,382
chr5,7460000,0.143289,0.59315,7480000,77,84,190
chr5,7480000,0.147769,0.5937,7500000,60,48,235
chr5,7500000,0.27727,0.5962,7520000,157,184,641
chr5,7520000,0.217485,0.59575,7540000,109,93,341
chr5,7540000,0.297298,0.5884,7560000,142,161,494
chr5,7560000,0.24241,0.59555,7580000,156,135,351
chr5,7580000,0.31345,0.59565,7600000,431,263,513
chr5,7600000,0.331756,0.5852,7620000,18,22,449
chr5,7620000,0.245422,0.59295,7640000,20,12,278
chr5,7640000,0.14827,0.59745,7660000,142,103,145
chr5,7660000,0.2465,0.58275,7680000,40,42,386
chr5,7680000,0.206625,0.59815,7700000,70,71,258
chr5,7700000,0.209501,0.5982,7720000,26,25,326
chr5,7720000,0.256826,0.59665,7740000,29,20,362
chr5,7740000,0.15181,0.5904,7760000,35,37,166
chr5,7760000,0.127208,0.5915,7780000,82,92,172
chr5,7780000,0.234787,0.5948,7800000,2067,1150,739
chr5,7800000,0.237252,0.59505,7820000,168,134,418
chr5,7820000,0.242851,0.59705,7840000,91,64,263
chr5,7840000,0.137476,0.59795,7860000,224,232,239
chr5,7860000,0.184713,0.5955,7880000,82,54,274
chr5,7880000,0.13905,0.5947,7900000,60,42,150
chr5,7900000,0.178668,0.59765,7920000,41,26,232
chr5,7920000,0.344637,0.6035,7940000,23,31,436
chr5,7940000,0.37765,0.59155,7960000,97,58,630
chr5,7960000,0.357868,0.6044,7980000,617,340,662
chr5,7980000,0.171019,0.6059,8000000,36,27,240
chr5,8000000,0.225126,0.60585,8020000,18,14,302
chr5,8020000,0.181181,0.60775,8040000,23,18,284
chr5,8040000,0.229534,0.59495,8060000,10,14,282
chr5,8060000,0.130885,0.60615,8080000,8,4,136
chr5,8080000,0.254022,0.5946,8100000,17,18,320
chr5,8100000,0.237363,0.5954,8120000,33,22,371
chr5,8120000,0.351046,0.6004,8140000,257,251,606
chr5,8140000,0.260749,0.5998,8160000,51,42,453
chr5,8160000,0.175133,0.6049,8180000,45,43,259
chr5,8180000,0.195425,0.60235,8200000,337,311,452
chr5,8200000,0.180092,0.60315,8220000,261,135,352
chr5,8220000,0.247574,0.60435,8240000,37,44,388
chr5,8240000,0.226028,0.6042,8260000,184,109,308
chr5,8260000,0.320099,0.60595,8280000,54,61,407
chr5,8280000,0.26545,0.59195,8300000,160,138,472
chr5,8300000,0.129252,0.6006,8320000,113,82,206
chr5,8320000,0.226577,0.60035,8340000,95,79,462
chr5,8340000,0.197348,0.6032,8360000,18,16,186
chr5,8360000,0.0881574,0.5989,8380000,11,15,110
chr5,8380000,0.170697,0.6008,8400000,14,10,248
chr5,8400000,0.220579,0.60455,8420000,235,135,320
chr5,8420000,0.218345,0.60335,8440000,53,36,304
chr5,8440000,0.222139,0.6032,8460000,39,31,284
chr5,8460000,0.133796,0.6023,8480000,10,10,200
chr5,8480000,0.18675,0.5968,8500000,22,7,270
chr5,8500000,0.174088,0.5972,8520000,4,3,287
chr5,8520000,0.116547,0.60185,8540000,3,1,146
chr5,8540000,0.175388,0.6028,8560000,19,13,308
chr5,8560000,0.158359,0.5967,8580000,3,2,173
chr5,8580000,0.226163,0.6004,8600000,26,14,352
chr5,8600000,0.132244,0.6019,8620000,20,8,185
chr5,8620000,0.17047,0.6044,8640000,29,18,237
chr5,8640000,0.165308,0.59115,8660000,14,11,269
chr5,8660000,0.179097,0.60525,8680000,16,12,223
chr5,8680000,0.175751,0.60345,8700000,12,16,249
chr5,8700000,0.188536,0.60095,8720000,62,62,235
chr5,8720000,0.220546,0.59035,8740000,65,72,407
chr5,8740000,0.310296,0.59665,8760000,60,52,463
chr5,8760000,0.409014,0.5988,8780000,81,88,676
chr5,8780000,0.187263,0.5901,8800000,24,15,405
chr5,8800000,0.163622,0.6052,8820000,39,41,252
chr5,8820000,0.144073,0.6021,8840000,63,41,268
chr5,8840000,0.269903,0.60565,8860000,72,46,417
chr5,8860000,0.272552,0.59475,8880000,10,12,371
chr5,8880000,0.204197,0.57885,8900000,14,24,314
chr5,8900000,0.194951,0.5939,8920000,35,15,366
chr5,8920000,0.238654,0.58855,8940000,68,44,354
chr5,8940000,0.224054,0.6002,8960000,47,30,287
chr5,8960000,0.276285,0.5891,8980000,34,33,497
chr5,8980000,0.225258,0.59925,9000000,294,145,421
chr5,9000000,0.297915,0.59465,9020000,21,35,494
chr5,9020000,0.231658,0.59315,9040000,14,15,335
chr5,9040000,0.446611,0.53035,9060000,278,193,616
chr5,9060000,0.255195,0.5943,9080000,35,46,293
chr5,9080000,0.247918,0.5907,9100000,117,69,380
chr5,9100000,0.140915,0.5983,9120000,23,23,192
chr5,9120000,0.142408,0.59985,9140000,30,36,166
chr5,9140000,0.172708,0.59955,9160000,11,8,194
chr5,9160000,0.242526,0.59535,9180000,26,17,327
chr5,9180000,0.303586,0.59805,9200000,108,88,511
chr5,9200000,0.292257,0.57555,9220000,17,17,449
chr5,9220000,0.185651,0.5963,9240000,8,12,230
chr5,9240000,0.118121,0.59725,9260000,10,5,161
chr5,9260000,0.208279,0.6002,9280000,14,10,380
chr5,9280000,0.126591,0.5983,9300000,10,8,206
chr5,9300000,0.119381,0.5985,9320000,12,9,184
chr5,9320000,0.158572,0.59955,9340000,79,70,237
chr5,9340000,0.217708,0.59265,9360000,74,69,301
chr5,9360000,0.251001,0.59345,9380000,43,50,446
chr5,9380000,0.160804,0.5924,9400000,20,13,194
chr5,9400000,0.24039,0.59615,9420000,24,17,356
chr5,9420000,0.148703,0.59985,9440000,14,21,206
chr5,9440000,0.191885,0.6023,9460000,55,54,278
chr5,9460000,0.234794,0.5992,9480000,115,101,412
chr5,9480000,0.193646,0.5976,9500000,16,10,262
chr5,9500000,0.281679,0.5908,9520000,32,28,390
chr5,9520000,0.219332,0.60425,9540000,47,56,345
chr5,9540000,0.204447,0.5798,9560000,17,12,235
chr5,9560000,0.244627,0.58695,9580000,10,11,295
chr5,9580000,0.25082,0.6062,9600000,20,11,340
chr5,9600000,0.193929,0.60515,9620000,55,59,319
chr5,9620000,0.281264,0.5915,9640000,43,55,453
chr5,9640000,0.238817,0.59185,9660000,31,22,258
chr5,9660000,0.239117,0.59535,9680000,30,31,287
chr5,9680000,0.186712,0.5885,9700000,34,31,322
chr5,9700000,0.192611,0.59545,9720000,11,13,227
chr5,9720000,0.289596,0.6004,9740000,37,34,398
chr5,9740000,0.221434,0.60015,9760000,16,8,266
chr5,9760000,0.248436,0.6023,9780000,26,32,400
chr5,9780000,0.252142,0.591,9800000,21,19,386
chr5,9800000,0.275855,0.58405,9820000,13,20,416
chr5,9820000,0.290328,0.59075,9840000,17,12,374
chr5,9840000,0.173862,0.59935,9860000,12,10,174
chr5,9860000,0.179412,0.59135,9880000,14,11,185
chr5,9880000,0.149221,0.6006,9900000,33,16,234
chr5,9900000,0.276753,0.59195,9920000,68,55,463
chr5,9920000,0.197024,0.5933,9940000,116,72,249
chr5,9940000,0.173014,0.59905,9960000,152,142,224
chr5,9960000,0.275518,0.60635,9980000,218,234,455
chr5,9980000,0.248581,0.6068,10000000,11,20,354
chr5,10000000,0.15717,0.6066,10020000,35,29,166
chr5,10020000,0.209454,0.608,10040000,51,50,345
chr5,10040000,0.222145,0.60495,10060000,19,4,335
chr5,10060000,0.243446,0.60955,10080000,29,18,328
chr5,10080000,0.137165,0.60145,10100000,26,24,229
chr5,10100000,0.204884,0.60315,10120000,18,18,294
chr5,10120000,0.205154,0.6069,10140000,9,12,271
chr5,10140000,0.325252,0.57015,10160000,75,68,383
chr5,10160000,0.317897,0.5663,10180000,102,84,279
chr5,10180000,0.377303,0.5982,10200000,365,336,839
chr5,10200000,0.109663,0.5959,10220000,44,35,138
chr5,10220000,0.132686,0.5959,10240000,19,16,217
chr5,10240000,0.23392,0.593,10260000,19,11,300
chr5,10260000,0.209718,0.5846,10280000,10,15,258
chr5,10280000,0.237777,0.5878,10300000,30,41,337
chr5,10300000,0.203035,0.60135,10320000,29,14,236
chr5,10320000,0.14841,0.6028,10340000,12,9,198
chr5,10340000,0.290568,0.59895,10360000,103,65,351
chr5,10360000,0.215012,0.5919,10380000,12,12,367
chr5,10380000,0.144277,0.59655,10400000,3,2,184
chr5,10400000,0.258284,0.59585,10420000,17,24,292
chr5,10420000,0.257285,0.594,10440000,22,20,382
chr5,10440000,0.247141,0.59995,10460000,17,20,337
chr5,10460000,0.352311,0.60195,10480000,91,79,543
chr5,10480000,0.244421,0.6025,10500000,83,42,278
chr5,10500000,0.237474,0.6021,10520000,175,182,363
chr5,10520000,0.294261,0.5992,10540000,82,70,436
chr5,10540000,0.315687,0.60125,10560000,95,54,455
chr5,10560000,0.355928,0.59685,10580000,109,88,504
chr5,10580000,0.39601,0.6008,10600000,403,483,745
chr5,10600000,0.208535,0.5998,10620000,17,13,202
chr5,10620000,0.262149,0.59985,10640000,86,78,320
chr5,10640000,0.341705,0.59775,10660000,54,31,486
chr5,10660000,0.408542,0.601,10680000,79,66,550
chr5,10680000,0.337214,0.6019,10700000,24,12,486
chr5,10700000,0.319337,0.60175,10720000,169,110,536
chr5,10720000,0.208228,0.6023,10740000,24,14,349
chr5,10740000,0.237519,0.60135,10760000,18,8,459
chr5,10760000,0.160386,0.6004,10780000,9,5,211
chr5,10780000,0.134824,0.60175,10800000,5,2,171
chr5,10800000,0.260358,0.6006,10820000,101,48,416
chr5,10820000,0.170414,0.60125,10840000,46,47,236
chr5,10840000,0.245198,0.60065,10860000,9,7,389
chr5,10860000,0.180923,0.60065,10880000,76,57,313
chr5,10880000,0.236746,0.60085,10900000,21,21,318
chr5,10900000,0.186828,0.60065,10920000,236,198,387
chr5,10920000,0.251531,0.59985,10940000,62,38,361
chr5,10940000,0.198149,0.601,10960000,57,44,211
chr5,10960000,0.304712,0.60175,10980000,37,31,515
chr5,10980000,0.204658,0.59945,11000000,20,22,303
chr5,11000000,0.244743,0.5998,11020000,85,57,440
chr5,11020000,0.190524,0.60015,11040000,23,20,213
chr5,11040000,0.839236,0.614,11060000,121,73,1686
chr5,11060000,0.999342,0.65445,11080000,161,165,2849
chr5,11080000,0.94005,0.67295,11100000,52,80,2556
chr5,11100000,0.92752,0.66535,11120000,329,166,2712
chr5,11120000,0.891142,0.6498,11140000,362,401,2390
chr5,11140000,0.828668,0.61055,11160000,50,47,1992
chr5,11160000,0.864052,0.59085,11180000,48,37,1589
chr5,11180000,0.902103,0.67405,11200000,379,228,2743
chr5,11200000,0.83304,0.64025,11220000,54,66,1786
chr5,11220000,0.921621,0.64035,11240000,153,139,2440
chr5,11240000,0.999875,0.6237,11260000,272,296,2292
chr5,11260000,0.988825,0.62155,11280000,263,286,1391
chr5,11280000,0.839353,0.54485,11300000,243,332,1280
chr5,11300000,0.723373,0.5504,11320000,443,486,1109
chr5,11320000,0.631969,0.5617,11340000,980,785,1276
chr5,11340000,0.906005,0.5642,11360000,2652,2312,2270
chr5,11360000,0.546683,0.52995,11380000,22,21,157
chr5,11380000,0.492975,0.5561,11400000,145,131,301
chr5,11400000,0.532421,0.5376,11420000,75,63,122
chr5,11420000,0.48658,0.5456,11440000,89,73,254
chr5,11440000,0.80549,0.55315,11460000,159,161,664
chr5,11460000,0.962109,0.5627,11480000,8398,7293,7288
chr5,11480000,0.922189,0.57515,11500000,6526,5514,5833
chr5,11500000,0.965054,0.66105,11520000,292,279,2015
chr5,11520000,0.807511,0.52585,11540000,57,44,1141
chr5,11540000,0.918934,0.5247,11560000,769,724,1723
chr5,11560000,0.998075,0.5937,11580000,360,321,2225
chr5,11580000,0.977708,0.5931,11600000,597,611,2273
chr5,11600000,0.973196,0.6226,11620000,662,659,2852
chr5,11620000,0.829973,0.5969,11640000,129,147,1597
chr5,11640000,0.926239,0.5893,11660000,521,576,2041
chr5,11660000,0.918045,0.55865,11680000,482,444,1858
chr5,11680000,0.838692,0.55995,11700000,233,215,1656
chr5,11700000,0.771594,0.51825,11720000,30,49,1099
chr5,11720000,0.921992,0.52605,11740000,87,100,1375
chr5,11740000,0.607573,0.563,11760000,253,254,1036
chr5,11760000,0.621047,0.55175,11780000,33,35,706
chr5,11780000,0.829586,0.52005,11800000,129,151,1289
chr5,11800000,0.887981,0.5639,11820000,808,920,2164
chr5,11820000,0.834389,0.57075,11840000,690,580,2104
chr5,11840000,0.993071,0.62755,11860000,378,392,2340
chr5,11860000,0.971679,0.62145,11880000,1822,2016,3303
chr5,11880000,0.815081,0.54115,11900000,584,526,1712
chr5,11900000,0.942527,0.6166,11920000,844,667,2715
chr5,11920000,0.998542,0.65445,11940000,161,261,2666
chr5,11940000,0.936539,0.6588,11960000,2460,1834,3927
chr5,11960000,0.645923,0.6005,11980000,2692,2206,2890
chr5,11980000,0.997742,0.6596,12000000,38,41,2581
chr5,12000000,0.998825,0.63485,12020000,76,74,1976
chr5,12020000,0.998025,0.5733,12040000,225,241,2122
chr5,12040000,0.99785,0.6388,12060000,3846,3143,5082
chr5,12060000,0.963707,0.5976,12080000,3659,3050,4150
chr5,12080000,0.991206,0.60885,12100000,663,617,2382
chr5,12100000,0.997872,0.64665,12120000,413,418,2303
chr5,12120000,0.980592,0.55675,12140000,502,513,2029
chr5,12140000,0.714819,0.607,12160000,1361,1446,2428
chr5,12160000,0.967952,0.5759,12180000,1315,1133,2819
chr5,12180000,0.981197,0.57495,12200000,206,207,2072
chr5,12200000,0.976196,0.69015,12220000,208,197,3211
chr5,12220000,1,0.6241,12240000,19,17,2167
chr5,12240000,0.972265,0.64985,12260000,216,232,2738
chr5,12260000,0.969252,0.66545,12280000,40,34,2787
chr5,12280000,0.988933,0.5995,12300000,11,18,2176
chr5,12300000,0.989678,0.67035,12320000,70,54,2775
chr5,12320000,0.915246,0.65195,12340000,291,461,2650
chr5,12340000,0.940846,0.63365,12360000,42,53,2286
chr5,12360000,0.704317,0.6053,12380000,28,31,1512
chr5,12380000,0.740687,0.65695,12400000,336,262,1974
chr5,12400000,0.971779,0.68105,12420000,673,630,3283
chr5,12420000,0.931974,0.65245,12440000,63,60,2444
chr5,12440000,0.769194,0.62425,12460000,91,79,1530
chr5,12460000,0.967125,0.6486,12480000,430,368,2633
chr5,12480000,1,0.6378,12500000,139,142,2439
chr5,12500000,0.9962,0.6482,12520000,325,193,2786
chr5,12520000,0.990075,0.63175,12540000,251,130,2386
chr5,12540000,1,0.6047,12560000,64,62,2384
chr5,12560000,0.982217,0.687,12580000,62,70,3137
chr5,12580000,1,0.6624,12600000,26,37,2622
chr5,12600000,0.991867,0.6439,12620000,74,114,2359
chr5,12620000,0.973171,0.66785,12640000,197,169,2881
chr5,12640000,0.904221,0.6488,12660000,1346,1441,2780
chr5,12660000,0.889887,0.6348,12680000,96,95,2215
chr5,12680000,0.991481,0.6356,12700000,57,59,2410
chr5,12700000,0.978872,0.61385,12720000,788,956,2568
chr5,12720000,0.935717,0.65015,12740000,282,322,2712
chr5,12740000,0.987587,0.65125,12760000,264,275,2917
chr5,12760000,0.986942,0.6034,12780000,269,231,2518
chr5,12780000,0.979275,0.68075,12800000,15,28,2895
chr5,12800000,0.974609,0.66215,12820000,89,99,2523
chr5,12820000,0.976258,0.6398,12840000,205,233,2494
chr5,12840000,0.980453,0.6311,12860000,925,797,3229
chr5,12860000,0.910848,0.61415,12880000,21,24,2042
chr5,12880000,0.96755,0.62725,12900000,84,88,2402
chr5,12900000,0.924056,0.6262,12920000,2540,2225,3976
chr5,12920000,0.995086,0.63645,12940000,35,50,2444
chr5,12940000,1,0.6452,12960000,72,135,2450
chr5,12960000,0.923977,0.62175,12980000,420,401,2543
chr5,12980000,0.923644,0.6793,13000000,375,317,2959
chr5,13000000,0.909431,0.6462,13020000,1961,1606,4098
chr5,13020000,1,0.66155,13040000,46,74,2613
chr5,13040000,0.99855,0.67295,13060000,320,223,3237
chr5,13060000,0.987725,0.67935,13080000,90,75,3125
chr5,13080000,0.970424,0.63765,13100000,118,103,2405
chr5,13100000,0.975743,0.6181,13120000,59,61,2245
chr5,13120000,0.878049,0.65205,13140000,625,414,2658
chr5,13140000,0.940534,0.65165,13160000,104,165,2254
chr5,13160000,0.837793,0.65745,13180000,66,86,2609
chr5,13180000,0.99435,0.69955,13200000,1770,1886,4817
chr5,13200000,0.981458,0.66905,13220000,28,24,2799
chr5,13220000,0.990675,0.63475,13240000,45,36,2650
chr5,13240000,0.975423,0.6449,13260000,655,607,2622
chr5,13260000,1,0.68225,13280000,702,1054,3500
chr5,13280000,0.992899,0.59445,13300000,51,61,2128
chr5,13300000,1,0.6411,13320000,53,70,2703
chr5,13320000,0.999975,0.5985,13340000,107,131,2404
chr5,13340000,1,0.6407,13360000,70,63,2407
chr5,13360000,0.970032,0.66415,13380000,211,166,2728
chr5,13380000,0.93915,0.6032,13400000,517,421,2401
chr5,13400000,0.961617,0.67135,13420000,821,1114,3375
chr5,13420000,0.989,0.6541,13440000,577,697,2839
chr5,13440000,0.980125,0.6298,13460000,551,731,2385
chr5,13460000,0.991942,0.6263,13480000,103,117,2393
chr5,13480000,0.999417,0.66435,13500000,24,30,2949
chr5,13500000,0.999425,0.6622,13520000,148,180,2869
chr5,13520000,0.983781,0.66265,13540000,27,40,2483
chr5,13540000,0.947733,0.65915,13560000,477,402,2587
chr5,13560000,0.973625,0.67565,13580000,97,120,2911
chr5,13580000,0.854066,0.6811,13600000,108,65,2576
chr5,13600000,0.979242,0.65335,13620000,397,250,2729
chr5,13620000,0.967542,0.6765,13640000,53,46,2719
chr5,13640000,0.970069,0.6301,13660000,49,46,2251
chr5,13660000,0.85019,0.6178,13680000,48,48,1966
chr5,13680000,0.831011,0.68855,13700000,321,256,2317
chr5,13700000,0.921497,0.6404,13720000,36,25,2256
chr5,13720000,0.81057,0.57005,13740000,31,27,1718
chr5,13740000,0.981893,0.7289,13760000,506,408,3705
chr5,13760000,0.872857,0.62815,13780000,444,543,2227
chr5,13780000,0.99465,0.64225,13800000,544,715,2692
chr5,13800000,1,0.65615,13820000,29,49,2748
chr5,13820000,0.980704,0.7126,13840000,39,42,3288
chr5,13840000,0.996437,0.64985,13860000,76,81,2743
chr5,13860000,0.99728,0.68275,13880000,67,64,3012
chr5,13880000,1,0.5954,13900000,88,91,2313
chr5,13900000,0.999833,0.6383,13920000,625,909,2590
chr5,13920000,0.999967,0.60985,13940000,155,150,2410
chr5,13940000,0.993757,0.6751,13960000,47,88,2825
chr5,13960000,0.968086,0.5966,13980000,141,132,2444
chr5,13980000,0.99855,0.6506,14000000,28,17,2653
chr5,14000000,0.9976,0.68295,14020000,76,81,3096
chr5,14020000,0.924671,0.62655,14040000,19,24,2211
chr5,14040000,0.893404,0.63945,14060000,57,51,2285
chr5,14060000,0.955394,0.65425,14080000,84,69,2712
chr5,14080000,0.888705,0.6198,14100000,497,477,2513
chr5,14100000,0.973558,0.6563,14120000,712,660,3123
chr5,14120000,0.9988,0.69375,14140000,76,78,3230
chr5,14140000,0.985961,0.6584,14160000,90,115,2734
chr5,14160000,0.971894,0.6612,14180000,25,15,2521
chr5,14180000,1,0.65885,14200000,183,292,2863
chr5,14200000,1,0.62605,14220000,537,1938,2534
chr5,14220000,0.994458,0.6554,14240000,30,1281,2478
chr5,14240000,0.9846,0.653,14260000,8,1211,2580
chr5,14260000,0.956125,0.64125,14280000,76,1239,2566
chr5,14280000,1,0.65235,14300000,799,2047,3018
chr5,14300000,1,0.6439,14320000,645,1861,2791
chr5,14320000,0.862335,0.6558,14340000,75,1046,2255
chr5,14340000,0.99645,0.62965,14360000,32,1266,2387
chr5,14360000,0.912174,0.67795,14380000,23,1148,2553
chr5,14380000,0.997673,0.67495,14400000,24,1459,2998
chr5,14400000,0.948108,0.66805,14420000,46,1227,2764
chr5,14420000,0.993225,0.65595,14440000,11,1168,2452
chr5,14440000,0.9995,0.6285,14460000,169,1176,2115
chr5,14460000,0.295409,0.62725,14480000,559,631,469
chr5,14480000,0.547459,0.6819,14500000,1067,1210,1526
chr5,14500000,0.996933,0.6937,14520000,1263,2209,3399
chr5,14520000,0.989605,0.68345,14540000,461,995,1674
chr5,14540000,0.868733,0.60365,14560000,334,769,1140
chr5,14560000,0.997283,0.6652,14580000,125,1367,2810
chr5,14580000,0.989663,0.6675,14600000,189,1461,2859
chr5,14600000,0.904954,0.6259,14620000,542,1599,2635
chr5,14620000,0.989925,0.65125,14640000,162,1537,2784
chr5,14640000,0.975019,0.67915,14660000,27,1213,2744
chr5,14660000,0.999725,0.6618,14680000,31,1335,2785
chr5,14680000,0.846891,0.6133,14700000,7,732,1507
chr5,14700000,0.934642,0.66175,14720000,75,1068,2226
chr5,14720000,0.785135,0.5781,14740000,97,849,1603
chr5,14740000,0.828702,0.6496,14760000,64,811,1653
chr5,14760000,0.984909,0.67965,14780000,25,1235,2740
chr5,14780000,1,0.6587,14800000,663,1607,2843
chr5,14800000,0.997308,0.649,14820000,401,1145,2167
chr5,14820000,0.973797,0.66795,14840000,218,1302,2488
chr5,14840000,1,0.65985,14860000,2243,3918,4726
chr5,14860000,1,0.616,14880000,3077,4630,4718
chr5,14880000,0.952758,0.67355,14900000,75,1276,2682
chr5,14900000,0.912237,0.63865,14920000,33,1060,2094
chr5,14920000,0.875604,0.6229,14940000,15,1015,1934
chr5,14940000,1,0.6394,14960000,228,1504,2372
chr5,14960000,0.989517,0.6417,14980000,37,1229,2471
chr5,14980000,1,0.63565,15000000,30,1102,2376
chr5,15000000,0.970817,0.6172,15020000,68,1145,2187
chr5,15020000,0.99655,0.6174,15040000,37,1072,2148
chr5,15040000,0.999888,0.62955,15060000,71,1253,2394
chr5,15060000,0.971267,0.6111,15080000,33,1093,2110
chr5,15080000,0.989758,0.6536,15100000,16,1248,2630
chr5,15100000,0.28832,0.6731,15120000,11,366,853
chr5,15120000,0.445805,0.7041,15140000,882,1300,2267
chr5,15140000,0.849728,0.6357,15160000,76,1054,2205
chr5,15160000,0.964,0.6611,15180000,87,1306,2818
chr5,15180000,0.991,0.62835,15200000,110,1185,2321
chr5,15200000,1,0.60885,15220000,8,1101,2019
chr5,15220000,0.814737,0.70215,15240000,66,989,2230
chr5,15240000,0.938855,0.64735,15260000,15,1031,2220
chr5,15260000,0.997934,0.62415,15280000,16,1139,2269
chr5,15280000,0.961758,0.6284,15300000,32,1114,2202
chr5,15300000,0.949573,0.64905,15320000,336,1602,2654
chr5,15320000,0.999525,0.66985,15340000,92,1476,2837
chr5,15340000,0.996088,0.6347,15360000,202,1565,2432
chr5,15360000,0.996137,0.6786,15380000,615,1960,3211
chr5,15380000,0.963742,0.5992,15400000,9,924,2086
chr5,15400000,0.953192,0.58835,15420000,32,947,1957
chr5,15420000,0.986684,0.6919,15440000,17,1458,3128
chr5,15440000,0.953983,0.684,15460000,29,1109,2680
chr5,15460000,0.931708,0.66465,15480000,293,1314,2669
chr5,15480000,0.9714,0.64885,15500000,24,1188,2258
chr5,15500000,0.959762,0.64775,15520000,125,783,2028
chr5,15520000,1,0.6378,15540000,280,1167,2059
chr5,15540000,0.985857,0.70555,15560000,31,1416,3066
chr5,15560000,1,0.63645,15580000,4,1210,2364
chr5,15580000,1,0.6442,15600000,16,1270,2518
chr5,15600000,0.950042,0.64755,15620000,8,1105,2151
chr5,15620000,0.93295,0.62325,15640000,25,957,1789
chr5,15640000,0.993442,0.6486,15660000,15,1226,2399
chr5,15660000,0.975205,0.6312,15680000,31,1097,2454
chr5,15680000,0.97101,0.6451,15700000,105,1248,2449
chr5,15700000,0.995116,0.61075,15720000,141,1091,2186
chr5,15720000,0.982366,0.6552,15740000,8,1081,2500
chr5,15740000,0.810601,0.6432,15760000,171,1181,2179
chr5,15760000,0.84403,0.63505,15780000,33,954,2307
chr5,15780000,0.944701,0.6173,15800000,33,974,2023
chr5,15800000,0.92993,0.6255,15820000,10,843,1783
chr5,15820000,0.99277,0.6338,15840000,17,1110,2213
chr5,15840000,0.984517,0.6573,15860000,35,1079,2433
chr5,15860000,0.99735,0.6419,15880000,9,1047,1974
chr5,15880000,0.907424,0.61005,15900000,8,899,1726
chr5,15900000,0.925358,0.6795,15920000,146,1159,2685
chr5,15920000,0.9994,0.6532,15940000,199,1324,2428
chr5,15940000,0.979187,0.62685,15960000,37,1163,2098
chr5,15960000,1,0.63375,15980000,15,1191,2270
chr5,15980000,0.975296,0.6614,16000000,7,1064,2643
chr5,16000000,0.99865,0.59515,16020000,14,1026,2021
chr5,16020000,0.9938,0.6346,16040000,23,1102,2320
chr5,16040000,0.998908,0.64685,16060000,18,1211,2373
chr5,16060000,0.997376,0.6732,16080000,78,1401,2872
chr5,16080000,0.9841,0.6435,16100000,9,1197,2510
chr5,16100000,0.959125,0.6261,16120000,16,1096,2093
chr5,16120000,1,0.6229,16140000,9,1061,2025
chr5,16140000,1,0.6284,16160000,394,1558,2401
chr5,16160000,0.945118,0.665,16180000,27,1149,2680
chr5,16180000,0.939787,0.6684,16200000,144,1322,2742
chr5,16200000,1,0.61185,16220000,16,1059,2089
chr5,16220000,0.999675,0.6485,16240000,24,1193,2437
chr5,16240000,1,0.62055,16260000,53,1161,2255
chr5,16260000,0.998583,0.66015,16280000,696,1269,2460
chr5,16280000,0.99965,0.62675,16300000,1136,1186,2376
chr5,16300000,0.946933,0.59725,16320000,802,934,1710
chr5,16320000,0.905542,0.633,16340000,814,928,1967
chr5,16340000,0.915114,0.59725,16360000,796,861,1832
chr5,16360000,0.983104,0.6771,16380000,1289,1349,2816
chr5,16380000,0.97735,0.68695,16400000,1295,1213,2741
chr5,16400000,1,0.6403,16420000,1155,1186,2281
chr5,16420000,0.983396,0.62915,16440000,952,1014,2041
chr5,16440000,0.95115,0.6344,16460000,913,888,1782
chr5,16460000,0.996067,0.67555,16480000,1388,1332,1476
chr5,16480000,0.983244,0.6493,16500000,1127,1193,1222
chr5,16500000,0.990025,0.64495,16520000,1362,1307,1330
chr5,16520000,1,0.66435,16540000,1195,1221,1310
chr5,16540000,0.980367,0.6509,16560000,1092,1193,1208
chr5,16560000,0.807,0.62595,16580000,637,652,771
chr5,16580000,0.977744,0.6373,16600000,1104,1152,1121
chr5,16600000,0.996675,0.6127,16620000,931,1031,974
chr5,16620000,0.974608,0.63005,16640000,1113,1125,1182
chr5,16640000,0.971717,0.64995,16660000,1357,1472,1554
chr5,16660000,0.9748,0.63725,16680000,1009,1052,1171
chr5,16680000,0.985,0.64145,16700000,1114,1204,1181
chr5,16700000,0.98605,0.63145,16720000,1134,1111,1176
chr5,16720000,0.973015,0.686,16740000,2752,2695,2962
chr5,16740000,0.985788,0.66565,16760000,1214,1299,1351
chr5,16760000,0.999725,0.6199,16780000,1008,1071,1107
chr5,16780000,0.987343,0.65965,16800000,1515,1436,1516
chr5,16800000,0.99795,0.62375,16820000,1595,1523,1502
chr5,16820000,0.999925,0.65815,16840000,1223,1278,1308
chr5,16840000,0.988467,0.6514,16860000,1215,1193,1285
chr5,16860000,0.985708,0.668,16880000,1353,1312,1385
chr5,16880000,0.85943,0.6412,16900000,945,1034,1031
chr5,16900000,0.989234,0.63385,16920000,1158,1215,1196
chr5,16920000,0.99605,0.6717,16940000,1306,1296,1450
chr5,16940000,0.996075,0.6655,16960000,1329,1334,1287
chr5,16960000,0.983733,0.64475,16980000,1110,1104,1149
chr5,16980000,0.982358,0.63195,17000000,1047,1091,1124
chr5,17000000,0.997673,0.65315,17020000,1218,1296,1269
chr5,17020000,0.993045,0.62995,17040000,1073,1116,1084
chr5,17040000,1,0.67495,17060000,1246,1402,1390
chr5,17060000,0.981583,0.6226,17080000,1051,1087,1136
chr5,17080000,0.984583,0.61555,17100000,764,794,881
chr5,17100000,0.927899,0.65485,17120000,1097,1116,1286
chr5,17120000,0.96035,0.60485,17140000,1121,1125,1160
chr5,17140000,0.986472,0.65405,17160000,1132,1147,1148
chr5,17160000,0.969961,0.59015,17180000,930,950,1011
chr5,17180000,0.999275,0.66475,17200000,1190,1304,1355
chr5,17200000,0.9942,0.642,17220000,1081,1156,1193
chr5,17220000,0.992666,0.6761,17240000,1286,1284,1416
chr5,17240000,0.998325,0.6875,17260000,1468,1278,1624
chr5,17260000,0.981408,0.64295,17280000,1135,1179,1242
chr5,17280000,0.9952,0.64665,17300000,1159,1161,1166
chr5,17300000,0.920488,0.69795,17320000,1409,1255,1494
chr5,17320000,1,0.6556,17340000,1142,1211,1176
chr5,17340000,1,0.65975,17360000,1174,1130,1155
chr5,17360000,0.992748,0.6571,17380000,1262,1250,1348
chr5,17380000,0.981903,0.65725,17400000,1188,1212,1270
chr5,17400000,1,0.6219,17420000,1036,1237,1098
chr5,17420000,0.978015,0.6804,17440000,1641,1399,1726
chr5,17440000,0.949398,0.64715,17460000,1187,1184,1266
chr5,17460000,0.930354,0.62725,17480000,1006,1026,1161
chr5,17480000,0.98085,0.63185,17500000,1040,1116,1068
chr5,17500000,0.994933,0.66515,17520000,1248,1335,1384
chr5,17520000,0.990267,0.64685,17540000,1681,1504,1640
chr5,17540000,1,0.61675,17560000,862,929,944
chr5,17560000,0.92912,0.61205,17580000,927,973,1000
chr5,17580000,0.987575,0.605,17600000,996,972,999
chr5,17600000,0.996596,0.6067,17620000,903,991,1050
chr5,17620000,0.9996,0.64735,17640000,1122,1144,1289
chr5,17640000,0.981059,0.63375,17660000,1012,1046,1113
chr5,17660000,1,0.59365,17680000,909,912,880
chr5,17680000,0.995039,0.64565,17700000,1212,1273,1264
chr5,17700000,0.982053,0.63365,17720000,1060,1108,1134
chr5,17720000,0.997528,0.64625,17740000,1190,1170,1268
chr5,17740000,0.991811,0.6517,17760000,1146,1156,1243
chr5,17760000,0.994348,0.6371,17780000,1141,997,1186
chr5,17780000,1,0.62665,17800000,1071,1100,1041
chr5,17800000,1,0.64645,17820000,1108,1174,1105
chr5,17820000,0.993825,0.63345,17840000,1095,1150,1241
chr5,17840000,0.973626,0.67305,17860000,1482,1494,1554
chr5,17860000,1,0.61735,17880000,1018,1135,1027
chr5,17880000,0.994942,0.63095,17900000,2984,3510,2978
chr5,17900000,0.985854,0.61735,17920000,1457,1716,1467
chr5,17920000,1,0.61035,17940000,919,1047,965
chr5,17940000,1,0.62295,17960000,1043,1106,1029
chr5,17960000,1,0.6081,17980000,916,1052,962
chr5,17980000,1,0.6106,18000000,963,1057,932
chr5,18000000,0.941996,0.62675,18020000,870,967,906
chr5,18020000,0.897515,0.6367,18040000,967,1025,1070
chr5,18040000,1,0.637,18060000,1126,1194,1163
chr5,18060000,0.999675,0.66185,18080000,1113,1183,1319
chr5,18080000,0.927101,0.63665,18100000,1031,931,1068
chr5,18100000,0.975071,0.651,18120000,1199,1194,1222
chr5,18120000,0.996826,0.6612,18140000,1649,1970,1716
chr5,18140000,0.987831,0.65085,18160000,1157,1177,1244
chr5,18160000,0.961637,0.6265,18180000,962,1045,993
chr5,18180000,0.9433,0.663,18200000,1151,1112,1228
chr5,18200000,1,0.6394,18220000,1165,1212,1164
chr5,18220000,0.9995,0.65605,18240000,1244,1193,1269
chr5,18240000,1,0.6623,18260000,1298,1286,1365
chr5,18260000,0.999292,0.66165,18280000,1249,1243,1242
chr5,18280000,0.997292,0.63695,18300000,1123,1241,1184
chr5,18300000,0.988217,0.6457,18320000,1231,1213,1240
chr5,18320000,0.991815,0.63115,18340000,1046,1170,1118
chr5,18340000,0.899734,0.62995,18360000,982,974,1012
chr5,18360000,0.988725,0.6524,18380000,1172,1109,1284
chr5,18380000,0.895562,0.6324,18400000,813,851,918
chr5,18400000,0.999425,0.62135,18420000,1046,1121,1049
chr5,18420000,0.977742,0.6379,18440000,1197,1096,1210
chr5,18440000,0.976942,0.6733,18460000,1210,1249,1383
chr5,18460000,0.989533,0.6512,18480000,1148,1211,1232
chr5,18480000,1,0.62955,18500000,1919,2259,1591
chr5,18500000,1,0.60875,18520000,942,1098,1031
chr5,18520000,0.977367,0.64985,18540000,1228,1263,1197
chr5,18540000,1,0.6121,18560000,971,1004,1032
chr5,18560000,0.9997,0.64665,18580000,1174,1130,1224
chr5,18580000,1,0.6234,18600000,3046,3527,2882
chr5,18600000,1,0.6416,18620000,1094,1163,1203
chr5,18620000,0.9953,0.6313,18640000,1013,1131,1185
chr5,18640000,0.9988,0.63355,18660000,1156,1274,1149
chr5,18660000,1,0.62615,18680000,1030,1152,1049
chr5,18680000,0.901377,0.63365,18700000,1208,1193,1274
chr5,18700000,1,0.6446,18720000,1180,1211,1175
chr5,18720000,0.995467,0.64365,18740000,1122,1184,1214
chr5,18740000,0.977008,0.6639,18760000,1116,1184,1261
chr5,18760000,0.992792,0.64485,18780000,1168,1124,1214
chr5,18780000,0.99465,0.63425,18800000,1134,1120,1160
chr5,18800000,1,0.6391,18820000,1161,1140,1164
chr5,18820000,1,0.6219,18840000,971,1149,1056
chr5,18840000,0.987207,0.6323,18860000,1282,1325,1254
chr5,18860000,1,0.62625,18880000,967,987,935
chr5,18880000,0.98553,0.6553,18900000,1104,1214,1248
chr5,18900000,1,0.6282,18920000,1010,999,1004
chr5,18920000,1,0.61805,18940000,927,966,949
chr5,18940000,0.969255,0.61525,18960000,842,962,949
chr5,18960000,0.974386,0.61735,18980000,1426,1604,1496
chr5,18980000,0.9949,0.61765,19000000,1048,1133,1114
chr5,19000000,1,0.615,19020000,1015,1067,1085
chr5,19020000,1,0.6181,19040000,938,1024,1011
chr5,19040000,0.999925,0.6342,19060000,1088,1092,1091
chr5,19060000,0.974266,0.6437,19080000,1143,1063,1272
chr5,19080000,0.9906,0.63545,19100000,1077,1080,1154
chr5,19100000,0.99835,0.63865,19120000,1377,1312,1306
chr5,19120000,0.998265,0.6486,19140000,1071,1078,1124
chr5,19140000,0.9987,0.6263,19160000,1058,1118,1104
chr5,19160000,0.996308,0.63845,19180000,1157,1140,1141
chr5,19180000,0.9996,0.6536,19200000,1013,1030,1113
chr5,19200000,0.99775,0.65445,19220000,1193,1185,1218
chr5,19220000,0.982469,0.6302,19240000,983,1021,1121
chr5,19240000,1,0.6161,19260000,994,1088,1001
chr5,19260000,0.980067,0.6314,19280000,1035,1088,1064
chr5,19280000,0.95585,0.60685,19300000,979,1130,1022
chr5,19300000,0.912572,0.6156,19320000,1200,1189,1275
chr5,19320000,0.980875,0.6544,19340000,1131,1100,1176
chr5,19340000,0.935685,0.614,19360000,907,861,1001
chr5,19360000,0.989575,0.6851,19380000,1760,1712,1962
chr5,19380000,0.999767,0.64315,19400000,1144,1158,1229
chr5,19400000,0.997117,0.6311,19420000,3584,5368,3264
chr5,19420000,1,0.6351,19440000,1079,1157,1124
chr5,19440000,1,0.6557,19460000,1134,1218,1265
chr5,19460000,0.973024,0.6262,19480000,977,1083,1089
chr5,19480000,0.99862,0.65525,19500000,1403,1495,1384
chr5,19500000,0.865367,0.6151,19520000,896,848,968
chr5,19520000,0.997358,0.65015,19540000,1094,1157,1187
chr5,19540000,0.991367,0.6488,19560000,1110,1093,1161
chr5,19560000,0.868497,0.64855,19580000,927,930,1071
chr5,19580000,0.916903,0.63275,19600000,1930,1966,1991
chr5,19600000,0.95775,0.6152,19620000,864,1014,1011
chr5,19620000,0.995275,0.67395,19640000,1302,1363,1352
chr5,19640000,0.9986,0.61505,19660000,999,1045,974
chr5,19660000,1,0.65,19680000,1109,1214,1228
chr5,19680000,1,0.64085,19700000,1149,1200,1134
chr5,19700000,1,0.66275,19720000,1203,1278,1259
chr5,19720000,0.978893,0.6466,19740000,1368,1413,1417
chr5,19740000,1,0.62235,19760000,1001,1088,1056
chr5,19760000,0.970213,0.6347,19780000,977,1104,1060
chr5,19780000,0.98397,0.6132,19800000,1006,1098,1065
chr5,19800000,0.994608,0.64445,19820000,1083,1207,1199
chr5,19820000,0.996196,0.6531,19840000,1063,1173,1087
chr5,19840000,0.999575,0.6299,19860000,988,1106,1029
chr5,19860000,0.996954,0.62875,19880000,1089,1148,1132
chr5,19880000,0.977456,0.65655,19900000,1231,1235,1332
chr5,19900000,0.96842,0.6285,19920000,1003,1091,946
chr5,19920000,0.955967,0.60985,19940000,918,986,877
chr5,19940000,0.9998,0.6146,19960000,859,815,896
chr5,19960000,0.9888,0.64415,19980000,1019,1044,1114
chr5,19980000,0.999825,0.62365,20000000,1199,1457,1194
chr5,20000000,0.999825,0.6171,20020000,1023,1129,988
chr5,20020000,0.992267,0.64045,20040000,1439,1744,1440
chr5,20040000,1,0.64065,20060000,1052,1029,1141
chr5,20060000,1,0.6149,20080000,938,1064,1020
chr5,20080000,0.981858,0.6529,20100000,1253,1344,1375
chr5,20100000,0.98755,0.61675,20120000,968,981,894
chr5,20120000,0.984442,0.64805,20140000,1051,1162,1231
chr5,20140000,0.95075,0.67035,20160000,1125,1136,1185
chr5,20160000,1,0.63885,20180000,1493,1463,1425
chr5,20180000,0.99675,0.62995,20200000,1092,1079,1176
chr5,20200000,0.902933,0.59715,20220000,786,853,890
chr5,20220000,0.976623,0.62545,20240000,955,1124,1055
chr5,20240000,0.971384,0.63705,20260000,1781,2012,1837
chr5,20260000,1,0.6318,20280000,1571,1878,1668
chr5,20280000,0.996597,0.62495,20300000,933,988,1001
chr5,20300000,0.99785,0.66855,20320000,1315,1325,1448
chr5,20320000,1,0.62805,20340000,1038,1086,986
chr5,20340000,0.995625,0.63035,20360000,940,1098,1030
chr5,20360000,0.998658,0.64245,20380000,1060,1133,1099
chr5,20380000,0.953553,0.66825,20400000,1485,1380,1535
chr5,20400000,1,0.61085,20420000,934,1028,957
chr5,20420000,0.992608,0.61765,20440000,909,1027,997
chr5,20440000,1,0.64305,20460000,873,1027,949
chr5,20460000,0.994996,0.68945,20480000,1877,1295,1761
chr5,20480000,0.99785,0.6212,20500000,1214,1225,1243
chr5,20500000,0.91827,0.61495,20520000,767,821,960
chr5,20520000,0.989656,0.63695,20540000,964,1082,1074
chr5,20540000,0.991906,0.6314,20560000,995,1048,1070
chr5,20560000,0.988325,0.61445,20580000,904,955,1003
chr5,20580000,0.987738,0.6451,20600000,1149,1185,1184
chr5,20600000,0.9962,0.65785,20620000,1238,1253,1369
chr5,20620000,0.9998,0.6444,20640000,1115,1078,1189
chr5,20640000,0.959604,0.64685,20660000,1177,1141,1177
chr5,20660000,1,0.6428,20680000,1094,1094,1147
chr5,20680000,1,0.6793,20700000,1243,1307,1374
chr5,20700000,0.996191,0.6439,20720000,1090,1069,1159
chr5,20720000,1,0.63605,20740000,1038,1135,985
chr5,20740000,1,0.64235,20760000,1052,1092,1097
chr5,20760000,0.98714,0.633,20780000,956,1027,1011
chr5,20780000,0.998421,0.62125,20800000,1056,1073,1167
chr5,20800000,0.764975,0.61325,20820000,541,621,597
chr5,20820000,0.858025,0.6086,20840000,640,725,655
chr5,20840000,0.9922,0.6495,20860000,1206,1264,1349
chr5,20860000,0.995942,0.63445,20880000,1022,1031,1172
chr5,20880000,0.999,0.6281,20900000,1220,1217,1367
chr5,20900000,0.999062,0.64255,20920000,1170,1217,1242
chr5,20920000,0.959103,0.6399,20940000,995,1037,996
chr5,20940000,0.968197,0.63725,20960000,1097,1059,1130
chr5,20960000,0.999575,0.63365,20980000,1029,1094,1107
chr5,20980000,0.96925,0.60045,21000000,752,914,826
chr5,21000000,0.9634,0.60755,21020000,1766,2139,1710
chr5,21020000,0.965473,0.6589,21040000,1256,1327,1327
chr5,21040000,1,0.6177,21060000,882,1086,957
chr5,21060000,1,0.639,21080000,1060,1042,1165
chr5,21080000,0.980501,0.6319,21100000,1094,1018,1112
chr5,21100000,0.98952,0.6516,21120000,1064,1091,1210
chr5,21120000,0.99475,0.63175,21140000,1060,1083,1081
chr5,21140000,0.988078,0.6507,21160000,1108,1116,1254
chr5,21160000,0.997908,0.64015,21180000,1138,1155,1133
chr5,21180000,0.922466,0.6558,21200000,1216,1187,1212
chr5,21200000,0.869856,0.63555,21220000,790,856,861
chr5,21220000,0.974929,0.6215,21240000,814,815,1036
chr5,21240000,0.957781,0.65135,21260000,925,968,1074
chr5,21260000,0.9549,0.62755,21280000,856,972,1008
chr5,21280000,0.999875,0.61835,21300000,941,946,999
chr5,21300000,0.955608,0.6604,21320000,1125,983,1085
chr5,21320000,0.987275,0.6259,21340000,1260,1391,1177
chr5,21340000,1,0.65285,21360000,1198,1097,1197
chr5,21360000,0.943704,0.59275,21380000,941,931,872
chr5,21380000,0.942357,0.59055,21400000,793,792,859
chr5,21400000,0.997953,0.64095,21420000,2182,2140,1904
chr5,21420000,0.973472,0.6488,21440000,1185,1221,1269
chr5,21440000,0.99955,0.65645,21460000,1155,1191,1267
chr5,21460000,1,0.6692,21480000,1395,1224,1334
chr5,21480000,0.992614,0.64385,21500000,1005,1054,1100
chr5,21500000,0.997467,0.62585,21520000,996,1128,1071
chr5,21520000,0.782225,0.62945,21540000,909,787,1023
chr5,21540000,0.865981,0.636,21560000,1658,1202,1565
chr5,21560000,0.787662,0.63355,21580000,935,889,1085
chr5,21580000,0.966096,0.65905,21600000,1103,1136,1184
chr5,21600000,0.935025,0.65395,21620000,1194,1198,1262
chr5,21620000,0.980287,0.687,21640000,1382,1332,1487
chr5,21640000,1,0.63895,21660000,1281,1154,1242
chr5,21660000,0.984672,0.63965,21680000,1046,1090,1160
chr5,21680000,1,0.62545,21700000,1051,1083,1182
chr5,21700000,0.9515,0.6152,21720000,924,923,930
chr5,21720000,1,0.6152,21740000,956,991,930
chr5,21740000,1,0.6266,21760000,1048,1049,1039
chr5,21760000,0.947971,0.6504,21780000,1037,1101,1177
chr5,21780000,0.96135,0.63725,21800000,7023,9415,8104
chr5,21800000,0.9954,0.5989,21820000,14217,22572,15356
chr5,21820000,1,0.64485,21840000,1157,1200,1226
chr5,21840000,0.955582,0.6696,21860000,1935,1894,1811
chr5,21860000,1,0.6433,21880000,1223,1318,1303
chr5,21880000,0.981875,0.6506,21900000,1066,1072,1149
chr5,21900000,0.990823,0.64845,21920000,1136,1195,1285
chr5,21920000,1,0.60905,21940000,845,869,902
chr5,21940000,1,0.63085,21960000,886,983,1022
chr5,21960000,0.996725,0.62435,21980000,1008,1004,1066
chr5,21980000,0.95718,0.6321,22000000,908,933,1014
chr5,22000000,0.997975,0.60685,22020000,870,880,926
chr5,22020000,0.964812,0.6478,22040000,1041,1020,1158
chr5,22040000,0.9992,0.6347,22060000,1095,1123,1101
chr5,22060000,1,0.6324,22080000,1170,1135,1146
chr5,22080000,0.985779,0.67005,22100000,2542,2517,2510
chr5,22100000,0.971428,0.6601,22120000,2362,2316,2626
chr5,22120000,1,0.61775,22140000,1867,2092,1906
chr5,22140000,0.989175,0.6712,22160000,2605,2594,2849
chr5,22160000,1,0.6457,22180000,1892,2002,2189
chr5,22180000,0.99865,0.6373,22200000,2116,2132,2293
chr5,22200000,0.790467,0.61875,22220000,1105,1137,1227
chr5,22220000,0.884143,0.6582,22240000,2321,2138,2358
chr5,22240000,0.640632,0.60585,22260000,912,973,931
chr5,22260000,0.960398,0.638,22280000,1972,2017,2075
chr5,22280000,0.992514,0.6347,22300000,2083,2181,2132
chr5,22300000,0.97366,0.6429,22320000,2730,2592,2663
chr5,22320000,0.9866,0.65265,22340000,2033,2135,2322
chr5,22340000,0.970303,0.6304,22360000,1988,2022,2225
chr5,22360000,0.99375,0.6648,22380000,2364,2264,2626
chr5,22380000,0.793858,0.60945,22400000,1372,1532,1698
chr5,22400000,0.966126,0.6339,22420000,1882,1902,2011
chr5,22420000,1,0.6053,22440000,1794,2024,2016
chr5,22440000,0.980654,0.6495,22460000,2440,2356,2695
chr5,22460000,1,0.6715,22480000,2736,2498,2795
chr5,22480000,0.996858,0.69565,22500000,2925,2712,3072
chr5,22500000,0.996675,0.6607,22520000,2544,2451,2770
chr5,22520000,0.973833,0.6473,22540000,2128,2077,2299
chr5,22540000,0.980492,0.6457,22560000,1675,1656,1810
chr5,22560000,0.896098,0.6109,22580000,1535,1624,1686
chr5,22580000,0.964839,0.66925,22600000,2565,2447,2855
chr5,22600000,0.898042,0.63375,22620000,6056,5341,4137
chr5,22620000,0.985887,0.62315,22640000,1960,2027,2133
chr5,22640000,0.915073,0.64455,22660000,2082,2081,2098
chr5,22660000,0.972722,0.6207,22680000,1828,2028,1928
chr5,22680000,0.998008,0.64375,22700000,2260,2314,2217
chr5,22700000,0.99635,0.61425,22720000,1756,2061,1989
chr5,22720000,0.709775,0.69225,22740000,1423,1391,1530
chr5,22740000,0.985225,0.6309,22760000,2067,1977,2154
chr5,22760000,1,0.65335,22780000,2560,2368,2561
chr5,22780000,0.988875,0.6435,22800000,2185,2330,2289
chr5,22800000,1,0.63195,22820000,2120,2282,2246
chr5,22820000,0.99125,0.6592,22840000,2439,2355,2509
chr5,22840000,0.877676,0.61435,22860000,1613,1714,1927
chr5,22860000,0.97987,0.63335,22880000,1987,2036,2079
chr5,22880000,1,0.65435,22900000,2788,2607,2890
chr5,22900000,0.9221,0.61545,22920000,1665,1740,1790
chr5,22920000,0.919534,0.6084,22940000,2138,2181,2091
chr5,22940000,0.974736,0.6634,22960000,2211,2296,2433
chr5,22960000,0.993783,0.65945,22980000,2735,2594,2914
chr5,22980000,0.990869,0.63555,23000000,2194,2331,2360
chr5,23000000,1,0.6011,23020000,1697,1894,1792
chr5,23020000,0.99545,0.6086,23040000,2018,2105,1966
chr5,23040000,0.996373,0.64765,23060000,2431,2386,2592
chr5,23060000,0.982173,0.6393,23080000,2133,2263,2428
chr5,23080000,1,0.58665,23100000,1653,1882,1720
chr5,23100000,0.992087,0.59625,23120000,1964,1902,2130
chr5,23120000,1,0.56655,23140000,1391,1621,1520
chr5,23140000,0.775062,0.5375,23160000,1034,1057,1183
chr5,23160000,0.976998,0.5841,23180000,1418,1476,1572
chr5,23180000,0.73365,0.57585,23200000,806,820,954
chr6,0,0.894822,0.58095,20000,2230,1694,2526
chr6,20000,0.98815,0.59105,40000,2255,1743,2521
chr6,40000,0.983704,0.6392,60000,3233,2272,3519
chr6,60000,0.9927,0.6677,80000,3780,2479,4095
chr6,80000,0.976162,0.635,100000,3160,2202,3546
chr6,100000,0.94105,0.62825,120000,2693,1830,2908
chr6,120000,0.987983,0.66385,140000,3884,2501,4006
chr6,140000,0.984142,0.5976,160000,2576,1825,2938
chr6,160000,0.984288,0.61665,180000,2757,1908,2972
chr6,180000,1,0.60265,200000,2687,2013,2793
chr6,200000,0.991291,0.6189,220000,3108,2164,3387
chr6,220000,1,0.63145,240000,2713,1860,2887
chr6,240000,1,0.63155,260000,2584,1965,2888
chr6,260000,1,0.6123,280000,2818,2138,3120
chr6,280000,1,0.6577,300000,3501,2373,3843
chr6,300000,0.99585,0.61565,320000,2868,2067,2925
chr6,320000,1,0.6256,340000,2723,1962,2851
chr6,340000,0.969896,0.69935,360000,4414,2675,4662
chr6,360000,1,0.66445,380000,3750,2541,3856
chr6,380000,1,0.62055,400000,2905,2071,2987
chr6,400000,0.987138,0.65525,420000,3452,2238,3758
chr6,420000,0.989508,0.65885,440000,3592,2388,4008
chr6,440000,0.9919,0.644,460000,3274,2287,3347
chr6,460000,1,0.6468,480000,3337,2284,3539
chr6,480000,1,0.63035,500000,3065,2250,3129
chr6,500000,1,0.63015,520000,3120,2200,3278
chr6,520000,0.9985,0.6604,540000,3920,2922,3910
chr6,540000,1,0.6474,560000,3286,2255,3465
chr6,560000,0.970954,0.6389,580000,3176,2319,3487
chr6,580000,0.956108,0.63955,600000,3366,2465,3711
chr6,600000,0.990032,0.63485,620000,3424,2346,3605
chr6,620000,0.996325,0.6421,640000,3888,2667,3946
chr6,640000,0.999492,0.63775,660000,3447,2196,3503
chr6,660000,0.990767,0.6454,680000,3169,2179,3435
chr6,680000,0.973042,0.7036,700000,4719,2882,4604
chr6,700000,0.911892,0.6395,720000,2966,2000,3183
chr6,720000,1,0.66395,740000,3898,2474,4022
chr6,740000,1,0.62665,760000,2973,2140,3056
chr6,760000,1,0.59575,780000,2255,1780,2430
chr6,780000,0.9994,0.64615,800000,3074,2166,3393
chr6,800000,1,0.62315,820000,2937,2259,3115
chr6,820000,1,0.61285,840000,2874,2154,2929
chr6,840000,0.998675,0.6495,860000,3750,2650,4005
chr6,860000,0.99135,0.6673,880000,3778,2393,4167
chr6,880000,0.999675,0.63085,900000,3142,2234,3360
chr6,900000,0.844319,0.64385,920000,2554,1697,2867
chr6,920000,0.99909,0.6501,940000,3446,2333,3775
chr6,940000,0.988447,0.6488,960000,3167,2113,3565
chr6,960000,1,0.6373,980000,3299,2362,3618
chr6,980000,0.9773,0.6709,1000000,3827,2431,4005
chr6,1000000,0.94265,0.7161,1020000,3913,2342,4545
chr6,1020000,0.835192,0.62045,1040000,2155,1649,2168
chr6,1040000,0.953483,0.6444,1060000,3057,2086,3084
chr6,1060000,0.987803,0.64335,1080000,3103,2096,3253
chr6,1080000,0.994809,0.6591,1100000,3869,2556,3967
chr6,1100000,0.907855,0.6345,1120000,2752,1810,3035
chr6,1120000,0.998075,0.64585,1140000,3276,2250,3553
chr6,1140000,0.985237,0.67375,1160000,3811,2377,4241
chr6,1160000,0.993923,0.6596,1180000,3610,2467,3779
chr6,1180000,0.967543,0.6353,1200000,3048,2118,3228
chr6,1200000,1,0.6796,1220000,3736,2436,4110
chr6,1220000,0.91221,0.6456,1240000,3129,1886,3394
chr6,1240000,1,0.64035,1260000,3124,2200,3188
chr6,1260000,1,0.66055,1280000,3812,2494,3892
chr6,1280000,0.979817,0.65065,1300000,3112,2141,3506
chr6,1300000,0.986284,0.62385,1320000,2996,2044,3250
chr6,1320000,1,0.64705,1340000,3649,2310,3808
chr6,1340000,0.9986,0.64965,1360000,3397,2289,3682
chr6,1360000,1,0.627,1380000,2904,2067,3133
chr6,1380000,0.933754,0.64185,1400000,2916,1997,3042
chr6,1400000,0.992812,0.6221,1420000,2814,1914,3117
chr6,1420000,0.997983,0.67005,1440000,3456,2297,3756
chr6,1440000,1,0.6025,1460000,2599,1918,2807
chr6,1460000,1,0.6482,1480000,3367,2239,3569
chr6,1480000,0.937042,0.68065,1500000,3512,2291,3745
chr6,1500000,0.99485,0.62405,1520000,2615,1880,2949
chr6,1520000,1,0.65715,1540000,3205,2107,3492
chr6,1540000,0.947698,0.63315,1560000,2978,1964,3222
chr6,1560000,0.943222,0.62995,1580000,2762,1926,3161
chr6,1580000,1,0.6092,1600000,2509,1810,2764
chr6,1600000,0.893668,0.6125,1620000,2185,1538,2317
chr6,1620000,0.997033,0.6399,1640000,2884,1968,3258
chr6,1640000,0.903918,0.63825,1660000,2575,1779,2825
chr6,1660000,0.997067,0.6299,1680000,3067,2223,3367
chr6,1680000,0.989459,0.62935,1700000,3103,2162,3302
chr6,1700000,0.97793,0.65115,1720000,3188,2247,3547
chr6,1720000,0.97596,0.65875,1740000,3438,2188,3630
chr6,1740000,0.998833,0.6093,1760000,2590,1838,2665
chr6,1760000,0.981658,0.61165,1780000,2465,1704,2735
chr6,1780000,0.791875,0.66725,1800000,48575,44942,56626
chr6,1800000,1,0.6345,1820000,2889,2213,3121
chr6,1820000,0.934946,0.66,1840000,3092,2089,3423
chr6,1840000,0.950688,0.6414,1860000,2954,2047,3033
chr6,1860000,1,0.61755,1880000,2907,2115,3001
chr6,1880000,1,0.61295,1900000,2816,1909,3027
chr6,1900000,0.922907,0.6405,1920000,2848,1874,3264
chr6,1920000,0.9261,0.62955,1940000,2795,1861,3031
chr6,1940000,1,0.65075,1960000,3390,2342,3584
chr6,1960000,0.996767,0.64055,1980000,3635,2430,4083
chr6,1980000,0.986,0.60505,2000000,2489,1808,2695
chr6,2000000,1,0.62145,2020000,2528,1764,2737
chr6,2020000,1,0.6324,2040000,3085,2205,3277
chr6,2040000,0.95195,0.643,2060000,3149,2104,3480
chr6,2060000,0.994226,0.63575,2080000,3198,2154,3364
chr6,2080000,1,0.6357,2100000,3306,2227,3546
chr6,2100000,1,0.64195,2120000,2901,1981,3129
chr6,2120000,0.991208,0.6436,2140000,3259,2241,3570
chr6,2140000,0.982461,0.60995,2160000,2628,1784,3045
chr6,2160000,0.996637,0.64165,2180000,2950,2009,3126
chr6,2180000,0.997558,0.6256,2200000,2993,2057,3178
chr6,2200000,0.979333,0.65185,2220000,3313,2165,3637
chr6,2220000,1,0.63835,2240000,3114,2080,3399
chr6,2240000,0.999975,0.62915,2260000,3124,2201,3203
chr6,2260000,0.99955,0.6232,2280000,3007,2215,3204
chr6,2280000,0.991483,0.64395,2300000,3337,2084,3399
chr6,2300000,0.930331,0.6541,2320000,3190,2092,3478
chr6,2320000,1,0.65785,2340000,3372,2260,3583
chr6,2340000,0.9844,0.64835,2360000,3355,2271,3540
chr6,2360000,0.997287,0.6254,2380000,3089,2255,3455
chr6,2380000,0.996233,0.62465,2400000,2866,2026,2993
chr6,2400000,0.9695,0.61745,2420000,3065,2237,2977
chr6,2420000,0.986658,0.64525,2440000,3282,2238,3542
chr6,2440000,0.96958,0.6688,2460000,3471,2170,3676
chr6,2460000,1,0.62995,2480000,3085,2226,3216
chr6,2480000,1,0.64285,2500000,3113,2120,3229
chr6,2500000,0.9747,0.628,2520000,2917,1935,3062
chr6,2520000,0.995151,0.65505,2540000,3524,2363,3685
chr6,2540000,0.98995,0.6409,2560000,3478,2483,3504
chr6,2560000,0.995987,0.6637,2580000,3297,2351,3693
chr6,2580000,1,0.6307,2600000,2726,1914,2928
chr6,2600000,0.988291,0.62445,2620000,2923,2033,3136
chr6,2620000,0.995808,0.6447,2640000,3072,2001,3390
chr6,2640000,0.977983,0.65175,2660000,3307,2166,3420
chr6,2660000,0.935842,0.6228,2680000,2775,1918,2983
chr6,2680000,0.9991,0.60125,2700000,2799,1992,2929
chr6,2700000,0.97205,0.62315,2720000,2767,2000,3006
chr6,2720000,0.99347,0.67295,2740000,3787,2470,3997
chr6,2740000,0.989477,0.70085,2760000,3961,2500,4148
chr6,2760000,0.97455,0.6151,2780000,2914,1985,3188
chr6,2780000,1,0.6273,2800000,3026,2187,3116
chr6,2800000,1,0.6649,2820000,3718,2505,3752
chr6,2820000,0.971017,0.65355,2840000,3514,2160,3746
chr6,2840000,1,0.62475,2860000,2907,2111,3071
chr6,2860000,0.999875,0.65085,2880000,3591,2651,3728
chr6,2880000,0.980875,0.64465,2900000,3327,2138,3599
chr6,2900000,1,0.61565,2920000,2944,1999,2916
chr6,2920000,1,0.6397,2940000,3437,2672,3641
chr6,2940000,0.86888,0.64365,2960000,3049,2000,3268
chr6,2960000,0.862831,0.6343,2980000,2783,1848,2958
chr6,2980000,0.964576,0.61165,3000000,2656,1853,2906
chr6,3000000,1,0.643,3020000,3249,2169,3457
chr6,3020000,1,0.632,3040000,3165,2175,3483
chr6,3040000,1,0.62025,3060000,2756,2055,2836
chr6,3060000,0.996821,0.6239,3080000,2449,1763,2623
chr6,3080000,0.982622,0.6583,3100000,3422,2300,3733
chr6,3100000,0.999625,0.63835,3120000,3076,2254,3217
chr6,3120000,1,0.63135,3140000,3089,2169,3178
chr6,3140000,0.973321,0.6683,3160000,3806,2381,4029
chr6,3160000,1,0.6257,3180000,3063,2190,3168
chr6,3180000,0.956447,0.63865,3200000,3096,2061,3277
chr6,3200000,1,0.61225,3220000,2732,1913,2912
chr6,3220000,0.99975,0.63735,3240000,2670,2646,3760
chr6,3240000,1,0.6314,3260000,2398,2438,3438
chr6,3260000,0.98075,0.6155,3280000,2085,2449,3117
chr6,3280000,1,0.6104,3300000,1880,2037,3027
chr6,3300000,1,0.6119,3320000,1424,1540,2249
chr6,3320000,0.9998,0.61275,3340000,1620,1665,2500
chr6,3340000,1,0.6059,3360000,1709,1893,2615
chr6,3360000,0.98788,0.6324,3380000,2000,2070,3236
chr6,3380000,0.99535,0.6071,3400000,1856,2047,2885
chr6,3400000,0.993329,0.6288,3420000,1962,2115,3268
chr6,3420000,0.98855,0.6266,3440000,1929,2053,3000
chr6,3440000,0.998175,0.6258,3460000,2067,2091,3317
chr6,3460000,0.9902,0.62015,3480000,1825,1969,2905
chr6,3480000,1,0.62155,3500000,1849,2040,3012
chr6,3500000,1,0.6227,3520000,1963,2038,3033
chr6,3520000,0.986767,0.642,3540000,2275,2407,3777
chr6,3540000,0.974901,0.63965,3560000,2179,2187,3435
chr6,3560000,0.976498,0.6248,3580000,1919,1950,2920
chr6,3580000,0.624458,0.64535,3600000,591,602,953
chr6,3600000,0.514322,0.6715,3620000,262,209,440
chr6,3620000,0.70351,0.6765,3640000,1376,1239,2371
chr6,3640000,1,0.61675,3660000,1894,2150,3091
chr6,3660000,0.997017,0.652,3680000,2271,2245,3592
chr6,3680000,0.980178,0.60585,3700000,1959,2089,3073
chr6,3700000,0.949825,0.6363,3720000,1847,1876,3136
chr6,3720000,1,0.62965,3740000,1931,2067,3189
chr6,3740000,0.993775,0.622,3760000,2043,2030,3178
chr6,3760000,0.99925,0.64985,3780000,2264,2297,3794
chr6,3780000,0.978808,0.65285,3800000,2292,2313,3685
chr6,3800000,0.996442,0.6301,3820000,2032,2194,3217
chr6,3820000,0.9936,0.6288,3840000,2014,2151,3268
chr6,3840000,0.882425,0.6341,3860000,3738,5445,4992
chr6,3860000,0.983342,0.66045,3880000,2447,2327,4028
chr6,3880000,0.988258,0.64725,3900000,2559,2558,3764
chr6,3900000,0.980317,0.62975,3920000,1985,1946,3071
chr6,3920000,0.9999,0.6397,3940000,1915,2000,3065
chr6,3940000,1,0.65345,3960000,2338,2327,3810
chr6,3960000,0.854808,0.65645,3980000,1774,1771,2763
chr6,3980000,0.999975,0.6273,4000000,2152,2237,3447
chr6,4000000,0.99825,0.64415,4020000,2206,2377,3578
chr6,4020000,1,0.6304,4040000,1975,2222,3209
chr6,4040000,0.995157,0.65785,4060000,2392,2288,3752
chr6,4060000,1,0.60855,4080000,1823,1971,3082
chr6,4080000,0.958497,0.65225,4100000,2257,2139,3593
chr6,4100000,0.9918,0.6206,4120000,2181,2362,3221
chr6,4120000,0.99895,0.61335,4140000,1821,1981,2973
chr6,4140000,0.990606,0.6276,4160000,1957,2088,3244
chr6,4160000,0.998642,0.61235,4180000,2432,2677,3342
chr6,4180000,1,0.6149,4200000,1954,2183,2973
chr6,4200000,0.990372,0.6341,4220000,2177,2166,3540
chr6,4220000,0.998883,0.6577,4240000,2381,2402,3962
chr6,4240000,0.999725,0.65295,4260000,2257,2376,3595
chr6,4260000,1,0.6276,4280000,1879,2069,3092
chr6,4280000,1,0.659,4300000,2361,2374,3778
chr6,4300000,1,0.6534,4320000,2339,2387,3727
chr6,4320000,0.99325,0.65655,4340000,2349,2397,3656
chr6,4340000,0.9993,0.634,4360000,1910,1869,2905
chr6,4360000,1,0.615,4380000,2045,2321,3116
chr6,4380000,0.977508,0.65615,4400000,2441,2346,3641
chr6,4400000,1,0.61855,4420000,1721,1869,2735
chr6,4420000,1,0.6312,4440000,1964,2212,3126
chr6,4440000,0.998675,0.65245,4460000,2281,2213,3526
chr6,4460000,1,0.64335,4480000,2181,2227,3407
chr6,4480000,0.977342,0.6524,4500000,2162,2009,3522
chr6,4500000,1,0.64175,4520000,2187,2272,3483
chr6,4520000,0.997975,0.65005,4540000,2238,2250,3572
chr6,4540000,0.972544,0.69805,4560000,2757,2558,4547
chr6,4560000,0.999325,0.61695,4580000,1564,1606,2497
chr6,4580000,1,0.6157,4600000,1905,2022,2927
chr6,4600000,0.989958,0.6475,4620000,2125,2264,3402
chr6,4620000,0.979477,0.6261,4640000,1833,2012,3135
chr6,4640000,0.995331,0.65855,4660000,2340,2371,3790
chr6,4660000,0.988043,0.6917,4680000,2804,2522,4472
chr6,4680000,0.997975,0.66065,4700000,2407,2305,3712
chr6,4700000,0.992455,0.62745,4720000,2046,2183,3224
chr6,4720000,0.981174,0.6612,4740000,2096,2130,3493
chr6,4740000,0.999075,0.61725,4760000,1964,2139,3183
chr6,4760000,0.9923,0.6292,4780000,2170,2187,3478
chr6,4780000,0.997791,0.6294,4800000,1939,2000,3267
chr6,4800000,0.996363,0.6401,4820000,2042,2065,3242
chr6,4820000,0.998258,0.62865,4840000,2401,2463,3255
chr6,4840000,1,0.623,4860000,1891,2096,2985
chr6,4860000,1,0.62755,4880000,1817,1852,2971
chr6,4880000,1,0.64345,4900000,2369,2522,3758
chr6,4900000,1,0.6108,4920000,1778,2036,2987
chr6,4920000,1,0.651,4940000,2172,2289,3594
chr6,4940000,0.986734,0.63715,4960000,2063,2275,3463
chr6,4960000,1,0.6186,4980000,1617,1758,2732
chr6,4980000,1,0.6124,5000000,1740,1880,2754
chr6,5000000,1,0.643,5020000,2159,2252,3457
chr6,5020000,1,0.63075,5040000,2071,2198,3216
chr6,5040000,0.960287,0.673,5060000,2519,2322,3939
chr6,5060000,0.992562,0.68875,5080000,2695,2560,4311
chr6,5080000,1,0.6305,5100000,2100,2339,3315
chr6,5100000,1,0.6756,5120000,2561,2440,4102
chr6,5120000,1,0.6109,5140000,1786,1958,2718
chr6,5140000,0.986642,0.6644,5160000,2548,2370,4071
chr6,5160000,0.932095,0.5846,5180000,1503,1614,2733
chr6,5180000,1,0.597,5200000,1613,1849,2612
chr6,5200000,1,0.62215,5220000,1905,2185,2981
chr6,5220000,1,0.594,5240000,1632,1778,2629
chr6,5240000,1,0.61095,5260000,1796,1961,2858
chr6,5260000,1,0.6004,5280000,1820,2066,2773
chr6,5280000,0.9998,0.61065,5300000,1710,1868,2744
chr6,5300000,1,0.6253,5320000,2033,2303,3146
chr6,5320000,0.99955,0.638,5340000,2350,2285,3736
chr6,5340000,0.999129,0.64785,5360000,2276,2483,3602
chr6,5360000,1,0.6114,5380000,1972,2105,3073
chr6,5380000,1,0.61175,5400000,1735,1978,2955
chr6,5400000,1,0.61715,5420000,1759,1889,2901
chr6,5420000,0.99745,0.6183,5440000,2217,2460,3382
chr6,5440000,0.984367,0.61645,5460000,2014,2134,3188
chr6,5460000,0.964322,0.6556,5480000,2780,2568,4222
chr6,5480000,1,0.6192,5500000,1967,1989,3121
chr6,5500000,1,0.6292,5520000,1886,1881,2959
chr6,5520000,0.9998,0.6149,5540000,1938,2086,3073
chr6,5540000,0.995058,0.65785,5560000,2456,2409,3725
chr6,5560000,0.982265,0.6725,5580000,2482,2321,4073
chr6,5580000,0.980992,0.63695,5600000,2131,2174,3443
chr6,5600000,0.99985,0.6523,5620000,2440,2460,4006
chr6,5620000,0.815654,0.5804,5640000,1327,1568,2227
chr6,5640000,0.780716,0.58345,5660000,1367,1388,2375
chr6,5660000,1,0.6126,5680000,1765,1858,2656
chr6,5680000,1,0.6344,5700000,1858,2124,3001
chr6,5700000,1,0.6622,5720000,2264,2324,3592
chr6,5720000,0.871992,0.66115,5740000,2132,2020,3568
chr6,5740000,0.892225,0.6185,5760000,1614,1571,2592
chr6,5760000,1,0.6208,5780000,2022,2073,3207
chr6,5780000,0.985642,0.63205,5800000,2196,2177,3390
chr6,5800000,1,0.6359,5820000,2257,2209,3499
chr6,5820000,0.996625,0.6484,5840000,2269,2274,3759
chr6,5840000,0.973401,0.63575,5860000,2082,2104,3265
chr6,5860000,0.736332,0.62045,5880000,1272,1427,2071
chr6,5880000,0.983075,0.64615,5900000,2422,2325,3912
chr6,5900000,0.946663,0.68535,5920000,2237,2256,3740
chr6,5920000,0.918356,0.668,5940000,2082,2088,3217
chr6,5940000,0.999,0.6549,5960000,2352,2471,4130
chr6,5960000,1,0.6396,5980000,2070,2390,3484
chr6,5980000,0.967548,0.6691,6000000,2349,2329,3898
chr6,6000000,0.9985,0.6263,6020000,2026,2204,3273
chr6,6020000,0.991967,0.6326,6040000,2047,2174,3542
chr6,6040000,0.999775,0.6233,6060000,1981,2113,3187
chr6,6060000,0.997083,0.6144,6080000,1688,1794,2658
chr6,6080000,0.99995,0.6536,6100000,2175,2067,3403
chr6,6100000,0.959809,0.6436,6120000,2137,2208,3502
chr6,6120000,0.9071,0.6332,6140000,1822,1939,3025
chr6,6140000,0.781456,0.6343,6160000,2031,1994,2854
chr6,6160000,0.913228,0.61035,6180000,1370,1640,2343
chr6,6180000,0.79253,0.63865,6200000,1477,1596,2493
chr6,6200000,0.907183,0.6616,6220000,2052,2041,3268
chr6,6220000,0.90255,0.6454,6240000,1853,1881,2945
chr6,6240000,0.918499,0.6506,6260000,2262,2290,3513
chr6,6260000,1,0.61005,6280000,1772,1924,2691
chr6,6280000,1,0.63935,6300000,2113,2301,3528
chr6,6300000,0.994967,0.65495,6320000,2228,2261,3776
chr6,6320000,0.98915,0.67145,6340000,2569,2525,4259
chr6,6340000,0.99293,0.64875,6360000,2191,2277,3689
chr6,6360000,0.873099,0.6077,6380000,1748,1790,2661
chr6,6380000,1,0.64085,6400000,2261,2321,3376
chr6,6400000,1,0.6241,6420000,2066,2138,3204
chr6,6420000,1,0.62335,6440000,1906,2143,3069
chr6,6440000,0.99715,0.61065,6460000,1972,2213,2795
chr6,6460000,1,0.61375,6480000,1946,2154,3097
chr6,6480000,0.989925,0.625,6500000,2105,2184,3514
chr6,6500000,1,0.64695,6520000,2225,2276,3478
chr6,6520000,0.996172,0.69555,6540000,2829,2814,4551
chr6,6540000,0.999383,0.66945,6560000,2670,2738,4015
chr6,6560000,1,0.64365,6580000,2202,2306,3375
chr6,6580000,0.969725,0.6256,6600000,1881,1983,3031
chr6,6600000,0.999325,0.63285,6620000,2107,2263,3343
chr6,6620000,1,0.6333,6640000,2020,2115,3154
chr6,6640000,1,0.6317,6660000,2190,2199,3552
chr6,6660000,0.996875,0.615,6680000,1959,2207,3143
chr6,6680000,1,0.6193,6700000,2018,2037,3084
chr6,6700000,0.768858,0.6157,6720000,899,1041,1413
chr6,6720000,0.772392,0.64085,6740000,1066,1207,1843
chr6,6740000,0.989975,0.62655,6760000,1934,2105,3070
chr6,6760000,0.981518,0.64845,6780000,2409,2278,3987
chr6,6780000,0.972152,0.67975,6800000,2878,2774,4413
chr6,6800000,0.991395,0.65115,6820000,2219,2184,3600
chr6,6820000,0.982721,0.6504,6840000,2270,2307,3576
chr6,6840000,0.993312,0.63995,6860000,2144,2271,3424
chr6,6860000,0.9747,0.59515,6880000,1766,1865,2738
chr6,6880000,1,0.66845,6900000,2620,2532,4040
chr6,6900000,1,0.64455,6920000,2210,2345,3561
chr6,6920000,1,0.62495,6940000,2014,2073,3142
chr6,6940000,0.882542,0.65665,6960000,1990,1957,3526
chr6,6960000,0.988518,0.64075,6980000,2212,2366,3572
chr6,6980000,0.997725,0.6278,7000000,2040,2191,3189
chr6,7000000,0.99431,0.64465,7020000,2334,2334,3678
chr6,7020000,1,0.62895,7040000,2010,2178,3192
chr6,7040000,0.99865,0.66475,7060000,2259,2393,3707
chr6,7060000,0.992225,0.65355,7080000,2400,2389,3850
chr6,7080000,0.994058,0.67235,7100000,2655,2583,4279
chr6,7100000,0.871042,0.6529,7120000,1902,1827,3099
chr6,7120000,0.908079,0.62435,7140000,1891,2005,3285
chr6,7140000,1,0.6284,7160000,1896,1991,2976
chr6,7160000,0.963143,0.6317,7180000,1870,1823,3194
chr6,7180000,1,0.6146,7200000,2036,2206,3182
chr6,7200000,0.995038,0.6426,7220000,2105,2225,3454
chr6,7220000,0.99705,0.6238,7240000,1964,2225,3062
chr6,7240000,0.987233,0.6313,7260000,2065,2164,3435
chr6,7260000,0.99555,0.6163,7280000,1897,2157,3042
chr6,7280000,1,0.63595,7300000,2091,2109,3295
chr6,7300000,0.998429,0.66155,7320000,2505,2397,3720
chr6,7320000,0.871597,0.6542,7340000,2193,2134,3574
chr6,7340000,0.996768,0.6445,7360000,2032,2005,3343
chr6,7360000,0.999225,0.625,7380000,2475,2584,3663
chr6,7380000,0.974792,0.6465,7400000,1888,1984,3182
chr6,7400000,0.995125,0.66145,7420000,2364,2243,3722
chr6,7420000,0.994217,0.63155,7440000,2124,2206,3615
chr6,7440000,1,0.63085,7460000,2007,2267,3260
chr6,7460000,0.985999,0.63415,7480000,2080,2097,3378
chr6,7480000,1,0.65245,7500000,2199,2287,3486
chr6,7500000,0.996333,0.64615,7520000,2375,2414,3755
chr6,7520000,0.982937,0.64215,7540000,2294,2224,3585
chr6,7540000,0.939983,0.60575,7560000,1604,1576,2634
chr6,7560000,1,0.6209,7580000,1909,1946,2891
chr6,7580000,1,0.61895,7600000,2005,2141,3001
chr6,7600000,0.998075,0.65685,7620000,2337,2420,3866
chr6,7620000,1,0.6309,7640000,1922,2058,3104
chr6,7640000,1,0.6492,7660000,2322,2268,3672
chr6,7660000,0.999408,0.6411,7680000,2316,2312,3849
chr6,7680000,0.977887,0.64475,7700000,2286,2369,3744
chr6,7700000,0.946863,0.6437,7720000,2271,2211,3560
chr6,7720000,0.998592,0.6549,7740000,3580,3090,4485
chr6,7740000,0.940188,0.6601,7760000,2333,2263,3815
chr6,7760000,0.989792,0.6444,7780000,2411,2280,3802
chr6,7780000,1,0.67235,7800000,2504,2390,3801
chr6,7800000,0.968498,0.6908,7820000,2250,2114,3981
chr6,7820000,0.9875,0.63655,7840000,2121,2077,3278
chr6,7840000,0.991625,0.66965,7860000,2436,2414,3966
chr6,7860000,0.992208,0.61365,7880000,1835,1963,3066
chr6,7880000,0.982183,0.6445,7900000,2195,2285,3508
chr6,7900000,1,0.6195,7920000,1918,2047,3038
chr6,7920000,1,0.60715,7940000,1704,1863,2680
chr6,7940000,1,0.6312,7960000,1942,2131,3168
chr6,7960000,0.99605,0.6362,7980000,2028,2113,3129
chr6,7980000,0.955556,0.62295,8000000,2083,2011,3298
chr6,8000000,1,0.6159,8020000,1838,2040,2936
chr6,8020000,0.980137,0.6375,8040000,1900,1803,2981
chr6,8040000,0.999425,0.6486,8060000,2330,2297,3742
chr6,8060000,1,0.63465,8080000,2079,2318,3337
chr6,8080000,0.99885,0.6162,8100000,1833,1851,2891
chr6,8100000,1,0.61695,8120000,1939,2144,3034
chr6,8120000,0.890411,0.63215,8140000,1995,2108,3152
chr6,8140000,1,0.61365,8160000,1929,2148,2993
chr6,8160000,1,0.62955,8180000,2187,2327,3342
chr6,8180000,0.985883,0.64225,8200000,2169,2392,3462
chr6,8200000,1,0.64085,8220000,2190,2307,3515
chr6,8220000,1,0.61935,8240000,1902,2188,3107
chr6,8240000,0.99865,0.6381,8260000,2214,2218,3368
chr6,8260000,1,0.6208,8280000,1943,1986,3046
chr6,8280000,0.99395,0.62285,8300000,1944,1991,3229
chr6,8300000,0.998225,0.6451,8320000,2365,2331,3653
chr6,8320000,1,0.6161,8340000,1958,2007,2990
chr6,8340000,0.988488,0.63225,8360000,1884,2020,2954
chr6,8360000,0.904663,0.6476,8380000,2100,1951,3688
chr6,8380000,0.992109,0.63555,8400000,2172,2197,3384
chr6,8400000,0.915231,0.61015,8420000,1582,1667,2808
chr6,8420000,0.939333,0.64165,8440000,2065,2035,3314
chr6,8440000,0.920704,0.6302,8460000,1993,1975,3211
chr6,8460000,0.993936,0.62995,8480000,1894,1923,3095
chr6,8480000,0.990199,0.65675,8500000,2394,2446,4048
chr6,8500000,0.987369,0.67065,8520000,2575,2572,4168
chr6,8520000,1,0.61995,8540000,2071,2204,3144
chr6,8540000,0.9997,0.63425,8560000,2147,2222,3510
chr6,8560000,0.977142,0.62095,8580000,2092,2117,3327
chr6,8580000,0.94445,0.6377,8600000,1783,2001,2930
chr6,8600000,0.987825,0.63995,8620000,2122,2282,3558
chr6,8620000,0.973383,0.64485,8640000,1946,2093,3365
chr6,8640000,0.991821,0.6741,8660000,2580,2430,4110
chr6,8660000,1,0.6365,8680000,2142,2134,3459
chr6,8680000,0.791725,0.60915,8700000,1282,1533,2203
chr6,8700000,0.972185,0.65095,8720000,2171,2165,3403
chr6,8720000,0.725014,0.6696,8740000,1765,1582,2761
chr6,8740000,0.738961,0.63245,8760000,1256,1246,2351
chr6,8760000,0.994239,0.61695,8780000,1886,1982,3024
chr6,8780000,0.79831,0.61235,8800000,2159,1983,3262
chr6,8800000,0.997283,0.665,8820000,2535,2358,4160
chr6,8820000,0.967635,0.66485,8840000,2395,2401,4037
chr6,8840000,1,0.62095,8860000,1808,1932,2900
chr6,8860000,1,0.65315,8880000,2276,2373,3677
chr6,8880000,0.9936,0.68475,8900000,2620,2522,4322
chr6,8900000,0.99735,0.64235,8920000,2037,2034,3451
chr6,8920000,0.9997,0.6545,8940000,2337,2320,3686
chr6,8940000,0.999295,0.64095,8960000,2179,2320,3355
chr6,8960000,0.965229,0.6581,8980000,2667,2435,4140
chr6,8980000,0.99196,0.63865,9000000,2203,2273,3446
chr6,9000000,0.987598,0.65185,9020000,2239,2380,3806
chr6,9020000,0.78144,0.65165,9040000,1739,1670,3236
chr6,9040000,0.996609,0.6478,9060000,2124,2222,3503
chr6,9060000,1,0.6514,9080000,1872,1933,2893
chr6,9080000,0.997075,0.6105,9100000,2702,2789,3967
chr6,9100000,0.999829,0.651,9120000,1877,1917,2973
chr6,9120000,0.926345,0.5998,9140000,1783,1684,3036
chr6,9140000,0.969449,0.67005,9160000,2717,2723,4061
chr6,9160000,0.985033,0.6445,9180000,2027,1997,3215
chr6,9180000,1,0.61345,9200000,1929,2340,2982
chr6,9200000,0.99695,0.65545,9220000,5459,7435,6676
chr6,9220000,0.992363,0.6132,9240000,1651,1874,2690
chr6,9240000,0.857796,0.62575,9260000,1697,1685,2583
chr6,9260000,0.707217,0.59975,9280000,1140,1169,1807
chr6,9280000,0.99805,0.64565,9300000,2325,2222,3653
chr6,9300000,0.9935,0.63625,9320000,2053,2045,3287
chr6,9320000,0.964912,0.6541,9340000,2367,2292,3891
chr6,9340000,0.999175,0.6766,9360000,2771,2799,4498
chr6,9360000,0.996049,0.6306,9380000,2133,2195,3364
chr6,9380000,0.99885,0.639,9400000,2190,2202,3501
chr6,9400000,0.831535,0.67325,9420000,2196,2127,3580
chr6,9420000,0.869629,0.66695,9440000,1957,2014,3301
chr6,9440000,0.980987,0.6887,9460000,2586,2615,4317
chr6,9460000,0.970811,0.6683,9480000,2514,2449,3996
chr6,9480000,0.852986,0.64725,9500000,1866,1847,3052
chr6,9500000,0.997358,0.6317,9520000,2084,2233,3361
chr6,9520000,0.95995,0.6787,9540000,2505,2391,4146
chr6,9540000,1,0.6041,9560000,1445,1683,2405
chr6,9560000,0.998508,0.61205,9580000,1918,2018,3206
chr6,9580000,0.792023,0.6311,9600000,1697,1749,2908
chr6,9600000,0.836522,0.6423,9620000,1899,1877,3030
chr6,9620000,0.93255,0.62345,9640000,1956,1995,3316
chr6,9640000,0.996533,0.63185,9660000,2210,2260,3410
chr6,9660000,0.989001,0.65775,9680000,2560,2526,3952
chr6,9680000,0.995975,0.64885,9700000,2232,2293,3652
chr6,9700000,0.995275,0.60455,9720000,2695,3112,4418
chr6,9720000,0.994937,0.66725,9740000,2653,2584,4271
chr6,9740000,1,0.63705,9760000,2233,2502,3580
chr6,9760000,0.99665,0.61955,9780000,2124,2176,3247
chr6,9780000,1,0.62815,9800000,2122,2137,3247
chr6,9800000,1,0.66425,9820000,2465,2474,3956
chr6,9820000,1,0.6261,9840000,2092,2355,3310
chr6,9840000,0.980629,0.63795,9860000,2449,2657,3741
chr6,9860000,1,0.6577,9880000,2436,2419,3851
chr6,9880000,0.992525,0.66955,9900000,2542,2442,4204
chr6,9900000,1,0.63945,9920000,2128,2158,3333
chr6,9920000,0.932665,0.6463,9940000,2023,2077,3497
chr6,9940000,0.964142,0.6535,9960000,2394,2318,3984
chr6,9960000,0.85306,0.6272,9980000,1735,1743,2937
chr6,9980000,1,0.64625,10000000,2218,2394,3791
chr6,10000000,0.985525,0.648,10020000,2352,2408,3652
chr6,10020000,1,0.672,10040000,2481,2564,3863
chr6,10040000,0.994767,0.65335,10060000,2386,2421,3788
chr6,10060000,0.907167,0.6349,10080000,1946,1917,3298
chr6,10080000,0.994762,0.58815,10100000,1893,1973,3259
chr6,10100000,0.939396,0.66085,10120000,2297,2166,3658
chr6,10120000,0.975185,0.64775,10140000,2159,2222,3638
chr6,10140000,0.977167,0.67125,10160000,2514,2474,4034
chr6,10160000,0.989036,0.6741,10180000,2389,2560,3991
chr6,10180000,1,0.63315,10200000,2005,2257,3200
chr6,10200000,0.983947,0.6554,10220000,2351,2428,3672
chr6,10220000,0.992732,0.65065,10240000,2347,2490,3961
chr6,10240000,0.905725,0.6058,10260000,1497,1674,2614
chr6,10260000,0.92836,0.6555,10280000,2158,2235,3706
chr6,10280000,1,0.6278,10300000,2085,2164,3143
chr6,10300000,0.995511,0.64015,10320000,2156,2250,3571
chr6,10320000,0.990603,0.6432,10340000,2434,2458,4281
chr6,10340000,0.707623,0.63615,10360000,1667,1618,2887
chr6,10360000,1,0.71855,10380000,3292,3079,5217
chr6,10380000,0.984733,0.6908,10400000,2990,2809,4825
chr6,10400000,0.9851,0.6651,10420000,2406,2420,4082
chr6,10420000,0.987846,0.70595,10440000,2966,2799,4821
chr6,10440000,0.9489,0.6324,10460000,1924,1897,3074
chr6,10460000,0.988183,0.68995,10480000,2618,2426,4475
chr6,10480000,0.999225,0.6244,10500000,1850,1689,2244
chr6,10500000,0.933859,0.66185,10520000,2670,2616,3655
chr6,10520000,0.999733,0.6259,10540000,1707,1823,2800
chr6,10540000,0.975734,0.66585,10560000,2470,2429,3944
chr6,10560000,0.995808,0.6299,10580000,2515,2317,4192
chr6,10580000,0.982037,0.67475,10600000,2687,2511,4678
chr6,10600000,0.993092,0.65355,10620000,2448,2449,3753
chr6,10620000,0.739571,0.54845,10640000,2393,1841,2446
chr6,10640000,0.966062,0.6577,10660000,2410,2317,3807
chr6,10660000,0.986096,0.65775,10680000,2565,2462,4060
chr6,10680000,0.996717,0.67205,10700000,2717,2681,4466
chr6,10700000,0.997329,0.6822,10720000,2821,2793,4579
chr6,10720000,0.940341,0.64,10740000,2247,2327,3613
chr6,10740000,1,0.6588,10760000,2555,2598,3951
chr6,10760000,0.999375,0.64185,10780000,2344,2407,3741
chr6,10780000,1,0.6271,10800000,2082,2190,3424
chr6,10800000,0.982792,0.6593,10820000,2487,2583,4126
chr6,10820000,0.984428,0.696,10840000,2907,2771,4592
chr6,10840000,0.963998,0.66685,10860000,2448,2383,3855
chr6,10860000,0.9985,0.63095,10880000,2838,2775,4321
chr6,10880000,0.955583,0.62555,10900000,2567,2247,3806
chr6,10900000,1,0.681,10920000,2791,2785,4369
chr6,10920000,0.999067,0.7055,10940000,3217,3123,5456
chr6,10940000,0.91655,0.64595,10960000,2107,2148,3471
chr6,10960000,0.970239,0.61335,10980000,3122,3178,4329
chr6,10980000,0.999675,0.6224,11000000,2796,2941,4177
chr6,11000000,0.952148,0.64495,11020000,2468,2397,3997
chr6,11020000,0.799996,0.5909,11040000,1397,1308,2279
chr6,11040000,0.947225,0.67445,11060000,2419,2508,4041
chr6,11060000,0.983399,0.6936,11080000,2940,2919,4875
chr6,11080000,1,0.6413,11100000,2360,2487,3730
chr6,11100000,1,0.6577,11120000,2412,2569,4196
chr6,11120000,0.977746,0.69575,11140000,2851,2759,4630
chr6,11140000,0.920596,0.65125,11160000,2477,2301,4069
chr6,11160000,0.9726,0.6929,11180000,2723,2682,4266
chr6,11180000,0.93055,0.63675,11200000,1886,2021,3039
chr6,11200000,0.89175,0.62135,11220000,1877,1996,2859
chr6,11220000,0.996347,0.6383,11240000,2014,2184,3391
chr6,11240000,0.993653,0.6496,11260000,2538,2716,3782
chr6,11260000,0.952217,0.6279,11280000,2102,2070,3508
chr6,11280000,0.959858,0.668,11300000,2433,2422,4044
chr6,11300000,0.990154,0.6991,11320000,2931,2681,4616
chr6,11320000,0.959503,0.62795,11340000,1981,1972,3079
chr6,11340000,0.959133,0.63685,11360000,2105,2174,3444
chr6,11360000,0.952486,0.61895,11380000,1892,2010,3093
chr6,11380000,1,0.69865,11400000,3003,2783,4670
chr6,11400000,0.798819,0.63425,11420000,1978,1865,3367
chr6,11420000,0.691254,0.582,11440000,1369,1464,2304
chr6,11440000,0.9948,0.62625,11460000,2421,2424,3836
chr6,11460000,0.928499,0.64275,11480000,2075,2225,3446
chr6,11480000,0.955305,0.69395,11500000,2938,2666,4803
chr6,11500000,0.992088,0.69135,11520000,3085,2946,4889
chr6,11520000,0.999062,0.6679,11540000,2593,2744,4031
chr6,11540000,1,0.63275,11560000,2196,2432,3454
chr6,11560000,1,0.64375,11580000,2236,2493,3558
chr6,11580000,0.998475,0.68045,11600000,3463,3654,4973
chr6,11600000,0.689525,0.663,11620000,1019,1147,1604
chr6,11620000,0.926783,0.67415,11640000,2332,2275,3761
chr6,11640000,0.979371,0.64385,11660000,2229,2385,3660
chr6,11660000,0.832799,0.6467,11680000,1591,1727,2685
chr6,11680000,0.950696,0.67205,11700000,2662,2591,4205
chr6,11700000,0.952588,0.6634,11720000,2914,2932,4642
chr6,11720000,0.88218,0.60335,11740000,1706,1559,3069
chr6,11740000,0.9434,0.6536,11760000,2187,2115,3366
chr6,11760000,0.986532,0.6525,11780000,2516,2436,3922
chr6,11780000,0.937633,0.62835,11800000,1957,2104,2978
chr6,11800000,0.965657,0.71445,11820000,2899,2712,4926
chr6,11820000,0.973736,0.6447,11840000,2407,2428,4040
chr6,11840000,1,0.6359,11860000,2256,2473,3691
chr6,11860000,0.940756,0.64895,11880000,2341,2357,3887
chr6,11880000,1,0.717,11900000,3254,3064,5131
chr6,11900000,0.999425,0.65195,11920000,2573,2804,4087
chr6,11920000,0.987375,0.619,11940000,2178,2406,3567
chr6,11940000,0.997683,0.67785,11960000,2713,2698,4429
chr6,11960000,0.983833,0.6656,11980000,4378,4176,5423
chr6,11980000,0.974495,0.66475,12000000,2480,2538,4126
chr6,12000000,0.996975,0.6521,12020000,2422,2494,3941
chr6,12020000,0.95885,0.66765,12040000,2288,2346,3759
chr6,12040000,0.988083,0.6266,12060000,2261,2159,3560
chr6,12060000,0.997175,0.6469,12080000,2366,2453,3747
chr6,12080000,0.733255,0.6053,12100000,1549,1689,2617
chr6,12100000,0.992101,0.67915,12120000,2702,2692,4237
chr6,12120000,0.693218,0.56905,12140000,1030,1005,1896
chr6,12140000,0.872563,0.5816,12160000,1495,1739,2541
chr6,12160000,0.975265,0.58185,12180000,2075,1983,3596
chr6,12180000,0.967088,0.61645,12200000,2555,2476,3905
chr6,12200000,0.98875,0.6221,12220000,2367,2550,3785
chr6,12220000,0.99805,0.66125,12240000,2611,2689,4144
chr6,12240000,1,0.6471,12260000,2284,2529,3514
chr6,12260000,0.988427,0.6637,12280000,2578,2651,4191
chr6,12280000,1,0.68855,12300000,2846,2855,4490
chr6,12300000,0.997016,0.65545,12320000,2635,2646,3997
chr6,12320000,1,0.65945,12340000,2430,2455,3847
chr6,12340000,0.938215,0.6698,12360000,2693,2597,4471
chr6,12360000,0.989292,0.6705,12380000,2392,2505,4010
chr6,12380000,0.917425,0.6197,12400000,1965,2120,3312
chr6,12400000,0.99965,0.64835,12420000,2475,2515,3821
chr6,12420000,0.972731,0.6933,12440000,3181,3086,4867
chr6,12440000,1,0.66305,12460000,2703,2616,4237
chr6,12460000,0.962683,0.62245,12480000,1729,1836,2971
chr6,12480000,0.99875,0.63,12500000,1700,1902,2875
chr6,12500000,0.96617,0.61715,12520000,1777,2032,2800
chr6,12520000,0.88443,0.6509,12540000,2300,2216,3755
chr6,12540000,0.981883,0.6426,12560000,2393,2345,3688
chr6,12560000,0.989562,0.6445,12580000,2318,2600,3959
chr6,12580000,0.987697,0.65935,12600000,2578,2529,3952
chr6,12600000,0.982458,0.70155,12620000,2907,2873,4588
chr6,12620000,0.962302,0.64415,12640000,2291,2142,3912
chr6,12640000,0.975955,0.64,12660000,2729,2693,4403
chr6,12660000,0.993591,0.65865,12680000,2776,3068,4327
chr6,12680000,0.981225,0.6586,12700000,2733,2767,3985
chr6,12700000,0.983384,0.6271,12720000,2444,2498,3886
chr6,12720000,0.9934,0.6552,12740000,2814,2725,4368
chr6,12740000,1,0.6157,12760000,1896,1863,3073
chr6,12760000,0.994325,0.6627,12780000,2524,2558,3641
chr6,12780000,0.996625,0.64645,12800000,3263,3575,4323
chr6,12800000,0.999325,0.6652,12820000,3222,2896,4930
chr6,12820000,0.884939,0.6262,12840000,1905,1987,3223
chr6,12840000,0.99765,0.6508,12860000,2325,2565,3828
chr6,12860000,0.998292,0.62825,12880000,2598,2354,3948
chr6,12880000,0.994108,0.6668,12900000,2630,2602,4198
chr6,12900000,0.900823,0.6165,12920000,1866,1759,3060
chr6,12920000,0.773186,0.61705,12940000,1527,1433,2486
chr6,12940000,0.530151,0.65555,12960000,434,387,726
chr6,12960000,0.936217,0.6773,12980000,2645,2537,4419
chr6,12980000,0.990677,0.6706,13000000,2583,2672,4360
chr6,13000000,0.655758,0.67345,13020000,1530,1308,2752
chr6,13020000,0.932553,0.6224,13040000,2057,2058,3420
chr6,13040000,0.992796,0.66295,13060000,2478,2464,4165
chr6,13060000,0.99035,0.6359,13080000,2030,2067,2900
chr6,13080000,0.657764,0.62755,13100000,1525,1618,1672
chr6,13100000,0.843987,0.6457,13120000,1582,1521,2437
chr6,13120000,0.984463,0.6121,13140000,2147,2103,3466
chr6,13140000,0.968035,0.5938,13160000,1891,1874,3148
chr6,13160000,0.864758,0.6263,13180000,1627,1746,2817
chr6,13180000,0.9999,0.6284,13200000,2308,2226,3650
chr6,13200000,1,0.62075,13220000,2194,2233,3428
chr6,13220000,1,0.65815,13240000,2770,2693,4554
chr6,13240000,1,0.6791,13260000,2728,2836,4419
chr6,13260000,0.941803,0.65795,13280000,2537,2485,3879
chr6,13280000,0.941825,0.6162,13300000,2412,2643,3552
chr6,13300000,0.985962,0.6341,13320000,2337,2527,4103
chr6,13320000,0.966573,0.665,13340000,2497,2487,3958
chr6,13340000,0.990596,0.6845,13360000,3097,2926,4810
chr6,13360000,0.986125,0.63695,13380000,2433,2458,3784
chr6,13380000,0.9896,0.6344,13400000,2191,2248,3613
chr6,13400000,0.999117,0.66585,13420000,2629,2639,4302
chr6,13420000,0.943146,0.58565,13440000,1611,1590,2735
chr6,13440000,0.993569,0.6244,13460000,2136,2201,3460
chr6,13460000,0.982033,0.61945,13480000,2205,2192,3796
chr6,13480000,0.987807,0.68765,13500000,2946,2865,4799
chr6,13500000,0.827053,0.6503,13520000,1858,1885,3215
chr6,13520000,0.497658,0.6542,13540000,337,341,544
chr6,13540000,0.823269,0.6091,13560000,1447,1389,2574
chr6,13560000,0.846334,0.60305,13580000,1478,1525,2491
chr6,13580000,0.95974,0.6305,13600000,2466,2322,3621
chr6,13600000,0.950287,0.69115,13620000,2645,2418,4262
chr6,13620000,0.985845,0.60575,13640000,1942,1906,3143
chr6,13640000,0.967001,0.58905,13660000,1908,2045,3061
chr6,13660000,0.998302,0.62255,13680000,2041,2265,3389
chr6,13680000,0.6253,0.6494,13700000,867,937,1509
chr6,13700000,0.651249,0.6332,13720000,724,709,1302
chr6,13720000,0.970992,0.64405,13740000,2322,2305,3447
chr6,13740000,0.99875,0.6364,13760000,2408,2477,3709
chr6,13760000,0.976467,0.64505,13780000,2324,2358,3815
chr6,13780000,0.971858,0.6291,13800000,2054,2237,3337
chr6,13800000,0.826634,0.62675,13820000,1641,1513,2801
chr6,13820000,0.596934,0.62045,13840000,1039,940,1951
chr6,13840000,0.800064,0.6352,13860000,1435,1314,2492
chr6,13860000,0.680896,0.54575,13880000,1052,1094,1658
chr6,13880000,0.87423,0.58215,13900000,2846,2567,3156
chr6,13900000,0.998775,0.6803,13920000,2786,2731,4491
chr6,13920000,0.988235,0.5937,13940000,2015,1957,3245
chr6,13940000,0.981937,0.62705,13960000,2389,2401,3469
chr6,13960000,0.597824,0.63265,13980000,1992,2004,1785
chr6,13980000,0.548424,0.62715,14000000,1393,1432,1443
chr6,14000000,0.635869,0.5838,14020000,984,1063,1609
chr6,14020000,0.526665,0.6293,14040000,925,1031,1101
chr6,14040000,0.533496,0.62705,14060000,1106,1090,1315
chr6,14060000,0.66406,0.6245,14080000,1489,1445,1766
chr6,14080000,0.503608,0.62945,14100000,964,928,1284
chr6,14100000,0.537316,0.6323,14120000,1050,1073,1272
chr6,14120000,0.69964,0.62235,14140000,2050,2089,2039
chr6,14140000,0.253759,0.6347,14160000,311,304,359
chr6,14160000,0.439156,0.63455,14180000,770,759,937
chr6,14180000,0.707094,0.6219,14200000,1347,1435,1955
chr6,14200000,0.590783,0.619,14220000,1030,1069,1412
chr6,14220000,0.708793,0.6284,14240000,2292,2441,1998
chr6,14240000,0.342645,0.6185,14260000,542,475,1088
chr6,14260000,0.133378,0.6185,14280000,152,127,309
chr6,14280000,0.202844,0.6192,14300000,306,252,623
chr6,14300000,0.25602,0.61875,14320000,279,259,586
chr6,14320000,0.212101,0.6172,14340000,229,191,452
chr6,14340000,0.250109,0.61685,14360000,417,348,829
chr6,14360000,0.16403,0.61555,14380000,184,145,345
chr6,14380000,0.245343,0.6177,14400000,332,239,592
chr6,14400000,0.237905,0.61655,14420000,316,255,652
chr6,14420000,0.308478,0.61645,14440000,452,397,877
chr6,14440000,0.311087,0.6165,14460000,397,366,784
chr6,14460000,0.182277,0.61525,14480000,214,193,419
chr6,14480000,0.280779,0.6159,14500000,413,348,793
chr6,14500000,0.214652,0.6152,14520000,250,234,519
chr6,14520000,0.330603,0.61725,14540000,443,386,770
chr6,14540000,0.483539,0.6166,14560000,668,509,1205
chr6,14560000,0.485575,0.6202,14580000,850,705,1326
chr6,14580000,0.373289,0.6099,14600000,461,427,930
chr6,14600000,0.328008,0.61705,14620000,473,380,873
chr6,14620000,0.331317,0.62135,14640000,411,367,632
chr6,14640000,0.299247,0.61615,14660000,166,155,352
chr6,14660000,0.264317,0.61595,14680000,314,292,703
chr6,14680000,0.306697,0.60305,14700000,320,321,603
chr6,14700000,0.311199,0.6145,14720000,814,1040,937
chr6,14720000,0.351462,0.6136,14740000,459,414,953
chr6,14740000,0.343146,0.6033,14760000,694,526,955
chr6,14760000,0.342299,0.61345,14780000,545,399,905
chr6,14780000,0.320603,0.6172,14800000,436,413,807
chr6,14800000,0.174571,0.62,14820000,236,197,443
chr6,14820000,0.151031,0.6123,14840000,213,164,369
chr6,14840000,0.240584,0.6205,14860000,348,292,677
chr6,14860000,0.308869,0.6224,14880000,430,382,791
chr6,14880000,0.311285,0.61345,14900000,374,290,726
chr6,14900000,0.166961,0.6197,14920000,211,194,492
chr6,14920000,0.218051,0.62115,14940000,284,250,595
chr6,14940000,0.176534,0.62,14960000,194,152,404
chr6,14960000,0.26945,0.6198,14980000,402,328,798
chr6,14980000,0.141396,0.61985,15000000,169,153,371
chr6,15000000,0.181424,0.61845,15020000,247,191,453
chr6,15020000,0.22883,0.6213,15040000,380,302,730
chr6,15040000,0.116684,0.62035,15060000,202,167,407
chr6,15060000,0.159578,0.62115,15080000,161,147,426
chr6,15080000,0.247334,0.621,15100000,303,281,697
chr6,15100000,0.358037,0.5865,15120000,470,442,863
chr6,15120000,0.327838,0.60935,15140000,556,486,1042
chr6,15140000,0.35102,0.6186,15160000,607,553,879
chr6,15160000,0.284298,0.61885,15180000,318,288,690
chr6,15180000,0.323737,0.59535,15200000,441,415,801
chr6,15200000,0.214567,0.6155,15220000,305,280,613
chr6,15220000,0.182428,0.59955,15240000,242,243,503
chr6,15240000,0.218871,0.61745,15260000,295,265,568
chr6,15260000,0.184695,0.5918,15280000,309,278,548
chr6,15280000,0.139891,0.59625,15300000,211,169,338
chr6,15300000,0.137789,0.5947,15320000,214,171,358
chr6,15320000,0.209942,0.585,15340000,236,222,439
chr6,15340000,0.193305,0.61845,15360000,244,188,503
chr6,15360000,0.116959,0.59575,15380000,153,114,245
chr6,15380000,0.105781,0.5967,15400000,112,101,204
chr6,15400000,0.126123,0.6039,15420000,182,153,343
chr6,15420000,0.291417,0.6053,15440000,380,281,670
chr6,15440000,0.255556,0.59855,15460000,394,345,640
chr6,15460000,0.248267,0.6045,15480000,397,349,762
chr6,15480000,0.199891,0.6154,15500000,306,311,635
chr6,15500000,0.165115,0.59685,15520000,242,206,442
chr6,15520000,0.197678,0.62005,15540000,190,210,405
chr6,15540000,0.32654,0.62225,15560000,429,386,857
chr6,15560000,0.21971,0.62185,15580000,325,255,625
chr6,15580000,0.266081,0.60685,15600000,423,332,863
chr6,15600000,0.135772,0.5779,15620000,178,143,338
chr6,15620000,0.197177,0.5909,15640000,461,439,684
chr6,15640000,0.386932,0.61245,15660000,588,472,1149
chr6,15660000,0.268709,0.59795,15680000,430,359,798
chr6,15680000,0.156385,0.61235,15700000,217,202,441
chr6,15700000,0.235071,0.6221,15720000,275,224,542
chr6,15720000,0.262494,0.61865,15740000,380,346,823
chr6,15740000,0.197601,0.5887,15760000,217,215,451
chr6,15760000,0.166261,0.58525,15780000,556,424,530
chr6,15780000,0.252091,0.62025,15800000,372,296,785
chr6,15800000,0.214314,0.5937,15820000,286,260,558
chr6,15820000,0.156696,0.6203,15840000,183,143,424
chr6,15840000,0.238216,0.60495,15860000,341,275,600
chr6,15860000,0.205519,0.60855,15880000,328,253,633
chr6,15880000,0.221455,0.61405,15900000,331,271,568
chr6,15900000,0.230004,0.6101,15920000,288,292,545
chr6,15920000,0.140217,0.6106,15940000,213,182,446
chr6,15940000,0.154316,0.596,15960000,187,182,382
chr6,15960000,0.156339,0.60225,15980000,189,178,372
chr6,15980000,0.250094,0.58995,16000000,267,245,465
chr6,16000000,0.151249,0.58875,16020000,187,157,372
chr6,16020000,0.129976,0.6118,16040000,143,130,299
chr6,16040000,0.188,0.60425,16060000,207,189,347
chr6,16060000,0.151108,0.6113,16080000,202,187,385
chr6,16080000,0.147788,0.60405,16100000,145,112,262
chr6,16100000,0.110059,0.6021,16120000,152,138,345
chr6,16120000,0.176018,0.6045,16140000,236,197,411
chr6,16140000,0.143398,0.60715,16160000,127,126,312
chr6,16160000,0.142161,0.61215,16180000,136,143,350
chr6,16180000,0.108836,0.61545,16200000,196,172,405
chr6,16200000,0.12653,0.60715,16220000,184,166,390
chr6,16220000,0.184984,0.6207,16240000,287,262,611
chr6,16240000,0.153294,0.59035,16260000,188,205,434
chr6,16260000,0.154245,0.6201,16280000,313,333,582
chr6,16280000,0.128476,0.5864,16300000,143,118,210
chr6,16300000,0.197461,0.61005,16320000,248,198,464
chr6,16320000,0.157542,0.59355,16340000,359,334,781
chr6,16340000,0.179107,0.5847,16360000,204,179,408
chr6,16360000,0.245788,0.58925,16380000,458,501,1080
chr6,16380000,0.217968,0.59405,16400000,276,294,600
chr6,16400000,0.126139,0.60625,16420000,179,148,338
chr6,16420000,0.134171,0.58425,16440000,160,164,396
chr6,16440000,0.0699954,0.5992,16460000,122,112,265
chr6,16460000,0.112516,0.5995,16480000,161,154,395
chr6,16480000,0.169708,0.59975,16500000,262,259,621
chr6,16500000,0.105417,0.6199,16520000,206,184,451
chr6,16520000,0.198364,0.6075,16540000,218,224,506
chr6,16540000,0.158484,0.60525,16560000,85,111,236
chr6,16560000,0.167606,0.59855,16580000,279,199,514
chr6,16580000,0.147939,0.611,16600000,164,125,382
chr6,16600000,0.213747,0.62135,16620000,254,199,571
chr6,16620000,0.205486,0.60665,16640000,239,223,523
chr6,16640000,0.187854,0.6215,16660000,224,236,543
chr6,16660000,0.17213,0.6209,16680000,174,172,384
chr6,16680000,0.155204,0.59475,16700000,185,147,330
chr6,16700000,0.177086,0.5896,16720000,188,158,316
chr6,16720000,0.180436,0.6118,16740000,263,265,535
chr6,16740000,0.12107,0.61535,16760000,171,152,397
chr6,16760000,0.150804,0.6102,16780000,225,201,411
chr6,16780000,0.128533,0.6103,16800000,128,114,307
chr6,16800000,0.232335,0.57445,16820000,245,214,407
chr6,16820000,0.226328,0.60195,16840000,171,141,355
chr6,16840000,0.24148,0.60495,16860000,335,313,731
chr6,16860000,0.20813,0.61905,16880000,223,182,485
chr6,16880000,0.145731,0.609,16900000,165,144,304
chr6,16900000,0.171503,0.6067,16920000,242,235,500
chr6,16920000,0.21251,0.62005,16940000,200,189,436
chr6,16940000,0.509934,0.57945,16960000,261,229,484
chr6,16960000,0.384583,0.5769,16980000,244,226,460
chr6,16980000,0.186288,0.61825,17000000,276,246,520
chr6,17000000,0.157737,0.61285,17020000,165,176,312
chr6,17020000,0.14448,0.5936,17040000,155,154,374
chr6,17040000,0.131659,0.6195,17060000,163,148,396
chr6,17060000,0.116519,0.62255,17080000,179,169,413
chr6,17080000,0.112024,0.6198,17100000,180,159,414
chr6,17100000,0.110126,0.6197,17120000,125,116,279
chr6,17120000,0.124512,0.6137,17140000,175,148,355
chr6,17140000,0.156127,0.5994,17160000,240,237,434
chr6,17160000,0.23706,0.6217,17180000,237,208,542
chr6,17180000,0.186284,0.60775,17200000,223,200,439
chr6,17200000,0.262781,0.6215,17220000,368,337,822
chr6,17220000,0.202941,0.62165,17240000,223,205,517
chr6,17240000,0.249779,0.6095,17260000,318,269,590
chr6,17260000,0.199955,0.62265,17280000,340,280,593
chr6,17280000,0.161425,0.5867,17300000,180,138,305
chr6,17300000,0.251976,0.58325,17320000,308,282,454
chr6,17320000,0.249092,0.61625,17340000,410,334,700
chr6,17340000,0.169568,0.60555,17360000,183,153,357
chr6,17360000,0.221014,0.61885,17380000,291,256,618
chr6,17380000,0.172681,0.61935,17400000,179,188,401
chr6,17400000,0.224484,0.62065,17420000,210,196,461
chr6,17420000,0.265163,0.61825,17440000,369,316,738
chr6,17440000,0.267903,0.61525,17460000,264,247,555
chr6,17460000,0.306092,0.59115,17480000,391,349,756
chr6,17480000,0.180787,0.6054,17500000,287,232,525
chr6,17500000,0.206195,0.61915,17520000,212,204,460
chr6,17520000,0.235914,0.61945,17540000,257,201,466
chr6,17540000,0.376123,0.6106,17560000,402,340,794
chr6,17560000,0.325986,0.60125,17580000,343,296,611
chr6,17580000,0.266347,0.6104,17600000,181,179,387
chr6,17600000,0.646793,0.5989,17620000,834,761,1520
chr6,17620000,0.434584,0.65265,17640000,675,630,1066
chr6,17640000,0.479261,0.5946,17660000,535,411,899
chr6,17660000,0.514431,0.573,17680000,240,266,519
chr6,17680000,0.690458,0.54545,17700000,1914,1622,2294
chr6,17700000,0.941063,0.62245,17720000,2344,2336,2917
chr6,17720000,0.905034,0.6133,17740000,2371,2300,3184
chr6,17740000,0.63177,0.60685,17760000,1016,1088,1625
chr6,17760000,0.605207,0.62055,17780000,955,879,1370
chr6,17780000,0.3799,0.63115,17800000,520,556,704
chr6,17800000,0.356849,0.6325,17820000,313,328,506
chr6,17820000,0.554225,0.62805,17840000,787,689,1168
chr6,17840000,0.519733,0.6278,17860000,697,698,1023
chr6,17860000,0.685729,0.62965,17880000,1259,1317,1575
chr6,17880000,0.656131,0.61895,17900000,1110,1081,1512
chr6,17900000,0.562767,0.6154,17920000,2116,2271,1899
chr6,17920000,0.589388,0.60655,17940000,941,904,1274
chr6,17940000,0.678526,0.6117,17960000,1644,1421,1847
chr6,17960000,0.66679,0.63135,17980000,1271,1248,1598
chr6,17980000,0.693048,0.63025,18000000,1205,1218,1639
chr6,18000000,0.591054,0.62935,18020000,1169,1237,1589
chr6,18020000,0.947227,0.586,18040000,1630,1644,2630
chr6,18040000,0.885782,0.597,18060000,1550,1501,2633
chr6,18060000,0.809986,0.61315,18080000,1261,1325,2062
chr6,18080000,0.98815,0.6119,18100000,1816,1831,3171
chr6,18100000,0.55935,0.58935,18120000,1034,955,1579
chr6,18120000,0.465261,0.5779,18140000,743,778,1258
chr6,18140000,0.453742,0.5835,18160000,963,1020,1383
chr6,18160000,0.77113,0.5766,18180000,1439,1392,2252
chr6,18180000,0.917256,0.596,18200000,4257,4136,4409
chr6,18200000,0.932496,0.6156,18220000,1700,1645,2680
chr6,18220000,0.967122,0.56675,18240000,1876,1927,2823
chr6,18240000,0.997611,0.57355,18260000,1866,1855,2864
chr6,18260000,0.964729,0.58195,18280000,1890,1898,2912
chr6,18280000,0.951896,0.59185,18300000,1495,1496,2704
chr6,18300000,0.980671,0.58825,18320000,1729,1758,2927
chr6,18320000,0.927683,0.6591,18340000,2334,2407,3818
chr6,18340000,0.942516,0.6307,18360000,2111,2201,3424
chr6,18360000,0.950773,0.67205,18380000,2587,2456,4333
chr6,18380000,0.961344,0.60375,18400000,1946,1925,3193
chr6,18400000,0.959684,0.665,18420000,2713,2456,4332
chr6,18420000,0.999008,0.6082,18440000,2209,2442,3580
chr6,18440000,0.980149,0.59435,18460000,2053,2036,3196
chr6,18460000,0.998017,0.67495,18480000,3082,3000,4537
chr6,18480000,0.998783,0.6937,18500000,2796,2741,4736
chr6,18500000,0.971536,0.56805,18520000,2030,1862,3017
chr6,18520000,0.957925,0.56935,18540000,1831,1957,2985
chr6,18540000,0.955696,0.615,18560000,1898,2036,3162
chr6,18560000,0.999575,0.6518,18580000,2646,2713,4035
chr6,18580000,0.943679,0.6281,18600000,1986,2133,3239
chr6,18600000,0.917044,0.5395,18620000,1771,1800,2569
chr6,18620000,0.990525,0.6942,18640000,2886,2789,4800
chr6,18640000,0.980727,0.64,18660000,2470,2502,3758
chr6,18660000,0.933952,0.6686,18680000,2437,2259,4009
chr6,18680000,0.938458,0.66795,18700000,2458,2323,4044
chr6,18700000,0.997775,0.67965,18720000,2649,2719,4202
chr6,18720000,0.993933,0.6611,18740000,2968,2881,4301
chr6,18740000,0.943308,0.67335,18760000,2610,2620,4239
chr6,18760000,0.85705,0.61045,18780000,1833,1847,3009
chr6,18780000,0.87593,0.61135,18800000,1675,1815,2744
chr6,18800000,0.948177,0.64635,18820000,2454,2510,3716
chr6,18820000,0.781719,0.61545,18840000,1839,1682,3103
chr6,18840000,0.980279,0.67635,18860000,2776,2592,4605
chr6,18860000,0.988149,0.65205,18880000,3921,3774,4772
chr6,18880000,1,0.65915,18900000,2655,2897,4201
chr6,18900000,0.994925,0.6072,18920000,2317,2219,3786
chr6,18920000,0.9909,0.6522,18940000,2501,2610,3780
chr6,18940000,0.969278,0.5798,18960000,2102,2093,3338
chr6,18960000,0.969228,0.6626,18980000,2742,2718,4098
chr6,18980000,0.935591,0.63325,19000000,2191,2225,3719
chr6,19000000,0.918468,0.64335,19020000,2292,2362,3889
chr6,19020000,0.99759,0.67285,19040000,2831,2834,4531
chr6,19040000,0.994877,0.65545,19060000,2677,2613,4151
chr6,19060000,0.80762,0.5973,19080000,1899,1974,2882
chr6,19080000,0.915548,0.6713,19100000,2561,2509,3985
chr6,19100000,0.982633,0.6605,19120000,2764,2728,4093
chr6,19120000,0.979146,0.61915,19140000,2426,2377,3782
chr6,19140000,0.980499,0.61735,19160000,2241,2226,3649
chr6,19160000,0.981921,0.5761,19180000,1955,2007,2949
chr6,19180000,0.9922,0.68215,19200000,2884,2911,4319
chr6,19200000,1,0.6515,19220000,2660,2558,4212
chr6,19220000,0.98355,0.6474,19240000,2304,2432,3747
chr6,19240000,0.952002,0.67915,19260000,2494,2517,4260
chr6,19260000,0.923483,0.61955,19280000,1933,2043,3381
chr6,19280000,0.916402,0.57915,19300000,1790,1878,2686
chr6,19300000,0.97618,0.5947,19320000,2061,2128,3299
chr6,19320000,0.920455,0.608,19340000,6492,6944,6200
chr6,19340000,0.968559,0.5859,19360000,6463,7664,5703
chr6,19360000,0.904105,0.5937,19380000,1762,1733,2819
chr6,19380000,0.959699,0.60615,19400000,1831,1802,2988
chr6,19400000,0.80885,0.6833,19420000,4637,5640,4383
chr6,19420000,0.940917,0.67825,19440000,2721,2568,4124
chr6,19440000,0.903165,0.62795,19460000,1886,1760,3232
chr6,19460000,0.98645,0.6994,19480000,3180,3069,5107
chr6,19480000,0.985897,0.67525,19500000,2623,2629,4323
chr6,19500000,1,0.6516,19520000,2837,2705,4498
chr6,19520000,0.98245,0.67835,19540000,3313,3189,4872
chr6,19540000,0.976425,0.6596,19560000,2527,2443,4036
chr6,19560000,0.997967,0.6394,19580000,2636,2561,4103
chr6,19580000,0.998317,0.65525,19600000,2750,2625,4551
chr6,19600000,0.995217,0.6523,19620000,2555,2671,3839
chr6,19620000,0.94845,0.65155,19640000,2220,2294,3593
chr6,19640000,0.97705,0.66635,19660000,2632,2626,4369
chr6,19660000,0.978223,0.67785,19680000,2700,2658,4291
chr6,19680000,0.99865,0.58075,19700000,2001,2239,2964
chr6,19700000,0.99715,0.6521,19720000,2869,2786,4133
chr6,19720000,0.455093,0.6186,19740000,1242,1201,2155
chr6,19740000,0.871095,0.6682,19760000,2382,2311,3922
chr6,19760000,0.999925,0.66065,19780000,2441,2477,3844
chr6,19780000,0.996846,0.65575,19800000,2633,2796,4237
chr6,19800000,0.980337,0.66935,19820000,2962,2922,4443
chr6,19820000,0.993633,0.64055,19840000,2878,2946,4216
chr6,19840000,0.985575,0.56245,19860000,2532,2466,3086
chr6,19860000,0.990429,0.55055,19880000,1993,2035,2845
chr6,19880000,0.921821,0.57725,19900000,3221,3090,3668
chr6,19900000,0.977085,0.6419,19920000,3206,3353,4398
chr6,19920000,0.641556,0.58475,19940000,12247,9902,9689
chr6,19940000,0.753482,0.57875,19960000,1243,1230,2098
chr6,19960000,0.973707,0.64465,19980000,2547,2389,3873
chr6,19980000,0.96095,0.6551,20000000,3472,3158,4782
chr6,20000000,0.943573,0.64335,20020000,3782,3288,4716
chr6,20020000,0.982079,0.6239,20040000,2076,2263,3514
chr6,20040000,0.997411,0.68135,20060000,3006,2721,4566
chr6,20060000,0.9948,0.6602,20080000,2619,2636,3989
chr6,20080000,0.996658,0.6736,20100000,38160,41597,38901
chr6,20100000,1,0.67435,20120000,2825,2804,4525
chr6,20120000,0.986842,0.6635,20140000,2560,2532,4211
chr6,20140000,0.961291,0.65605,20160000,4951,4310,5475
chr6,20160000,1,0.685,20180000,3012,2916,4739
chr6,20180000,0.91981,0.6432,20200000,2262,2320,3639
chr6,20200000,0.997367,0.625,20220000,2032,2159,3134
chr6,20220000,0.982717,0.60955,20240000,2086,2191,3504
chr6,20240000,1,0.6376,20260000,2427,2577,3916
chr6,20260000,0.925045,0.6642,20280000,2283,2291,3798
chr6,20280000,0.993375,0.69155,20300000,2885,2863,4693
chr6,20300000,0.997775,0.6094,20320000,2125,2290,3349
chr6,20320000,0.921952,0.6391,20340000,2205,2191,3497
chr6,20340000,0.993317,0.5712,20360000,2159,2113,3111
chr6,20360000,0.997954,0.67465,20380000,2883,2782,4690
chr6,20380000,0.993518,0.6523,20400000,2554,2555,4071
chr6,20400000,1,0.666,20420000,2589,2634,4020
chr6,20420000,0.930225,0.61155,20440000,2044,2003,3428
chr6,20440000,0.823573,0.6743,20460000,1965,2018,3242
chr6,20460000,0.406093,0.6651,20480000,186,180,374
chr6,20480000,0.497198,0.62475,20500000,202,176,365
chr6,20500000,0.39681,0.6527,20520000,129,87,259
chr6,20520000,0.497024,0.6355,20540000,219,195,398
chr6,20540000,0.679032,0.65135,20560000,2469,2115,3471
chr6,20560000,0.94335,0.65255,20580000,2267,2269,3785
chr6,20580000,1,0.6356,20600000,2137,2257,3585
chr6,20600000,0.973643,0.61905,20620000,2025,2265,3267
chr6,20620000,0.980458,0.71225,20640000,3031,2913,5237
chr6,20640000,1,0.6431,20660000,2484,2497,3869
chr6,20660000,0.970425,0.66075,20680000,2765,2783,4093
chr6,20680000,0.896231,0.61985,20700000,1893,1818,3066
chr6,20700000,0.846279,0.70765,20720000,2260,2065,4030
chr6,20720000,0.721,0.6756,20740000,1917,1900,2768
chr6,20740000,0.887288,0.6574,20760000,2232,2221,3432
chr6,20760000,0.791794,0.6588,20780000,1776,1660,2948
chr6,20780000,0.945922,0.6538,20800000,2141,2379,3490
chr6,20800000,0.97,0.6821,20820000,2881,3021,4328
chr6,20820000,0.9493,0.6517,20840000,2451,2278,3785
chr6,20840000,0.990525,0.69345,20860000,3400,3245,5136
chr6,20860000,0.998425,0.6625,20880000,2727,2841,4299
chr6,20880000,0.954091,0.63425,20900000,2074,2210,3431
chr6,20900000,0.995262,0.6317,20920000,2148,2232,3472
chr6,20920000,0.651288,0.64095,20940000,1228,1191,2081
chr6,20940000,0.990162,0.66715,20960000,2980,3048,4488
chr6,20960000,0.967503,0.67385,20980000,2569,2415,4227
chr6,20980000,0.967652,0.64925,21000000,2394,2342,3812
chr6,21000000,0.99091,0.6436,21020000,2419,2490,3850
chr6,21020000,0.9987,0.6136,21040000,2182,2304,3629
chr6,21040000,0.994975,0.6691,21060000,2654,2732,4403
chr6,21060000,0.945318,0.67555,21080000,2690,2501,4343
chr6,21080000,0.587483,0.5377,21100000,1156,1049,1676
chr6,21100000,0.989767,0.69375,21120000,2852,2924,4536
chr6,21120000,0.973952,0.69515,21140000,3141,3063,4709
chr6,21140000,0.993996,0.65165,21160000,2967,3078,4155
chr6,21160000,0.945457,0.6608,21180000,2695,2572,3892
chr6,21180000,0.973726,0.62275,21200000,2277,2360,3440
chr6,21200000,0.999333,0.66185,21220000,2409,2648,4075
chr6,21220000,0.978313,0.6968,21240000,2946,3002,4847
chr6,21240000,0.967779,0.66135,21260000,2378,2324,3805
chr6,21260000,0.97925,0.6356,21280000,2330,2443,3784
chr6,21280000,1,0.6191,21300000,2055,2234,3314
chr6,21300000,0.993644,0.6565,21320000,2533,2594,4172
chr6,21320000,0.930237,0.62995,21340000,1993,2034,3421
chr6,21340000,0.990649,0.6484,21360000,2845,2772,4170
chr6,21360000,0.924876,0.6172,21380000,2303,2429,3558
chr6,21380000,0.961788,0.6773,21400000,2662,2398,4230
chr6,21400000,0.964131,0.6392,21420000,2032,2197,3486
chr6,21420000,0.998813,0.67475,21440000,2608,2695,4137
chr6,21440000,0.967883,0.6087,21460000,2031,1987,3438
chr6,21460000,0.9932,0.6531,21480000,2589,2498,4059
chr6,21480000,1,0.6575,21500000,2524,2772,4319
chr6,21500000,0.98248,0.63535,21520000,2216,2268,3555
chr6,21520000,0.995733,0.6765,21540000,2870,2835,4883
chr6,21540000,0.99855,0.63585,21560000,2367,2426,3705
chr6,21560000,0.930915,0.6708,21580000,2444,2308,4359
chr6,21580000,0.895564,0.65855,21600000,2410,2275,3903
chr6,21600000,0.981266,0.63525,21620000,2460,2449,3557
chr6,21620000,0.968066,0.60255,21640000,5200,4687,4907
chr6,21640000,0.969705,0.6569,21660000,2532,2314,4243
chr6,21660000,0.679283,0.6325,21680000,1347,1276,2196
chr6,21680000,0.449193,0.65165,21700000,133,109,251
chr6,21700000,0.498295,0.62645,21720000,28,22,68
chr6,21720000,0.614281,0.66815,21740000,822,873,1327
chr6,21740000,0.474266,0.61875,21760000,20,20,34
chr6,21760000,0.630275,0.619,21780000,916,850,1569
chr6,21780000,0.73822,0.61135,21800000,1359,1265,2202
chr6,21800000,0.772599,0.6342,21820000,1231,1289,2058
chr6,21820000,0.956659,0.6759,21840000,2488,2456,4257
chr6,21840000,0.962904,0.67605,21860000,2648,2500,4325
chr6,21860000,0.998002,0.6745,21880000,2673,2744,4089
chr6,21880000,0.994134,0.669,21900000,2597,2719,4292
chr6,21900000,0.96835,0.65935,21920000,2477,2428,4067
chr6,21920000,0.984775,0.6238,21940000,2060,2367,3191
chr6,21940000,0.987422,0.6302,21960000,2035,2288,3229
chr6,21960000,0.958678,0.59305,21980000,2351,2121,3377
chr6,21980000,0.971008,0.6474,22000000,2370,2620,3632
chr6,22000000,0.920644,0.63145,22020000,2129,2204,3404
chr6,22020000,0.890731,0.6193,22040000,2156,2030,3506
chr6,22040000,0.941324,0.6557,22060000,2252,2245,3631
chr6,22060000,0.978347,0.6495,22080000,2299,2387,3705
chr6,22080000,0.971048,0.6591,22100000,2509,2505,4087
chr6,22100000,0.99418,0.66655,22120000,2526,2535,4149
chr6,22120000,0.994142,0.6528,22140000,1992,2068,3286
chr6,22140000,0.972563,0.6345,22160000,3404,3803,3823
chr6,22160000,0.821593,0.62785,22180000,2724,3184,3320
chr6,22180000,0.969414,0.69315,22200000,2741,2586,4487
chr6,22200000,0.9901,0.6563,22220000,2393,2459,3782
chr6,22220000,1,0.6653,22240000,2453,2408,3933
chr6,22240000,0.992108,0.6769,22260000,2609,2569,4315
chr6,22260000,0.999333,0.6395,22280000,2231,2271,3550
chr6,22280000,0.987396,0.65605,22300000,2426,2426,4066
chr6,22300000,0.886054,0.62255,22320000,1922,1911,3103
chr6,22320000,0.839585,0.5915,22340000,1617,1681,2558
chr6,22340000,0.9976,0.6266,22360000,2043,2291,3204
chr6,22360000,0.997625,0.67015,22380000,2527,2582,3848
chr6,22380000,0.744401,0.64475,22400000,2352,1968,3284
chr6,22400000,0.977883,0.67215,22420000,2516,2353,4058
chr6,22420000,1,0.67465,22440000,2881,2854,4352
chr6,22440000,0.996717,0.66755,22460000,2776,2821,4208
chr6,22460000,0.973308,0.64385,22480000,2558,2752,3715
chr6,22480000,0.980608,0.65365,22500000,2428,2393,4078
chr6,22500000,0.850356,0.64935,22520000,1557,1632,2816
chr6,22520000,0.841529,0.6274,22540000,1707,1605,2832
chr6,22540000,0.749139,0.62825,22560000,1091,1171,1594
chr6,22560000,0.994058,0.63165,22580000,2267,2254,3743
chr6,22580000,0.997958,0.65725,22600000,2524,2472,4113
chr6,22600000,0.984259,0.5902,22620000,2015,1943,3303
chr6,22620000,0.99497,0.6817,22640000,2734,2704,4279
chr6,22640000,0.9819,0.6608,22660000,2460,2479,3765
chr6,22660000,0.950998,0.63015,22680000,2140,2153,3479
chr6,22680000,0.92718,0.64725,22700000,2215,2090,3649
chr6,22700000,0.930233,0.6448,22720000,2473,2379,3791
chr6,22720000,0.862786,0.66295,22740000,2157,2138,3624
chr6,22740000,0.860976,0.65095,22760000,2217,2070,3713
chr6,22760000,0.999232,0.6539,22780000,2410,2422,3874
chr6,22780000,1,0.68295,22800000,2726,2827,4453
chr6,22800000,0.872277,0.62245,22820000,1789,1852,3265
chr6,22820000,0.993658,0.64815,22840000,2270,2473,3567
chr6,22840000,0.769074,0.62215,22860000,1540,1584,2489
chr6,22860000,0.939252,0.6292,22880000,1979,2118,2961
chr6,22880000,0.938654,0.6388,22900000,2063,2148,3608
chr6,22900000,1,0.62585,22920000,1958,2138,3147
chr6,22920000,0.982645,0.6395,22940000,2173,2251,3378
chr6,22940000,0.919228,0.5973,22960000,1719,1763,2668
chr6,22960000,0.979245,0.67815,22980000,2682,2597,4564
chr6,22980000,0.987079,0.6959,23000000,2813,2592,4748
chr6,23000000,0.994309,0.6829,23020000,2617,2615,4325
chr6,23020000,0.991583,0.63435,23040000,2097,2182,3483
chr6,23040000,0.990304,0.6452,23060000,2228,2502,3825
chr6,23060000,1,0.66395,23080000,2542,2596,3853
chr6,23080000,0.975093,0.6747,23100000,2524,2346,4097
chr6,23100000,0.858646,0.64895,23120000,1715,1784,2969
chr6,23120000,0.93356,0.59295,23140000,2284,2259,3440
chr6,23140000,0.924347,0.56075,23160000,2099,2029,2794
chr6,23160000,0.701372,0.6437,23180000,1545,1446,2140
chr6,23180000,0.737272,0.6464,23200000,1690,1458,2842
chr6,23200000,0.730265,0.6084,23220000,1326,1307,2172
chr6,23220000,0.857347,0.6518,23240000,2091,2112,3629
chr6,23240000,0.956103,0.60085,23260000,2519,2479,3421
chr6,23260000,0.971,0.6252,23280000,2205,2337,3605
chr6,23280000,0.973342,0.6479,23300000,2570,2575,3874
chr6,23300000,0.998875,0.6227,23320000,2090,2226,3241
chr6,23320000,0.994481,0.6652,23340000,2401,2508,3884
chr6,23340000,0.92985,0.5823,23360000,2359,2360,3455
chr6,23360000,0.939248,0.683,23380000,2475,2419,4300
chr6,23380000,0.987773,0.63885,23400000,2170,2331,3513
chr6,23400000,0.993829,0.67845,23420000,2551,2534,4220
chr6,23420000,0.997125,0.63775,23440000,2221,2350,3547
chr6,23440000,0.989,0.6272,23460000,1992,2289,3204
chr6,23460000,0.948865,0.68055,23480000,2730,2571,4388
chr6,23480000,0.638799,0.54985,23500000,2281,1978,3370
chr6,23500000,0.613133,0.6438,23520000,918,857,1672
chr6,23520000,0.760625,0.64135,23540000,1250,1252,2073
chr6,23540000,0.806492,0.64345,23560000,2525,2167,3576
chr6,23560000,0.952918,0.63755,23580000,2760,2538,3907
chr6,23580000,0.994312,0.67325,23600000,2610,2551,4130
chr6,23600000,0.987877,0.6652,23620000,2523,2637,3872
chr6,23620000,0.897003,0.6619,23640000,2294,2208,3774
chr6,23640000,0.994292,0.6389,23660000,1600,1972,2164
chr6,23660000,0.671774,0.61335,23680000,984,1022,1537
chr6,23680000,0.730204,0.61605,23700000,1457,1491,1920
chr6,23700000,0.917378,0.62455,23720000,2062,2425,2620
chr6,23720000,0.967847,0.61455,23740000,2122,2039,3357
chr6,23740000,0.996575,0.63655,23760000,2279,2401,3589
chr6,23760000,0.990038,0.62915,23780000,3144,3367,3823
chr6,23780000,0.98175,0.63305,23800000,2248,2387,3577
chr6,23800000,0.993677,0.65595,23820000,2691,2732,4088
chr6,23820000,0.910566,0.6016,23840000,2188,2104,3029
chr6,23840000,0.949902,0.58795,23860000,4879,4584,5539
chr6,23860000,0.99985,0.6201,23880000,2859,2782,3935
chr6,23880000,0.980474,0.64975,23900000,2255,2281,3653
chr6,23900000,0.843765,0.6212,23920000,1636,1623,2746
chr6,23920000,0.889189,0.61925,23940000,1509,1489,2657
chr6,23940000,0.996073,0.6276,23960000,2307,2299,3773
chr6,23960000,0.893017,0.6404,23980000,1830,1930,3280
chr6,23980000,0.978325,0.63125,24000000,2182,2235,3405
chr6,24000000,0.917858,0.62255,24020000,1937,2179,2930
chr6,24020000,0.9989,0.6469,24040000,2388,2384,3792
chr6,24040000,1,0.61065,24060000,1887,2102,2924
chr6,24060000,0.931858,0.63025,24080000,1881,2057,3004
chr6,24080000,0.983,0.64165,24100000,2139,2156,3518
chr6,24100000,0.999425,0.6305,24120000,2044,2181,3310
chr6,24120000,0.983496,0.6167,24140000,2156,2197,3550
chr6,24140000,0.998675,0.6206,24160000,2110,2251,3188
chr6,24160000,1,0.65995,24180000,2540,2547,3965
chr6,24180000,0.997433,0.6454,24200000,2273,2415,3658
chr6,24200000,0.99955,0.647,24220000,2285,2386,3663
chr6,24220000,0.969124,0.6416,24240000,2393,2314,3553
chr6,24240000,0.998575,0.6896,24260000,2860,2609,4479
chr6,24260000,1,0.6239,24280000,1972,2190,3144
chr6,24280000,0.995162,0.6532,24300000,2217,2379,3907
chr6,24300000,1,0.64405,24320000,2138,2202,3560
chr6,24320000,1,0.61825,24340000,1650,1635,2675
chr6,24340000,0.965733,0.629,24360000,2236,2267,3871
chr6,24360000,0.999475,0.6404,24380000,2143,2362,3588
chr6,24380000,1,0.6218,24400000,1868,2076,3055
chr6,24400000,0.999125,0.6314,24420000,2104,2185,3671
chr6,24420000,1,0.60985,24440000,1842,1962,2970
chr6,24440000,0.982758,0.6105,24460000,1969,2209,3196
chr6,24460000,1,0.63005,24480000,3030,2894,4285
chr6,24480000,0.992725,0.64685,24500000,2269,2370,3730
chr6,24500000,0.935895,0.64885,24520000,2132,2045,3425
chr6,24520000,0.89814,0.6572,24540000,2016,2053,3399
chr6,24540000,0.973079,0.64815,24560000,2053,2163,3336
chr6,24560000,0.929418,0.6728,24580000,2633,2323,4181
chr6,24580000,0.982308,0.61715,24600000,1812,2034,2872
chr6,24600000,0.900723,0.5981,24620000,1660,1528,2811
chr6,24620000,0.956025,0.65205,24640000,2120,2177,3286
chr6,24640000,0.826346,0.60525,24660000,1354,1473,2104
chr6,24660000,0.776653,0.5665,24680000,1192,1091,2016
chr6,24680000,0.867364,0.6376,24700000,1857,1833,3171
chr6,24700000,0.957092,0.67395,24720000,2560,2404,4320
chr6,24720000,0.879408,0.66395,24740000,2223,2073,3592
chr6,24740000,1,0.64405,24760000,2057,2168,3340
chr6,24760000,0.998233,0.63115,24780000,1900,2059,3196
chr6,24780000,0.982292,0.59225,24800000,1936,2028,3134
chr6,24800000,0.833649,0.61585,24820000,2022,1881,3291
chr6,24820000,0.936866,0.6621,24840000,3319,2859,4910
chr6,24840000,0.911591,0.6611,24860000,2578,2440,4297
chr6,24860000,0.956005,0.6434,24880000,2461,2461,4086
chr6,24880000,0.970066,0.6381,24900000,2130,2243,3236
chr6,24900000,1,0.62515,24920000,2168,2232,3403
chr6,24920000,0.996274,0.61255,24940000,1916,2163,3121
chr6,24940000,0.997375,0.6688,24960000,2701,2621,4504
chr6,24960000,0.986675,0.61985,24980000,2132,2208,3339
chr6,24980000,0.993525,0.64415,25000000,2173,2249,3670
chr6,25000000,0.9999,0.6824,25020000,2810,2766,4454
chr6,25020000,0.960225,0.68675,25040000,2791,2670,4410
chr6,25040000,0.975692,0.6753,25060000,2487,2378,4000
chr6,25060000,0.990583,0.6703,25080000,2619,2653,4343
chr6,25080000,0.989701,0.6642,25100000,2459,2609,3903
chr6,25100000,1,0.66515,25120000,2607,2547,4156
chr6,25120000,0.979662,0.64485,25140000,2550,2422,4108
chr6,25140000,0.946545,0.6141,25160000,2092,1823,3412
chr6,25160000,1,0.6946,25180000,2761,2678,4455
chr6,25180000,0.975552,0.667,25200000,2404,2401,4111
chr6,25200000,0.99395,0.63,25220000,2126,2297,3519
chr6,25220000,0.993629,0.62605,25240000,2039,2248,3231
chr6,25240000,0.984228,0.6765,25260000,2824,2500,4623
chr6,25260000,1,0.62175,25280000,2022,2269,3177
chr6,25280000,0.991683,0.684,25300000,2594,2495,4190
chr6,25300000,1,0.6449,25320000,2314,2356,3697
chr6,25320000,0.9626,0.63975,25340000,2206,2221,3672
chr6,25340000,0.991199,0.6407,25360000,2232,2348,3607
chr6,25360000,1,0.62725,25380000,2152,2261,3429
chr6,25380000,0.999975,0.64385,25400000,2397,2394,3650
chr6,25400000,0.948412,0.67335,25420000,2361,2330,4023
chr6,25420000,0.99515,0.6394,25440000,2196,2248,3379
chr6,25440000,0.977861,0.6424,25460000,2052,2030,3397
chr6,25460000,1,0.60755,25480000,1858,1974,2897
chr6,25480000,1,0.6134,25500000,1900,2060,3016
chr6,25500000,0.947237,0.5996,25520000,1578,1814,2648
chr6,25520000,0.9789,0.6095,25540000,1790,2063,2798
chr6,25540000,0.9999,0.6311,25560000,2034,2206,3218
chr6,25560000,1,0.64875,25580000,2388,2393,3798
chr6,25580000,0.9584,0.62685,25600000,1632,1796,2750
chr6,25600000,0.71396,0.70015,25620000,1560,1632,2706
chr6,25620000,0.603367,0.70305,25640000,1281,1329,2061
chr6,25640000,0.99295,0.64555,25660000,2384,2233,3700
chr6,25660000,0.863339,0.58175,25680000,1622,1705,2578
chr6,25680000,0.898871,0.62785,25700000,2190,2161,3434
chr6,25700000,0.93214,0.64135,25720000,1922,1985,3242
chr6,25720000,1,0.62255,25740000,2043,2061,3206
chr6,25740000,1,0.66145,25760000,2367,2376,4046
chr6,25760000,0.929926,0.6525,25780000,2292,2194,3577
chr6,25780000,1,0.58475,25800000,1436,1722,2237
chr6,25800000,0.999475,0.6023,25820000,1838,1947,3000
chr6,25820000,0.632621,0.60375,25840000,867,881,1488
chr7,0,0.527665,0.60755,20000,2151,2114,2773
chr7,20000,0.586823,0.6238,40000,2881,2293,3376
chr7,40000,0.903602,0.61755,60000,3843,3553,4207
chr7,60000,0.986287,0.6353,80000,4420,4177,4708
chr7,80000,1,0.59675,100000,3538,3750,3652
chr7,100000,0.977888,0.61985,120000,3929,4043,4192
chr7,120000,1,0.6163,140000,4071,4244,4232
chr7,140000,0.979254,0.6185,160000,3522,3605,3935
chr7,160000,0.928925,0.60515,180000,3155,3222,3290
chr7,180000,0.994023,0.61965,200000,4121,4084,4310
chr7,200000,1,0.62225,220000,4030,4442,4226
chr7,220000,0.571812,0.6178,240000,1347,1454,1437
chr7,240000,0.681688,0.64355,260000,2486,2387,2588
chr7,260000,0.965957,0.61965,280000,4383,4080,4624
chr7,280000,0.96815,0.60875,300000,4109,4024,4220
chr7,300000,0.982206,0.6238,320000,3851,4139,4309
chr7,320000,0.964647,0.6627,340000,5030,4597,5512
chr7,340000,1,0.6325,360000,4302,4649,4472
chr7,360000,0.963261,0.6714,380000,4610,4238,5180
chr7,380000,0.953454,0.6514,400000,5069,4575,5563
chr7,400000,0.974334,0.63175,420000,4156,4200,4414
chr7,420000,0.882575,0.6348,440000,3491,3566,3840
chr7,440000,0.966908,0.703,460000,5648,5249,6168
chr7,460000,0.98264,0.6603,480000,4440,4193,4783
chr7,480000,1,0.601,500000,3610,3831,3943
chr7,500000,0.990274,0.6464,520000,4372,4075,4629
chr7,520000,1,0.6425,540000,4233,4453,4520
chr7,540000,0.976502,0.66285,560000,4779,4495,5413
chr7,560000,0.994529,0.67275,580000,4968,4638,5015
chr7,580000,0.881777,0.6571,600000,3772,3399,4671
chr7,600000,0.987986,0.6729,620000,5067,4831,5490
chr7,620000,0.972248,0.6509,640000,4517,4579,5036
chr7,640000,1,0.6664,660000,5096,5037,5522
chr7,660000,0.919054,0.64975,680000,4245,4151,4611
chr7,680000,0.998233,0.6895,700000,5403,5066,5831
chr7,700000,0.985626,0.67765,720000,5252,5005,5514
chr7,720000,1,0.6665,740000,4845,4655,4954
chr7,740000,0.998092,0.6749,760000,5128,4970,5619
chr7,760000,0.954292,0.61935,780000,4726,4545,5120
chr7,780000,0.940787,0.62935,800000,4204,3806,4742
chr7,800000,0.977167,0.6849,820000,5343,4941,5838
chr7,820000,0.914432,0.64565,840000,3604,3604,4121
chr7,840000,0.996667,0.66205,860000,4468,4221,4942
chr7,860000,0.964606,0.6834,880000,4743,4516,5184
chr7,880000,0.985175,0.6329,900000,3583,3737,4156
chr7,900000,0.4905,0.6268,920000,834,974,934
chr7,920000,0.607904,0.64845,940000,938,935,909
chr7,940000,1,0.58195,960000,2119,2458,2335
chr7,960000,1,0.59165,980000,2778,2924,3131
chr7,980000,0.903803,0.59025,1000000,2855,2866,3150
chr7,1000000,1,0.5867,1020000,3252,3567,3345
chr7,1020000,1,0.59815,1040000,3142,3352,3447
chr7,1040000,0.923745,0.6072,1060000,4402,4379,4599
chr7,1060000,1,0.59315,1080000,3308,3505,3437
chr7,1080000,0.9788,0.6103,1100000,3801,3789,3999
chr7,1100000,0.974728,0.585,1120000,3061,3560,3302
chr7,1120000,0.999179,0.6196,1140000,3728,3912,4183
chr7,1140000,0.983349,0.6004,1160000,3660,4070,3974
chr7,1160000,0.895457,0.6071,1180000,3118,3392,3415
chr7,1180000,1,0.6169,1200000,3729,3934,3914
chr7,1200000,0.9999,0.62365,1220000,3837,3915,4050
chr7,1220000,0.953657,0.63415,1240000,3730,3836,4148
chr7,1240000,0.975292,0.61555,1260000,3579,3729,3719
chr7,1260000,0.934792,0.63455,1280000,3766,3753,4110
chr7,1280000,0.995368,0.65525,1300000,4778,4531,4976
chr7,1300000,1,0.63515,1320000,4052,4149,4197
chr7,1320000,1,0.63505,1340000,4158,4515,4465
chr7,1340000,1,0.60875,1360000,3641,3861,3715
chr7,1360000,1,0.6415,1380000,4204,4463,4765
chr7,1380000,0.999775,0.6285,1400000,3956,4204,4267
chr7,1400000,0.941194,0.6158,1420000,3568,3763,3836
chr7,1420000,0.984638,0.63035,1440000,3847,4114,4115
chr7,1440000,0.989144,0.67985,1460000,5234,4965,5511
chr7,1460000,1,0.6455,1480000,4318,4351,4532
chr7,1480000,0.9985,0.6181,1500000,3511,3816,3832
chr7,1500000,0.99795,0.6468,1520000,4477,4427,4835
chr7,1520000,1,0.5997,1540000,3049,3524,3250
chr7,1540000,0.9991,0.62785,1560000,3765,3891,3976
chr7,1560000,0.997792,0.63275,1580000,3479,3504,3911
chr7,1580000,0.918282,0.61465,1600000,3272,3095,3546
chr7,1600000,0.982225,0.64355,1620000,3847,3808,4244
chr7,1620000,0.991158,0.67635,1640000,4966,4758,5520
chr7,1640000,0.92214,0.66835,1660000,4314,4158,4673
chr7,1660000,0.973688,0.66375,1680000,4698,4844,5165
chr7,1680000,0.981443,0.68925,1700000,4930,4407,5567
chr7,1700000,0.99995,0.63095,1720000,4143,4260,4392
chr7,1720000,0.951949,0.62145,1740000,3835,3689,4179
chr7,1740000,0.998775,0.6126,1760000,3788,4058,3964
chr7,1760000,0.999575,0.6427,1780000,4456,4663,4919
chr7,1780000,0.93582,0.6659,1800000,4385,4190,5018
chr7,1800000,0.798598,0.608,1820000,2629,2587,2955
chr7,1820000,0.957267,0.6747,1840000,4947,4645,5705
chr7,1840000,0.994942,0.62715,1860000,3789,3952,4318
chr7,1860000,0.944474,0.58285,1880000,3259,3186,3470
chr7,1880000,0.951178,0.6387,1900000,4065,3972,4148
chr7,1900000,0.985375,0.68485,1920000,5212,4839,5309
chr7,1920000,0.964,0.62005,1940000,3788,3985,4038
chr7,1940000,0.96955,0.6643,1960000,4840,4835,5359
chr7,1960000,0.99405,0.6419,1980000,4436,4407,4551
chr7,1980000,0.991403,0.69535,2000000,5526,5075,6116
chr7,2000000,0.991983,0.7011,2020000,5516,5249,5822
chr7,2020000,1,0.66825,2040000,4649,4765,5014
chr7,2040000,0.963025,0.6651,2060000,4670,4665,5218
chr7,2060000,0.778183,0.65725,2080000,2946,2947,3250
chr7,2080000,0.935492,0.6176,2100000,3402,3735,3541
chr7,2100000,1,0.6317,2120000,4194,4367,4506
chr7,2120000,0.999925,0.66515,2140000,4830,4748,5294
chr7,2140000,0.99975,0.65185,2160000,4674,4473,5335
chr7,2160000,0.976681,0.67275,2180000,4833,4525,5368
chr7,2180000,0.817704,0.65445,2200000,3139,3025,3365
chr7,2200000,1,0.63325,2220000,4062,4156,4318
chr7,2220000,0.994017,0.6649,2240000,4985,4662,5406
chr7,2240000,1,0.67405,2260000,5207,4914,5438
chr7,2260000,0.913971,0.61435,2280000,3499,3726,3691
chr7,2280000,0.934221,0.6504,2300000,3941,3918,4193
chr7,2300000,0.962192,0.64795,2320000,4541,4230,5030
chr7,2320000,1,0.63755,2340000,4323,4584,4492
chr7,2340000,0.978721,0.67935,2360000,5156,4794,5692
chr7,2360000,0.834073,0.66625,2380000,4110,4013,4556
chr7,2380000,0.9961,0.67715,2400000,5170,4972,5410
chr7,2400000,0.952287,0.6462,2420000,4256,4417,4885
chr7,2420000,1,0.63735,2440000,4395,4398,4675
chr7,2440000,0.960771,0.674,2460000,4853,4725,5119
chr7,2460000,0.989872,0.6261,2480000,3910,3951,4425
chr7,2480000,0.998338,0.6494,2500000,4779,4813,5003
chr7,2500000,0.995525,0.6688,2520000,4892,4693,5245
chr7,2520000,0.962327,0.6673,2540000,4707,4545,4888
chr7,2540000,0.931602,0.6527,2560000,4084,4163,4658
chr7,2560000,0.999275,0.6836,2580000,5529,5346,6077
chr7,2580000,0.978471,0.65045,2600000,4427,4314,4752
chr7,2600000,1,0.65505,2620000,4727,4661,4970
chr7,2620000,0.990017,0.63885,2640000,4154,4280,4728
chr7,2640000,0.988201,0.63105,2660000,4018,4168,4300
chr7,2660000,0.989325,0.6632,2680000,4620,4515,5041
chr7,2680000,0.99905,0.64895,2700000,4287,4525,4845
chr7,2700000,1,0.6313,2720000,4203,4345,4453
chr7,2720000,0.997175,0.64815,2740000,4594,4614,4814
chr7,2740000,0.99905,0.6657,2760000,5082,4745,5159
chr7,2760000,1,0.627,2780000,3843,4190,4109
chr7,2780000,0.999069,0.65625,2800000,4597,4642,5024
chr7,2800000,0.97729,0.6708,2820000,4995,4630,5135
chr7,2820000,1,0.63885,2840000,4402,4544,4539
chr7,2840000,0.997896,0.61775,2860000,3808,4102,4107
chr7,2860000,0.965046,0.6803,2880000,4892,4495,5295
chr7,2880000,1,0.6022,2900000,2724,2934,2861
chr7,2900000,0.956416,0.6663,2920000,4603,4432,5083
chr7,2920000,0.986987,0.6177,2940000,3775,4117,4115
chr7,2940000,0.994832,0.6387,2960000,4295,4434,4563
chr7,2960000,1,0.6299,2980000,4274,4177,4483
chr7,2980000,0.9985,0.62145,3000000,3903,4088,4154
chr7,3000000,0.9918,0.61705,3020000,3495,3784,3870
chr7,3020000,0.99845,0.6152,3040000,3841,4087,3829
chr7,3040000,0.874117,0.6239,3060000,3267,3473,3554
chr7,3060000,0.611397,0.6321,3080000,2085,2246,2411
chr7,3080000,0.148135,0.64,3100000,71,74,95
chr7,3100000,0.139782,0.65495,3120000,28,28,33
chr7,3120000,0.139572,0.6577,3140000,35,23,55
chr7,3140000,0.131028,0.638,3160000,0,0,1
chr7,3160000,0.140655,0.645,3180000,65,57,73
chr7,3180000,0.235232,0.6661,3200000,605,536,818
chr7,3200000,0.956316,0.63995,3220000,3994,3943,4136
chr7,3220000,0.999533,0.65,3240000,4577,4618,4877
chr7,3240000,0.995517,0.6571,3260000,4467,4502,5030
chr7,3260000,0.981585,0.66275,3280000,4619,4123,4942
chr7,3280000,0.993552,0.64045,3300000,4392,4558,4557
chr7,3300000,0.997575,0.6335,3320000,4204,4272,4398
chr7,3320000,0.996625,0.6371,3340000,3936,4153,4406
chr7,3340000,0.987331,0.65375,3360000,4692,4520,5070
chr7,3360000,0.897973,0.59835,3380000,3022,2944,3364
chr7,3380000,0.922107,0.61385,3400000,3794,3975,4008
chr7,3400000,0.958963,0.66395,3420000,4029,4034,4502
chr7,3420000,0.9966,0.62755,3440000,2862,2970,3403
chr7,3440000,0.987444,0.6672,3460000,4122,3858,4719
chr7,3460000,0.828763,0.61445,3480000,2807,2775,3169
chr7,3480000,0.982408,0.6517,3500000,4256,4209,4729
chr7,3500000,0.971882,0.66865,3520000,4640,4669,5079
chr7,3520000,1,0.6396,3540000,4334,4366,4492
chr7,3540000,0.996025,0.6407,3560000,4423,4600,4748
chr7,3560000,0.919564,0.63415,3580000,3800,3918,4041
chr7,3580000,0.86925,0.60155,3600000,2795,3036,3011
chr7,3600000,0.983525,0.6261,3620000,3810,4108,3866
chr7,3620000,0.990867,0.69495,3640000,5200,4947,5583
chr7,3640000,0.989325,0.6437,3660000,4276,4178,4642
chr7,3660000,0.913122,0.64885,3680000,3908,4007,4212
chr7,3680000,1,0.64855,3700000,4431,4577,4730
chr7,3700000,0.995678,0.68,3720000,5119,4890,5429
chr7,3720000,0.995992,0.66475,3740000,4861,4633,5042
chr7,3740000,0.916481,0.6103,3760000,3483,3314,3765
chr7,3760000,0.81996,0.62,3780000,2831,2923,3218
chr7,3780000,0.9951,0.6322,3800000,4035,4171,4281
chr7,3800000,0.992013,0.6202,3820000,4574,4395,4467
chr7,3820000,0.995575,0.63285,3840000,4263,4505,4654
chr7,3840000,1,0.6066,3860000,3515,3795,3714
chr7,3860000,0.992894,0.637,3880000,4226,4291,4491
chr7,3880000,0.992679,0.63585,3900000,4319,4603,4522
chr7,3900000,0.962539,0.6376,3920000,4040,4150,4389
chr7,3920000,0.999543,0.6649,3940000,4920,4897,5174
chr7,3940000,1,0.61035,3960000,3858,4125,4005
chr7,3960000,0.912071,0.6341,3980000,3118,3373,3447
chr7,3980000,0.98335,0.62345,4000000,3618,3832,4004
chr7,4000000,0.997008,0.6294,4020000,4194,4403,4780
chr7,4020000,0.994675,0.64725,4040000,4550,4704,4802
chr7,4040000,1,0.66215,4060000,4648,4852,4953
chr7,4060000,0.994671,0.67105,4080000,5033,4803,5349
chr7,4080000,0.9991,0.64775,4100000,4230,4370,4635
chr7,4100000,0.996475,0.68255,4120000,4931,4842,5338
chr7,4120000,0.99985,0.6426,4140000,4283,4380,4471
chr7,4140000,0.9915,0.6318,4160000,3940,4220,4257
chr7,4160000,1,0.62845,4180000,4042,4134,4180
chr7,4180000,0.993497,0.6318,4200000,4127,4348,4344
chr7,4200000,0.999108,0.60845,4220000,3379,3755,3531
chr7,4220000,0.960537,0.62455,4240000,3395,3478,3737
chr7,4240000,1,0.6343,4260000,3878,3898,3940
chr7,4260000,1,0.62025,4280000,3659,3861,3987
chr7,4280000,0.9992,0.6187,4300000,3864,4088,3914
chr7,4300000,1,0.61515,4320000,3674,3818,3903
chr7,4320000,0.997925,0.64515,4340000,4194,4248,4579
chr7,4340000,1,0.6296,4360000,3809,3888,4121
chr7,4360000,0.9925,0.63835,4380000,4198,4250,4449
chr7,4380000,1,0.63955,4400000,4171,4505,4256
chr7,4400000,0.978717,0.64215,4420000,4081,3985,4363
chr7,4420000,0.927258,0.62935,4440000,3802,3740,4217
chr7,4440000,0.962735,0.62175,4460000,3768,3882,4362
chr7,4460000,0.991449,0.6335,4480000,4013,4132,4261
chr7,4480000,1,0.63055,4500000,3347,3477,3626
chr7,4500000,1,0.65245,4520000,4262,4354,4645
chr7,4520000,1,0.63815,4540000,4025,4199,4227
chr7,4540000,0.948309,0.63255,4560000,3537,3621,3856
chr7,4560000,0.9954,0.65815,4580000,4193,4220,4375
chr7,4580000,0.939487,0.6643,4600000,4472,4527,5159
chr7,4600000,0.998704,0.6226,4620000,3866,4213,4145
chr7,4620000,1,0.62575,4640000,3846,3938,4062
chr7,4640000,1,0.621,4660000,3751,4186,3935
chr7,4660000,0.987325,0.6162,4680000,3750,3798,3954
chr7,4680000,1,0.6182,4700000,3736,3969,3968
chr7,4700000,1,0.6354,4720000,4095,4177,4234
chr7,4720000,0.99755,0.67175,4740000,4161,3961,4548
chr7,4740000,1,0.6219,4760000,3381,3358,3494
chr7,4760000,1,0.6425,4780000,4036,4274,4252
chr7,4780000,1,0.6038,4800000,3339,3686,3707
chr7,4800000,1,0.66,4820000,4656,4696,4729
chr7,4820000,1,0.6454,4840000,4371,4446,4512
chr7,4840000,0.979204,0.63695,4860000,4198,4238,4374
chr7,4860000,0.98383,0.63785,4880000,4001,3937,4567
chr7,4880000,0.80965,0.6736,4900000,3349,3120,3560
chr7,4900000,0.939925,0.6302,4920000,3492,3779,3760
chr7,4920000,0.940225,0.62415,4940000,3424,3651,3726
chr7,4940000,0.9418,0.60865,4960000,3670,3817,3864
chr7,4960000,0.932467,0.67115,4980000,4176,4117,4574
chr7,4980000,0.997775,0.62395,5000000,2911,3886,3170
chr7,5000000,0.989875,0.63685,5020000,3037,4126,3286
chr7,5020000,1,0.63655,5040000,3480,4547,3623
chr7,5040000,0.890233,0.64395,5060000,2710,3556,2968
chr7,5060000,0.983051,0.6617,5080000,3454,4601,3751
chr7,5080000,0.997467,0.66685,5100000,3737,4736,4078
chr7,5100000,0.960799,0.64025,5120000,2749,3895,3297
chr7,5120000,0.97775,0.63605,5140000,2993,3960,3316
chr7,5140000,0.997104,0.6557,5160000,3746,4944,3815
chr7,5160000,1,0.62575,5180000,2961,4257,3142
chr7,5180000,0.982592,0.6589,5200000,3429,4537,3783
chr7,5200000,0.988745,0.61775,5220000,2919,4047,2894
chr7,5220000,0.975363,0.62025,5240000,2456,3631,2708
chr7,5240000,1,0.6243,5260000,2126,2793,2411
chr7,5260000,1,0.6268,5280000,3891,4282,4029
chr7,5280000,0.9836,0.6299,5300000,3096,4112,3210
chr7,5300000,0.9998,0.6157,5320000,2906,4116,3026
chr7,5320000,0.971202,0.65805,5340000,3187,4145,3418
chr7,5340000,0.99389,0.63495,5360000,2901,3982,3283
chr7,5360000,0.9986,0.66035,5380000,3562,4720,3645
chr7,5380000,1,0.60975,5400000,2341,3430,2491
chr7,5400000,1,0.5841,5420000,2214,3269,2353
chr7,5420000,1,0.6243,5440000,2907,4321,3148
chr7,5440000,1,0.60315,5460000,2371,3555,2471
chr7,5460000,1,0.6181,5480000,2539,3476,2621
chr7,5480000,0.99355,0.66585,5500000,3463,4620,3708
chr7,5500000,0.973746,0.6523,5520000,3173,4378,3626
chr7,5520000,0.9846,0.6102,5540000,2691,3857,2851
chr7,5540000,1,0.64655,5560000,3095,4206,3152
chr7,5560000,1,0.638,5580000,3291,4360,3690
chr7,5580000,0.998725,0.64065,5600000,3035,4045,3178
chr7,5600000,0.974717,0.69775,5620000,4092,4848,4361
chr7,5620000,1,0.61985,5640000,2830,4013,2919
chr7,5640000,0.981842,0.6542,5660000,3175,4301,3413
chr7,5660000,0.99735,0.65685,5680000,3658,4822,3899
chr7,5680000,0.993749,0.66255,5700000,3566,4626,3867
chr7,5700000,0.998825,0.6454,5720000,3271,4580,3592
chr7,5720000,0.997396,0.659,5740000,3644,4827,3784
chr7,5740000,1,0.66355,5760000,3647,4813,3767
chr7,5760000,1,0.64565,5780000,3244,4601,3453
chr7,5780000,0.9996,0.6652,5800000,3558,4468,3825
chr7,5800000,0.994904,0.6621,5820000,3666,4733,3874
chr7,5820000,0.998367,0.66895,5840000,3899,5011,4271
chr7,5840000,1,0.6822,5860000,3995,5007,4169
chr7,5860000,1,0.66785,5880000,3699,4642,3943
chr7,5880000,0.9994,0.6519,5900000,3304,4466,3434
chr7,5900000,0.998988,0.6618,5920000,4120,5221,4181
chr7,5920000,1,0.63245,5940000,3150,4245,3404
chr7,5940000,1,0.68445,5960000,4049,5157,4236
chr7,5960000,0.991934,0.65525,5980000,3503,4553,3726
chr7,5980000,1,0.6357,6000000,3192,4614,3347
chr7,6000000,1,0.68035,6020000,3904,4970,4119
chr7,6020000,0.997467,0.6545,6040000,3616,4849,3824
chr7,6040000,1,0.60965,6060000,2695,4056,2795
chr7,6060000,1,0.604,6080000,2672,3978,2816
chr7,6080000,1,0.64305,6100000,3293,4610,3427
chr7,6100000,0.98466,0.6406,6120000,3152,4319,3470
chr7,6120000,0.963462,0.6712,6140000,3398,4310,3964
chr7,6140000,0.937421,0.6327,6160000,2782,3867,3006
chr7,6160000,0.990394,0.65445,6180000,3469,4374,3736
chr7,6180000,0.9891,0.6502,6200000,3650,4677,3917
chr7,6200000,0.948863,0.6344,6220000,3127,4272,3258
chr7,6220000,0.9735,0.58755,6240000,2604,3685,2703
chr7,6240000,1,0.62,6260000,2793,3916,2864
chr7,6260000,0.996439,0.6118,6280000,2751,4017,2933
chr7,6280000,0.997858,0.62725,6300000,2992,4079,3251
chr7,6300000,0.913665,0.64715,6320000,2894,3994,3420
chr7,6320000,0.992545,0.6642,6340000,3495,4615,3765
chr7,6340000,0.992383,0.66925,6360000,3627,4510,3934
chr7,6360000,0.986667,0.65455,6380000,3358,4666,3605
chr7,6380000,0.99975,0.6818,6400000,4007,5051,4076
chr7,6400000,0.971331,0.67185,6420000,3466,4533,3510
chr7,6420000,0.903733,0.6793,6440000,3411,4112,3574
chr7,6440000,1,0.6358,6460000,3037,4345,3267
chr7,6460000,0.926444,0.662,6480000,3041,3972,3197
chr7,6480000,0.990843,0.64575,6500000,3151,4133,3533
chr7,6500000,0.935996,0.6582,6520000,2776,3504,3241
chr7,6520000,1,0.63165,6540000,2872,3846,3181
chr7,6540000,0.98072,0.6911,6560000,3939,4861,3997
chr7,6560000,0.99725,0.6159,6580000,2841,4085,3034
chr7,6580000,1,0.635,6600000,3290,4509,3350
chr7,6600000,0.999025,0.69695,6620000,3970,5117,4268
chr7,6620000,0.999925,0.63335,6640000,2842,3771,2961
chr7,6640000,0.996156,0.6484,6660000,3355,4436,3505
chr7,6660000,0.998038,0.6115,6680000,2971,4275,3034
chr7,6680000,0.990133,0.6334,6700000,3217,4337,3457
chr7,6700000,1,0.68015,6720000,3765,5190,4164
chr7,6720000,1,0.66515,6740000,3700,4627,3700
chr7,6740000,1,0.6258,6760000,3039,4384,3350
chr7,6760000,0.997542,0.6388,6780000,3946,5198,4143
chr7,6780000,0.990925,0.61745,6800000,2968,4274,3053
chr7,6800000,0.998725,0.62745,6820000,3328,4607,3418
chr7,6820000,0.96534,0.65275,6840000,3646,4407,4025
chr7,6840000,0.999975,0.60035,6860000,2715,4078,2917
chr7,6860000,0.999358,0.6405,6880000,3300,4497,3398
chr7,6880000,0.935107,0.6043,6900000,2436,3298,2805
chr7,6900000,1,0.6041,6920000,2696,3851,2871
chr7,6920000,0.916492,0.6033,6940000,2348,3418,2499
chr7,6940000,1,0.68185,6960000,4114,5220,4270
chr7,6960000,1,0.62885,6980000,2943,4195,3131
chr7,6980000,0.957686,0.6332,7000000,3017,3823,3328
chr7,7000000,0.900361,0.65475,7020000,3273,4079,3549
chr7,7020000,0.937254,0.5869,7040000,2247,3345,2478
chr7,7040000,0.981575,0.6106,7060000,2697,3846,3006
chr7,7060000,1,0.64215,7080000,3304,4633,3518
chr7,7080000,0.999075,0.64625,7100000,3488,4720,3935
chr7,7100000,1,0.6249,7120000,2587,3842,2824
chr7,7120000,0.986584,0.6348,7140000,3143,4259,3442
chr7,7140000,0.949175,0.6242,7160000,2975,4089,3115
chr7,7160000,1,0.63,7180000,3184,4527,3437
chr7,7180000,1,0.6314,7200000,3071,4150,3301
chr7,7200000,1,0.6348,7220000,3104,4416,3248
chr7,7220000,1,0.64165,7240000,3245,4423,3459
chr7,7240000,0.931547,0.6554,7260000,3131,3851,3551
chr7,7260000,0.952289,0.5934,7280000,2471,3307,2750
chr7,7280000,0.985875,0.67015,7300000,3518,4632,3970
chr7,7300000,0.895031,0.6419,7320000,2930,3698,3473
chr7,7320000,0.993588,0.6317,7340000,3072,4179,3254
chr7,7340000,0.9956,0.62925,7360000,3072,4162,3180
chr7,7360000,0.999425,0.6153,7380000,2942,4029,2923
chr7,7380000,1,0.6034,7400000,2775,3712,2733
chr7,7400000,1,0.60575,7420000,2710,3550,2604
chr7,7420000,0.967037,0.63595,7440000,2903,3998,3089
chr7,7440000,0.982267,0.63575,7460000,2920,4218,3089
chr7,7460000,0.992317,0.63295,7480000,3176,4439,3404
chr7,7480000,0.996846,0.6062,7500000,2737,3738,2838
chr7,7500000,0.99875,0.6296,7520000,2971,4256,3234
chr7,7520000,1,0.6054,7540000,2503,3870,2753
chr7,7540000,0.999625,0.65225,7560000,3643,4781,3997
chr7,7560000,1,0.6168,7580000,2956,4164,3108
chr7,7580000,0.99425,0.61215,7600000,2620,3695,2726
chr7,7600000,0.97825,0.6404,7620000,4640,5537,4563
chr7,7620000,1,0.64475,7640000,3240,4326,3432
chr7,7640000,1,0.6198,7660000,3104,4240,3072
chr7,7660000,1,0.6189,7680000,2815,4108,2873
chr7,7680000,0.973159,0.66205,7700000,3284,4435,3559
chr7,7700000,0.998525,0.65585,7720000,3469,4808,3592
chr7,7720000,0.975402,0.6788,7740000,3795,4744,4080
chr7,7740000,0.894534,0.6449,7760000,3632,4494,3728
chr7,7760000,0.907849,0.64775,7780000,2914,3937,3125
chr7,7780000,0.99925,0.62245,7800000,2911,4208,3196
chr7,7800000,1,0.6855,7820000,4804,5792,4732
chr7,7820000,0.976727,0.6568,7840000,4089,4899,3975
chr7,7840000,0.976071,0.63475,7860000,2919,3992,3213
chr7,7860000,1,0.6375,7880000,3253,4428,3219
chr7,7880000,1,0.6464,7900000,3598,4532,3651
chr7,7900000,0.996777,0.65375,7920000,3601,4782,3769
chr7,7920000,0.980225,0.6491,7940000,3402,4335,3681
chr7,7940000,0.998725,0.64635,7960000,3443,4646,3637
chr7,7960000,0.999075,0.6313,7980000,3075,4201,3128
chr7,7980000,0.997681,0.62325,8000000,3173,4408,3313
chr7,8000000,0.906185,0.63815,8020000,3097,3777,3484
chr7,8020000,1,0.6154,8040000,2898,4235,3104
chr7,8040000,1,0.60975,8060000,2731,3956,2910
chr7,8060000,0.995658,0.6664,8080000,3840,4841,4368
chr7,8080000,0.876618,0.60455,8100000,2436,3370,2636
chr7,8100000,0.9174,0.54625,8120000,1910,2569,2181
chr7,8120000,0.935468,0.63265,8140000,3238,3848,3810
chr7,8140000,0.985702,0.64755,8160000,4826,5438,4579
chr7,8160000,0.933451,0.6454,8180000,3094,4164,3375
chr7,8180000,0.935427,0.6336,8200000,2697,3803,2984
chr7,8200000,0.995025,0.6363,8220000,3060,4153,3364
chr7,8220000,0.9857,0.62095,8240000,2633,3617,2829
chr7,8240000,1,0.61035,8260000,2900,4249,3039
chr7,8260000,1,0.61875,8280000,2647,4013,2777
chr7,8280000,0.979637,0.6274,8300000,2930,4060,3157
chr7,8300000,1,0.6527,8320000,3588,4786,3673
chr7,8320000,1,0.63465,8340000,3285,4585,3353
chr7,8340000,0.999675,0.62025,8360000,2694,4025,2913
chr7,8360000,1,0.61955,8380000,2788,4184,2959
chr7,8380000,0.987992,0.62345,8400000,2961,4151,3429
chr7,8400000,1,0.62545,8420000,2792,4126,2974
chr7,8420000,0.99805,0.6391,8440000,3166,4287,3420
chr7,8440000,0.976836,0.6413,8460000,3065,4037,3375
chr7,8460000,0.998975,0.6305,8480000,3026,4097,3142
chr7,8480000,1,0.6303,8500000,3082,4322,3184
chr7,8500000,0.979887,0.6555,8520000,3270,4356,3465
chr7,8520000,1,0.6078,8540000,2546,3748,2647
chr7,8540000,1,0.6238,8560000,2720,3985,2818
chr7,8560000,0.982097,0.65495,8580000,3563,4653,3785
chr7,8580000,0.9996,0.60905,8600000,2812,4068,2875
chr7,8600000,0.987225,0.6287,8620000,3051,4386,3262
chr7,8620000,0.997525,0.6108,8640000,2662,3941,2908
chr7,8640000,1,0.6125,8660000,2432,3496,2729
chr7,8660000,0.977467,0.63975,8680000,2975,4153,3112
chr7,8680000,1,0.6337,8700000,3311,4503,3327
chr7,8700000,0.99852,0.68615,8720000,3869,5079,4148
chr7,8720000,1,0.6561,8740000,3482,4730,3714
chr7,8740000,0.9998,0.6639,8760000,3819,5388,3863
chr7,8760000,0.9974,0.63425,8780000,3072,4260,3353
chr7,8780000,1,0.63375,8800000,3204,4323,3371
chr7,8800000,0.939105,0.64335,8820000,2936,4310,3269
chr7,8820000,1,0.63255,8840000,3167,4472,3318
chr7,8840000,0.999725,0.65425,8860000,3777,5009,4275
chr7,8860000,0.990706,0.6699,8880000,3709,4890,4044
chr7,8880000,0.939768,0.6583,8900000,3128,4244,3576
chr7,8900000,0.988608,0.6418,8920000,3546,4468,3562
chr7,8920000,0.993167,0.6139,8940000,2632,3846,2901
chr7,8940000,0.992783,0.6457,8960000,3166,4515,3529
chr7,8960000,0.977183,0.66515,8980000,3554,4663,3667
chr7,8980000,0.969754,0.6497,9000000,3150,4280,3643
chr7,9000000,0.966326,0.6303,9020000,2888,3845,3096
chr7,9020000,1,0.64425,9040000,3310,4799,3484
chr7,9040000,0.998525,0.6483,9060000,3303,4645,3461
chr7,9060000,1,0.65365,9080000,3245,4440,3389
chr7,9080000,1,0.6387,9100000,3064,4324,3267
chr7,9100000,0.981334,0.6265,9120000,2806,4077,2962
chr7,9120000,0.986179,0.63295,9140000,3030,4259,3157
chr7,9140000,0.996558,0.64855,9160000,2989,3974,3453
chr7,9160000,1,0.6349,9180000,3085,4469,3267
chr7,9180000,0.994017,0.65375,9200000,3460,4643,3662
chr7,9200000,0.939348,0.64695,9220000,3518,4582,3672
chr7,9220000,0.945258,0.67355,9240000,3446,4600,3792
chr7,9240000,0.988648,0.67875,9260000,3816,4743,4251
chr7,9260000,0.959658,0.6247,9280000,2804,3793,3114
chr7,9280000,0.893285,0.6353,9300000,2705,3704,2975
chr7,9300000,0.991203,0.676,9320000,3916,5100,2902
chr7,9320000,1,0.64105,9340000,3261,4429,2287
chr7,9340000,0.915234,0.65395,9360000,3199,3847,2271
chr7,9360000,0.9912,0.59385,9380000,2970,4051,2217
chr7,9380000,1,0.6397,9400000,3094,4359,2218
chr7,9400000,0.979793,0.6313,9420000,3163,4361,2466
chr7,9420000,0.974742,0.6054,9440000,3391,4290,2296
chr7,9440000,0.949479,0.6235,9460000,3198,4169,2380
chr7,9460000,0.980007,0.6475,9480000,3414,4504,2545
chr7,9480000,1,0.65035,9500000,3345,4676,2360
chr7,9500000,0.981821,0.6753,9520000,3729,4917,2627
chr7,9520000,1,0.6671,9540000,3713,4894,2433
chr7,9540000,0.993192,0.66285,9560000,3695,4900,2620
chr7,9560000,0.988966,0.7035,9580000,4260,5281,3070
chr7,9580000,0.96419,0.6372,9600000,3122,4425,2289
chr7,9600000,0.991083,0.5542,9620000,2863,3740,2185
chr7,9620000,0.932483,0.63005,9640000,2954,3873,2124
chr7,9640000,0.9999,0.65015,9660000,3390,4752,2494
chr7,9660000,0.999925,0.6294,9680000,3085,4385,2176
chr7,9680000,0.809347,0.6273,9700000,2467,3072,1962
chr7,9700000,0.949687,0.6246,9720000,2999,3914,2252
chr7,9720000,0.968392,0.6219,9740000,2926,4300,2098
chr7,9740000,0.94658,0.63855,9760000,3030,4128,2066
chr7,9760000,0.99775,0.63965,9780000,3218,4416,2204
chr7,9780000,0.995637,0.65585,9800000,3413,4583,2417
chr7,9800000,0.980597,0.67995,9820000,3846,4721,2818
chr7,9820000,0.831389,0.6349,9840000,2151,2695,1551
chr7,9840000,0.9999,0.6395,9860000,2954,3875,2187
chr7,9860000,0.984042,0.6523,9880000,3702,4731,2940
chr7,9880000,0.963167,0.6537,9900000,3627,3632,3939
chr7,9900000,0.965568,0.65435,9920000,4464,3806,4993
chr7,9920000,0.945983,0.65585,9940000,3092,3783,2431
chr7,9940000,0.960252,0.66275,9960000,3286,4086,2396
chr7,9960000,0.9585,0.6806,9980000,3759,4482,2749
chr7,9980000,0.914378,0.66875,10000000,2789,3750,1977
chr7,10000000,0.871975,0.65235,10020000,2365,3370,1747
chr7,10020000,0.992675,0.64035,10040000,2993,3851,2320
chr7,10040000,0.99975,0.63855,10060000,3420,4367,2582
chr7,10060000,0.998825,0.6675,10080000,3671,4717,2571
chr7,10080000,1,0.62185,10100000,2839,4036,1938
chr7,10100000,0.995496,0.65315,10120000,3431,4532,2423
chr7,10120000,0.943225,0.6271,10140000,2813,3679,2063
chr7,10140000,0.9988,0.63235,10160000,3104,4431,2104
chr7,10160000,0.98905,0.62605,10180000,2844,4207,2127
chr7,10180000,0.991392,0.6508,10200000,3489,4832,2537
chr7,10200000,0.9627,0.62935,10220000,3025,4023,2110
chr7,10220000,0.978575,0.61475,10240000,2823,4050,2032
chr7,10240000,0.999325,0.67125,10260000,3723,4943,2735
chr7,10260000,0.995608,0.6226,10280000,2927,4380,2131
chr7,10280000,0.918679,0.6391,10300000,2984,3657,2232
chr7,10300000,0.99975,0.692,10320000,4224,5241,3089
chr7,10320000,1,0.62855,10340000,3182,4443,2170
chr7,10340000,0.965025,0.62915,10360000,2820,4071,2003
chr7,10360000,1,0.68775,10380000,4132,5281,2987
chr7,10380000,0.844242,0.6196,10400000,2505,3466,1768
chr7,10400000,1,0.6403,10420000,3193,4658,2253
chr7,10420000,1,0.62905,10440000,2968,4178,2078
chr7,10440000,0.93693,0.65965,10460000,3603,4772,2406
chr7,10460000,0.911419,0.64055,10480000,3079,4261,2172
chr7,10480000,1,0.6275,10500000,3133,4354,2093
chr7,10500000,0.998375,0.60475,10520000,3892,5002,3107
chr7,10520000,0.980904,0.63285,10540000,3584,4741,2770
chr7,10540000,1,0.6472,10560000,3547,4831,2497
chr7,10560000,0.9679,0.622,10580000,2840,4103,1964
chr7,10580000,0.742268,0.64425,10600000,1940,2591,1417
chr7,10600000,1,0.6429,10620000,3378,4518,2383
chr7,10620000,0.9989,0.63265,10640000,2911,4253,2103
chr7,10640000,0.957733,0.6967,10660000,3827,4609,2785
chr7,10660000,1,0.65635,10680000,3544,4658,2476
chr7,10680000,0.961034,0.66195,10700000,3359,4401,2444
chr7,10700000,0.994312,0.6235,10720000,3016,4186,2023
chr7,10720000,1,0.6243,10740000,3008,4269,2165
chr7,10740000,1,0.622,10760000,2950,4291,2002
chr7,10760000,1,0.63585,10780000,3247,4581,2244
chr7,10780000,0.9276,0.64365,10800000,2734,3682,2069
chr7,10800000,0.999025,0.6678,10820000,3833,4968,2660
chr7,10820000,1,0.67085,10840000,3539,4367,2511
chr7,10840000,0.815694,0.6614,10860000,2425,2234,1926
chr7,10860000,0.968425,0.65225,10880000,4186,3852,3045
chr7,10880000,0.996105,0.6393,10900000,3295,3417,2489
chr7,10900000,1,0.62655,10920000,3295,3490,2361
chr7,10920000,1,0.6505,10940000,3289,3274,2297
chr7,10940000,0.968378,0.69595,10960000,4360,4046,3096
chr7,10960000,0.999,0.6362,10980000,3046,3349,2213
chr7,10980000,0.998167,0.6489,11000000,3284,3461,2263
chr7,11000000,0.962008,0.61625,11020000,2682,2888,2138
chr7,11020000,0.943836,0.6421,11040000,3256,3197,2282
chr7,11040000,0.965425,0.62245,11060000,2805,3085,1871
chr7,11060000,0.837679,0.6155,11080000,2314,2453,1632
chr7,11080000,0.999787,0.6606,11100000,3608,3667,2590
chr7,11100000,0.994573,0.6906,11120000,4141,4079,3011
chr7,11120000,0.979851,0.67315,11140000,3737,3537,2689
chr7,11140000,0.98495,0.64615,11160000,3183,3237,2253
chr7,11160000,0.985792,0.6652,11180000,3532,3487,2517
chr7,11180000,0.972675,0.6926,11200000,4102,3892,3070
chr7,11200000,0.987208,0.6197,11220000,2877,3049,2091
chr7,11220000,0.9943,0.62595,11240000,3203,3289,2349
chr7,11240000,1,0.6394,11260000,3510,3390,2426
chr7,11260000,0.999775,0.59605,11280000,2661,3159,1858
chr7,11280000,0.994826,0.631,11300000,2874,3071,2027
chr7,11300000,0.694398,0.6656,11320000,2213,2185,1534
chr7,11320000,1,0.632,11340000,2665,2732,1890
chr7,11340000,1,0.6776,11360000,3730,3808,2796
chr7,11360000,1,0.6665,11380000,3626,3729,2478
chr7,11380000,0.98785,0.66305,11400000,3493,3521,2479
chr7,11400000,0.9512,0.65095,11420000,3414,3337,2276
chr7,11420000,0.989225,0.6454,11440000,3171,3315,2425
chr7,11440000,0.971825,0.6252,11460000,3020,3158,2196
chr7,11460000,0.991683,0.6519,11480000,3525,3503,2645
chr7,11480000,0.975982,0.6249,11500000,3021,3073,2118
chr7,11500000,0.850839,0.65685,11520000,3602,3234,2465
chr7,11520000,1,0.6761,11540000,4000,3813,2832
chr7,11540000,1,0.62715,11560000,2794,2992,2056
chr7,11560000,0.961781,0.6468,11580000,3271,3167,2555
chr7,11580000,0.9462,0.66925,11600000,3554,3342,2583
chr7,11600000,0.9906,0.63645,11620000,2992,3241,2214
chr7,11620000,0.998517,0.655,11640000,3534,3668,2597
chr7,11640000,0.991007,0.60825,11660000,3281,3258,2331
chr7,11660000,0.996365,0.6709,11680000,4182,3998,3020
chr7,11680000,0.958475,0.68235,11700000,3779,3838,2844
chr7,11700000,0.865832,0.63015,11720000,2698,2788,1948
chr7,11720000,1,0.6653,11740000,3669,3682,2526
chr7,11740000,0.959503,0.6652,11760000,3681,3746,2747
chr7,11760000,0.877783,0.6606,11780000,3511,3290,2585
chr7,11780000,1,0.65795,11800000,4162,4146,2693
chr7,11800000,0.9706,0.6254,11820000,2812,3124,1997
chr7,11820000,0.998375,0.64715,11840000,3665,3704,2482
chr7,11840000,0.962719,0.66985,11860000,3451,3397,2504
chr7,11860000,0.984129,0.65675,11880000,3416,3453,2511
chr7,11880000,0.99795,0.6456,11900000,3515,3665,2576
chr7,11900000,0.976777,0.59645,11920000,3138,3207,2311
chr7,11920000,0.967335,0.6837,11940000,3811,3852,2680
chr7,11940000,0.9957,0.6407,11960000,3323,3498,2359
chr7,11960000,0.914532,0.65305,11980000,3262,3295,2461
chr7,11980000,0.9958,0.64365,12000000,3587,3627,2444
chr7,12000000,0.997325,0.66955,12020000,3765,3717,2835
chr7,12020000,0.99425,0.6582,12040000,8379,7891,6368
chr7,12040000,1,0.6484,12060000,3397,3526,2377
chr7,12060000,0.981229,0.6809,12080000,3760,3577,2688
chr7,12080000,0.998565,0.697,12100000,4161,3924,3043
chr7,12100000,0.994033,0.65905,12120000,3313,3309,2365
chr7,12120000,0.9969,0.6412,12140000,3295,3501,2259
chr7,12140000,0.981042,0.6357,12160000,3219,3204,2400
chr7,12160000,0.996483,0.63925,12180000,3569,3422,2698
chr7,12180000,1,0.62975,12200000,3099,3286,2085
chr7,12200000,0.999225,0.6505,12220000,3077,3062,2185
chr7,12220000,0.984037,0.622,12240000,2943,3114,2012
chr7,12240000,0.956916,0.65735,12260000,3363,3387,2485
chr7,12260000,1,0.63805,12280000,3440,3281,2418
chr7,12280000,0.7992,0.64225,12300000,2493,2410,1876
chr7,12300000,0.4532,0.62975,12320000,183,136,163
chr7,12320000,0.984773,0.6439,12340000,3438,3399,2337
chr7,12340000,0.980875,0.6062,12360000,2657,2898,1782
chr7,12360000,0.998925,0.61095,12380000,2891,3092,2050
chr7,12380000,0.985093,0.63025,12400000,3060,3185,2285
chr7,12400000,0.966379,0.64255,12420000,3269,3263,2309
chr7,12420000,0.976471,0.6361,12440000,3082,3088,2254
chr7,12440000,0.993792,0.62145,12460000,1743,1284,725
chr7,12460000,0.993925,0.61165,12480000,2251,1632,798
chr7,12480000,0.97285,0.6292,12500000,2821,1958,1007
chr7,12500000,1,0.65555,12520000,3689,2520,1351
chr7,12520000,0.971221,0.62595,12540000,2772,1999,1097
chr7,12540000,0.982983,0.62235,12560000,2856,1837,1053
chr7,12560000,1,0.66955,12580000,3816,2532,1312
chr7,12580000,0.99913,0.68025,12600000,4248,2722,1549
chr7,12600000,1,0.65275,12620000,3593,2364,1272
chr7,12620000,0.99255,0.6883,12640000,3989,2580,1459
chr7,12640000,0.988759,0.62375,12660000,3281,2214,1109
chr7,12660000,0.994528,0.63195,12680000,3304,2275,1174
chr7,12680000,0.960256,0.6318,12700000,3019,2135,1174
chr7,12700000,0.924007,0.65045,12720000,3228,2199,1239
chr7,12720000,0.949931,0.69675,12740000,4103,2556,1676
chr7,12740000,0.913986,0.67075,12760000,3487,2228,1381
chr7,12760000,0.9523,0.64415,12780000,2689,1822,1130
chr7,12780000,0.985096,0.5604,12800000,2375,1625,1082
chr7,12800000,0.987717,0.69465,12820000,4951,2998,1799
chr7,12820000,0.9752,0.63145,12840000,2841,2138,1092
chr7,12840000,0.806896,0.64505,12860000,2439,1580,948
chr7,12860000,0.807904,0.6083,12880000,2158,1502,865
chr7,12880000,0.89525,0.65275,12900000,3125,2050,1118
chr7,12900000,0.988552,0.6551,12920000,4483,3207,2047
chr7,12920000,0.971675,0.6152,12940000,2814,1965,1046
chr7,12940000,0.979458,0.6371,12960000,3124,2113,1092
chr7,12960000,0.999575,0.64335,12980000,3458,2417,1166
chr7,12980000,0.969971,0.6178,13000000,2896,2022,1078
chr7,13000000,1,0.60965,13020000,2560,1896,951
chr7,13020000,1,0.63885,13040000,3089,2137,1183
chr7,13040000,0.998143,0.62835,13060000,3150,2244,1186
chr7,13060000,0.990982,0.66505,13080000,3566,2394,1305
chr7,13080000,0.995662,0.65145,13100000,3434,2228,1186
chr7,13100000,0.995929,0.64745,13120000,2830,1955,1141
chr7,13120000,0.996787,0.68505,13140000,4081,2541,1474
chr7,13140000,0.886153,0.62915,13160000,2830,1967,1123
chr7,13160000,0.978744,0.6259,13180000,3141,2147,1067
chr7,13180000,0.910032,0.68095,13200000,3772,2365,1531
chr7,13200000,0.98495,0.66055,13220000,3641,2546,1326
chr7,13220000,0.981357,0.63825,13240000,3350,2349,1271
chr7,13240000,0.942602,0.6341,13260000,2386,1519,854
chr7,13260000,0.996017,0.62995,13280000,2445,1716,994
chr7,13280000,0.908018,0.6689,13300000,2883,1916,1120
chr7,13300000,0.95651,0.6429,13320000,3294,2234,1320
chr7,13320000,0.941987,0.63955,13340000,3427,2440,1514
chr7,13340000,0.847551,0.5916,13360000,2628,1803,975
chr7,13360000,0.952762,0.6574,13380000,3703,2560,1513
chr7,13380000,0.998725,0.6503,13400000,3865,2738,1528
chr7,13400000,0.9875,0.64905,13420000,3573,2498,1491
chr7,13420000,0.991183,0.62105,13440000,3048,2230,1146
chr7,13440000,0.958635,0.67565,13460000,3494,2403,1349
chr7,13460000,0.9849,0.61875,13480000,3054,2158,1060
chr7,13480000,0.997588,0.67445,13500000,4038,2857,1489
chr7,13500000,1,0.6455,13520000,3385,2432,1216
chr7,13520000,0.964068,0.6582,13540000,3439,2260,1268
chr7,13540000,0.976748,0.62765,13560000,2905,2081,1045
chr7,13560000,0.990183,0.66925,13580000,3758,2494,1301
chr7,13580000,1,0.6728,13600000,4926,3382,1966
chr7,13600000,0.9744,0.66025,13620000,3474,2435,1195
chr7,13620000,0.994816,0.68955,13640000,4224,2779,1557
chr7,13640000,0.99335,0.66455,13660000,3521,2289,1323
chr7,13660000,0.997148,0.6723,13680000,3973,2554,1400
chr7,13680000,0.988248,0.6311,13700000,3473,2310,1273
chr7,13700000,0.925666,0.6181,13720000,2641,1816,939
chr7,13720000,0.751421,0.61855,13740000,2132,1385,815
chr7,13740000,0.972373,0.59,13760000,3028,2093,1180
chr7,13760000,0.9999,0.64195,13780000,3262,2349,1217
chr7,13780000,1,0.6625,13800000,3734,2504,1297
chr7,13800000,0.95955,0.63235,13820000,2846,2020,979
chr7,13820000,0.998525,0.6369,13840000,3297,2390,1251
chr7,13840000,0.992536,0.6832,13860000,3990,2529,1566
chr7,13860000,0.989017,0.67685,13880000,2921,1908,1155
chr7,13880000,0.998828,0.685,13900000,3312,2080,1322
chr7,13900000,1,0.67705,13920000,2706,1686,1001
chr7,13920000,0.97966,0.6517,13940000,3814,2500,1374
chr7,13940000,0.999425,0.638,13960000,3218,2406,1238
chr7,13960000,0.972666,0.60705,13980000,2822,1930,1050
chr7,13980000,1,0.6168,14000000,2852,1908,1015
chr7,14000000,0.972675,0.6775,14020000,3987,2562,1482
chr7,14020000,0.882057,0.56395,14040000,2507,1716,1046
chr7,14040000,0.967424,0.6297,14060000,3075,2120,1129
chr7,14060000,0.668658,0.64935,14080000,1736,1183,635
chr7,14080000,0.508333,0.66135,14100000,1096,766,460
chr7,14100000,0.994912,0.65925,14120000,3602,2562,1422
chr7,14120000,0.964724,0.63975,14140000,3369,2358,1300
chr7,14140000,1,0.6208,14160000,2961,2189,1087
chr7,14160000,0.963485,0.6331,14180000,3139,2177,1246
chr7,14180000,1,0.64355,14200000,3554,2288,1308
chr7,14200000,0.987897,0.622,14220000,3012,2179,1133
chr7,14220000,0.950717,0.64095,14240000,3588,2426,1462
chr7,14240000,1,0.6065,14260000,2909,2250,1032
chr7,14260000,0.995951,0.63945,14280000,3668,2539,1424
chr7,14280000,0.957108,0.6528,14300000,3410,2358,1263
chr7,14300000,0.975033,0.67695,14320000,3921,2530,1436
chr7,14320000,0.976112,0.6377,14340000,3318,2303,1245
chr7,14340000,0.999675,0.69625,14360000,4649,3089,1728
chr7,14360000,0.996975,0.6553,14380000,3419,2468,1350
chr7,14380000,0.9966,0.6739,14400000,4000,2680,1411
chr7,14400000,0.965971,0.6566,14420000,3635,2370,1322
chr7,14420000,0.999725,0.6356,14440000,3660,2819,1597
chr7,14440000,0.991,0.6299,14460000,3389,2418,1208
chr7,14460000,0.930675,0.5913,14480000,3214,2520,1632
chr7,14480000,0.954125,0.665,14500000,3825,2733,1581
chr7,14500000,0.980815,0.6732,14520000,4151,2615,1580
chr7,14520000,0.987462,0.6398,14540000,3468,2300,1246
chr7,14540000,0.909795,0.66555,14560000,3547,2217,1356
chr7,14560000,0.995319,0.65635,14580000,3501,2491,1160
chr7,14580000,0.991452,0.62885,14600000,3190,2157,1148
chr7,14600000,0.933264,0.6599,14620000,3226,2229,1170
chr7,14620000,0.900764,0.64645,14640000,3327,2166,1256
chr7,14640000,1,0.60815,14660000,3208,2302,1175
chr7,14660000,0.994294,0.6559,14680000,3795,2397,1414
chr7,14680000,0.972917,0.6354,14700000,3741,2581,1577
chr7,14700000,0.957366,0.6284,14720000,3136,2041,1197
chr7,14720000,0.959272,0.6312,14740000,3341,1756,1276
chr7,14740000,0.917586,0.5823,14760000,3411,1787,1691
chr7,14760000,0.889828,0.561,14780000,2218,870,921
chr7,14780000,0.9366,0.6624,14800000,4612,1840,1764
chr7,14800000,0.965253,0.67825,14820000,3830,1354,1509
chr7,14820000,0.924878,0.6142,14840000,3538,1723,1446
chr7,14840000,0.957654,0.52775,14860000,14821,11788,8970
chr7,14860000,0.969942,0.6413,14880000,5728,2968,2585
chr7,14880000,0.851417,0.6898,14900000,3487,1121,1287
chr7,14900000,0.688791,0.6629,14920000,4571,3183,2643
chr7,14920000,0.846356,0.6092,14940000,2712,1497,1342
chr7,14940000,0.703097,0.6408,14960000,1717,561,657
chr7,14960000,0.958307,0.60415,14980000,3039,1186,1180
chr7,14980000,0.904053,0.5966,15000000,3119,1103,1193
chr7,15000000,0.418179,0.58995,15020000,976,443,523
chr7,15020000,0.373012,0.6384,15040000,688,198,292
chr7,15040000,0.221437,0.62295,15060000,73,30,40
chr7,15060000,0.263038,0.60665,15080000,27,18,25
chr7,15080000,0.222672,0.65825,15100000,82,28,56
chr7,15100000,0.264274,0.58455,15120000,48,21,44
chr7,15120000,0.242173,0.64875,15140000,2,2,0
chr7,15140000,0.246016,0.59585,15160000,97,15,64
chr7,15160000,0.260844,0.64055,15180000,1,2,4
chr7,15180000,0.300461,0.66725,15200000,0,2,2
chr7,15200000,0.30898,0.6767,15220000,69,18,34
chr7,15220000,0.410118,0.68595,15240000,99,32,47
chr7,15240000,0.947243,0.61285,15260000,2655,1109,1237
chr7,15260000,0.957681,0.6637,15280000,3623,1181,1371
chr7,15280000,0.940677,0.6523,15300000,3207,1156,1196
chr7,15300000,0.991856,0.6319,15320000,3219,1148,1142
chr7,15320000,0.9899,0.65795,15340000,3547,1156,1215
chr7,15340000,0.998292,0.634,15360000,3243,1225,1152
chr7,15360000,0.719607,0.5537,15380000,2009,637,813
chr7,15380000,0.963465,0.62045,15400000,2961,1024,1151
chr7,15400000,0.976644,0.629,15420000,2907,1019,978
chr7,15420000,0.981075,0.6303,15440000,2839,1066,970
chr7,15440000,0.979651,0.655,15460000,3538,1223,1265
chr7,15460000,0.969883,0.59065,15480000,2821,964,1060
chr7,15480000,0.989837,0.6452,15500000,3264,1078,1142
chr7,15500000,0.938682,0.69345,15520000,3450,1133,1353
chr7,15520000,0.98937,0.6328,15540000,3330,1165,1223
chr7,15540000,1,0.66775,15560000,3907,1374,1467
chr7,15560000,0.923757,0.61545,15580000,2677,1029,1049
chr7,15580000,0.926044,0.6564,15600000,3056,1028,1117
chr7,15600000,0.972068,0.6641,15620000,3582,1258,1348
chr7,15620000,0.617284,0.5497,15640000,1342,424,601
chr7,15640000,0.987595,0.6641,15660000,4057,1447,1377
chr7,15660000,0.993947,0.63805,15680000,3390,1227,1226
chr7,15680000,0.912007,0.6765,15700000,3453,1084,1354
chr7,15700000,0.979191,0.68265,15720000,4074,1332,1452
chr7,15720000,0.6624,0.63695,15740000,2142,734,836
chr7,15740000,0.544731,0.6287,15760000,1534,492,569
chr7,15760000,0.9875,0.63885,15780000,2865,1018,1015
chr7,15780000,0.99925,0.6273,15800000,2960,1041,1055
chr7,15800000,0.973215,0.6789,15820000,3879,1290,1430
chr7,15820000,0.990167,0.68555,15840000,4344,1431,1539
chr7,15840000,0.984238,0.65425,15860000,3623,1250,1360
chr7,15860000,0.980555,0.67625,15880000,3951,1286,1513
chr7,15880000,0.834971,0.64825,15900000,3241,1075,1152
chr7,15900000,0.969471,0.6767,15920000,3966,1230,1402
chr7,15920000,0.970633,0.66265,15940000,4006,1301,1457
chr7,15940000,0.997475,0.64645,15960000,4549,2427,2394
chr7,15960000,0.99965,0.6657,15980000,4046,1415,1495
chr7,15980000,0.995104,0.6851,16000000,3721,1276,1429
chr7,16000000,0.999775,0.67215,16020000,3961,1381,1375
chr7,16020000,1,0.6699,16040000,4155,2194,1695
chr7,16040000,0.927342,0.6715,16060000,3207,1249,1322
chr7,16060000,0.996542,0.67005,16080000,4004,1411,1398
chr7,16080000,0.889338,0.625,16100000,2916,976,1092
chr7,16100000,0.990851,0.644,16120000,3258,1171,1278
chr7,16120000,0.674536,0.6633,16140000,2127,763,763
chr7,16140000,0.954233,0.67295,16160000,3812,1235,1454
chr7,16160000,0.984569,0.66525,16180000,3747,1448,1498
chr7,16180000,0.986346,0.6392,16200000,3374,1154,1322
chr7,16200000,0.940024,0.6619,16220000,3363,1127,1184
chr7,16220000,0.963421,0.64995,16240000,3371,1211,1236
chr7,16240000,1,0.64415,16260000,3693,1259,1370
chr7,16260000,1,0.6431,16280000,4030,1836,1715
chr7,16280000,0.925963,0.58715,16300000,4021,2145,1978
chr7,16300000,0.993467,0.63555,16320000,3388,1294,1182
chr7,16320000,0.985883,0.6687,16340000,4358,2903,2555
chr7,16340000,0.9684,0.67605,16360000,3715,1499,1439
chr7,16360000,0.908108,0.66725,16380000,3585,1590,1476
chr7,16380000,0.964909,0.6824,16400000,4785,1755,1778
chr7,16400000,0.966516,0.5882,16420000,2940,991,1058
chr7,16420000,0.9995,0.6465,16440000,3605,1207,1199
chr7,16440000,0.96434,0.6763,16460000,4424,1535,1770
chr7,16460000,0.953729,0.6663,16480000,3737,1210,1420
chr7,16480000,0.931378,0.6896,16500000,4131,1308,1526
chr7,16500000,0.80116,0.6424,16520000,2585,914,1044
chr7,16520000,0.605081,0.58245,16540000,1705,628,652
chr7,16540000,0.854815,0.5633,16560000,2306,836,932
chr7,16560000,0.959181,0.58635,16580000,2577,1044,1064
chr7,16580000,1,0.62975,16600000,3257,1139,1208
chr7,16600000,0.971052,0.6621,16620000,3927,1388,1495
chr7,16620000,0.290565,0.57415,16640000,584,246,292
chr7,16640000,0.74598,0.6099,16660000,2121,753,948
chr7,16660000,0.999,0.64475,16680000,3317,1134,1138
chr7,16680000,0.830686,0.6296,16700000,2525,841,964
chr7,16700000,0.898993,0.67665,16720000,3167,1033,1142
chr7,16720000,0.948651,0.60435,16740000,2993,1282,1136
chr7,16740000,0.939091,0.681,16760000,3686,1359,1459
chr7,16760000,0.97337,0.64685,16780000,3667,1405,1516
chr7,16780000,0.994773,0.66795,16800000,4027,1454,1664
chr7,16800000,0.919638,0.62645,16820000,2766,1008,1085
chr7,16820000,0.64285,0.62175,16840000,1407,410,566
chr7,16840000,0.634169,0.62835,16860000,1464,487,610
chr7,16860000,0.551097,0.657,16880000,1220,396,492
chr7,16880000,0.975183,0.5991,16900000,2901,1245,1074
chr7,16900000,0.967025,0.64185,16920000,3377,1168,1215
chr7,16920000,0.979671,0.61755,16940000,2947,1058,1171
chr7,16940000,0.920472,0.62955,16960000,3043,1047,1107
chr7,16960000,0.812482,0.64445,16980000,2707,928,987
chr7,16980000,0.682735,0.61825,17000000,1779,670,926
chr7,17000000,0.846779,0.63735,17020000,3372,1318,1529
chr7,17020000,0.669734,0.50295,17040000,1093,404,432
chr7,17040000,0.810243,0.5627,17060000,1605,577,689
chr7,17060000,0.991851,0.6763,17080000,3876,1286,1389
chr7,17080000,0.984563,0.65625,17100000,3903,1354,1398
chr7,17100000,0.975267,0.68145,17120000,3862,1249,1351
chr7,17120000,0.977637,0.62225,17140000,3097,1064,1089
chr7,17140000,0.952691,0.5933,17160000,3018,1214,1199
chr7,17160000,0.969147,0.5439,17180000,2361,769,927
chr7,17180000,0.735305,0.5567,17200000,2003,858,900
chr7,17200000,0.970457,0.64645,17220000,3420,1161,1254
chr7,17220000,0.998917,0.6505,17240000,3869,1605,1617
chr7,17240000,1,0.62855,17260000,3375,1511,1375
chr7,17260000,0.99185,0.64715,17280000,3794,1456,1558
chr7,17280000,0.920816,0.6142,17300000,2821,1074,1176
chr7,17300000,0.62205,0.5544,17320000,1325,456,554
chr7,17320000,0.389811,0.5534,17340000,170,63,105
chr7,17340000,0.481687,0.58565,17360000,240,84,114
chr7,17360000,0.327142,0.5534,17380000,114,37,50
chr7,17380000,0.520059,0.5868,17400000,237,101,103
chr7,17400000,0.444164,0.5832,17420000,993,381,390
chr7,17420000,0.9982,0.6635,17440000,4003,1466,1665
chr7,17440000,0.99205,0.68545,17460000,4252,1375,1593
chr7,17460000,0.992525,0.5934,17480000,2604,922,1097
chr7,17480000,0.999975,0.66555,17500000,3872,1420,1422
chr7,17500000,0.986583,0.68195,17520000,3772,1280,1437
chr7,17520000,0.978892,0.66685,17540000,3570,1274,1306
chr7,17540000,0.94149,0.6782,17560000,3752,1267,1360
chr7,17560000,0.997675,0.67185,17580000,4123,1468,1563
chr7,17580000,0.99945,0.66995,17600000,4155,1361,1536
chr7,17600000,0.996066,0.6746,17620000,3807,1261,1414
chr7,17620000,0.998667,0.66825,17640000,2963,1057,1092
chr7,17640000,0.760267,0.69195,17660000,3006,1490,1794
chr7,17660000,0.537513,0.6501,17680000,1368,744,1002
chr7,17680000,0.460455,0.6466,17700000,609,313,367
chr7,17700000,0.503892,0.65295,17720000,777,407,582
chr7,17720000,0.788754,0.66485,17740000,2422,861,927
chr7,17740000,0.761531,0.6431,17760000,2244,895,1132
chr7,17760000,0.977926,0.5972,17780000,2964,1057,1126
chr7,17780000,0.841415,0.55195,17800000,3587,1523,1006
chr7,17800000,0.800628,0.61795,17820000,2072,865,798
chr7,17820000,0.833466,0.61645,17840000,2642,974,1094
chr7,17840000,0.975025,0.67895,17860000,4750,1882,1715
chr7,17860000,0.976275,0.64775,17880000,3487,1357,1286
chr7,17880000,0.835817,0.6518,17900000,2994,1405,1573
chr7,17900000,0.593138,0.64335,17920000,1245,609,866
chr7,17920000,0.781572,0.65875,17940000,2825,979,1114
chr7,17940000,0.818882,0.603,17960000,2203,788,892
chr7,17960000,0.975487,0.62705,17980000,2607,918,986
chr7,17980000,0.887216,0.56,18000000,1990,775,921
chr7,18000000,0.82769,0.51005,18020000,1961,967,973
chr7,18020000,0.867771,0.59135,18040000,3121,1672,1443
chr7,18040000,0.724974,0.6138,18060000,2369,1015,1008
chr7,18060000,0.905122,0.57195,18080000,2289,851,924
chr7,18080000,0.981331,0.62445,18100000,3311,1317,1305
chr7,18100000,0.998275,0.65005,18120000,3823,1280,1419
chr7,18120000,0.899776,0.6276,18140000,2583,899,964
chr7,18140000,0.916477,0.6217,18160000,2755,938,1104
chr7,18160000,0.929942,0.5873,18180000,2351,795,854
chr7,18180000,0.927013,0.6053,18200000,2519,872,953
chr7,18200000,0.818698,0.6108,18220000,2081,774,770
chr7,18220000,0.986821,0.6034,18240000,3052,1261,1187
chr7,18240000,0.976937,0.61995,18260000,2899,1135,1161
chr7,18260000,0.989942,0.58745,18280000,3008,1244,1215
chr7,18280000,0.671387,0.6154,18300000,3791,2054,1318
chr7,18300000,0.432246,0.60985,18320000,1082,561,375
chr7,18320000,0.289041,0.6122,18340000,370,145,139
chr7,18340000,0.439468,0.6126,18360000,1113,494,392
chr7,18360000,0.348631,0.6,18380000,691,275,266
chr7,18380000,0.408928,0.61425,18400000,1261,607,434
chr7,18400000,0.41365,0.60125,18420000,813,289,318
chr7,18420000,0.496409,0.61175,18440000,1138,515,403
chr7,18440000,0.294058,0.5894,18460000,771,276,304
chr7,18460000,0.293372,0.5984,18480000,770,295,293
chr7,18480000,0.278542,0.61045,18500000,428,146,149
chr7,18500000,0.366672,0.58665,18520000,711,245,275
chr7,18520000,0.199966,0.60035,18540000,406,151,144
chr7,18540000,0.1774,0.6115,18560000,230,77,98
chr7,18560000,0.176624,0.6103,18580000,173,98,79
chr7,18580000,0.219865,0.61245,18600000,281,72,97
chr7,18600000,0.141518,0.60125,18620000,250,79,87
chr7,18620000,0.156946,0.5884,18640000,346,123,125
chr7,18640000,0.202382,0.6132,18660000,339,104,119
chr7,18660000,0.229994,0.5934,18680000,469,153,187
chr7,18680000,0.149264,0.6082,18700000,209,83,89
chr7,18700000,0.206645,0.59365,18720000,388,116,145
chr7,18720000,0.186921,0.579,18740000,397,129,153
chr7,18740000,0.291631,0.58605,18760000,636,229,342
chr7,18760000,0.227254,0.5807,18780000,422,136,193
chr7,18780000,0.312424,0.5928,18800000,630,198,271
chr7,18800000,0.10921,0.59615,18820000,143,37,57
chr7,18820000,0.215758,0.6084,18840000,435,164,148
chr7,18840000,0.140686,0.59255,18860000,260,76,128
chr7,18860000,0.170078,0.601,18880000,316,87,114
chr7,18880000,0.153622,0.5838,18900000,243,86,104
chr7,18900000,0.209573,0.58315,18920000,319,95,111
chr7,18920000,0.316532,0.60745,18940000,496,166,205
chr7,18940000,0.232434,0.6059,18960000,417,171,172
chr7,18960000,0.243948,0.5665,18980000,506,186,228
chr7,18980000,0.203043,0.5826,19000000,438,177,191
chr7,19000000,0.152468,0.5809,19020000,432,194,241
chr7,19020000,0.397589,0.60005,19040000,788,262,317
chr7,19040000,0.15812,0.5776,19060000,324,98,127
chr7,19060000,0.154715,0.57365,19080000,330,100,113
chr7,19080000,0.134541,0.5787,19100000,285,91,123
chr7,19100000,0.234596,0.60595,19120000,348,121,133
chr7,19120000,0.163873,0.5954,19140000,247,80,106
chr7,19140000,0.253812,0.57975,19160000,577,188,257
chr7,19160000,0.318964,0.58935,19180000,805,371,383
chr7,19180000,0.438525,0.5929,19200000,1036,474,376
chr7,19200000,0.224524,0.59655,19220000,331,101,120
chr7,19220000,0.13336,0.59255,19240000,195,59,85
chr7,19240000,0.12625,0.5797,19260000,112,46,55
chr7,19260000,0.05939,0.5884,19280000,26,11,14
chr7,19280000,0.0589039,0.5988,19300000,103,37,54
chr7,19300000,0.0819099,0.60375,19320000,137,41,57
chr7,19320000,0.0917676,0.5853,19340000,88,27,25
chr7,19340000,0.141284,0.59495,19360000,222,76,79
chr7,19360000,0.0655332,0.6014,19380000,69,34,36
chr7,19380000,0.0676804,0.60285,19400000,71,16,31
chr7,19400000,0.128254,0.596,19420000,79,28,33
chr7,19420000,0.0731546,0.606,19440000,82,35,30
chr7,19440000,0.102292,0.59335,19460000,75,32,36
chr7,19460000,0.108203,0.5673,19480000,64,15,32
chr7,19480000,0.115088,0.59805,19500000,111,31,50
chr7,19500000,0.11976,0.5945,19520000,127,27,57
chr7,19520000,0.112533,0.5847,19540000,124,30,53
chr7,19540000,0.0749351,0.58165,19560000,67,26,27
chr7,19560000,0.0805774,0.6039,19580000,131,45,54
chr7,19580000,0.107121,0.5885,19600000,129,38,53
chr7,19600000,0.083006,0.6002,19620000,115,38,46
chr7,19620000,0.0656572,0.6045,19640000,114,29,52
chr7,19640000,0.136614,0.59565,19660000,97,36,51
chr7,19660000,0.103319,0.59715,19680000,159,37,61
chr7,19680000,0.131948,0.60325,19700000,170,70,80
chr7,19700000,0.0714545,0.58285,19720000,23,15,16
chr7,19720000,0.0780639,0.57145,19740000,11,4,7
chr7,19740000,0.094471,0.60465,19760000,110,28,42
chr7,19760000,0.136007,0.5841,19780000,240,75,93
chr7,19780000,0.140762,0.5851,19800000,233,69,117
chr7,19800000,0.109554,0.5926,19820000,202,62,83
chr7,19820000,0.1465,0.5986,19840000,290,76,112
chr7,19840000,0.124284,0.6,19860000,190,65,86
chr7,19860000,0.126445,0.5899,19880000,243,65,96
chr7,19880000,0.137104,0.5998,19900000,201,64,91
chr7,19900000,0.197746,0.58445,19920000,440,168,150
chr7,19920000,0.093894,0.5765,19940000,181,64,78
chr7,19940000,0.136295,0.578,19960000,283,107,104
chr7,19960000,0.15109,0.59595,19980000,284,75,120
chr7,19980000,0.090919,0.6023,20000000,140,55,60
chr7,20000000,0.175063,0.6023,20020000,240,86,110
chr7,20020000,0.119018,0.59655,20040000,137,28,52
chr7,20040000,0.172112,0.5856,20060000,289,95,125
chr7,20060000,0.176322,0.59145,20080000,344,112,128
chr7,20080000,0.211944,0.5938,20100000,405,124,156
chr7,20100000,0.0989789,0.59005,20120000,161,44,79
chr7,20120000,0.252803,0.6014,20140000,495,156,192
chr7,20140000,0.124186,0.604,20160000,237,78,69
chr7,20160000,0.120436,0.60325,20180000,124,47,52
chr7,20180000,0.195289,0.58975,20200000,255,74,126
chr7,20200000,0.229085,0.59625,20220000,487,139,185
chr7,20220000,0.188949,0.6049,20240000,347,113,126
chr7,20240000,0.155734,0.5865,20260000,290,98,104
chr7,20260000,0.220391,0.5891,20280000,423,160,176
chr7,20280000,0.252583,0.58205,20300000,508,126,216
chr7,20300000,0.190401,0.5809,20320000,236,81,112
chr7,20320000,0.146901,0.58985,20340000,226,97,118
chr7,20340000,0.256913,0.59435,20360000,442,133,182
chr7,20360000,0.168277,0.5815,20380000,381,104,177
chr7,20380000,0.246014,0.59025,20400000,450,153,181
chr7,20400000,0.18108,0.57815,20420000,386,127,164
chr7,20420000,0.173415,0.5823,20440000,359,156,132
chr7,20440000,0.211226,0.5974,20460000,355,88,146
chr7,20460000,0.242924,0.60235,20480000,337,101,153
chr7,20480000,0.249392,0.5909,20500000,422,179,192
chr7,20500000,0.148541,0.5842,20520000,319,99,119
chr7,20520000,0.137047,0.58745,20540000,207,60,84
chr7,20540000,0.268227,0.6061,20560000,422,136,146
chr7,20560000,0.167102,0.6096,20580000,148,61,66
chr7,20580000,0.23913,0.5908,20600000,585,285,268
chr7,20600000,0.163852,0.5905,20620000,230,90,93
chr7,20620000,0.21094,0.6068,20640000,282,77,120
chr7,20640000,0.138647,0.58775,20660000,290,101,112
chr7,20660000,0.20416,0.5953,20680000,297,132,135
chr7,20680000,0.162156,0.586,20700000,343,114,158
chr7,20700000,0.255197,0.61205,20720000,423,127,164
chr7,20720000,0.230023,0.5885,20740000,317,109,141
chr7,20740000,0.325883,0.5975,20760000,586,211,291
chr7,20760000,0.208,0.5808,20780000,518,146,235
chr7,20780000,0.172651,0.5895,20800000,327,103,156
chr7,20800000,0.157924,0.5674,20820000,87,44,54
chr7,20820000,0.210162,0.61095,20840000,468,140,217
chr7,20840000,0.207851,0.59705,20860000,296,93,130
chr7,20860000,0.195625,0.6052,20880000,347,133,131
chr7,20880000,0.132169,0.59345,20900000,270,80,88
chr7,20900000,0.232904,0.6107,20920000,362,145,132
chr7,20920000,0.29135,0.59495,20940000,613,199,261
chr7,20940000,0.236566,0.599,20960000,427,142,209
chr7,20960000,0.320778,0.5864,20980000,683,291,290
chr7,20980000,0.485854,0.59905,21000000,884,303,362
chr7,21000000,0.3197,0.6117,21020000,565,196,225
chr7,21020000,0.300415,0.6119,21040000,533,156,204
chr7,21040000,0.24377,0.6112,21060000,342,223,139
chr7,21060000,0.537392,0.59325,21080000,1274,459,468
chr7,21080000,0.942933,0.5655,21100000,3607,1754,1292
chr7,21100000,0.896971,0.58215,21120000,2898,1430,1049
chr7,21120000,0.982644,0.58965,21140000,2973,1045,1104
chr7,21140000,0.99125,0.6312,21160000,3125,1175,1158
chr7,21160000,0.825307,0.5747,21180000,1985,736,808
chr7,21180000,0.884713,0.58925,21200000,2510,991,1040
chr7,21200000,0.881584,0.61125,21220000,2305,824,928
chr7,21220000,0.837105,0.58165,21240000,2586,1265,1189
chr7,21240000,1,0.6537,21260000,3894,1664,1375
chr7,21260000,0.951212,0.6687,21280000,3672,1288,1386
chr7,21280000,0.958662,0.6147,21300000,2696,922,1059
chr7,21300000,0.713708,0.56185,21320000,1478,460,622
chr7,21320000,0.957851,0.67675,21340000,3733,1168,1337
chr7,21340000,0.940506,0.6126,21360000,2612,882,1100
chr7,21360000,0.945515,0.6419,21380000,3273,1138,1166
chr7,21380000,0.986105,0.5759,21400000,2880,1131,1051
chr7,21400000,0.947387,0.5966,21420000,2851,1099,1170
chr7,21420000,0.996429,0.6577,21440000,3360,1094,1280
chr7,21440000,0.805981,0.5754,21460000,2299,747,825
chr7,21460000,0.958366,0.61735,21480000,4239,2057,1829
chr7,21480000,0.997152,0.67945,21500000,4436,1572,1784
chr7,21500000,0.951906,0.67095,21520000,3599,1199,1324
chr7,21520000,0.999775,0.6118,21540000,3288,1135,1138
chr7,21540000,0.99471,0.638,21560000,3413,1191,1152
chr7,21560000,0.99385,0.65865,21580000,3366,1128,1200
chr7,21580000,0.965015,0.65355,21600000,3745,1378,1526
chr7,21600000,0.999625,0.66815,21620000,4006,1409,1625
chr7,21620000,0.996725,0.62535,21640000,3168,1073,1173
chr7,21640000,0.994819,0.66165,21660000,3755,1306,1430
chr7,21660000,0.96705,0.64825,21680000,3405,1188,1272
chr7,21680000,0.919367,0.65925,21700000,3425,1235,1506
chr7,21700000,0.912032,0.5818,21720000,2081,689,826
chr7,21720000,0.749746,0.59135,21740000,1783,667,834
chr7,21740000,0.957676,0.60935,21760000,2822,1108,1206
chr7,21760000,0.9914,0.60995,21780000,3205,1172,1137
chr7,21780000,1,0.64775,21800000,3638,1229,1207
chr7,21800000,0.980152,0.6554,21820000,3347,1279,1215
chr7,21820000,1,0.6315,21840000,3173,1139,1109
chr7,21840000,0.930854,0.6536,21860000,3453,1176,1332
chr7,21860000,1,0.6906,21880000,4205,1409,1531
chr7,21880000,0.999075,0.6746,21900000,4317,1397,1756
chr7,21900000,0.92786,0.6896,21920000,3902,1284,1414
chr7,21920000,0.997725,0.6634,21940000,3970,1711,1477
chr7,21940000,0.9965,0.64855,21960000,3877,1281,1322
chr7,21960000,0.915861,0.5723,21980000,2443,972,1147
chr7,21980000,0.84485,0.6829,22000000,3144,1035,1139
chr7,22000000,0.93926,0.64365,22020000,3212,1031,1179
chr7,22020000,0.914896,0.65645,22040000,3357,1337,1259
chr7,22040000,0.957212,0.6319,22060000,2922,970,1055
chr7,22060000,0.722396,0.60145,22080000,1649,820,825
chr7,22080000,0.722665,0.5787,22100000,1901,674,740
chr7,22100000,0.939432,0.59335,22120000,2451,908,961
chr7,22120000,0.915872,0.5741,22140000,2247,933,964
chr7,22140000,0.955283,0.55015,22160000,2195,780,924
chr7,22160000,0.999099,0.63795,22180000,3570,1304,1320
chr7,22180000,0.973878,0.61165,22200000,2850,965,1065
chr7,22200000,0.935199,0.59545,22220000,2532,951,1020
chr7,22220000,0.999775,0.60185,22240000,3015,1190,1163
chr7,22240000,0.922395,0.59765,22260000,3334,1477,1388
chr7,22260000,0.839094,0.62485,22280000,3537,1816,1589
chr7,22280000,0.946729,0.68495,22300000,3637,1238,1367
chr7,22300000,0.946895,0.68015,22320000,3409,1164,1435
chr7,22320000,0.942333,0.60865,22340000,2978,1091,1242
chr7,22340000,0.990235,0.64135,22360000,2983,1018,1089
chr7,22360000,0.994692,0.632,22380000,3176,1172,1124
chr7,22380000,1,0.67215,22400000,3832,1364,1384
chr7,22400000,0.996942,0.57015,22420000,2862,1151,982
chr7,22420000,0.981993,0.68445,22440000,3905,1312,1420
chr7,22440000,0.940619,0.59125,22460000,2514,968,982
chr7,22460000,0.982794,0.6184,22480000,3056,1152,1101
chr7,22480000,0.959833,0.60465,22500000,3375,1741,1532
chr7,22500000,0.901506,0.56085,22520000,2198,796,793
chr7,22520000,0.907038,0.60365,22540000,2516,859,1009
chr7,22540000,0.949755,0.6459,22560000,3277,1072,1305
chr7,22560000,0.935481,0.63095,22580000,3219,1596,1632
chr7,22580000,0.911175,0.6644,22600000,3416,1179,1211
chr7,22600000,0.898846,0.5248,22620000,1980,715,828
chr7,22620000,0.912254,0.50615,22640000,1871,963,879
chr7,22640000,0.81771,0.56235,22660000,5736,4146,3713
chr7,22660000,0.943246,0.54875,22680000,2278,907,1044
chr7,22680000,0.827675,0.5356,22700000,1933,953,926
chr7,22700000,0.858425,0.54415,22720000,8140,5988,5932
chr7,22720000,0.964051,0.61835,22740000,3745,1965,2069
chr7,22740000,0.955808,0.64245,22760000,3236,1073,1234
chr7,22760000,0.965924,0.61055,22780000,2885,1067,1152
chr7,22780000,0.994692,0.6631,22800000,3965,1506,1405
chr7,22800000,0.968994,0.68815,22820000,3819,1206,1441
chr7,22820000,0.933798,0.68535,22840000,4034,1382,1518
chr7,22840000,0.914364,0.6335,22860000,3113,1121,1214
chr7,22860000,0.975166,0.67455,22880000,4133,1323,1470
chr7,22880000,0.998418,0.65115,22900000,3687,1352,1492
chr7,22900000,0.943926,0.56915,22920000,2511,937,1048
chr7,22920000,0.893574,0.56755,22940000,2384,834,918
chr7,22940000,0.785098,0.60345,22960000,2101,729,832
chr7,22960000,0.950141,0.63855,22980000,3145,1140,1207
chr7,22980000,0.9645,0.66755,23000000,3624,1498,1513
chr7,23000000,1,0.66615,23020000,3768,1360,1368
chr7,23020000,0.9999,0.63665,23040000,3708,1339,1421
chr7,23040000,0.970374,0.65865,23060000,3549,1247,1416
chr7,23060000,0.914367,0.61375,23080000,3443,1497,1458
chr7,23080000,0.989505,0.60015,23100000,3242,1341,1277
chr7,23100000,0.965601,0.64005,23120000,3465,1213,1264
chr7,23120000,0.942198,0.62565,23140000,3133,1004,1163
chr7,23140000,0.979293,0.66735,23160000,3695,1231,1331
chr7,23160000,0.999075,0.64875,23180000,3806,1240,1355
chr7,23180000,0.989877,0.63225,23200000,3615,1408,1491
chr7,23200000,0.961422,0.6512,23220000,4112,1736,1934
chr7,23220000,0.98328,0.52075,23240000,2327,900,799
chr7,23240000,1,0.626,23260000,3709,1252,1216
chr7,23260000,1,0.6271,23280000,3319,1140,1181
chr7,23280000,1,0.66155,23300000,4058,1463,1494
chr7,23300000,1,0.6237,23320000,3589,1358,1330
chr7,23320000,0.995233,0.61665,23340000,3459,1183,1213
chr7,23340000,0.940396,0.67985,23360000,3919,1333,1650
chr7,23360000,0.870926,0.6208,23380000,3112,1180,1429
chr7,23380000,0.97203,0.6456,23400000,3788,1397,1438
chr7,23400000,0.998254,0.66785,23420000,4042,1395,1443
chr7,23420000,0.994888,0.6522,23440000,3717,1275,1392
chr7,23440000,0.984457,0.6679,23460000,3743,1197,1420
chr7,23460000,0.96971,0.66595,23480000,3964,1325,1318
chr7,23480000,0.979275,0.64045,23500000,3534,1386,1489
chr7,23500000,0.999247,0.6298,23520000,3476,1210,1174
chr7,23520000,0.989132,0.67745,23540000,4019,1420,1408
chr7,23540000,0.941788,0.56505,23560000,2263,808,912
chr7,23560000,0.960706,0.58355,23580000,2471,814,983
chr7,23580000,0.981071,0.6478,23600000,3482,1233,1354
chr7,23600000,0.9949,0.6668,23620000,3804,1398,1401
chr7,23620000,0.947812,0.71695,23640000,4245,1282,1569
chr7,23640000,0.992599,0.67745,23660000,3915,1365,1466
chr7,23660000,0.996167,0.6613,23680000,3912,1286,1347
chr7,23680000,0.998933,0.65125,23700000,3501,1299,1186
chr7,23700000,0.804978,0.6112,23720000,2138,958,875
chr7,23720000,0.475714,0.60545,23740000,64,27,24
chr7,23740000,0.482156,0.612,23760000,26,17,21
chr7,23760000,0.959104,0.64575,23780000,3544,1133,1341
chr7,23780000,0.993381,0.69005,23800000,4260,1325,1497
chr7,23800000,0.929725,0.6355,23820000,3122,1121,1116
chr7,23820000,0.988555,0.67205,23840000,4168,1345,1567
chr7,23840000,0.937612,0.6379,23860000,3277,1128,1212
chr7,23860000,0.99502,0.68785,23880000,4885,2066,1973
chr7,23880000,0.998329,0.6432,23900000,3543,1203,1277
chr7,23900000,0.8523,0.66215,23920000,3309,1055,1258
chr7,23920000,0.990643,0.66195,23940000,3744,1237,1349
chr7,23940000,1,0.6491,23960000,3699,1462,1330
chr7,23960000,0.969892,0.60925,23980000,2985,1082,1195
chr7,23980000,0.998679,0.66345,24000000,4039,1477,1496
chr7,24000000,0.997039,0.6533,24020000,3651,1212,1308
chr7,24020000,0.908433,0.67875,24040000,3557,1117,1203
chr7,24040000,0.986754,0.681,24060000,4402,1522,1585
chr7,24060000,0.99495,0.67225,24080000,4290,1419,1547
chr7,24080000,0.9058,0.63285,24100000,2303,819,923
chr7,24100000,0.793488,0.6125,24120000,1766,625,777
chr7,24120000,0.549626,0.6104,24140000,307,31,58
chr7,24140000,0.535175,0.55015,24160000,410,35,35
chr7,24160000,0.641056,0.58735,24180000,836,310,254
chr7,24180000,0.630492,0.5627,24200000,361,43,48
chr7,24200000,0.625818,0.58175,24220000,1389,841,719
chr7,24220000,0.39584,0.59305,24240000,876,413,373
chr7,24240000,0.645549,0.5314,24260000,493,129,115
chr7,24260000,0.646037,0.5099,24280000,464,78,67
chr7,24280000,0.780223,0.54205,24300000,4030,5220,4572
chr7,24300000,0.338223,0.54425,24320000,213,51,51
chr7,24320000,0.619465,0.5305,24340000,2516,3423,2875
chr7,24340000,0.679952,0.53335,24360000,1879,1924,1166
chr7,24360000,0.987975,0.60515,24380000,863,22,8
chr7,24380000,0.99399,0.6214,24400000,961,21,8
chr7,24400000,0.795092,0.6107,24420000,893,34,37
chr7,24420000,0.540049,0.60135,24440000,606,67,40
chr7,24440000,0.938897,0.5937,24460000,1146,250,188
chr7,24460000,0.974385,0.6033,24480000,9232,7097,5977
chr7,24480000,0.651328,0.58775,24500000,501,70,63
chr7,24500000,0.614533,0.65225,24520000,753,108,334
chr7,24520000,0.776167,0.63955,24540000,799,108,67
chr7,24540000,0.994275,0.6532,24560000,1114,21,4
chr7,24560000,0.984033,0.6561,24580000,1162,34,21
chr7,24580000,1,0.67455,24600000,1227,13,16
chr7,24600000,0.999463,0.6695,24620000,1307,16,8
chr7,24620000,0.989831,0.6427,24640000,1134,18,4
chr7,24640000,0.99275,0.6378,24660000,1051,26,12
chr7,24660000,0.995517,0.6258,24680000,999,19,7
chr7,24680000,0.919053,0.62355,24700000,1333,286,487
chr7,24700000,0.944807,0.6598,24720000,1363,91,127
chr7,24720000,0.953139,0.63185,24740000,1070,12,6
chr7,24740000,0.892586,0.63825,24760000,867,41,25
chr7,24760000,0.982157,0.64495,24780000,1262,128,110
chr7,24780000,0.995938,0.6581,24800000,1223,39,43
chr7,24800000,0.998792,0.68635,24820000,1440,63,30
chr7,24820000,0.970265,0.71245,24840000,1613,89,54
chr7,24840000,0.979365,0.66225,24860000,1143,14,8
chr7,24860000,0.994925,0.57265,24880000,907,105,55
chr7,24880000,1,0.6595,24900000,1217,24,14
chr7,24900000,0.993783,0.6976,24920000,1428,15,7
chr7,24920000,0.992959,0.6831,24940000,1312,13,6
chr7,24940000,0.999105,0.6391,24960000,1011,20,8
chr7,24960000,0.96015,0.639,24980000,1064,87,36
chr7,24980000,0.959702,0.66575,25000000,1081,41,28
chr7,25000000,1,0.62535,25020000,983,8,2
chr7,25020000,0.903452,0.63525,25040000,995,15,24
chr7,25040000,1,0.63115,25060000,1074,19,6
chr7,25060000,0.997667,0.6434,25080000,1305,158,86
chr7,25080000,0.897232,0.62955,25100000,945,15,16
chr7,25100000,0.9886,0.65245,25120000,1282,44,16
chr7,25120000,0.98755,0.63345,25140000,1214,112,60
chr7,25140000,0.523936,0.64615,25160000,498,7,5
chr7,25160000,0.335057,0.62655,25180000,30,1,2
chr7,25180000,0.330326,0.6431,25200000,16,1,1
chr7,25200000,0.378692,0.60705,25220000,124,2,2
chr7,25220000,0.752093,0.66895,25240000,865,37,26
chr7,25240000,0.413844,0.61355,25260000,164,11,3
chr7,25260000,0.982788,0.6469,25280000,1115,20,12
chr7,25280000,0.999325,0.67895,25300000,1396,12,12
chr7,25300000,0.999154,0.65605,25320000,1199,45,17
chr7,25320000,0.995725,0.6458,25340000,1215,50,20
chr7,25340000,0.937054,0.631,25360000,1201,267,224
chr7,25360000,0.918695,0.61255,25380000,900,35,19
chr7,25380000,0.906142,0.66195,25400000,1212,67,30
chr7,25400000,0.900073,0.6402,25420000,1106,56,27
chr7,25420000,0.829976,0.6056,25440000,1068,149,160
chr7,25440000,1,0.6475,25460000,1107,47,19
chr7,25460000,1,0.6264,25480000,1035,10,6
chr7,25480000,0.976378,0.6589,25500000,1326,56,34
chr7,25500000,0.958311,0.6206,25520000,1381,302,59
chr7,25520000,0.996608,0.6415,25540000,2344,647,665
chr7,25540000,0.954654,0.68985,25560000,3956,1291,1459
chr7,25560000,1,0.6588,25580000,3620,1297,1266
chr7,25580000,0.955297,0.65815,25600000,3604,1274,1414
chr7,25600000,0.99655,0.6555,25620000,3810,1283,1315
chr7,25620000,0.994358,0.66615,25640000,4047,1391,1453
chr7,25640000,0.911009,0.6195,25660000,2928,1007,1161
chr7,25660000,0.9881,0.69875,25680000,4219,1327,1480
chr7,25680000,0.934766,0.63405,25700000,2897,1041,1080
chr7,25700000,0.99965,0.64675,25720000,3291,1190,1226
chr7,25720000,0.959856,0.5862,25740000,2863,1009,1153
chr7,25740000,0.990878,0.66115,25760000,3889,1376,1609
chr7,25760000,0.963412,0.66195,25780000,4086,1624,1847
chr7,25780000,0.983116,0.6402,25800000,3587,1196,1327
chr7,25800000,0.982886,0.62485,25820000,3184,1223,1324
chr7,25820000,0.897621,0.6479,25840000,3017,1024,1154
chr7,25840000,0.998225,0.6763,25860000,3632,1243,1436
chr7,25860000,0.952885,0.58955,25880000,2680,904,1112
chr7,25880000,0.936092,0.54535,25900000,2359,918,945
chr7,25900000,0.876,0.52595,25920000,2837,1602,1329
chr7,25920000,0.990808,0.63475,25940000,3711,1575,1475
chr7,25940000,0.962622,0.6497,25960000,4712,2705,1748
chr7,25960000,0.874947,0.6501,25980000,3076,1154,1289
chr7,25980000,0.962551,0.69725,26000000,6178,4424,3085
chr7,26000000,0.921574,0.662,26020000,3412,1253,1350
chr7,26020000,0.703063,0.6694,26040000,1924,673,695
chr7,26040000,0.809891,0.6707,26060000,2768,904,988
chr7,26060000,0.99985,0.60975,26080000,8582,6627,4899
chr7,26080000,0.831582,0.65035,26100000,2594,874,832
chr7,26100000,0.848167,0.6175,26120000,2679,873,951
chr7,26120000,0.86169,0.6603,26140000,4467,2591,1865
chr7,26140000,0.854591,0.62765,26160000,2750,1076,1294
chr7,26160000,0.701379,0.6239,26180000,2456,904,987
chr7,26180000,0.978295,0.686,26200000,4148,1428,1761
chr7,26200000,0.941478,0.6636,26220000,3331,1106,1357
chr7,26220000,1,0.6514,26240000,3395,1225,1188
chr7,26240000,0.980394,0.7084,26260000,4674,1507,1706
chr7,26260000,0.971,0.63595,26280000,3247,1262,1191
chr7,26280000,0.997391,0.67275,26300000,3725,1270,1310
chr7,26300000,0.964659,0.65145,26320000,3773,1274,1580
chr7,26320000,0.994655,0.67915,26340000,4123,1421,1519
chr7,26340000,0.992266,0.62685,26360000,3279,1214,1134
chr7,26360000,0.952896,0.61125,26380000,2616,901,966
chr7,26380000,0.976085,0.6318,26400000,3061,1119,1109
chr7,26400000,0.723932,0.5635,26420000,2128,789,1069
chr7,26420000,0.922348,0.69025,26440000,3719,1192,1379
chr7,26440000,0.998483,0.6499,26460000,3465,1276,1248
chr7,26460000,0.992088,0.6549,26480000,3926,1596,1467
chr7,26480000,0.995756,0.6741,26500000,4084,1432,1528
chr7,26500000,0.995775,0.65945,26520000,3716,1244,1296
chr7,26520000,0.957647,0.63995,26540000,3442,1232,1290
chr7,26540000,0.951021,0.6572,26560000,3662,1249,1355
chr7,26560000,0.9783,0.6546,26580000,3713,1441,1511
chr7,26580000,0.841033,0.60125,26600000,3021,1231,1436
chr7,26600000,0.987007,0.6368,26620000,4845,2062,2223
chr7,26620000,0.99705,0.65865,26640000,3964,1473,1519
chr7,26640000,0.818523,0.6228,26660000,2462,802,1010
chr7,26660000,0.996725,0.66135,26680000,4679,1682,1754
chr7,26680000,0.979054,0.69805,26700000,4103,1294,1566
chr7,26700000,0.985925,0.6583,26720000,3920,1372,1536
chr7,26720000,0.92267,0.63125,26740000,3210,1215,1412
chr7,26740000,0.875299,0.6662,26760000,3024,1019,1146
chr7,26760000,0.997025,0.62955,26780000,3291,1204,1148
chr7,26780000,1,0.6587,26800000,3810,1281,1397
chr7,26800000,0.946374,0.6858,26820000,4001,1383,1493
chr7,26820000,0.967598,0.6427,26840000,3322,1138,1252
chr7,26840000,0.942426,0.67855,26860000,3978,1419,1515
chr7,26860000,1,0.6777,26880000,4122,1445,1520
chr7,26880000,0.979958,0.6114,26900000,2895,1085,1118
chr7,26900000,0.958092,0.66495,26920000,3488,1136,1333
chr7,26920000,0.886425,0.65705,26940000,2859,915,1070
chr7,26940000,0.9997,0.6303,26960000,3140,1164,1150
chr7,26960000,1,0.6382,26980000,3441,1176,1179
chr7,26980000,0.936364,0.6662,27000000,3718,1149,1362
chr7,27000000,0.902671,0.54415,27020000,2520,978,1451
chr7,27020000,0.967185,0.6672,27040000,3976,1414,1444
chr7,27040000,0.978294,0.65545,27060000,3529,1271,1302
chr7,27060000,0.997875,0.65855,27080000,3321,1172,1218
chr7,27080000,0.939589,0.66585,27100000,2614,863,1019
chr7,27100000,0.963667,0.6704,27120000,3915,1237,1373
chr7,27120000,0.838125,0.63215,27140000,2355,806,983
chr7,27140000,0.748517,0.6399,27160000,2408,763,940
chr7,27160000,0.868317,0.5908,27180000,2351,927,893
chr7,27180000,0.964614,0.5582,27200000,2255,708,834
chr7,27200000,0.9927,0.6667,27220000,3880,1325,1418
chr7,27220000,0.941719,0.64155,27240000,3265,1014,1239
chr7,27240000,0.977935,0.6108,27260000,3084,1033,1123
chr7,27260000,0.98075,0.69825,27280000,4389,1531,1699
chr7,27280000,1,0.6723,27300000,3899,1264,1327
chr7,27300000,0.976713,0.67245,27320000,3830,1361,1420
chr7,27320000,0.66785,0.7088,27340000,2327,720,860
chr7,27340000,0.991383,0.6746,27360000,3945,1373,1397
chr7,27360000,0.9953,0.67915,27380000,4098,1405,1391
chr7,27380000,0.971017,0.6351,27400000,3151,1098,1181
chr7,27400000,0.83213,0.66265,27420000,3403,1486,1508
chr7,27420000,0.992908,0.69915,27440000,4476,1384,1558
chr7,27440000,0.987531,0.68975,27460000,4320,1461,1584
chr7,27460000,0.971175,0.6837,27480000,4196,1606,1632
chr7,27480000,0.95278,0.70685,27500000,4775,2054,2040
chr7,27500000,0.982499,0.60935,27520000,3051,1087,1133
chr7,27520000,0.985441,0.6758,27540000,4471,1630,1589
chr7,27540000,0.993467,0.68265,27560000,3985,1341,1477
chr7,27560000,0.908393,0.6391,27580000,3161,1052,1247
chr7,27580000,0.868519,0.6675,27600000,3756,1350,1548
chr7,27600000,0.993689,0.61965,27620000,13379,8966,8835
chr7,27620000,0.972173,0.6321,27640000,10504,7213,6871
chr7,27640000,0.941186,0.63575,27660000,3751,1404,1466
chr7,27660000,0.960459,0.59125,27680000,2973,1233,1221
chr7,27680000,0.972065,0.6297,27700000,3495,1250,1361
chr7,27700000,0.968961,0.6509,27720000,3676,1597,1484
chr7,27720000,0.980701,0.6835,27740000,4116,1392,1616
chr7,27740000,0.989854,0.66835,27760000,3433,1087,1298
chr7,27760000,0.976442,0.67665,27780000,4024,1447,1467
chr7,27780000,0.994683,0.67805,27800000,4120,1268,1393
chr7,27800000,0.806758,0.6132,27820000,1568,641,603
chr7,27820000,0.986104,0.6305,27840000,3511,1559,1525
chr7,27840000,0.99955,0.5996,27860000,3154,1197,1071
chr8,0,0.267055,0.60755,20000,16,55,85
chr8,20000,0.387108,0.6245,40000,0,11,23
chr8,40000,0.722475,0.6788,60000,24,1151,1937
chr8,60000,0.996075,0.6668,80000,53,2230,3751
chr8,80000,0.965295,0.66555,100000,161,2083,3496
chr8,100000,0.964748,0.5979,120000,25,1694,2965
chr8,120000,0.993286,0.67925,140000,10,2632,4321
chr8,140000,0.934283,0.6133,160000,106,1896,3284
chr8,160000,1,0.65085,180000,16,2373,3668
chr8,180000,0.987765,0.666,200000,38,2576,4023
chr8,200000,0.998242,0.67395,220000,817,3352,4626
chr8,220000,0.998069,0.66365,240000,12,2538,3992
chr8,240000,0.94205,0.633,260000,18,1992,3312
chr8,260000,0.953367,0.65105,280000,39,2241,3586
chr8,280000,0.993647,0.68485,300000,71,2830,4563
chr8,300000,0.998767,0.7121,320000,46,2912,4930
chr8,320000,1,0.68445,340000,9,2649,4317
chr8,340000,0.9984,0.68625,360000,17,2652,4314
chr8,360000,0.992734,0.67085,380000,314,3014,4502
chr8,380000,0.973454,0.6723,400000,16,2418,3808
chr8,400000,0.966201,0.64095,420000,17,2197,3735
chr8,420000,0.983118,0.6539,440000,928,3107,4520
chr8,440000,0.977675,0.63435,460000,21,2347,3482
chr8,460000,0.995573,0.65745,480000,67,2664,4273
chr8,480000,0.984972,0.67915,500000,8,2629,4198
chr8,500000,0.9994,0.6565,520000,49,2496,3860
chr8,520000,1,0.64895,540000,6,2417,3869
chr8,540000,0.977833,0.6404,560000,9,2050,3200
chr8,560000,0.984754,0.6493,580000,111,2389,4092
chr8,580000,0.992958,0.70685,600000,20,2750,4927
chr8,600000,0.939501,0.5677,620000,82,1609,2695
chr8,620000,0.971945,0.6295,640000,15,2286,3329
chr8,640000,0.953263,0.6247,660000,10,2115,3315
chr8,660000,0.992744,0.60795,680000,313,2286,3167
chr8,680000,1,0.5894,700000,321,1709,2447
chr8,700000,0.93927,0.6219,720000,364,2198,3570
chr8,720000,0.965963,0.60015,740000,744,2358,3482
chr8,740000,0.996902,0.6323,760000,64,1374,2288
chr8,760000,0.941,0.61395,780000,8,1234,2110
chr8,780000,0.966522,0.62755,800000,560,1934,2458
chr8,800000,0.962037,0.66585,820000,8,2367,3893
chr8,820000,0.9951,0.6456,840000,36,2379,3978
chr8,840000,0.990936,0.64365,860000,153,2553,3855
chr8,860000,1,0.64765,880000,6,2442,3641
chr8,880000,1,0.66885,900000,6,2733,4377
chr8,900000,0.998925,0.61435,920000,53,2296,3504
chr8,920000,0.995931,0.65425,940000,69,2668,4221
chr8,940000,0.956585,0.6745,960000,119,2616,4621
chr8,960000,0.863024,0.55055,980000,213,1303,2055
chr8,980000,0.945637,0.6206,1000000,735,2393,3596
chr8,1000000,0.947342,0.6452,1020000,240,2503,3926
chr8,1020000,0.913103,0.60985,1040000,426,1795,2879
chr8,1040000,0.989272,0.61835,1060000,516,2317,3657
chr8,1060000,0.991208,0.6502,1080000,41,2586,4179
chr8,1080000,0.9944,0.67365,1100000,17,2404,3876
chr8,1100000,0.99795,0.6008,1120000,167,1555,1907
chr8,1120000,0.979683,0.65855,1140000,7124,5427,4892
chr8,1140000,0.979112,0.6669,1160000,80,2418,4216
chr8,1160000,0.983592,0.63115,1180000,8,2032,3020
chr8,1180000,1,0.64545,1200000,7,2340,3412
chr8,1200000,0.9984,0.6439,1220000,129,2588,4159
chr8,1220000,1,0.65865,1240000,58,2606,3848
chr8,1240000,0.999525,0.6698,1260000,70,2750,4471
chr8,1260000,0.945625,0.7104,1280000,320,2526,4322
chr8,1280000,0.951275,0.67025,1300000,2137,3105,3846
chr8,1300000,0.982346,0.6496,1320000,765,2695,3876
chr8,1320000,0.876953,0.68555,1340000,137,2340,4338
chr8,1340000,0.890645,0.6448,1360000,204,1789,3429
chr8,1360000,0.990346,0.62095,1380000,19,1771,2713
chr8,1380000,0.995454,0.6299,1400000,33,2149,3225
chr8,1400000,0.974358,0.64755,1420000,1687,3178,3763
chr8,1420000,0.996517,0.64115,1440000,118,2503,3795
chr8,1440000,0.934864,0.6265,1460000,76,1961,2939
chr8,1460000,0.93003,0.6441,1480000,1059,2711,3553
chr8,1480000,0.969252,0.69595,1500000,2289,4678,6696
chr8,1500000,0.974318,0.6244,1520000,249,2298,3779
chr8,1520000,0.975244,0.6654,1540000,27,2397,4137
chr8,1540000,0.987842,0.6738,1560000,15,2523,4142
chr8,1560000,1,0.6503,1580000,50,2374,3699
chr8,1580000,0.936598,0.66575,1600000,432,2594,4219
chr8,1600000,0.999975,0.6361,1620000,1232,3822,5264
chr8,1620000,0.9946,0.6509,1640000,13,2545,4004
chr8,1640000,0.982825,0.62275,1660000,4,2078,2967
chr8,1660000,1,0.64845,1680000,12,2344,3686
chr8,1680000,0.910272,0.6672,1700000,31,2238,3585
chr8,1700000,0.97276,0.68695,1720000,43,2751,4588
chr8,1720000,0.844805,0.6588,1740000,38,2162,3514
chr8,1740000,0.978507,0.6601,1760000,350,2794,4385
chr8,1760000,0.877204,0.66845,1780000,384,1843,3086
chr8,1780000,0.994828,0.66805,1800000,12,2505,4064
chr8,1800000,0.9871,0.69905,1820000,19,2872,4648
chr8,1820000,0.988908,0.64685,1840000,6,2214,3391
chr8,1840000,0.78975,0.6831,1860000,811,2186,3329
chr8,1860000,0.499732,0.7177,1880000,213,923,1885
chr8,1880000,0.749968,0.6929,1900000,200,1628,2659
chr8,1900000,0.998479,0.68165,1920000,40,2648,4281
chr8,1920000,0.854851,0.67735,1940000,105,2312,4043
chr8,1940000,0.996763,0.7199,1960000,132,3215,5243
chr8,1960000,0.948165,0.6795,1980000,7,2099,3641
chr8,1980000,0.989692,0.669,2000000,62,2614,4200
chr8,2000000,0.99925,0.6488,2020000,548,2805,3951
chr8,2020000,0.994867,0.6599,2040000,238,2580,4211
chr8,2040000,0.986075,0.6557,2060000,121,2619,3939
chr8,2060000,0.997575,0.65425,2080000,72,2542,3937
chr8,2080000,0.996858,0.6523,2100000,24,2335,3923
chr8,2100000,0.990225,0.66985,2120000,91,2546,4266
chr8,2120000,0.997779,0.64365,2140000,11,2584,4185
chr8,2140000,0.887784,0.6489,2160000,42,2238,3646
chr8,2160000,0.967007,0.65495,2180000,19,2294,3642
chr8,2180000,0.947642,0.64255,2200000,14,2152,3539
chr8,2200000,0.9522,0.66505,2220000,10,2373,4033
chr8,2220000,0.991129,0.6355,2240000,198,2392,3509
chr8,2240000,0.9989,0.6844,2260000,16,2697,4710
chr8,2260000,0.97751,0.6331,2280000,230,2247,3802
chr8,2280000,0.960643,0.6678,2300000,80,2557,4135
chr8,2300000,0.941029,0.6343,2320000,740,2588,3890
chr8,2320000,0.878837,0.6871,2340000,5669,5971,9023
chr8,2340000,1,0.6224,2360000,20,2333,3455
chr8,2360000,0.998525,0.6387,2380000,20,2148,3272
chr8,2380000,0.99247,0.67495,2400000,23,2567,4261
chr8,2400000,0.961378,0.67365,2420000,168,2594,4400
chr8,2420000,0.903258,0.57645,2440000,104,1649,2654
chr8,2440000,0.99235,0.64565,2460000,626,2864,4305
chr8,2460000,0.996153,0.67015,2480000,24,2709,4342
chr8,2480000,0.987025,0.62275,2500000,18,2371,3602
chr8,2500000,0.974425,0.63,2520000,11,2235,3485
chr8,2520000,0.915485,0.64915,2540000,71,2152,3523
chr8,2540000,0.903455,0.6324,2560000,118,2040,3326
chr8,2560000,0.952865,0.55875,2580000,144,1694,2795
chr8,2580000,0.910008,0.64485,2600000,5883,6180,8537
chr8,2600000,0.970345,0.56025,2620000,930,2409,3192
chr8,2620000,0.984075,0.64685,2640000,8,2419,3596
chr8,2640000,0.999572,0.66325,2660000,46,2542,4226
chr8,2660000,0.871875,0.63725,2680000,103,2149,3476
chr8,2680000,0.988108,0.6142,2700000,80,2121,3493
chr8,2700000,0.940117,0.64565,2720000,138,2196,4048
chr8,2720000,0.9507,0.6435,2740000,644,1653,2409
chr8,2740000,1,0.64435,2760000,42,2539,3970
chr8,2760000,0.989725,0.65345,2780000,73,2378,3822
chr8,2780000,1,0.64145,2800000,28,2396,3927
chr8,2800000,0.992142,0.68385,2820000,22,2611,4264
chr8,2820000,0.973138,0.646,2840000,299,2475,3843
chr8,2840000,0.985708,0.65545,2860000,49,2504,4039
chr8,2860000,0.974142,0.5894,2880000,45,2021,3252
chr8,2880000,0.948142,0.65535,2900000,181,2471,4204
chr8,2900000,0.983554,0.695,2920000,31,2893,4971
chr8,2920000,0.885999,0.6667,2940000,41,2238,3800
chr8,2940000,0.949958,0.67355,2960000,27,2445,4009
chr8,2960000,0.955067,0.65225,2980000,385,2628,3755
chr8,2980000,0.703773,0.68325,3000000,201,1608,3108
chr8,3000000,0.985113,0.67065,3020000,19,2445,3970
chr8,3020000,0.992,0.6046,3040000,27,2097,3510
chr8,3040000,0.9971,0.7001,3060000,302,3082,5043
chr8,3060000,0.920377,0.5698,3080000,690,2137,2959
chr8,3080000,0.99265,0.65615,3100000,972,3150,4374
chr8,3100000,0.977887,0.62685,3120000,38,2365,3675
chr8,3120000,0.980339,0.6261,3140000,481,2800,4111
chr8,3140000,0.972867,0.5908,3160000,42,1915,3161
chr8,3160000,0.9965,0.63215,3180000,7,2402,3464
chr8,3180000,0.92911,0.56265,3200000,21,1588,2676
chr8,3200000,0.999425,0.6833,3220000,44,2823,4537
chr8,3220000,0.936097,0.64065,3240000,40,1781,3310
chr8,3240000,0.989769,0.67065,3260000,60,2418,4053
chr8,3260000,0.977667,0.66995,3280000,142,2822,4280
chr8,3280000,0.986809,0.6568,3300000,61,2599,4330
chr8,3300000,0.615509,0.62405,3320000,74,590,1084
chr8,3320000,0.865365,0.6291,3340000,107,1640,3058
chr8,3340000,0.91215,0.6031,3360000,149,1808,3057
chr8,3360000,0.982664,0.65155,3380000,601,2924,4486
chr8,3380000,0.983012,0.6426,3400000,9,2490,3882
chr8,3400000,0.982052,0.5707,3420000,158,1978,3095
chr8,3420000,0.999925,0.64035,3440000,47,2625,4248
chr8,3440000,0.9823,0.6703,3460000,13,2698,4238
chr8,3460000,0.971946,0.66855,3480000,294,2610,4124
chr8,3480000,0.943692,0.68885,3500000,347,2501,4077
chr8,3500000,0.953333,0.5407,3520000,1119,2367,3190
chr8,3520000,1,0.66045,3540000,128,2630,3884
chr8,3540000,0.948067,0.60545,3560000,408,2418,3478
chr8,3560000,0.987242,0.6422,3580000,920,3081,4154
chr8,3580000,0.954509,0.6652,3600000,1066,3159,4442
chr8,3600000,0.859335,0.6653,3620000,184,2320,4098
chr8,3620000,0.993987,0.6376,3640000,25,2405,3727
chr8,3640000,0.739695,0.6421,3660000,3,1152,1785
chr8,3660000,0.955992,0.6538,3680000,52,2311,3719
chr8,3680000,1,0.6774,3700000,10,2751,4531
chr8,3700000,0.982458,0.6598,3720000,123,2638,4034
chr8,3720000,0.985656,0.6407,3740000,616,2917,4241
chr8,3740000,0.903653,0.64415,3760000,389,2450,3867
chr8,3760000,0.980017,0.66185,3780000,4,2547,3827
chr8,3780000,0.970658,0.64555,3800000,220,2481,4130
chr8,3800000,0.9994,0.62655,3820000,153,2493,3514
chr8,3820000,0.976411,0.6448,3840000,208,2598,3954
chr8,3840000,0.83246,0.6361,3860000,65,1861,3132
chr8,3860000,0.986332,0.6603,3880000,111,2524,4158
chr8,3880000,0.997058,0.6545,3900000,23,2433,3717
chr8,3900000,0.986298,0.70725,3920000,24,2862,4883
chr8,3920000,0.859176,0.5627,3940000,267,1510,2401
chr8,3940000,0.973704,0.66355,3960000,73,2652,3999
chr8,3960000,0.961542,0.63895,3980000,466,2771,4139
chr8,3980000,0.928542,0.63425,4000000,63,2141,3529
chr8,4000000,0.982768,0.66635,4020000,52,2558,4219
chr8,4020000,0.924179,0.62445,4040000,211,2205,3127
chr8,4040000,0.928712,0.6025,4060000,39,1926,3220
chr8,4060000,0.882623,0.6004,4080000,114,1794,3125
chr8,4080000,0.994425,0.6585,4100000,98,2708,4304
chr8,4100000,0.972021,0.6607,4120000,141,2731,4413
chr8,4120000,0.963994,0.64455,4140000,305,2420,3747
chr8,4140000,0.579476,0.63275,4160000,27,1106,1887
chr8,4160000,0.702962,0.64985,4180000,49,1721,2947
chr8,4180000,0.781908,0.5835,4200000,53,1124,2073
chr8,4200000,0.570064,0.5615,4220000,28,771,1329
chr8,4220000,0.936156,0.5963,4240000,176,1908,3051
chr8,4240000,0.972123,0.61575,4260000,49,2042,3349
chr8,4260000,1,0.64135,4280000,53,2417,3686
chr8,4280000,1,0.6065,4300000,25,2345,3430
chr8,4300000,0.9801,0.62775,4320000,72,2424,3612
chr8,4320000,0.953102,0.58975,4340000,217,1973,3056
chr8,4340000,0.929262,0.65595,4360000,272,2068,3542
chr8,4360000,0.992725,0.664,4380000,125,2478,4100
chr8,4380000,0.956142,0.68035,4400000,62,2577,4193
chr8,4400000,0.968086,0.6734,4420000,32,2467,4054
chr8,4420000,0.998975,0.64095,4440000,44,2430,3725
chr8,4440000,0.904547,0.6538,4460000,101,2337,3728
chr8,4460000,0.879561,0.6176,4480000,253,2274,3596
chr8,4480000,0.840173,0.5708,4500000,58,1594,2574
chr8,4500000,0.824399,0.63885,4520000,51,1968,3151
chr8,4520000,0.961042,0.68705,4540000,1257,3577,5406
chr8,4540000,0.799343,0.62725,4560000,386,1791,3094
chr8,4560000,0.72877,0.6188,4580000,155,1554,2481
chr8,4580000,0.959229,0.64585,4600000,46,2195,4031
chr8,4600000,0.991391,0.6511,4620000,44,2429,3897
chr8,4620000,0.970085,0.68815,4640000,168,2577,4731
chr8,4640000,0.890219,0.55,4660000,103,1434,2213
chr8,4660000,0.638648,0.6088,4680000,7,1087,1819
chr8,4680000,0.712691,0.57575,4700000,79,957,1735
chr8,4700000,0.92204,0.6295,4720000,105,1939,3527
chr8,4720000,0.99425,0.6725,4740000,310,2536,4267
chr8,4740000,0.934752,0.62035,4760000,760,2335,3696
chr8,4760000,0.790635,0.5259,4780000,29,1117,1763
chr8,4780000,0.927967,0.58355,4800000,410,2117,3048
chr8,4800000,0.987097,0.6223,4820000,34,2225,3529
chr8,4820000,0.880085,0.65945,4840000,195,2083,3665
chr8,4840000,0.648836,0.59145,4860000,566,1326,2135
chr8,4860000,0.854522,0.63015,4880000,209,1671,3136
chr8,4880000,0.86635,0.61165,4900000,317,1636,2818
chr8,4900000,0.809145,0.60705,4920000,267,1467,2622
chr8,4920000,0.798043,0.56615,4940000,258,1107,1952
chr8,4940000,0.567148,0.58105,4960000,39,905,1509
chr8,4960000,0.725378,0.5398,4980000,95,971,1613
chr8,4980000,0.405652,0.57885,5000000,78,620,988
chr8,5000000,0.914255,0.5816,5020000,328,1870,2787
chr8,5020000,0.839699,0.6604,5040000,152,2019,3410
chr8,5040000,0.984122,0.59105,5060000,178,1971,3099
chr8,5060000,0.848231,0.5303,5080000,157,1218,1967
chr8,5080000,0.547892,0.5689,5100000,30,785,1427
chr8,5100000,0.99755,0.60075,5120000,183,1957,3146
chr8,5120000,0.922183,0.59,5140000,338,1786,2830
chr8,5140000,0.961603,0.63215,5160000,36,1972,3347
chr8,5160000,0.967928,0.64395,5180000,43,2181,3664
chr8,5180000,0.90946,0.5974,5200000,32,1467,2641
chr8,5200000,0.978565,0.5994,5220000,190,1804,3119
chr8,5220000,0.882068,0.5964,5240000,200,1712,2755
chr8,5240000,0.973316,0.562,5260000,75,1576,2517
chr8,5260000,0.9995,0.59085,5280000,199,2062,3123
chr8,5280000,0.986242,0.60645,5300000,147,2043,3308
chr8,5300000,0.87226,0.6033,5320000,21,1457,2706
chr8,5320000,0.915026,0.6221,5340000,64,1790,3026
chr8,5340000,0.699203,0.6106,5360000,80,1502,2426
chr8,5360000,0.825314,0.583,5380000,56,1300,2271
chr8,5380000,0.943263,0.5823,5400000,256,1516,2678
chr8,5400000,0.923443,0.54035,5420000,118,1342,2176
chr8,5420000,0.985431,0.6697,5440000,262,2505,4227
chr8,5440000,0.969438,0.704,5460000,57,2647,4623
chr8,5460000,0.923617,0.62895,5480000,61,1702,3115
chr8,5480000,0.658813,0.5673,5500000,163,1082,1766
chr8,5500000,0.516238,0.57255,5520000,78,641,1123
chr8,5520000,0.257302,0.589,5540000,170,370,615
chr8,5540000,0.288899,0.58935,5560000,288,726,770
chr8,5560000,0.240207,0.57745,5580000,6,246,479
chr8,5580000,0.288282,0.59255,5600000,15,313,618
chr8,5600000,0.521557,0.5646,5620000,452,828,1178
chr8,5620000,0.496524,0.58765,5640000,929,1003,1288
chr8,5640000,0.19981,0.59775,5660000,390,373,418
chr8,5660000,0.12461,0.60635,5680000,119,135,171
chr8,5680000,0.197168,0.6123,5700000,259,298,485
chr8,5700000,0.194565,0.61265,5720000,160,189,317
chr8,5720000,0.33667,0.6046,5740000,91,342,698
chr8,5740000,0.370473,0.60105,5760000,455,727,1027
chr8,5760000,0.228218,0.5883,5780000,53,326,561
chr8,5780000,0.309139,0.58365,5800000,39,339,643
chr8,5800000,0.352583,0.6023,5820000,214,441,734
chr8,5820000,0.331424,0.615,5840000,131,417,728
chr8,5840000,0.421837,0.61105,5860000,387,643,957
chr8,5860000,0.335792,0.5915,5880000,56,460,811
chr8,5880000,0.28409,0.5991,5900000,124,452,799
chr8,5900000,0.409563,0.59895,5920000,408,791,1096
chr8,5920000,0.27559,0.59325,5940000,18,367,827
chr8,5940000,0.186263,0.5799,5960000,7,224,479
chr8,5960000,0.332996,0.6146,5980000,31,412,790
chr8,5980000,0.309815,0.5964,6000000,55,489,906
chr8,6000000,0.249133,0.5853,6020000,8,264,584
chr8,6020000,0.337947,0.61165,6040000,66,295,581
chr8,6040000,0.525838,0.6021,6060000,189,822,1409
chr8,6060000,0.192557,0.58445,6080000,19,258,474
chr8,6080000,0.325223,0.5957,6100000,34,420,776
chr8,6100000,0.309536,0.60915,6120000,68,324,601
chr8,6120000,0.333189,0.61075,6140000,45,467,865
chr8,6140000,0.282759,0.59435,6160000,56,402,725
chr8,6160000,0.363,0.60495,6180000,103,483,953
chr8,6180000,0.669028,0.54585,6200000,42,716,1294
chr8,6200000,0.163359,0.6117,6220000,20,103,234
chr8,6220000,0.196766,0.58695,6240000,22,248,500
chr8,6240000,0.290025,0.6122,6260000,52,316,664
chr8,6260000,0.17522,0.5999,6280000,41,146,288
chr8,6280000,0.295573,0.52605,6300000,18,291,508
chr8,6300000,0.31311,0.59285,6320000,40,394,845
chr8,6320000,0.227505,0.58645,6340000,11,287,604
chr8,6340000,0.365729,0.5834,6360000,82,532,945
chr8,6360000,0.218398,0.5827,6380000,11,265,496
chr8,6380000,0.376963,0.5884,6400000,83,477,952
chr8,6400000,0.433984,0.6098,6420000,315,738,1151
chr8,6420000,0.283213,0.5857,6440000,18,333,682
chr8,6440000,0.353468,0.60465,6460000,123,456,752
chr8,6460000,0.349254,0.5995,6480000,100,488,959
chr8,6480000,0.247948,0.58835,6500000,27,327,613
chr8,6500000,0.30815,0.5989,6520000,464,754,972
chr8,6520000,0.449475,0.602,6540000,21,596,1146
chr8,6540000,0.455002,0.6051,6560000,85,528,956
chr8,6560000,0.279209,0.59515,6580000,70,447,776
chr8,6580000,0.248732,0.5775,6600000,34,303,640
chr8,6600000,0.277293,0.5909,6620000,28,303,563
chr8,6620000,0.238947,0.5943,6640000,198,408,567
chr8,6640000,0.234587,0.61775,6660000,99,313,433
chr8,6660000,0.271923,0.5995,6680000,186,521,737
chr8,6680000,0.180306,0.6085,6700000,119,210,374
chr8,6700000,0.216625,0.5871,6720000,44,244,499
chr8,6720000,0.284406,0.60735,6740000,41,353,640
chr8,6740000,0.546305,0.60485,6760000,4319,4149,3649
chr8,6760000,0.240421,0.5859,6780000,38,341,607
chr8,6780000,0.319354,0.60865,6800000,60,390,835
chr8,6800000,0.288567,0.58465,6820000,114,312,567
chr8,6820000,0.196906,0.5745,6840000,430,521,707
chr8,6840000,0.373268,0.6172,6860000,122,385,736
chr8,6860000,0.290392,0.59695,6880000,114,418,774
chr8,6880000,0.377293,0.59265,6900000,240,702,1073
chr8,6900000,0.259019,0.5901,6920000,82,361,604
chr8,6920000,0.433971,0.6032,6940000,116,572,1191
chr8,6940000,0.370933,0.6127,6960000,82,473,817
chr8,6960000,0.300166,0.59925,6980000,33,377,771
chr8,6980000,0.241233,0.58405,7000000,38,238,492
chr8,7000000,0.332453,0.60925,7020000,217,472,845
chr8,7020000,0.233434,0.59905,7040000,738,762,705
chr8,7040000,0.320755,0.59185,7060000,236,566,867
chr8,7060000,0.401015,0.5969,7080000,307,772,1152
chr8,7080000,0.272846,0.6036,7100000,37,302,645
chr8,7100000,0.180166,0.5837,7120000,18,207,386
chr8,7120000,0.219814,0.58495,7140000,78,237,456
chr8,7140000,0.245872,0.6157,7160000,60,263,546
chr8,7160000,0.153364,0.61065,7180000,16,176,333
chr8,7180000,0.315722,0.6043,7200000,99,456,867
chr8,7200000,0.354288,0.60795,7220000,78,362,711
chr8,7220000,0.124695,0.57915,7240000,27,100,197
chr8,7240000,0.705091,0.5919,7260000,549,1319,1893
chr8,7260000,0.24239,0.6183,7280000,60,249,504
chr8,7280000,0.152258,0.5875,7300000,12,192,323
chr8,7300000,0.145833,0.5989,7320000,45,140,208
chr8,7320000,0.185768,0.5739,7340000,11,183,408
chr8,7340000,0.261493,0.59225,7360000,24,308,641
chr8,7360000,0.367593,0.60445,7380000,39,516,1007
chr8,7380000,0.308471,0.6156,7400000,52,398,694
chr8,7400000,0.435109,0.61495,7420000,1208,1200,1210
chr8,7420000,0.432303,0.61715,7440000,618,900,1283
chr8,7440000,0.225004,0.61685,7460000,234,348,627
chr8,7460000,0.220599,0.61185,7480000,421,394,616
chr8,7480000,0.376679,0.60665,7500000,152,485,818
chr8,7500000,0.217736,0.61935,7520000,336,408,514
chr8,7520000,0.271665,0.60205,7540000,127,334,529
chr8,7540000,0.395869,0.61485,7560000,220,506,991
chr8,7560000,0.325682,0.5963,7580000,147,470,808
chr8,7580000,0.327796,0.6103,7600000,105,450,931
chr8,7600000,0.360646,0.61425,7620000,5278,7697,4314
chr8,7620000,0.317073,0.612,7640000,371,580,798
chr8,7640000,0.404206,0.59685,7660000,244,625,1094
chr8,7660000,0.28236,0.61335,7680000,1135,981,943
chr8,7680000,0.196247,0.61255,7700000,292,332,502
chr8,7700000,0.378506,0.5841,7720000,119,594,971
chr8,7720000,0.616226,0.5998,7740000,653,1192,1643
chr8,7740000,0.284597,0.6142,7760000,218,369,691
chr8,7760000,0.397837,0.6144,7780000,306,540,728
chr8,7780000,0.366358,0.6173,7800000,175,504,741
chr8,7800000,0.366481,0.616,7820000,748,808,945
chr8,7820000,0.288566,0.6175,7840000,958,747,929
chr8,7840000,0.256892,0.58825,7860000,735,604,727
chr8,7860000,0.334269,0.58855,7880000,491,657,985
chr8,7880000,0.350889,0.615,7900000,570,684,997
chr8,7900000,0.76956,0.54895,7920000,360,1085,1871
chr8,7920000,0.95936,0.66365,7940000,45,2151,3589
chr8,7940000,0.942359,0.5806,7960000,24,1416,2347
chr8,7960000,0.856509,0.62955,7980000,21,1991,3230
chr8,7980000,0.939353,0.64295,8000000,64,2294,3747
chr8,8000000,0.990575,0.59925,8020000,987,2576,3604
chr8,8020000,0.991454,0.66565,8040000,528,3092,4580
chr8,8040000,0.908376,0.5977,8060000,27,1801,2996
chr8,8060000,0.898456,0.61855,8080000,10,2018,2884
chr8,8080000,0.993129,0.59085,8100000,257,2307,3145
chr8,8100000,0.787506,0.5752,8120000,24,1222,2134
chr8,8120000,0.877399,0.57215,8140000,441,1505,2573
chr8,8140000,0.967602,0.5767,8160000,288,1734,2664
chr8,8160000,0.98964,0.58255,8180000,546,2252,3116
chr8,8180000,0.938059,0.62155,8200000,51,1777,3185
chr8,8200000,0.975092,0.60175,8220000,310,2155,3294
chr8,8220000,0.945729,0.64625,8240000,184,2256,3590
chr8,8240000,0.667933,0.64295,8260000,89,756,1470
chr8,8260000,0.799637,0.63095,8280000,81,1144,1930
chr8,8280000,0.841963,0.58065,8300000,1587,2018,2733
chr8,8300000,0.795333,0.57405,8320000,228,1337,2329
chr8,8320000,0.9961,0.63565,8340000,147,2488,3949
chr8,8340000,0.882293,0.56625,8360000,189,1316,2511
chr8,8360000,0.95534,0.5908,8380000,188,1698,2897
chr8,8380000,0.973131,0.69005,8400000,153,2512,4347
chr8,8400000,0.969432,0.7263,8420000,259,2786,4877
chr8,8420000,0.970386,0.6733,8440000,69,2548,4233
chr8,8440000,0.983483,0.6376,8460000,79,2219,3759
chr8,8460000,0.915854,0.5457,8480000,536,1667,2828
chr8,8480000,0.98949,0.6888,8500000,227,2786,4682
chr8,8500000,0.951491,0.5966,8520000,440,2323,3413
chr8,8520000,0.932766,0.5873,8540000,194,1881,2730
chr8,8540000,0.999675,0.57835,8560000,5,2147,2954
chr8,8560000,0.976407,0.61545,8580000,75,2106,3475
chr8,8580000,0.992155,0.66545,8600000,32,2575,4060
chr8,8600000,0.9977,0.59855,8620000,128,2258,3361
chr8,8620000,0.979582,0.56185,8640000,103,1685,2771
chr8,8640000,1,0.67035,8660000,171,2735,4137
chr8,8660000,0.928552,0.55225,8680000,464,1912,2953
chr8,8680000,0.92375,0.62805,8700000,654,2448,3048
chr8,8700000,0.997797,0.60195,8720000,591,2262,3477
chr8,8720000,1,0.6132,8740000,820,2401,3280
chr8,8740000,0.940397,0.66055,8760000,90,2055,3432
chr8,8760000,0.949642,0.6454,8780000,308,2457,3370
chr8,8780000,0.99515,0.5742,8800000,524,2423,3374
chr8,8800000,0.999575,0.6678,8820000,50,2539,4042
chr8,8820000,0.972571,0.6115,8840000,81,2021,3468
chr8,8840000,0.751083,0.5936,8860000,40,1111,2130
chr8,8860000,0.857035,0.6032,8880000,46,1566,2688
chr8,8880000,0.889382,0.61585,8900000,267,1781,3022
chr8,8900000,0.971801,0.6595,8920000,83,2488,4174
chr8,8920000,0.950216,0.59045,8940000,275,1911,3200
chr8,8940000,0.996958,0.62275,8960000,57,2368,3961
chr8,8960000,0.997925,0.60785,8980000,72,2154,3437
chr8,8980000,0.980212,0.6649,9000000,46,2604,4210
chr8,9000000,0.987056,0.64715,9020000,137,2385,3674
chr8,9020000,0.886149,0.62795,9040000,40,1882,3315
chr8,9040000,0.920637,0.61885,9060000,677,2230,3638
chr8,9060000,0.968431,0.6566,9080000,14,2404,3634
chr8,9080000,0.979402,0.65765,9100000,73,2366,3988
chr8,9100000,0.995439,0.60905,9120000,309,2600,3609
chr8,9120000,0.81707,0.64395,9140000,30,1755,2936
chr8,9140000,0.957922,0.6055,9160000,57,1869,3267
chr8,9160000,0.972384,0.6129,9180000,81,2032,3255
chr8,9180000,0.621008,0.6797,9200000,62,1209,2230
chr8,9200000,0.965833,0.6229,9220000,142,2188,3357
chr8,9220000,0.98513,0.61865,9240000,164,2370,3127
chr8,9240000,0.825632,0.5758,9260000,262,1372,2146
chr8,9260000,0.98775,0.64545,9280000,89,2409,3807
chr8,9280000,0.997175,0.6501,9300000,65,2559,3904
chr8,9300000,0.994192,0.599,9320000,168,2503,3788
chr8,9320000,0.974812,0.6747,9340000,124,2610,4432
chr8,9340000,0.869409,0.6602,9360000,31,2101,3731
chr8,9360000,0.945372,0.66045,9380000,25,2382,3845
chr8,9380000,0.989446,0.65225,9400000,29,2263,3731
chr8,9400000,0.980975,0.64375,9420000,103,2414,3994
chr8,9420000,0.971649,0.6301,9440000,15,2053,3538
chr8,9440000,1,0.6725,9460000,7,2645,4053
chr8,9460000,0.993161,0.63825,9480000,514,2653,3935
chr8,9480000,0.995627,0.6399,9500000,65,2494,3639
chr8,9500000,0.975053,0.6487,9520000,141,2591,3881
chr8,9520000,1,0.69065,9540000,21,2810,4595
chr8,9540000,0.966403,0.66465,9560000,111,2515,4136
chr8,9560000,0.963958,0.6742,9580000,25,2381,4240
chr8,9580000,0.984054,0.5988,9600000,229,2362,3634
chr8,9600000,0.984883,0.68565,9620000,41,2634,4351
chr8,9620000,0.992264,0.6599,9640000,31,2536,4479
chr8,9640000,0.984978,0.646,9660000,108,2420,3699
chr8,9660000,0.99385,0.6294,9680000,396,2576,3514
chr8,9680000,0.983675,0.6694,9700000,925,3267,5117
chr8,9700000,0.916281,0.69015,9720000,774,3027,4851
chr8,9720000,0.984792,0.65245,9740000,33,2421,3903
chr8,9740000,0.993263,0.69775,9760000,110,2877,4625
chr8,9760000,0.9933,0.6287,9780000,47,2331,3720
chr8,9780000,0.993897,0.66395,9800000,131,2601,3931
chr8,9800000,0.989225,0.70095,9820000,55,2721,4621
chr8,9820000,0.979667,0.70125,9840000,28,2639,4598
chr8,9840000,0.9991,0.61015,9860000,78,2370,3661
chr8,9860000,0.979255,0.6362,9880000,45,2323,3489
chr8,9880000,0.81919,0.6334,9900000,1034,1999,2893
chr8,9900000,0.912944,0.64825,9920000,206,2186,3451
chr8,9920000,0.973679,0.6373,9940000,170,2295,3809
chr8,9940000,0.983006,0.6707,9960000,251,2837,4414
chr8,9960000,0.99895,0.6209,9980000,61,1606,2177
chr8,9980000,0.851725,0.64375,10000000,13031,7414,9539
chr8,10000000,0.915939,0.6441,10020000,110,1173,2025
chr8,10020000,0.985316,0.6078,10040000,294,2134,3318
chr8,10040000,0.872193,0.6639,10060000,191,2207,3531
chr8,10060000,0.958054,0.71575,10080000,160,2733,5026
chr8,10080000,0.987137,0.7116,10100000,205,2918,4863
chr8,10100000,0.927531,0.62485,10120000,166,1982,3462
chr8,10120000,0.953104,0.62335,10140000,104,2172,3351
chr8,10140000,0.903533,0.63295,10160000,15,2083,3537
chr8,10160000,0.962646,0.6603,10180000,86,2298,4016
chr8,10180000,0.977986,0.61855,10200000,124,2127,3623
chr8,10200000,0.939863,0.64735,10220000,16,2091,3489
chr8,10220000,0.998675,0.5995,10240000,31,2024,3187
chr8,10240000,1,0.64835,10260000,261,2726,4001
chr8,10260000,0.971222,0.62925,10280000,127,2325,3790
chr8,10280000,1,0.6639,10300000,11,2533,4221
chr8,10300000,0.96264,0.66205,10320000,32,2296,3847
chr8,10320000,1,0.65155,10340000,19,2529,3769
chr8,10340000,0.765067,0.6037,10360000,66,1311,2186
chr8,10360000,0.844487,0.61805,10380000,658,2204,3396
chr8,10380000,0.946263,0.6116,10400000,433,2296,3388
chr8,10400000,0.993033,0.6382,10420000,9,2305,4114
chr8,10420000,0.926213,0.63615,10440000,12,2252,3478
chr8,10440000,1,0.66545,10460000,184,2520,3950
chr8,10460000,0.962598,0.63865,10480000,7,1984,3023
chr8,10480000,0.930687,0.648,10500000,126,2169,3845
chr8,10500000,0.851768,0.6623,10520000,4,2018,3528
chr8,10520000,1,0.66835,10540000,8,2617,4082
chr8,10540000,0.997178,0.64455,10560000,206,2507,3582
chr8,10560000,0.989025,0.64665,10580000,450,2966,4348
chr8,10580000,0.825743,0.6543,10600000,91,2051,3360
chr8,10600000,0.914649,0.6408,10620000,71,2248,3686
chr8,10620000,0.979217,0.6557,10640000,262,2712,4101
chr8,10640000,0.995304,0.67905,10660000,44,2745,4361
chr8,10660000,0.966494,0.6971,10680000,208,2835,5005
chr8,10680000,0.98479,0.6253,10700000,48,2371,3607
chr8,10700000,0.998425,0.6203,10720000,268,2542,4037
chr8,10720000,0.976744,0.66825,10740000,58,2316,4066
chr8,10740000,1,0.60385,10760000,10,1723,2726
chr8,10760000,0.98931,0.6489,10780000,80,2440,3883
chr8,10780000,1,0.63495,10800000,53,2504,3558
chr8,10800000,0.981366,0.66445,10820000,24,2662,4070
chr8,10820000,1,0.6169,10840000,19,2167,3417
chr8,10840000,0.986927,0.6214,10860000,5,2122,2921
chr8,10860000,0.955349,0.55345,10880000,39,1539,2373
chr8,10880000,0.898705,0.6414,10900000,132,2108,3336
chr8,10900000,0.979503,0.6349,10920000,317,2503,3546
chr8,10920000,0.986787,0.6511,10940000,43,2533,3874
chr8,10940000,1,0.6116,10960000,5,2071,3058
chr8,10960000,0.874854,0.6058,10980000,99,1918,3050
chr8,10980000,1,0.6704,11000000,403,3056,4253
chr8,11000000,0.9984,0.65755,11020000,416,2884,4168
chr8,11020000,0.99887,0.66755,11040000,7,2608,4058
chr8,11040000,0.987283,0.6656,11060000,231,2698,4305
chr8,11060000,0.9985,0.67625,11080000,15,2751,4366
chr8,11080000,1,0.67145,11100000,35,2677,4413
chr8,11100000,0.906751,0.6156,11120000,465,2197,3626
chr8,11120000,0.98225,0.6602,11140000,451,2627,3956
chr8,11140000,0.928242,0.7091,11160000,1068,2824,4660
chr8,11160000,0.836428,0.55455,11180000,548,1474,2084
chr8,11180000,0.959738,0.66075,11200000,6123,7434,6576
chr8,11200000,0.99905,0.6669,11220000,65,2292,3717
chr8,11220000,0.997904,0.617,11240000,23,2314,3508
chr8,11240000,0.998925,0.65655,11260000,46,2458,3938
chr8,11260000,0.990334,0.6441,11280000,10,2207,3346
chr8,11280000,0.9993,0.64475,11300000,83,1616,2902
chr8,11300000,0.990282,0.6513,11320000,25,2046,3425
chr8,11320000,0.987046,0.665,11340000,54,2601,4141
chr8,11340000,0.972217,0.61835,11360000,23,1872,2879
chr8,11360000,0.89524,0.6452,11380000,326,2232,3848
chr8,11380000,0.994417,0.6555,11400000,13,2466,3758
chr8,11400000,0.99664,0.65185,11420000,8,2537,3805
chr8,11420000,0.999297,0.68205,11440000,16,2478,4247
chr8,11440000,0.987381,0.63525,11460000,11,2253,3666
chr8,11460000,1,0.6563,11480000,7,2608,3745
chr8,11480000,0.92567,0.6696,11500000,24,2335,3876
chr8,11500000,0.988825,0.66055,11520000,15,2406,4115
chr8,11520000,0.999825,0.69405,11540000,20,2689,4270
chr8,11540000,1,0.64875,11560000,11,2547,3828
chr8,11560000,0.995229,0.66275,11580000,17,2547,4090
chr8,11580000,0.98295,0.63425,11600000,8,2236,3373
chr8,11600000,0.9983,0.6553,11620000,499,2784,4374
chr8,11620000,0.999,0.62685,11640000,19,2246,3400
chr8,11640000,0.977233,0.66255,11660000,169,2601,4541
chr8,11660000,0.971189,0.66395,11680000,9,2401,3793
chr8,11680000,1,0.64175,11700000,10,2335,3558
chr8,11700000,1,0.6136,11720000,9,2131,2934
chr8,11720000,1,0.6288,11740000,365,2749,3492
chr8,11740000,0.993975,0.62175,11760000,135,2289,3193
chr8,11760000,0.9965,0.6466,11780000,30,2413,3801
chr8,11780000,0.989697,0.62215,11800000,28,2000,3071
chr8,11800000,0.99635,0.6071,11820000,29,2183,2960
chr8,11820000,0.763894,0.69635,11840000,39,1436,2694
chr8,11840000,1,0.65965,11860000,79,2755,3977
chr8,11860000,1,0.62875,11880000,52,2308,3110
chr8,11880000,0.964548,0.63975,11900000,142,2186,3363
chr8,11900000,0.990858,0.64005,11920000,29,2313,3616
chr8,11920000,0.945397,0.6316,11940000,11,2214,3630
chr8,11940000,0.997475,0.64555,11960000,134,2577,3918
chr8,11960000,0.990262,0.67755,11980000,144,2774,4507
chr8,11980000,0.947658,0.6547,12000000,89,2217,3676
chr8,12000000,0.922361,0.642,12020000,128,2173,3724
chr8,12020000,0.965575,0.6521,12040000,34,2331,3525
chr8,12040000,0.914314,0.68035,12060000,291,2495,4311
chr8,12060000,0.995425,0.6435,12080000,79,2381,3458
chr8,12080000,0.998146,0.6404,12100000,15,2249,3489
chr8,12100000,0.976784,0.64825,12120000,56,2259,3826
chr8,12120000,0.9682,0.66305,12140000,26,2595,4255
chr8,12140000,0.967413,0.66025,12160000,92,2472,3945
chr8,12160000,0.997,0.68955,12180000,150,2780,4756
chr8,12180000,0.981761,0.674,12200000,16,2704,4168
chr8,12200000,0.984275,0.6692,12220000,11,2522,3977
chr8,12220000,0.992557,0.6349,12240000,137,2470,3929
chr8,12240000,0.865911,0.6571,12260000,16,2220,3284
chr8,12260000,0.999625,0.63005,12280000,122,2511,3665
chr8,12280000,0.994567,0.6458,12300000,28,2385,3832
chr8,12300000,0.978192,0.6692,12320000,19,2551,4128
chr8,12320000,0.986054,0.6498,12340000,57,2484,3933
chr8,12340000,0.989588,0.64715,12360000,31,2298,3844
chr8,12360000,0.887593,0.6666,12380000,29,2251,3502
chr8,12380000,1,0.657,12400000,20,2493,3779
chr8,12400000,0.9595,0.6327,12420000,82,2166,3442
chr8,12420000,0.983977,0.64795,12440000,138,2443,3738
chr8,12440000,0.994775,0.6297,12460000,189,2331,3468
chr8,12460000,0.999325,0.65695,12480000,30,2451,3764
chr8,12480000,0.845417,0.62765,12500000,253,1958,2914
chr8,12500000,0.668265,0.6223,12520000,20,1257,2330
chr8,12520000,0.966137,0.6457,12540000,122,2328,3593
chr8,12540000,1,0.6398,12560000,18,2341,3747
chr8,12560000,0.950235,0.63665,12580000,29,2058,3513
chr8,12580000,0.988217,0.6887,12600000,12,2803,4545
chr8,12600000,0.985792,0.64365,12620000,25,2262,3720
chr8,12620000,0.969208,0.64875,12640000,177,2417,3559
chr8,12640000,1,0.63285,12660000,11,2191,3417
chr8,12660000,0.96025,0.64165,12680000,260,2285,3674
chr8,12680000,0.9987,0.67765,12700000,27,2741,4373
chr8,12700000,1,0.64315,12720000,11,2203,3389
chr8,12720000,0.994325,0.65635,12740000,70,2503,3978
chr8,12740000,0.987373,0.6551,12760000,19,2398,4057
chr8,12760000,0.972767,0.6633,12780000,12,2273,3965
chr8,12780000,0.977567,0.6845,12800000,26,2468,4180
chr8,12800000,0.99821,0.6281,12820000,109,2276,3373
chr8,12820000,0.9969,0.61745,12840000,16,2248,3190
chr8,12840000,0.967132,0.66975,12860000,566,2799,4448
chr8,12860000,0.887978,0.6317,12880000,215,2006,3134
chr8,12880000,0.997833,0.67025,12900000,88,2503,4421
chr8,12900000,0.986575,0.6242,12920000,18,2037,3157
chr8,12920000,0.668165,0.64165,12940000,32,1134,2030
chr8,12940000,0.992561,0.64945,12960000,25,2407,3735
chr8,12960000,0.99775,0.6468,12980000,11,2449,3692
chr8,12980000,0.964321,0.67255,13000000,467,2935,4265
chr8,13000000,1,0.705,13020000,26,2573,4331
chr8,13020000,0.971026,0.65405,13040000,451,2633,4113
chr8,13040000,0.938094,0.63855,13060000,1758,3112,3937
chr8,13060000,0.979026,0.68965,13080000,100,2611,4518
chr8,13080000,0.890779,0.654,13100000,429,2293,3862
chr8,13100000,0.9984,0.6435,13120000,134,2438,3830
chr8,13120000,1,0.65305,13140000,169,2522,4102
chr8,13140000,0.999221,0.63495,13160000,9,2203,3188
chr8,13160000,0.979624,0.6769,13180000,40,2415,4443
chr8,13180000,0.999967,0.666,13200000,16,2310,3896
chr8,13200000,1,0.66165,13220000,5,2486,4100
chr8,13220000,1,0.6245,13240000,11,2055,3237
chr8,13240000,0.9975,0.61135,13260000,16284,29174,20219
chr8,13260000,0.991667,0.63635,13280000,8186,15237,12005
chr8,13280000,1,0.64005,13300000,4,2378,3521
chr8,13300000,0.846275,0.64255,13320000,10,1912,3115
chr8,13320000,0.984717,0.63635,13340000,25,2178,3334
chr8,13340000,0.998925,0.6523,13360000,97,2303,3644
chr8,13360000,1,0.6422,13380000,40,2458,3538
chr8,13380000,0.909329,0.64195,13400000,49,1920,3176
chr8,13400000,0.841833,0.65955,13420000,113,1911,3097
chr8,13420000,1,0.65195,13440000,33,2344,3596
chr8,13440000,0.823476,0.6461,13460000,35,1709,3101
chr8,13460000,0.976666,0.6631,13480000,83,2423,3866
chr8,13480000,0.731467,0.64795,13500000,53,1141,2106
chr8,13500000,0.902532,0.63245,13520000,272,2137,3468
chr8,13520000,0.829468,0.6639,13540000,24,1692,3055
chr8,13540000,0.999675,0.65275,13560000,20,2557,3707
chr8,13560000,1,0.6367,13580000,249,2365,3539
chr8,13580000,0.984854,0.67755,13600000,9,2583,4282
chr8,13600000,0.99635,0.6743,13620000,46,2690,4268
chr8,13620000,1,0.63735,13640000,61,2450,3495
chr8,13640000,0.939017,0.6062,13660000,907,3647,3729
chr8,13660000,0.99545,0.6276,13680000,31,3299,3243
chr8,13680000,1,0.68585,13700000,47,4027,4350
chr8,13700000,0.995525,0.68365,13720000,423,4235,4822
chr8,13720000,0.977975,0.62665,13740000,51,3129,3327
chr8,13740000,0.956145,0.63705,13760000,2822,5514,4651
chr8,13760000,0.951347,0.64875,13780000,3247,6046,5297
chr8,13780000,0.984843,0.70735,13800000,71,4053,4827
chr8,13800000,1,0.651,13820000,181,3623,3625
chr8,13820000,1,0.6453,13840000,13,3257,3498
chr8,13840000,1,0.6518,13860000,8,3576,3766
chr8,13860000,0.910876,0.5696,13880000,69,2391,2925
chr8,13880000,0.943527,0.6459,13900000,208,3241,3789
chr8,13900000,0.991584,0.6232,13920000,261,3719,3713
chr8,13920000,0.951317,0.5752,13940000,246,2658,2895
chr8,13940000,0.829111,0.61005,13960000,1111,3333,4062
chr8,13960000,0.813692,0.57985,13980000,4763,6071,5717
chr8,13980000,0.700383,0.66655,14000000,218,1928,2486
chr8,14000000,0.781981,0.62885,14020000,65,2222,2261
chr8,14020000,0.5892,0.65905,14040000,41,1048,1369
chr8,14040000,0.989884,0.67995,14060000,60,3956,4416
chr8,14060000,0.932238,0.6825,14080000,239,3733,4425
chr8,14080000,1,0.6867,14100000,7,4079,3021
chr8,14100000,0.952727,0.66395,14120000,52,3574,2508
chr8,14120000,0.997527,0.6517,14140000,2071,5241,4702
chr8,14140000,0.943497,0.63335,14160000,53,3159,2160
chr8,14160000,0.924258,0.61505,14180000,2051,4341,3363
chr8,14180000,0.922188,0.62265,14200000,953,3645,3076
chr8,14200000,0.940152,0.61995,14220000,412,2987,2254
chr8,14220000,0.99175,0.68875,14240000,25,4006,2928
chr8,14240000,0.91779,0.64955,14260000,26,2950,2512
chr8,14260000,0.993648,0.6537,14280000,33,3216,2437
chr8,14280000,1,0.6662,14300000,16,3786,2653
chr8,14300000,1,0.621,14320000,11,2947,2020
chr8,14320000,0.996775,0.6675,14340000,15,3779,2709
chr8,14340000,0.959143,0.64825,14360000,79,3323,2496
chr8,14360000,0.864855,0.63585,14380000,159,2881,2037
chr8,14380000,1,0.6223,14400000,12,3212,2022
chr8,14400000,1,0.62145,14420000,12,3345,2080
chr8,14420000,0.999275,0.637,14440000,138,3429,2529
chr8,14440000,0.97272,0.66745,14460000,36,3483,2549
chr8,14460000,1,0.6529,14480000,56,3523,2453
chr8,14480000,0.99805,0.6466,14500000,66,3543,2349
chr8,14500000,1,0.6537,14520000,16,3550,2583
chr8,14520000,0.998889,0.66105,14540000,86,3603,2653
chr8,14540000,0.97237,0.63705,14560000,123,3229,2170
chr8,14560000,0.996442,0.63825,14580000,78,3439,2495
chr8,14580000,1,0.6165,14600000,12,2896,1980
chr8,14600000,1,0.6241,14620000,17,3173,2092
chr8,14620000,1,0.6165,14640000,17,3209,2183
chr8,14640000,0.989887,0.6687,14660000,710,3522,2908
chr8,14660000,0.99425,0.6502,14680000,1100,4217,3169
chr8,14680000,1,0.6193,14700000,65,3140,2132
chr8,14700000,0.990611,0.6388,14720000,49,3349,2312
chr8,14720000,0.964628,0.63995,14740000,431,3377,2831
chr8,14740000,0.991522,0.6099,14760000,112,3110,2000
chr8,14760000,1,0.65655,14780000,101,3615,2635
chr8,14780000,0.994125,0.64865,14800000,49,3703,2687
chr8,14800000,1,0.64065,14820000,25,3340,2356
chr8,14820000,0.942523,0.6568,14840000,637,3454,2862
chr8,14840000,0.911225,0.65165,14860000,252,3191,2352
chr8,14860000,0.976945,0.63495,14880000,229,3262,2490
chr8,14880000,0.910526,0.6064,14900000,69,2713,2041
chr8,14900000,0.975913,0.6655,14920000,136,3538,2701
chr8,14920000,1,0.6386,14940000,27,3476,2298
chr8,14940000,0.962879,0.655,14960000,6,3425,2432
chr8,14960000,0.996125,0.6514,14980000,28,3537,2672
chr8,14980000,0.992571,0.6739,15000000,19,3800,2757
chr8,15000000,0.98487,0.66575,15020000,16,3481,2525
chr8,15020000,0.993339,0.66495,15040000,16,3566,2556
chr8,15040000,0.979879,0.64525,15060000,77,3270,2264
chr8,15060000,0.9949,0.64145,15080000,20,3331,1653
chr8,15080000,1,0.62625,15100000,279,3101,1174
chr8,15100000,0.869059,0.64615,15120000,882,2815,1527
chr8,15120000,0.998179,0.647,15140000,28,3409,1205
chr8,15140000,0.9994,0.6401,15160000,339,3374,1330
chr8,15160000,1,0.66625,15180000,57,3790,1409
chr8,15180000,0.999775,0.6573,15200000,1372,3958,2209
chr8,15200000,0.999625,0.6557,15220000,712,3629,1783
chr8,15220000,0.998598,0.65795,15240000,42,3564,1234
chr8,15240000,0.971316,0.63185,15260000,50,3229,1053
chr8,15260000,1,0.6237,15280000,8,3285,1042
chr8,15280000,0.990112,0.6393,15300000,47,3334,1234
chr8,15300000,1,0.6628,15320000,38,3729,1321
chr8,15320000,0.992851,0.67215,15340000,370,3771,1533
chr8,15340000,0.998667,0.6696,15360000,28,3567,1372
chr8,15360000,1,0.6566,15380000,19,3494,1134
chr8,15380000,0.996908,0.674,15400000,30,3777,1385
chr8,15400000,0.978516,0.67135,15420000,36,3726,1355
chr8,15420000,0.986092,0.67815,15440000,14,3758,1358
chr8,15440000,1,0.6311,15460000,6,3346,1108
chr8,15460000,0.914925,0.6421,15480000,62,2926,1117
chr8,15480000,1,0.62745,15500000,3,2911,1006
chr8,15500000,1,0.6864,15520000,16,3810,1314
chr8,15520000,0.998938,0.64275,15540000,25,3361,1164
chr8,15540000,1,0.66315,15560000,294,3609,1371
chr8,15560000,0.991169,0.6456,15580000,41,3284,1097
chr8,15580000,1,0.62545,15600000,8,3165,1082
chr8,15600000,1,0.6677,15620000,12,3583,1331
chr8,15620000,1,0.6368,15640000,9,3436,1214
chr8,15640000,1,0.66455,15660000,3,3588,1332
chr8,15660000,0.988175,0.6409,15680000,269,3583,1424
chr8,15680000,0.95035,0.6932,15700000,23,3600,1322
chr8,15700000,0.98455,0.6542,15720000,131,3488,1401
chr8,15720000,0.979208,0.62745,15740000,22,3155,1041
chr8,15740000,0.995646,0.6688,15760000,13,3391,1345
chr8,15760000,0.99555,0.6591,15780000,2,3353,1184
chr8,15780000,1,0.6642,15800000,5,3683,1251
chr8,15800000,1,0.66625,15820000,22,3755,1486
chr8,15820000,1,0.66265,15840000,8,3609,1277
chr8,15840000,0.983254,0.66805,15860000,145,3585,1444
chr8,15860000,0.997379,0.62215,15880000,8,3200,971
chr8,15880000,0.997442,0.61005,15900000,20,2879,1030
chr8,15900000,0.9981,0.6219,15920000,15,2982,1047
chr8,15920000,0.994492,0.61255,15940000,4,2948,1002
chr8,15940000,0.99715,0.58135,15960000,34,2573,867
chr8,15960000,0.9915,0.6038,15980000,5,2987,922
chr8,15980000,0.99665,0.59765,16000000,18,2954,968
chr8,16000000,1,0.59755,16020000,14,3052,973
chr8,16020000,1,0.6048,16040000,49,2991,1024
chr8,16040000,0.992592,0.63855,16060000,561,3445,1582
chr8,16060000,0.985796,0.63185,16080000,630,3520,1993
chr8,16080000,1,0.62955,16100000,39,2983,1095
chr8,16100000,1,0.5946,16120000,25,2790,890
chr8,16120000,0.9994,0.60295,16140000,22,2790,1008
chr8,16140000,1,0.60775,16160000,36,3167,1050
chr8,16160000,0.9989,0.6149,16180000,41,3215,1091
chr8,16180000,0.981946,0.64315,16200000,27,3508,1185
chr8,16200000,0.967125,0.62195,16220000,4,3123,1153
chr8,16220000,0.980131,0.6368,16240000,37,3307,1176
chr8,16240000,0.9402,0.5994,16260000,2,2541,829
chr8,16260000,0.995375,0.6221,16280000,8,3029,1113
chr8,16280000,1,0.6365,16300000,69,3361,1129
chr8,16300000,0.99685,0.6541,16320000,160,3701,1315
chr8,16320000,1,0.61625,16340000,31,3157,1027
chr8,16340000,1,0.64595,16360000,23,3533,1229
chr8,16360000,1,0.6449,16380000,18,3488,1176
chr8,16380000,0.967508,0.61905,16400000,16,2961,1070
chr8,16400000,0.989517,0.6558,16420000,11,3437,1205
chr8,16420000,0.973368,0.64955,16440000,9,3052,1138
chr8,16440000,0.919825,0.64015,16460000,13,2975,1051
chr8,16460000,0.786821,0.64625,16480000,9,2797,989
chr8,16480000,1,0.626,16500000,111,3164,1114
chr8,16500000,0.984733,0.6909,16520000,59,3617,1508
chr8,16520000,0.996916,0.70255,16540000,36,3796,1450
chr8,16540000,0.959142,0.63245,16560000,7,3133,1184
chr8,16560000,0.980933,0.6455,16580000,9,3329,1154
chr8,16580000,0.993064,0.6186,16600000,227,3243,1360
chr8,16600000,0.96921,0.60295,16620000,480,3084,1345
chr8,16620000,0.941508,0.63605,16640000,90,2724,1069
chr8,16640000,1,0.6166,16660000,25,3021,943
chr8,16660000,1,0.62965,16680000,25,3252,1067
chr8,16680000,0.963765,0.6391,16700000,6,3040,1057
chr8,16700000,0.99825,0.66325,16720000,12,3800,1222
chr8,16720000,0.975733,0.6687,16740000,107,3753,1540
chr8,16740000,0.999675,0.65975,16760000,14,3620,1194
chr8,16760000,0.970716,0.636,16780000,87,3098,1150
chr8,16780000,1,0.66595,16800000,20,3769,1317
chr8,16800000,1,0.6384,16820000,3,2860,1004
chr8,16820000,0.988475,0.6299,16840000,35,3080,1128
chr8,16840000,0.863282,0.6221,16860000,14,2629,981
chr8,16860000,1,0.634,16880000,57,3350,1204
chr8,16880000,0.989461,0.6409,16900000,58,3410,1199
chr8,16900000,0.997175,0.64485,16920000,75,3544,1285
chr8,16920000,1,0.60385,16940000,2,2886,942
chr8,16940000,0.978691,0.646,16960000,12,3243,1128
chr8,16960000,0.996473,0.66425,16980000,27,3556,1356
chr8,16980000,0.99845,0.6422,17000000,252,3337,1218
chr8,17000000,0.979223,0.66875,17020000,8,3613,1339
chr8,17020000,0.996444,0.63635,17040000,14,3230,1177
chr8,17040000,0.98993,0.67715,17060000,107,3964,1442
chr8,17060000,1,0.6552,17080000,154,3563,1300
chr8,17080000,0.992993,0.6638,17100000,9,3344,1219
chr8,17100000,0.945492,0.66385,17120000,106,3184,1307
chr8,17120000,0.999125,0.6332,17140000,11,3134,1075
chr8,17140000,0.71985,0.68895,17160000,11,2628,969
chr8,17160000,0.988803,0.65025,17180000,113,3444,1217
chr8,17180000,0.999083,0.6787,17200000,150,3912,1506
chr8,17200000,0.995194,0.67135,17220000,15,3646,1390
chr8,17220000,1,0.6447,17240000,5,3277,1122
chr8,17240000,1,0.64045,17260000,5,3525,1132
chr8,17260000,1,0.60945,17280000,15,2982,960
chr8,17280000,1,0.63425,17300000,14,3022,987
chr8,17300000,0.99045,0.6324,17320000,20,3038,1044
chr8,17320000,1,0.62565,17340000,42,3330,1106
chr8,17340000,1,0.6237,17360000,10,3173,1046
chr8,17360000,0.933005,0.6742,17380000,44,3516,1377
chr8,17380000,0.997583,0.65055,17400000,17,3423,1270
chr8,17400000,0.954666,0.6155,17420000,14,2801,973
chr8,17420000,0.989096,0.6638,17440000,48,3405,1369
chr8,17440000,0.99855,0.70905,17460000,17,4174,1632
chr8,17460000,1,0.64055,17480000,14,3403,1147
chr8,17480000,0.999025,0.63555,17500000,3,3298,1131
chr8,17500000,0.87115,0.6269,17520000,10,2618,932
chr8,17520000,0.999725,0.64245,17540000,11,3490,1168
chr8,17540000,0.937261,0.66645,17560000,18,3438,1247
chr8,17560000,0.428011,0.6301,17580000,476,1019,612
chr8,17580000,0.256462,0.6336,17600000,0,153,51
chr8,17600000,0.258067,0.64155,17620000,1,64,28
chr8,17620000,0.247107,0.63345,17640000,0,77,29
chr8,17640000,0.274098,0.64035,17660000,47,143,100
chr8,17660000,0.848865,0.63445,17680000,100,2491,936
chr8,17680000,1,0.6026,17700000,25,3127,976
chr8,17700000,1,0.6363,17720000,6,3407,1165
chr8,17720000,0.9786,0.61145,17740000,17,3001,959
chr8,17740000,1,0.6428,17760000,8,3344,1174
chr8,17760000,0.978625,0.66515,17780000,16,3639,1368
chr8,17780000,0.891574,0.57865,17800000,59,2314,898
chr8,17800000,0.987675,0.635,17820000,11,3183,1124
chr8,17820000,0.986153,0.68795,17840000,55,3632,1424
chr8,17840000,0.991275,0.6822,17860000,9,3931,1410
chr8,17860000,0.983175,0.6621,17880000,113,3738,1413
chr8,17880000,0.989625,0.6383,17900000,3,3390,1169
chr8,17900000,1,0.64675,17920000,85,3538,1199
chr8,17920000,0.995275,0.63635,17940000,23,3300,1122
chr8,17940000,1,0.6739,17960000,176,3974,1441
chr8,17960000,1,0.6192,17980000,13,3189,1096
chr8,17980000,0.987358,0.66495,18000000,82,3632,1373
chr8,18000000,0.950448,0.67615,18020000,21,3318,1325
chr8,18020000,0.99475,0.65445,18040000,15,3355,1127
chr8,18040000,1,0.63215,18060000,2,3335,1099
chr8,18060000,1,0.6461,18080000,4,3079,1083
chr8,18080000,0.992967,0.64845,18100000,29,3237,1173
chr8,18100000,0.991385,0.6523,18120000,40,3271,1258
chr8,18120000,0.990167,0.6568,18140000,30,3099,1238
chr8,18140000,0.990237,0.6503,18160000,6,2093,1171
chr8,18160000,1,0.6447,18180000,15,2183,1142
chr8,18180000,1,0.65145,18200000,29,2202,1062
chr8,18200000,1,0.62945,18220000,113,2187,1067
chr8,18220000,0.861502,0.63985,18240000,4,1803,1014
chr8,18240000,0.988657,0.66875,18260000,57,2319,1291
chr8,18260000,1,0.6328,18280000,8,2322,1117
chr8,18280000,0.968409,0.6605,18300000,5,2390,1231
chr8,18300000,0.997033,0.6614,18320000,31,2279,1271
chr8,18320000,0.994704,0.6417,18340000,3,2397,1122
chr8,18340000,0.9882,0.63745,18360000,1,2132,1190
chr8,18360000,0.966666,0.66845,18380000,32,2226,1341
chr8,18380000,1,0.63385,18400000,5,2224,1206
chr8,18400000,0.995625,0.6248,18420000,35,1981,1171
chr8,18420000,0.994117,0.63115,18440000,13,2239,1094
chr8,18440000,1,0.6376,18460000,6,2367,1085
chr8,18460000,0.967551,0.67785,18480000,60,2379,1321
chr8,18480000,0.972141,0.6468,18500000,5,2051,1140
chr8,18500000,1,0.6287,18520000,126,2293,1111
chr8,18520000,0.965322,0.6206,18540000,30,1943,1025
chr8,18540000,0.954655,0.6234,18560000,732,2512,1821
chr8,18560000,1,0.6428,18580000,14,1586,975
chr8,18580000,0.96536,0.65935,18600000,19,2055,1151
chr8,18600000,0.99059,0.64135,18620000,171,2427,1313
chr8,18620000,0.819427,0.6116,18640000,84,1481,997
chr8,18640000,0.957233,0.6203,18660000,10,1931,963
chr8,18660000,1,0.62785,18680000,69,1604,876
chr8,18680000,0.9905,0.62955,18700000,9,1885,937
chr8,18700000,1,0.615,18720000,13,1923,853
chr8,18720000,1,0.63435,18740000,18,1781,946
chr8,18740000,1,0.63225,18760000,5,2126,1107
chr8,18760000,1,0.62505,18780000,39,2081,1042
chr8,18780000,1,0.6578,18800000,5,2480,1258
chr8,18800000,1,0.62205,18820000,2,2150,986
chr8,18820000,0.993672,0.6333,18840000,23,2079,1110
chr8,18840000,1,0.63805,18860000,17,2141,1068
chr8,18860000,0.946192,0.5884,18880000,31,1735,983
chr8,18880000,1,0.62135,18900000,8,2015,1050
chr8,18900000,0.99885,0.59395,18920000,12,1754,825
chr8,18920000,0.999775,0.63245,18940000,128,2276,1133
chr8,18940000,1,0.6264,18960000,29,2186,1024
chr8,18960000,0.9235,0.6384,18980000,5,1873,1040
chr8,18980000,1,0.64515,19000000,250,2442,1321
chr8,19000000,0.9995,0.62935,19020000,94,2213,1148
chr8,19020000,0.99905,0.64445,19040000,16,2295,1147
chr8,19040000,0.99264,0.68905,19060000,17,2643,1521
chr8,19060000,1,0.66475,19080000,32,2472,1383
chr8,19080000,0.936642,0.6731,19100000,8,2106,1271
chr8,19100000,0.985221,0.64535,19120000,6,2199,1184
chr8,19120000,0.993087,0.65225,19140000,14,2329,1243
chr8,19140000,0.999675,0.64195,19160000,12,2273,1171
chr8,19160000,1,0.6217,19180000,1,2086,1050
chr8,19180000,0.941935,0.6635,19200000,16,2292,1188
chr8,19200000,0.970939,0.65745,19220000,5,1985,1054
chr8,19220000,1,0.6692,19240000,3,2528,1352
chr8,19240000,1,0.66145,19260000,6,2402,1190
chr8,19260000,1,0.639,19280000,7,2264,1116
chr8,19280000,1,0.66815,19300000,13,2508,1301
chr8,19300000,1,0.6345,19320000,150,2306,1165
chr8,19320000,0.97695,0.6656,19340000,9,2337,1298
chr8,19340000,0.979129,0.68845,19360000,62,2578,1463
chr8,19360000,0.976933,0.6743,19380000,412,2823,1808
chr8,19380000,0.979433,0.6362,19400000,1757,2904,1950
chr8,19400000,0.99955,0.6343,19420000,2028,3157,2193
chr8,19420000,1,0.623,19440000,2080,3279,2143
chr8,19440000,0.99905,0.65705,19460000,2303,3399,2623
chr8,19460000,0.919843,0.6426,19480000,1988,2952,2218
chr8,19480000,0.988671,0.6958,19500000,2775,3956,3049
chr8,19500000,0.540918,0.63235,19520000,791,1309,919
chr8,19520000,0.349553,0.6098,19540000,18,13,25
chr8,19540000,0.434689,0.61355,19560000,382,524,400
chr8,19560000,0.576315,0.6144,19580000,622,940,691
chr8,19580000,0.993875,0.64735,19600000,1971,2699,2141
chr8,19600000,0.990375,0.6413,19620000,2248,3273,2327
chr8,19620000,1,0.61175,19640000,1823,3165,1881
chr8,19640000,1,0.6666,19660000,2439,3626,2645
chr8,19660000,1,0.63725,19680000,1986,3295,2177
chr8,19680000,0.983861,0.66,19700000,2524,3822,2684
chr8,19700000,0.994025,0.65115,19720000,2339,3558,2637
chr8,19720000,1,0.6264,19740000,2091,3328,2217
chr8,19740000,1,0.6179,19760000,1881,3143,2069
chr8,19760000,0.993633,0.64435,19780000,2279,3459,2432
chr8,19780000,0.968175,0.66075,19800000,2559,3721,2575
chr8,19800000,1,0.661,19820000,2403,3516,2629
chr8,19820000,0.997758,0.6332,19840000,2245,3581,2468
chr8,19840000,1,0.62875,19860000,2196,3442,2275
chr8,19860000,0.983962,0.6402,19880000,2183,3192,2477
chr8,19880000,0.891092,0.63985,19900000,1644,2495,1928
chr8,19900000,0.964652,0.6559,19920000,2339,3470,2539
chr8,19920000,0.888388,0.619,19940000,1672,2691,1773
chr8,19940000,1,0.63025,19960000,2147,3292,2174
chr8,19960000,0.993318,0.64865,19980000,2261,3477,2415
chr8,19980000,0.925571,0.6287,20000000,1906,2901,2107
chr8,20000000,0.952533,0.6776,20020000,2262,3242,2571
chr8,20020000,1,0.63745,20040000,2132,3334,2420
chr8,20040000,0.957592,0.63845,20060000,1990,3119,2163
chr8,20060000,0.999775,0.6347,20080000,2151,3354,2323
chr8,20080000,0.981448,0.6835,20100000,2485,3644,2727
chr8,20100000,0.997725,0.63405,20120000,2158,3533,2368
chr8,20120000,0.997875,0.6303,20140000,2095,3095,2241
chr8,20140000,0.997525,0.6415,20160000,2235,3426,2332
chr8,20160000,0.991198,0.6485,20180000,2215,3210,2206
chr8,20180000,1,0.63125,20200000,1521,2441,1784
chr8,20200000,0.998367,0.6254,20220000,2190,3292,2258
chr8,20220000,1,0.6134,20240000,1947,3252,2082
chr8,20240000,0.997378,0.63145,20260000,2078,3331,2267
chr8,20260000,0.983585,0.62925,20280000,2092,3360,2264
chr8,20280000,0.994725,0.63405,20300000,2269,3211,2425
chr8,20300000,0.993321,0.62145,20320000,1967,3134,2167
chr8,20320000,0.975246,0.6413,20340000,2255,3172,2441
chr8,20340000,1,0.58365,20360000,1639,2671,1716
chr8,20360000,0.993714,0.5777,20380000,1641,2731,1668
chr8,20380000,1,0.5879,20400000,1753,2862,1731
chr8,20400000,1,0.5769,20420000,1497,2618,1540
chr8,20420000,0.911125,0.61875,20440000,22838,24098,26799
