chr,start,mappability,gc_content,end,NAT_X_SYN_004,NAT_X_SYN_042,NAT_X_SYN_044,NAT_X_SYN_051,NAT_X_SYN_054
LR999451.1,0,0.797279,0.48351,100000,3536,1952,3411,3554,2935
LR999451.1,100000,0.989993,0.60506,200000,2828,1266,3329,3021,2415
LR999451.1,200000,0.996757,0.63236,300000,2854,1328,3327,2543,2327
LR999451.1,300000,0.966492,0.63304,400000,2255,1020,2471,2076,1738
LR999451.1,400000,0.989522,0.64475,500000,2560,1043,3014,2602,2024
LR999451.1,500000,0.99699,0.65519,600000,2610,1107,2991,2723,2196
LR999451.1,600000,0.997029,0.63706,700000,3167,1082,2804,2716,2043
LR999451.1,700000,0.99228,0.63846,800000,3020,988,2921,2662,2139
LR999451.1,800000,0.998514,0.62234,900000,3293,762,2652,2289,2044
LR999451.1,900000,0.983655,0.62991,1000000,2954,1329,3430,3129,2577
LR999451.1,1000000,0.975674,0.64661,1100000,2747,1325,3030,2817,2159
LR999451.1,1100000,0.997795,0.6385,1200000,2856,1290,3260,2785,2422
LR999451.1,1200000,0.999438,0.62617,1300000,3121,1410,3230,3098,2465
LR999451.1,1300000,0.996088,0.64576,1400000,2596,1193,3002,2701,2265
LR999451.1,1400000,0.996679,0.64223,1500000,2692,1096,3063,2689,2204
LR999451.1,1500000,0.998675,0.61778,1600000,3072,1485,3614,3209,2768
LR999451.1,1600000,0.880672,0.6217,1700000,2594,1120,2999,2553,2165
LR999451.1,1700000,0.957364,0.65303,1800000,2491,1153,2935,2792,2172
LR999451.1,1800000,0.999105,0.624,1900000,6837,5208,9137,8267,7693
LR999451.1,1900000,0.993632,0.63531,2000000,3106,1258,3371,3149,2465
LR999451.1,2000000,0.997041,0.63034,2100000,3359,1416,3213,3154,2599
LR999451.1,2100000,0.999075,0.63284,2200000,2968,1426,3340,3200,2513
LR999451.1,2200000,0.993044,0.61895,2300000,3277,1513,3661,3260,2787
LR999451.1,2300000,0.999775,0.61713,2400000,3232,1932,4219,3737,3158
LR999451.1,2400000,0.996156,0.62159,2500000,3002,1812,3437,3211,2608
LR999451.1,2500000,0.997745,0.61987,2600000,10182,9779,10729,12260,11523
LR999451.1,2600000,0.99067,0.63275,2700000,2950,2305,3296,3205,2396
LR999451.1,2700000,0.983397,0.62122,2800000,2844,2468,3293,3044,2405
LR999451.1,2800000,0.913184,0.62149,2900000,3204,2624,3314,3390,2559
LR999451.1,2900000,0.993852,0.62671,3000000,3203,2778,3181,3314,2598
LR999451.1,3000000,0.999125,0.63232,3100000,3132,2541,3364,3171,2472
LR999451.1,3100000,1,0.63338,3200000,3004,2509,3514,3147,2578
LR999451.1,3200000,0.99983,0.63599,3300000,2936,2508,3386,2919,2478
LR999451.1,3300000,0.979786,0.63092,3400000,3017,2672,3323,3070,2524
LR999451.1,3400000,0.892804,0.62553,3500000,2429,2231,3064,2492,2061
LR999451.1,3500000,0.870848,0.61553,3600000,2614,2575,3087,2741,2468
LR999451.1,3600000,0.996611,0.64272,3700000,3063,2468,3087,3115,2375
LR999451.1,3700000,0.970983,0.62462,3800000,3346,2691,3475,3086,2737
LR999451.1,3800000,0.965591,0.62694,3900000,3005,2584,3255,2980,2503
LR999451.1,3900000,0.961406,0.6479,4000000,2633,2322,2926,2642,2247
LR999451.1,4000000,1,0.63887,4100000,3010,2207,3319,2785,2309
LR999451.1,4100000,1,0.62282,4200000,3067,2575,3386,2837,2518
LR999451.1,4200000,0.996039,0.64144,4300000,2793,2195,3030,2676,2257
LR999451.1,4300000,0.96359,0.63404,4400000,2668,2347,3235,2965,2445
LR999451.1,4400000,0.973767,0.65042,4500000,2321,1954,2703,2414,1889
LR999451.1,4500000,0.998575,0.63169,4600000,2783,2451,3136,2870,2406
LR999451.1,4600000,0.991186,0.6636,4700000,2608,2011,2912,2577,2179
LR999451.1,4700000,0.978038,0.64063,4800000,2893,2310,2941,2784,2363
LR999451.1,4800000,0.969955,0.64296,4900000,3402,2796,3514,3359,2851
LR999451.1,4900000,0.985892,0.63957,5000000,2787,2460,3081,3024,2357
LR999451.1,5000000,0.98023,0.63298,5100000,3247,2328,3325,2969,2408
LR999451.1,5100000,0.915523,0.65131,5200000,3263,2159,3044,2820,2314
LR999451.1,5200000,0.990369,0.66112,5300000,2691,2259,3282,3008,2384
LR999451.1,5300000,0.994516,0.65096,5400000,3102,2432,3291,3126,2476
LR999451.1,5400000,0.994465,0.63687,5500000,2688,2113,3025,2455,2141
LR999451.1,5500000,0.99717,0.64181,5600000,2633,2049,2936,2603,2096
LR999451.1,5600000,0.95647,0.64599,5700000,1977,1400,2128,1936,1528
LR999451.1,5700000,0.973638,0.64391,5800000,3029,2363,3237,3186,2390
LR999451.1,5800000,0.986185,0.63643,5900000,3039,2279,2948,2890,2266
LR999451.1,5900000,0.985992,0.60481,6000000,3114,2603,3390,3180,2665
LR999451.1,6000000,0.993137,0.62028,6100000,3220,2578,3466,3284,2517
LR999451.1,6100000,0.980948,0.63363,6200000,3064,2668,3602,3262,2592
LR999451.1,6200000,0.991053,0.61605,6300000,2777,2440,2888,2886,2023
LR999451.1,6300000,0.997958,0.61952,6400000,3170,2614,3536,3065,2609
LR999451.1,6400000,0.990338,0.64028,6500000,2913,2277,3164,2895,2277
LR999451.1,6500000,1,0.62148,6600000,3286,2766,3485,3174,2593
LR999451.1,6600000,0.990416,0.63448,6700000,2722,2368,3115,2678,2237
LR999451.1,6700000,0.993794,0.64211,6800000,2616,2207,3018,2707,2205
LR999451.1,6800000,1,0.62288,6900000,3117,2810,3569,3237,2695
LR999451.1,6900000,0.999633,0.6312,7000000,3090,2525,3339,2985,2552
LR999451.1,7000000,0.991214,0.62995,7100000,2978,2388,3231,3021,2365
LR999451.1,7100000,0.904451,0.62781,7200000,2692,2005,2808,2482,2087
LR999451.1,7200000,0.99898,0.64397,7300000,2663,2143,2799,2525,2144
LR999451.1,7300000,0.917837,0.65805,7400000,2428,1899,2709,2533,1935
LR999451.1,7400000,0.993702,0.63169,7500000,2705,2463,3302,2911,2459
LR999451.1,7500000,0.99904,0.64279,7600000,2203,1787,2325,2197,1778
LR999451.1,7600000,0.997018,0.63472,7700000,2165,1716,2343,2202,1710
LR999451.1,7700000,0.969694,0.65004,7800000,2557,2050,2605,2564,1997
LR999451.1,7800000,0.98698,0.64985,7900000,2606,2100,2791,2561,2055
LR999451.1,7900000,0.911997,0.63464,8000000,2642,2119,2850,2478,2096
LR999451.1,8000000,0.863163,0.64122,8100000,2001,1502,2125,1766,1417
LR999451.1,8100000,0.98637,0.64152,8200000,2960,2373,3424,3154,2744
LR999451.1,8200000,0.992437,0.63685,8300000,3275,2837,3906,3077,2804
LR999451.1,8300000,0.966611,0.64495,8400000,2952,2048,2647,2526,2135
LR999451.1,8400000,0.992094,0.63879,8500000,2811,2309,3052,3002,2445
LR999451.1,8500000,0.995298,0.6391,8600000,2729,2439,3186,2960,2356
LR999451.1,8600000,0.996795,0.62276,8700000,3044,2536,3267,2928,2503
LR999451.1,8700000,0.975695,0.66359,8800000,2725,2172,2942,2799,2264
LR999451.1,8800000,0.993009,0.65918,8900000,2819,2149,2944,2752,2290
LR999451.1,8900000,0.969836,0.64841,9000000,3398,2599,3476,3622,2775
LR999451.1,9000000,0.982446,0.65395,9100000,2797,1365,2864,2815,2121
LR999451.1,9100000,0.998388,0.62885,9200000,3003,1249,3226,3053,2595
LR999451.1,9200000,0.986083,0.65079,9300000,2628,1169,2905,2696,2141
LR999451.1,9300000,0.940692,0.64969,9400000,2784,987,2385,2128,1863
LR999451.1,9400000,0.973901,0.64418,9500000,2715,1104,2857,2697,2029
LR999451.1,9500000,0.872913,0.63441,9600000,2067,949,2219,1974,1645
LR999451.1,9600000,0.991209,0.6473,9700000,2892,1294,2900,2734,2183
LR999451.1,9700000,0.966519,0.64226,9800000,2347,1130,2650,2355,1854
LR999451.1,9800000,0.986097,0.65361,9900000,2644,1106,2846,2679,2109
LR999451.1,9900000,0.868952,0.6679,10000000,1556,919,1729,1583,1247
LR999451.1,10000000,0.762091,0.66653,10100000,1290,808,1115,1103,913
LR999451.1,10100000,0.984613,0.65202,10200000,2604,1602,2986,2971,2155
LR999451.1,10200000,1,0.63805,10300000,3133,1471,3524,3192,2746
LR999451.1,10300000,0.993914,0.64055,10400000,2930,1279,3057,3064,2343
LR999451.1,10400000,0.99325,0.63214,10500000,2866,1317,3001,2913,2388
LR999451.1,10500000,0.890257,0.62636,10600000,2296,1015,2605,2402,1846
LR999451.1,10600000,0.897819,0.65612,10700000,2813,1307,2853,2832,2177
LR999451.1,10700000,0.965043,0.62953,10800000,2927,1449,3079,3195,2364
LR999451.1,10800000,0.99888,0.62386,10900000,2892,1186,3163,2970,2236
LR999451.1,10900000,0.983707,0.62216,11000000,3069,1375,3684,3333,2759
LR999451.1,11000000,0.992284,0.64551,11100000,2904,1315,3272,3253,2365
LR999451.1,11100000,0.992278,0.6289,11200000,2895,1394,3363,3117,2632
LR999451.1,11200000,0.999645,0.65365,11300000,2425,1131,2651,2443,1963
LR999451.1,11300000,0.979037,0.65327,11400000,2850,1332,3216,2889,2271
LR999451.1,11400000,0.973019,0.63954,11500000,2951,1234,2859,2665,2182
LR999451.1,11500000,0.99095,0.64952,11600000,2671,1109,2623,2462,2042
LR999451.1,11600000,0.994408,0.65624,11700000,3083,1357,3114,3127,2521
LR999451.1,11700000,0.983627,0.65504,11800000,2687,1103,3050,2746,2368
LR999451.1,11800000,0.997257,0.65178,11900000,2769,1208,3120,2903,2398
LR999451.1,11900000,0.977986,0.62903,12000000,2956,1405,3463,3362,2604
LR999451.1,12000000,0.977401,0.65567,12100000,2723,1237,2877,2657,2212
LR999451.1,12100000,0.969033,0.66491,12200000,2672,1003,2685,2531,2066
LR999451.1,12200000,0.97014,0.65573,12300000,3089,1335,2744,2703,2281
LR999451.1,12300000,0.991881,0.63401,12400000,3271,1390,3495,3367,2713
LR999451.1,12400000,0.991916,0.638,12500000,3101,1230,3228,2904,2384
LR999451.1,12500000,0.980689,0.67617,12600000,2652,1008,2739,2628,2009
LR999451.1,12600000,0.997766,0.64102,12700000,2828,1235,2908,2824,2292
LR999451.1,12700000,0.99474,0.65675,12800000,2412,1097,2831,2858,2228
LR999451.1,12800000,0.982695,0.64356,12900000,3108,1529,2859,2823,2282
LR999451.1,12900000,0.968045,0.6648,13000000,2660,1272,2701,2570,1986
LR999451.1,13000000,0.701546,0.52165,13100000,2322,1360,2327,2452,1796
LR999451.1,13100000,0.693436,0.51873,13200000,2112,1379,2294,2222,1755
LR999451.1,13200000,0.996674,0.64499,13300000,2627,1209,2726,2774,2090
LR999451.1,13300000,0.925444,0.66261,13400000,2213,1337,2237,2493,1699
LR999451.1,13400000,0.989092,0.66071,13500000,2679,1207,2918,2710,2040
LR999451.1,13500000,0.996791,0.67712,13600000,2411,1143,2760,2619,1964
LR999451.1,13600000,0.989777,0.64846,13700000,2785,1283,3143,2901,2351
LR999451.1,13700000,0.997863,0.65841,13800000,2711,1272,3002,2838,2320
LR999451.1,13800000,0.979312,0.63267,13900000,2895,1558,3194,3160,2565
LR999451.1,13900000,0.946586,0.65452,14000000,2807,1293,3014,3037,2209
LR999451.1,14000000,0.941844,0.65569,14100000,2984,1365,2848,2946,2237
LR999451.1,14100000,0.938514,0.66866,14200000,2095,1154,2228,2309,1656
LR999451.1,14200000,0.890227,0.68239,14300000,2182,1118,2117,2289,1659
LR999451.1,14300000,0.981204,0.64414,14400000,2041,1226,2134,2155,1660
LR999451.1,14400000,0.99559,0.63733,14500000,5282,3379,5090,5254,3863
LR999451.1,14500000,0.979308,0.65159,14600000,3206,1582,3462,3330,2844
LR999451.1,14600000,0.977347,0.65381,14700000,3130,1420,3122,2973,2527
LR999451.1,14700000,0.958441,0.66038,14800000,3305,1730,3453,3516,2769
LR999451.1,14800000,0.92834,0.67,14900000,2256,810,2316,2104,1837
LR999451.1,14900000,0.966079,0.65993,15000000,2642,1086,2710,2638,2075
LR999451.1,15000000,0.922363,0.63835,15100000,3309,2196,3164,3539,2562
LR999451.1,15100000,0.895084,0.62898,15200000,2035,1114,1926,2128,1495
LR999451.1,15200000,0.982565,0.65378,15300000,2255,1213,2252,2274,1789
LR999451.1,15300000,0.583735,0.49537,15400000,19123,14891,17435,11154,14412
LR999451.1,15400000,0.729982,0.5062,15500000,4479,2470,4782,4770,3293
LR999451.1,15500000,0.964755,0.65336,15600000,2795,1447,2974,2885,2173
LR999451.1,15600000,0.786032,0.507,15700000,1854,865,1950,1824,1483
LR999451.1,15700000,0.393222,0.3838,15800000,3441,2699,9820,7987,2947
LR999451.1,15800000,0.655071,0.5161,15900000,1932,784,1887,1940,1476
LR999451.1,15900000,0.976359,0.67538,16000000,2572,1390,2961,2878,2045
LR999451.1,16000000,0.928936,0.65832,16100000,3106,1547,3192,3100,2437
LR999451.1,16100000,0.856249,0.66396,16200000,2601,1455,2856,2943,2225
LR999451.1,16200000,0.887871,0.63698,16300000,3201,2020,3441,3231,2573
LR999451.1,16300000,0.547005,0.42391,16400000,716,485,764,768,604
LR999451.1,16400000,0.862919,0.60046,16500000,2337,1824,2583,2492,1912
LR999451.1,16500000,0.572624,0.50689,16600000,1695,1153,1900,2045,1394
LR999451.1,16600000,0.944491,0.62677,16700000,3558,1726,3630,3702,2729
LR999451.1,16700000,0.808133,0.62371,16800000,3602,2082,3527,3747,2837
LR999451.1,16800000,0.737156,0.52519,16900000,7585,6361,7628,8538,6317
LR999451.1,16900000,0.735829,0.49835,17000000,19682,20610,20744,24788,19352
LR999451.1,17000000,0.98284,0.63237,17100000,2713,1380,2769,2602,2194
LR999451.1,17100000,0.940977,0.64997,17200000,3645,2515,3686,3902,2864
LR999451.1,17200000,0.746667,0.51849,17300000,1850,1407,2880,2853,1963
LR999451.1,17300000,0.576585,0.39004,17400000,2590,1590,2367,2470,1801
LR999451.1,17400000,0.976947,0.65923,17500000,3144,1685,3616,3526,2620
LR999451.1,17500000,0.652221,0.50554,17600000,24265,19026,28329,25986,20170
LR999451.1,17600000,0.642537,0.51441,17700000,22443,18011,21742,22769,18355
LR999451.1,17700000,0.945602,0.64925,17800000,2575,1188,2358,2344,1705
LR999451.1,17800000,0.986021,0.65696,17900000,2825,1270,2780,2782,2159
LR999451.1,17900000,0.925743,0.63211,18000000,1921,1087,2649,2976,2158
LR999451.1,18000000,0.893783,0.66368,18100000,1545,967,2997,3223,2135
LR999451.1,18100000,0.923229,0.66486,18200000,2074,1181,3118,3222,2381
LR999451.1,18200000,0.992522,0.6646,18300000,2605,1178,2925,2668,2163
LR999451.1,18300000,0.917207,0.66131,18400000,2620,1269,2712,2678,2078
LR999451.1,18400000,0.971576,0.65168,18500000,2783,1320,3106,2925,2279
LR999451.1,18500000,0.983362,0.67014,18600000,2291,1248,2610,2489,2015
LR999451.1,18600000,0.985178,0.66622,18700000,2579,1119,2898,2671,2171
LR999451.1,18700000,0.641577,0.49959,18800000,16210,12949,13961,16375,12535
LR999451.1,18800000,0.723668,0.50669,18900000,3328,1970,3238,3103,2475
LR999451.1,18900000,0.950783,0.64448,19000000,2822,1428,3065,2950,2304
LR999451.1,19000000,0.979659,0.64435,19100000,2831,1207,2723,2819,2120
LR999451.1,19100000,0.960335,0.66514,19200000,3072,1508,3021,3142,2263
LR999451.1,19200000,0.768364,0.51462,19300000,2424,1186,2481,2196,1797
LR999451.1,19300000,0.953067,0.66392,19400000,2793,1349,2906,2846,2195
LR999451.1,19400000,0.992702,0.66942,19500000,2779,1249,2838,2683,2321
LR999451.1,19500000,0.487974,0.35527,19600000,1065,709,1320,1189,891
LR999451.1,19600000,0.745039,0.51811,19700000,1995,812,1958,1853,1546
LR999451.1,19700000,0.928379,0.6722,19800000,2931,1231,3040,2825,2225
LR999451.1,19800000,0.969699,0.65117,19900000,2572,1210,2745,2447,1990
LR999451.1,19900000,0.968385,0.6511,20000000,14258,13558,16686,18545,17757
LR999451.1,20000000,0.968269,0.65307,20100000,3163,1705,3540,3538,2744
LR999451.1,20100000,0.999093,0.62716,20200000,2976,1226,2819,2573,2286
LR999451.1,20200000,0.977822,0.63446,20300000,2904,1266,3210,2953,2406
LR999451.1,20300000,0.930939,0.64181,20400000,2634,1496,3137,2925,2407
LR999451.1,20400000,0.964459,0.65309,20500000,2707,1277,3049,3034,2252
LR999451.1,20500000,0.994239,0.66818,20600000,2481,1045,2589,2683,1933
LR999451.1,20600000,0.990457,0.67039,20700000,2921,1211,2781,2694,2179
LR999451.1,20700000,0.992927,0.64203,20800000,3363,1512,3497,3385,2794
LR999451.1,20800000,0.9841,0.6481,20900000,2717,1311,2979,2831,2208
LR999451.1,20900000,0.912943,0.65625,21000000,2087,1045,2405,2231,1846
LR999451.1,21000000,0.996627,0.66069,21100000,3578,1718,4170,2859,2756
LR999451.1,21100000,0.961696,0.67301,21200000,2562,1175,2440,2517,1913
LR999451.1,21200000,0.981254,0.66018,21300000,2278,1110,2741,2502,1992
LR999451.1,21300000,0.990868,0.65189,21400000,2918,1391,3058,3086,2255
LR999451.1,21400000,0.9961,0.65491,21500000,2462,1143,2809,2507,2060
LR999451.1,21500000,0.948918,0.66984,21600000,3006,1370,3119,2979,2385
LR999451.1,21600000,0.989295,0.63452,21700000,2945,1382,3044,3010,2200
LR999451.1,21700000,0.990459,0.65318,21800000,2558,1132,2876,2486,1999
LR999451.1,21800000,0.969952,0.64288,21900000,2757,1323,3275,3025,2387
LR999451.1,21900000,0.985371,0.66318,22000000,2547,1195,2729,2612,2164
LR999451.1,22000000,0.987151,0.65679,22100000,2832,1316,2912,2748,2188
LR999451.1,22100000,0.924053,0.64582,22200000,2801,1373,2698,2869,2311
LR999451.1,22200000,0.93932,0.65403,22300000,2383,1024,2706,2463,1941
LR999451.1,22300000,0.999615,0.63172,22400000,3405,1400,3158,3002,2589
LR999451.1,22400000,0.952484,0.64319,22500000,2556,1177,2695,3146,2012
LR999451.1,22500000,0.976886,0.63292,22600000,2743,1229,2994,2783,2231
LR999451.1,22600000,0.889903,0.61957,22700000,1891,940,2319,1976,1642
LR999451.1,22700000,0.992091,0.62878,22800000,3234,1570,3514,3340,2671
LR999451.1,22800000,0.951907,0.62068,22900000,3756,1902,3762,3753,2939
LR999451.1,22900000,0.730325,0.46465,23000000,11454,8663,11888,12319,9444
LR999451.1,23000000,0.933535,0.6212,23100000,13832,10440,11085,12254,9513
LR999451.1,23100000,0.804533,0.60803,23200000,3441,2657,3221,3398,2752
LR999451.1,23200000,0.957812,0.61592,23300000,2966,2351,3153,2861,2242
LR999451.1,23300000,0.955929,0.62137,23400000,1992,1592,2142,2097,1520
LR999451.1,23400000,0.979316,0.67004,23500000,2195,1830,2371,2363,1894
LR999451.1,23500000,0.94992,0.66591,23600000,2889,2056,2857,2929,2147
LR999451.1,23600000,0.906159,0.62937,23700000,2635,2059,2605,2786,2144
LR999451.1,23700000,0.961839,0.66019,23800000,2667,2096,2755,2883,2062
LR999451.1,23800000,0.935337,0.66191,23900000,2544,1978,2566,2609,1997
LR999451.1,23900000,0.987853,0.6756,24000000,2749,1986,3013,2675,2093
LR999451.1,24000000,0.905379,0.66264,24100000,2622,1789,2494,2323,2041
LR999451.1,24100000,0.930014,0.64464,24200000,3034,2487,3065,3353,2596
LR999451.1,24200000,0.90301,0.66464,24300000,2044,1488,2096,2070,1634
LR999451.1,24300000,0.940292,0.67005,24400000,2483,1916,2469,2476,1668
LR999451.1,24400000,0.900428,0.64614,24500000,3440,2549,3253,3193,2686
LR999451.1,24500000,0.953058,0.64394,24600000,6937,4758,5084,6075,4354
LR999451.1,24600000,0.973994,0.65998,24700000,2921,1904,2729,2554,1997
LR999451.1,24700000,0.959376,0.66102,24800000,2634,2014,2888,2835,2164
LR999451.1,24800000,0.928362,0.66894,24900000,2626,2044,2807,2582,2071
LR999451.1,24900000,0.867231,0.65353,25000000,1825,1404,1702,1772,1533
LR999451.1,25000000,0.846087,0.6365,25100000,2253,1720,2385,2456,1792
LR999451.1,25100000,0.570782,0.37646,25200000,8010,7814,8050,11680,6803
LR999452.1,0,0.472615,0.37152,100000,1647,1380,1451,1664,1261
LR999452.1,100000,0.985568,0.62371,200000,4958,2809,3529,3437,2795
LR999452.1,200000,0.942117,0.64039,300000,3423,2245,3123,2453,2364
LR999452.1,300000,0.94047,0.63517,400000,2782,1768,2337,2269,1716
LR999452.1,400000,0.968065,0.64372,500000,3154,1863,2506,2115,1835
LR999452.1,500000,0.781675,0.52063,600000,2997,1694,2407,2327,1768
LR999452.1,600000,0.888542,0.63966,700000,3442,1855,2508,2455,1997
LR999452.1,700000,0.99813,0.63989,800000,3017,2324,2839,2680,2103
LR999452.1,800000,0.984426,0.64321,900000,2630,2058,2720,2812,2109
LR999452.1,900000,0.994505,0.65771,1000000,2482,1734,2297,2324,1912
LR999452.1,1000000,0.990926,0.64927,1100000,2135,2118,2753,2238,2000
LR999452.1,1100000,0.94727,0.65844,1200000,2553,1962,2531,2432,1959
LR999452.1,1200000,0.9686,0.65631,1300000,2902,2326,3197,3204,2563
LR999452.1,1300000,0.963896,0.64189,1400000,3188,2504,3448,3393,2688
LR999452.1,1400000,0.983627,0.66668,1500000,2783,2025,2908,2618,2058
LR999452.1,1500000,0.992546,0.65708,1600000,2478,1907,2715,2424,2007
LR999452.1,1600000,0.970285,0.65923,1700000,3016,2158,2951,2970,2281
LR999452.1,1700000,0.990106,0.63721,1800000,2730,2486,2996,3209,2383
LR999452.1,1800000,0.964057,0.66181,1900000,2650,1968,3053,2509,2097
LR999452.1,1900000,0.987162,0.67033,2000000,2364,1941,2730,2429,1932
LR999452.1,2000000,0.677693,0.52452,2100000,3495,2493,2822,3065,2475
LR999452.1,2100000,0.620988,0.52477,2200000,2895,1467,1710,1914,1502
LR999452.1,2200000,0.971814,0.65263,2300000,3867,2589,3417,3577,2816
LR999452.1,2300000,0.925351,0.6386,2400000,2631,2311,2853,2655,2271
LR999452.1,2400000,0.883925,0.65867,2500000,2384,1890,2569,2641,1955
LR999452.1,2500000,0.958229,0.66804,2600000,3419,2923,3678,3790,2869
LR999452.1,2600000,0.995944,0.65028,2700000,2436,1833,2576,2432,1913
LR999452.1,2700000,0.958335,0.65597,2800000,3017,2225,3035,3119,2322
LR999452.1,2800000,0.978882,0.64533,2900000,21776,19209,23911,31407,21128
LR999452.1,2900000,0.983219,0.67857,3000000,2713,2008,2848,2770,2166
LR999452.1,3000000,0.972475,0.67042,3100000,2605,1965,2596,2655,2090
LR999452.1,3100000,0.922155,0.6542,3200000,2025,1510,2015,1833,1511
LR999452.1,3200000,0.893025,0.65265,3300000,2123,1535,1998,2190,1588
LR999452.1,3300000,0.993548,0.65543,3400000,2839,2381,3079,2987,2331
LR999452.1,3400000,0.976899,0.6511,3500000,3079,2629,3353,3263,2535
LR999452.1,3500000,0.956743,0.64923,3600000,2447,1936,2585,2426,1881
LR999452.1,3600000,0.973035,0.64699,3700000,2694,2348,2791,2694,2244
LR999452.1,3700000,0.990458,0.64987,3800000,2653,2172,2914,2638,2146
LR999452.1,3800000,0.911579,0.6568,3900000,2365,1893,2655,2485,1983
LR999452.1,3900000,0.977856,0.65681,4000000,2688,2127,3226,2821,2207
LR999452.1,4000000,0.99765,0.62869,4100000,3093,2593,3465,3345,2720
LR999452.1,4100000,0.422421,0.37086,4200000,12145,10571,11648,12801,9716
LR999452.1,4200000,0.423744,0.37568,4300000,23007,17407,24500,27915,17228
LR999452.1,4300000,0.928427,0.63427,4400000,15786,15621,18801,20171,19232
LR999452.1,4400000,0.628529,0.50388,4500000,2225,2127,2729,2580,2129
LR999452.1,4500000,0.578344,0.49303,4600000,3139,2769,3224,3307,2788
LR999452.1,4600000,0.893607,0.6217,4700000,2529,1953,2536,2424,2034
LR999452.1,4700000,0.725155,0.51195,4800000,6002,4561,5209,6669,4263
LR999452.1,4800000,0.593755,0.49026,4900000,24979,16504,26749,27572,20221
LR999452.1,4900000,0.419116,0.38252,5000000,306486,262642,355163,397046,363017
LR999452.1,5000000,0.725143,0.51135,5100000,802473,748005,1004166,1070515,1004044
LR999452.1,5100000,0.638508,0.50906,5200000,79151,71688,107025,106458,99330
LR999452.1,5200000,0.931227,0.64197,5300000,2246,1727,2099,2210,1835
LR999452.1,5300000,0.974286,0.65122,5400000,3268,2555,3440,3156,2611
LR999452.1,5400000,0.978426,0.64388,5500000,3595,3146,3820,3865,2952
LR999452.1,5500000,0.97478,0.6414,5600000,19489,19464,25171,25418,24805
LR999452.1,5600000,0.984539,0.64412,5700000,2019,1583,2012,2214,1621
LR999452.1,5700000,0.992996,0.65568,5800000,3627,2836,3812,3714,2945
LR999452.1,5800000,0.848522,0.63767,5900000,3566,2853,3451,3711,2812
LR999452.1,5900000,0.975526,0.65705,6000000,3196,2600,3323,3429,2664
LR999452.1,6000000,0.902387,0.65722,6100000,2279,1633,2263,2502,1793
LR999452.1,6100000,0.954579,0.65417,6200000,2469,1873,2466,2700,1985
LR999452.1,6200000,0.981844,0.66587,6300000,2717,2057,2709,2592,2200
LR999452.1,6300000,0.952095,0.67566,6400000,2560,1808,2537,2586,1844
LR999452.1,6400000,0.997812,0.66416,6500000,2776,2457,2836,3163,2435
LR999452.1,6500000,0.967563,0.67875,6600000,2247,1622,2526,2320,1764
LR999452.1,6600000,0.966149,0.68098,6700000,2396,1663,2527,2386,1781
LR999452.1,6700000,0.978845,0.67493,6800000,3307,2465,3515,3669,2593
LR999452.1,6800000,0.98654,0.66619,6900000,3501,2422,3299,3245,2316
LR999452.1,6900000,0.996135,0.6707,7000000,2436,1943,2884,2634,2081
LR999452.1,7000000,0.986417,0.68256,7100000,2117,1508,2470,2220,1655
LR999452.1,7100000,0.985005,0.66112,7200000,2836,2154,2843,2775,2256
LR999452.1,7200000,0.910362,0.67283,7300000,2154,1535,2127,2045,1539
LR999452.1,7300000,0.960619,0.67152,7400000,2691,2033,2918,2795,2075
LR999452.1,7400000,0.992327,0.67186,7500000,2410,1789,2399,2507,1951
LR999452.1,7500000,0.949368,0.65937,7600000,2716,1991,2682,2714,2025
LR999452.1,7600000,0.978121,0.66876,7700000,2740,1849,2616,2469,1923
LR999452.1,7700000,0.989899,0.64842,7800000,2750,2267,2972,2707,2241
LR999452.1,7800000,0.966097,0.67928,7900000,2862,2219,2904,2848,2275
LR999452.1,7900000,0.971846,0.65588,8000000,2945,2374,3101,3196,2395
LR999452.1,8000000,0.99752,0.63384,8100000,3268,2666,3514,3345,2705
LR999452.1,8100000,0.976995,0.6437,8200000,2907,2361,2906,2866,2188
LR999452.1,8200000,0.973919,0.6421,8300000,3067,2511,3027,3062,2491
LR999452.1,8300000,0.998193,0.65272,8400000,3202,2494,3426,3108,2535
LR999452.1,8400000,0.978463,0.67649,8500000,2522,2029,2761,2541,2065
LR999452.1,8500000,0.97444,0.66667,8600000,2577,2046,2913,2787,2193
LR999452.1,8600000,0.979731,0.65709,8700000,2700,2033,2879,2611,2110
LR999452.1,8700000,0.993867,0.64936,8800000,2543,2041,2845,2622,2053
LR999452.1,8800000,0.995916,0.65166,8900000,2855,2294,3148,3025,2338
LR999452.1,8900000,0.983522,0.66144,9000000,2808,2247,3107,3010,2362
LR999452.1,9000000,0.952121,0.66571,9100000,1252,1028,1355,1373,995
LR999452.1,9100000,0.992605,0.6449,9200000,2623,2180,3095,2810,2200
LR999452.1,9200000,0.993033,0.65504,9300000,2630,2176,3049,2764,2148
LR999452.1,9300000,0.994756,0.66979,9400000,2526,1870,2693,2448,2106
LR999452.1,9400000,0.988208,0.66867,9500000,2757,1996,2917,2753,2053
LR999452.1,9500000,0.97572,0.64734,9600000,2586,2057,2684,2780,2107
LR999452.1,9600000,0.861455,0.64515,9700000,2408,1950,2594,2630,1999
LR999452.1,9700000,0.99624,0.64957,9800000,2340,1896,2697,2513,1959
LR999452.1,9800000,0.997368,0.6468,9900000,2522,2042,2674,2691,1986
LR999452.1,9900000,0.990318,0.66291,10000000,2961,2233,3063,2830,2451
LR999452.1,10000000,0.99472,0.62742,10100000,3140,2656,3575,3136,2551
LR999452.1,10100000,0.996283,0.6296,10200000,3212,2905,3434,3144,2727
LR999452.1,10200000,0.993089,0.64036,10300000,2628,2166,2882,2593,2291
LR999452.1,10300000,0.967555,0.65185,10400000,2650,2015,2872,2711,1984
LR999452.1,10400000,0.995022,0.63754,10500000,2611,2228,2899,2520,2161
LR999452.1,10500000,0.998667,0.63634,10600000,2655,2225,3109,2726,2277
LR999452.1,10600000,0.912043,0.65309,10700000,1877,1428,2098,1790,1411
LR999452.1,10700000,0.93668,0.62876,10800000,2839,2251,3009,2748,2339
LR999452.1,10800000,0.994804,0.62723,10900000,2598,2089,2834,2609,2273
LR999452.1,10900000,0.998642,0.63373,11000000,2945,2575,3361,3031,2463
LR999452.1,11000000,0.982517,0.6472,11100000,2755,2177,3074,2741,2191
LR999452.1,11100000,0.996657,0.6451,11200000,3037,2430,3349,3152,2543
LR999452.1,11200000,0.992956,0.62771,11300000,3019,2544,3389,2897,2304
LR999452.1,11300000,0.999445,0.62052,11400000,2680,2321,2921,2737,2325
LR999452.1,11400000,0.993648,0.64167,11500000,2948,2467,3161,3077,2488
LR999452.1,11500000,0.989392,0.63433,11600000,3049,2268,3277,2923,2426
LR999452.1,11600000,1,0.62476,11700000,2930,2510,3324,2998,2388
LR999452.1,11700000,0.998163,0.64808,11800000,2687,2170,2937,2607,2106
LR999452.1,11800000,0.984997,0.65708,11900000,2594,1956,2882,2546,2071
LR999452.1,11900000,0.984033,0.6483,12000000,2604,2506,3413,3198,2598
LR999452.1,12000000,0.977125,0.65049,12100000,2520,2177,2729,2665,2127
LR999452.1,12100000,0.99617,0.63979,12200000,2728,2271,2995,2817,2277
LR999452.1,12200000,0.995856,0.63959,12300000,2683,2090,3071,2581,2118
LR999452.1,12300000,0.99082,0.64525,12400000,2441,2123,2956,2699,2081
LR999452.1,12400000,0.998187,0.64884,12500000,3175,2488,3468,3210,2612
LR999452.1,12500000,0.994281,0.62131,12600000,2951,2596,3235,3081,2532
LR999452.1,12600000,0.998684,0.63089,12700000,2839,2231,3046,2845,2286
LR999452.1,12700000,0.987199,0.65338,12800000,2819,2787,3314,2893,2346
LR999452.1,12800000,0.985049,0.64976,12900000,2626,3065,2883,2640,2193
LR999452.1,12900000,0.997778,0.66474,13000000,2631,2858,2730,2442,2040
LR999452.1,13000000,0.979379,0.64864,13100000,2701,2966,2786,2697,2268
LR999452.1,13100000,0.957164,0.64048,13200000,2936,3145,3121,3127,2503
LR999452.1,13200000,0.646957,0.61578,13300000,1422,1379,1405,1323,1116
LR999452.1,13300000,0.998915,0.62123,13400000,3197,4076,3545,3391,2776
LR999452.1,13400000,0.994127,0.63408,13500000,2934,3335,3287,2987,2264
LR999452.1,13500000,0.982867,0.62592,13600000,3425,3921,3565,3335,2677
LR999452.1,13600000,0.994043,0.6223,13700000,3339,3904,3554,3324,2610
LR999452.1,13700000,0.997945,0.63043,13800000,3237,3871,3566,3045,2705
LR999452.1,13800000,0.963168,0.62424,13900000,4458,5109,4879,4802,3994
LR999452.1,13900000,0.995636,0.62831,14000000,3058,3676,3169,3128,2545
LR999452.1,14000000,0.999456,0.61119,14100000,3177,3860,3260,3217,2652
LR999452.1,14100000,0.984812,0.58911,14200000,3600,4473,3543,3608,2908
LR999452.1,14200000,0.399421,0.35326,14300000,62457,49073,53639,42541,45842
LR999453.1,0,0.335891,0.36744,100000,101010,101117,125930,135116,128546
LR999453.1,100000,0.578497,0.60773,200000,537,504,667,803,565
LR999453.1,200000,0.767468,0.48668,300000,2614,2261,2581,2803,2223
LR999453.1,300000,0.994341,0.60454,400000,2973,2598,3482,3107,2520
LR999453.1,400000,0.99964,0.63145,500000,3099,2501,3470,2968,2429
LR999453.1,500000,0.998635,0.63032,600000,2650,2210,3169,2727,2351
LR999453.1,600000,0.996188,0.63665,700000,2794,2313,3348,2908,2366
LR999453.1,700000,0.954747,0.60276,800000,3021,3483,4392,3933,3410
LR999453.1,800000,0.997255,0.62551,900000,2729,2442,3469,2911,2363
LR999453.1,900000,0.962708,0.63797,1000000,2730,2333,3331,2847,2346
LR999453.1,1000000,0.971019,0.62908,1100000,2931,2644,3434,3141,2553
LR999453.1,1100000,0.9845,0.63254,1200000,2966,2445,3168,2945,2516
LR999453.1,1200000,0.99393,0.64739,1300000,3126,2285,3396,3015,2261
LR999453.1,1300000,0.974015,0.62641,1400000,3003,2847,3607,3226,2745
LR999453.1,1400000,0.984562,0.64826,1500000,2809,2318,3072,2873,2422
LR999453.1,1500000,0.988485,0.63352,1600000,3380,2669,3388,3187,2488
LR999453.1,1600000,0.984448,0.63647,1700000,3353,2742,3712,3670,2864
LR999453.1,1700000,0.984953,0.62615,1800000,3137,2657,3725,3378,2776
LR999453.1,1800000,0.996944,0.63217,1900000,2944,2387,3114,2903,2414
LR999453.1,1900000,0.999965,0.64413,2000000,2728,2229,3064,2575,2142
LR999453.1,2000000,0.987281,0.63704,2100000,2799,2197,2988,2785,2144
LR999453.1,2100000,0.980439,0.62819,2200000,2765,2244,3063,2616,2125
LR999453.1,2200000,0.998047,0.62579,2300000,2918,2469,3334,2975,2357
LR999453.1,2300000,0.997912,0.64992,2400000,2691,2234,2946,2653,2292
LR999453.1,2400000,0.984051,0.6289,2500000,2588,2240,3236,2759,2252
LR999453.1,2500000,0.994321,0.62835,2600000,3770,2773,3847,3277,2649
LR999453.1,2600000,0.99737,0.63276,2700000,3151,2512,3349,3228,2609
LR999453.1,2700000,0.998823,0.62597,2800000,3264,2791,3638,3409,2818
LR999453.1,2800000,0.996469,0.62203,2900000,3230,2887,3546,3396,2650
LR999453.1,2900000,0.98879,0.6268,3000000,3660,2880,3653,3281,2685
LR999453.1,3000000,0.997885,0.63218,3100000,2892,2395,3234,2852,2457
LR999453.1,3100000,0.990528,0.62851,3200000,2741,2277,3215,2763,2156
LR999453.1,3200000,0.992553,0.62105,3300000,2954,2525,3302,3076,2418
LR999453.1,3300000,0.981084,0.60962,3400000,5752,4689,5473,5026,4238
LR999453.1,3400000,0.998009,0.62307,3500000,2783,2235,3374,2880,2325
LR999453.1,3500000,0.987909,0.63952,3600000,2848,2392,3074,2833,2274
LR999453.1,3600000,0.99526,0.61132,3700000,2673,2300,2966,2630,2167
LR999453.1,3700000,0.99479,0.6378,3800000,2799,2177,3012,2872,2303
LR999453.1,3800000,0.998587,0.6447,3900000,3046,2578,3153,3137,2630
LR999453.1,3900000,0.99751,0.62872,4000000,3077,2442,3333,3006,2448
LR999453.1,4000000,0.999151,0.61792,4100000,2773,2359,3206,2762,2237
LR999453.1,4100000,0.997074,0.63785,4200000,2552,2108,3152,2540,2034
LR999453.1,4200000,0.994611,0.63303,4300000,3207,2678,3551,3203,2714
LR999453.1,4300000,0.984374,0.64186,4400000,2734,2227,2944,2733,2306
LR999453.1,4400000,0.9987,0.63413,4500000,2481,2019,2800,2444,1955
LR999453.1,4500000,0.999267,0.62825,4600000,4187,3475,4413,4095,3334
LR999453.1,4600000,0.999215,0.61815,4700000,3073,2635,3445,3111,2551
LR999453.1,4700000,0.997906,0.62073,4800000,3149,2707,3440,3133,2666
LR999453.1,4800000,0.998255,0.63589,4900000,3308,2797,3482,3547,2839
LR999453.1,4900000,1,0.6155,5000000,3074,2264,3043,2720,2310
LR999453.1,5000000,0.813959,0.62945,5100000,2386,2069,2864,2495,2132
LR999453.1,5100000,0.98548,0.63883,5200000,2623,2224,2859,2641,2207
LR999453.1,5200000,0.972304,0.63435,5300000,2913,2395,3075,3047,2228
LR999453.1,5300000,0.996205,0.63845,5400000,3163,2780,3672,3154,2719
LR999453.1,5400000,0.999256,0.62647,5500000,2828,2406,3139,2956,2454
LR999453.1,5500000,0.998829,0.63844,5600000,3008,2460,3289,2958,2507
LR999453.1,5600000,0.995501,0.63995,5700000,3061,2510,3313,3012,2444
LR999453.1,5700000,0.978438,0.62165,5800000,2995,2707,3285,3193,2506
LR999453.1,5800000,0.991929,0.64215,5900000,2129,1732,2445,2214,1804
LR999453.1,5900000,0.993182,0.61576,6000000,3635,2626,3638,3013,2709
LR999453.1,6000000,0.99942,0.63719,6100000,2697,2228,2877,2844,2184
LR999453.1,6100000,0.985502,0.65281,6200000,2373,2046,2822,2451,1973
LR999453.1,6200000,0.98847,0.64347,6300000,2946,2453,3400,3144,2519
LR999453.1,6300000,0.993381,0.63507,6400000,3011,2386,3179,3336,2403
LR999453.1,6400000,0.985439,0.63289,6500000,2793,2247,2815,2964,2227
LR999453.1,6500000,0.991725,0.64957,6600000,2827,2279,3136,3111,2457
LR999453.1,6600000,0.997109,0.63598,6700000,3016,2517,3210,3272,2617
LR999453.1,6700000,0.936439,0.64337,6800000,2545,2115,2598,2680,2099
LR999453.1,6800000,0.890483,0.64694,6900000,2583,1958,2703,2554,2026
LR999453.1,6900000,0.994831,0.63146,7000000,3085,2644,3421,3219,2623
LR999453.1,7000000,0.999675,0.63286,7100000,2969,2513,3279,2994,2583
LR999453.1,7100000,0.983307,0.62235,7200000,3271,2718,3516,3125,2773
LR999453.1,7200000,0.98865,0.62526,7300000,2877,2403,2861,2920,2314
LR999453.1,7300000,0.992786,0.62667,7400000,3552,2779,3667,3498,2714
LR999453.1,7400000,0.980148,0.64496,7500000,2460,1872,2729,2511,1991
LR999453.1,7500000,0.992168,0.63708,7600000,2688,2220,2960,2860,2230
LR999453.1,7600000,0.967597,0.638,7700000,2856,2301,3222,2791,2343
LR999453.1,7700000,0.926922,0.62547,7800000,2822,2354,3199,2995,2334
LR999453.1,7800000,0.991819,0.64675,7900000,2900,2439,3064,2788,2376
LR999453.1,7900000,0.998718,0.63907,8000000,2579,2293,2979,2803,2212
LR999453.1,8000000,0.987557,0.63515,8100000,3073,2477,3095,2923,2532
LR999453.1,8100000,0.786325,0.61502,8200000,2771,2331,3324,2944,2340
LR999453.1,8200000,0.642768,0.45059,8300000,11019,7843,11234,8729,7622
LR999453.1,8300000,0.554271,0.40121,8400000,13780,10914,12607,12806,10022
LR999453.1,8400000,0.979517,0.63603,8500000,3061,2377,3084,2846,2333
LR999453.1,8500000,0.995872,0.63594,8600000,3133,2693,3377,3272,2762
LR999453.1,8600000,0.994473,0.64599,8700000,2892,2322,3240,2960,2391
LR999453.1,8700000,0.985788,0.64055,8800000,2704,2131,2911,2778,2243
LR999453.1,8800000,0.994541,0.63516,8900000,3016,2536,3254,2937,2355
LR999453.1,8900000,0.996374,0.64856,9000000,2757,2307,3042,2747,2202
LR999453.1,9000000,0.978204,0.6427,9100000,2932,2284,2971,2936,2354
LR999453.1,9100000,0.978979,0.66424,9200000,2567,2164,3067,2826,2247
LR999453.1,9200000,0.986438,0.65931,9300000,2982,2193,3017,2984,2426
LR999453.1,9300000,0.985879,0.65396,9400000,2800,2118,2942,2663,2070
LR999453.1,9400000,0.986569,0.6393,9500000,2594,2161,2939,2656,2185
LR999453.1,9500000,0.993416,0.64268,9600000,2666,2144,2797,2685,2231
LR999453.1,9600000,0.996312,0.65231,9700000,2715,2077,2776,2731,2172
LR999453.1,9700000,0.968765,0.64837,9800000,2373,1852,2475,2482,1941
LR999453.1,9800000,0.935858,0.65274,9900000,2621,2013,2615,2752,2066
LR999453.1,9900000,0.983648,0.66625,10000000,3037,2521,3231,2969,2417
LR999453.1,10000000,0.998128,0.66581,10100000,2316,1968,2682,2420,1970
LR999453.1,10100000,0.994466,0.663,10200000,2572,2064,2740,2750,2051
LR999453.1,10200000,0.99473,0.64555,10300000,2628,2205,2783,2758,2149
LR999453.1,10300000,0.983031,0.64774,10400000,3214,2694,3140,3461,2750
LR999453.1,10400000,0.975481,0.66859,10500000,2722,2153,2979,2888,2134
LR999453.1,10500000,0.963165,0.65924,10600000,3097,2311,3217,3078,2479
LR999453.1,10600000,0.921553,0.65672,10700000,2046,1672,2145,2074,1630
LR999453.1,10700000,0.980214,0.66985,10800000,2404,1905,2719,2553,1985
LR999453.1,10800000,0.958898,0.66033,10900000,2884,2158,3078,2901,2196
LR999453.1,10900000,0.980204,0.65545,11000000,2866,2249,3052,2958,2336
LR999453.1,11000000,0.921772,0.64709,11100000,2560,2016,2701,2675,2225
LR999453.1,11100000,0.972392,0.65256,11200000,2679,2140,2627,2664,2189
LR999453.1,11200000,0.919777,0.65301,11300000,2268,1789,2329,2470,1790
LR999453.1,11300000,0.892811,0.63694,11400000,5814,4598,5287,6178,4253
LR999453.1,11400000,0.964817,0.66878,11500000,2279,1708,2205,2364,1760
LR999453.1,11500000,0.991476,0.65232,11600000,2815,2194,3016,2805,2176
LR999453.1,11600000,0.955935,0.63623,11700000,2888,2290,3174,2943,2345
LR999453.1,11700000,0.966369,0.659,11800000,2302,1803,2616,2576,1814
LR999453.1,11800000,0.980279,0.66084,11900000,2472,1930,2589,2658,2069
LR999453.1,11900000,0.972006,0.63171,12000000,3274,2286,3143,3156,2518
LR999453.1,12000000,0.95162,0.63279,12100000,3188,2797,3465,3575,2641
LR999453.1,12100000,0.977253,0.65207,12200000,3261,2622,3466,3706,2685
LR999453.1,12200000,0.974464,0.64007,12300000,2528,2128,2984,2984,2305
LR999453.1,12300000,0.984136,0.6526,12400000,2283,1352,2133,2100,1448
LR999453.1,12400000,0.903569,0.6666,12500000,4017,2515,3291,3287,2759
LR999453.1,12500000,0.901514,0.67053,12600000,3328,2577,3157,3653,2647
LR999453.1,12600000,0.955687,0.65456,12700000,2852,2376,3131,3099,2444
LR999453.1,12700000,0.945141,0.66011,12800000,7624,5778,6645,7617,5266
LR999453.1,12800000,0.946533,0.65476,12900000,2885,2196,3308,2948,2301
LR999453.1,12900000,0.856033,0.60925,13000000,1867,1388,1426,1633,1367
LR999453.1,13000000,0.955548,0.63405,13100000,4305,3359,4054,4468,3248
LR999453.1,13100000,0.902354,0.64994,13200000,2728,2362,2956,3053,2281
LR999453.1,13200000,0.601949,0.40626,13300000,5559,4332,4160,5360,3137
LR999453.1,13300000,0.299607,0.43407,13400000,4831,3594,5129,5711,3578
LR999453.1,13400000,0.771468,0.57777,13500000,18577,15230,16035,6086,14118
LR999453.1,13500000,0.780874,0.60741,13600000,22052,22893,19442,27843,20090
LR999453.1,13600000,0.931043,0.66898,13700000,3407,2651,3487,4753,2655
LR999453.1,13700000,0.942454,0.65456,13800000,3857,3235,4032,4977,3236
LR999453.1,13800000,0.972636,0.66224,13900000,2695,1929,2538,3235,1986
LR999453.1,13900000,0.835714,0.64428,14000000,2153,1493,1710,1832,1502
LR999453.1,14000000,0.988354,0.66254,14100000,2413,1688,2493,3349,1807
LR999453.1,14100000,0.974985,0.65343,14200000,3466,2749,3504,4451,2718
LR999453.1,14200000,0.995344,0.65693,14300000,3187,2714,3498,4881,2671
LR999453.1,14300000,0.966884,0.68189,14400000,2480,1799,2565,3448,1924
LR999453.1,14400000,0.938968,0.63798,14500000,2835,2079,2616,3596,2083
LR999453.1,14500000,0.907722,0.66214,14600000,1982,1505,1982,2098,1452
LR999453.1,14600000,0.571281,0.44767,14700000,935,796,1067,1147,713
LR999453.1,14700000,0.769032,0.60749,14800000,1324,992,1685,1664,1084
LR999453.1,14800000,0.747812,0.66016,14900000,7604,6202,6783,7829,6750
LR999453.1,14900000,0.723042,0.49619,15000000,3416,3346,3270,5210,3209
LR999453.1,15000000,0.895911,0.58159,15100000,2839,2335,2935,3028,2235
LR999453.1,15100000,0.407178,0.27866,15200000,50698,41625,54481,50313,39522
LR999453.1,15200000,0.979622,0.55023,15300000,22435,19864,22568,25967,20473
LR999453.1,15300000,0.656205,0.43728,15400000,7476,6639,7728,8603,6510
LR999453.1,15400000,0.983537,0.55457,15500000,13949,12376,13638,15916,11977
LR999453.1,15500000,0.422602,0.3568,15600000,15980,11161,13939,15161,11672
LR999453.1,15600000,0.57295,0.49598,15700000,27457,22474,24871,25942,14080
LR999453.1,15700000,0.504103,0.33876,15800000,16936,16144,16736,19344,15260
LR999453.1,15800000,0.57482,0.36965,15900000,2969,1841,2755,2790,2081
LR999453.1,15900000,0.873542,0.61407,16000000,8822,6957,7750,9214,6246
LR999453.1,16000000,0.944338,0.63278,16100000,9272,7059,7421,9887,6556
LR999453.1,16100000,0.962624,0.66229,16200000,2858,2277,3030,3115,2320
LR999453.1,16200000,0.984442,0.67346,16300000,2026,1579,2370,2066,1595
LR999453.1,16300000,0.974095,0.62547,16400000,3269,2633,3085,3283,2432
LR999453.1,16400000,0.989341,0.64321,16500000,3157,2709,3318,3302,2572
LR999453.1,16500000,0.931499,0.66662,16600000,2150,1532,1984,2262,1577
LR999453.1,16600000,0.83748,0.66331,16700000,3501,2566,3559,3750,2804
LR999453.1,16700000,0.953515,0.67252,16800000,3411,2433,3188,3130,2507
LR999453.1,16800000,0.944066,0.65153,16900000,2855,2483,3424,3434,2613
LR999453.1,16900000,0.968849,0.65272,17000000,2687,2079,2523,2648,2120
LR999453.1,17000000,0.97232,0.66887,17100000,3027,2292,2556,2693,2178
LR999453.1,17100000,0.971473,0.66122,17200000,3808,2342,3063,3055,2269
LR999453.1,17200000,0.988761,0.65612,17300000,2407,1699,2549,2422,1843
LR999453.1,17300000,0.933113,0.65745,17400000,2390,1791,2526,2649,1913
LR999453.1,17400000,0.863943,0.64001,17500000,3280,2503,3180,3086,2476
LR999453.1,17500000,0.957154,0.66,17600000,2428,2132,2830,2758,2128
LR999453.1,17600000,0.974702,0.65551,17700000,2443,2101,2730,2687,2071
LR999453.1,17700000,0.980663,0.64676,17800000,2560,1989,2442,2348,1967
LR999453.1,17800000,0.972945,0.65252,17900000,2678,1994,2619,2560,2158
LR999453.1,17900000,0.642312,0.46286,18000000,1963,1576,1974,1788,1550
LR999453.1,18000000,0.385638,0.38924,18100000,7985,8337,8622,8711,7024
LR999453.1,18100000,0.682348,0.4955,18200000,77586,82297,66061,73918,69318
LR999453.1,18200000,0.982797,0.65939,18300000,2883,2196,2801,2764,2196
LR999453.1,18300000,0.945831,0.65513,18400000,3034,2345,2949,2992,2335
LR999453.1,18400000,0.971012,0.66844,18500000,2692,1983,2623,2511,2043
LR999453.1,18500000,0.968214,0.66337,18600000,2424,1945,2796,2726,2010
LR999453.1,18600000,0.97881,0.66467,18700000,2611,1804,2475,2489,1893
LR999453.1,18700000,0.911396,0.65221,18800000,3031,2491,3048,3382,2496
LR999453.1,18800000,0.997156,0.63769,18900000,2712,2260,2893,2603,2380
LR999453.1,18900000,0.949513,0.65746,19000000,2645,2133,2796,2911,2142
LR999453.1,19000000,0.96624,0.6419,19100000,3024,2698,3346,3437,2537
LR999453.1,19100000,0.995606,0.65763,19200000,2652,2201,2895,2876,2325
LR999453.1,19200000,0.992688,0.63461,19300000,3087,2657,3496,2970,2741
LR999453.1,19300000,0.926906,0.6841,19400000,3813,2791,3639,3819,2973
LR999453.1,19400000,0.99225,0.64123,19500000,3174,2389,3157,2981,2560
LR999453.1,19500000,0.981588,0.66651,19600000,2674,2014,2523,2688,2105
LR999453.1,19600000,0.963807,0.65564,19700000,3106,2184,3330,3327,2390
LR999453.1,19700000,0.942471,0.64955,19800000,2634,2056,2892,2655,2074
LR999453.1,19800000,0.928034,0.66632,19900000,2994,2210,3157,3073,2422
LR999453.1,19900000,0.984125,0.65019,20000000,2834,2313,3035,2985,2167
LR999453.1,20000000,0.99567,0.65895,20100000,2716,2165,2703,2750,2039
LR999453.1,20100000,0.994029,0.64442,20200000,2648,2159,2917,2976,2101
LR999453.1,20200000,0.98367,0.65901,20300000,2713,2078,2767,2676,2273
LR999453.1,20300000,0.96448,0.64537,20400000,2756,2276,2625,2818,2194
LR999453.1,20400000,0.989108,0.67148,20500000,2780,2023,2889,2864,2226
LR999453.1,20500000,0.925497,0.63233,20600000,3165,2577,3433,3684,2614
LR999453.1,20600000,0.998398,0.63206,20700000,2451,2094,2883,2672,2031
LR999453.1,20700000,0.986689,0.61232,20800000,2933,2420,2916,2845,2396
LR999453.1,20800000,0.751088,0.47923,20900000,2820,2395,2997,3186,2420
LR999453.1,20900000,0.767097,0.51099,21000000,2398,1561,2621,2550,1792
LR999453.1,21000000,0.963133,0.66406,21100000,3076,1621,2711,3006,2197
LR999453.1,21100000,0.942036,0.65581,21200000,3095,1788,3208,3118,2436
LR999453.1,21200000,0.970737,0.66446,21300000,4054,2585,3811,4437,3006
LR999453.1,21300000,0.979102,0.66618,21400000,2877,1099,2590,2594,2105
LR999453.1,21400000,0.983898,0.66079,21500000,2755,1306,2582,2497,1999
LR999453.1,21500000,0.483414,0.36572,21600000,2381,1507,1842,1906,1483
LR999454.1,0,0.888825,0.60889,100000,9672,6082,12802,10364,8223
LR999454.1,100000,0.997249,0.62677,200000,2650,2232,2859,2618,2148
LR999454.1,200000,0.968989,0.63816,300000,2975,2492,3378,3151,2523
LR999454.1,300000,0.981425,0.65261,400000,2824,2406,2961,2850,2229
LR999454.1,400000,0.972902,0.63817,500000,2279,1836,2669,2740,2118
LR999454.1,500000,0.997007,0.64195,600000,3258,2501,3315,3185,2660
LR999454.1,600000,0.979558,0.66196,700000,2816,2259,3064,2917,2238
LR999454.1,700000,0.993803,0.66514,800000,2431,1685,2493,2240,1944
LR999454.1,800000,0.992127,0.66418,900000,2694,2017,2963,2655,2265
LR999454.1,900000,0.988876,0.67078,1000000,2631,1934,2968,2720,2058
LR999454.1,1000000,0.989755,0.6781,1100000,2546,1801,2985,2557,2123
LR999454.1,1100000,0.974605,0.66946,1200000,2363,1791,2620,2414,1876
LR999454.1,1200000,0.994504,0.66319,1300000,2568,2104,2902,2976,2189
LR999454.1,1300000,0.986636,0.66026,1400000,2818,2264,3222,3000,2134
LR999454.1,1400000,0.89509,0.68708,1500000,2043,1570,2239,2255,1683
LR999454.1,1500000,0.911846,0.6704,1600000,1692,1336,2068,1971,1478
LR999454.1,1600000,0.969112,0.67739,1700000,10777,9766,9986,13261,12256
LR999454.1,1700000,0.974533,0.66638,1800000,2400,1869,2724,2600,2075
LR999454.1,1800000,0.970609,0.6408,1900000,2033,1606,1981,2028,1516
LR999454.1,1900000,0.994673,0.64163,2000000,2503,1854,2564,2557,1892
LR999454.1,2000000,0.949651,0.64466,2100000,2823,2239,3039,2831,2322
LR999454.1,2100000,0.990442,0.65682,2200000,2846,2333,3113,3115,2495
LR999454.1,2200000,0.986474,0.65049,2300000,3304,2523,3548,3425,2652
LR999454.1,2300000,0.951353,0.60267,2400000,14025,12731,12990,19139,17583
LR999454.1,2400000,0.873616,0.65902,2500000,2627,1927,2835,2366,2155
LR999454.1,2500000,0.981177,0.65969,2600000,2190,1745,2470,2223,1753
LR999454.1,2600000,0.987134,0.6743,2700000,2756,2202,2846,2810,2235
LR999454.1,2700000,0.888521,0.67793,2800000,2130,1554,2286,2397,1652
LR999454.1,2800000,0.91445,0.66019,2900000,2389,2092,2614,2904,1789
LR999454.1,2900000,0.863033,0.64611,3000000,2951,2649,2978,3301,2211
LR999454.1,3000000,0.946203,0.65275,3100000,2821,2549,3467,3180,2646
LR999454.1,3100000,0.367668,0.25938,3200000,1328,1155,1375,1553,1147
LR999454.1,3200000,0.874713,0.58957,3300000,3232,2537,3326,3411,2717
LR999454.1,3300000,0.777607,0.56955,3400000,3012,2135,2649,2773,2127
LR999454.1,3400000,0.654308,0.52959,3500000,1985,1702,2284,2096,1544
LR999454.1,3500000,0.856056,0.63217,3600000,49812,45263,62477,65572,61374
LR999454.1,3600000,0.68341,0.53448,3700000,1174,887,1182,1139,911
LR999454.1,3700000,0.98321,0.66367,3800000,3607,2781,3475,3479,2795
LR999454.1,3800000,0.952926,0.6636,3900000,3333,2702,3292,3309,2502
LR999454.1,3900000,0.938447,0.61299,4000000,3795,3199,3829,3851,3212
LR999454.1,4000000,0.993509,0.64724,4100000,3264,2392,3292,3143,2612
LR999454.1,4100000,0.98507,0.66135,4200000,2771,2009,2668,2774,2216
LR999454.1,4200000,0.954497,0.66334,4300000,2668,2154,2816,2897,2232
LR999454.1,4300000,0.933495,0.63957,4400000,3786,2486,3387,3250,2838
LR999454.1,4400000,0.935387,0.65101,4500000,5814,4767,5500,6015,5251
LR999454.1,4500000,0.923477,0.68208,4600000,2509,1811,2623,2760,1819
LR999454.1,4600000,0.918248,0.67533,4700000,2609,2041,2607,2647,2046
LR999454.1,4700000,0.972059,0.662,4800000,2157,1457,1890,2020,1402
LR999454.1,4800000,0.928999,0.61726,4900000,14547,9316,10947,9743,8881
LR999454.1,4900000,0.927558,0.61975,5000000,4623,3597,4279,4765,3560
LR999454.1,5000000,0.670792,0.53509,5100000,2121,1244,2027,2143,1505
LR999454.1,5100000,0.507382,0.38729,5200000,20102,21805,25440,24963,19189
LR999454.1,5200000,0.842035,0.59802,5300000,1848,2931,2838,4149,2276
LR999454.1,5300000,0.88723,0.64634,5400000,2770,2143,2734,3290,2249
LR999454.1,5400000,0.453043,0.35785,5500000,52387,43870,52838,50832,34851
LR999454.1,5500000,0.874006,0.61387,5600000,3315,2785,3087,4667,2584
LR999454.1,5600000,0.844528,0.52604,5700000,4253,3009,4227,4239,3084
LR999454.1,5700000,0.847313,0.6164,5800000,2359,1695,2488,2643,1882
LR999454.1,5800000,0.991843,0.64638,5900000,2583,1937,2477,2269,2019
LR999454.1,5900000,0.790178,0.52726,6000000,2258,1856,2330,2361,1841
LR999454.1,6000000,0.950649,0.63123,6100000,3084,2636,3304,3446,2632
LR999454.1,6100000,0.958739,0.61207,6200000,1981,1716,2084,2517,1727
LR999454.1,6200000,0.995353,0.64582,6300000,6057,5720,7615,7398,6640
LR999454.1,6300000,0.726026,0.5387,6400000,1752,899,1311,1356,969
LR999454.1,6400000,0.398933,0.26573,6500000,4523,3182,4752,4352,3383
LR999454.1,6500000,0.678703,0.47286,6600000,3654,3309,3968,4184,3368
LR999454.1,6600000,0.971914,0.65246,6700000,6643,5457,5819,6723,5888
LR999454.1,6700000,0.994197,0.66401,6800000,2632,2024,2834,2570,2030
LR999454.1,6800000,0.998547,0.63937,6900000,2639,2237,2840,2689,2134
LR999454.1,6900000,0.979166,0.67536,7000000,3090,2420,3255,3130,2492
LR999454.1,7000000,0.947052,0.67855,7100000,2485,1839,2554,2523,1907
LR999454.1,7100000,0.987451,0.64962,7200000,3172,2451,3379,2956,2466
LR999454.1,7200000,0.982046,0.67266,7300000,9131,8651,11611,11594,10603
LR999454.1,7300000,0.990275,0.65795,7400000,2835,2138,2852,2648,2275
LR999454.1,7400000,0.968767,0.67195,7500000,2106,1575,2379,2366,1764
LR999454.1,7500000,0.985695,0.65273,7600000,2994,2188,3130,2994,2304
LR999454.1,7600000,0.989627,0.65783,7700000,2818,2316,3000,3215,2380
LR999454.1,7700000,0.971926,0.66425,7800000,2500,1934,2796,2664,1965
LR999454.1,7800000,0.995078,0.66045,7900000,2737,2142,2926,2824,2185
LR999454.1,7900000,0.977049,0.67534,8000000,2337,1667,2437,2243,1767
LR999454.1,8000000,0.976802,0.66657,8100000,4001,3379,3976,4242,3098
LR999454.1,8100000,0.976348,0.67199,8200000,2755,2164,2962,2762,2207
LR999454.1,8200000,0.988895,0.67715,8300000,2417,1806,2611,2351,1949
LR999454.1,8300000,0.960213,0.66849,8400000,2503,1721,2727,2448,1995
LR999454.1,8400000,0.971295,0.66228,8500000,2474,1800,2628,2305,1861
LR999454.1,8500000,0.992553,0.66491,8600000,2319,1703,2326,2428,1682
LR999454.1,8600000,0.994085,0.64188,8700000,2855,2299,2842,3204,2243
LR999454.1,8700000,0.881874,0.66047,8800000,2075,1588,2204,2004,1604
LR999454.1,8800000,0.990081,0.63017,8900000,2797,2392,2974,2887,2322
LR999454.1,8900000,0.973965,0.66335,9000000,3150,2483,3496,3143,2624
LR999454.1,9000000,0.99676,0.66735,9100000,2408,1830,2715,2536,1894
LR999454.1,9100000,0.978742,0.65344,9200000,2721,2034,2796,2772,2212
LR999454.1,9200000,0.978587,0.67323,9300000,2432,1752,2619,2437,1869
LR999454.1,9300000,0.998786,0.64556,9400000,2645,2079,2900,2493,2179
LR999454.1,9400000,0.997283,0.65116,9500000,2964,2278,3064,2796,2359
LR999454.1,9500000,0.973425,0.64624,9600000,2726,2264,3064,2736,2186
LR999454.1,9600000,0.995084,0.6707,9700000,2816,2158,3139,2859,2249
LR999454.1,9700000,0.994966,0.65496,9800000,2908,2239,3017,2875,2270
LR999454.1,9800000,0.880744,0.64398,9900000,2561,1999,2651,2696,1917
LR999454.1,9900000,0.982995,0.6409,10000000,2907,2210,3066,3001,2393
LR999454.1,10000000,0.995649,0.63588,10100000,3019,2541,3228,3322,2553
LR999454.1,10100000,0.972465,0.66271,10200000,3003,2224,3194,2805,2326
LR999454.1,10200000,0.995828,0.64731,10300000,2652,2199,2856,2812,2229
LR999454.1,10300000,0.984122,0.6354,10400000,6088,3616,4470,4605,3626
LR999454.1,10400000,0.995662,0.64477,10500000,2875,2050,2986,2758,2279
LR999454.1,10500000,0.978075,0.63815,10600000,2720,2312,3122,3104,2262
LR999454.1,10600000,0.993885,0.63662,10700000,3098,2404,3415,3372,2686
LR999454.1,10700000,0.992877,0.64394,10800000,2759,2219,2984,2699,2257
LR999454.1,10800000,0.998034,0.63237,10900000,3174,2688,3331,3197,2509
LR999454.1,10900000,0.990013,0.64858,11000000,2933,2415,3075,2939,2504
LR999454.1,11000000,0.985681,0.64629,11100000,2347,1793,2666,2466,1920
LR999454.1,11100000,0.998466,0.63006,11200000,2963,2435,3159,2903,2376
LR999454.1,11200000,0.998055,0.64842,11300000,2689,2229,2986,2802,2297
LR999454.1,11300000,0.991262,0.6384,11400000,2752,2246,3197,2935,2262
LR999454.1,11400000,0.99967,0.61761,11500000,3230,2774,3521,3298,2748
LR999454.1,11500000,0.988062,0.64064,11600000,3295,2702,3694,3058,2599
LR999454.1,11600000,0.985054,0.63283,11700000,2827,2305,3161,2821,2320
LR999454.1,11700000,0.997475,0.63041,11800000,2692,2134,2925,2946,2323
LR999454.1,11800000,0.99151,0.66052,11900000,2687,2138,2763,2687,2167
LR999454.1,11900000,0.997996,0.63486,12000000,2797,2187,2975,2758,2180
LR999454.1,12000000,0.99852,0.64013,12100000,13286,12846,16754,16759,16079
LR999454.1,12100000,0.985734,0.6566,12200000,2697,2036,2893,2763,2342
LR999454.1,12200000,0.996163,0.65136,12300000,8913,8447,10181,11231,10500
LR999454.1,12300000,0.989303,0.64881,12400000,3153,2399,3312,2920,2401
LR999454.1,12400000,0.985944,0.63334,12500000,3147,2525,3048,3216,2577
LR999454.1,12500000,0.987693,0.64788,12600000,2826,2329,3143,3001,2371
LR999454.1,12600000,0.99935,0.6386,12700000,2705,2271,3195,2778,2371
LR999454.1,12700000,0.999103,0.62705,12800000,2682,2314,2978,2688,2155
LR999454.1,12800000,0.977069,0.65178,12900000,3037,2317,3135,2859,2318
LR999454.1,12900000,0.974843,0.64591,13000000,3036,2480,3212,3258,2621
LR999454.1,13000000,0.996455,0.63366,13100000,3113,2589,3231,3110,2529
LR999454.1,13100000,1,0.63634,13200000,3009,2599,3359,2965,2561
LR999454.1,13200000,1,0.64472,13300000,2653,2230,3031,2770,2205
LR999454.1,13300000,0.99614,0.64295,13400000,2885,2493,3118,2933,2542
LR999454.1,13400000,0.990124,0.64362,13500000,3352,2619,3534,3133,2666
LR999454.1,13500000,0.994872,0.64416,13600000,3178,2433,3461,3192,2611
LR999454.1,13600000,0.98463,0.65454,13700000,2982,2327,3218,2981,2312
LR999454.1,13700000,0.975875,0.64828,13800000,3412,2778,3768,3307,2914
LR999454.1,13800000,0.958373,0.64346,13900000,2980,2624,3317,3431,2354
LR999454.1,13900000,0.983845,0.64021,14000000,2751,2280,3069,2338,2332
LR999454.1,14000000,0.981785,0.64674,14100000,3136,2467,3474,2853,2611
LR999454.1,14100000,0.996575,0.63674,14200000,3106,2511,3414,3038,2512
LR999454.1,14200000,0.995623,0.63316,14300000,3483,3304,4030,4440,3220
LR999454.1,14300000,0.996713,0.64813,14400000,2822,2209,3086,2908,2215
LR999454.1,14400000,0.985582,0.63697,14500000,3242,2640,3559,3302,2617
LR999454.1,14500000,0.994607,0.63892,14600000,3191,2647,3460,3436,2647
LR999454.1,14600000,0.980347,0.63411,14700000,2907,2434,3345,3021,2507
LR999454.1,14700000,0.944838,0.62628,14800000,2641,2387,3144,2783,2278
LR999454.1,14800000,0.996609,0.64501,14900000,2784,2198,3076,2560,2186
LR999454.1,14900000,0.996371,0.64124,15000000,2993,2403,3139,2903,2364
LR999454.1,15000000,0.994351,0.6423,15100000,3070,2393,3166,3001,2405
LR999454.1,15100000,0.995274,0.64964,15200000,2887,2343,3147,2905,2380
LR999454.1,15200000,0.99625,0.6342,15300000,2981,2549,3441,3293,2710
LR999454.1,15300000,0.996502,0.63484,15400000,2788,2393,3080,3033,2334
LR999454.1,15400000,1,0.63358,15500000,2779,2263,3073,2859,2314
LR999454.1,15500000,0.991188,0.62877,15600000,2962,2447,3421,2890,2382
LR999454.1,15600000,0.989539,0.6533,15700000,2480,2036,2725,2621,2036
LR999454.1,15700000,0.984285,0.6441,15800000,2437,1973,2835,2592,2084
LR999454.1,15800000,0.998804,0.64244,15900000,2938,2607,3549,3281,2668
LR999454.1,15900000,0.98591,0.64288,16000000,3241,2727,3569,3652,2827
LR999454.1,16000000,0.956889,0.6508,16100000,3794,2841,3789,3865,2985
LR999454.1,16100000,0.994421,0.63379,16200000,2968,2198,2994,2700,2042
LR999454.1,16200000,0.961566,0.61893,16300000,3383,2661,3628,3333,2677
LR999454.1,16300000,0.988828,0.62154,16400000,3075,2344,3289,2979,2500
LR999454.1,16400000,0.9067,0.61927,16500000,2404,2081,2833,2361,1966
LR999454.1,16500000,0.992397,0.6524,16600000,2620,2083,2999,2638,2122
LR999454.1,16600000,0.998794,0.65371,16700000,3042,2376,3395,3065,2459
LR999454.1,16700000,0.996986,0.64118,16800000,2685,2349,3220,2927,2354
LR999454.1,16800000,0.989422,0.63822,16900000,2787,2295,3145,2841,2240
LR999454.1,16900000,0.996829,0.63452,17000000,3347,3120,4041,3654,3119
LR999454.1,17000000,0.995044,0.6285,17100000,3006,3418,4564,4082,3488
LR999454.1,17100000,0.994912,0.60727,17200000,2969,3674,4654,4551,3647
LR999455.1,0,0.97825,0.61275,100000,2921,2503,3049,3020,2407
LR999455.1,100000,0.93953,0.63726,200000,2876,2282,3093,3182,2327
LR999455.1,200000,0.668547,0.51662,300000,1754,1491,1946,1896,1429
LR999455.1,300000,0.999457,0.65723,400000,2796,1966,2781,2720,2064
LR999455.1,400000,0.995349,0.66193,500000,3029,2297,3401,2802,2407
LR999455.1,500000,0.986624,0.65834,600000,2739,2226,3115,2827,2283
LR999455.1,600000,0.983664,0.66828,700000,2427,1513,2269,2170,1531
LR999455.1,700000,0.988026,0.65438,800000,2889,2198,2883,2667,2149
LR999455.1,800000,0.965804,0.63963,900000,3116,2497,3296,2938,2489
LR999455.1,900000,0.985645,0.66313,1000000,2905,2113,3178,2851,2294
LR999455.1,1000000,0.99942,0.64709,1100000,2800,2144,3227,2703,2206
LR999455.1,1100000,0.981838,0.66026,1200000,2564,2239,2952,2947,2331
LR999455.1,1200000,0.961023,0.68915,1300000,2402,1683,2611,2373,1803
LR999455.1,1300000,0.972373,0.66922,1400000,2431,1864,2649,2565,1895
LR999455.1,1400000,0.996574,0.66864,1500000,6056,5782,6548,7640,6816
LR999455.1,1500000,0.995177,0.65127,1600000,2285,1849,2745,2278,1821
LR999455.1,1600000,0.950012,0.65238,1700000,2722,2210,3076,2812,2157
LR999455.1,1700000,0.985997,0.65697,1800000,3486,2824,3909,2986,2989
LR999455.1,1800000,0.998142,0.65487,1900000,2813,2189,3151,2930,2266
LR999455.1,1900000,0.992753,0.66149,2000000,2751,2223,2857,2881,2299
LR999455.1,2000000,0.962602,0.63572,2100000,2550,2099,2819,2658,2233
LR999455.1,2100000,0.945048,0.65908,2200000,2648,2144,3016,3034,2246
LR999455.1,2200000,0.985347,0.66608,2300000,2661,2061,2965,2880,2184
LR999455.1,2300000,0.957396,0.66438,2400000,1993,1421,1935,1958,1434
LR999455.1,2400000,0.957637,0.64806,2500000,2520,2012,2568,2434,2068
LR999455.1,2500000,0.991955,0.64208,2600000,2577,2136,2812,2491,2093
LR999455.1,2600000,0.779524,0.52264,2700000,2053,1564,2214,2115,1566
LR999455.1,2700000,0.230276,0.22742,2800000,557,494,620,629,465
LR999455.1,2800000,0.724128,0.5165,2900000,1912,1423,2051,1848,1401
LR999455.1,2900000,0.995089,0.6716,3000000,2682,2054,2830,2609,2133
LR999455.1,3000000,0.988337,0.67291,3100000,2231,1816,2385,2261,1820
LR999455.1,3100000,0.986261,0.66826,3200000,2187,1723,2377,2225,1721
LR999455.1,3200000,0.967419,0.65906,3300000,3834,3027,3617,3740,3044
LR999455.1,3300000,0.974107,0.6481,3400000,3108,2326,2989,3287,2395
LR999455.1,3400000,0.994205,0.66148,3500000,2520,1885,2842,2568,2053
LR999455.1,3500000,0.965978,0.66646,3600000,2695,1913,2444,2815,1955
LR999455.1,3600000,0.941548,0.66005,3700000,2820,2147,2706,2919,2179
LR999455.1,3700000,0.825938,0.67359,3800000,1928,1449,2021,2091,1561
LR999455.1,3800000,0.981902,0.66255,3900000,2116,1642,2225,2251,1585
LR999455.1,3900000,0.543984,0.44796,4000000,34709,29190,30402,34948,13543
LR999455.1,4000000,0.699968,0.57921,4100000,2151,1549,2021,2343,1501
LR999455.1,4100000,0.800432,0.5401,4200000,2354,1950,2503,2293,1884
LR999455.1,4200000,0.883895,0.63479,4300000,1743,1371,1845,2017,1315
LR999455.1,4300000,0.777102,0.57947,4400000,2177,2171,2907,2666,2310
LR999455.1,4400000,0.333653,0.29243,4500000,20489,18778,26327,26085,19506
LR999455.1,4500000,0.638074,0.46713,4600000,28201,25265,41408,37828,29546
LR999455.1,4600000,0.923029,0.65328,4700000,1913,1721,2274,2116,1760
LR999455.1,4700000,0.911649,0.63894,4800000,2574,1959,2574,2675,1966
LR999455.1,4800000,0.962494,0.63011,4900000,1791,1489,2208,1980,1531
LR999455.1,4900000,0.996345,0.66088,5000000,3738,2895,3581,3816,2849
LR999455.1,5000000,0.963073,0.68043,5100000,2797,1814,2665,2697,1935
LR999455.1,5100000,0.592069,0.48027,5200000,21051,13568,21768,20809,16238
LR999455.1,5200000,0.421487,0.37029,5300000,22227,22092,20997,24422,19716
LR999455.1,5300000,0.736324,0.48112,5400000,7438,6217,6734,6228,5897
LR999455.1,5400000,0.794872,0.64674,5500000,3992,2908,3940,4074,3005
LR999455.1,5500000,0.955265,0.65246,5600000,3317,2610,3413,3438,2602
LR999455.1,5600000,0.961547,0.6362,5700000,4997,4094,5287,5121,4008
LR999455.1,5700000,0.979187,0.62847,5800000,3529,3000,3677,3750,2848
LR999455.1,5800000,0.491135,0.37016,5900000,17233,13138,25159,20281,13482
LR999455.1,5900000,0.761755,0.58216,6000000,18555,15439,23487,23152,17954
LR999455.1,6000000,0.89719,0.65212,6100000,17856,16428,16045,21422,15364
LR999455.1,6100000,0.429938,0.35324,6200000,67809,40614,42493,48157,37266
LR999455.1,6200000,0.565118,0.46388,6300000,38262,32534,43925,48578,32405
LR999455.1,6300000,0.8339,0.54222,6400000,5340,4297,5635,5229,4142
LR999455.1,6400000,0.5365,0.42649,6500000,47569,40330,42063,47203,14473
LR999455.1,6500000,0.616185,0.50829,6600000,16683,11273,17521,17539,13144
LR999455.1,6600000,0.933969,0.64733,6700000,3650,3005,3574,3759,2931
LR999455.1,6700000,0.971327,0.65024,6800000,3527,2787,3453,3373,2692
LR999455.1,6800000,0.969515,0.64488,6900000,4076,3554,4491,4060,3386
LR999455.1,6900000,0.872122,0.64727,7000000,3289,2800,3490,3478,2771
LR999455.1,7000000,0.979061,0.66209,7100000,3022,2349,3020,2929,2415
LR999455.1,7100000,0.985505,0.65741,7200000,33262,32263,34257,44858,41750
LR999455.1,7200000,0.985984,0.6423,7300000,2724,2026,2814,2735,2267
LR999455.1,7300000,0.953332,0.62632,7400000,3028,2533,3342,3210,2413
LR999455.1,7400000,0.942186,0.6638,7500000,2475,1816,2469,2358,1882
LR999455.1,7500000,0.96124,0.64758,7600000,2534,2096,2955,2948,2190
LR999455.1,7600000,0.959991,0.67059,7700000,2734,1985,2876,2873,2133
LR999455.1,7700000,0.966885,0.65436,7800000,2356,1775,2549,2458,1871
LR999455.1,7800000,0.970562,0.66963,7900000,3270,2330,3207,3664,2531
LR999455.1,7900000,0.974015,0.65621,8000000,3746,3026,4231,3958,3079
LR999455.1,8000000,0.894114,0.67098,8100000,2841,1903,2935,3114,2307
LR999455.1,8100000,0.939488,0.64332,8200000,2875,2254,2953,2868,2258
LR999455.1,8200000,0.962431,0.65552,8300000,3114,2384,3244,3285,2538
LR999455.1,8300000,0.965459,0.66078,8400000,2713,2117,2748,2723,2005
LR999455.1,8400000,0.963715,0.66695,8500000,2681,2230,2890,2867,2216
LR999455.1,8500000,0.988093,0.66859,8600000,2707,2069,2795,2621,2126
LR999455.1,8600000,0.974283,0.64493,8700000,3052,2489,3224,3138,2417
LR999455.1,8700000,0.870115,0.64272,8800000,2413,2069,2422,2472,2013
LR999455.1,8800000,0.959245,0.64438,8900000,2021,1705,2166,2170,1806
LR999455.1,8900000,0.979912,0.66449,9000000,2681,2102,2970,2968,2224
LR999455.1,9000000,0.990712,0.65658,9100000,2683,2158,2649,2843,2097
LR999455.1,9100000,0.960713,0.6456,9200000,3047,2489,3146,3174,2493
LR999455.1,9200000,0.999158,0.62567,9300000,2901,2494,2891,2898,2379
LR999455.1,9300000,0.993802,0.62189,9400000,3144,2684,3268,3322,2740
LR999455.1,9400000,0.967146,0.6524,9500000,2135,1713,2331,2311,1870
LR999455.1,9500000,0.991268,0.65326,9600000,2632,2116,2950,2714,2271
LR999455.1,9600000,0.982517,0.65917,9700000,2758,2290,2939,2943,2232
LR999455.1,9700000,0.977438,0.64032,9800000,3015,2454,3242,3123,2399
LR999455.1,9800000,0.958603,0.63499,9900000,2997,2447,3356,2933,2255
LR999455.1,9900000,0.490989,0.3696,10000000,22808,9284,11093,10570,8674
LR999455.1,10000000,0.70348,0.51477,10100000,2383,2004,2629,2539,1536
LR999455.1,10100000,0.993268,0.6468,10200000,3134,2439,3497,3180,2563
LR999455.1,10200000,0.970912,0.64848,10300000,3018,2374,3329,2897,2366
LR999455.1,10300000,0.991458,0.64204,10400000,2702,2129,2875,2638,2192
LR999455.1,10400000,0.984298,0.64092,10500000,2365,2140,2761,2438,1997
LR999455.1,10500000,0.998715,0.64066,10600000,3097,2505,3294,3138,2579
LR999455.1,10600000,0.975244,0.65137,10700000,2599,2191,2825,2809,2206
LR999455.1,10700000,0.996911,0.64817,10800000,2757,2192,2867,2763,2247
LR999455.1,10800000,0.972654,0.64279,10900000,2688,2258,2957,2856,2252
LR999455.1,10900000,0.980601,0.6533,11000000,3007,2530,3441,3183,2524
LR999455.1,11000000,0.995503,0.63827,11100000,2514,2012,2707,2478,2125
LR999455.1,11100000,0.947615,0.64578,11200000,2724,2065,2800,2839,2142
LR999455.1,11200000,0.982164,0.65912,11300000,2596,1974,2678,2507,2060
LR999455.1,11300000,0.998363,0.65284,11400000,2759,2204,2964,2684,2235
LR999455.1,11400000,0.993368,0.63194,11500000,3158,2483,3323,2994,2484
LR999455.1,11500000,0.998055,0.61594,11600000,3348,2565,3048,3131,2523
LR999455.1,11600000,0.986651,0.63927,11700000,2810,2283,2920,2825,2274
LR999455.1,11700000,0.996155,0.6355,11800000,9824,8646,9695,12131,11143
LR999455.1,11800000,0.997666,0.61876,11900000,3187,2684,3458,3332,2583
LR999455.1,11900000,0.992685,0.64935,12000000,2521,2124,3000,2627,2085
LR999455.1,12000000,0.994426,0.65186,12100000,2686,2201,2880,2645,2166
LR999455.1,12100000,0.986641,0.6492,12200000,2508,1869,2521,2356,1891
LR999455.1,12200000,0.996956,0.63826,12300000,2945,2427,3161,3004,2422
LR999455.1,12300000,0.990158,0.6319,12400000,2905,2467,3426,2949,2479
LR999455.1,12400000,0.955146,0.61521,12500000,2855,2389,2969,2779,2405
LR999455.1,12500000,0.959308,0.64137,12600000,2781,2220,3014,2859,2227
LR999455.1,12600000,0.997452,0.63414,12700000,2531,2246,3076,2873,2252
LR999455.1,12700000,1,0.62961,12800000,2985,2573,3332,3174,2626
LR999455.1,12800000,0.989811,0.6231,12900000,3414,2675,3367,3289,2760
LR999455.1,12900000,0.997819,0.6436,13000000,2633,2181,3085,2639,2107
LR999455.1,13000000,0.978668,0.62416,13100000,2924,2414,3202,2925,2330
LR999455.1,13100000,0.948694,0.63699,13200000,2779,2225,2866,2664,2100
LR999455.1,13200000,0.994528,0.64822,13300000,3023,2550,3446,2981,2454
LR999455.1,13300000,0.99703,0.64439,13400000,2467,1974,2606,2474,1929
LR999455.1,13400000,0.954336,0.64228,13500000,2891,2204,2833,2881,2250
LR999455.1,13500000,0.977375,0.63326,13600000,2641,2138,2773,2468,2105
LR999455.1,13600000,0.978459,0.63076,13700000,3230,2634,3440,3198,2514
LR999455.1,13700000,0.993859,0.62905,13800000,2886,2490,3471,3079,2504
LR999455.1,13800000,0.989622,0.63849,13900000,2859,2285,3108,2747,2350
LR999455.1,13900000,0.986245,0.63364,14000000,2868,2249,2851,2614,2283
LR999455.1,14000000,0.996655,0.62854,14100000,2834,2438,3262,3013,2478
LR999455.1,14100000,0.990932,0.6436,14200000,2411,2046,2903,2717,2231
LR999455.1,14200000,0.995859,0.63769,14300000,2714,2302,3294,2849,2380
LR999455.1,14300000,0.998187,0.64909,14400000,2518,2081,2810,2629,2118
LR999455.1,14400000,0.994965,0.62611,14500000,2963,2645,3363,2949,2506
LR999455.1,14500000,0.998384,0.63997,14600000,2518,2140,2688,2561,2173
LR999455.1,14600000,0.984258,0.62347,14700000,3127,2716,3378,3174,2656
LR999455.1,14700000,0.961593,0.63104,14800000,2785,2361,3048,2685,2282
LR999455.1,14800000,0.996109,0.63178,14900000,2931,2592,3265,3043,2319
LR999455.1,14900000,0.979522,0.63503,15000000,2832,2496,3237,2970,2395
LR999455.1,15000000,0.987045,0.64779,15100000,3243,2372,3217,2961,2456
LR999455.1,15100000,0.996858,0.6456,15200000,2569,2101,2970,2667,2203
LR999455.1,15200000,0.993706,0.63657,15300000,2844,2544,3323,2971,2521
LR999455.1,15300000,0.993455,0.64346,15400000,2738,2446,3264,2942,2455
LR999455.1,15400000,0.998163,0.6225,15500000,3124,2601,3383,3101,2558
LR999455.1,15500000,0.990524,0.64228,15600000,2490,2000,2629,2304,1920
LR999455.1,15600000,0.967532,0.63605,15700000,3389,2746,3501,3464,2786
LR999455.1,15700000,0.975506,0.6514,15800000,2740,2536,3246,3142,2540
LR999455.1,15800000,0.641763,0.468,15900000,2123,1755,2257,2300,1819
LR999455.1,15900000,0.858446,0.53742,16000000,2559,2218,2887,2444,2242
LR999455.1,16000000,0.995682,0.66536,16100000,3039,2301,3209,3092,2308
LR999455.1,16100000,0.995891,0.63058,16200000,3013,2643,3257,3055,2567
LR999455.1,16200000,0.994616,0.64084,16300000,2534,2079,2797,2599,2178
LR999455.1,16300000,1,0.62202,16400000,3427,2816,3733,3427,2724
LR999455.1,16400000,0.985142,0.61963,16500000,3427,2782,3831,3450,2766
LR999455.1,16500000,0.998419,0.5925,16600000,3784,3033,3925,3666,3113
LR999456.1,0,0.99807,0.60906,100000,3033,2703,3265,3300,2608
LR999456.1,100000,0.999594,0.61436,200000,3100,2597,3378,3122,2560
LR999456.1,200000,0.99998,0.63601,300000,2863,2380,3256,3063,2374
LR999456.1,300000,0.984519,0.64169,400000,2814,2470,3151,2934,2305
LR999456.1,400000,0.999905,0.64142,500000,2550,2055,2871,2488,2120
LR999456.1,500000,0.998827,0.63846,600000,2590,2095,3039,2578,2179
LR999456.1,600000,1,0.63245,700000,2716,2528,3134,2842,2558
LR999456.1,700000,0.99892,0.63251,800000,2735,2331,3080,2922,2340
LR999456.1,800000,0.412903,0.39046,900000,1588,1033,1517,1506,1196
LR999456.1,900000,0.401599,0.37704,1000000,1914,1324,1997,1972,1369
LR999456.1,1000000,0.994412,0.63464,1100000,2455,2053,2794,2481,2155
LR999456.1,1100000,0.99882,0.65291,1200000,2262,1877,2627,2290,1955
LR999456.1,1200000,0.999465,0.65057,1300000,2889,2388,2897,3090,2282
LR999456.1,1300000,0.998915,0.63885,1400000,2693,2308,3015,2757,2342
LR999456.1,1400000,0.990873,0.63715,1500000,2860,2387,3456,2842,2561
LR999456.1,1500000,0.996393,0.63176,1600000,2940,2459,2952,2932,2248
LR999456.1,1600000,0.994585,0.62805,1700000,1537,1341,1927,1680,1323
LR999456.1,1700000,0.992945,0.62516,1800000,2916,2474,3031,3040,2296
LR999456.1,1800000,0.975574,0.63624,1900000,2886,2477,3042,2845,2493
LR999456.1,1900000,0.927328,0.6287,2000000,3329,2934,3631,3476,2826
LR999456.1,2000000,1,0.631,2100000,3289,2620,3349,3103,2541
LR999456.1,2100000,0.995591,0.63269,2200000,2891,2548,3257,2932,2288
LR999456.1,2200000,0.979593,0.63732,2300000,3261,2792,3824,3280,2710
LR999456.1,2300000,0.998545,0.63583,2400000,3493,2792,3226,3471,2411
LR999456.1,2400000,0.99038,0.63538,2500000,3234,2755,3351,3146,2537
LR999456.1,2500000,0.979876,0.62749,2600000,3439,2724,3576,3293,2653
LR999456.1,2600000,0.991371,0.6322,2700000,3162,2493,3492,3241,2548
LR999456.1,2700000,0.995795,0.64617,2800000,2859,2269,3522,2900,2406
LR999456.1,2800000,0.9941,0.64063,2900000,2955,2312,3056,2859,2202
LR999456.1,2900000,0.987402,0.62198,3000000,3162,2724,3714,3313,2802
LR999456.1,3000000,0.999225,0.6384,3100000,2815,2385,2962,2881,2125
LR999456.1,3100000,0.99148,0.62536,3200000,3039,2478,3547,3124,2615
LR999456.1,3200000,0.99885,0.61396,3300000,3233,2858,3707,3321,2832
LR999456.1,3300000,1,0.6251,3400000,3082,2632,3738,3092,2602
LR999456.1,3400000,0.988614,0.62284,3500000,2991,2517,3468,3318,2588
LR999456.1,3500000,0.992511,0.63394,3600000,2555,2086,2913,2557,2049
LR999456.1,3600000,0.992628,0.64051,3700000,3203,2554,1878,3244,2770
LR999456.1,3700000,0.994781,0.63618,3800000,2960,2594,2374,3039,2070
LR999456.1,3800000,0.994935,0.62862,3900000,3270,2595,2834,2907,2243
LR999456.1,3900000,0.997795,0.63019,4000000,2911,2472,1613,2989,2425
LR999456.1,4000000,0.982572,0.65269,4100000,2759,2055,1680,2614,2152
LR999456.1,4100000,0.985648,0.63495,4200000,2679,2249,1556,2779,2094
LR999456.1,4200000,0.934802,0.6309,4300000,2647,2152,1695,2535,2147
LR999456.1,4300000,0.996957,0.63465,4400000,2900,2424,1813,3114,2397
LR999456.1,4400000,0.999097,0.64383,4500000,2803,2297,1750,2760,2244
LR999456.1,4500000,0.998399,0.62455,4600000,3231,2746,1895,3179,2741
LR999456.1,4600000,0.999022,0.63241,4700000,2962,2561,1942,3059,2585
LR999456.1,4700000,0.999721,0.63373,4800000,3199,2389,1687,2928,2564
LR999456.1,4800000,0.989955,0.64079,4900000,2716,2180,1742,2882,2134
LR999456.1,4900000,0.99944,0.60639,5000000,3410,2876,1706,3261,2802
LR999456.1,5000000,0.995456,0.61907,5100000,3154,2539,1774,3061,2591
LR999456.1,5100000,0.99638,0.61823,5200000,2995,2472,1716,2913,2428
LR999456.1,5200000,0.99952,0.63786,5300000,2637,2503,1622,2828,2246
LR999456.1,5300000,0.995426,0.63313,5400000,2862,2534,3120,3308,2471
LR999456.1,5400000,0.997157,0.63471,5500000,2832,2370,3198,2798,2296
LR999456.1,5500000,0.985474,0.66042,5600000,2741,2213,2971,2799,2272
LR999456.1,5600000,0.996083,0.62982,5700000,3359,2868,4063,3806,2905
LR999456.1,5700000,0.996824,0.63015,5800000,2860,2604,3257,3015,2505
LR999456.1,5800000,0.999046,0.64699,5900000,2857,2420,3066,2958,2298
LR999456.1,5900000,0.982229,0.63849,6000000,2823,2551,3062,2931,2404
LR999456.1,6000000,0.967307,0.63088,6100000,3446,3068,3791,3651,2842
LR999456.1,6100000,0.987687,0.64873,6200000,2699,2085,2962,2563,2146
LR999456.1,6200000,0.99861,0.628,6300000,3069,2753,3464,3230,2533
LR999456.1,6300000,0.986697,0.64075,6400000,2996,2313,3070,2907,2221
LR999456.1,6400000,0.990287,0.63935,6500000,2570,2012,2768,2552,2035
LR999456.1,6500000,0.989947,0.64489,6600000,2850,2168,3121,2781,2331
LR999456.1,6600000,0.986511,0.62896,6700000,2245,1806,2564,2163,1836
LR999456.1,6700000,0.896884,0.63363,6800000,3021,2679,3303,3329,2635
LR999456.1,6800000,0.940839,0.6402,6900000,2416,1991,2789,2532,2031
LR999456.1,6900000,0.949173,0.6354,7000000,2876,2495,2875,3060,2393
LR999456.1,7000000,0.950002,0.6276,7100000,2511,2046,2959,2523,1997
LR999456.1,7100000,0.997976,0.64184,7200000,2692,2309,3105,2800,2311
LR999456.1,7200000,0.974452,0.65458,7300000,2541,2025,2922,2657,2104
LR999456.1,7300000,0.995573,0.62082,7400000,2899,2401,2935,2873,2544
LR999456.1,7400000,0.937444,0.63899,7500000,2840,2396,3170,3095,2353
LR999456.1,7500000,0.994411,0.62302,7600000,2648,2357,2942,2926,2456
LR999456.1,7600000,0.986635,0.63898,7700000,2604,2133,2855,2531,2098
LR999456.1,7700000,0.978081,0.62725,7800000,3187,2676,3321,3315,2604
LR999456.1,7800000,0.993516,0.64182,7900000,2019,2011,2451,2299,1779
LR999456.1,7900000,0.985639,0.63772,8000000,2851,2488,3243,3089,2526
LR999456.1,8000000,0.974957,0.64844,8100000,3040,2271,3297,2863,2251
LR999456.1,8100000,0.995791,0.64001,8200000,2820,2111,2992,2679,2114
LR999456.1,8200000,0.954168,0.63985,8300000,2898,2305,2973,3009,2188
LR999456.1,8300000,0.99991,0.64042,8400000,2839,2399,3291,3095,2405
LR999456.1,8400000,0.960569,0.65893,8500000,2784,2283,2968,2835,2280
LR999456.1,8500000,0.981339,0.63327,8600000,3098,2450,3231,2996,2525
LR999456.1,8600000,0.985051,0.66366,8700000,2620,2042,2521,2557,2181
LR999456.1,8700000,0.950921,0.66258,8800000,2279,1659,2403,2374,1850
LR999456.1,8800000,0.984525,0.62967,8900000,2864,2395,3151,2786,2363
LR999456.1,8900000,0.980939,0.64165,9000000,2790,2314,3094,2935,2354
LR999456.1,9000000,0.987975,0.64391,9100000,2758,2261,3181,2898,2277
LR999456.1,9100000,0.99165,0.65216,9200000,2875,2047,2843,2641,2094
LR999456.1,9200000,0.992581,0.65585,9300000,2910,2132,2809,2830,1998
LR999456.1,9300000,0.94721,0.64391,9400000,2723,2142,2670,2762,2214
LR999456.1,9400000,0.974476,0.64544,9500000,3137,2615,3351,3291,2547
LR999456.1,9500000,0.851141,0.67281,9600000,2529,1876,2714,2458,2026
LR999456.1,9600000,0.690936,0.51048,9700000,2169,1811,2433,2339,1868
LR999456.1,9700000,0.527905,0.38431,9800000,1203,839,1106,1147,833
LR999456.1,9800000,0.979348,0.66571,9900000,3021,2335,3003,3123,2445
LR999456.1,9900000,0.974675,0.64139,10000000,2593,1989,2821,2482,2013
LR999456.1,10000000,0.970566,0.68063,10100000,2547,1835,2722,2405,1968
LR999456.1,10100000,0.99559,0.66037,10200000,2555,1946,2857,2675,2066
LR999456.1,10200000,0.983414,0.64618,10300000,2606,2170,3046,2625,2243
LR999456.1,10300000,0.317592,0.3792,10400000,646,479,636,570,449
LR999456.1,10400000,0.989393,0.66541,10500000,2841,2040,3008,2913,2138
LR999456.1,10500000,0.975079,0.67241,10600000,3096,2279,2860,2935,2310
LR999456.1,10600000,0.982273,0.65664,10700000,2863,2142,2825,2975,2234
LR999456.1,10700000,0.997785,0.65083,10800000,3446,2366,3257,2985,2451
LR999456.1,10800000,0.956513,0.67506,10900000,2575,1875,2676,2777,1999
LR999456.1,10900000,0.994879,0.66617,11000000,2836,2035,2974,3175,2314
LR999456.1,11000000,0.58467,0.51198,11100000,1826,1376,1810,1936,1340
LR999456.1,11100000,0.945847,0.66723,11200000,2822,2076,2835,2925,2132
LR999456.1,11200000,0.958492,0.65479,11300000,2841,2261,2969,2728,2160
LR999456.1,11300000,0.368341,0.26537,11400000,668,522,684,650,507
LR999456.1,11400000,0.940779,0.64118,11500000,2666,2119,2969,2886,2146
LR999456.1,11500000,0.954502,0.66039,11600000,2058,1579,2123,1973,1474
LR999456.1,11600000,0.985657,0.66902,11700000,1969,1318,1971,1925,1459
LR999456.1,11700000,0.977821,0.65469,11800000,2873,2166,2935,2940,2229
LR999456.1,11800000,0.707576,0.51074,11900000,11725,7687,9792,8884,7615
LR999456.1,11900000,0.939935,0.67146,12000000,1801,1390,1865,1969,1478
LR999456.1,12000000,0.540363,0.39663,12100000,1507,1175,1509,1426,1210
LR999456.1,12100000,0.985815,0.64613,12200000,2671,2003,2758,2655,2046
LR999456.1,12200000,0.992805,0.65439,12300000,2968,2372,3246,3038,2546
LR999456.1,12300000,0.974877,0.67496,12400000,2280,1766,2409,2389,1760
LR999456.1,12400000,0.907137,0.6084,12500000,3036,2625,3081,3146,2383
LR999456.1,12500000,0.638191,0.47093,12600000,8688,7872,9023,8916,7311
LR999456.1,12600000,0.785477,0.49617,12700000,4113,3387,4092,4162,3460
LR999456.1,12700000,0.941498,0.6369,12800000,2958,2556,3061,3270,2407
LR999456.1,12800000,0.707432,0.59781,12900000,8762,7862,8814,10493,8255
LR999456.1,12900000,0.956832,0.62057,13000000,5554,4072,5240,5647,3956
LR999456.1,13000000,0.489608,0.37801,13100000,10685,9039,9712,12140,7882
LR999456.1,13100000,0.309661,0.23581,13200000,7332,6326,7056,7459,5816
LR999456.1,13200000,0.668442,0.47112,13300000,13382,8639,9753,9660,7677
LR999456.1,13300000,0.986634,0.66064,13400000,2441,2034,2613,2495,2013
LR999456.1,13400000,0.975871,0.62175,13500000,6281,5031,5322,5746,4417
LR999456.1,13500000,0.978687,0.64053,13600000,3256,2572,3296,3184,2491
LR999456.1,13600000,0.970234,0.64645,13700000,4427,3378,4089,4359,3336
LR999456.1,13700000,0.977729,0.67211,13800000,2820,2141,2832,2930,2135
LR999456.1,13800000,0.967826,0.64577,13900000,3238,2345,2777,3294,2353
LR999456.1,13900000,0.98172,0.64619,14000000,2835,2364,3252,2930,2420
LR999456.1,14000000,0.914037,0.6652,14100000,2356,1779,2376,2433,1863
LR999456.1,14100000,0.84284,0.6502,14200000,2549,2039,2652,2644,2160
LR999456.1,14200000,0.877052,0.65398,14300000,3040,2402,3156,3215,2391
LR999456.1,14300000,0.951682,0.67094,14400000,3836,2757,3769,2739,2885
LR999456.1,14400000,0.927485,0.65778,14500000,3258,2574,3148,3212,2543
LR999456.1,14500000,0.981333,0.65913,14600000,2907,2161,2717,2927,2164
LR999456.1,14600000,0.948761,0.63044,14700000,2773,2409,2889,2894,2424
LR999456.1,14700000,0.963971,0.65342,14800000,2968,2393,3086,3119,2436
LR999456.1,14800000,0.934441,0.65424,14900000,2428,1821,2334,2532,1872
LR999456.1,14900000,0.9825,0.6558,15000000,3442,2500,3395,3229,2561
LR999456.1,15000000,0.980398,0.66463,15100000,3590,2748,3361,3588,2714
LR999456.1,15100000,0.973223,0.65644,15200000,2746,2078,2870,2724,2068
LR999456.1,15200000,0.952501,0.65683,15300000,2577,2220,2764,2791,2212
LR999456.1,15300000,0.98472,0.66034,15400000,3043,2355,3057,3267,2441
LR999456.1,15400000,0.993314,0.68067,15500000,2761,1952,2693,2575,2029
LR999456.1,15500000,0.985177,0.67073,15600000,2477,1992,2655,2587,2062
LR999456.1,15600000,0.986884,0.65462,15700000,2961,2319,3011,2935,2376
LR999456.1,15700000,0.958861,0.66581,15800000,2363,2029,2548,2598,1934
LR999456.1,15800000,0.969447,0.66818,15900000,2609,1972,2598,2491,1925
LR999456.1,15900000,0.977212,0.67287,16000000,2016,1337,2138,2138,1538
LR999456.1,16000000,0.955571,0.66902,16100000,2652,2172,3106,2692,2168
LR999456.1,16100000,0.93594,0.63598,16200000,3381,2482,3402,3388,2601
LR999456.1,16200000,0.967527,0.64832,16300000,2494,2028,2516,2612,1973
LR999456.1,16300000,0.954387,0.65421,16400000,3632,3067,3363,3277,2987
LR999456.1,16400000,0.997618,0.66488,16500000,2999,2216,3082,2939,2385
LR999456.1,16500000,0.987423,0.65077,16600000,2290,1910,2546,2337,1860
LR999456.1,16600000,0.966096,0.65983,16700000,2773,2217,3276,2854,2285
LR999456.1,16700000,0.988122,0.68028,16800000,2730,1961,2817,2703,2060
LR999456.1,16800000,0.924345,0.64966,16900000,2163,1722,2345,2163,1689
LR999456.1,16900000,0.691196,0.5137,17000000,1877,1487,2114,2081,1569
LR999456.1,17000000,0.991678,0.66311,17100000,2712,2035,3024,2663,2213
LR999456.1,17100000,0.922508,0.65768,17200000,3696,2352,3113,2835,2149
LR999456.1,17200000,0.997115,0.64539,17300000,3110,2252,3127,2953,2393
LR999456.1,17300000,0.987066,0.65168,17400000,3397,2130,3063,2830,2288
LR999456.1,17400000,0.941155,0.63027,17500000,2782,1757,2500,2556,2007
LR999456.1,17500000,0.928371,0.63231,17600000,3171,2392,2510,2569,1972
LR999456.1,17600000,0.993953,0.63208,17700000,2864,2364,2997,2992,2365
LR999456.1,17700000,0.948058,0.64726,17800000,2875,2403,3884,3889,2766
LR999456.1,17800000,0.99486,0.63101,17900000,2715,2389,3148,2700,2196
LR999456.1,17900000,0.983581,0.64586,18000000,2733,2184,2973,2682,2160
LR999456.1,18000000,0.984806,0.62353,18100000,2927,2375,3305,2880,2491
LR999456.1,18100000,0.998057,0.63399,18200000,2460,2210,3223,2683,2223
LR999456.1,18200000,0.943401,0.64229,18300000,3423,2634,3441,3383,2665
LR999456.1,18300000,0.99701,0.64405,18400000,2809,2158,3173,2888,2378
LR999456.1,18400000,0.95823,0.6232,18500000,3020,2455,3348,3157,2500
LR999456.1,18500000,0.988226,0.65242,18600000,2438,1916,2724,2670,2208
LR999456.1,18600000,0.968483,0.66677,18700000,2454,1899,2661,2572,2020
LR999456.1,18700000,0.953137,0.64496,18800000,3406,2539,3116,3035,2382
LR999456.1,18800000,0.970507,0.63245,18900000,2720,2090,3225,2583,2215
LR999456.1,18900000,0.996324,0.63299,19000000,2835,2295,3101,2900,2235
LR999456.1,19000000,0.958148,0.62237,19100000,3326,2728,3708,3269,2647
LR999456.1,19100000,0.994507,0.62701,19200000,3217,2692,3571,3444,2678
LR999456.1,19200000,0.984987,0.62192,19300000,3316,2728,3568,3411,2766
LR999457.1,0,0.999945,0.59081,100000,3980,3500,3981,4164,3329
LR999457.1,100000,0.994383,0.59803,200000,3331,2733,3537,2969,2640
LR999457.1,200000,0.997948,0.6212,300000,3288,2757,3717,3378,2720
LR999457.1,300000,0.965579,0.63714,400000,2798,2214,3144,2768,2337
LR999457.1,400000,0.988094,0.64639,500000,2716,2283,3326,2862,2322
LR999457.1,500000,0.996508,0.62337,600000,2827,2440,3306,3136,2415
LR999457.1,600000,0.996834,0.65886,700000,2687,2017,2629,2628,2038
LR999457.1,700000,0.991617,0.63943,800000,2804,2142,3134,2831,2200
LR999457.1,800000,0.986275,0.64764,900000,2918,2440,3131,3162,2449
LR999457.1,900000,0.993722,0.67617,1000000,2626,1811,2784,2470,2123
LR999457.1,1000000,0.963062,0.64968,1100000,2262,1970,2672,2603,1871
LR999457.1,1100000,0.99811,0.64621,1200000,2865,2245,3141,2824,2280
LR999457.1,1200000,0.985757,0.65987,1300000,2532,1904,2696,2368,1905
LR999457.1,1300000,0.999209,0.64956,1400000,2389,1855,2666,2579,1861
LR999457.1,1400000,0.968988,0.64344,1500000,2610,1940,2774,2430,1966
LR999457.1,1500000,0.997308,0.64561,1600000,2789,2391,3179,2687,2426
LR999457.1,1600000,0.99992,0.64422,1700000,3125,2413,3263,3106,2534
LR999457.1,1700000,0.97825,0.61728,1800000,2731,2245,3100,2962,2258
LR999457.1,1800000,0.988367,0.62484,1900000,2971,2484,3366,3055,2461
LR999457.1,1900000,0.937193,0.63468,2000000,2531,2252,2849,2992,2075
LR999457.1,2000000,0.999312,0.63824,2100000,2788,2303,3126,2640,2283
LR999457.1,2100000,0.997779,0.64417,2200000,2678,2083,2944,2835,2264
LR999457.1,2200000,0.994539,0.63906,2300000,2543,2146,3091,2904,2197
LR999457.1,2300000,0.977005,0.64029,2400000,2695,2128,2789,2799,2298
LR999457.1,2400000,0.99882,0.62229,2500000,2846,2534,3088,3788,2425
LR999457.1,2500000,0.998845,0.62994,2600000,2855,2354,3384,4315,2384
LR999457.1,2600000,0.997861,0.65008,2700000,2633,2157,2936,3887,2173
LR999457.1,2700000,0.989048,0.62495,2800000,3316,2464,3383,4160,2515
LR999457.1,2800000,0.993094,0.62652,2900000,3410,2681,3714,5019,2825
LR999457.1,2900000,0.993983,0.64083,3000000,2957,2565,3246,4287,2316
LR999457.1,3000000,0.998895,0.64535,3100000,2758,2354,3092,4253,2270
LR999457.1,3100000,0.983947,0.63277,3200000,3261,2580,3382,4538,2646
LR999457.1,3200000,0.998379,0.6368,3300000,2854,2376,3211,4097,2478
LR999457.1,3300000,1,0.63676,3400000,3006,2545,3344,4433,2373
LR999457.1,3400000,0.981763,0.63866,3500000,2755,2365,3106,4138,2451
LR999457.1,3500000,0.991343,0.64178,3600000,2852,2184,3182,4043,2379
LR999457.1,3600000,0.988713,0.63597,3700000,2888,2404,3522,4218,2539
LR999457.1,3700000,0.992632,0.62973,3800000,3187,2610,3611,4701,2591
LR999457.1,3800000,0.981802,0.61051,3900000,3080,2645,3418,4558,2576
LR999457.1,3900000,0.984786,0.63251,4000000,2908,2326,3027,4046,2334
LR999457.1,4000000,0.998137,0.63161,4100000,2756,2370,3031,4337,2343
LR999457.1,4100000,0.996247,0.65561,4200000,2758,2059,2899,3870,2098
LR999457.1,4200000,0.994484,0.66496,4300000,3061,2299,3373,4115,2701
LR999457.1,4300000,0.995303,0.64846,4400000,2748,2160,2920,3954,2336
LR999457.1,4400000,0.994873,0.63784,4500000,2934,2376,3012,3952,2285
LR999457.1,4500000,0.974277,0.6379,4600000,2498,1930,2518,3630,1979
LR999457.1,4600000,0.983276,0.62656,4700000,2487,2134,3034,3980,2347
LR999457.1,4700000,0.996912,0.66591,4800000,2813,1972,2994,4068,2205
LR999457.1,4800000,0.983508,0.64593,4900000,3274,2495,3245,4442,2538
LR999457.1,4900000,0.9934,0.63781,5000000,2817,2435,3246,4319,2353
LR999457.1,5000000,0.961928,0.64504,5100000,2579,2080,2763,3838,2147
LR999457.1,5100000,0.983477,0.62405,5200000,2782,2422,3185,4055,2448
LR999457.1,5200000,0.846879,0.60778,5300000,2139,1742,2060,2786,1632
LR999457.1,5300000,0.787005,0.51988,5400000,1803,1436,1938,2530,1476
LR999457.1,5400000,1,0.62729,5500000,2956,2392,3212,4147,2357
LR999457.1,5500000,0.997345,0.62677,5600000,2851,2420,3036,4042,2412
LR999457.1,5600000,0.962318,0.63044,5700000,2975,2632,3409,4439,2536
LR999457.1,5700000,0.993569,0.62603,5800000,2902,2487,3560,4506,2589
LR999457.1,5800000,0.993289,0.61669,5900000,2898,2503,3201,4343,2320
LR999457.1,5900000,0.984154,0.6254,6000000,2933,2586,3389,4675,2335
LR999457.1,6000000,0.989697,0.64937,6100000,2978,2401,3203,4474,2480
LR999457.1,6100000,0.989247,0.6378,6200000,2853,2572,3134,4252,2203
LR999457.1,6200000,0.997865,0.62994,6300000,2919,2065,2589,3909,2201
LR999457.1,6300000,0.989215,0.63193,6400000,2799,2242,2932,4117,2235
LR999457.1,6400000,0.995605,0.63316,6500000,3235,2598,3495,4616,2514
LR999457.1,6500000,0.997257,0.6286,6600000,3037,2606,3232,4643,2461
LR999457.1,6600000,0.99515,0.6272,6700000,3162,2568,3165,4973,2550
LR999457.1,6700000,0.978053,0.62802,6800000,3254,2700,3552,4785,2559
LR999457.1,6800000,0.990376,0.62556,6900000,2926,2337,2966,4166,2411
LR999457.1,6900000,0.983063,0.65665,7000000,2620,2149,2861,3771,2102
LR999457.1,7000000,0.990572,0.65808,7100000,2529,1947,2740,3617,2040
LR999457.1,7100000,0.977566,0.64457,7200000,2713,2145,2771,3973,2272
LR999457.1,7200000,0.990495,0.63769,7300000,2735,2329,2920,4199,2384
LR999457.1,7300000,0.993902,0.64911,7400000,3107,2763,3618,4746,2629
LR999457.1,7400000,0.983367,0.63951,7500000,2929,2406,3041,4245,2407
LR999457.1,7500000,0.999122,0.65551,7600000,2598,2007,2682,3814,2001
LR999457.1,7600000,0.967441,0.65329,7700000,2653,2116,2802,3688,2137
LR999457.1,7700000,0.942697,0.646,7800000,2816,2474,3099,4157,2439
LR999457.1,7800000,0.278483,0.51097,7900000,329,259,582,880,279
LR999457.1,7900000,0.829559,0.6453,8000000,2778,2451,2781,3651,2235
LR999457.1,8000000,0.984814,0.646,8100000,2656,1976,2888,3993,2259
LR999457.1,8100000,0.990307,0.64856,8200000,2729,2125,2793,3852,2323
LR999457.1,8200000,0.997474,0.64214,8300000,2943,2458,3080,4513,2431
LR999457.1,8300000,0.995398,0.62836,8400000,2617,2429,3149,4059,2328
LR999457.1,8400000,0.984597,0.65956,8500000,2101,1739,2317,3098,1703
LR999457.1,8500000,0.923072,0.64812,8600000,2314,1882,2512,3196,1931
LR999457.1,8600000,0.998256,0.63368,8700000,2660,2272,3460,4223,2224
LR999457.1,8700000,0.992296,0.65012,8800000,2872,2359,3860,4610,2304
LR999457.1,8800000,0.986795,0.63958,8900000,2651,2174,3428,4350,2175
LR999457.1,8900000,0.906745,0.63716,9000000,2118,1679,2997,3670,1732
LR999457.1,9000000,0.993143,0.65277,9100000,2952,2158,3074,4285,2375
LR999457.1,9100000,0.99782,0.64332,9200000,2594,2130,2898,3714,2070
LR999457.1,9200000,0.978137,0.64618,9300000,2690,2268,3016,4144,2305
LR999457.1,9300000,0.988867,0.63133,9400000,2863,2246,3015,3752,2205
LR999457.1,9400000,0.986607,0.66031,9500000,2332,1889,2547,3205,1904
LR999457.1,9500000,0.983641,0.64833,9600000,2636,2107,2679,3716,2178
LR999457.1,9600000,0.997471,0.65323,9700000,2615,2171,3129,3950,2143
LR999457.1,9700000,0.995743,0.65199,9800000,3090,2392,3339,3972,2511
LR999457.1,9800000,0.917663,0.65114,9900000,1860,1587,1995,2365,1441
LR999457.1,9900000,0.964638,0.64073,10000000,2087,1590,2128,2632,1546
LR999457.1,10000000,0.927572,0.65077,10100000,2383,2032,2630,3441,1909
LR999457.1,10100000,0.988881,0.66959,10200000,2744,2006,3059,4074,2156
LR999457.1,10200000,0.994728,0.6504,10300000,2702,1999,2826,3729,1997
LR999457.1,10300000,0.988699,0.62256,10400000,3065,2466,3174,4690,2451
LR999457.1,10400000,0.478853,0.3684,10500000,8125,6183,7186,6374,5911
LR999457.1,10500000,0.977939,0.64322,10600000,2460,1920,3211,4022,2026
LR999457.1,10600000,0.953392,0.64891,10700000,2651,2069,3478,4012,2159
LR999457.1,10700000,0.996029,0.64805,10800000,3147,2307,2987,4395,2408
LR999457.1,10800000,0.988391,0.63905,10900000,3458,3148,3504,4842,2925
LR999457.1,10900000,0.978683,0.62472,11000000,2850,2482,3055,4348,2413
LR999457.1,11000000,0.949902,0.6493,11100000,2832,2158,3134,4142,2248
LR999457.1,11100000,0.991114,0.66118,11200000,3195,2583,3314,4795,2692
LR999457.1,11200000,0.993397,0.66678,11300000,2661,2076,3118,4008,2025
LR999457.1,11300000,0.989712,0.66767,11400000,2671,1898,2778,3683,2122
LR999457.1,11400000,0.990695,0.64392,11500000,2563,2044,3352,4073,2053
LR999457.1,11500000,0.996974,0.64592,11600000,2904,2149,2975,3899,2215
LR999457.1,11600000,0.876814,0.65007,11700000,2703,2122,2816,3963,2219
LR999457.1,11700000,0.981082,0.63242,11800000,2807,2371,3012,4184,2247
LR999457.1,11800000,0.984184,0.6525,11900000,3123,2353,3028,4075,2365
LR999457.1,11900000,0.991307,0.62494,12000000,2669,2186,3267,4085,2178
LR999457.1,12000000,0.984814,0.66185,12100000,2691,2178,2848,4003,2367
LR999457.1,12100000,0.975924,0.64751,12200000,2052,1568,2342,2851,1629
LR999457.1,12200000,0.989473,0.67338,12300000,2503,1750,2692,3385,1873
LR999457.1,12300000,0.972414,0.65269,12400000,2058,1696,2429,3041,1769
LR999457.1,12400000,0.996957,0.63322,12500000,2991,2523,3175,4430,2521
LR999457.1,12500000,0.901498,0.63387,12600000,3492,2662,3459,4235,2758
LR999457.1,12600000,0.97184,0.63379,12700000,2934,2314,2928,4141,2362
LR999457.1,12700000,0.976189,0.64846,12800000,2746,2120,2974,3923,2301
LR999457.1,12800000,0.994555,0.67394,12900000,2806,2283,3023,4153,2342
LR999457.1,12900000,0.979069,0.66294,13000000,3619,2915,3703,5869,2914
LR999457.1,13000000,0.950364,0.65935,13100000,2955,2169,2846,3909,2324
LR999457.1,13100000,0.975705,0.67227,13200000,3202,2145,3130,4563,2259
LR999457.1,13200000,0.943394,0.66361,13300000,2243,1693,2193,2921,1840
LR999457.1,13300000,0.947047,0.64884,13400000,2213,1807,2481,3258,1801
LR999457.1,13400000,0.303171,0.26448,13500000,44977,39409,50233,49943,37709
LR999457.1,13500000,0.534975,0.3572,13600000,5644,4470,6032,5932,4697
LR999457.1,13600000,0.980715,0.62436,13700000,3738,3129,4051,5290,3165
LR999457.1,13700000,0.951159,0.62246,13800000,3877,3452,4617,5637,3330
LR999457.1,13800000,0.770304,0.48818,13900000,10220,7635,8904,9743,7278
LR999457.1,13900000,0.708925,0.5023,14000000,44765,27840,30590,34731,26853
LR999457.1,14000000,0.998514,0.65271,14100000,3020,2437,3164,4290,2466
LR999457.1,14100000,0.957523,0.64623,14200000,1762,1319,1719,2124,1270
LR999457.1,14200000,0.895381,0.67013,14300000,2404,1704,2457,3139,1806
LR999457.1,14300000,0.949152,0.65145,14400000,2699,2336,2987,3890,2402
LR999457.1,14400000,0.962742,0.65638,14500000,1967,1448,1843,2490,1485
LR999457.1,14500000,0.956643,0.66661,14600000,2203,1697,2124,2740,1508
LR999457.1,14600000,0.9869,0.64926,14700000,2556,2121,2569,3633,2046
LR999457.1,14700000,0.946123,0.66987,14800000,4290,3714,4935,6202,4307
LR999457.1,14800000,0.969647,0.66722,14900000,2916,2196,3131,4467,2263
LR999457.1,14900000,0.531116,0.40222,15000000,1110,755,1074,1323,816
LR999457.1,15000000,0.980709,0.64551,15100000,2645,2176,2964,4021,2197
LR999457.1,15100000,0.760748,0.65959,15200000,3908,2175,2527,3013,2020
LR999457.1,15200000,0.692858,0.49064,15300000,2141,1670,2287,2639,1756
LR999457.1,15300000,0.954496,0.66576,15400000,2650,2173,2566,3695,1954
LR999457.1,15400000,0.963686,0.64418,15500000,2509,1904,2484,3535,1879
LR999457.1,15500000,0.692678,0.52359,15600000,1194,928,1142,1586,990
LR999457.1,15600000,0.98298,0.65187,15700000,2817,2150,2755,4042,2104
LR999457.1,15700000,0.873029,0.67914,15800000,2467,1848,2450,3613,1870
LR999457.1,15800000,0.989731,0.67392,15900000,2643,2119,3013,3788,2178
LR999457.1,15900000,0.978713,0.64594,16000000,2814,2466,3048,4077,2244
LR999457.1,16000000,0.96665,0.68086,16100000,2309,1910,2421,3428,1868
LR999457.1,16100000,0.984811,0.66898,16200000,2914,2126,3022,3958,2364
LR999457.1,16200000,0.580622,0.53707,16300000,11078,5694,12374,9906,8123
LR999457.1,16300000,0.768103,0.50483,16400000,3855,2970,4461,5473,3282
LR999457.1,16400000,0.985497,0.63174,16500000,2808,2291,3153,4101,2242
LR999457.1,16500000,0.971425,0.64031,16600000,2074,1726,2371,2918,1748
LR999457.1,16600000,0.964265,0.62916,16700000,2641,2345,2803,3964,2256
LR999457.1,16700000,0.997921,0.65585,16800000,7501,7192,10139,10842,8705
LR999457.1,16800000,0.985775,0.64742,16900000,2624,2030,2725,3538,2058
LR999457.1,16900000,0.980452,0.64232,17000000,2987,2510,3158,4293,2399
LR999457.1,17000000,0.957599,0.6334,17100000,2763,2285,3068,4144,2303
LR999457.1,17100000,0.98444,0.66059,17200000,2804,2146,3044,3744,2270
LR999457.1,17200000,0.995177,0.64799,17300000,2633,2114,2703,3588,2140
LR999457.1,17300000,0.936471,0.6723,17400000,2645,1662,2656,3363,1922
LR999457.1,17400000,0.9956,0.66229,17500000,3049,2357,3054,4268,2303
LR999457.1,17500000,0.942088,0.66363,17600000,2780,2104,3104,4271,2307
LR999457.1,17600000,0.994394,0.65309,17700000,2424,2004,2530,3307,1975
LR999457.1,17700000,0.866427,0.6399,17800000,2151,1667,2252,2978,1734
LR999457.1,17800000,0.980741,0.65266,17900000,2058,1590,2217,3038,1698
LR999457.1,17900000,0.992749,0.66592,18000000,3097,2300,3130,4438,2472
LR999457.1,18000000,0.951348,0.64552,18100000,2510,1935,2683,3521,1956
LR999457.1,18100000,0.986415,0.64657,18200000,2198,1708,2535,3055,1787
LR999457.1,18200000,0.970712,0.65156,18300000,2615,2054,2797,3623,2087
LR999457.1,18300000,0.989302,0.63578,18400000,2782,2367,3091,3924,2274
LR999457.1,18400000,0.969164,0.66479,18500000,2475,2028,2701,3534,1968
LR999457.1,18500000,0.966166,0.66636,18600000,2270,1760,2540,3210,1857
LR999457.1,18600000,0.970735,0.65961,18700000,3256,2300,3202,4298,2565
LR999457.1,18700000,0.950536,0.68075,18800000,2407,1836,2777,3737,2023
LR999457.1,18800000,0.678977,0.5231,18900000,8150,18835,19610,22104,17964
LR999457.1,18900000,0.555244,0.43205,19000000,787,1854,2293,2313,1774
LR999457.1,19000000,0.55291,0.48608,19100000,2986,2285,2982,4564,2365
LR999458.1,0,0.9926,0.61006,100000,3279,2844,3727,3821,1620
LR999458.1,100000,0.98776,0.62316,200000,2961,2699,3327,3097,1403
LR999458.1,200000,0.952241,0.65147,300000,2306,1887,2595,2356,1208
LR999458.1,300000,0.985782,0.652,400000,2950,2320,3178,2934,1316
LR999458.1,400000,0.991424,0.66265,500000,2345,1797,2552,2247,1221
LR999458.1,500000,0.999167,0.66064,600000,2469,1985,2930,2445,1193
LR999458.1,600000,0.961912,0.63937,700000,1987,1678,2237,2072,916
LR999458.1,700000,0.983414,0.65369,800000,3173,2513,3450,3171,1799
LR999458.1,800000,0.995575,0.65536,900000,2797,2088,2867,2758,1405
LR999458.1,900000,0.991223,0.68048,1000000,2293,1531,2500,2193,991
LR999458.1,1000000,0.955118,0.66187,1100000,2960,2086,3098,3063,1502
LR999458.1,1100000,0.962779,0.64531,1200000,2519,2079,2611,2698,1281
LR999458.1,1200000,0.967257,0.65647,1300000,2063,1485,2139,2031,1151
LR999458.1,1300000,0.965676,0.64212,1400000,2917,2344,3114,2876,1616
LR999458.1,1400000,0.990213,0.6494,1500000,2990,2427,3326,3107,1523
LR999458.1,1500000,0.712064,0.64955,1600000,3612,2551,3322,3307,2492
LR999458.1,1600000,0.811691,0.63044,1700000,4690,3924,4632,5531,3551
LR999458.1,1700000,0.861845,0.57358,1800000,2605,2053,2580,2468,1094
LR999458.1,1800000,0.375901,0.3052,1900000,3095,2544,3619,3738,3120
LR999458.1,1900000,0.842698,0.58423,2000000,2334,1663,2293,2273,1184
LR999458.1,2000000,0.977541,0.64648,2100000,4057,3366,4434,4272,1396
LR999458.1,2100000,0.972936,0.64723,2200000,2940,2350,3325,3065,1466
LR999458.1,2200000,0.985505,0.66643,2300000,2748,2207,3173,2875,1348
LR999458.1,2300000,0.932271,0.69357,2400000,2467,1770,2656,2726,1399
LR999458.1,2400000,0.871401,0.67605,2500000,2557,1881,2903,2667,1340
LR999458.1,2500000,0.996952,0.6574,2600000,2935,2404,3199,3072,1291
LR999458.1,2600000,0.988855,0.65562,2700000,2475,1881,2504,2462,1089
LR999458.1,2700000,0.996355,0.65114,2800000,2593,2035,2797,2552,1447
LR999458.1,2800000,0.99246,0.6658,2900000,2519,1943,2774,2408,1112
LR999458.1,2900000,0.921189,0.64247,3000000,2259,1922,2348,2366,1431
LR999458.1,3000000,0.993388,0.67246,3100000,2601,1930,2709,2610,1160
LR999458.1,3100000,0.970917,0.66586,3200000,2827,2163,3134,2963,1480
LR999458.1,3200000,0.972323,0.66614,3300000,3348,2526,3557,3492,1573
LR999458.1,3300000,0.960505,0.6631,3400000,2948,2418,3035,3105,1333
LR999458.1,3400000,0.993285,0.66727,3500000,2566,1886,2575,2494,1371
LR999458.1,3500000,0.978667,0.66866,3600000,2057,1593,2412,2345,1402
LR999458.1,3600000,0.492297,0.43678,3700000,1168,854,1198,1171,405
LR999458.1,3700000,0.754819,0.62071,3800000,6721,6327,6495,8878,6703
LR999458.1,3800000,0.967432,0.66094,3900000,2381,1833,2564,2540,1142
LR999458.1,3900000,0.983549,0.65508,4000000,2955,2303,2816,3019,1729
LR999458.1,4000000,0.990193,0.67122,4100000,2934,2237,3058,3221,1481
LR999458.1,4100000,0.991503,0.65824,4200000,2768,2111,2938,2956,1396
LR999458.1,4200000,0.880563,0.66136,4300000,3359,2351,3328,3188,1931
LR999458.1,4300000,0.992295,0.65495,4400000,2522,1836,2893,2698,1304
LR999458.1,4400000,0.985236,0.64261,4500000,3293,2745,3442,3578,2017
LR999458.1,4500000,0.970224,0.66327,4600000,2168,1721,2298,2516,1338
LR999458.1,4600000,0.986514,0.65295,4700000,2373,1709,2487,2314,1288
LR999458.1,4700000,0.766057,0.68202,4800000,1412,1058,1476,1551,920
LR999458.1,4800000,0.944134,0.63139,4900000,3827,3078,3543,3687,2120
LR999458.1,4900000,0.905803,0.61004,5000000,3253,2193,2637,2928,1697
LR999458.1,5000000,0.948821,0.6339,5100000,2046,1654,2213,2148,1340
LR999458.1,5100000,0.426291,0.29842,5200000,6146,4400,5831,6232,3728
LR999458.1,5200000,0.632597,0.43951,5300000,4038,3219,3726,3717,1759
LR999458.1,5300000,0.964073,0.64785,5400000,3732,3113,3845,3889,1529
LR999458.1,5400000,0.923007,0.60917,5500000,2029,1743,2230,2198,1405
LR999458.1,5500000,0.949979,0.63621,5600000,2758,2098,2699,2803,1773
LR999458.1,5600000,0.694978,0.52468,5700000,1444,1234,1667,1711,731
LR999458.1,5700000,0.265549,0.19243,5800000,1493,1298,1521,1618,1103
LR999458.1,5800000,0.911936,0.6404,5900000,2018,1674,2224,2005,1106
LR999458.1,5900000,0.946431,0.65198,6000000,2969,2352,3038,3232,1638
LR999458.1,6000000,0.958169,0.66517,6100000,2430,1893,2509,2521,1274
LR999458.1,6100000,0.944957,0.65042,6200000,2296,1949,2455,2454,1638
LR999458.1,6200000,0.922683,0.63202,6300000,2491,2013,2752,2525,1310
LR999458.1,6300000,0.878591,0.67196,6400000,2617,1963,2668,2755,1432
LR999458.1,6400000,0.996287,0.66447,6500000,3391,2710,3571,3493,1542
LR999458.1,6500000,0.975208,0.65462,6600000,1787,1443,2037,1873,1062
LR999458.1,6600000,0.979167,0.65225,6700000,2345,1991,2745,2568,1074
LR999458.1,6700000,0.991944,0.63833,6800000,6301,2619,3269,3225,1686
LR999458.1,6800000,0.329566,0.25019,6900000,5072,4081,5543,5086,2621
LR999458.1,6900000,0.895047,0.65785,7000000,2499,1819,2380,2379,1288
LR999458.1,7000000,0.990568,0.65266,7100000,2557,2081,2866,2795,1224
LR999458.1,7100000,0.983147,0.65767,7200000,2592,2030,2725,2709,1291
LR999458.1,7200000,0.987148,0.65949,7300000,2327,1748,2418,2330,1133
LR999458.1,7300000,0.918829,0.65502,7400000,2879,2032,3159,3040,1591
LR999458.1,7400000,0.982272,0.65048,7500000,2418,1969,2508,2493,1269
LR999458.1,7500000,0.982424,0.65367,7600000,2731,2237,2818,2865,1652
LR999458.1,7600000,0.968063,0.64304,7700000,7429,5429,6203,6613,4360
LR999458.1,7700000,0.985628,0.66039,7800000,3269,2542,3215,3156,1620
LR999458.1,7800000,0.987355,0.65622,7900000,2705,2041,2770,2697,1259
LR999458.1,7900000,0.977277,0.6592,8000000,2519,2015,2751,2610,1285
LR999458.1,8000000,0.95729,0.671,8100000,1994,1350,2078,1852,970
LR999458.1,8100000,0.992888,0.66024,8200000,2858,2088,2932,2623,1352
LR999458.1,8200000,0.961423,0.6556,8300000,2444,1989,2526,2426,1070
LR999458.1,8300000,0.970809,0.6356,8400000,3313,2607,3391,3370,1714
LR999458.1,8400000,0.99083,0.63378,8500000,2645,2290,2970,2741,1351
LR999458.1,8500000,0.912157,0.644,8600000,2937,2318,2875,2925,1495
LR999458.1,8600000,0.971466,0.65537,8700000,2623,1943,2850,2644,1312
LR999458.1,8700000,0.979342,0.65111,8800000,2658,2040,2860,2652,1189
LR999458.1,8800000,0.99779,0.66746,8900000,2780,2092,2698,2816,1244
LR999458.1,8900000,0.976373,0.63585,9000000,2799,2415,3184,2912,1542
LR999458.1,9000000,0.995474,0.65378,9100000,3010,2374,3114,2837,1439
LR999458.1,9100000,0.992335,0.66542,9200000,2681,2024,2782,2700,1298
LR999458.1,9200000,0.522545,0.39994,9300000,4913,3962,5556,4982,3417
LR999458.1,9300000,0.880646,0.61545,9400000,2186,1733,2272,1958,846
LR999458.1,9400000,0.965906,0.65851,9500000,2572,2057,2849,2575,1281
LR999458.1,9500000,0.889692,0.66557,9600000,2366,2031,2639,2502,1277
LR999458.1,9600000,0.99732,0.65099,9700000,2915,2318,3012,2935,1248
LR999458.1,9700000,0.991868,0.64861,9800000,2969,2359,3134,2990,1316
LR999458.1,9800000,0.892672,0.63561,9900000,3399,2320,3065,2954,1457
LR999458.1,9900000,0.926392,0.66063,10000000,2699,1802,2525,2388,1298
LR999458.1,10000000,0.984876,0.65353,10100000,2949,2027,2794,2713,1356
LR999458.1,10100000,0.98709,0.66184,10200000,2871,2085,2859,2604,1409
LR999458.1,10200000,0.976789,0.66213,10300000,2324,2255,3315,2929,1429
LR999458.1,10300000,0.977542,0.66946,10400000,3029,2509,3334,3312,1439
LR999458.1,10400000,0.998297,0.65051,10500000,2174,2083,2811,2459,1071
LR999458.1,10500000,0.984485,0.64261,10600000,2430,2089,2642,2415,1147
LR999458.1,10600000,0.987944,0.64021,10700000,3087,2382,3224,2870,1560
LR999458.1,10700000,0.992397,0.64279,10800000,2812,2330,3042,2818,1252
LR999458.1,10800000,0.982254,0.63626,10900000,2986,2341,3187,2902,1478
LR999458.1,10900000,0.996961,0.64241,11000000,2417,2011,2725,2602,1108
LR999458.1,11000000,0.998597,0.65113,11100000,2757,2165,2989,2650,1240
LR999458.1,11100000,0.962032,0.64034,11200000,2742,2309,3146,2753,1382
LR999458.1,11200000,0.986871,0.65247,11300000,3188,2767,3142,3249,1604
LR999458.1,11300000,0.978858,0.64182,11400000,2452,2208,2906,2447,1191
LR999458.1,11400000,0.943257,0.66384,11500000,2771,2067,2796,2813,1312
LR999458.1,11500000,0.996619,0.64351,11600000,2838,2325,3216,2889,1219
LR999458.1,11600000,0.9997,0.64421,11700000,2508,2028,3028,2554,957
LR999458.1,11700000,0.957413,0.66119,11800000,2873,2138,2658,2825,1353
LR999458.1,11800000,0.984712,0.65469,11900000,2578,2098,2729,2734,1326
LR999458.1,11900000,0.990737,0.64551,12000000,3091,2501,3248,3099,1394
LR999458.1,12000000,0.953334,0.59996,12100000,3291,2585,3623,3200,1724
LR999458.1,12100000,0.996091,0.61132,12200000,3092,2806,3464,3254,1508
LR999458.1,12200000,0.993303,0.62338,12300000,2827,2301,3247,2903,1273
LR999458.1,12300000,0.99841,0.62811,12400000,2973,2530,3061,2942,1217
LR999458.1,12400000,0.976051,0.63612,12500000,2706,2173,3116,2817,1183
LR999458.1,12500000,0.961699,0.65964,12600000,2563,1940,2760,2591,1247
LR999458.1,12600000,0.974925,0.63312,12700000,2889,2260,2770,2936,1227
LR999458.1,12700000,0.935547,0.63602,12800000,2541,1918,2816,2523,1188
LR999458.1,12800000,0.935475,0.63701,12900000,2853,2281,3337,2777,1439
LR999458.1,12900000,0.90396,0.6305,13000000,2711,2225,3162,2657,1124
LR999458.1,13000000,0.992805,0.64933,13100000,2843,2415,3145,2765,1406
LR999458.1,13100000,0.99345,0.65289,13200000,2950,2279,3021,2799,1352
LR999458.1,13200000,0.994789,0.64908,13300000,3045,2482,3400,3302,1381
LR999458.1,13300000,0.983825,0.63542,13400000,2859,2341,3318,2727,1310
LR999458.1,13400000,0.985623,0.6438,13500000,2723,2201,2972,2742,1353
LR999458.1,13500000,0.997919,0.62785,13600000,3004,2477,3577,3011,1302
LR999458.1,13600000,0.999128,0.63562,13700000,3386,2838,3554,3377,1469
LR999458.1,13700000,0.99902,0.65191,13800000,2659,2080,2831,2711,1239
LR999458.1,13800000,0.992874,0.64943,13900000,2905,2238,3131,2829,1362
LR999458.1,13900000,0.99589,0.65338,14000000,2792,2229,2957,2719,1212
LR999458.1,14000000,0.976692,0.63994,14100000,8218,8438,11069,10604,8763
LR999458.1,14100000,0.997535,0.6491,14200000,2948,2176,3362,2821,1342
LR999458.1,14200000,0.99988,0.63586,14300000,2659,2437,2970,2741,1192
LR999458.1,14300000,1,0.63317,14400000,2712,2226,2819,2650,1257
LR999458.1,14400000,0.984052,0.61985,14500000,3318,2642,3330,3161,1453
LR999458.1,14500000,0.99801,0.63366,14600000,2914,2355,3164,2990,1375
LR999458.1,14600000,0.73016,0.61392,14700000,1942,1659,1967,1990,895
LR999458.1,14700000,0.985378,0.63149,14800000,2944,2379,3350,2910,1383
LR999458.1,14800000,0.992959,0.64914,14900000,2645,2145,2942,2573,1252
LR999458.1,14900000,0.989502,0.65487,15000000,3716,2977,4208,3581,2175
LR999458.1,15000000,0.989133,0.65698,15100000,2925,2071,2870,2792,1324
LR999458.1,15100000,0.584213,0.40252,15200000,1493,1049,1577,1521,699
LR999458.1,15200000,0.44365,0.39712,15300000,948,852,1319,1171,722
LR999458.1,15300000,0.990662,0.64328,15400000,2930,2305,2983,2825,1396
LR999458.1,15400000,0.997095,0.63731,15500000,2612,2005,2821,2372,1123
LR999458.1,15500000,0.975689,0.6345,15600000,2609,2119,3142,2730,1286
LR999458.1,15600000,0.997131,0.63646,15700000,2875,2285,3277,3012,1266
LR999458.1,15700000,0.99941,0.63912,15800000,2620,2229,2926,2777,1168
LR999458.1,15800000,0.965509,0.63166,15900000,2713,2324,3113,2929,1400
LR999458.1,15900000,1,0.61369,16000000,2895,2428,3099,2951,1286
